sec,nanosec,frame_id,name,position.x,position.y,position.z
1773047406,596322843,world,cf231,-2.639709949493408,-1.877112627029419,0.9962755441665649
1773047406,596322843,world,cf231_leg,-2.632429599761963,-1.8835407495498657,0.9809725284576416
1773047406,601315113,world,cf231,-2.639941692352295,-1.8777142763137817,0.9963423013687134
1773047406,601315113,world,cf231_leg,-2.6324102878570557,-1.8839268684387207,0.9807864427566528
1773047406,605429546,world,cf231,-2.640106439590454,-1.8782047033309937,0.9963412284851074
1773047406,605429546,world,cf231_leg,-2.6325016021728516,-1.884246826171875,0.9807306528091431
1773047406,611141919,world,cf231,-2.6402342319488525,-1.878751277923584,0.9963322877883911
1773047406,611141919,world,cf231_leg,-2.632690668106079,-1.884657382965088,0.9806456565856934
1773047406,615614605,world,cf231,-2.6402909755706787,-1.8794001340866089,0.9961647987365723
1773047406,615614605,world,cf231_leg,-2.63269305229187,-1.8849310874938965,0.9806919097900391
1773047406,620595897,world,cf231,-2.640279769897461,-1.8800493478775024,0.9959316253662109
1773047406,620595897,world,cf231_leg,-2.6328115463256836,-1.8853155374526978,0.9805831909179688
1773047406,626395314,world,cf231,-2.640397548675537,-1.880638837814331,0.9960016012191772
1773047406,626395314,world,cf231_leg,-2.6328952312469482,-1.8857251405715942,0.9806010723114014
1773047406,631258064,world,cf231,-2.6404855251312256,-1.881240963935852,0.9960112571716309
1773047406,631258064,world,cf231_leg,-2.6328489780426025,-1.8861852884292603,0.9804922342300415
1773047406,635509007,world,cf231,-2.6406209468841553,-1.8817088603973389,0.9960700273513794
1773047406,635509007,world,cf231_leg,-2.633059024810791,-1.8864887952804565,0.9805145263671875
1773047406,640564300,world,cf231,-2.640669107437134,-1.882299780845642,0.9960957765579224
1773047406,640564300,world,cf231_leg,-2.6329305171966553,-1.886716365814209,0.9804030656814575
1773047406,645749860,world,cf231,-2.6407437324523926,-1.882999062538147,0.9960681200027466
1773047406,645749860,world,cf231_leg,-2.6328322887420654,-1.8871588706970215,0.9803985357284546
1773047406,651225305,world,cf231,-2.6406021118164062,-1.883506178855896,0.996070146560669
1773047406,651225305,world,cf231_leg,-2.633028745651245,-1.8875068426132202,0.980553150177002
1773047406,658428494,world,cf231,-2.64050555229187,-1.8840968608856201,0.9960432052612305
1773047406,658428494,world,cf231_leg,-2.6328465938568115,-1.8877607583999634,0.9802956581115723
1773047406,660537927,world,cf231,-2.6404850482940674,-1.8848711252212524,0.9960435628890991
1773047406,660537927,world,cf231_leg,-2.6327571868896484,-1.888086199760437,0.980363130569458
1773047406,666259469,world,cf231,-2.6404011249542236,-1.8853732347488403,0.995916485786438
1773047406,666259469,world,cf231_leg,-2.632819414138794,-1.888546347618103,0.9804204702377319
1773047406,670567834,world,cf231,-2.640305280685425,-1.8860862255096436,0.9957472085952759
1773047406,670567834,world,cf231_leg,-2.632894992828369,-1.8890297412872314,0.9803768396377563
1773047406,675540232,world,cf231,-2.640169620513916,-1.8866382837295532,0.9956967830657959
1773047406,675540232,world,cf231_leg,-2.6328060626983643,-1.8893842697143555,0.9802930355072021
1773047406,680489348,world,cf231,-2.6400341987609863,-1.8871005773544312,0.9956510066986084
1773047406,680489348,world,cf231_leg,-2.6327643394470215,-1.8896749019622803,0.9802538156509399
1773047406,685360082,world,cf231,-2.639939546585083,-1.8876570463180542,0.9957411289215088
1773047406,685360082,world,cf231_leg,-2.632770538330078,-1.8901439905166626,0.9804641008377075
1773047406,690447167,world,cf231,-2.6397688388824463,-1.8882215023040771,0.9956822395324707
1773047406,690447167,world,cf231_leg,-2.632927417755127,-1.8904597759246826,0.9804561138153076
1773047406,696344756,world,cf231,-2.639517307281494,-1.8887518644332886,0.9958022832870483
1773047406,696344756,world,cf231_leg,-2.632720708847046,-1.8907524347305298,0.9801043272018433
1773047406,700623922,world,cf231,-2.63913631439209,-1.8892747163772583,0.9956196546554565
1773047406,700623922,world,cf231_leg,-2.6325719356536865,-1.890982747077942,0.9804753065109253
1773047406,705628730,world,cf231,-2.6389975547790527,-1.8898980617523193,0.995634913444519
1773047406,705628730,world,cf231_leg,-2.6326334476470947,-1.8913609981536865,0.9803816080093384
1773047406,711376765,world,cf231,-2.6387338638305664,-1.8904001712799072,0.9955610036849976
1773047406,711376765,world,cf231_leg,-2.6325361728668213,-1.8916469812393188,0.9803531169891357
1773047406,715592957,world,cf231,-2.6383793354034424,-1.8910115957260132,0.9953482151031494
1773047406,715592957,world,cf231_leg,-2.6324431896209717,-1.8921293020248413,0.980485200881958
1773047406,720614794,world,cf231,-2.6381094455718994,-1.8915127515792847,0.9953275918960571
1773047406,720614794,world,cf231_leg,-2.6324832439422607,-1.892479658126831,0.9805487394332886
1773047406,725392871,world,cf231,-2.6380836963653564,-1.8922278881072998,0.9954991340637207
1773047406,725392871,world,cf231_leg,-2.6322853565216064,-1.8927918672561646,0.9805872440338135
1773047406,731207563,world,cf231,-2.6377081871032715,-1.8926401138305664,0.995546817779541
1773047406,731207563,world,cf231_leg,-2.632202625274658,-1.893117070198059,0.9805927276611328
1773047406,736316430,world,cf231,-2.6373417377471924,-1.8931227922439575,0.995536208152771
1773047406,736316430,world,cf231_leg,-2.6320223808288574,-1.8934903144836426,0.9806519746780396
1773047406,740482269,world,cf231,-2.637040138244629,-1.8935598134994507,0.9956196546554565
1773047406,740482269,world,cf231_leg,-2.6319777965545654,-1.8937795162200928,0.9806383848190308
1773047406,745575977,world,cf231,-2.636796236038208,-1.8939770460128784,0.9956687688827515
1773047406,745575977,world,cf231_leg,-2.6318235397338867,-1.8941049575805664,0.980628490447998
1773047406,751160042,world,cf231,-2.636518716812134,-1.8944061994552612,0.9956860542297363
1773047406,751160042,world,cf231_leg,-2.6317787170410156,-1.8943049907684326,0.9805744886398315
1773047406,755568020,world,cf231,-2.6362550258636475,-1.8949443101882935,0.9957733154296875
1773047406,755568020,world,cf231_leg,-2.6316192150115967,-1.8946397304534912,0.9807696342468262
1773047406,760475203,world,cf231,-2.635974407196045,-1.8954448699951172,0.9958556890487671
1773047406,760475203,world,cf231_leg,-2.631507158279419,-1.8949308395385742,0.9807145595550537
1773047406,765659619,world,cf231,-2.63547682762146,-1.8958332538604736,0.9958480596542358
1773047406,765659619,world,cf231_leg,-2.6313655376434326,-1.8951057195663452,0.9808580875396729
1773047406,771320818,world,cf231,-2.635183811187744,-1.8962706327438354,0.9958559274673462
1773047406,771320818,world,cf231_leg,-2.6313281059265137,-1.8955775499343872,0.9808425903320312
1773047406,775679960,world,cf231,-2.6348607540130615,-1.896651029586792,0.9957849979400635
1773047406,775679960,world,cf231_leg,-2.63120436668396,-1.8960548639297485,0.9807844161987305
1773047406,781164719,world,cf231,-2.6345322132110596,-1.8970309495925903,0.9957653284072876
1773047406,781164719,world,cf231_leg,-2.6312341690063477,-1.8961713314056396,0.981014609336853
1773047406,785706883,world,cf231,-2.634174108505249,-1.8974242210388184,0.9956849813461304
1773047406,785706883,world,cf231_leg,-2.6308798789978027,-1.8964742422103882,0.9808378219604492
1773047406,791328946,world,cf231,-2.6337344646453857,-1.8976067304611206,0.9955873489379883
1773047406,791328946,world,cf231_leg,-2.630842924118042,-1.8968018293380737,0.9809234142303467
1773047406,795572331,world,cf231,-2.63346529006958,-1.898030400276184,0.9957081079483032
1773047406,795572331,world,cf231_leg,-2.630664348602295,-1.8970630168914795,0.9809454679489136
1773047406,801145291,world,cf231,-2.633136510848999,-1.8983772993087769,0.9958277940750122
1773047406,801145291,world,cf231_leg,-2.630427598953247,-1.897251009941101,0.980970025062561
1773047406,806282748,world,cf231,-2.6328284740448,-1.8987430334091187,0.9959478378295898
1773047406,806282748,world,cf231_leg,-2.6303329467773438,-1.8975719213485718,0.9810729026794434
1773047406,810476721,world,cf231,-2.632427930831909,-1.8990528583526611,0.9958724975585938
1773047406,810476721,world,cf231_leg,-2.6301538944244385,-1.8976739645004272,0.9810582399368286
1773047406,817189388,world,cf231,-2.632106065750122,-1.8992401361465454,0.9959027767181396
1773047406,817189388,world,cf231_leg,-2.630002021789551,-1.8979990482330322,0.9810289144515991
1773047406,820510824,world,cf231,-2.631786346435547,-1.8995434045791626,0.9959460496902466
1773047406,820510824,world,cf231_leg,-2.6299800872802734,-1.8981417417526245,0.9814004898071289
1773047406,825570900,world,cf231,-2.6315064430236816,-1.8997437953948975,0.9959542751312256
1773047406,825570900,world,cf231_leg,-2.6297178268432617,-1.8983638286590576,0.9813531637191772
1773047406,830845029,world,cf231,-2.6311142444610596,-1.8999321460723877,0.9959431886672974
1773047406,830845029,world,cf231_leg,-2.6295759677886963,-1.898568868637085,0.9813634157180786
1773047406,835581035,world,cf231,-2.6307060718536377,-1.9001729488372803,0.9959222078323364
1773047406,835581035,world,cf231_leg,-2.629608392715454,-1.8988960981369019,0.9814854860305786
1773047406,840472255,world,cf231,-2.630262851715088,-1.9003103971481323,0.9958533048629761
1773047406,840472255,world,cf231_leg,-2.6294901371002197,-1.8990057706832886,0.9814296960830688
1773047406,846323894,world,cf231,-2.6299922466278076,-1.9005485773086548,0.9959418773651123
1773047406,846323894,world,cf231_leg,-2.6292850971221924,-1.899202823638916,0.9815031290054321
1773047406,850523467,world,cf231,-2.6297473907470703,-1.9008499383926392,0.9959800243377686
1773047406,850523467,world,cf231_leg,-2.629249334335327,-1.8994182348251343,0.981550931930542
1773047406,855399762,world,cf231,-2.629406690597534,-1.9009284973144531,0.9959899187088013
1773047406,855399762,world,cf231_leg,-2.629178524017334,-1.8996349573135376,0.9814440011978149
1773047406,860665303,world,cf231,-2.629237413406372,-1.9011787176132202,0.9961978197097778
1773047406,860665303,world,cf231_leg,-2.628993272781372,-1.8997348546981812,0.9814783334732056
1773047406,866370902,world,cf231,-2.6287496089935303,-1.9012662172317505,0.9960190057754517
1773047406,866370902,world,cf231_leg,-2.628950357437134,-1.8999940156936646,0.9815977811813354
1773047406,870683709,world,cf231,-2.6284615993499756,-1.9013947248458862,0.9960646629333496
1773047406,870683709,world,cf231_leg,-2.6287810802459717,-1.900099754333496,0.9815090894699097
1773047406,876324269,world,cf231,-2.628012180328369,-1.9014948606491089,0.9958902597427368
1773047406,876324269,world,cf231_leg,-2.6286113262176514,-1.9003525972366333,0.981609582901001
1773047406,880781103,world,cf231,-2.627671957015991,-1.901573896408081,0.9958993196487427
1773047406,880781103,world,cf231_leg,-2.6285886764526367,-1.9005151987075806,0.9816877841949463
1773047406,885724596,world,cf231,-2.6273696422576904,-1.9017094373703003,0.995913028717041
1773047406,885724596,world,cf231_leg,-2.628422737121582,-1.900564432144165,0.9817036390304565
1773047406,890527197,world,cf231,-2.627063751220703,-1.9017276763916016,0.995917558670044
1773047406,890527197,world,cf231_leg,-2.6283199787139893,-1.9007036685943604,0.981826901435852
1773047406,895340029,world,cf231,-2.626767158508301,-1.901705265045166,0.9958611726760864
1773047406,895340029,world,cf231_leg,-2.628218412399292,-1.900951623916626,0.9816783666610718
1773047406,900449947,world,cf231,-2.6265475749969482,-1.901833415031433,0.9959715604782104
1773047406,900449947,world,cf231_leg,-2.6282155513763428,-1.9009507894515991,0.9817018508911133
1773047406,906381899,world,cf231,-2.626265525817871,-1.9017685651779175,0.9960675239562988
1773047406,906381899,world,cf231_leg,-2.6280620098114014,-1.9011313915252686,0.981796145439148
1773047406,910535641,world,cf231,-2.6261136531829834,-1.9018566608428955,0.9960677623748779
1773047406,910535641,world,cf231_leg,-2.6280806064605713,-1.901193380355835,0.9818142652511597
1773047406,916714813,world,cf231,-2.625798225402832,-1.9017728567123413,0.9960068464279175
1773047406,916714813,world,cf231_leg,-2.627962350845337,-1.9013029336929321,0.9817588329315186
1773047406,920353022,world,cf231,-2.6256346702575684,-1.901895523071289,0.995988130569458
1773047406,920353022,world,cf231_leg,-2.627821445465088,-1.9012722969055176,0.9818440675735474
1773047406,925657253,world,cf231,-2.625317096710205,-1.9017568826675415,0.9960935115814209
1773047406,925657253,world,cf231_leg,-2.627786874771118,-1.9014064073562622,0.9817192554473877
1773047406,931292284,world,cf231,-2.625122547149658,-1.9017444849014282,0.9961370229721069
1773047406,931292284,world,cf231_leg,-2.6277177333831787,-1.90140700340271,0.9816824197769165
1773047406,935599276,world,cf231,-2.624995231628418,-1.9018357992172241,0.9959280490875244
1773047406,935599276,world,cf231_leg,-2.6276133060455322,-1.9016228914260864,0.9816939830780029
1773047406,941267548,world,cf231,-2.624783515930176,-1.9017082452774048,0.9961053133010864
1773047406,941267548,world,cf231_leg,-2.62774395942688,-1.9016969203948975,0.9817019701004028
1773047406,946574823,world,cf231,-2.624659776687622,-1.9017397165298462,0.9961881637573242
1773047406,946574823,world,cf231_leg,-2.6276230812072754,-1.9017744064331055,0.9818068742752075
1773047406,950516117,world,cf231,-2.6244657039642334,-1.9016560316085815,0.9961919784545898
1773047406,950516117,world,cf231_leg,-2.6275429725646973,-1.901782512664795,0.9817149639129639
1773047406,955834567,world,cf231,-2.6244571208953857,-1.9015859365463257,0.9962483644485474
1773047406,955834567,world,cf231_leg,-2.6274352073669434,-1.9018700122833252,0.9815763235092163
1773047406,961456120,world,cf231,-2.6243226528167725,-1.901464581489563,0.9962347745895386
1773047406,961456120,world,cf231_leg,-2.627495050430298,-1.9019898176193237,0.9815727472305298
1773047406,965540689,world,cf231,-2.6242265701293945,-1.9014472961425781,0.9962420463562012
1773047406,965540689,world,cf231_leg,-2.627547264099121,-1.9021533727645874,0.9816406965255737
1773047406,970694290,world,cf231,-2.624099016189575,-1.9011335372924805,0.9962753057479858
1773047406,970694290,world,cf231_leg,-2.6275806427001953,-1.9020962715148926,0.9816528558731079
1773047406,975636747,world,cf231,-2.6240499019622803,-1.9010816812515259,0.9961950778961182
1773047406,975636747,world,cf231_leg,-2.627286911010742,-1.9020378589630127,0.9814844131469727
1773047406,980667903,world,cf231,-2.6241214275360107,-1.9010816812515259,0.996233344078064
1773047406,980667903,world,cf231_leg,-2.627514123916626,-1.9022105932235718,0.98162841796875
1773047406,985739742,world,cf231,-2.624150276184082,-1.9009872674942017,0.9961364269256592
1773047406,985739742,world,cf231_leg,-2.6275227069854736,-1.902325987815857,0.981593132019043
1773047406,990775668,world,cf231,-2.6241419315338135,-1.9008007049560547,0.9961553812026978
1773047406,990775668,world,cf231_leg,-2.6275014877319336,-1.9022634029388428,0.9815981388092041
1773047406,995716337,world,cf231,-2.6241605281829834,-1.9007482528686523,0.996139645576477
1773047406,995716337,world,cf231_leg,-2.6275997161865234,-1.9023481607437134,0.9815727472305298
1773047407,854161,world,cf231,-2.6242663860321045,-1.9006898403167725,0.9961917400360107
1773047407,854161,world,cf231_leg,-2.6275813579559326,-1.9022866487503052,0.9815535545349121
1773047407,5664851,world,cf231,-2.624350070953369,-1.900599718093872,0.9961090087890625
1773047407,5664851,world,cf231_leg,-2.627634048461914,-1.902450442314148,0.9816206693649292
1773047407,11447307,world,cf231,-2.6245663166046143,-1.9005542993545532,0.9962023496627808
1773047407,11447307,world,cf231_leg,-2.627788782119751,-1.9024745225906372,0.981566309928894
1773047407,15696063,world,cf231,-2.624661684036255,-1.9004570245742798,0.9961768388748169
1773047407,15696063,world,cf231_leg,-2.6276986598968506,-1.90241277217865,0.981533408164978
1773047407,21433855,world,cf231,-2.6248011589050293,-1.9003033638000488,0.9960838556289673
1773047407,21433855,world,cf231_leg,-2.627721071243286,-1.9024604558944702,0.9813703298568726
1773047407,26463713,world,cf231,-2.624908447265625,-1.9001991748809814,0.9961148500442505
1773047407,26463713,world,cf231_leg,-2.627870798110962,-1.9025444984436035,0.9815205335617065
1773047407,30702098,world,cf231,-2.62502121925354,-1.9000953435897827,0.9960945844650269
1773047407,30702098,world,cf231_leg,-2.6279375553131104,-1.9025278091430664,0.9814234972000122
1773047407,35693234,world,cf231,-2.625244617462158,-1.900049090385437,0.9961155652999878
1773047407,35693234,world,cf231_leg,-2.628066301345825,-1.902646780014038,0.9814573526382446
1773047407,41547330,world,cf231,-2.625441074371338,-1.9000163078308105,0.9960494041442871
1773047407,41547330,world,cf231_leg,-2.6280667781829834,-1.9025342464447021,0.9814203977584839
1773047407,45617390,world,cf231,-2.6255733966827393,-1.899977207183838,0.9960497617721558
1773047407,45617390,world,cf231_leg,-2.6281051635742188,-1.902566909790039,0.981122612953186
1773047407,50558118,world,cf231,-2.625673532485962,-1.8997654914855957,0.9959559440612793
1773047407,50558118,world,cf231_leg,-2.628277063369751,-1.9026305675506592,0.9813865423202515
1773047407,55724609,world,cf231,-2.6258795261383057,-1.8997260332107544,0.9959704875946045
1773047407,55724609,world,cf231_leg,-2.628330707550049,-1.90256929397583,0.9813803434371948
1773047407,62321728,world,cf231,-2.6260931491851807,-1.8995723724365234,0.9958914518356323
1773047407,62321728,world,cf231_leg,-2.6284682750701904,-1.9025987386703491,0.9813196659088135
1773047407,67297469,world,cf231,-2.6262829303741455,-1.8995015621185303,0.9957208633422852
1773047407,67297469,world,cf231_leg,-2.628516912460327,-1.9026703834533691,0.9810973405838013
1773047407,71723550,world,cf231,-2.6266183853149414,-1.8995758295059204,0.9959580898284912
1773047407,71723550,world,cf231_leg,-2.628694772720337,-1.9026145935058594,0.9811336994171143
1773047407,75941759,world,cf231,-2.6267640590667725,-1.8992700576782227,0.9956166744232178
1773047407,75941759,world,cf231_leg,-2.628798484802246,-1.9027005434036255,0.9810621738433838
1773047407,80972996,world,cf231,-2.627168655395508,-1.8993500471115112,0.9957389831542969
1773047407,80972996,world,cf231_leg,-2.6290194988250732,-1.9027230739593506,0.9810682535171509
1773047407,85761200,world,cf231,-2.6275060176849365,-1.8992708921432495,0.9957560300827026
1773047407,85761200,world,cf231_leg,-2.6291134357452393,-1.9027397632598877,0.9810546636581421
1773047407,90776180,world,cf231,-2.627732753753662,-1.8991334438323975,0.9957342147827148
1773047407,90776180,world,cf231_leg,-2.6291520595550537,-1.9026962518692017,0.9808876514434814
1773047407,95815361,world,cf231,-2.628007411956787,-1.899010181427002,0.9956375360488892
1773047407,95815361,world,cf231_leg,-2.629415988922119,-1.902766227722168,0.9809994697570801
1773047407,102427937,world,cf231,-2.6283328533172607,-1.8990212678909302,0.9957747459411621
1773047407,102427937,world,cf231_leg,-2.6295688152313232,-1.9027431011199951,0.9809467792510986
1773047407,105898217,world,cf231,-2.62854266166687,-1.8989360332489014,0.995743989944458
1773047407,105898217,world,cf231_leg,-2.629596710205078,-1.9028081893920898,0.9808919429779053
1773047407,110701573,world,cf231,-2.628800868988037,-1.8987873792648315,0.9957776069641113
1773047407,110701573,world,cf231_leg,-2.629854679107666,-1.9027860164642334,0.9807355403900146
1773047407,115773626,world,cf231,-2.6292219161987305,-1.8988957405090332,0.9957860708236694
1773047407,115773626,world,cf231_leg,-2.630128860473633,-1.9029260873794556,0.9807866811752319
1773047407,120680673,world,cf231,-2.629457473754883,-1.8986819982528687,0.9958255290985107
1773047407,120680673,world,cf231_leg,-2.6303093433380127,-1.9029366970062256,0.980816125869751
1773047407,127281184,world,cf231,-2.629805088043213,-1.8986746072769165,0.9957815408706665
1773047407,127281184,world,cf231_leg,-2.63057017326355,-1.9029710292816162,0.9807993173599243
1773047407,130801301,world,cf231,-2.63028883934021,-1.8986656665802002,0.9958686828613281
1773047407,130801301,world,cf231_leg,-2.6306352615356445,-1.9029335975646973,0.9807116985321045
1773047407,135748647,world,cf231,-2.630535125732422,-1.8985241651535034,0.9958457946777344
1773047407,135748647,world,cf231_leg,-2.6308443546295166,-1.9030452966690063,0.9808342456817627
1773047407,140581992,world,cf231,-2.6308953762054443,-1.8985077142715454,0.9958392381668091
1773047407,140581992,world,cf231_leg,-2.6310017108917236,-1.903135895729065,0.9807732105255127
1773047407,145664634,world,cf231,-2.6312413215637207,-1.8985011577606201,0.9958177804946899
1773047407,145664634,world,cf231_leg,-2.6313016414642334,-1.9032278060913086,0.9807558059692383
1773047407,151002382,world,cf231,-2.631484031677246,-1.898358941078186,0.9958219528198242
1773047407,151002382,world,cf231_leg,-2.631308078765869,-1.903182864189148,0.980688214302063
1773047407,155663200,world,cf231,-2.6318109035491943,-1.8982878923416138,0.9957799911499023
1773047407,155663200,world,cf231_leg,-2.6316215991973877,-1.9033812284469604,0.9807374477386475
1773047407,161013947,world,cf231,-2.632178783416748,-1.8983104228973389,0.9958747625350952
1773047407,161013947,world,cf231_leg,-2.631845235824585,-1.9034045934677124,0.9807196855545044
1773047407,165722583,world,cf231,-2.6324844360351562,-1.8982452154159546,0.995854377746582
1773047407,165722583,world,cf231_leg,-2.631951093673706,-1.9034144878387451,0.9807581901550293
1773047407,170821702,world,cf231,-2.6328885555267334,-1.8983259201049805,0.995975136756897
1773047407,170821702,world,cf231_leg,-2.6321444511413574,-1.9034489393234253,0.9806849956512451
1773047407,175750605,world,cf231,-2.633237838745117,-1.8982032537460327,0.9958906173706055
1773047407,175750605,world,cf231_leg,-2.6323206424713135,-1.9035358428955078,0.9806245565414429
1773047407,181014936,world,cf231,-2.6336941719055176,-1.898252248764038,0.9958909749984741
1773047407,181014936,world,cf231_leg,-2.632477283477783,-1.9037548303604126,0.9807543754577637
1773047407,186694294,world,cf231,-2.633946418762207,-1.8981809616088867,0.9958364963531494
1773047407,186694294,world,cf231_leg,-2.632763147354126,-1.9037405252456665,0.9806709289550781
1773047407,190878312,world,cf231,-2.6342432498931885,-1.8981672525405884,0.9957334995269775
1773047407,190878312,world,cf231_leg,-2.632883071899414,-1.9037750959396362,0.9806045293807983
1773047407,195663900,world,cf231,-2.634631872177124,-1.8982170820236206,0.9956678152084351
1773047407,195663900,world,cf231_leg,-2.6330268383026123,-1.903841495513916,0.9806466102600098
1773047407,201531855,world,cf231,-2.6349761486053467,-1.8982536792755127,0.9956493377685547
1773047407,201531855,world,cf231_leg,-2.633310556411743,-1.9040513038635254,0.9806387424468994
1773047407,206518711,world,cf231,-2.635215997695923,-1.8982335329055786,0.9955384731292725
1773047407,206518711,world,cf231_leg,-2.6335408687591553,-1.9041434526443481,0.9805861711502075
1773047407,211054556,world,cf231,-2.6355466842651367,-1.8983224630355835,0.9954848289489746
1773047407,211054556,world,cf231_leg,-2.6337976455688477,-1.9042680263519287,0.9806187152862549
1773047407,216642024,world,cf231,-2.6358768939971924,-1.8983668088912964,0.9954330921173096
1773047407,216642024,world,cf231_leg,-2.634031295776367,-1.9043264389038086,0.9803903102874756
1773047407,220697525,world,cf231,-2.636307716369629,-1.8984670639038086,0.9955016374588013
1773047407,220697525,world,cf231_leg,-2.6342175006866455,-1.9044052362442017,0.98038649559021
1773047407,225687411,world,cf231,-2.6366310119628906,-1.8985176086425781,0.9953453540802002
1773047407,225687411,world,cf231_leg,-2.634413003921509,-1.9045339822769165,0.9803293943405151
1773047407,230526607,world,cf231,-2.637054204940796,-1.8986235857009888,0.9953104257583618
1773047407,230526607,world,cf231_leg,-2.6347200870513916,-1.9048062562942505,0.9802951812744141
1773047407,235779583,world,cf231,-2.6375937461853027,-1.8989049196243286,0.9952989816665649
1773047407,235779583,world,cf231_leg,-2.6348469257354736,-1.9047305583953857,0.980143666267395
1773047407,240851661,world,cf231,-2.6377949714660645,-1.8989440202713013,0.995221734046936
1773047407,240851661,world,cf231_leg,-2.6350719928741455,-1.9050250053405762,0.9801785945892334
1773047407,245778836,world,cf231,-2.6382009983062744,-1.8990569114685059,0.9951804876327515
1773047407,245778836,world,cf231_leg,-2.635309934616089,-1.905073642730713,0.9800537824630737
1773047407,251472384,world,cf231,-2.638472318649292,-1.8992091417312622,0.995162844657898
1773047407,251472384,world,cf231_leg,-2.6354384422302246,-1.905268669128418,0.9799556732177734
1773047407,255629473,world,cf231,-2.6388354301452637,-1.899424433708191,0.9951828718185425
1773047407,255629473,world,cf231_leg,-2.6355373859405518,-1.905333399772644,0.9799157381057739
1773047407,260536670,world,cf231,-2.639054775238037,-1.8995269536972046,0.9951294660568237
1773047407,260536670,world,cf231_leg,-2.635817527770996,-1.9055169820785522,0.979634165763855
1773047407,265746624,world,cf231,-2.6393866539001465,-1.8996400833129883,0.9950740337371826
1773047407,265746624,world,cf231_leg,-2.635998010635376,-1.9056041240692139,0.9795308113098145
1773047407,271917183,world,cf231,-2.639679431915283,-1.899856448173523,0.9950529336929321
1773047407,271917183,world,cf231_leg,-2.6359474658966064,-1.9058085680007935,0.9793969392776489
1773047407,275859088,world,cf231,-2.6399407386779785,-1.900086522102356,0.9949944019317627
1773047407,275859088,world,cf231_leg,-2.6362226009368896,-1.9059808254241943,0.9793081283569336
1773047407,281952106,world,cf231,-2.640254497528076,-1.9003299474716187,0.994813084602356
1773047407,281952106,world,cf231_leg,-2.6363136768341064,-1.9061199426651,0.9792048931121826
1773047407,285691313,world,cf231,-2.64054799079895,-1.9005025625228882,0.9947910308837891
1773047407,285691313,world,cf231_leg,-2.636425018310547,-1.9061312675476074,0.9791966676712036
1773047407,290724710,world,cf231,-2.6409554481506348,-1.9007313251495361,0.9947624206542969
1773047407,290724710,world,cf231_leg,-2.6366829872131348,-1.906354546546936,0.9791042804718018
1773047407,295725514,world,cf231,-2.641242742538452,-1.9009106159210205,0.9946345090866089
1773047407,295725514,world,cf231_leg,-2.6367032527923584,-1.9063812494277954,0.978951096534729
1773047407,302495917,world,cf231,-2.641597270965576,-1.9013971090316772,0.9944875240325928
1773047407,302495917,world,cf231_leg,-2.6368680000305176,-1.9066705703735352,0.9790400266647339
1773047407,305761081,world,cf231,-2.6419084072113037,-1.9016211032867432,0.9941315650939941
1773047407,305761081,world,cf231_leg,-2.6370599269866943,-1.906781792640686,0.9788538217544556
1773047407,311522528,world,cf231,-2.6420738697052,-1.9017248153686523,0.9938852787017822
1773047407,311522528,world,cf231_leg,-2.6372146606445312,-1.9069501161575317,0.978697657585144
1773047407,315917303,world,cf231,-2.6423990726470947,-1.9020057916641235,0.9937586784362793
1773047407,315917303,world,cf231_leg,-2.6373140811920166,-1.9071944952011108,0.9787055253982544
1773047407,321435677,world,cf231,-2.6427390575408936,-1.9022798538208008,0.9936622381210327
1773047407,321435677,world,cf231_leg,-2.63753080368042,-1.9074515104293823,0.9786592721939087
1773047407,325481642,world,cf231,-2.6430747509002686,-1.9026695489883423,0.9936299324035645
1773047407,325481642,world,cf231_leg,-2.6376326084136963,-1.9075828790664673,0.9786113500595093
1773047407,331511073,world,cf231,-2.643181562423706,-1.9028733968734741,0.9935770034790039
1773047407,331511073,world,cf231_leg,-2.637816905975342,-1.907850980758667,0.9785306453704834
1773047407,335681646,world,cf231,-2.6435365676879883,-1.903255581855774,0.9935272932052612
1773047407,335681646,world,cf231_leg,-2.6379992961883545,-1.908006191253662,0.9784361124038696
1773047407,340821610,world,cf231,-2.643777847290039,-1.9036509990692139,0.9935038089752197
1773047407,340821610,world,cf231_leg,-2.6380932331085205,-1.908156156539917,0.9781622886657715
1773047407,345746383,world,cf231,-2.6439273357391357,-1.9039018154144287,0.9932882785797119
1773047407,345746383,world,cf231_leg,-2.638197898864746,-1.9083664417266846,0.9779741764068604
1773047407,350620412,world,cf231,-2.644117832183838,-1.904291033744812,0.9932055473327637
1773047407,350620412,world,cf231_leg,-2.6383981704711914,-1.9086750745773315,0.977921724319458
1773047407,355891192,world,cf231,-2.6442556381225586,-1.9046298265457153,0.9930897951126099
1773047407,355891192,world,cf231_leg,-2.638601064682007,-1.9088257551193237,0.9778091907501221
1773047407,361436034,world,cf231,-2.6443428993225098,-1.9049538373947144,0.9927957057952881
1773047407,361436034,world,cf231_leg,-2.638615608215332,-1.9090713262557983,0.9774702787399292
1773047407,365568888,world,cf231,-2.64450740814209,-1.9053237438201904,0.9927639961242676
1773047407,365568888,world,cf231_leg,-2.638624668121338,-1.909298062324524,0.9774527549743652
1773047407,370723513,world,cf231,-2.644641876220703,-1.905592679977417,0.9926543235778809
1773047407,370723513,world,cf231_leg,-2.638953924179077,-1.9096094369888306,0.9771095514297485
1773047407,375855720,world,cf231,-2.6448676586151123,-1.9059046506881714,0.9923837184906006
1773047407,375855720,world,cf231_leg,-2.639040470123291,-1.9097458124160767,0.977035641670227
1773047407,380829942,world,cf231,-2.6450538635253906,-1.9063392877578735,0.9923466444015503
1773047407,380829942,world,cf231_leg,-2.639059543609619,-1.9098842144012451,0.9769208431243896
1773047407,385567425,world,cf231,-2.645130157470703,-1.9066466093063354,0.9922505617141724
1773047407,385567425,world,cf231_leg,-2.639188289642334,-1.910145878791809,0.9768358469009399
1773047407,391572204,world,cf231,-2.6452980041503906,-1.9069807529449463,0.9920337200164795
1773047407,391572204,world,cf231_leg,-2.6393635272979736,-1.9103899002075195,0.9768158197402954
1773047407,395662746,world,cf231,-2.645261287689209,-1.9073100090026855,0.9918032884597778
1773047407,395662746,world,cf231_leg,-2.639312505722046,-1.9105297327041626,0.9766830205917358
1773047407,401381817,world,cf231,-2.645458936691284,-1.9078223705291748,0.9915255308151245
1773047407,401381817,world,cf231_leg,-2.6394238471984863,-1.9107303619384766,0.9765775203704834
1773047407,405759024,world,cf231,-2.6454806327819824,-1.9080337285995483,0.9914016723632812
1773047407,405759024,world,cf231_leg,-2.6394402980804443,-1.9108682870864868,0.9764851331710815
1773047407,410714098,world,cf231,-2.6454575061798096,-1.9084246158599854,0.991225004196167
1773047407,410714098,world,cf231_leg,-2.639476776123047,-1.9110695123672485,0.9764060974121094
1773047407,416455481,world,cf231,-2.64548659324646,-1.9088208675384521,0.9910846948623657
1773047407,416455481,world,cf231_leg,-2.6395812034606934,-1.911361813545227,0.9763872623443604
1773047407,420838285,world,cf231,-2.6454718112945557,-1.909021258354187,0.9909518957138062
1773047407,420838285,world,cf231_leg,-2.6397294998168945,-1.911638617515564,0.9763004779815674
1773047407,425665770,world,cf231,-2.6455318927764893,-1.9094175100326538,0.991003155708313
1773047407,425665770,world,cf231_leg,-2.6397287845611572,-1.9117159843444824,0.9761861562728882
1773047407,430671744,world,cf231,-2.645570755004883,-1.9097380638122559,0.9909219741821289
1773047407,430671744,world,cf231_leg,-2.639551877975464,-1.9119579792022705,0.9757660627365112
1773047407,435547101,world,cf231,-2.6454827785491943,-1.9099832773208618,0.9907736778259277
1773047407,435547101,world,cf231_leg,-2.6397862434387207,-1.912276029586792,0.975739598274231
1773047407,441497947,world,cf231,-2.6455538272857666,-1.9102905988693237,0.9907276630401611
1773047407,441497947,world,cf231_leg,-2.639775514602661,-1.9123860597610474,0.9755585193634033
1773047407,446044559,world,cf231,-2.645570755004883,-1.9105912446975708,0.9906492233276367
1773047407,446044559,world,cf231_leg,-2.6398661136627197,-1.9126685857772827,0.9753564596176147
1773047407,450837319,world,cf231,-2.645618200302124,-1.9109487533569336,0.9906492233276367
1773047407,450837319,world,cf231_leg,-2.639827013015747,-1.9128468036651611,0.9752798080444336
1773047407,456739264,world,cf231,-2.6454691886901855,-1.9112539291381836,0.9902671575546265
1773047407,456739264,world,cf231_leg,-2.64011287689209,-1.9132145643234253,0.9752867221832275
1773047407,460704112,world,cf231,-2.6454858779907227,-1.9117395877838135,0.990247368812561
1773047407,460704112,world,cf231_leg,-2.6399965286254883,-1.913401484489441,0.9750963449478149
1773047407,467286765,world,cf231,-2.645336627960205,-1.9119750261306763,0.9898461103439331
1773047407,467286765,world,cf231_leg,-2.6399893760681152,-1.9135687351226807,0.9750534296035767
1773047407,471540980,world,cf231,-2.6454005241394043,-1.9123250246047974,0.9898532629013062
1773047407,471540980,world,cf231_leg,-2.639997720718384,-1.9137146472930908,0.9748836755752563
1773047407,475810553,world,cf231,-2.64536714553833,-1.9126192331314087,0.9897165298461914
1773047407,475810553,world,cf231_leg,-2.640018939971924,-1.9139662981033325,0.9747816324234009
1773047407,481010433,world,cf231,-2.6452691555023193,-1.9127929210662842,0.9896293878555298
1773047407,481010433,world,cf231_leg,-2.639936923980713,-1.914107322692871,0.9744530916213989
1773047407,486330438,world,cf231,-2.645252227783203,-1.913151741027832,0.9895378351211548
1773047407,486330438,world,cf231_leg,-2.6399850845336914,-1.9143445491790771,0.9744163751602173
1773047407,490705311,world,cf231,-2.645155429840088,-1.9133832454681396,0.9898031949996948
1773047407,490705311,world,cf231_leg,-2.640064239501953,-1.9144465923309326,0.9745293855667114
1773047407,495813970,world,cf231,-2.6450657844543457,-1.9136863946914673,0.9893409013748169
1773047407,495813970,world,cf231_leg,-2.6399776935577393,-1.9146534204483032,0.9742597341537476
1773047407,501461317,world,cf231,-2.6449804306030273,-1.9140121936798096,0.9893239736557007
1773047407,501461317,world,cf231_leg,-2.639859199523926,-1.9147484302520752,0.9740680456161499
1773047407,505743655,world,cf231,-2.6447503566741943,-1.9142159223556519,0.9891198873519897
1773047407,505743655,world,cf231_leg,-2.6398532390594482,-1.9150135517120361,0.9739035367965698
1773047407,511581131,world,cf231,-2.6446661949157715,-1.9144622087478638,0.9889436960220337
1773047407,511581131,world,cf231_leg,-2.6398675441741943,-1.915151596069336,0.9738322496414185
1773047407,515642223,world,cf231,-2.644569158554077,-1.9147063493728638,0.9888741970062256
1773047407,515642223,world,cf231_leg,-2.639770984649658,-1.9153391122817993,0.9739266633987427
1773047407,520753042,world,cf231,-2.6444015502929688,-1.9148814678192139,0.9887454509735107
1773047407,520753042,world,cf231_leg,-2.6398544311523438,-1.9155077934265137,0.9737560749053955
1773047407,525640587,world,cf231,-2.6443545818328857,-1.915139079093933,0.9885776042938232
1773047407,525640587,world,cf231_leg,-2.6397430896759033,-1.9156854152679443,0.9736682176589966
1773047407,530684063,world,cf231,-2.6442534923553467,-1.91550612449646,0.9884145259857178
1773047407,530684063,world,cf231_leg,-2.6396281719207764,-1.9157953262329102,0.9735912084579468
1773047407,536621931,world,cf231,-2.6440508365631104,-1.9157387018203735,0.988275408744812
1773047407,536621931,world,cf231_leg,-2.639782667160034,-1.9160455465316772,0.9736039638519287
1773047407,540594263,world,cf231,-2.6440141201019287,-1.9159185886383057,0.9881466627120972
1773047407,540594263,world,cf231_leg,-2.6397199630737305,-1.9161955118179321,0.9737060070037842
1773047407,545789932,world,cf231,-2.643963575363159,-1.916142225265503,0.9881439208984375
1773047407,545789932,world,cf231_leg,-2.6396684646606445,-1.916334867477417,0.9735757112503052
1773047407,550605556,world,cf231,-2.6438803672790527,-1.9163786172866821,0.9881075620651245
1773047407,550605556,world,cf231_leg,-2.6396968364715576,-1.9166240692138672,0.9735735654830933
1773047407,555491001,world,cf231,-2.643752336502075,-1.916532278060913,0.9880989789962769
1773047407,555491001,world,cf231_leg,-2.639784812927246,-1.9167306423187256,0.9736299514770508
1773047407,560681898,world,cf231,-2.6437389850616455,-1.9167674779891968,0.9881037473678589
1773047407,560681898,world,cf231_leg,-2.6396872997283936,-1.9168564081192017,0.9735704660415649
1773047407,565953325,world,cf231,-2.6436169147491455,-1.9169241189956665,0.9880615472793579
1773047407,565953325,world,cf231_leg,-2.6396732330322266,-1.9170206785202026,0.973578691482544
1773047407,570942475,world,cf231,-2.6435484886169434,-1.91715669631958,0.9880722761154175
1773047407,570942475,world,cf231_leg,-2.6396639347076416,-1.9171408414840698,0.9735383987426758
1773047407,576149267,world,cf231,-2.6434268951416016,-1.9172669649124146,0.988012433052063
1773047407,576149267,world,cf231_leg,-2.6396005153656006,-1.9172554016113281,0.9734922647476196
1773047407,580926789,world,cf231,-2.6433582305908203,-1.9175431728363037,0.9880236387252808
1773047407,580926789,world,cf231_leg,-2.6395561695098877,-1.9174013137817383,0.9735959768295288
1773047407,585829845,world,cf231,-2.643277645111084,-1.9177024364471436,0.9881008863449097
1773047407,585829845,world,cf231_leg,-2.639597177505493,-1.9175246953964233,0.9735912084579468
1773047407,590670324,world,cf231,-2.6431429386138916,-1.9178546667099,0.9881469011306763
1773047407,590670324,world,cf231_leg,-2.639577627182007,-1.917529821395874,0.9736071825027466
1773047407,596556186,world,cf231,-2.6430561542510986,-1.9180235862731934,0.9881349802017212
1773047407,596556186,world,cf231_leg,-2.6395113468170166,-1.9178014993667603,0.97362220287323
1773047407,600741884,world,cf231,-2.6429505348205566,-1.9181973934173584,0.9881232976913452
1773047407,600741884,world,cf231_leg,-2.6396050453186035,-1.917862892150879,0.9736121892929077
1773047407,606549993,world,cf231,-2.6428797245025635,-1.918358325958252,0.9881206750869751
1773047407,606549993,world,cf231_leg,-2.6395232677459717,-1.9179973602294922,0.9737167358398438
1773047407,612467134,world,cf231,-2.642752170562744,-1.9184679985046387,0.9881124496459961
1773047407,612467134,world,cf231_leg,-2.6394782066345215,-1.918015956878662,0.9736497402191162
1773047407,615855099,world,cf231,-2.642709970474243,-1.9186841249465942,0.9881927967071533
1773047407,615855099,world,cf231_leg,-2.6393723487854004,-1.9181185960769653,0.9736477136611938
1773047407,620767068,world,cf231,-2.642585277557373,-1.918680191040039,0.9881405830383301
1773047407,620767068,world,cf231_leg,-2.639510154724121,-1.918228268623352,0.9737393856048584
1773047407,625786993,world,cf231,-2.6426546573638916,-1.9188058376312256,0.9883557558059692
1773047407,625786993,world,cf231_leg,-2.639364242553711,-1.9183192253112793,0.9737597703933716
1773047407,632457818,world,cf231,-2.642535448074341,-1.9189848899841309,0.988292932510376
1773047407,632457818,world,cf231_leg,-2.6392974853515625,-1.9182888269424438,0.9738372564315796
1773047407,635809758,world,cf231,-2.642448902130127,-1.9189581871032715,0.9883641004562378
1773047407,635809758,world,cf231_leg,-2.6392946243286133,-1.9183558225631714,0.973892331123352
1773047407,641827430,world,cf231,-2.6424734592437744,-1.919102668762207,0.9884922504425049
1773047407,641827430,world,cf231_leg,-2.639253854751587,-1.9184563159942627,0.9739519357681274
1773047407,645775001,world,cf231,-2.64237904548645,-1.9190868139266968,0.9884961843490601
1773047407,645775001,world,cf231_leg,-2.6392223834991455,-1.9185595512390137,0.9739395380020142
1773047407,652040042,world,cf231,-2.6422860622406006,-1.9191722869873047,0.9886406660079956
1773047407,652040042,world,cf231_leg,-2.63920259475708,-1.9185333251953125,0.9740911722183228
1773047407,655911314,world,cf231,-2.6423189640045166,-1.9192726612091064,0.988694429397583
1773047407,655911314,world,cf231_leg,-2.6391899585723877,-1.9185391664505005,0.9740419387817383
1773047407,661612695,world,cf231,-2.6421594619750977,-1.9193551540374756,0.9889470338821411
1773047407,661612695,world,cf231_leg,-2.63907527923584,-1.9185734987258911,0.9740942716598511
1773047407,665967903,world,cf231,-2.64206862449646,-1.9192850589752197,0.9890669584274292
1773047407,665967903,world,cf231_leg,-2.6391615867614746,-1.9186491966247559,0.9743057489395142
1773047407,671622133,world,cf231,-2.642075777053833,-1.9193923473358154,0.9891903400421143
1773047407,671622133,world,cf231_leg,-2.6391446590423584,-1.9187676906585693,0.9743337631225586
1773047407,676547254,world,cf231,-2.642021417617798,-1.9194241762161255,0.9893348217010498
1773047407,676547254,world,cf231_leg,-2.6390984058380127,-1.9186410903930664,0.974370002746582
1773047407,682754693,world,cf231,-2.6419546604156494,-1.9194592237472534,0.9894086122512817
1773047407,682754693,world,cf231_leg,-2.6389808654785156,-1.9187194108963013,0.9744504690170288
1773047407,685799081,world,cf231,-2.6417882442474365,-1.919321060180664,0.9895175695419312
1773047407,685799081,world,cf231_leg,-2.639077663421631,-1.918771505355835,0.974563717842102
1773047407,692467440,world,cf231,-2.6416995525360107,-1.9192947149276733,0.9896126985549927
1773047407,692467440,world,cf231_leg,-2.6390304565429688,-1.9187936782836914,0.9748033285140991
1773047407,695653257,world,cf231,-2.641688585281372,-1.9193384647369385,0.9897128343582153
1773047407,695653257,world,cf231_leg,-2.638878107070923,-1.9188374280929565,0.9748696088790894
1773047407,701610392,world,cf231,-2.641613006591797,-1.9193706512451172,0.9900575876235962
1773047407,701610392,world,cf231_leg,-2.638892650604248,-1.9188001155853271,0.975033164024353
1773047407,705658973,world,cf231,-2.641450881958008,-1.9192752838134766,0.9901187419891357
1773047407,705658973,world,cf231_leg,-2.6389453411102295,-1.9189064502716064,0.9752273559570312
1773047407,710682716,world,cf231,-2.6414740085601807,-1.91926109790802,0.9902312755584717
1773047407,710682716,world,cf231_leg,-2.6388843059539795,-1.9188671112060547,0.9754058122634888
1773047407,716500523,world,cf231,-2.641296148300171,-1.919058084487915,0.9902456998825073
1773047407,716500523,world,cf231_leg,-2.638850688934326,-1.9190160036087036,0.9757250547409058
1773047407,721664427,world,cf231,-2.6412107944488525,-1.9190322160720825,0.9903141260147095
1773047407,721664427,world,cf231_leg,-2.638984203338623,-1.9190129041671753,0.9758235216140747
1773047407,725817870,world,cf231,-2.6413373947143555,-1.9190740585327148,0.9905191659927368
1773047407,725817870,world,cf231_leg,-2.6388537883758545,-1.9188628196716309,0.9759482145309448
1773047407,730659873,world,cf231,-2.641153335571289,-1.9188339710235596,0.99042809009552
1773047407,730659873,world,cf231_leg,-2.6388490200042725,-1.9189070463180542,0.9759957790374756
1773047407,735564132,world,cf231,-2.641191244125366,-1.918824315071106,0.9907068014144897
1773047407,735564132,world,cf231_leg,-2.638777017593384,-1.9189881086349487,0.9761545658111572
1773047407,741448000,world,cf231,-2.6412081718444824,-1.9187402725219727,0.990850567817688
1773047407,741448000,world,cf231_leg,-2.638885498046875,-1.9188547134399414,0.976269006729126
1773047407,745770045,world,cf231,-2.6411004066467285,-1.9185360670089722,0.9909055233001709
1773047407,745770045,world,cf231_leg,-2.639016628265381,-1.9189773797988892,0.9765641689300537
1773047407,751536354,world,cf231,-2.641151189804077,-1.9183932542800903,0.9910634756088257
1773047407,751536354,world,cf231_leg,-2.638937473297119,-1.9188634157180786,0.9765834808349609
1773047407,755798098,world,cf231,-2.6410155296325684,-1.9181244373321533,0.9911739826202393
1773047407,755798098,world,cf231_leg,-2.6389710903167725,-1.918933391571045,0.9767671823501587
1773047407,760721530,world,cf231,-2.641085147857666,-1.9180896282196045,0.9913535118103027
1773047407,760721530,world,cf231_leg,-2.6391212940216064,-1.9188791513442993,0.976870059967041
1773047407,765629751,world,cf231,-2.6411075592041016,-1.9179613590240479,0.9914484024047852
1773047407,765629751,world,cf231_leg,-2.6390268802642822,-1.918861985206604,0.9768861532211304
1773047407,770620877,world,cf231,-2.641127109527588,-1.9177606105804443,0.9915313720703125
1773047407,770620877,world,cf231_leg,-2.63905668258667,-1.91877281665802,0.9770573377609253
1773047407,775772483,world,cf231,-2.6411097049713135,-1.9175660610198975,0.9917864799499512
1773047407,775772483,world,cf231_leg,-2.639096260070801,-1.918752908706665,0.9771705865859985
1773047407,780828607,world,cf231,-2.6411283016204834,-1.917488932609558,0.9917494058609009
1773047407,780828607,world,cf231_leg,-2.639150857925415,-1.918635606765747,0.9772887229919434
1773047407,785614245,world,cf231,-2.6411163806915283,-1.917252540588379,0.9919731616973877
1773047407,785614245,world,cf231_leg,-2.6391310691833496,-1.9186195135116577,0.9772936105728149
1773047407,791612877,world,cf231,-2.641141414642334,-1.9172375202178955,0.9920632839202881
1773047407,791612877,world,cf231_leg,-2.6391656398773193,-1.9185986518859863,0.9774516820907593
1773047407,795723725,world,cf231,-2.6411211490631104,-1.9170504808425903,0.9921852350234985
1773047407,795723725,world,cf231_leg,-2.63936710357666,-1.9185938835144043,0.9775892496109009
1773047407,801622083,world,cf231,-2.6412012577056885,-1.9169272184371948,0.9922670125961304
1773047407,801622083,world,cf231_leg,-2.639360189437866,-1.9186069965362549,0.9777926206588745
1773047407,805786123,world,cf231,-2.6412205696105957,-1.91679847240448,0.9923882484436035
1773047407,805786123,world,cf231_leg,-2.639352798461914,-1.9184561967849731,0.9776595830917358
1773047407,811520132,world,cf231,-2.641227960586548,-1.9166765213012695,0.9924541711807251
1773047407,811520132,world,cf231_leg,-2.6393115520477295,-1.9183671474456787,0.977817177772522
1773047407,815598630,world,cf231,-2.641275405883789,-1.9165526628494263,0.9928385019302368
1773047407,815598630,world,cf231_leg,-2.6394989490509033,-1.9182562828063965,0.9778889417648315
1773047407,820707358,world,cf231,-2.6413443088531494,-1.9164369106292725,0.9928624629974365
1773047407,820707358,world,cf231_leg,-2.6394283771514893,-1.9182573556900024,0.9778730869293213
1773047407,825819283,world,cf231,-2.641439914703369,-1.9161951541900635,0.9932292699813843
1773047407,825819283,world,cf231_leg,-2.639540672302246,-1.918238639831543,0.9779953956604004
1773047407,831644973,world,cf231,-2.641557455062866,-1.9160141944885254,0.993297815322876
1773047407,831644973,world,cf231_leg,-2.6395509243011475,-1.9182302951812744,0.9780526161193848
1773047407,835691046,world,cf231,-2.641655921936035,-1.915998935699463,0.9934006929397583
1773047407,835691046,world,cf231_leg,-2.63985538482666,-1.918122410774231,0.9782147407531738
1773047407,840686225,world,cf231,-2.6419339179992676,-1.9158457517623901,0.9936869144439697
1773047407,840686225,world,cf231_leg,-2.6398158073425293,-1.9181110858917236,0.978236198425293
1773047407,845641593,world,cf231,-2.6419928073883057,-1.9157724380493164,0.9937900304794312
1773047407,845641593,world,cf231_leg,-2.6399147510528564,-1.9180973768234253,0.9783122539520264
1773047407,850700488,world,cf231,-2.642083168029785,-1.915643572807312,0.9939491748809814
1773047407,850700488,world,cf231_leg,-2.639906406402588,-1.9179826974868774,0.978346586227417
1773047407,855882882,world,cf231,-2.642184019088745,-1.9155471324920654,0.9938720464706421
1773047407,855882882,world,cf231_leg,-2.640130043029785,-1.9179284572601318,0.9784411191940308
1773047407,860800117,world,cf231,-2.6422643661499023,-1.9154243469238281,0.9939528703689575
1773047407,860800117,world,cf231_leg,-2.6401162147521973,-1.9178571701049805,0.97852623462677
1773047407,866585664,world,cf231,-2.6423277854919434,-1.9153084754943848,0.9940272569656372
1773047407,866585664,world,cf231_leg,-2.6402556896209717,-1.9178578853607178,0.9785916805267334
1773047407,871103006,world,cf231,-2.6424648761749268,-1.9151923656463623,0.9941152334213257
1773047407,871103006,world,cf231_leg,-2.640434980392456,-1.917758822441101,0.9788718223571777
1773047407,875751197,world,cf231,-2.6425392627716064,-1.9150325059890747,0.9940903186798096
1773047407,875751197,world,cf231_leg,-2.6404502391815186,-1.9177064895629883,0.9788796901702881
1773047407,880805761,world,cf231,-2.642655611038208,-1.9149667024612427,0.9941985607147217
1773047407,880805761,world,cf231_leg,-2.6405563354492188,-1.9176838397979736,0.9790357351303101
1773047407,886652821,world,cf231,-2.6427273750305176,-1.9148510694503784,0.9941977262496948
1773047407,886652821,world,cf231_leg,-2.6406655311584473,-1.9176640510559082,0.9791827201843262
1773047407,890907050,world,cf231,-2.6428866386413574,-1.9146835803985596,0.9942426681518555
1773047407,890907050,world,cf231_leg,-2.640946865081787,-1.917569875717163,0.979239821434021
1773047407,895986419,world,cf231,-2.6430749893188477,-1.914535403251648,0.9942121505737305
1773047407,895986419,world,cf231_leg,-2.640953779220581,-1.917494773864746,0.9793052673339844
1773047407,900978564,world,cf231,-2.643249273300171,-1.9144307374954224,0.994307279586792
1773047407,900978564,world,cf231_leg,-2.6410610675811768,-1.9173935651779175,0.9793031215667725
1773047407,905908645,world,cf231,-2.6434805393218994,-1.9143776893615723,0.994407057762146
1773047407,905908645,world,cf231_leg,-2.6411492824554443,-1.9175004959106445,0.9793577194213867
1773047407,910749341,world,cf231,-2.643690347671509,-1.9142937660217285,0.9943721294403076
1773047407,910749341,world,cf231_leg,-2.641267776489258,-1.9172794818878174,0.9793741703033447
1773047407,916629686,world,cf231,-2.6437439918518066,-1.9140700101852417,0.9943503141403198
1773047407,916629686,world,cf231_leg,-2.6413509845733643,-1.917272925376892,0.9794387817382812
1773047407,920734472,world,cf231,-2.643932580947876,-1.9140360355377197,0.9943374395370483
1773047407,920734472,world,cf231_leg,-2.6415014266967773,-1.917250394821167,0.9794050455093384
1773047407,925808714,world,cf231,-2.6440834999084473,-1.913912296295166,0.9944580793380737
1773047407,925808714,world,cf231_leg,-2.64156436920166,-1.9171801805496216,0.9794578552246094
1773047407,930963113,world,cf231,-2.6443631649017334,-1.9137941598892212,0.9946014881134033
1773047407,930963113,world,cf231_leg,-2.6418023109436035,-1.91718590259552,0.9795968532562256
1773047407,937493319,world,cf231,-2.6445302963256836,-1.913618564605713,0.9947317838668823
1773047407,937493319,world,cf231_leg,-2.6418375968933105,-1.9170759916305542,0.9797443151473999
1773047407,940659184,world,cf231,-2.6446800231933594,-1.913413166999817,0.994699239730835
1773047407,940659184,world,cf231_leg,-2.6418628692626953,-1.9170154333114624,0.9798095226287842
1773047407,945762087,world,cf231,-2.644943952560425,-1.9134612083435059,0.9948508739471436
1773047407,945762087,world,cf231_leg,-2.6421148777008057,-1.9170271158218384,0.979846715927124
1773047407,951745743,world,cf231,-2.6451289653778076,-1.9133124351501465,0.9948471784591675
1773047407,951745743,world,cf231_leg,-2.642289876937866,-1.9169901609420776,0.9798989295959473
1773047407,955804825,world,cf231,-2.6453356742858887,-1.9131948947906494,0.9949766397476196
1773047407,955804825,world,cf231_leg,-2.6424593925476074,-1.9168751239776611,0.9798243045806885
1773047407,961457925,world,cf231,-2.645541191101074,-1.913040041923523,0.9949514865875244
1773047407,961457925,world,cf231_leg,-2.6425254344940186,-1.9169296026229858,0.9800454378128052
1773047407,966767901,world,cf231,-2.6457011699676514,-1.9129425287246704,0.9950159788131714
1773047407,966767901,world,cf231_leg,-2.642638683319092,-1.916783332824707,0.9799766540527344
1773047407,970896271,world,cf231,-2.645883560180664,-1.9128379821777344,0.9950358867645264
1773047407,970896271,world,cf231_leg,-2.642892837524414,-1.916860818862915,0.9800087213516235
1773047407,975765765,world,cf231,-2.646280527114868,-1.9128018617630005,0.9951666593551636
1773047407,975765765,world,cf231_leg,-2.643038749694824,-1.9167041778564453,0.9799717664718628
1773047407,980858609,world,cf231,-2.6464662551879883,-1.9126535654067993,0.9951616525650024
1773047407,980858609,world,cf231_leg,-2.6431539058685303,-1.91670560836792,0.9800671339035034
1773047407,986028511,world,cf231,-2.646801233291626,-1.9126547574996948,0.995334267616272
1773047407,986028511,world,cf231_leg,-2.643343448638916,-1.9165620803833008,0.9799823760986328
1773047407,993876797,world,cf231,-2.647146224975586,-1.9126135110855103,0.9954280853271484
1773047407,993876797,world,cf231_leg,-2.643566846847534,-1.9165738821029663,0.9800930023193359
1773047407,995931844,world,cf231,-2.647282600402832,-1.9125299453735352,0.9953806400299072
1773047407,995931844,world,cf231_leg,-2.6436550617218018,-1.9164103269577026,0.9800747632980347
1773047408,712169,world,cf231,-2.647444725036621,-1.9124764204025269,0.9954191446304321
1773047408,712169,world,cf231_leg,-2.6437249183654785,-1.916364073753357,0.9800879955291748
1773047408,7434953,world,cf231,-2.64768648147583,-1.9123344421386719,0.9954226016998291
1773047408,7434953,world,cf231_leg,-2.6439130306243896,-1.9163768291473389,0.9800461530685425
1773047408,11573702,world,cf231,-2.6478989124298096,-1.912331223487854,0.9955193996429443
1773047408,11573702,world,cf231_leg,-2.6440589427948,-1.9162863492965698,0.9800246953964233
1773047408,15854041,world,cf231,-2.6481130123138428,-1.9123181104660034,0.9954757690429688
1773047408,15854041,world,cf231_leg,-2.644258499145508,-1.916347861289978,0.9801973104476929
1773047408,21704617,world,cf231,-2.6483287811279297,-1.9122713804244995,0.9955469369888306
1773047408,21704617,world,cf231_leg,-2.644362449645996,-1.9162555932998657,0.9800735712051392
1773047408,25825399,world,cf231,-2.648453950881958,-1.9122389554977417,0.9954417943954468
1773047408,25825399,world,cf231_leg,-2.6444313526153564,-1.9162081480026245,0.980090856552124
1773047408,31652470,world,cf231,-2.648777961730957,-1.9122037887573242,0.995557427406311
1773047408,31652470,world,cf231_leg,-2.644721746444702,-1.916129469871521,0.9799435138702393
1773047408,35960443,world,cf231,-2.649026393890381,-1.9121768474578857,0.995525598526001
1773047408,35960443,world,cf231_leg,-2.644766330718994,-1.9160654544830322,0.9800088405609131
1773047408,42587016,world,cf231,-2.6492106914520264,-1.9121440649032593,0.995559573173523
1773047408,42587016,world,cf231_leg,-2.644922971725464,-1.9159669876098633,0.9800429344177246
1773047408,46650973,world,cf231,-2.6495800018310547,-1.9120558500289917,0.9954122304916382
1773047408,46650973,world,cf231_leg,-2.645015239715576,-1.9160293340682983,0.9800512790679932
1773047408,50786451,world,cf231,-2.6498422622680664,-1.9121382236480713,0.995448112487793
1773047408,50786451,world,cf231_leg,-2.6453635692596436,-1.9159451723098755,0.9800176620483398
1773047408,55680830,world,cf231,-2.6500322818756104,-1.9119889736175537,0.9953960180282593
1773047408,55680830,world,cf231_leg,-2.6454927921295166,-1.9159053564071655,0.9799928665161133
1773047408,61039845,world,cf231,-2.6501712799072266,-1.9119080305099487,0.9953410625457764
1773047408,61039845,world,cf231_leg,-2.645676374435425,-1.9158607721328735,0.9801212549209595
1773047408,65798324,world,cf231,-2.6505417823791504,-1.9120434522628784,0.9954025745391846
1773047408,65798324,world,cf231_leg,-2.6457679271698,-1.9158215522766113,0.979966402053833
1773047408,70864533,world,cf231,-2.6506612300872803,-1.9118971824645996,0.9953300952911377
1773047408,70864533,world,cf231_leg,-2.646124839782715,-1.9158307313919067,0.9801734685897827
1773047408,76692273,world,cf231,-2.650881767272949,-1.9119635820388794,0.9953707456588745
1773047408,76692273,world,cf231_leg,-2.6462903022766113,-1.9157557487487793,0.980149507522583
1773047408,81039937,world,cf231,-2.651089668273926,-1.911924958229065,0.995357871055603
1773047408,81039937,world,cf231_leg,-2.646392822265625,-1.9156779050827026,0.9801833629608154
1773047408,85818940,world,cf231,-2.651221513748169,-1.9118863344192505,0.995356559753418
1773047408,85818940,world,cf231_leg,-2.646549940109253,-1.9156110286712646,0.9800816774368286
1773047408,90872185,world,cf231,-2.6514430046081543,-1.9119538068771362,0.995394229888916
1773047408,90872185,world,cf231_leg,-2.646707057952881,-1.915558099746704,0.9801181554794312
1773047408,96673723,world,cf231,-2.651639223098755,-1.9119141101837158,0.9954842329025269
1773047408,96673723,world,cf231_leg,-2.6468772888183594,-1.9155309200286865,0.9800678491592407
1773047408,101009129,world,cf231,-2.651780843734741,-1.9118770360946655,0.9954037666320801
1773047408,101009129,world,cf231_leg,-2.6470234394073486,-1.915454387664795,0.9801845550537109
1773047408,106726108,world,cf231,-2.652177095413208,-1.912031650543213,0.9954146146774292
1773047408,106726108,world,cf231_leg,-2.647214412689209,-1.9154421091079712,0.9801121950149536
1773047408,110751003,world,cf231,-2.652304172515869,-1.9120383262634277,0.9954593181610107
1773047408,110751003,world,cf231_leg,-2.647352457046509,-1.9154108762741089,0.9803152084350586
1773047408,115987535,world,cf231,-2.652585744857788,-1.9120663404464722,0.995461106300354
1773047408,115987535,world,cf231_leg,-2.6475963592529297,-1.9155153036117554,0.9802877902984619
1773047408,120748053,world,cf231,-2.65273380279541,-1.9120200872421265,0.995468020439148
1773047408,120748053,world,cf231_leg,-2.6476988792419434,-1.9153459072113037,0.9802992343902588
1773047408,125847248,world,cf231,-2.6530325412750244,-1.9119994640350342,0.9954947233200073
1773047408,125847248,world,cf231_leg,-2.647801399230957,-1.9153650999069214,0.9802142381668091
1773047408,130800980,world,cf231,-2.653350591659546,-1.9121993780136108,0.995538592338562
1773047408,130800980,world,cf231_leg,-2.647918224334717,-1.915255069732666,0.9802711009979248
1773047408,135817580,world,cf231,-2.65364670753479,-1.912223219871521,0.9955877065658569
1773047408,135817580,world,cf231_leg,-2.6481263637542725,-1.915253758430481,0.9803563356399536
1773047408,141580023,world,cf231,-2.653817892074585,-1.912247896194458,0.9954103231430054
1773047408,141580023,world,cf231_leg,-2.6484296321868896,-1.915223240852356,0.980405330657959
1773047408,146745391,world,cf231,-2.65407657623291,-1.9122132062911987,0.9954370260238647
1773047408,146745391,world,cf231_leg,-2.648411750793457,-1.915115237236023,0.9803674221038818
1773047408,150784473,world,cf231,-2.654290199279785,-1.9122469425201416,0.9954100847244263
1773047408,150784473,world,cf231_leg,-2.648714065551758,-1.915130853652954,0.9804372787475586
1773047408,155788703,world,cf231,-2.6545302867889404,-1.9123784303665161,0.9954687356948853
1773047408,155788703,world,cf231_leg,-2.648923397064209,-1.915149450302124,0.9805164337158203
1773047408,160789423,world,cf231,-2.6546289920806885,-1.9122828245162964,0.9954156875610352
1773047408,160789423,world,cf231_leg,-2.6491990089416504,-1.915145993232727,0.9806419610977173
1773047408,165724364,world,cf231,-2.6547772884368896,-1.9122369289398193,0.9954217672348022
1773047408,165724364,world,cf231_leg,-2.6493375301361084,-1.9150334596633911,0.980675458908081
1773047408,170930411,world,cf231,-2.654998779296875,-1.9122600555419922,0.995461106300354
1773047408,170930411,world,cf231_leg,-2.6495091915130615,-1.9151184558868408,0.9806394577026367
1773047408,175838380,world,cf231,-2.655217170715332,-1.9123271703720093,0.995524525642395
1773047408,175838380,world,cf231_leg,-2.6497251987457275,-1.914995789527893,0.9807696342468262
1773047408,181202064,world,cf231,-2.6553680896759033,-1.9123505353927612,0.9955253601074219
1773047408,181202064,world,cf231_leg,-2.64985728263855,-1.9150227308273315,0.9807370901107788
1773047408,185846778,world,cf231,-2.655660629272461,-1.9123046398162842,0.9955816268920898
1773047408,185846778,world,cf231_leg,-2.6500914096832275,-1.914926290512085,0.980736494064331
1773047408,190981279,world,cf231,-2.65576434135437,-1.912394404411316,0.9955345392227173
1773047408,190981279,world,cf231_leg,-2.6501996517181396,-1.9149372577667236,0.9807500839233398
1773047408,196692690,world,cf231,-2.6559834480285645,-1.912304162979126,0.9955800771713257
1773047408,196692690,world,cf231_leg,-2.65040922164917,-1.914955735206604,0.9808292388916016
1773047408,201127492,world,cf231,-2.656256914138794,-1.912376880645752,0.9956538677215576
1773047408,201127492,world,cf231_leg,-2.6504628658294678,-1.91484797000885,0.9808038473129272
1773047408,205933460,world,cf231,-2.6565332412719727,-1.912449598312378,0.9957023859024048
1773047408,205933460,world,cf231_leg,-2.6507253646850586,-1.9149181842803955,0.9809108972549438
1773047408,210851147,world,cf231,-2.656741142272949,-1.9123669862747192,0.995690107345581
1773047408,210851147,world,cf231_leg,-2.650749921798706,-1.9147560596466064,0.9808135032653809
1773047408,216750785,world,cf231,-2.656949043273926,-1.9123976230621338,0.9956967830657959
1773047408,216750785,world,cf231_leg,-2.65091609954834,-1.9147741794586182,0.9808076620101929
1773047408,221021591,world,cf231,-2.6570448875427246,-1.9123021364212036,0.9956687688827515
1773047408,221021591,world,cf231_leg,-2.651043176651001,-1.914734125137329,0.9808050394058228
1773047408,225762068,world,cf231,-2.6573727130889893,-1.9123824834823608,0.9957720041275024
1773047408,225762068,world,cf231_leg,-2.651233196258545,-1.9147679805755615,0.9807534217834473
1773047408,230964800,world,cf231,-2.6575300693511963,-1.9124066829681396,0.9957205057144165
1773047408,230964800,world,cf231_leg,-2.6513750553131104,-1.9147229194641113,0.9807764291763306
1773047408,235861857,world,cf231,-2.657623291015625,-1.9123111963272095,0.9957175254821777
1773047408,235861857,world,cf231_leg,-2.6514480113983154,-1.9146772623062134,0.9807673692703247
1773047408,243253515,world,cf231,-2.657817840576172,-1.9122779369354248,0.9956530332565308
1773047408,243253515,world,cf231_leg,-2.6517834663391113,-1.9147469997406006,0.9808671474456787
1773047408,245935420,world,cf231,-2.6579699516296387,-1.9123024940490723,0.9956506490707397
1773047408,245935420,world,cf231_leg,-2.651874542236328,-1.914650321006775,0.980841875076294
1773047408,250944479,world,cf231,-2.6581366062164307,-1.9123207330703735,0.9956777095794678
1773047408,250944479,world,cf231_leg,-2.652048110961914,-1.9146144390106201,0.9809126853942871
1773047408,255999745,world,cf231,-2.6582841873168945,-1.9122741222381592,0.9956858158111572
1773047408,255999745,world,cf231_leg,-2.6521711349487305,-1.9145519733428955,0.9809237718582153
1773047408,260804753,world,cf231,-2.6583638191223145,-1.9122997522354126,0.9956682920455933
1773047408,260804753,world,cf231_leg,-2.6522626876831055,-1.9145334959030151,0.9807811975479126
1773047408,265802861,world,cf231,-2.6585848331451416,-1.9122531414031982,0.9956889152526855
1773047408,265802861,world,cf231_leg,-2.6525540351867676,-1.914509892463684,0.9807779788970947
1773047408,270853370,world,cf231,-2.6586670875549316,-1.912209391593933,0.9956270456314087
1773047408,270853370,world,cf231_leg,-2.652665853500366,-1.9144092798233032,0.9807332754135132
1773047408,275950157,world,cf231,-2.65873646736145,-1.912126898765564,0.9955143928527832
1773047408,275950157,world,cf231_leg,-2.6528491973876953,-1.914443016052246,0.9807451963424683
1773047408,281747990,world,cf231,-2.658904790878296,-1.9120301008224487,0.9955028295516968
1773047408,281747990,world,cf231_leg,-2.6528427600860596,-1.914271593093872,0.9806004762649536
1773047408,285864257,world,cf231,-2.6590542793273926,-1.9120992422103882,0.9955228567123413
1773047408,285864257,world,cf231_leg,-2.6531007289886475,-1.9144076108932495,0.9807647466659546
1773047408,292139726,world,cf231,-2.659026861190796,-1.9118841886520386,0.9954054355621338
1773047408,292139726,world,cf231_leg,-2.6530654430389404,-1.9141274690628052,0.9806896448135376
1773047408,295925822,world,cf231,-2.659282922744751,-1.9118129014968872,0.9953016042709351
1773047408,295925822,world,cf231_leg,-2.6532227993011475,-1.9142189025878906,0.9806240797042847
1773047408,300990772,world,cf231,-2.6594691276550293,-1.9117794036865234,0.9953124523162842
1773047408,300990772,world,cf231_leg,-2.6534454822540283,-1.9141395092010498,0.9804246425628662
1773047408,305907745,world,cf231,-2.659684896469116,-1.9118469953536987,0.9953994750976562
1773047408,305907745,world,cf231_leg,-2.6534392833709717,-1.9141026735305786,0.9803229570388794
1773047408,311052526,world,cf231,-2.659722089767456,-1.911594271659851,0.9952166080474854
1773047408,311052526,world,cf231_leg,-2.653592348098755,-1.9140148162841797,0.9802519083023071
1773047408,316050028,world,cf231,-2.6599552631378174,-1.9116183519363403,0.9951529502868652
1773047408,316050028,world,cf231_leg,-2.653632402420044,-1.9139916896820068,0.9800796508789062
1773047408,320965714,world,cf231,-2.6601014137268066,-1.9116424322128296,0.9952026605606079
1773047408,320965714,world,cf231_leg,-2.6537671089172363,-1.913877010345459,0.9801408052444458
1773047408,325763454,world,cf231,-2.6602344512939453,-1.9114962816238403,0.99500572681427
1773047408,325763454,world,cf231_leg,-2.6537325382232666,-1.913720726966858,0.9799501895904541
1773047408,330806223,world,cf231,-2.6603219509124756,-1.9114079475402832,0.9948962926864624
1773047408,330806223,world,cf231_leg,-2.6538476943969727,-1.9137177467346191,0.9797629117965698
1773047408,335652841,world,cf231,-2.660496473312378,-1.9114258289337158,0.9948495626449585
1773047408,335652841,world,cf231_leg,-2.6539840698242188,-1.913716197013855,0.9798358678817749
1773047408,341224010,world,cf231,-2.660472869873047,-1.9112807512283325,0.9947248697280884
1773047408,341224010,world,cf231_leg,-2.6541879177093506,-1.913764476776123,0.9798270463943481
1773047408,345829907,world,cf231,-2.6606271266937256,-1.9112355709075928,0.9946790933609009
1773047408,345829907,world,cf231_leg,-2.654167413711548,-1.9135545492172241,0.9796491861343384
1773047408,350701532,world,cf231,-2.660625696182251,-1.9110832214355469,0.9945112466812134
1773047408,350701532,world,cf231_leg,-2.654245615005493,-1.9134441614151,0.9795788526535034
1773047408,356740764,world,cf231,-2.6607630252838135,-1.911044955253601,0.9944601058959961
1773047408,356740764,world,cf231_leg,-2.6542961597442627,-1.913443684577942,0.9793291091918945
1773047408,360892817,world,cf231,-2.6608264446258545,-1.910892367362976,0.9943803548812866
1773047408,360892817,world,cf231_leg,-2.654538631439209,-1.9134323596954346,0.9794241189956665
1773047408,367963618,world,cf231,-2.6608870029449463,-1.9107469320297241,0.9941688776016235
1773047408,367963618,world,cf231_leg,-2.6546356678009033,-1.9132875204086304,0.9790672063827515
1773047408,371726005,world,cf231,-2.661001682281494,-1.9106507301330566,0.9939678907394409
1773047408,371726005,world,cf231_leg,-2.6546430587768555,-1.9132436513900757,0.978998064994812
1773047408,375940183,world,cf231,-2.66104793548584,-1.9105123281478882,0.9937257766723633
1773047408,375940183,world,cf231_leg,-2.654768705368042,-1.9132001399993896,0.9787309169769287
1773047408,380821549,world,cf231,-2.6611435413360596,-1.9104162454605103,0.9936996698379517
1773047408,380821549,world,cf231_leg,-2.6547586917877197,-1.9131052494049072,0.9784953594207764
1773047408,385873834,world,cf231,-2.661194324493408,-1.9102693796157837,0.9935672283172607
1773047408,385873834,world,cf231_leg,-2.654991626739502,-1.913120985031128,0.9785311222076416
1773047408,390940249,world,cf231,-2.6613223552703857,-1.9102301597595215,0.9935942888259888
1773047408,390940249,world,cf231_leg,-2.65497088432312,-1.9129314422607422,0.9783666133880615
1773047408,396007207,world,cf231,-2.6614346504211426,-1.9102061986923218,0.9934543371200562
1773047408,396007207,world,cf231_leg,-2.6550564765930176,-1.9129916429519653,0.978422999382019
1773047408,400887874,world,cf231,-2.661482810974121,-1.9100626707077026,0.9933632612228394
1773047408,400887874,world,cf231_leg,-2.6551077365875244,-1.9128786325454712,0.97813880443573
1773047408,406056236,world,cf231,-2.6615824699401855,-1.9099675416946411,0.9933092594146729
1773047408,406056236,world,cf231_leg,-2.6551759243011475,-1.9128427505493164,0.9780263900756836
1773047408,411548507,world,cf231,-2.661653995513916,-1.9098871946334839,0.9931912422180176
1773047408,411548507,world,cf231_leg,-2.6553142070770264,-1.9127603769302368,0.9779285192489624
1773047408,415916125,world,cf231,-2.661860942840576,-1.909847617149353,0.9931811094284058
1773047408,415916125,world,cf231_leg,-2.6553332805633545,-1.9127098321914673,0.9779109954833984
1773047408,421813330,world,cf231,-2.661909341812134,-1.9097012281417847,0.9930729866027832
1773047408,421813330,world,cf231_leg,-2.6553170680999756,-1.912489891052246,0.9778369665145874
1773047408,425876142,world,cf231,-2.661907911300659,-1.9096211194992065,0.9929414987564087
1773047408,425876142,world,cf231_leg,-2.6552863121032715,-1.9124666452407837,0.9776512384414673
1773047408,430890392,world,cf231,-2.6620278358459473,-1.9095196723937988,0.9928667545318604
1773047408,430890392,world,cf231_leg,-2.6554555892944336,-1.9124386310577393,0.9776043891906738
1773047408,435808692,world,cf231,-2.662095546722412,-1.9094822406768799,0.9927754402160645
1773047408,435808692,world,cf231_leg,-2.655522108078003,-1.9123557806015015,0.9774947166442871
1773047408,442958159,world,cf231,-2.662121295928955,-1.9093427658081055,0.9927115440368652
1773047408,442958159,world,cf231_leg,-2.6556148529052734,-1.9122607707977295,0.977465033531189
1773047408,445942561,world,cf231,-2.662170171737671,-1.9092410802841187,0.9925999641418457
1773047408,445942561,world,cf231_leg,-2.655635118484497,-1.9122872352600098,0.9773125648498535
1773047408,450758201,world,cf231,-2.6620373725891113,-1.9091181755065918,0.9923161268234253
1773047408,450758201,world,cf231_leg,-2.6557345390319824,-1.9122601747512817,0.9772493839263916
1773047408,456039288,world,cf231,-2.662067174911499,-1.9090684652328491,0.9922193288803101
1773047408,456039288,world,cf231_leg,-2.655865430831909,-1.9122670888900757,0.9772229194641113
1773047408,460896805,world,cf231,-2.662135362625122,-1.9089518785476685,0.992247462272644
1773047408,460896805,world,cf231_leg,-2.655850410461426,-1.912192463874817,0.977043628692627
1773047408,466819793,world,cf231,-2.662046432495117,-1.908841848373413,0.9919172525405884
1773047408,466819793,world,cf231_leg,-2.6559338569641113,-1.9120925664901733,0.9767829179763794
1773047408,470904361,world,cf231,-2.662043571472168,-1.9088046550750732,0.991787314414978
1773047408,470904361,world,cf231_leg,-2.655923366546631,-1.9120200872421265,0.976575493812561
1773047408,475902762,world,cf231,-2.6620147228240967,-1.9087042808532715,0.9917099475860596
1773047408,475902762,world,cf231_leg,-2.656172513961792,-1.9120603799819946,0.9764865636825562
1773047408,481098594,world,cf231,-2.6620290279388428,-1.908616065979004,0.9915874004364014
1773047408,481098594,world,cf231_leg,-2.656224012374878,-1.911963939666748,0.9763526916503906
1773047408,486060264,world,cf231,-2.6619479656219482,-1.9085174798965454,0.9913159608840942
1773047408,486060264,world,cf231_leg,-2.6561999320983887,-1.911820411682129,0.976230263710022
1773047408,491688172,world,cf231,-2.6619184017181396,-1.9084162712097168,0.9912406206130981
1773047408,491688172,world,cf231_leg,-2.6562716960906982,-1.9118516445159912,0.976108193397522
1773047408,495908631,world,cf231,-2.6619389057159424,-1.9083728790283203,0.9910639524459839
1773047408,495908631,world,cf231_leg,-2.656254529953003,-1.9117555618286133,0.9759384393692017
1773047408,502033296,world,cf231,-2.6619274616241455,-1.9083354473114014,0.991010308265686
1773047408,502033296,world,cf231_leg,-2.656404495239258,-1.9117021560668945,0.9760408401489258
1773047408,505881025,world,cf231,-2.6619064807891846,-1.9082343578338623,0.9908590316772461
1773047408,505881025,world,cf231_leg,-2.656489133834839,-1.911747694015503,0.9756741523742676
1773047408,511131814,world,cf231,-2.6619396209716797,-1.9082105159759521,0.9907571077346802
1773047408,511131814,world,cf231_leg,-2.6565563678741455,-1.9116345643997192,0.9756966829299927
1773047408,516953623,world,cf231,-2.6619184017181396,-1.9081095457077026,0.9906055927276611
1773047408,516953623,world,cf231_leg,-2.656496047973633,-1.9116675853729248,0.9754585027694702
1773047408,520933444,world,cf231,-2.6618669033050537,-1.9081372022628784,0.9904316663742065
1773047408,520933444,world,cf231_leg,-2.6566336154937744,-1.911553978919983,0.9754958152770996
1773047408,525899281,world,cf231,-2.661862373352051,-1.9079515933990479,0.9904265403747559
1773047408,525899281,world,cf231_leg,-2.6565144062042236,-1.9114248752593994,0.9752733707427979
1773047408,531024670,world,cf231,-2.661835193634033,-1.9079995155334473,0.9902243614196777
1773047408,531024670,world,cf231_leg,-2.6566758155822754,-1.9114402532577515,0.9752979278564453
1773047408,535745811,world,cf231,-2.66169810295105,-1.9078868627548218,0.990103006362915
1773047408,535745811,world,cf231_leg,-2.6566009521484375,-1.9113376140594482,0.9751458168029785
1773047408,541860629,world,cf231,-2.6617586612701416,-1.9078923463821411,0.9900634288787842
1773047408,541860629,world,cf231_leg,-2.6566708087921143,-1.911291241645813,0.9751604795455933
1773047408,545928412,world,cf231,-2.661749839782715,-1.9077850580215454,0.9899660348892212
1773047408,545928412,world,cf231_leg,-2.65677547454834,-1.911300778388977,0.9752000570297241
1773047408,551851557,world,cf231,-2.661675214767456,-1.907677412033081,0.9897814989089966
1773047408,551851557,world,cf231_leg,-2.656723737716675,-1.9112504720687866,0.9751685857772827
1773047408,555977783,world,cf231,-2.6616997718811035,-1.9077346324920654,0.9899088144302368
1773047408,555977783,world,cf231_leg,-2.6567201614379883,-1.9111475944519043,0.9750303030014038
1773047408,561158977,world,cf231,-2.661691904067993,-1.9076772928237915,0.9896305799484253
1773047408,561158977,world,cf231_leg,-2.6567301750183105,-1.911217212677002,0.9749710559844971
1773047408,566945418,world,cf231,-2.6616806983947754,-1.9075676202774048,0.9895397424697876
1773047408,566945418,world,cf231_leg,-2.656827211380005,-1.9111266136169434,0.9751819372177124
1773047408,571065351,world,cf231,-2.6615936756134033,-1.90744948387146,0.9898102283477783
1773047408,571065351,world,cf231_leg,-2.6567821502685547,-1.9109511375427246,0.9749317169189453
1773047408,577208440,world,cf231,-2.661576509475708,-1.9073984622955322,0.989452600479126
1773047408,577208440,world,cf231_leg,-2.656811237335205,-1.910939335823059,0.9749891757965088
1773047408,581112976,world,cf231,-2.6615512371063232,-1.9074499607086182,0.9895192384719849
1773047408,581112976,world,cf231_leg,-2.6567184925079346,-1.9108408689498901,0.9748345613479614
1773047408,585852738,world,cf231,-2.661597967147827,-1.9073456525802612,0.9894143342971802
1773047408,585852738,world,cf231_leg,-2.656816244125366,-1.911006212234497,0.9749596118927002
1773047408,591948720,world,cf231,-2.661572217941284,-1.9073272943496704,0.9894627332687378
1773047408,591948720,world,cf231_leg,-2.6569058895111084,-1.9109101295471191,0.9749541282653809
1773047408,596037375,world,cf231,-2.6615397930145264,-1.9072258472442627,0.9894126653671265
1773047408,596037375,world,cf231_leg,-2.6568572521209717,-1.9107946157455444,0.9748834371566772
1773047408,602700322,world,cf231,-2.6615283489227295,-1.9072211980819702,0.9896891117095947
1773047408,602700322,world,cf231_leg,-2.656907558441162,-1.91079843044281,0.9749168157577515
1773047408,606153931,world,cf231,-2.6615498065948486,-1.9071359634399414,0.9897867441177368
1773047408,606153931,world,cf231_leg,-2.6567678451538086,-1.9107325077056885,0.974853515625
1773047408,611234766,world,cf231,-2.6614859104156494,-1.9070930480957031,0.9896970987319946
1773047408,611234766,world,cf231_leg,-2.6569266319274902,-1.9107476472854614,0.9748998880386353
1773047408,616831352,world,cf231,-2.6616263389587402,-1.9071406126022339,0.9895986318588257
1773047408,616831352,world,cf231_leg,-2.656947135925293,-1.9107435941696167,0.9748803377151489
1773047408,622009153,world,cf231,-2.661571979522705,-1.9070074558258057,0.9898840188980103
1773047408,622009153,world,cf231_leg,-2.6569888591766357,-1.9106792211532593,0.974968671798706
1773047408,626247828,world,cf231,-2.6614904403686523,-1.9069379568099976,0.9899271726608276
1773047408,626247828,world,cf231_leg,-2.6569085121154785,-1.9106101989746094,0.9750127792358398
1773047408,631263804,world,cf231,-2.661454677581787,-1.9069174528121948,0.9900566339492798
1773047408,631263804,world,cf231_leg,-2.6570188999176025,-1.9106565713882446,0.9751542806625366
1773047408,636127371,world,cf231,-2.661489486694336,-1.9068602323532104,0.9900680780410767
1773047408,636127371,world,cf231_leg,-2.6569666862487793,-1.9105396270751953,0.9751092195510864
1773047408,641073719,world,cf231,-2.6614627838134766,-1.9068776369094849,0.9902750253677368
1773047408,641073719,world,cf231_leg,-2.6569504737854004,-1.9105908870697021,0.975103497505188
1773047408,645976986,world,cf231,-2.6614620685577393,-1.906877040863037,0.990276575088501
1773047408,645976986,world,cf231_leg,-2.6569466590881348,-1.910478115081787,0.9751119613647461
1773047408,651092580,world,cf231,-2.661479949951172,-1.9069079160690308,0.9904357194900513
1773047408,651092580,world,cf231_leg,-2.6570680141448975,-1.9106093645095825,0.9753274917602539
1773047408,655935044,world,cf231,-2.661444902420044,-1.9067742824554443,0.9905463457107544
1773047408,655935044,world,cf231_leg,-2.657144784927368,-1.9105087518692017,0.9754207134246826
1773047408,661082107,world,cf231,-2.6613881587982178,-1.9068042039871216,0.9906953573226929
1773047408,661082107,world,cf231_leg,-2.657010316848755,-1.9103565216064453,0.9755735397338867
1773047408,666818321,world,cf231,-2.6614747047424316,-1.9068981409072876,0.991092324256897
1773047408,666818321,world,cf231_leg,-2.657123327255249,-1.910516619682312,0.9757251739501953
1773047408,671293918,world,cf231,-2.661393642425537,-1.9067641496658325,0.9909392595291138
1773047408,671293918,world,cf231_leg,-2.6571311950683594,-1.9104422330856323,0.9757879972457886
1773047408,678371986,world,cf231,-2.661447048187256,-1.906800627708435,0.9912853240966797
1773047408,678371986,world,cf231_leg,-2.657182455062866,-1.9105130434036255,0.9758336544036865
1773047408,681110034,world,cf231,-2.6614766120910645,-1.9068667888641357,0.9914789199829102
1773047408,681110034,world,cf231_leg,-2.6571786403656006,-1.910414695739746,0.9759782552719116
1773047408,685837571,world,cf231,-2.661374092102051,-1.9067336320877075,0.9915250539779663
1773047408,685837571,world,cf231_leg,-2.657200813293457,-1.9104663133621216,0.9761011600494385
1773047408,691830923,world,cf231,-2.6614022254943848,-1.9067193269729614,0.99158775806427
1773047408,691830923,world,cf231_leg,-2.6572229862213135,-1.9104520082473755,0.976207971572876
1773047408,695987297,world,cf231,-2.6613988876342773,-1.9068002700805664,0.9917675256729126
1773047408,695987297,world,cf231_leg,-2.657245635986328,-1.9104379415512085,0.9763143062591553
1773047408,701083713,world,cf231,-2.6613240242004395,-1.9066877365112305,0.991759181022644
1773047408,701083713,world,cf231_leg,-2.657254457473755,-1.910419225692749,0.9765204191207886
1773047408,707199430,world,cf231,-2.661449432373047,-1.9068886041641235,0.9919778108596802
1773047408,707199430,world,cf231_leg,-2.6572482585906982,-1.910351037979126,0.9765536785125732
1773047408,710951587,world,cf231,-2.6613552570343018,-1.9067108631134033,0.991951584815979
1773047408,710951587,world,cf231_leg,-2.6573526859283447,-1.910554051399231,0.9767773151397705
1773047408,716114506,world,cf231,-2.6614110469818115,-1.9067960977554321,0.992094874382019
1773047408,716114506,world,cf231_leg,-2.657449722290039,-1.910417914390564,0.9769865274429321
1773047408,721934400,world,cf231,-2.6614391803741455,-1.9068983793258667,0.9921923875808716
1773047408,721934400,world,cf231_leg,-2.6573903560638428,-1.910456657409668,0.977027177810669
1773047408,726250094,world,cf231,-2.661363363265991,-1.9067847728729248,0.9921871423721313
1773047408,726250094,world,cf231_leg,-2.6573736667633057,-1.9103751182556152,0.9772816896438599
1773047408,731903864,world,cf231,-2.661346197128296,-1.9067564010620117,0.9923000335693359
1773047408,731903864,world,cf231_leg,-2.6573779582977295,-1.9104222059249878,0.9772568941116333
1773047408,736089592,world,cf231,-2.6614174842834473,-1.90687096118927,0.992353081703186
1773047408,736089592,world,cf231_leg,-2.6575570106506348,-1.9104727506637573,0.9777158498764038
1773047408,741014190,world,cf231,-2.6614906787872314,-1.9069079160690308,0.9925211668014526
1773047408,741014190,world,cf231_leg,-2.6575961112976074,-1.9103866815567017,0.9778144359588623
1773047408,745848054,world,cf231,-2.6614959239959717,-1.906944751739502,0.9926270246505737
1773047408,745848054,world,cf231_leg,-2.657641887664795,-1.9104399681091309,0.9781756401062012
1773047408,751920327,world,cf231,-2.6615610122680664,-1.9069892168045044,0.9927122592926025
1773047408,751920327,world,cf231_leg,-2.6576383113861084,-1.9104386568069458,0.9782004356384277
1773047408,756054201,world,cf231,-2.6616291999816895,-1.907023549079895,0.9929131269454956
1773047408,756054201,world,cf231_leg,-2.6576931476593018,-1.9104799032211304,0.9783543348312378
1773047408,761660460,world,cf231,-2.6616556644439697,-1.9070106744766235,0.9929975271224976
1773047408,761660460,world,cf231_leg,-2.6577537059783936,-1.9104570150375366,0.9784456491470337
1773047408,766069493,world,cf231,-2.6616809368133545,-1.906996250152588,0.9930859804153442
1773047408,766069493,world,cf231_leg,-2.657707691192627,-1.910443663597107,0.9785155057907104
1773047408,771995041,world,cf231,-2.6617274284362793,-1.9070461988449097,0.9931697845458984
1773047408,771995041,world,cf231_leg,-2.657848596572876,-1.9105908870697021,0.9787265062332153
1773047408,776135031,world,cf231,-2.6618831157684326,-1.907103180885315,0.9937270879745483
1773047408,776135031,world,cf231_leg,-2.657879114151001,-1.9105689525604248,0.9789100885391235
1773047408,781329055,world,cf231,-2.6619763374328613,-1.9070889949798584,0.9938778877258301
1773047408,781329055,world,cf231_leg,-2.657909870147705,-1.9105569124221802,0.9789471626281738
1773047408,785990076,world,cf231,-2.662036895751953,-1.9071687459945679,0.9941484928131104
1773047408,785990076,world,cf231_leg,-2.6579842567443848,-1.9105932712554932,0.9790843725204468
1773047408,791052036,world,cf231,-2.6620750427246094,-1.9072628021240234,0.9943057298660278
1773047408,791052036,world,cf231_leg,-2.6580002307891846,-1.910669207572937,0.9792596101760864
1773047408,796159173,world,cf231,-2.6622159481048584,-1.9071849584579468,0.9947760105133057
1773047408,796159173,world,cf231_leg,-2.6579253673553467,-1.910509467124939,0.9792370796203613
1773047408,801945063,world,cf231,-2.6623103618621826,-1.9072484970092773,0.9947860240936279
1773047408,801945063,world,cf231_leg,-2.6580889225006104,-1.9107351303100586,0.9795734882354736
1773047408,806194701,world,cf231,-2.662353754043579,-1.9072980880737305,0.9948956966400146
1773047408,806194701,world,cf231_leg,-2.658144950866699,-1.9107494354248047,0.9797033071517944
1773047408,811917111,world,cf231,-2.6624960899353027,-1.9075124263763428,0.9953159093856812
1773047408,811917111,world,cf231_leg,-2.6581919193267822,-1.910834550857544,0.9799270629882812
1773047408,815980433,world,cf231,-2.662550210952759,-1.9074921607971191,0.9953070878982544
1773047408,815980433,world,cf231_leg,-2.658167839050293,-1.9107712507247925,0.9799566268920898
1773047408,820957768,world,cf231,-2.6626029014587402,-1.907604455947876,0.995516300201416
1773047408,820957768,world,cf231_leg,-2.6581904888153076,-1.9108024835586548,0.980064868927002
1773047408,825797413,world,cf231,-2.662647008895874,-1.9076547622680664,0.9956239461898804
1773047408,825797413,world,cf231_leg,-2.6583070755004883,-1.9108058214187622,0.9801548719406128
1773047408,831941282,world,cf231,-2.662766695022583,-1.9077041149139404,0.9957218170166016
1773047408,831941282,world,cf231_leg,-2.6583411693573,-1.9108963012695312,0.9803299903869629
1773047408,836227733,world,cf231,-2.6627988815307617,-1.9077608585357666,0.9957747459411621
1773047408,836227733,world,cf231_leg,-2.6583058834075928,-1.9107332229614258,0.9805716276168823
1773047408,847965033,world,cf231,-2.6629185676574707,-1.9079244136810303,0.9958879947662354
1773047408,847965033,world,cf231_leg,-2.6582961082458496,-1.910918951034546,0.9805463552474976
1773047408,848181102,world,cf231,-2.6630351543426514,-1.9079737663269043,0.9960106611251831
1773047408,848181102,world,cf231_leg,-2.6584746837615967,-1.9109647274017334,0.9807232618331909
1773047408,856741931,world,cf231,-2.6629912853240967,-1.9079608917236328,0.9960572719573975
1773047408,856741931,world,cf231_leg,-2.6584596633911133,-1.910939335823059,0.9808299541473389
1773047408,857209876,world,cf231,-2.6631314754486084,-1.908073902130127,0.9961519241333008
1773047408,857209876,world,cf231_leg,-2.6585254669189453,-1.9109382629394531,0.9808883666992188
1773047408,862774723,world,cf231,-2.6631805896759033,-1.90812349319458,0.9962108135223389
1773047408,862774723,world,cf231_leg,-2.6585440635681152,-1.910936951637268,0.9811567068099976
1773047408,866022845,world,cf231,-2.6632156372070312,-1.9081357717514038,0.9962414503097534
1773047408,866022845,world,cf231_leg,-2.65864634513855,-1.9109607934951782,0.9813536405563354
1773047408,871063347,world,cf231,-2.663325548171997,-1.9082282781600952,0.9964152574539185
1773047408,871063347,world,cf231_leg,-2.658714532852173,-1.9109951257705688,0.9815388917922974
1773047408,882563335,world,cf231,-2.663442850112915,-1.9083552360534668,0.996397852897644
1773047408,882563335,world,cf231_leg,-2.6588175296783447,-1.91117262840271,0.9817749261856079
1773047408,882891638,world,cf231,-2.6634490489959717,-1.908348560333252,0.9965031147003174
1773047408,882891638,world,cf231_leg,-2.6588263511657715,-1.9111090898513794,0.981689453125
1773047408,886094656,world,cf231,-2.663468599319458,-1.908341407775879,0.9964845180511475
1773047408,886094656,world,cf231_leg,-2.658820867538452,-1.9112542867660522,0.9819008111953735
1773047408,890901096,world,cf231,-2.6636269092559814,-1.9085179567337036,0.9966011047363281
1773047408,890901096,world,cf231_leg,-2.6590077877044678,-1.9112567901611328,0.9820059537887573
1773047408,896009743,world,cf231,-2.663626194000244,-1.9085172414779663,0.9966031312942505
1773047408,896009743,world,cf231_leg,-2.6589484214782715,-1.9112954139709473,0.9820470809936523
1773047408,901773944,world,cf231,-2.663780927658081,-1.9085793495178223,0.9967294931411743
1773047408,901773944,world,cf231_leg,-2.6590077877044678,-1.9112566709518433,0.9820065498352051
1773047408,906081258,world,cf231,-2.6638951301574707,-1.9087055921554565,0.9967387914657593
1773047408,906081258,world,cf231_leg,-2.6589839458465576,-1.911295771598816,0.9819093942642212
1773047408,911101115,world,cf231,-2.6639318466186523,-1.9086474180221558,0.996727705001831
1773047408,911101115,world,cf231_leg,-2.659066677093506,-1.91130793094635,0.9819719791412354
1773047408,916059859,world,cf231,-2.663999557495117,-1.9087611436843872,0.9968076944351196
1773047408,916059859,world,cf231_leg,-2.6590616703033447,-1.9113425016403198,0.9821643829345703
1773047408,922080742,world,cf231,-2.664090394973755,-1.9088242053985596,0.9968435764312744
1773047408,922080742,world,cf231_leg,-2.6592929363250732,-1.9114701747894287,0.9822361469268799
1773047408,928658922,world,cf231,-2.6642425060272217,-1.9090001583099365,0.9970117807388306
1773047408,928658922,world,cf231_leg,-2.6591336727142334,-1.911409616470337,0.9821888208389282
1773047408,931275876,world,cf231,-2.664198637008667,-1.9089504480361938,0.9969027042388916
1773047408,931275876,world,cf231_leg,-2.6591835021972656,-1.9113565683364868,0.9820636510848999
1773047408,936175175,world,cf231,-2.6642892360687256,-1.909013271331787,0.9969395399093628
1773047408,936175175,world,cf231_leg,-2.659135103225708,-1.9115220308303833,0.9822020530700684
1773047408,941097299,world,cf231,-2.6643521785736084,-1.9090185165405273,0.9968757629394531
1773047408,941097299,world,cf231_leg,-2.659209966659546,-1.9114457368850708,0.982305645942688
1773047408,946362521,world,cf231,-2.664428949356079,-1.9091254472732544,0.9970357418060303
1773047408,946362521,world,cf231_leg,-2.6592252254486084,-1.911481261253357,0.982052206993103
1773047408,951167855,world,cf231,-2.664510488510132,-1.909195065498352,0.9969922304153442
1773047408,951167855,world,cf231_leg,-2.659316301345825,-1.9115426540374756,0.9820626974105835
1773047408,956091855,world,cf231,-2.6646673679351807,-1.9093705415725708,0.9971116781234741
1773047408,956091855,world,cf231_leg,-2.6592917442321777,-1.9115564823150635,0.981978178024292
1773047408,961041663,world,cf231,-2.6646883487701416,-1.9094339609146118,0.9971088171005249
1773047408,961041663,world,cf231_leg,-2.659425735473633,-1.911656141281128,0.9822356700897217
1773047408,966104041,world,cf231,-2.6647229194641113,-1.9094903469085693,0.9971373081207275
1773047408,966104041,world,cf231_leg,-2.659374237060547,-1.911605954170227,0.9822039604187012
1773047408,971236183,world,cf231,-2.6647560596466064,-1.9095107316970825,0.9970334768295288
1773047408,971236183,world,cf231_leg,-2.6594326496124268,-1.9116795063018799,0.9821977615356445
1773047408,976932444,world,cf231,-2.6648783683776855,-1.9097436666488647,0.9971408843994141
1773047408,976932444,world,cf231_leg,-2.6594338417053223,-1.9116127490997314,0.982164740562439
1773047408,981756454,world,cf231,-2.6648876667022705,-1.9097001552581787,0.997065544128418
1773047408,981756454,world,cf231_leg,-2.6593925952911377,-1.9116872549057007,0.9819298982620239
1773047408,987907677,world,cf231,-2.6648736000061035,-1.9097071886062622,0.9970345497131348
1773047408,987907677,world,cf231_leg,-2.6594457626342773,-1.9116615056991577,0.9820722341537476
1773047408,991056331,world,cf231,-2.6648757457733154,-1.9097068309783936,0.9970105886459351
1773047408,991056331,world,cf231_leg,-2.6594326496124268,-1.9116990566253662,0.9819071292877197
1773047408,996191725,world,cf231,-2.665008068084717,-1.9098968505859375,0.9970409870147705
1773047408,996191725,world,cf231_leg,-2.6594772338867188,-1.9116356372833252,0.9819713830947876
1773047409,2003437,world,cf231,-2.6649816036224365,-1.909840703010559,0.9969367980957031
1773047409,2003437,world,cf231_leg,-2.6594347953796387,-1.9116990566253662,0.9818857908248901
1773047409,6124057,world,cf231,-2.6650524139404297,-1.9100241661071777,0.9970095157623291
1773047409,6124057,world,cf231_leg,-2.659489631652832,-1.9117056131362915,0.9818894863128662
1773047409,12365120,world,cf231,-2.6650288105010986,-1.9099606275558472,0.9970376491546631
1773047409,12365120,world,cf231_leg,-2.6594388484954834,-1.9117319583892822,0.9817248582839966
1773047409,16582130,world,cf231,-2.665093421936035,-1.9100370407104492,0.9969881772994995
1773047409,16582130,world,cf231_leg,-2.6595242023468018,-1.9117563962936401,0.9816337823867798
1773047409,21126066,world,cf231,-2.6650514602661133,-1.9100582599639893,0.996894359588623
1773047409,21126066,world,cf231_leg,-2.659454345703125,-1.9117575883865356,0.9816173315048218
1773047409,26168117,world,cf231,-2.665154457092285,-1.9101569652557373,0.9969635009765625
1773047409,26168117,world,cf231_leg,-2.659519910812378,-1.9118129014968872,0.9818358421325684
1773047409,31893368,world,cf231,-2.665135383605957,-1.9101275205612183,0.9968262910842896
1773047409,31893368,world,cf231_leg,-2.6595070362091064,-1.911850929260254,0.9816694259643555
1773047409,36023133,world,cf231,-2.665156364440918,-1.9101260900497437,0.9966303110122681
1773047409,36023133,world,cf231_leg,-2.6595184803009033,-1.9118634462356567,0.9814307689666748
1773047409,42259651,world,cf231,-2.6651649475097656,-1.9100821018218994,0.996556282043457
1773047409,42259651,world,cf231_leg,-2.659487247467041,-1.9118751287460327,0.9813952445983887
1773047409,46130321,world,cf231,-2.6651690006256104,-1.9101529121398926,0.996546745300293
1773047409,46130321,world,cf231_leg,-2.6595075130462646,-1.9118708372116089,0.9813770055770874
1773047409,51085467,world,cf231,-2.6652235984802246,-1.9102792739868164,0.9964176416397095
1773047409,51085467,world,cf231_leg,-2.659518003463745,-1.911827564239502,0.9812842607498169
1773047409,56144603,world,cf231,-2.6652309894561768,-1.9102736711502075,0.9965200424194336
1773047409,56144603,world,cf231_leg,-2.6595184803009033,-1.9118281602859497,0.9812828302383423
1773047409,61406113,world,cf231,-2.665210008621216,-1.9102869033813477,0.9963852167129517
1773047409,61406113,world,cf231_leg,-2.659491777420044,-1.9118094444274902,0.9813377857208252
1773047409,66051195,world,cf231,-2.6652073860168457,-1.9102869033813477,0.9964103698730469
1773047409,66051195,world,cf231_leg,-2.6594643592834473,-1.9118225574493408,0.981276273727417
1773047409,71449012,world,cf231,-2.6652426719665527,-1.9103069305419922,0.9962821006774902
1773047409,71449012,world,cf231_leg,-2.65952730178833,-1.9119269847869873,0.9818016290664673
1773047409,76133972,world,cf231,-2.665210485458374,-1.9102872610092163,0.9963841438293457
1773047409,76133972,world,cf231_leg,-2.6595873832702637,-1.9118939638137817,0.9813321828842163
1773047409,81439711,world,cf231,-2.665221691131592,-1.9102801084518433,0.9964402914047241
1773047409,81439711,world,cf231_leg,-2.6594700813293457,-1.9118596315383911,0.9813770055770874
1773047409,87465994,world,cf231,-2.6652333736419678,-1.9103503227233887,0.9963573217391968
1773047409,87465994,world,cf231_leg,-2.659538984298706,-1.9118901491165161,0.9812784194946289
1773047409,91210138,world,cf231,-2.665210247039795,-1.9102871417999268,0.9963845014572144
1773047409,91210138,world,cf231_leg,-2.6594250202178955,-1.9118564128875732,0.981299877166748
1773047409,96131020,world,cf231,-2.6652307510375977,-1.9103504419326782,0.9963819980621338
1773047409,96131020,world,cf231_leg,-2.65948748588562,-1.9118850231170654,0.9812495708465576
1773047409,101961082,world,cf231,-2.665140151977539,-1.9102874994277954,0.9963457584381104
1773047409,101961082,world,cf231_leg,-2.6593875885009766,-1.9118002653121948,0.9812973737716675
1773047409,106134801,world,cf231,-2.6650683879852295,-1.9102890491485596,0.9963290691375732
1773047409,106134801,world,cf231_leg,-2.659508466720581,-1.9119473695755005,0.9812436103820801
1773047409,111163693,world,cf231,-2.6650028228759766,-1.9102118015289307,0.9963808059692383
1773047409,111163693,world,cf231_leg,-2.659475564956665,-1.9118605852127075,0.9813319444656372
1773047409,116214016,world,cf231,-2.664991855621338,-1.9102072715759277,0.9966549873352051
1773047409,116214016,world,cf231_leg,-2.659555435180664,-1.9120436906814575,0.9816242456436157
1773047409,121111955,world,cf231,-2.664980173110962,-1.910251259803772,0.9967539310455322
1773047409,121111955,world,cf231_leg,-2.6594395637512207,-1.9119071960449219,0.981487512588501
1773047409,126892611,world,cf231,-2.6649274826049805,-1.9102449417114258,0.9967203140258789
1773047409,126892611,world,cf231_leg,-2.6593282222747803,-1.9118598699569702,0.9813501834869385
1773047409,131207983,world,cf231,-2.664890766143799,-1.9101543426513672,0.9968326091766357
1773047409,131207983,world,cf231_leg,-2.6594135761260986,-1.911853551864624,0.9813930988311768
1773047409,136950074,world,cf231,-2.664884090423584,-1.9101976156234741,0.9968830347061157
1773047409,136950074,world,cf231_leg,-2.6594185829162598,-1.9118447303771973,0.9814937114715576
1773047409,141757801,world,cf231,-2.6647706031799316,-1.910071611404419,0.9968732595443726
1773047409,141757801,world,cf231_leg,-2.65938138961792,-1.911802887916565,0.981627345085144
1773047409,145896783,world,cf231,-2.6647403240203857,-1.9100511074066162,0.9969524145126343
1773047409,145896783,world,cf231_leg,-2.659412145614624,-1.9117908477783203,0.9816639423370361
1773047409,151078199,world,cf231,-2.6646060943603516,-1.9099761247634888,0.9969606399536133
1773047409,151078199,world,cf231_leg,-2.659348726272583,-1.9117519855499268,0.9818621873855591
1773047409,156006049,world,cf231,-2.6645944118499756,-1.910019874572754,0.99705970287323
1773047409,156006049,world,cf231_leg,-2.659501552581787,-1.911800503730774,0.9821033477783203
1773047409,160959810,world,cf231,-2.6644864082336426,-1.9098937511444092,0.9970003366470337
1773047409,160959810,world,cf231_leg,-2.6593594551086426,-1.9117698669433594,0.9822103977203369
1773047409,165968992,world,cf231,-2.6644670963287354,-1.9098659753799438,0.9971364736557007
1773047409,165968992,world,cf231_leg,-2.6594138145446777,-1.9117754697799683,0.9822169542312622
1773047409,171021855,world,cf231,-2.6643307209014893,-1.9097914695739746,0.9971678256988525
1773047409,171021855,world,cf231_leg,-2.6593823432922363,-1.9118012189865112,0.9823181629180908
1773047409,176109668,world,cf231,-2.664292097091675,-1.909778118133545,0.9971657991409302
1773047409,176109668,world,cf231_leg,-2.6594417095184326,-1.911798357963562,0.9824241399765015
1773047409,181986353,world,cf231,-2.6641316413879395,-1.9096392393112183,0.9972274303436279
1773047409,181986353,world,cf231_leg,-2.6592705249786377,-1.9117130041122437,0.9824609756469727
1773047409,186483193,world,cf231,-2.6641438007354736,-1.9096331596374512,0.9972809553146362
1773047409,186483193,world,cf231_leg,-2.6592140197753906,-1.9117074012756348,0.9824755191802979
1773047409,191086683,world,cf231,-2.6640677452087402,-1.9095633029937744,0.9972752332687378
1773047409,191086683,world,cf231_leg,-2.6591761112213135,-1.9116647243499756,0.9826111793518066
1773047409,196080055,world,cf231,-2.663980007171631,-1.9095379114151,0.9973671436309814
1773047409,196080055,world,cf231_leg,-2.6592419147491455,-1.9117298126220703,0.9826838970184326
1773047409,201966633,world,cf231,-2.6639294624328613,-1.9094544649124146,0.9974480867385864
1773047409,201966633,world,cf231_leg,-2.6592061519622803,-1.9116424322128296,0.9827954769134521
1773047409,206306526,world,cf231,-2.6638360023498535,-1.9094358682632446,0.9974342584609985
1773047409,206306526,world,cf231_leg,-2.659073829650879,-1.911645770072937,0.9826959371566772
1773047409,211310203,world,cf231,-2.663710117340088,-1.909353494644165,0.9975242614746094
1773047409,211310203,world,cf231_leg,-2.6591033935546875,-1.9115567207336426,0.9828671216964722
1773047409,217493161,world,cf231,-2.663700819015503,-1.909282922744751,0.997583270072937
1773047409,217493161,world,cf231_leg,-2.659064292907715,-1.9116120338439941,0.9829016923904419
1773047409,221274914,world,cf231,-2.663583993911743,-1.9092010259628296,0.9975968599319458
1773047409,221274914,world,cf231_leg,-2.6589999198913574,-1.9115835428237915,0.9829730987548828
1773047409,225987753,world,cf231,-2.6635334491729736,-1.9091991186141968,0.9978299140930176
1773047409,225987753,world,cf231_leg,-2.6588456630706787,-1.9115591049194336,0.983029842376709
1773047409,231957963,world,cf231,-2.6634860038757324,-1.909071683883667,0.9978866577148438
1773047409,231957963,world,cf231_leg,-2.6589624881744385,-1.9116078615188599,0.9831209182739258
1773047409,236547014,world,cf231,-2.6634180545806885,-1.909038782119751,0.9979606866836548
1773047409,236547014,world,cf231_leg,-2.658872604370117,-1.911469578742981,0.9832239151000977
1773047409,241257187,world,cf231,-2.6633896827697754,-1.9089410305023193,0.9981547594070435
1773047409,241257187,world,cf231_leg,-2.6587531566619873,-1.9115006923675537,0.983305811882019
1773047409,246265062,world,cf231,-2.663325309753418,-1.9089266061782837,0.998380184173584
1773047409,246265062,world,cf231_leg,-2.6587166786193848,-1.9114904403686523,0.9833031892776489
1773047409,251140077,world,cf231,-2.6632556915283203,-1.9087814092636108,0.998458743095398
1773047409,251140077,world,cf231_leg,-2.6587321758270264,-1.9115209579467773,0.9834764003753662
1773047409,256201133,world,cf231,-2.6631219387054443,-1.9087408781051636,0.9986035823822021
1773047409,256201133,world,cf231_leg,-2.658721685409546,-1.9114958047866821,0.9835407733917236
1773047409,261120882,world,cf231,-2.6630704402923584,-1.9086120128631592,0.9986890554428101
1773047409,261120882,world,cf231_leg,-2.658576250076294,-1.9114288091659546,0.9835240840911865
1773047409,266279108,world,cf231,-2.6629602909088135,-1.9085237979888916,0.9988070726394653
1773047409,266279108,world,cf231_leg,-2.6584391593933105,-1.9113987684249878,0.9835871458053589
1773047409,271559582,world,cf231,-2.662954330444336,-1.9084882736206055,0.9989765882492065
1773047409,271559582,world,cf231_leg,-2.6583728790283203,-1.9113235473632812,0.9836612939834595
1773047409,276181390,world,cf231,-2.6629586219787598,-1.9084131717681885,0.9990847110748291
1773047409,276181390,world,cf231_leg,-2.658367872238159,-1.9113677740097046,0.983708381652832
1773047409,281456392,world,cf231,-2.6628127098083496,-1.9083787202835083,0.9991761445999146
1773047409,281456392,world,cf231_leg,-2.658116579055786,-1.911270260810852,0.9839476346969604
1773047409,286383485,world,cf231,-2.6628003120422363,-1.9083077907562256,0.9992613792419434
1773047409,286383485,world,cf231_leg,-2.6581192016601562,-1.9113061428070068,0.9840728044509888
1773047409,290997063,world,cf231,-2.6628036499023438,-1.9083454608917236,0.9993889331817627
1773047409,290997063,world,cf231_leg,-2.658101797103882,-1.9112805128097534,0.9842015504837036
1773047409,296253345,world,cf231,-2.6626949310302734,-1.9081772565841675,0.9993501901626587
1773047409,296253345,world,cf231_leg,-2.6580841541290283,-1.9112094640731812,0.9843281507492065
1773047409,301987897,world,cf231,-2.662548065185547,-1.9081448316574097,0.9994608163833618
1773047409,301987897,world,cf231_leg,-2.6579368114471436,-1.9111875295639038,0.98433518409729
1773047409,306088180,world,cf231,-2.6626594066619873,-1.9081941843032837,0.9996329545974731
1773047409,306088180,world,cf231_leg,-2.6578919887542725,-1.9112763404846191,0.9845644235610962
1773047409,310996540,world,cf231,-2.6626076698303223,-1.908144474029541,0.9995987415313721
1773047409,310996540,world,cf231_leg,-2.6578121185302734,-1.9111871719360352,0.9845950603485107
1773047409,316166018,world,cf231,-2.6626124382019043,-1.908181071281433,0.9997050762176514
1773047409,316166018,world,cf231_leg,-2.657806634902954,-1.9112417697906494,0.9848015308380127
1773047409,321191414,world,cf231,-2.6624932289123535,-1.908168911933899,0.999761700630188
1773047409,321191414,world,cf231_leg,-2.657667636871338,-1.911088228225708,0.9846947193145752
1773047409,326125561,world,cf231,-2.6624701023101807,-1.9081058502197266,0.9997884035110474
1773047409,326125561,world,cf231_leg,-2.6576602458953857,-1.9111627340316772,0.9846304655075073
1773047409,331267615,world,cf231,-2.662463426589966,-1.9080350399017334,0.9998232126235962
1773047409,331267615,world,cf231_leg,-2.6576154232025146,-1.9110065698623657,0.9847989082336426
1773047409,336585163,world,cf231,-2.662416696548462,-1.9080222845077515,0.9998941421508789
1773047409,336585163,world,cf231_leg,-2.6575653553009033,-1.9110690355300903,0.9847795963287354
1773047409,341106906,world,cf231,-2.6623380184173584,-1.9079159498214722,0.9997576475143433
1773047409,341106906,world,cf231_leg,-2.6575136184692383,-1.9109878540039062,0.9848824739456177
1773047409,346145386,world,cf231,-2.6622354984283447,-1.907896637916565,0.9998208284378052
1773047409,346145386,world,cf231_leg,-2.6573843955993652,-1.9110583066940308,0.9847729206085205
1773047409,350996309,world,cf231,-2.662177801132202,-1.9079355001449585,0.9998326301574707
1773047409,350996309,world,cf231_leg,-2.6573381423950195,-1.9109784364700317,0.9848295450210571
1773047409,356236601,world,cf231,-2.6621079444885254,-1.9078223705291748,0.9997764825820923
1773047409,356236601,world,cf231_leg,-2.6573426723480225,-1.9109692573547363,0.9849313497543335
1773047409,361144867,world,cf231,-2.662017583847046,-1.9077599048614502,0.9997388124465942
1773047409,361144867,world,cf231_leg,-2.65726900100708,-1.910933256149292,0.9847933053970337
1773047409,366090761,world,cf231,-2.6620287895202637,-1.9078665971755981,0.999812126159668
1773047409,366090761,world,cf231_leg,-2.6570699214935303,-1.910906195640564,0.9847712516784668
1773047409,371017576,world,cf231,-2.661886215209961,-1.9077985286712646,0.9997386932373047
1773047409,371017576,world,cf231_leg,-2.6570849418640137,-1.9109666347503662,0.9848132133483887
1773047409,376130793,world,cf231,-2.6618800163269043,-1.9077978134155273,0.9997905492782593
1773047409,376130793,world,cf231_leg,-2.6570491790771484,-1.9108439683914185,0.9847763776779175
1773047409,381300821,world,cf231,-2.661848306655884,-1.90785551071167,0.9997532367706299
1773047409,381300821,world,cf231_leg,-2.657038927078247,-1.9108872413635254,0.9848685264587402
1773047409,386058463,world,cf231,-2.6617116928100586,-1.907780647277832,0.9997855424880981
1773047409,386058463,world,cf231_leg,-2.656867504119873,-1.9108326435089111,0.984771728515625
1773047409,392840645,world,cf231,-2.6616439819335938,-1.9077807664871216,0.9997225999832153
1773047409,392840645,world,cf231_leg,-2.656891345977783,-1.9109210968017578,0.9850364923477173
1773047409,396636452,world,cf231,-2.6615123748779297,-1.907705307006836,0.9997066259384155
1773047409,396636452,world,cf231_leg,-2.6567742824554443,-1.910827398300171,0.984941840171814
1773047409,401891514,world,cf231,-2.661358118057251,-1.9076439142227173,0.9995783567428589
1773047409,401891514,world,cf231_leg,-2.6568093299865723,-1.9108831882476807,0.9849667549133301
1773047409,406224911,world,cf231,-2.661405324935913,-1.9077636003494263,0.999679684638977
1773047409,406224911,world,cf231_leg,-2.656646251678467,-1.9108000993728638,0.9849337339401245
1773047409,411248137,world,cf231,-2.661262035369873,-1.907694935798645,0.9996082782745361
1773047409,411248137,world,cf231_leg,-2.656447649002075,-1.910733699798584,0.9844799041748047
1773047409,416352644,world,cf231,-2.6611404418945312,-1.9076907634735107,0.9995310306549072
1773047409,416352644,world,cf231_leg,-2.656510829925537,-1.9106687307357788,0.9848138093948364
1773047409,423239792,world,cf231,-2.6610946655273438,-1.907676100730896,0.9995824098587036
1773047409,423239792,world,cf231_leg,-2.6563475131988525,-1.9107147455215454,0.9845438003540039
1773047409,426359964,world,cf231,-2.661005973815918,-1.9076844453811646,0.9995601177215576
1773047409,426359964,world,cf231_leg,-2.656240940093994,-1.9105921983718872,0.9844932556152344
1773047409,431924640,world,cf231,-2.6608171463012695,-1.9076809883117676,0.9994181394577026
1773047409,431924640,world,cf231_leg,-2.656071662902832,-1.9105397462844849,0.984389066696167
1773047409,436385736,world,cf231,-2.6607437133789062,-1.9076114892959595,0.9993867874145508
1773047409,436385736,world,cf231_leg,-2.65609073638916,-1.910600185394287,0.9843896627426147
1773047409,441200140,world,cf231,-2.6605947017669678,-1.9075425863265991,0.9993658065795898
1773047409,441200140,world,cf231_leg,-2.656097173690796,-1.910602331161499,0.9843412637710571
1773047409,446222062,world,cf231,-2.660533905029297,-1.9076136350631714,0.999267578125
1773047409,446222062,world,cf231_leg,-2.655951976776123,-1.9105660915374756,0.9841898679733276
1773047409,452222637,world,cf231,-2.660370349884033,-1.9075957536697388,0.999214768409729
1773047409,452222637,world,cf231_leg,-2.655784845352173,-1.9105137586593628,0.9840649366378784
1773047409,456250205,world,cf231,-2.6603686809539795,-1.9075967073440552,0.9992367029190063
1773047409,456250205,world,cf231_leg,-2.655748128890991,-1.9105240106582642,0.9840750694274902
1773047409,461007883,world,cf231,-2.6601850986480713,-1.9075855016708374,0.9992032051086426
1773047409,461007883,world,cf231_leg,-2.6556358337402344,-1.9104002714157104,0.9840703010559082
1773047409,466128776,world,cf231,-2.660121202468872,-1.9075868129730225,0.9991120100021362
1773047409,466128776,world,cf231_leg,-2.6555943489074707,-1.9104647636413574,0.9839814901351929
1773047409,471232795,world,cf231,-2.6600074768066406,-1.9076443910598755,0.9991368055343628
1773047409,471232795,world,cf231_leg,-2.655517578125,-1.9102985858917236,0.9841048717498779
1773047409,476937852,world,cf231,-2.659855604171753,-1.9075827598571777,0.9989842176437378
1773047409,476937852,world,cf231_leg,-2.655395746231079,-1.9104028940200806,0.9838097095489502
1773047409,481477938,world,cf231,-2.659654140472412,-1.9075080156326294,0.9989283084869385
1773047409,481477938,world,cf231_leg,-2.6553850173950195,-1.91023588180542,0.9839904308319092
1773047409,486466821,world,cf231,-2.6595284938812256,-1.9075027704238892,0.9988791942596436
1773047409,486466821,world,cf231_leg,-2.6552422046661377,-1.9101855754852295,0.9836808443069458
1773047409,491419309,world,cf231,-2.659360647201538,-1.9075181484222412,0.9987373352050781
1773047409,491419309,world,cf231_leg,-2.6551167964935303,-1.9101141691207886,0.983646035194397
1773047409,496299756,world,cf231,-2.659132719039917,-1.9074569940567017,0.9985953569412231
1773047409,496299756,world,cf231_leg,-2.655040979385376,-1.910123348236084,0.9835306406021118
1773047409,502165148,world,cf231,-2.659010648727417,-1.9074079990386963,0.9985218048095703
1773047409,502165148,world,cf231_leg,-2.654963731765747,-1.9100862741470337,0.9834164381027222
1773047409,506652280,world,cf231,-2.658951997756958,-1.9074457883834839,0.9985369443893433
1773047409,506652280,world,cf231_leg,-2.654900074005127,-1.9100114107131958,0.9834682941436768
1773047409,511426711,world,cf231,-2.6586692333221436,-1.907334566116333,0.9983867406845093
1773047409,511426711,world,cf231_leg,-2.654818058013916,-1.910018801689148,0.9834010601043701
1773047409,516325741,world,cf231,-2.6585617065429688,-1.9073234796524048,0.9983404874801636
1773047409,516325741,world,cf231_leg,-2.654716968536377,-1.9099185466766357,0.9833157062530518
1773047409,521487502,world,cf231,-2.658430576324463,-1.9072811603546143,0.9981863498687744
1773047409,521487502,world,cf231_leg,-2.6545298099517822,-1.9098498821258545,0.9831957817077637
1773047409,527161729,world,cf231,-2.658263921737671,-1.907262921333313,0.9981590509414673
1773047409,527161729,world,cf231_leg,-2.6545348167419434,-1.9098056554794312,0.9831483364105225
1773047409,531658081,world,cf231,-2.6581649780273438,-1.907163143157959,0.9980415105819702
1773047409,531658081,world,cf231_leg,-2.654397487640381,-1.9097402095794678,0.9830629825592041
1773047409,536320660,world,cf231,-2.6580426692962646,-1.907158374786377,0.997965931892395
1773047409,536320660,world,cf231_leg,-2.654282331466675,-1.9097081422805786,0.9831011295318604
1773047409,541185094,world,cf231,-2.6579174995422363,-1.9071533679962158,0.9979163408279419
1773047409,541185094,world,cf231_leg,-2.654202461242676,-1.9097461700439453,0.9828788042068481
1773047409,547101729,world,cf231,-2.657818078994751,-1.9070532321929932,0.9977998733520508
1773047409,547101729,world,cf231_leg,-2.6541991233825684,-1.9096789360046387,0.98288893699646
1773047409,551184325,world,cf231,-2.6576924324035645,-1.9070476293563843,0.9977513551712036
1773047409,551184325,world,cf231_leg,-2.6540915966033936,-1.9095410108566284,0.9827042818069458
1773047409,556174073,world,cf231,-2.6575376987457275,-1.9069416522979736,0.9976251125335693
1773047409,556174073,world,cf231_leg,-2.653998613357544,-1.9095911979675293,0.9827307462692261
1773047409,561294803,world,cf231,-2.6575262546539307,-1.9069486856460571,0.9975688457489014
1773047409,561294803,world,cf231_leg,-2.653822422027588,-1.9095460176467896,0.9825307130813599
1773047409,566213666,world,cf231,-2.6573855876922607,-1.906887412071228,0.997314453125
1773047409,566213666,world,cf231_leg,-2.6537394523620605,-1.9094862937927246,0.9824516773223877
1773047409,572053074,world,cf231,-2.6572136878967285,-1.90678071975708,0.997340202331543
1773047409,572053074,world,cf231_leg,-2.653658390045166,-1.9093817472457886,0.9823480844497681
1773047409,576087000,world,cf231,-2.6571552753448486,-1.9067299365997314,0.9973589181900024
1773047409,576087000,world,cf231_leg,-2.6535913944244385,-1.9092705249786377,0.9822752475738525
1773047409,582095137,world,cf231,-2.657043695449829,-1.9066189527511597,0.997008204460144
1773047409,582095137,world,cf231_leg,-2.653428077697754,-1.909172773361206,0.9821053743362427
1773047409,586178209,world,cf231,-2.6568830013275146,-1.9065568447113037,0.9969308376312256
1773047409,586178209,world,cf231_leg,-2.6533427238464355,-1.9091130495071411,0.9820475578308105
1773047409,592025134,world,cf231,-2.656838893890381,-1.9065065383911133,0.9968228340148926
1773047409,592025134,world,cf231_leg,-2.653278112411499,-1.9091153144836426,0.9819850921630859
1773047409,596293917,world,cf231,-2.656672954559326,-1.9063928127288818,0.996955156326294
1773047409,596293917,world,cf231_leg,-2.6532044410705566,-1.9090137481689453,0.9818300008773804
1773047409,601207364,world,cf231,-2.656647205352783,-1.9064068794250488,0.9968675374984741
1773047409,601207364,world,cf231_leg,-2.6530632972717285,-1.9089820384979248,0.9819191694259644
1773047409,606133745,world,cf231,-2.6564762592315674,-1.9062886238098145,0.9965354204177856
1773047409,606133745,world,cf231_leg,-2.6530518531799316,-1.9088613986968994,0.9816969633102417
1773047409,611377206,world,cf231,-2.656378746032715,-1.9062519073486328,0.9965916872024536
1773047409,611377206,world,cf231_leg,-2.652965545654297,-1.9088478088378906,0.9816598892211914
1773047409,616105439,world,cf231,-2.656174659729004,-1.9059175252914429,0.9961938858032227
1773047409,616105439,world,cf231_leg,-2.6529552936553955,-1.9087073802947998,0.9814223051071167
1773047409,621359998,world,cf231,-2.65617299079895,-1.90592360496521,0.9960403442382812
1773047409,621359998,world,cf231_leg,-2.6526589393615723,-1.9086477756500244,0.9813026189804077
1773047409,626136399,world,cf231,-2.6561241149902344,-1.9058741331100464,0.995979905128479
1773047409,626136399,world,cf231_leg,-2.6526169776916504,-1.9084879159927368,0.9811639785766602
1773047409,631181818,world,cf231,-2.6560440063476562,-1.9057666063308716,0.9958454370498657
1773047409,631181818,world,cf231_leg,-2.652498483657837,-1.908407211303711,0.9812097549438477
1773047409,636202806,world,cf231,-2.6559605598449707,-1.905702829360962,0.9957352876663208
1773047409,636202806,world,cf231_leg,-2.652559280395508,-1.9082872867584229,0.9809982776641846
1773047409,641129121,world,cf231,-2.655928611755371,-1.905760645866394,0.9956977367401123
1773047409,641129121,world,cf231_leg,-2.6523075103759766,-1.9081742763519287,0.9807959794998169
1773047409,648088523,world,cf231,-2.655827522277832,-1.9056615829467773,0.9956026077270508
1773047409,648088523,world,cf231_leg,-2.652271270751953,-1.9081168174743652,0.9807760715484619
1773047409,652145814,world,cf231,-2.6557388305664062,-1.9054839611053467,0.9955253601074219
1773047409,652145814,world,cf231_leg,-2.652186393737793,-1.908010482788086,0.9806983470916748
1773047409,656156120,world,cf231,-2.6556789875030518,-1.9054840803146362,0.9953869581222534
1773047409,656156120,world,cf231_leg,-2.6521518230438232,-1.9080325365066528,0.9805562496185303
1773047409,662088491,world,cf231,-2.655595064163208,-1.9053781032562256,0.9952977895736694
1773047409,662088491,world,cf231_leg,-2.65205979347229,-1.9078572988510132,0.9805148839950562
1773047409,666121665,world,cf231,-2.655548095703125,-1.9053281545639038,0.9952139854431152
1773047409,666121665,world,cf231_leg,-2.6518611907958984,-1.9077484607696533,0.980323076248169
1773047409,671389963,world,cf231,-2.65555739402771,-1.9053338766098022,0.9949610233306885
1773047409,671389963,world,cf231_leg,-2.6519107818603516,-1.9076402187347412,0.9803411960601807
1773047409,676221284,world,cf231,-2.6554551124572754,-1.9051146507263184,0.9950277805328369
1773047409,676221284,world,cf231_leg,-2.6518471240997314,-1.907596468925476,0.9802577495574951
1773047409,681142296,world,cf231,-2.655381202697754,-1.9050449132919312,0.994996190071106
1773047409,681142296,world,cf231_leg,-2.651829481124878,-1.9075353145599365,0.9802383184432983
1773047409,686219158,world,cf231,-2.655333995819092,-1.9049944877624512,0.9949133396148682
1773047409,686219158,world,cf231_leg,-2.651622772216797,-1.9074246883392334,0.9801151752471924
1773047409,691250865,world,cf231,-2.655221462249756,-1.9047883749008179,0.9947448968887329
1773047409,691250865,world,cf231_leg,-2.6516647338867188,-1.9074362516403198,0.9800719022750854
1773047409,696112980,world,cf231,-2.6552414894104004,-1.9047890901565552,0.9945675134658813
1773047409,696112980,world,cf231_leg,-2.65159010887146,-1.9072576761245728,0.9800506830215454
1773047409,702573335,world,cf231,-2.655163049697876,-1.9046759605407715,0.9945851564407349
1773047409,702573335,world,cf231_leg,-2.65156626701355,-1.9072253704071045,0.9799449443817139
1773047409,708400098,world,cf231,-2.655200242996216,-1.9045733213424683,0.9945756196975708
1773047409,708400098,world,cf231_leg,-2.6515133380889893,-1.906996726989746,0.9798835515975952
1773047409,711215751,world,cf231,-2.6551620960235596,-1.9045238494873047,0.994415283203125
1773047409,711215751,world,cf231_leg,-2.651329278945923,-1.906948208808899,0.9797347784042358
1773047409,716273035,world,cf231,-2.6550793647766113,-1.9043022394180298,0.9942878484725952
1773047409,716273035,world,cf231_leg,-2.651242256164551,-1.9067306518554688,0.979659914970398
1773047409,721201608,world,cf231,-2.6549570560455322,-1.9041836261749268,0.994194507598877
1773047409,721201608,world,cf231_leg,-2.6512014865875244,-1.9066375494003296,0.979533314704895
1773047409,726131056,world,cf231,-2.6549582481384277,-1.9040234088897705,0.9941589832305908
1773047409,726131056,world,cf231_leg,-2.6512200832366943,-1.9065865278244019,0.9795172214508057
1773047409,732160505,world,cf231,-2.6548564434051514,-1.9039679765701294,0.9940636157989502
1773047409,732160505,world,cf231_leg,-2.651061773300171,-1.9064135551452637,0.9794332981109619
1773047409,736405803,world,cf231,-2.654865026473999,-1.9038097858428955,0.9939725399017334
1773047409,736405803,world,cf231_leg,-2.6510097980499268,-1.9064081907272339,0.9794048070907593
1773047409,742081763,world,cf231,-2.6547937393188477,-1.9036952257156372,0.993918776512146
1773047409,742081763,world,cf231_leg,-2.651026964187622,-1.9062303304672241,0.97923743724823
1773047409,746181524,world,cf231,-2.6547322273254395,-1.903537631034851,0.9937877655029297
1773047409,746181524,world,cf231_leg,-2.650951623916626,-1.9060962200164795,0.9792212247848511
1773047409,752135967,world,cf231,-2.6547234058380127,-1.903430700302124,0.9936891794204712
1773047409,752135967,world,cf231_leg,-2.650878667831421,-1.9060137271881104,0.979061484336853
1773047409,756459447,world,cf231,-2.654675245285034,-1.9033021926879883,0.9937475919723511
1773047409,756459447,world,cf231_leg,-2.6506683826446533,-1.9057697057724,0.9789326190948486
1773047409,762176852,world,cf231,-2.6546013355255127,-1.9031506776809692,0.9935628175735474
1773047409,762176852,world,cf231_leg,-2.6508584022521973,-1.9056615829467773,0.9789986610412598
1773047409,766629889,world,cf231,-2.6546733379364014,-1.9031518697738647,0.9935977458953857
1773047409,766629889,world,cf231_leg,-2.6507303714752197,-1.90550696849823,0.9788186550140381
1773047409,772027040,world,cf231,-2.654493570327759,-1.9028639793395996,0.993466854095459
1773047409,772027040,world,cf231_leg,-2.6506335735321045,-1.905330777168274,0.9788213968276978
1773047409,776539499,world,cf231,-2.6545255184173584,-1.9028165340423584,0.9933637380599976
1773047409,776539499,world,cf231_leg,-2.650566577911377,-1.9052857160568237,0.9787625074386597
1773047409,781690023,world,cf231,-2.654386281967163,-1.9025404453277588,0.9932150840759277
1773047409,781690023,world,cf231_leg,-2.6505815982818604,-1.9051318168640137,0.9786072969436646
1773047409,789269270,world,cf231,-2.654327630996704,-1.902419924736023,0.9932141304016113
1773047409,789269270,world,cf231_leg,-2.6505820751190186,-1.9050041437149048,0.9784377813339233
1773047409,791354817,world,cf231,-2.654381036758423,-1.902309775352478,0.9932124614715576
1773047409,791354817,world,cf231_leg,-2.6505544185638428,-1.9048733711242676,0.9784771203994751
1773047409,796495085,world,cf231,-2.6543171405792236,-1.9021522998809814,0.9931058883666992
1773047409,796495085,world,cf231_leg,-2.650465965270996,-1.9046993255615234,0.9784096479415894
1773047409,803067333,world,cf231,-2.654315710067749,-1.9020367860794067,0.9930931329727173
1773047409,803067333,world,cf231_leg,-2.650446653366089,-1.9045913219451904,0.9783923625946045
1773047409,806338755,world,cf231,-2.654327392578125,-1.901878833770752,0.9929757118225098
1773047409,806338755,world,cf231_leg,-2.6503255367279053,-1.9044603109359741,0.978174090385437
1773047409,811342612,world,cf231,-2.654205799102783,-1.9015992879867554,0.9928480386734009
1773047409,811342612,world,cf231_leg,-2.650439739227295,-1.9043282270431519,0.978244423866272
1773047409,817275381,world,cf231,-2.6543209552764893,-1.9014984369277954,0.9928213357925415
1773047409,817275381,world,cf231_leg,-2.650348424911499,-1.9042669534683228,0.9782325029373169
1773047409,821360401,world,cf231,-2.65417742729187,-1.9012709856033325,0.9927334785461426
1773047409,821360401,world,cf231_leg,-2.650373697280884,-1.904059648513794,0.9781314134597778
1773047409,826189825,world,cf231,-2.6542389392852783,-1.901118516921997,0.9926776885986328
1773047409,826189825,world,cf231_leg,-2.650287389755249,-1.9040085077285767,0.9779298305511475
1773047409,831721712,world,cf231,-2.654229164123535,-1.9008959531784058,0.9925651550292969
1773047409,831721712,world,cf231_leg,-2.6503353118896484,-1.9037522077560425,0.9777851104736328
1773047409,836477604,world,cf231,-2.6542341709136963,-1.900736689567566,0.992501974105835
1773047409,836477604,world,cf231_leg,-2.650209903717041,-1.9036452770233154,0.9775996208190918
1773047409,841137298,world,cf231,-2.65409255027771,-1.900394082069397,0.9923746585845947
1773047409,841137298,world,cf231_leg,-2.650200843811035,-1.9034957885742188,0.9775041341781616
1773047409,846470102,world,cf231,-2.6541919708251953,-1.9002538919448853,0.9923245906829834
1773047409,846470102,world,cf231_leg,-2.650151014328003,-1.903398036956787,0.9774339199066162
1773047409,851325109,world,cf231,-2.6541757583618164,-1.9000751972198486,0.9922618865966797
1773047409,851325109,world,cf231_leg,-2.650181770324707,-1.9032955169677734,0.9774657487869263
1773047409,856426490,world,cf231,-2.6541173458099365,-1.8998035192489624,0.9920878410339355
1773047409,856426490,world,cf231_leg,-2.6501054763793945,-1.9030795097351074,0.9773005247116089
1773047409,861323245,world,cf231,-2.6540486812591553,-1.8995298147201538,0.9919949769973755
1773047409,861323245,world,cf231_leg,-2.6499545574188232,-1.9028626680374146,0.977145791053772
1773047409,866155994,world,cf231,-2.6541588306427,-1.8994263410568237,0.9920008182525635
1773047409,866155994,world,cf231_leg,-2.64994740486145,-1.902758240699768,0.9770320653915405
1773047409,871479591,world,cf231,-2.6540699005126953,-1.8992037773132324,0.991925835609436
1773047409,871479591,world,cf231_leg,-2.6499977111816406,-1.9025843143463135,0.9770334959030151
1773047409,876596690,world,cf231,-2.6541154384613037,-1.89898681640625,0.9918240308761597
1773047409,876596690,world,cf231_leg,-2.6499173641204834,-1.9024635553359985,0.9767754077911377
1773047409,881552443,world,cf231,-2.654062509536743,-1.8988219499588013,0.9917749166488647
1773047409,881552443,world,cf231_leg,-2.6499178409576416,-1.9022085666656494,0.9768577814102173
1773047409,887332850,world,cf231,-2.654111623764038,-1.898560881614685,0.9916491508483887
1773047409,887332850,world,cf231_leg,-2.649909734725952,-1.902124047279358,0.9767602682113647
1773047409,891307348,world,cf231,-2.654149055480957,-1.8985031843185425,0.9916363954544067
1773047409,891307348,world,cf231_leg,-2.649806261062622,-1.901843547821045,0.9766480922698975
1773047409,896308668,world,cf231,-2.654189348220825,-1.8982864618301392,0.991584300994873
1773047409,896308668,world,cf231_leg,-2.649785280227661,-1.9017765522003174,0.9763693809509277
1773047409,901388551,world,cf231,-2.6541833877563477,-1.8980199098587036,0.9914474487304688
1773047409,901388551,world,cf231_leg,-2.6496925354003906,-1.9014531373977661,0.9761630296707153
1773047409,906568990,world,cf231,-2.6541943550109863,-1.8978610038757324,0.9913326501846313
1773047409,906568990,world,cf231_leg,-2.6497268676757812,-1.9015086889266968,0.9761900901794434
1773047409,911401221,world,cf231,-2.6541647911071777,-1.897645115852356,0.9912395477294922
1773047409,911401221,world,cf231_leg,-2.6496686935424805,-1.9012408256530762,0.9760102033615112
1773047409,916370618,world,cf231,-2.654193162918091,-1.8973650932312012,0.9911133050918579
1773047409,916370618,world,cf231_leg,-2.649614095687866,-1.9009793996810913,0.9760881662368774
1773047409,921162815,world,cf231,-2.6542015075683594,-1.897161602973938,0.9910261631011963
1773047409,921162815,world,cf231_leg,-2.649635076522827,-1.9008197784423828,0.9755874872207642
1773047409,926171685,world,cf231,-2.6542155742645264,-1.8970028162002563,0.9908852577209473
1773047409,926171685,world,cf231_leg,-2.6496877670288086,-1.9008256196975708,0.9756150245666504
1773047409,933393655,world,cf231,-2.654250144958496,-1.896830439567566,0.9908818006515503
1773047409,933393655,world,cf231_leg,-2.6495821475982666,-1.9006567001342773,0.975541353225708
1773047409,936455178,world,cf231,-2.654181957244873,-1.8965567350387573,0.9907883405685425
1773047409,936455178,world,cf231_leg,-2.6495728492736816,-1.9005522727966309,0.9754493236541748
1773047409,941220040,world,cf231,-2.65419602394104,-1.8963980674743652,0.9906474351882935
1773047409,941220040,world,cf231_leg,-2.6495606899261475,-1.900366187095642,0.9752284288406372
1773047409,946199953,world,cf231,-2.6543946266174316,-1.8962435722351074,0.9906996488571167
1773047409,946199953,world,cf231_leg,-2.6496450901031494,-1.9002474546432495,0.9752579927444458
1773047409,952200368,world,cf231,-2.6542887687683105,-1.8959132432937622,0.9906021356582642
1773047409,952200368,world,cf231_leg,-2.6494979858398438,-1.9000009298324585,0.9752111434936523
1773047409,956503497,world,cf231,-2.6543779373168945,-1.8957605361938477,0.990294337272644
1773047409,956503497,world,cf231_leg,-2.649489402770996,-1.8998826742172241,0.9749795198440552
1773047409,961324567,world,cf231,-2.6544461250305176,-1.8955940008163452,0.9905030727386475
1773047409,961324567,world,cf231_leg,-2.649385452270508,-1.899601697921753,0.9748685359954834
1773047409,967274687,world,cf231,-2.654527425765991,-1.8955186605453491,0.9901310205459595
1773047409,967274687,world,cf231_leg,-2.6494321823120117,-1.899558663368225,0.9749257564544678
1773047409,971445664,world,cf231,-2.6545255184173584,-1.8952507972717285,0.989946722984314
1773047409,971445664,world,cf231_leg,-2.6494388580322266,-1.899402379989624,0.9748407602310181
1773047409,976529832,world,cf231,-2.654526472091675,-1.8950923681259155,0.9899309873580933
1773047409,976529832,world,cf231_leg,-2.6493618488311768,-1.899298906326294,0.9747098684310913
1773047409,981585144,world,cf231,-2.6546132564544678,-1.8950469493865967,0.9898229837417603
1773047409,981585144,world,cf231_leg,-2.6493735313415527,-1.8989841938018799,0.9745454788208008
1773047409,986351342,world,cf231,-2.6544837951660156,-1.8946599960327148,0.9895946979522705
1773047409,986351342,world,cf231_leg,-2.6493961811065674,-1.8989042043685913,0.9746370315551758
1773047409,991645631,world,cf231,-2.654466390609741,-1.894552230834961,0.9895732402801514
1773047409,991645631,world,cf231_leg,-2.649404287338257,-1.8986185789108276,0.9743645191192627
1773047409,996388245,world,cf231,-2.6544485092163086,-1.8943365812301636,0.9893782138824463
1773047409,996388245,world,cf231_leg,-2.6492526531219482,-1.8983343839645386,0.9741963148117065
1773047410,2239934,world,cf231,-2.6544189453125,-1.894120454788208,0.9892853498458862
1773047410,2239934,world,cf231_leg,-2.6493029594421387,-1.8982572555541992,0.9740784168243408
1773047410,6320882,world,cf231,-2.65442156791687,-1.8940061330795288,0.9892433881759644
1773047410,6320882,world,cf231_leg,-2.6493008136749268,-1.8981435298919678,0.9740679264068604
1773047410,12265589,world,cf231,-2.654359817504883,-1.8937329053878784,0.9890972375869751
1773047410,12265589,world,cf231_leg,-2.6494388580322266,-1.898065209388733,0.974256157875061
1773047410,16745841,world,cf231,-2.654350757598877,-1.893625020980835,0.9889999628067017
1773047410,16745841,world,cf231_leg,-2.6493465900421143,-1.8978387117385864,0.9739291667938232
1773047410,22207953,world,cf231,-2.6543941497802734,-1.8935227394104004,0.9889392852783203
1773047410,22207953,world,cf231_leg,-2.6493940353393555,-1.8977397680282593,0.973822832107544
1773047410,26281391,world,cf231,-2.654258966445923,-1.8932499885559082,0.9887781143188477
1773047410,26281391,world,cf231_leg,-2.6494014263153076,-1.897581934928894,0.973720908164978
1773047410,31451953,world,cf231,-2.65429949760437,-1.8931922912597656,0.988740086555481
1773047410,31451953,world,cf231_leg,-2.6493146419525146,-1.8974299430847168,0.9736610651016235
1773047410,36588230,world,cf231,-2.654264211654663,-1.892990231513977,0.9883817434310913
1773047410,36588230,world,cf231_leg,-2.6494007110595703,-1.8973106145858765,0.9736709594726562
1773047410,41342602,world,cf231,-2.6543281078338623,-1.8928743600845337,0.9884583950042725
1773047410,41342602,world,cf231_leg,-2.6494171619415283,-1.8972233533859253,0.9735280275344849
1773047410,46224488,world,cf231,-2.6541948318481445,-1.8926079273223877,0.988115668296814
1773047410,46224488,world,cf231_leg,-2.64937686920166,-1.8971662521362305,0.973548173904419
1773047410,52279148,world,cf231,-2.6543068885803223,-1.8926206827163696,0.9881339073181152
1773047410,52279148,world,cf231_leg,-2.6493940353393555,-1.8969660997390747,0.9733707904815674
1773047410,56310517,world,cf231,-2.654263973236084,-1.892342448234558,0.9879882335662842
1773047410,56310517,world,cf231_leg,-2.649341106414795,-1.8968027830123901,0.9733246564865112
1773047410,61304762,world,cf231,-2.65421199798584,-1.8921750783920288,0.9879199266433716
1773047410,61304762,world,cf231_leg,-2.649367332458496,-1.89659583568573,0.9732215404510498
1773047410,66326823,world,cf231,-2.6541638374328613,-1.8920087814331055,0.9878228902816772
1773047410,66326823,world,cf231_leg,-2.649245023727417,-1.8964327573776245,0.973139762878418
1773047410,71521035,world,cf231,-2.6541647911071777,-1.891847848892212,0.9877889156341553
1773047410,71521035,world,cf231_leg,-2.64935040473938,-1.8963762521743774,0.9731649160385132
1773047410,76369803,world,cf231,-2.654151201248169,-1.8917405605316162,0.9877399206161499
1773047410,76369803,world,cf231_leg,-2.6491928100585938,-1.8961206674575806,0.9729095697402954
1773047410,81430172,world,cf231,-2.654176950454712,-1.8915748596191406,0.9876551628112793
1773047410,81430172,world,cf231_leg,-2.6491947174072266,-1.8960751295089722,0.9728868007659912
1773047410,86492869,world,cf231,-2.6542534828186035,-1.8915300369262695,0.9876466989517212
1773047410,86492869,world,cf231_leg,-2.6492760181427,-1.8959195613861084,0.9727919101715088
1773047410,92190934,world,cf231,-2.654123306274414,-1.8912594318389893,0.987453818321228
1773047410,92190934,world,cf231_leg,-2.6492092609405518,-1.8958081007003784,0.9727171659469604
1773047410,96307597,world,cf231,-2.6542677879333496,-1.8911446332931519,0.987490177154541
1773047410,96307597,world,cf231_leg,-2.6491661071777344,-1.895570158958435,0.9727133512496948
1773047410,103180500,world,cf231,-2.6543021202087402,-1.8910861015319824,0.987505316734314
1773047410,103180500,world,cf231_leg,-2.64916729927063,-1.8954882621765137,0.9725431203842163
1773047410,106332414,world,cf231,-2.6542232036590576,-1.8909343481063843,0.9873689413070679
1773047410,106332414,world,cf231_leg,-2.6491854190826416,-1.8953245878219604,0.9725123643875122
1773047410,114573577,world,cf231,-2.6541874408721924,-1.8907620906829834,0.9873257875442505
1773047410,114573577,world,cf231_leg,-2.6491875648498535,-1.8952792882919312,0.9724886417388916
1773047410,116415972,world,cf231,-2.6541998386383057,-1.8906415700912476,0.9873632192611694
1773047410,116415972,world,cf231_leg,-2.649123430252075,-1.8951683044433594,0.97239089012146
1773047410,124325384,world,cf231,-2.6542470455169678,-1.8905400037765503,0.9872750043869019
1773047410,124325384,world,cf231_leg,-2.6491434574127197,-1.894973635673523,0.9724737405776978
1773047410,126468479,world,cf231,-2.6541614532470703,-1.8903170824050903,0.9871734380722046
1773047410,126468479,world,cf231_leg,-2.649139881134033,-1.8948911428451538,0.9723482131958008
1773047410,131649405,world,cf231,-2.6541695594787598,-1.8902722597122192,0.9871008396148682
1773047410,131649405,world,cf231_leg,-2.6491494178771973,-1.8947349786758423,0.9722404479980469
1773047410,137219437,world,cf231,-2.6541805267333984,-1.8900350332260132,0.9871276617050171
1773047410,137219437,world,cf231_leg,-2.649094820022583,-1.8945701122283936,0.9721986055374146
1773047410,141511254,world,cf231,-2.6541521549224854,-1.8899344205856323,0.9870481491088867
1773047410,141511254,world,cf231_leg,-2.649041175842285,-1.8944059610366821,0.9721550941467285
1773047410,147247460,world,cf231,-2.6540627479553223,-1.8897554874420166,0.9869714975357056
1773047410,147247460,world,cf231_leg,-2.6491103172302246,-1.8944058418273926,0.9721909761428833
1773047410,151506505,world,cf231,-2.654115915298462,-1.8897616863250732,0.9870065450668335
1773047410,151506505,world,cf231_leg,-2.649080991744995,-1.8943508863449097,0.9721190929412842
1773047410,156309791,world,cf231,-2.654141902923584,-1.8895957469940186,0.9869221448898315
1773047410,156309791,world,cf231_leg,-2.649144172668457,-1.8941689729690552,0.9721554517745972
1773047410,161528641,world,cf231,-2.65405011177063,-1.8894169330596924,0.9868699312210083
1773047410,161528641,world,cf231_leg,-2.6490657329559326,-1.89408540725708,0.9720399379730225
1773047410,166513149,world,cf231,-2.6541173458099365,-1.8893464803695679,0.9869170188903809
1773047410,166513149,world,cf231_leg,-2.6492068767547607,-1.8939814567565918,0.971909761428833
1773047410,172184229,world,cf231,-2.6540544033050537,-1.8893038034439087,0.9868240356445312
1773047410,172184229,world,cf231_leg,-2.649130344390869,-1.8939710855484009,0.9720878601074219
1773047410,177247312,world,cf231,-2.6540136337280273,-1.889173984527588,0.9868100881576538
1773047410,177247312,world,cf231_leg,-2.6491570472717285,-1.8938453197479248,0.9721353054046631
1773047410,181768895,world,cf231,-2.654040575027466,-1.8891162872314453,0.9868980646133423
1773047410,181768895,world,cf231_leg,-2.6491730213165283,-1.893669843673706,0.9719662666320801
1773047410,186402132,world,cf231,-2.6540191173553467,-1.8890516757965088,0.9869029521942139
1773047410,186402132,world,cf231_leg,-2.6492362022399902,-1.8936989307403564,0.9719148874282837
1773047410,192256454,world,cf231,-2.6540536880493164,-1.8889936208724976,0.9869164228439331
1773047410,192256454,world,cf231_leg,-2.649299144744873,-1.8935166597366333,0.9719523191452026
1773047410,196454101,world,cf231,-2.653989553451538,-1.8889174461364746,0.9869635105133057
1773047410,196454101,world,cf231_leg,-2.6492650508880615,-1.8934611082077026,0.9719247817993164
1773047410,201436743,world,cf231,-2.6539878845214844,-1.888800859451294,0.986952543258667
1773047410,201436743,world,cf231_leg,-2.6492319107055664,-1.8933186531066895,0.9721595048904419
1773047410,206430721,world,cf231,-2.653940200805664,-1.8887174129486084,0.9870070219039917
1773047410,206430721,world,cf231_leg,-2.6492819786071777,-1.8931893110275269,0.9721647500991821
1773047410,211606580,world,cf231,-2.6539740562438965,-1.8886585235595703,0.9870227575302124
1773047410,211606580,world,cf231_leg,-2.649308919906616,-1.8930943012237549,0.9720777273178101
1773047410,216436672,world,cf231,-2.6539230346679688,-1.8884921073913574,0.9869513511657715
1773047410,216436672,world,cf231_leg,-2.649383068084717,-1.8930186033248901,0.9722017049789429
1773047410,221535553,world,cf231,-2.6539244651794434,-1.888413429260254,0.987069845199585
1773047410,221535553,world,cf231_leg,-2.649311065673828,-1.8929061889648438,0.9721723794937134
1773047410,226566177,world,cf231,-2.6539034843444824,-1.8883494138717651,0.9870730638504028
1773047410,226566177,world,cf231_leg,-2.649393081665039,-1.8928534984588623,0.9722393751144409
1773047410,232429884,world,cf231,-2.6540708541870117,-1.8884499073028564,0.9872564077377319
1773047410,232429884,world,cf231_leg,-2.649468421936035,-1.892767310142517,0.9724922180175781
1773047410,236238175,world,cf231,-2.6539580821990967,-1.8883243799209595,0.9872415065765381
1773047410,236238175,world,cf231_leg,-2.6494333744049072,-1.8926752805709839,0.9723175764083862
1773047410,241506986,world,cf231,-2.653923511505127,-1.8880003690719604,0.9872814416885376
1773047410,241506986,world,cf231_leg,-2.6495003700256348,-1.8924946784973145,0.9723280668258667
1773047410,246436763,world,cf231,-2.6539366245269775,-1.8879474401474,0.9873193502426147
1773047410,246436763,world,cf231_leg,-2.6494455337524414,-1.892545461654663,0.9724842309951782
1773047410,251382589,world,cf231,-2.653930902481079,-1.887992024421692,0.9873673915863037
1773047410,251382589,world,cf231_leg,-2.649488687515259,-1.892368197441101,0.9725385904312134
1773047410,256299977,world,cf231,-2.6539080142974854,-1.8878138065338135,0.9873780012130737
1773047410,256299977,world,cf231_leg,-2.649563789367676,-1.8923389911651611,0.972661018371582
1773047410,261520222,world,cf231,-2.654064178466797,-1.8879191875457764,0.9874855279922485
1773047410,261520222,world,cf231_leg,-2.6497750282287598,-1.8923593759536743,0.9727399349212646
1773047410,266262174,world,cf231,-2.6539695262908936,-1.8877428770065308,0.9874770641326904
1773047410,266262174,world,cf231_leg,-2.649740219116211,-1.8922367095947266,0.9726999998092651
1773047410,271547086,world,cf231,-2.654006004333496,-1.8876866102218628,0.9874852895736694
1773047410,271547086,world,cf231_leg,-2.6497557163238525,-1.8921842575073242,0.9727089405059814
1773047410,276433831,world,cf231,-2.6540753841400146,-1.8876821994781494,0.9875115156173706
1773047410,276433831,world,cf231_leg,-2.649837017059326,-1.8921780586242676,0.9727957248687744
1773047410,281817720,world,cf231,-2.6540844440460205,-1.887563943862915,0.987593412399292
1773047410,281817720,world,cf231_leg,-2.649763345718384,-1.8919975757598877,0.9727568626403809
1773047410,287240405,world,cf231,-2.654099225997925,-1.8875571489334106,0.9876245260238647
1773047410,287240405,world,cf231_leg,-2.649925947189331,-1.8920495510101318,0.9729304313659668
1773047410,291370483,world,cf231,-2.6541237831115723,-1.8874930143356323,0.9878948926925659
1773047410,291370483,world,cf231_leg,-2.6499059200286865,-1.891828179359436,0.9728997945785522
1773047410,296391298,world,cf231,-2.654287099838257,-1.8874400854110718,0.9879351854324341
1773047410,296391298,world,cf231_leg,-2.64993953704834,-1.8919310569763184,0.9729450941085815
1773047410,301530784,world,cf231,-2.654305934906006,-1.88739013671875,0.9879392385482788
1773047410,301530784,world,cf231_leg,-2.6499855518341064,-1.8917540311813354,0.972976565361023
1773047410,306618287,world,cf231,-2.6543428897857666,-1.8873242139816284,0.9880880117416382
1773047410,306618287,world,cf231_leg,-2.6499223709106445,-1.8916795253753662,0.973025918006897
1773047410,311538388,world,cf231,-2.6543784141540527,-1.8872671127319336,0.9880990982055664
1773047410,311538388,world,cf231_leg,-2.6500470638275146,-1.8916386365890503,0.9730489253997803
1773047410,316365646,world,cf231,-2.654496431350708,-1.8872727155685425,0.9882256984710693
1773047410,316365646,world,cf231_leg,-2.650092363357544,-1.8916207551956177,0.9731155633926392
1773047410,321547644,world,cf231,-2.6545469760894775,-1.887209177017212,0.988266110420227
1773047410,321547644,world,cf231_leg,-2.6501166820526123,-1.8915607929229736,0.9732013940811157
1773047410,326530631,world,cf231,-2.6544666290283203,-1.8870234489440918,0.9882709980010986
1773047410,326530631,world,cf231_leg,-2.650078296661377,-1.8914366960525513,0.973186731338501
1773047410,331520014,world,cf231,-2.6545610427856445,-1.887087345123291,0.9882822036743164
1773047410,331520014,world,cf231_leg,-2.6502058506011963,-1.8914798498153687,0.9733526706695557
1773047410,337161104,world,cf231,-2.654625415802002,-1.8869717121124268,0.988358736038208
1773047410,337161104,world,cf231_leg,-2.6502645015716553,-1.8914401531219482,0.9733148813247681
1773047410,341426966,world,cf231,-2.6547842025756836,-1.88703453540802,0.9884624481201172
1773047410,341426966,world,cf231_leg,-2.6502463817596436,-1.8913781642913818,0.9732972383499146
1773047410,347141821,world,cf231,-2.654737710952759,-1.8869775533676147,0.9885352849960327
1773047410,347141821,world,cf231_leg,-2.6503238677978516,-1.8913702964782715,0.9734102487564087
1773047410,352325076,world,cf231,-2.6548192501068115,-1.8868550062179565,0.9886177778244019
1773047410,352325076,world,cf231_leg,-2.6503329277038574,-1.891249418258667,0.9734538793563843
1773047410,356877202,world,cf231,-2.6549508571624756,-1.8868603706359863,0.9886184930801392
1773047410,356877202,world,cf231_leg,-2.6504056453704834,-1.8912864923477173,0.9736135005950928
1773047410,361375248,world,cf231,-2.6550161838531494,-1.8868603706359863,0.9887082576751709
1773047410,361375248,world,cf231_leg,-2.6505191326141357,-1.891186237335205,0.9735674858093262
1773047410,367371086,world,cf231,-2.6551449298858643,-1.8868658542633057,0.9887340068817139
1773047410,367371086,world,cf231_leg,-2.6503725051879883,-1.8911179304122925,0.9735512733459473
1773047410,371294312,world,cf231,-2.6554224491119385,-1.88683021068573,0.9890621900558472
1773047410,371294312,world,cf231_leg,-2.6504478454589844,-1.8910109996795654,0.9737907648086548
1773047410,376243021,world,cf231,-2.6554574966430664,-1.8867725133895874,0.98907470703125
1773047410,376243021,world,cf231_leg,-2.6505134105682373,-1.8910092115402222,0.9738531112670898
1773047410,382336290,world,cf231,-2.655513286590576,-1.886778712272644,0.9890846014022827
1773047410,382336290,world,cf231_leg,-2.6506400108337402,-1.8909683227539062,0.9738550186157227
1773047410,386527193,world,cf231,-2.655733823776245,-1.8867710828781128,0.9892858266830444
1773047410,386527193,world,cf231_leg,-2.6506850719451904,-1.8910185098648071,0.9739524126052856
1773047410,391522230,world,cf231,-2.6557929515838623,-1.8867777585983276,0.9892692565917969
1773047410,391522230,world,cf231_leg,-2.6507441997528076,-1.8910151720046997,0.9740625619888306
1773047410,396481403,world,cf231,-2.655862331390381,-1.8866990804672241,0.989452600479126
1773047410,396481403,world,cf231_leg,-2.6507456302642822,-1.8909499645233154,0.9740439653396606
1773047410,401422461,world,cf231,-2.6560239791870117,-1.8867623805999756,0.9895299673080444
1773047410,401422461,world,cf231_leg,-2.6508371829986572,-1.890866994857788,0.974158763885498
1773047410,406298805,world,cf231,-2.6561152935028076,-1.8867112398147583,0.9895515441894531
1773047410,406298805,world,cf231_leg,-2.65092134475708,-1.8908616304397583,0.9742221832275391
1773047410,411501839,world,cf231,-2.6562345027923584,-1.8867605924606323,0.9896523952484131
1773047410,411501839,world,cf231_leg,-2.650944948196411,-1.8907824754714966,0.9743112325668335
1773047410,423610223,world,cf231,-2.656301975250244,-1.8867597579956055,0.989719033241272
1773047410,423610223,world,cf231_leg,-2.651029109954834,-1.8907960653305054,0.9743717908859253
1773047410,423800279,world,cf231,-2.656355381011963,-1.8867665529251099,0.9897525310516357
1773047410,423800279,world,cf231_leg,-2.651012897491455,-1.890688180923462,0.9743318557739258
1773047410,426401271,world,cf231,-2.6565194129943848,-1.8868292570114136,0.9898062944412231
1773047410,426401271,world,cf231_leg,-2.6510345935821533,-1.8907757997512817,0.9746052026748657
1773047410,431728949,world,cf231,-2.6565637588500977,-1.8867650032043457,0.9898996353149414
1773047410,431728949,world,cf231_leg,-2.6511318683624268,-1.8907175064086914,0.9747003316879272
1773047410,436676009,world,cf231,-2.6567089557647705,-1.8867632150650024,0.9899328947067261
1773047410,436676009,world,cf231_leg,-2.6512343883514404,-1.8907629251480103,0.9746212959289551
1773047410,443243004,world,cf231,-2.6567625999450684,-1.8867700099945068,0.9899657964706421
1773047410,443243004,world,cf231_leg,-2.6514053344726562,-1.8907359838485718,0.9745727777481079
1773047410,446589778,world,cf231,-2.6568682193756104,-1.8868266344070435,0.990034818649292
1773047410,446589778,world,cf231_leg,-2.6513214111328125,-1.8907676935195923,0.9748051166534424
1773047410,451416353,world,cf231,-2.656862258911133,-1.8867117166519165,0.990070104598999
1773047410,451416353,world,cf231_leg,-2.6514170169830322,-1.8906772136688232,0.9750396013259888
1773047410,456592687,world,cf231,-2.65712571144104,-1.8869454860687256,0.9902595281600952
1773047410,456592687,world,cf231_leg,-2.651341676712036,-1.8906395435333252,0.9749032258987427
1773047410,461652068,world,cf231,-2.6571292877197266,-1.886869192123413,0.990371584892273
1773047410,461652068,world,cf231_leg,-2.6514780521392822,-1.890592098236084,0.9749786853790283
1773047410,466512047,world,cf231,-2.657224416732788,-1.8869309425354004,0.990363597869873
1773047410,466512047,world,cf231_leg,-2.651463747024536,-1.8906341791152954,0.9750977754592896
1773047410,471487269,world,cf231,-2.6572928428649902,-1.8869314193725586,0.9904266595840454
1773047410,471487269,world,cf231_leg,-2.651653528213501,-1.8907508850097656,0.9752167463302612
1773047410,476561447,world,cf231,-2.657416582107544,-1.8869373798370361,0.9905011653900146
1773047410,476561447,world,cf231_leg,-2.651546001434326,-1.8906270265579224,0.9751663208007812
1773047410,481703130,world,cf231,-2.657463788986206,-1.8870584964752197,0.9906023740768433
1773047410,481703130,world,cf231_leg,-2.651582956314087,-1.8906375169754028,0.9751691818237305
1773047410,486494969,world,cf231,-2.657524347305298,-1.886993646621704,0.9905455112457275
1773047410,486494969,world,cf231_leg,-2.651698350906372,-1.8905731439590454,0.9752516746520996
1773047410,491627273,world,cf231,-2.657701253890991,-1.8871136903762817,0.9908289909362793
1773047410,491627273,world,cf231_leg,-2.651709794998169,-1.8906137943267822,0.9753216505050659
1773047410,497238916,world,cf231,-2.657616138458252,-1.887057900428772,0.9905809164047241
1773047410,497238916,world,cf231_leg,-2.651742696762085,-1.8905558586120605,0.975337028503418
1773047410,501612633,world,cf231,-2.6577625274658203,-1.8871197700500488,0.990788459777832
1773047410,501612633,world,cf231_leg,-2.6517601013183594,-1.8905035257339478,0.9753249883651733
1773047410,506472687,world,cf231,-2.657942056655884,-1.8872472047805786,0.9908871650695801
1773047410,506472687,world,cf231_leg,-2.651850700378418,-1.8905665874481201,0.9753537178039551
1773047410,511725183,world,cf231,-2.657756805419922,-1.887012243270874,0.9906649589538574
1773047410,511725183,world,cf231_leg,-2.6518771648406982,-1.8906209468841553,0.9754486083984375
1773047410,516490251,world,cf231,-2.6579554080963135,-1.8872464895248413,0.9907630681991577
1773047410,516490251,world,cf231_leg,-2.6518449783325195,-1.8906577825546265,0.9757111072540283
1773047410,521651717,world,cf231,-2.65797758102417,-1.8873045444488525,0.9909147024154663
1773047410,521651717,world,cf231_leg,-2.6520683765411377,-1.8906248807907104,0.9755325317382812
1773047410,527477674,world,cf231,-2.65804386138916,-1.8871955871582031,0.9908090829849243
1773047410,527477674,world,cf231_leg,-2.652031183242798,-1.8906141519546509,0.975530743598938
1773047410,531794667,world,cf231,-2.6581006050109863,-1.887195348739624,0.9909753799438477
1773047410,531794667,world,cf231_leg,-2.651871919631958,-1.890408992767334,0.975582480430603
1773047410,536594656,world,cf231,-2.6582088470458984,-1.887366771697998,0.9910337924957275
1773047410,536594656,world,cf231_leg,-2.651962995529175,-1.8906151056289673,0.9754918813705444
1773047410,541599494,world,cf231,-2.6581411361694336,-1.8872520923614502,0.9909535646438599
1773047410,541599494,world,cf231_leg,-2.652039051055908,-1.890560507774353,0.9756073951721191
1773047410,546560631,world,cf231,-2.6582021713256836,-1.8874106407165527,0.9910838603973389
1773047410,546560631,world,cf231_leg,-2.6519341468811035,-1.8904519081115723,0.9756709337234497
1773047410,552329644,world,cf231,-2.658353090286255,-1.8874365091323853,0.9911059141159058
1773047410,552329644,world,cf231_leg,-2.6521074771881104,-1.8906524181365967,0.9759557247161865
1773047410,556733087,world,cf231,-2.65828537940979,-1.887322187423706,0.9910249710083008
1773047410,556733087,world,cf231_leg,-2.6520488262176514,-1.8905328512191772,0.9759597778320312
1773047410,561814159,world,cf231,-2.6584298610687256,-1.887392282485962,0.991096019744873
1773047410,561814159,world,cf231_leg,-2.6520836353302,-1.8905891180038452,0.9759845733642578
1773047410,567937230,world,cf231,-2.658499240875244,-1.8875057697296143,0.9911544322967529
1773047410,567937230,world,cf231_leg,-2.652038812637329,-1.890493631362915,0.975594162940979
1773047410,572152407,world,cf231,-2.6585144996643066,-1.8874998092651367,0.9911831617355347
1773047410,572152407,world,cf231_leg,-2.652083396911621,-1.8905415534973145,0.9756770133972168
1773047410,576526840,world,cf231,-2.6584644317626953,-1.887448787689209,0.9911259412765503
1773047410,576526840,world,cf231_leg,-2.652094841003418,-1.8905346393585205,0.9757305383682251
1773047410,581760445,world,cf231,-2.658569812774658,-1.8875055313110352,0.9911943674087524
1773047410,581760445,world,cf231_leg,-2.6521096229553223,-1.890595555305481,0.9757732152938843
1773047410,586519696,world,cf231,-2.6585726737976074,-1.8875056505203247,0.9911683797836304
1773047410,586519696,world,cf231_leg,-2.6520838737487793,-1.8905112743377686,0.9758104085922241
1773047410,591522278,world,cf231,-2.6585841178894043,-1.8874987363815308,0.991225004196167
1773047410,591522278,world,cf231_leg,-2.6519763469696045,-1.8904650211334229,0.9759347438812256
1773047410,596626859,world,cf231,-2.6585114002227783,-1.8873847723007202,0.9911935329437256
1773047410,596626859,world,cf231_leg,-2.6519997119903564,-1.890471339225769,0.9757452011108398
1773047410,603299107,world,cf231,-2.6585586071014404,-1.8875502347946167,0.9912921190261841
1773047410,603299107,world,cf231_leg,-2.6520512104034424,-1.8905025720596313,0.9760715961456299
1773047410,606479089,world,cf231,-2.6586077213287354,-1.887447714805603,0.9911817312240601
1773047410,606479089,world,cf231_leg,-2.6520519256591797,-1.8905694484710693,0.9760847091674805
1773047410,612819013,world,cf231,-2.658581495285034,-1.8874987363815308,0.9912500381469727
1773047410,612819013,world,cf231_leg,-2.652128219604492,-1.8904774188995361,0.9757444858551025
1773047410,616803979,world,cf231,-2.6585817337036133,-1.8874990940093994,0.9912493228912354
1773047410,616803979,world,cf231_leg,-2.652106285095215,-1.8905280828475952,0.9757833480834961
1773047410,624916462,world,cf231,-2.65852952003479,-1.8874489068984985,0.9912153482437134
1773047410,624916462,world,cf231_leg,-2.6520843505859375,-1.8905119895935059,0.9758085012435913
1773047410,626559387,world,cf231,-2.658579111099243,-1.887499213218689,0.9912742376327515
1773047410,626559387,world,cf231_leg,-2.6520488262176514,-1.8905212879180908,0.9758002758026123
1773047410,631786676,world,cf231,-2.658489942550659,-1.8875497579574585,0.9912291765213013
1773047410,631786676,world,cf231_leg,-2.6520493030548096,-1.890521764755249,0.9757990837097168
1773047410,636654367,world,cf231,-2.6584696769714355,-1.8874861001968384,0.9912314414978027
1773047410,636654367,world,cf231_leg,-2.651916980743408,-1.8905234336853027,0.9756799936294556
1773047410,642275895,world,cf231,-2.6585636138916016,-1.8875497579574585,0.9912428855895996
1773047410,642275895,world,cf231_leg,-2.651951789855957,-1.8905298709869385,0.9761329889297485
1773047410,646517741,world,cf231,-2.6585023403167725,-1.887543797492981,0.9912830591201782
1773047410,646517741,world,cf231_leg,-2.651948928833008,-1.8905597925186157,0.9760222434997559
1773047410,651586923,world,cf231,-2.6583762168884277,-1.887537956237793,0.9912333488464355
1773047410,651586923,world,cf231_leg,-2.6519792079925537,-1.8907275199890137,0.9761077165603638
1773047410,656582800,world,cf231,-2.6583199501037598,-1.8875313997268677,0.9912246465682983
1773047410,656582800,world,cf231_leg,-2.651984453201294,-1.8906525373458862,0.9761942625045776
1773047410,661724442,world,cf231,-2.6582815647125244,-1.8875181674957275,0.9912211894989014
1773047410,661724442,world,cf231_leg,-2.651909589767456,-1.8906151056289673,0.9760570526123047
1773047410,666558558,world,cf231,-2.65826416015625,-1.8875250816345215,0.9912154674530029
1773047410,666558558,world,cf231_leg,-2.6518890857696533,-1.8905528783798218,0.9760613441467285
1773047410,671472980,world,cf231,-2.6581554412841797,-1.8875126838684082,0.9911701679229736
1773047410,671472980,world,cf231_leg,-2.651813268661499,-1.8905508518218994,0.9757835865020752
1773047410,676584661,world,cf231,-2.658099889755249,-1.8875066041946411,0.9911603927612305
1773047410,676584661,world,cf231_leg,-2.651890277862549,-1.8906660079956055,0.9760740995407104
1773047410,681786735,world,cf231,-2.657984733581543,-1.887493371963501,0.9911682605743408
1773047410,681786735,world,cf231_leg,-2.6517813205718994,-1.8906545639038086,0.9760597944259644
1773047410,687376235,world,cf231,-2.6578593254089355,-1.8874884843826294,0.9911156892776489
1773047410,687376235,world,cf231_leg,-2.6517953872680664,-1.8905553817749023,0.9757801294326782
1773047410,691709794,world,cf231,-2.6578211784362793,-1.8875460624694824,0.9911288022994995
1773047410,691709794,world,cf231_leg,-2.651604652404785,-1.8904379606246948,0.975663423538208
1773047410,696645510,world,cf231,-2.6577236652374268,-1.8875263929367065,0.991141676902771
1773047410,696645510,world,cf231_leg,-2.6517295837402344,-1.8906190395355225,0.9761632680892944
1773047410,701634517,world,cf231,-2.657628059387207,-1.887506127357483,0.991131067276001
1773047410,701634517,world,cf231_leg,-2.651606321334839,-1.8905987739562988,0.9759833812713623
1773047410,706463438,world,cf231,-2.6574947834014893,-1.8874636888504028,0.9909982681274414
1773047410,706463438,world,cf231_leg,-2.651520013809204,-1.8905375003814697,0.9759277105331421
1773047410,711550343,world,cf231,-2.657360315322876,-1.8875027894973755,0.9910207986831665
1773047410,711550343,world,cf231_leg,-2.651597499847412,-1.8905754089355469,0.9760416746139526
1773047410,716665720,world,cf231,-2.6572580337524414,-1.887526273727417,0.9910606145858765
1773047410,716665720,world,cf231_leg,-2.651414394378662,-1.890527367591858,0.975887656211853
1773047410,721625289,world,cf231,-2.6571037769317627,-1.8874199390411377,0.9909313917160034
1773047410,721625289,world,cf231_leg,-2.6513733863830566,-1.8904693126678467,0.9759106636047363
1773047410,726676583,world,cf231,-2.657057285308838,-1.8875222206115723,0.9910171031951904
1773047410,726676583,world,cf231_leg,-2.651365280151367,-1.8904772996902466,0.9758328199386597
1773047410,732481648,world,cf231,-2.6569716930389404,-1.8874585628509521,0.990929365158081
1773047410,732481648,world,cf231_leg,-2.651299238204956,-1.890478253364563,0.9757727384567261
1773047410,736582905,world,cf231,-2.6568892002105713,-1.887502908706665,0.9909899234771729
1773047410,736582905,world,cf231_leg,-2.6513071060180664,-1.8904391527175903,0.9759864807128906
1773047410,742348087,world,cf231,-2.6567304134368896,-1.8874398469924927,0.9908868074417114
1773047410,742348087,world,cf231_leg,-2.6513078212738037,-1.8904706239700317,0.9758495092391968
1773047410,746479672,world,cf231,-2.6566271781921387,-1.8874201774597168,0.9909502267837524
1773047410,746479672,world,cf231_leg,-2.6512184143066406,-1.8904086351394653,0.9758174419403076
1773047410,755604059,world,cf231,-2.6565723419189453,-1.887414813041687,0.9909381866455078
1773047410,755604059,world,cf231_leg,-2.651162624359131,-1.8905154466629028,0.9758458137512207
1773047410,756541806,world,cf231,-2.6564579010009766,-1.8874024152755737,0.9909435510635376
1773047410,756541806,world,cf231_leg,-2.6511447429656982,-1.8904539346694946,0.975826621055603
1773047410,761674262,world,cf231,-2.656327724456787,-1.8874403238296509,0.9909191131591797
1773047410,761674262,world,cf231_leg,-2.6511130332946777,-1.8904799222946167,0.9759281873703003
1773047410,767412928,world,cf231,-2.6562752723693848,-1.887389898300171,0.9908854961395264
1773047410,767412928,world,cf231_leg,-2.651052474975586,-1.890391230583191,0.9758180379867554
1773047410,771555192,world,cf231,-2.656160354614258,-1.8874218463897705,0.9908895492553711
1773047410,771555192,world,cf231_leg,-2.6508853435516357,-1.8903254270553589,0.9755135774612427
1773047410,776574049,world,cf231,-2.656048059463501,-1.8874088525772095,0.9908715486526489
1773047410,776574049,world,cf231_leg,-2.6508426666259766,-1.8903247117996216,0.9757177829742432
1773047410,781743950,world,cf231,-2.6558620929718018,-1.8872807025909424,0.9908251762390137
1773047410,781743950,world,cf231_leg,-2.6508121490478516,-1.8903255462646484,0.9755200147628784
1773047410,787535181,world,cf231,-2.65579891204834,-1.8873203992843628,0.9908851385116577
1773047410,787535181,world,cf231_leg,-2.65092134475708,-1.8904297351837158,0.9758445024490356
1773047410,791597148,world,cf231,-2.655672788619995,-1.887314796447754,0.9908347129821777
1773047410,791597148,world,cf231_leg,-2.650834798812866,-1.8903685808181763,0.9757884740829468
1773047410,796585626,world,cf231,-2.655601739883423,-1.8873145580291748,0.9907962083816528
1773047410,796585626,world,cf231_leg,-2.6507484912872314,-1.8903074264526367,0.9757322072982788
1773047410,802500201,world,cf231,-2.655491828918457,-1.8873014450073242,0.9907536506652832
1773047410,802500201,world,cf231_leg,-2.650742530822754,-1.8903058767318726,0.9757797718048096
1773047410,806863927,world,cf231,-2.655412435531616,-1.887345552444458,0.9907888174057007
1773047410,806863927,world,cf231_leg,-2.6506872177124023,-1.8902686834335327,0.9759098291397095
1773047410,811658197,world,cf231,-2.6552999019622803,-1.887335181236267,0.9907889366149902
1773047410,811658197,world,cf231_leg,-2.650667667388916,-1.8902381658554077,0.975775957107544
1773047410,817500628,world,cf231,-2.6552023887634277,-1.8873157501220703,0.9908010959625244
1773047410,817500628,world,cf231_leg,-2.650571823120117,-1.890188455581665,0.9759304523468018
1773047410,821573978,world,cf231,-2.6551318168640137,-1.887316107749939,0.9907608032226562
1773047410,821573978,world,cf231_leg,-2.650463581085205,-1.8901631832122803,0.9757764339447021
1773047410,826595548,world,cf231,-2.6550240516662598,-1.88733971118927,0.9908511638641357
1773047410,826595548,world,cf231_leg,-2.6504721641540527,-1.8901556730270386,0.9758533239364624
1773047410,831778068,world,cf231,-2.6548922061920166,-1.8873337507247925,0.9908521175384521
1773047410,831778068,world,cf231_leg,-2.6504976749420166,-1.8901879787445068,0.9759386777877808
1773047410,837506967,world,cf231,-2.6547632217407227,-1.8872580528259277,0.9908082485198975
1773047410,837506967,world,cf231_leg,-2.6504249572753906,-1.8900747299194336,0.9759120941162109
1773047410,842406008,world,cf231,-2.6547298431396484,-1.8873522281646729,0.9909296035766602
1773047410,842406008,world,cf231_leg,-2.650259256362915,-1.8900574445724487,0.9759117364883423
1773047410,847065294,world,cf231,-2.6545827388763428,-1.8872824907302856,0.990882396697998
1773047410,847065294,world,cf231_leg,-2.650324821472168,-1.8900560140609741,0.97597336769104
1773047410,852485792,world,cf231,-2.654500961303711,-1.887212872505188,0.9909242391586304
1773047410,852485792,world,cf231_leg,-2.6502413749694824,-1.8900315761566162,0.9760422706604004
1773047410,856717604,world,cf231,-2.654386043548584,-1.8872418403625488,0.990911602973938
1773047410,856717604,world,cf231_leg,-2.6502346992492676,-1.8899627923965454,0.9760774374008179
1773047410,862350584,world,cf231,-2.6543612480163574,-1.8871796131134033,0.9909603595733643
1773047410,862350584,world,cf231_leg,-2.6501824855804443,-1.8898812532424927,0.9761807918548584
1773047410,866504260,world,cf231,-2.6541998386383057,-1.8871991634368896,0.9910342693328857
1773047410,866504260,world,cf231_leg,-2.650113582611084,-1.8898814916610718,0.9761440753936768
1773047410,871759854,world,cf231,-2.6541385650634766,-1.887075424194336,0.9910417795181274
1773047410,871759854,world,cf231_leg,-2.6501615047454834,-1.88980233669281,0.9764581918716431
1773047410,877864644,world,cf231,-2.654022455215454,-1.8871090412139893,0.9910666942596436
1773047410,877864644,world,cf231_leg,-2.6500697135925293,-1.889837384223938,0.976327657699585
1773047410,881775210,world,cf231,-2.6539785861968994,-1.8870964050292969,0.9911119937896729
1773047410,881775210,world,cf231_leg,-2.6500701904296875,-1.889662504196167,0.9765641689300537
1773047410,886641873,world,cf231,-2.6538727283477783,-1.8871219158172607,0.9911966323852539
1773047410,886641873,world,cf231_leg,-2.649946689605713,-1.8896570205688477,0.9765207767486572
1773047410,891555657,world,cf231,-2.653825283050537,-1.8871082067489624,0.9912706613540649
1773047410,891555657,world,cf231_leg,-2.650048017501831,-1.8896363973617554,0.9767371416091919
1773047410,896616842,world,cf231,-2.6537623405456543,-1.8870207071304321,0.991437554359436
1773047410,896616842,world,cf231_leg,-2.6501216888427734,-1.8896726369857788,0.9768784046173096
1773047410,902532068,world,cf231,-2.6536920070648193,-1.8869539499282837,0.9913959503173828
1773047410,902532068,world,cf231_leg,-2.6500067710876465,-1.8895930051803589,0.9768974781036377
1773047410,906484549,world,cf231,-2.6536972522735596,-1.8870465755462646,0.9918378591537476
1773047410,906484549,world,cf231_leg,-2.6499719619750977,-1.8894606828689575,0.977004885673523
1773047410,911849018,world,cf231,-2.653597116470337,-1.8869125843048096,0.9918588399887085
1773047410,911849018,world,cf231_leg,-2.6499404907226562,-1.8894870281219482,0.9771052598953247
1773047410,916614760,world,cf231,-2.653580665588379,-1.8868428468704224,0.9919908046722412
1773047410,916614760,world,cf231_leg,-2.649853467941284,-1.8893492221832275,0.9771833419799805
1773047410,921549484,world,cf231,-2.6536266803741455,-1.8869301080703735,0.992233157157898
1773047410,921549484,world,cf231_leg,-2.649897575378418,-1.8893322944641113,0.9772685766220093
1773047410,927907698,world,cf231,-2.653455972671509,-1.8866816759109497,0.9921982288360596
1773047410,927907698,world,cf231_leg,-2.6497392654418945,-1.8892732858657837,0.977469801902771
1773047410,932772353,world,cf231,-2.6536810398101807,-1.8868627548217773,0.9926791191101074
1773047410,932772353,world,cf231_leg,-2.6497933864593506,-1.8892332315444946,0.9774752855300903
1773047410,936792411,world,cf231,-2.653676986694336,-1.8868945837020874,0.9930399656295776
1773047410,936792411,world,cf231_leg,-2.649777889251709,-1.88925302028656,0.9775865077972412
1773047410,941733916,world,cf231,-2.653639078140259,-1.886617660522461,0.9931213855743408
1773047410,941733916,world,cf231_leg,-2.6498472690582275,-1.8891770839691162,0.9777538776397705
1773047410,948433412,world,cf231,-2.6534836292266846,-1.8864704370498657,0.9932905435562134
1773047410,948433412,world,cf231_leg,-2.6496949195861816,-1.8890410661697388,0.9777694940567017
1773047410,951764829,world,cf231,-2.6534852981567383,-1.8864370584487915,0.9934053421020508
1773047410,951764829,world,cf231_leg,-2.649714946746826,-1.889005184173584,0.9781785011291504
1773047410,956672547,world,cf231,-2.6535074710845947,-1.886389970779419,0.9936577081680298
1773047410,956672547,world,cf231_leg,-2.6496496200561523,-1.8890330791473389,0.9784122705459595
1773047410,962368231,world,cf231,-2.653439521789551,-1.8862427473068237,0.9937146902084351
1773047410,962368231,world,cf231_leg,-2.6497247219085693,-1.8889260292053223,0.9786527156829834
1773047410,967578254,world,cf231,-2.6534030437469482,-1.8861522674560547,0.9938266277313232
1773047410,967578254,world,cf231_leg,-2.64975643157959,-1.8889260292053223,0.9788469076156616
1773047410,971710686,world,cf231,-2.653484582901001,-1.8861445188522339,0.9939243793487549
1773047410,971710686,world,cf231_leg,-2.6496047973632812,-1.8887578248977661,0.9789807796478271
1773047410,976660601,world,cf231,-2.6534316539764404,-1.88594651222229,0.9940130710601807
1773047410,976660601,world,cf231_leg,-2.649594306945801,-1.8888012170791626,0.9790740013122559
1773047410,981804592,world,cf231,-2.6534221172332764,-1.8858752250671387,0.994073748588562
1773047410,981804592,world,cf231_leg,-2.6495132446289062,-1.8886555433273315,0.9792510271072388
1773047410,986689513,world,cf231,-2.653331756591797,-1.8857356309890747,0.9941732883453369
1773047410,986689513,world,cf231_leg,-2.6496379375457764,-1.8886197805404663,0.979557991027832
1773047410,992522567,world,cf231,-2.653351306915283,-1.885606050491333,0.9942984580993652
1773047410,992522567,world,cf231_leg,-2.649501323699951,-1.88844633102417,0.9797186851501465
1773047410,996940969,world,cf231,-2.653446674346924,-1.8855911493301392,0.9944286346435547
1773047410,996940969,world,cf231_leg,-2.6495532989501953,-1.8883756399154663,0.9798805713653564
1773047411,1790683,world,cf231,-2.6534619331359863,-1.885462999343872,0.9946005344390869
1773047411,1790683,world,cf231_leg,-2.6495213508605957,-1.8882896900177002,0.979966402053833
1773047411,7497204,world,cf231,-2.6534645557403564,-1.8853858709335327,0.9947152137756348
1773047411,7497204,world,cf231_leg,-2.6495800018310547,-1.8882548809051514,0.9802132844924927
1773047411,11862468,world,cf231,-2.653571844100952,-1.8852870464324951,0.9950414896011353
1773047411,11862468,world,cf231_leg,-2.6495110988616943,-1.8881791830062866,0.9803086519241333
1773047411,17925568,world,cf231,-2.6536178588867188,-1.8850748538970947,0.9952331781387329
1773047411,17925568,world,cf231_leg,-2.649599552154541,-1.888178825378418,0.9806137084960938
1773047411,21746086,world,cf231,-2.653698682785034,-1.8849891424179077,0.9954732656478882
1773047411,21746086,world,cf231_leg,-2.649509906768799,-1.888005018234253,0.9805648326873779
1773047411,27549081,world,cf231,-2.6537771224975586,-1.8849037885665894,0.9957376718521118
1773047411,27549081,world,cf231_leg,-2.6494810581207275,-1.8878742456436157,0.9806244373321533
1773047411,31850099,world,cf231,-2.6538984775543213,-1.8848751783370972,0.9959559440612793
1773047411,31850099,world,cf231_leg,-2.6495816707611084,-1.8878986835479736,0.9808454513549805
1773047411,36767677,world,cf231,-2.653916835784912,-1.8847923278808594,0.9960980415344238
1773047411,36767677,world,cf231_leg,-2.6494781970977783,-1.8877646923065186,0.9809008836746216
1773047411,41721529,world,cf231,-2.6539270877838135,-1.8845922946929932,0.9962824583053589
1773047411,41721529,world,cf231_leg,-2.649430990219116,-1.8876646757125854,0.9812524318695068
1773047411,46777946,world,cf231,-2.6540353298187256,-1.88457190990448,0.9964650869369507
1773047411,46777946,world,cf231_leg,-2.6494383811950684,-1.887589454650879,0.9813188314437866
1773047411,51948589,world,cf231,-2.6540207862854004,-1.8845010995864868,0.996574878692627
1773047411,51948589,world,cf231_leg,-2.6494052410125732,-1.8874925374984741,0.9815548658370972
1773047411,56540019,world,cf231,-2.6541025638580322,-1.884486436843872,0.9968304634094238
1773047411,56540019,world,cf231_leg,-2.6494791507720947,-1.887447476387024,0.9815444946289062
1773047411,61638393,world,cf231,-2.654184103012085,-1.884364128112793,0.9969124794006348
1773047411,61638393,world,cf231_leg,-2.6493613719940186,-1.8872435092926025,0.9817025661468506
1773047411,66961811,world,cf231,-2.654175281524658,-1.884178876876831,0.9969555139541626
1773047411,66961811,world,cf231_leg,-2.649334669113159,-1.8871486186981201,0.981890082359314
1773047411,71656133,world,cf231,-2.6542515754699707,-1.884171485900879,0.9971027374267578
1773047411,71656133,world,cf231_leg,-2.6493892669677734,-1.8871243000030518,0.9820307493209839
1773047411,76888826,world,cf231,-2.6543333530426025,-1.88409423828125,0.9971816539764404
1773047411,76888826,world,cf231_leg,-2.649378776550293,-1.8869112730026245,0.9822112321853638
1773047411,83157490,world,cf231,-2.6542677879333496,-1.883812427520752,0.9972225427627563
1773047411,83157490,world,cf231_leg,-2.6493921279907227,-1.8868943452835083,0.9823906421661377
1773047411,86639759,world,cf231,-2.6543822288513184,-1.8839071989059448,0.9973691701889038
1773047411,86639759,world,cf231_leg,-2.6494014263153076,-1.886773943901062,0.9824328422546387
1773047411,93275239,world,cf231,-2.6544904708862305,-1.8837718963623047,0.99753737449646
1773047411,93275239,world,cf231_leg,-2.649326801300049,-1.886684536933899,0.9827085733413696
1773047411,96786237,world,cf231,-2.6545629501342773,-1.8836562633514404,0.9975382089614868
1773047411,96786237,world,cf231_leg,-2.6493308544158936,-1.8866199254989624,0.9826675653457642
1773047411,102702402,world,cf231,-2.6546740531921387,-1.8836358785629272,0.9976961612701416
1773047411,102702402,world,cf231_leg,-2.6493148803710938,-1.8865841627120972,0.9829237461090088
1773047411,106738379,world,cf231,-2.6547460556030273,-1.8835570812225342,0.9978542327880859
1773047411,106738379,world,cf231_leg,-2.649292230606079,-1.8864078521728516,0.9829187393188477
1773047411,112029708,world,cf231,-2.6547775268554688,-1.883428692817688,0.9978762865066528
1773047411,112029708,world,cf231_leg,-2.649310827255249,-1.8864398002624512,0.9830694198608398
1773047411,116807739,world,cf231,-2.654874563217163,-1.8834153413772583,0.9980026483535767
1773047411,116807739,world,cf231_leg,-2.6492388248443604,-1.8861827850341797,0.9831433296203613
1773047411,122746543,world,cf231,-2.6549949645996094,-1.8833060264587402,0.9980882406234741
1773047411,122746543,world,cf231_leg,-2.6493093967437744,-1.886136531829834,0.9831581115722656
1773047411,126846303,world,cf231,-2.6550159454345703,-1.8832204341888428,0.9981882572174072
1773047411,126846303,world,cf231_leg,-2.649296760559082,-1.88606595993042,0.9832413196563721
1773047411,131839175,world,cf231,-2.654994249343872,-1.8830407857894897,0.9981787204742432
1773047411,131839175,world,cf231_leg,-2.6492409706115723,-1.8859469890594482,0.9832221269607544
1773047411,136670551,world,cf231,-2.6551673412323,-1.8830970525741577,0.9983129501342773
1773047411,136670551,world,cf231_leg,-2.649238109588623,-1.8858799934387207,0.9832310676574707
1773047411,142475577,world,cf231,-2.65521240234375,-1.882964015007019,0.9983850717544556
1773047411,142475577,world,cf231_leg,-2.6491360664367676,-1.8857169151306152,0.9834166765213013
1773047411,147712192,world,cf231,-2.655268669128418,-1.8829706907272339,0.9983935356140137
1773047411,147712192,world,cf231_leg,-2.6490426063537598,-1.8855713605880737,0.9832607507705688
1773047411,151747304,world,cf231,-2.655278205871582,-1.8828471899032593,0.9984399080276489
1773047411,151747304,world,cf231_leg,-2.6490612030029297,-1.8855198621749878,0.9832459688186646
1773047411,156702015,world,cf231,-2.6553287506103516,-1.882736086845398,0.9984666109085083
1773047411,156702015,world,cf231_leg,-2.649055004119873,-1.885354995727539,0.9833996295928955
1773047411,161852618,world,cf231,-2.655381202697754,-1.882789134979248,0.9985179901123047
1773047411,161852618,world,cf231_leg,-2.6490252017974854,-1.8853203058242798,0.9833418130874634
1773047411,167606330,world,cf231,-2.655308485031128,-1.8825578689575195,0.9984527826309204
1773047411,167606330,world,cf231_leg,-2.6489768028259277,-1.8851566314697266,0.9832541942596436
1773047411,171814390,world,cf231,-2.6553092002868652,-1.8824435472488403,0.9984358549118042
1773047411,171814390,world,cf231_leg,-2.6488876342773438,-1.8850947618484497,0.9832215309143066
1773047411,177602465,world,cf231,-2.655327796936035,-1.8824383020401,0.9984374046325684
1773047411,177602465,world,cf231_leg,-2.648885726928711,-1.8849809169769287,0.9832109212875366
1773047411,181963105,world,cf231,-2.655228614807129,-1.8822600841522217,0.9984596967697144
1773047411,181963105,world,cf231_leg,-2.6488780975341797,-1.884880542755127,0.9833844900131226
1773047411,187147020,world,cf231,-2.6552183628082275,-1.8821505308151245,0.998367428779602
1773047411,187147020,world,cf231_leg,-2.6488053798675537,-1.8847976922988892,0.9832227230072021
1773047411,193426146,world,cf231,-2.655216693878174,-1.8820371627807617,0.99837327003479
1773047411,193426146,world,cf231_leg,-2.64882493019104,-1.8847471475601196,0.9832048416137695
1773047411,197499932,world,cf231,-2.655163526535034,-1.881915807723999,0.9983237981796265
1773047411,197499932,world,cf231_leg,-2.6487245559692383,-1.8846616744995117,0.9832531213760376
1773047411,201839261,world,cf231,-2.6551265716552734,-1.8818594217300415,0.9983186721801758
1773047411,201839261,world,cf231_leg,-2.648624897003174,-1.884559988975525,0.9831469058990479
1773047411,206748522,world,cf231,-2.655025005340576,-1.8816887140274048,0.9982068538665771
1773047411,206748522,world,cf231_leg,-2.648622751235962,-1.8844479322433472,0.9831516742706299
1773047411,211824530,world,cf231,-2.6549320220947266,-1.881508708000183,0.9981588125228882
1773047411,211824530,world,cf231_leg,-2.6485557556152344,-1.8843361139297485,0.983078122138977
1773047411,216715055,world,cf231,-2.654892921447754,-1.8813378810882568,0.998162031173706
1773047411,216715055,world,cf231_leg,-2.6485812664031982,-1.8842417001724243,0.9830106496810913
1773047411,221668962,world,cf231,-2.6548044681549072,-1.8812745809555054,0.9980992078781128
1773047411,221668962,world,cf231_leg,-2.6485097408294678,-1.8842413425445557,0.9829967021942139
1773047411,226849646,world,cf231,-2.6546640396118164,-1.8810007572174072,0.9979902505874634
1773047411,226849646,world,cf231_leg,-2.648475408554077,-1.8840715885162354,0.982938289642334
1773047411,232794266,world,cf231,-2.6546790599823,-1.8810395002365112,0.9980164766311646
1773047411,232794266,world,cf231_leg,-2.6483428478240967,-1.8839305639266968,0.9829381704330444
1773047411,239721949,world,cf231,-2.6545603275299072,-1.8808280229568481,0.9978839159011841
1773047411,239721949,world,cf231_leg,-2.648319721221924,-1.8838526010513306,0.9828284978866577
1773047411,241667395,world,cf231,-2.654526710510254,-1.880702257156372,0.9978337287902832
1773047411,241667395,world,cf231_leg,-2.6482365131378174,-1.8837924003601074,0.9827477931976318
1773047411,249161363,world,cf231,-2.6543405055999756,-1.8805742263793945,0.9977865219116211
1773047411,249161363,world,cf231_leg,-2.6481504440307617,-1.883571982383728,0.9826571941375732
1773047411,251637870,world,cf231,-2.6541571617126465,-1.8804007768630981,0.9977184534072876
1773047411,251637870,world,cf231_leg,-2.6480610370635986,-1.8835097551345825,0.9826254844665527
1773047411,256698214,world,cf231,-2.654080629348755,-1.8801780939102173,0.9975408315658569
1773047411,256698214,world,cf231_leg,-2.6479804515838623,-1.8834044933319092,0.9825195074081421
1773047411,262784623,world,cf231,-2.65395188331604,-1.880172610282898,0.9975146055221558
1773047411,262784623,world,cf231_leg,-2.647841691970825,-1.8832920789718628,0.9824326038360596
1773047411,267412947,world,cf231,-2.653848171234131,-1.8799996376037598,0.9974089860916138
1773047411,267412947,world,cf231_leg,-2.647836446762085,-1.8831583261489868,0.9824494123458862
1773047411,272528150,world,cf231,-2.6537249088287354,-1.879879117012024,0.9973173141479492
1773047411,272528150,world,cf231_leg,-2.6476073265075684,-1.8830132484436035,0.9821981191635132
1773047411,276835613,world,cf231,-2.653616189956665,-1.8798668384552002,0.9972718954086304
1773047411,276835613,world,cf231_leg,-2.647674083709717,-1.8829824924468994,0.9823908805847168
1773047411,281797674,world,cf231,-2.6533591747283936,-1.8796234130859375,0.9971709251403809
1773047411,281797674,world,cf231_leg,-2.647515058517456,-1.8827906847000122,0.9821561574935913
1773047411,286935573,world,cf231,-2.6532504558563232,-1.8796113729476929,0.9971249103546143
1773047411,286935573,world,cf231_leg,-2.647444248199463,-1.8826584815979004,0.982110857963562
1773047411,292042560,world,cf231,-2.653143882751465,-1.879553198814392,0.9970598220825195
1773047411,292042560,world,cf231_leg,-2.6473135948181152,-1.8826804161071777,0.9819835424423218
1773047411,296663203,world,cf231,-2.652944564819336,-1.8794331550598145,0.9969775676727295
1773047411,296663203,world,cf231_leg,-2.647278070449829,-1.8825114965438843,0.9819437265396118
1773047411,302635624,world,cf231,-2.6526761054992676,-1.879241704940796,0.9968163967132568
1773047411,302635624,world,cf231_leg,-2.6471738815307617,-1.8824551105499268,0.9818824529647827
1773047411,306695547,world,cf231,-2.6525232791900635,-1.8791717290878296,0.9968193769454956
1773047411,306695547,world,cf231_leg,-2.6470906734466553,-1.882235050201416,0.9817687273025513
1773047411,312502347,world,cf231,-2.6522724628448486,-1.8791589736938477,0.9966963529586792
1773047411,312502347,world,cf231_leg,-2.6468069553375244,-1.882054090499878,0.9816436767578125
1773047411,316958621,world,cf231,-2.6520743370056152,-1.8789221048355103,0.996578574180603
1773047411,316958621,world,cf231_leg,-2.6467912197113037,-1.8819464445114136,0.9816027879714966
1773047411,322981045,world,cf231,-2.6519463062286377,-1.8789174556732178,0.9965496063232422
1773047411,322981045,world,cf231_leg,-2.646690845489502,-1.8818916082382202,0.9815152883529663
1773047411,326845764,world,cf231,-2.651782512664795,-1.8788971900939941,0.9964742660522461
1773047411,326845764,world,cf231_leg,-2.646674871444702,-1.881784200668335,0.9814735651016235
1773047411,331808480,world,cf231,-2.6515257358551025,-1.8787689208984375,0.9963871240615845
1773047411,331808480,world,cf231_leg,-2.646449327468872,-1.8816100358963013,0.9813307523727417
1773047411,336879721,world,cf231,-2.6512768268585205,-1.8786433935165405,0.9962419271469116
1773047411,336879721,world,cf231_leg,-2.646427631378174,-1.8815008401870728,0.9813368320465088
1773047411,343447136,world,cf231,-2.651143789291382,-1.878633737564087,0.9962277412414551
1773047411,343447136,world,cf231_leg,-2.6463003158569336,-1.8814271688461304,0.9813046455383301
1773047411,346971471,world,cf231,-2.65083909034729,-1.878504753112793,0.9960895776748657
1773047411,346971471,world,cf231_leg,-2.6462044715881348,-1.8813271522521973,0.9811716079711914
1773047411,353628982,world,cf231,-2.650689125061035,-1.878432273864746,0.9960497617721558
1773047411,353628982,world,cf231_leg,-2.6460225582122803,-1.881202220916748,0.9811294078826904
1773047411,360435629,world,cf231,-2.6504435539245605,-1.8783419132232666,0.9960168600082397
1773047411,360435629,world,cf231_leg,-2.646005868911743,-1.881207823753357,0.9811221361160278
1773047411,361891947,world,cf231,-2.6502082347869873,-1.8781667947769165,0.9959249496459961
1773047411,361891947,world,cf231_leg,-2.646021604537964,-1.8810889720916748,0.981116533279419
1773047411,368132285,world,cf231,-2.649986505508423,-1.8781410455703735,0.9958623647689819
1773047411,368132285,world,cf231_leg,-2.6457762718200684,-1.8809198141098022,0.9809893369674683
1773047411,372395595,world,cf231,-2.6497511863708496,-1.8779628276824951,0.9957535266876221
1773047411,372395595,world,cf231_leg,-2.6456024646759033,-1.8806942701339722,0.9807145595550537
1773047411,376855900,world,cf231,-2.6495163440704346,-1.8779449462890625,0.9956563711166382
1773047411,376855900,world,cf231_leg,-2.645564317703247,-1.8806726932525635,0.9808629751205444
1773047411,382007728,world,cf231,-2.6493515968322754,-1.877881646156311,0.9956032037734985
1773047411,382007728,world,cf231_leg,-2.6455721855163574,-1.8805828094482422,0.9807907342910767
1773047411,387636690,world,cf231,-2.649181365966797,-1.877745509147644,0.9955644607543945
1773047411,387636690,world,cf231_leg,-2.6453235149383545,-1.880325198173523,0.9806621074676514
1773047411,391760051,world,cf231,-2.64898681640625,-1.8777424097061157,0.9954661130905151
1773047411,391760051,world,cf231_leg,-2.6451869010925293,-1.8801769018173218,0.9804033041000366
1773047411,398493140,world,cf231,-2.648674249649048,-1.8776085376739502,0.9953668117523193
1773047411,398493140,world,cf231_leg,-2.645066022872925,-1.880162239074707,0.9804831743240356
1773047411,401857621,world,cf231,-2.6484360694885254,-1.8774755001068115,0.9952797889709473
1773047411,401857621,world,cf231_leg,-2.6450390815734863,-1.8799495697021484,0.9803708791732788
1773047411,406847688,world,cf231,-2.648186683654785,-1.877416968345642,0.9951357841491699
1773047411,406847688,world,cf231_leg,-2.644787073135376,-1.8798236846923828,0.9802950620651245
1773047411,411793505,world,cf231,-2.6479101181030273,-1.8772261142730713,0.9950469732284546
1773047411,411793505,world,cf231_leg,-2.644705057144165,-1.8797072172164917,0.9803403615951538
1773047411,416639033,world,cf231,-2.6477742195129395,-1.877149224281311,0.9950562715530396
1773047411,416639033,world,cf231_leg,-2.6446495056152344,-1.8795886039733887,0.9803186655044556
1773047411,421713611,world,cf231,-2.6475250720977783,-1.876975655555725,0.9948960542678833
1773047411,421713611,world,cf231_leg,-2.644512891769409,-1.879409670829773,0.9801948070526123
1773047411,426664864,world,cf231,-2.647209644317627,-1.8767720460891724,0.9948023557662964
1773047411,426664864,world,cf231_leg,-2.6443183422088623,-1.8792444467544556,0.9801012277603149
1773047411,431951889,world,cf231,-2.6470844745635986,-1.876767635345459,0.9947476387023926
1773047411,431951889,world,cf231_leg,-2.6442384719848633,-1.8791909217834473,0.9802792072296143
1773047411,437197253,world,cf231,-2.646876335144043,-1.8765742778778076,0.9947052001953125
1773047411,437197253,world,cf231_leg,-2.64414381980896,-1.879008173942566,0.9799758195877075
1773047411,445878495,world,cf231,-2.6467325687408447,-1.8764601945877075,0.9946320056915283
1773047411,445878495,world,cf231_leg,-2.643946886062622,-1.878858208656311,0.9800398349761963
1773047411,447456814,world,cf231,-2.6466050148010254,-1.8763833045959473,0.994565486907959
1773047411,447456814,world,cf231_leg,-2.643890857696533,-1.8787695169448853,0.9798852205276489
1773047411,452502086,world,cf231,-2.6463844776153564,-1.876196026802063,0.9944684505462646
1773047411,452502086,world,cf231_leg,-2.6436767578125,-1.8785886764526367,0.9797940254211426
1773047411,456788198,world,cf231,-2.64616060256958,-1.8760112524032593,0.9944145679473877
1773047411,456788198,world,cf231_leg,-2.6436338424682617,-1.8784164190292358,0.9798061847686768
1773047411,461722556,world,cf231,-2.6461541652679443,-1.8759851455688477,0.9944471120834351
1773047411,461722556,world,cf231_leg,-2.6434431076049805,-1.8782987594604492,0.9796868562698364
1773047411,466793052,world,cf231,-2.646013021469116,-1.8758708238601685,0.9943490028381348
1773047411,466793052,world,cf231_leg,-2.643432378768921,-1.8781156539916992,0.9797334671020508
1773047411,472652542,world,cf231,-2.6457459926605225,-1.8756340742111206,0.9941637516021729
1773047411,472652542,world,cf231_leg,-2.6431679725646973,-1.8778835535049438,0.9795898199081421
1773047411,476952244,world,cf231,-2.6457324028015137,-1.8756763935089111,0.9942697286605835
1773047411,476952244,world,cf231_leg,-2.643188953399658,-1.8776891231536865,0.9796724319458008
1773047411,481713033,world,cf231,-2.645718574523926,-1.8756513595581055,0.9943742752075195
1773047411,481713033,world,cf231_leg,-2.642949104309082,-1.877587914466858,0.9795111417770386
1773047411,486956500,world,cf231,-2.6455492973327637,-1.8755487203598022,0.9941943883895874
1773047411,486956500,world,cf231_leg,-2.6428933143615723,-1.8774837255477905,0.9796286821365356
1773047411,491967460,world,cf231,-2.6454989910125732,-1.8754652738571167,0.9942734241485596
1773047411,491967460,world,cf231_leg,-2.64284610748291,-1.8773877620697021,0.9795492887496948
1773047411,496651678,world,cf231,-2.6453182697296143,-1.875219464302063,0.9941407442092896
1773047411,496651678,world,cf231_leg,-2.642723798751831,-1.8772236108779907,0.9794671535491943
1773047411,502026528,world,cf231,-2.645221471786499,-1.8752036094665527,0.9941674470901489
1773047411,502026528,world,cf231_leg,-2.6424970626831055,-1.8769721984863281,0.9794586896896362
1773047411,508034395,world,cf231,-2.6450743675231934,-1.8750864267349243,0.994102954864502
1773047411,508034395,world,cf231_leg,-2.642512798309326,-1.8768532276153564,0.9794526100158691
1773047411,511856142,world,cf231,-2.6450531482696533,-1.8750216960906982,0.994107723236084
1773047411,511856142,world,cf231_leg,-2.642353057861328,-1.8766779899597168,0.9793694019317627
1773047411,516780364,world,cf231,-2.6448047161102295,-1.8748140335083008,0.9940643310546875
1773047411,516780364,world,cf231_leg,-2.642259359359741,-1.8765016794204712,0.9793466329574585
1773047411,521789960,world,cf231,-2.644747018814087,-1.87480890750885,0.994076132774353
1773047411,521789960,world,cf231_leg,-2.6420726776123047,-1.8761950731277466,0.9793024063110352
1773047411,526828892,world,cf231,-2.644651174545288,-1.8747435808181763,0.9940682649612427
1773047411,526828892,world,cf231_leg,-2.6419899463653564,-1.8760113716125488,0.9793351888656616
1773047411,532584801,world,cf231,-2.6445558071136475,-1.8745635747909546,0.9940425157546997
1773047411,532584801,world,cf231_leg,-2.641890048980713,-1.8757662773132324,0.9793471097946167
1773047411,536809750,world,cf231,-2.644336462020874,-1.8744926452636719,0.9939569234848022
1773047411,536809750,world,cf231_leg,-2.6417219638824463,-1.8755682706832886,0.9793210029602051
1773047411,542378475,world,cf231,-2.6442887783050537,-1.8744090795516968,0.994011640548706
1773047411,542378475,world,cf231_leg,-2.641651153564453,-1.8753116130828857,0.97939133644104
1773047411,547734768,world,cf231,-2.644249677658081,-1.8743507862091064,0.9940109252929688
1773047411,547734768,world,cf231_leg,-2.6415982246398926,-1.875099778175354,0.9793277978897095
1773047411,551863863,world,cf231,-2.644061803817749,-1.8741742372512817,0.9941625595092773
1773047411,551863863,world,cf231_leg,-2.641427516937256,-1.8749009370803833,0.9793250560760498
1773047411,557714194,world,cf231,-2.643965721130371,-1.874038815498352,0.9941354990005493
1773047411,557714194,world,cf231_leg,-2.6412816047668457,-1.874528408050537,0.9793747663497925
1773047411,562853909,world,cf231,-2.6438682079315186,-1.8738592863082886,0.9941338300704956
1773047411,562853909,world,cf231_leg,-2.6412150859832764,-1.8743860721588135,0.9794338941574097
1773047411,566881933,world,cf231,-2.6436588764190674,-1.8736679553985596,0.9941097497940063
1773047411,566881933,world,cf231_leg,-2.641087532043457,-1.8739919662475586,0.9793347120285034
1773047411,571719552,world,cf231,-2.6436147689819336,-1.8735398054122925,0.9941405057907104
1773047411,571719552,world,cf231_leg,-2.6409964561462402,-1.873785376548767,0.9794251918792725
1773047411,576874174,world,cf231,-2.6434779167175293,-1.8733019828796387,0.9941377639770508
1773047411,576874174,world,cf231_leg,-2.6409590244293213,-1.8736138343811035,0.9793915748596191
1773047411,582119792,world,cf231,-2.64324951171875,-1.8730453252792358,0.9940948486328125
1773047411,582119792,world,cf231_leg,-2.6408495903015137,-1.8734116554260254,0.9794782400131226
1773047411,586825877,world,cf231,-2.643249750137329,-1.8729302883148193,0.9940787553787231
1773047411,586825877,world,cf231_leg,-2.640831708908081,-1.8733038902282715,0.9794574975967407
1773047411,591942346,world,cf231,-2.6432015895843506,-1.8728013038635254,0.9941370487213135
1773047411,591942346,world,cf231_leg,-2.6406474113464355,-1.8728545904159546,0.979509711265564
1773047411,596728843,world,cf231,-2.643115758895874,-1.8726149797439575,0.9941916465759277
1773047411,596728843,world,cf231_leg,-2.640580177307129,-1.8727630376815796,0.9794472455978394
1773047411,601724532,world,cf231,-2.642979621887207,-1.8723777532577515,0.9941872358322144
1773047411,601724532,world,cf231_leg,-2.6405296325683594,-1.872389554977417,0.9794838428497314
1773047411,607683959,world,cf231,-2.6429734230041504,-1.8723067045211792,0.9942218065261841
1773047411,607683959,world,cf231_leg,-2.6403565406799316,-1.872061014175415,0.979332685470581
1773047411,612014376,world,cf231,-2.6428751945495605,-1.8720115423202515,0.994205117225647
1773047411,612014376,world,cf231_leg,-2.640202760696411,-1.871674656867981,0.9795849323272705
1773047411,617753542,world,cf231,-2.6427829265594482,-1.8718318939208984,0.9941532611846924
1773047411,617753542,world,cf231_leg,-2.6401002407073975,-1.8715054988861084,0.9794855117797852
1773047411,621797799,world,cf231,-2.642703056335449,-1.8715934753417969,0.9943184852600098
1773047411,621797799,world,cf231_leg,-2.640026330947876,-1.8710565567016602,0.9796836376190186
1773047411,626964186,world,cf231,-2.642604351043701,-1.871265172958374,0.9944422245025635
1773047411,626964186,world,cf231_leg,-2.639845132827759,-1.8706879615783691,0.9794372320175171
1773047411,632417219,world,cf231,-2.6426148414611816,-1.8709943294525146,0.9946087598800659
1773047411,632417219,world,cf231_leg,-2.6397387981414795,-1.8704098463058472,0.9796346426010132
1773047411,637285459,world,cf231,-2.6424739360809326,-1.870614767074585,0.9945981502532959
1773047411,637285459,world,cf231_leg,-2.639603614807129,-1.8700238466262817,0.9794543981552124
1773047411,642227917,world,cf231,-2.642665147781372,-1.8705496788024902,0.9947243928909302
1773047411,642227917,world,cf231_leg,-2.6395888328552246,-1.8697772026062012,0.9798011779785156
1773047411,646901188,world,cf231,-2.6425423622131348,-1.870086669921875,0.9948585033416748
1773047411,646901188,world,cf231_leg,-2.6396865844726562,-1.8695226907730103,0.9797135591506958
1773047411,651737670,world,cf231,-2.6425328254699707,-1.8697848320007324,0.9948879480361938
1773047411,651737670,world,cf231_leg,-2.639603853225708,-1.8691651821136475,0.9800018072128296
1773047411,656909424,world,cf231,-2.642404556274414,-1.8693615198135376,0.9947746992111206
1773047411,656909424,world,cf231_leg,-2.6394214630126953,-1.8687664270401,0.9799100160598755
1773047411,662042808,world,cf231,-2.6424195766448975,-1.86907958984375,0.9947763681411743
1773047411,662042808,world,cf231_leg,-2.6393496990203857,-1.8684320449829102,0.9801180362701416
1773047411,666973404,world,cf231,-2.6421968936920166,-1.868707537651062,0.994666576385498
1773047411,666973404,world,cf231_leg,-2.6393284797668457,-1.8681626319885254,0.9800893068313599
1773047411,671825613,world,cf231,-2.6421315670013428,-1.868239164352417,0.9946719408035278
1773047411,671825613,world,cf231_leg,-2.639120578765869,-1.8675915002822876,0.9803014993667603
1773047411,676929602,world,cf231,-2.6420719623565674,-1.8680016994476318,0.9946573972702026
1773047411,676929602,world,cf231_leg,-2.639012336730957,-1.8672599792480469,0.9802169799804688
1773047411,681975999,world,cf231,-2.6420583724975586,-1.8675830364227295,0.9947006702423096
1773047411,681975999,world,cf231_leg,-2.638939619064331,-1.8668885231018066,0.9802775382995605
1773047411,687216775,world,cf231,-2.64198899269104,-1.86715829372406,0.9947327375411987
1773047411,687216775,world,cf231_leg,-2.6388189792633057,-1.8664196729660034,0.9802621603012085
1773047411,692778444,world,cf231,-2.6420350074768066,-1.8668617010116577,0.9947750568389893
1773047411,692778444,world,cf231_leg,-2.638692617416382,-1.865995168685913,0.9802954196929932
1773047411,697026924,world,cf231,-2.641770839691162,-1.8663160800933838,0.9946728944778442
1773047411,697026924,world,cf231_leg,-2.638733386993408,-1.8657034635543823,0.9803597927093506
1773047411,701894046,world,cf231,-2.64188551902771,-1.865917682647705,0.9948986768722534
1773047411,701894046,world,cf231_leg,-2.6386115550994873,-1.865394115447998,0.9803801774978638
1773047411,707415859,world,cf231,-2.641888380050659,-1.865378499031067,0.9949527978897095
1773047411,707415859,world,cf231_leg,-2.638524055480957,-1.8648028373718262,0.9803799390792847
1773047411,713225145,world,cf231,-2.6418471336364746,-1.864942193031311,0.9950679540634155
1773047411,713225145,world,cf231_leg,-2.6384809017181396,-1.864486575126648,0.9805132150650024
1773047411,717714167,world,cf231,-2.6417949199676514,-1.8643947839736938,0.9950919151306152
1773047411,717714167,world,cf231_leg,-2.638422966003418,-1.8639963865280151,0.9805874824523926
1773047411,721976629,world,cf231,-2.6416940689086914,-1.8637880086898804,0.9951941967010498
1773047411,721976629,world,cf231_leg,-2.6382241249084473,-1.8634675741195679,0.9804446697235107
1773047411,726969983,world,cf231,-2.641810417175293,-1.8634977340698242,0.9951204061508179
1773047411,726969983,world,cf231_leg,-2.6381936073303223,-1.8629847764968872,0.9805961847305298
1773047411,732167136,world,cf231,-2.641681432723999,-1.862831950187683,0.9951221942901611
1773047411,732167136,world,cf231_leg,-2.6381449699401855,-1.862515926361084,0.9805954694747925
1773047411,737601303,world,cf231,-2.6418561935424805,-1.862430214881897,0.9952137470245361
1773047411,737601303,world,cf231_leg,-2.63791561126709,-1.8620338439941406,0.9805468320846558
1773047411,742229673,world,cf231,-2.6416800022125244,-1.8618518114089966,0.9953616857528687
1773047411,742229673,world,cf231_leg,-2.6379880905151367,-1.861617922782898,0.9806326627731323
1773047411,747872899,world,cf231,-2.6416733264923096,-1.8612407445907593,0.9954780340194702
1773047411,747872899,world,cf231_leg,-2.6379752159118652,-1.861290693283081,0.9808222055435181
1773047411,752612394,world,cf231,-2.6418118476867676,-1.8607001304626465,0.9956686496734619
1773047411,752612394,world,cf231_leg,-2.6380114555358887,-1.8608012199401855,0.9807486534118652
1773047411,757369480,world,cf231,-2.64176344871521,-1.8599979877471924,0.9959484338760376
1773047411,757369480,world,cf231_leg,-2.6377930641174316,-1.8602068424224854,0.9810402393341064
1773047411,762967736,world,cf231,-2.641772508621216,-1.8594558238983154,0.9959354400634766
1773047411,762967736,world,cf231_leg,-2.6376185417175293,-1.8597146272659302,0.9808623790740967
1773047411,767002621,world,cf231,-2.641677141189575,-1.858805537223816,0.9960094690322876
1773047411,767002621,world,cf231_leg,-2.6375083923339844,-1.8590749502182007,0.9810284376144409
1773047411,772262539,world,cf231,-2.6416542530059814,-1.8582793474197388,0.9959760904312134
1773047411,772262539,world,cf231_leg,-2.63761305809021,-1.8586184978485107,0.981131911277771
1773047411,776950070,world,cf231,-2.6416165828704834,-1.8576363325119019,0.9960575103759766
1773047411,776950070,world,cf231_leg,-2.637502670288086,-1.8581405878067017,0.9811751842498779
1773047411,782800363,world,cf231,-2.6415698528289795,-1.8570454120635986,0.9960534572601318
1773047411,782800363,world,cf231_leg,-2.6374130249023438,-1.8576607704162598,0.9812148809432983
1773047411,786933143,world,cf231,-2.641507387161255,-1.8563438653945923,0.9960075616836548
1773047411,786933143,world,cf231_leg,-2.637293815612793,-1.8570796251296997,0.98117995262146
1773047411,792666393,world,cf231,-2.641587257385254,-1.8557260036468506,0.9961966276168823
1773047411,792666393,world,cf231_leg,-2.6371984481811523,-1.856549859046936,0.981250524520874
1773047411,797197341,world,cf231,-2.6415205001831055,-1.8550684452056885,0.9961766004562378
1773047411,797197341,world,cf231_leg,-2.63713002204895,-1.8560184240341187,0.9812533855438232
1773047411,802639334,world,cf231,-2.641589403152466,-1.8543874025344849,0.9962891340255737
1773047411,802639334,world,cf231_leg,-2.636990547180176,-1.8554656505584717,0.981520414352417
1773047411,806895559,world,cf231,-2.6417441368103027,-1.8538028001785278,0.9963526725769043
1773047411,806895559,world,cf231_leg,-2.6368789672851562,-1.8549517393112183,0.9814332723617554
1773047411,812873190,world,cf231,-2.641719341278076,-1.8531606197357178,0.9963301420211792
1773047411,812873190,world,cf231_leg,-2.636789321899414,-1.8543260097503662,0.9815797805786133
1773047411,817062445,world,cf231,-2.641585350036621,-1.852458119392395,0.9962451457977295
1773047411,817062445,world,cf231_leg,-2.636754035949707,-1.853881597518921,0.9814932346343994
1773047411,821906235,world,cf231,-2.641561269760132,-1.851813554763794,0.9962035417556763
1773047411,821906235,world,cf231_leg,-2.6366662979125977,-1.853190541267395,0.9816210269927979
1773047411,826956043,world,cf231,-2.641521692276001,-1.8512909412384033,0.9961469173431396
1773047411,826956043,world,cf231_leg,-2.636563777923584,-1.8526698350906372,0.9816086292266846
1773047411,832091268,world,cf231,-2.64139986038208,-1.8505138158798218,0.9961181879043579
1773047411,832091268,world,cf231_leg,-2.6365549564361572,-1.8521456718444824,0.9815927743911743
1773047411,836955971,world,cf231,-2.641493558883667,-1.8498200178146362,0.9963431358337402
1773047411,836955971,world,cf231_leg,-2.6363768577575684,-1.8514405488967896,0.9815486669540405
1773047411,842155823,world,cf231,-2.6414406299591064,-1.8490405082702637,0.9963629245758057
1773047411,842155823,world,cf231_leg,-2.6362407207489014,-1.8507944345474243,0.9814802408218384
1773047411,847078741,world,cf231,-2.6413280963897705,-1.8482966423034668,0.9963785409927368
1773047411,847078741,world,cf231_leg,-2.636190176010132,-1.8503241539001465,0.9815033674240112
1773047411,852034215,world,cf231,-2.6413261890411377,-1.84771728515625,0.996330976486206
1773047411,852034215,world,cf231_leg,-2.6360812187194824,-1.849848747253418,0.9815583229064941
1773047411,857484082,world,cf231,-2.6412763595581055,-1.8470536470413208,0.9963399171829224
1773047411,857484082,world,cf231_leg,-2.636086940765381,-1.849175214767456,0.9816936254501343
1773047411,862344770,world,cf231,-2.641157865524292,-1.8462940454483032,0.9964662790298462
1773047411,862344770,world,cf231_leg,-2.636050224304199,-1.848645806312561,0.9814611673355103
1773047411,868016017,world,cf231,-2.6409900188446045,-1.8455333709716797,0.9963515996932983
1773047411,868016017,world,cf231_leg,-2.635927438735962,-1.847765564918518,0.9813979864120483
1773047411,872019493,world,cf231,-2.640979051589966,-1.844836711883545,0.9963691234588623
1773047411,872019493,world,cf231_leg,-2.63580584526062,-1.8473416566848755,0.9814045429229736
1773047411,877816961,world,cf231,-2.64106822013855,-1.8441722393035889,0.9964884519577026
1773047411,877816961,world,cf231_leg,-2.6357669830322266,-1.8467493057250977,0.9814521074295044
1773047411,882385926,world,cf231,-2.641040802001953,-1.8434935808181763,0.9966157674789429
1773047411,882385926,world,cf231_leg,-2.6355931758880615,-1.8461601734161377,0.9814114570617676
1773047411,887798815,world,cf231,-2.6410014629364014,-1.842591643333435,0.9966763257980347
1773047411,887798815,world,cf231_leg,-2.6356937885284424,-1.8455818891525269,0.9814156293869019
1773047411,892772079,world,cf231,-2.640915632247925,-1.8419419527053833,0.9966946840286255
1773047411,892772079,world,cf231_leg,-2.635425567626953,-1.8448604345321655,0.9813563823699951
1773047411,896945625,world,cf231,-2.6407506465911865,-1.841180443763733,0.9965554475784302
1773047411,896945625,world,cf231_leg,-2.6352698802948,-1.8442001342773438,0.9811514616012573
1773047411,901950088,world,cf231,-2.640533447265625,-1.8404697179794312,0.99671471118927
1773047411,901950088,world,cf231_leg,-2.6352057456970215,-1.8435531854629517,0.9811010360717773
1773047411,907109518,world,cf231,-2.6404757499694824,-1.8397669792175293,0.9966433048248291
1773047411,907109518,world,cf231_leg,-2.6351561546325684,-1.8430806398391724,0.9811087846755981
1773047411,912263722,world,cf231,-2.6403825283050537,-1.839121699333191,0.9965590238571167
1773047411,912263722,world,cf231_leg,-2.6351451873779297,-1.8425575494766235,0.9811301231384277
1773047411,917508958,world,cf231,-2.640289545059204,-1.838289737701416,0.9964430332183838
1773047411,917508958,world,cf231_leg,-2.6349620819091797,-1.8419651985168457,0.9811621904373169
1773047411,922118318,world,cf231,-2.6401398181915283,-1.8374894857406616,0.9964731931686401
1773047411,922118318,world,cf231_leg,-2.6347908973693848,-1.8411675691604614,0.9810677766799927
1773047411,929221781,world,cf231,-2.6399924755096436,-1.836759090423584,0.996497631072998
1773047411,929221781,world,cf231_leg,-2.634673595428467,-1.8405828475952148,0.9810172319412231
1773047411,932562864,world,cf231,-2.639907121658325,-1.8360353708267212,0.9964810609817505
1773047411,932562864,world,cf231_leg,-2.6345748901367188,-1.8398019075393677,0.9810762405395508
1773047411,937171204,world,cf231,-2.6398446559906006,-1.835377812385559,0.9964568614959717
1773047411,937171204,world,cf231_leg,-2.6344780921936035,-1.8392689228057861,0.9808602333068848
1773047411,942120828,world,cf231,-2.6396565437316895,-1.8345963954925537,0.9963427782058716
1773047411,942120828,world,cf231_leg,-2.6344027519226074,-1.8387082815170288,0.9809441566467285
1773047411,947115898,world,cf231,-2.639418363571167,-1.8337172269821167,0.9961730241775513
1773047411,947115898,world,cf231_leg,-2.634403705596924,-1.8382248878479004,0.9810205698013306
1773047411,954561260,world,cf231,-2.6393277645111084,-1.8330707550048828,0.9960650205612183
1773047411,954561260,world,cf231_leg,-2.6343746185302734,-1.8375040292739868,0.9808453321456909
1773047411,960394959,world,cf231,-2.63914155960083,-1.8323585987091064,0.995945930480957
1773047411,960394959,world,cf231_leg,-2.634233236312866,-1.8369215726852417,0.9808388948440552
1773047411,962415235,world,cf231,-2.6390914916992188,-1.8317266702651978,0.9958378076553345
1773047411,962415235,world,cf231_leg,-2.6340184211730957,-1.8362327814102173,0.9806580543518066
1773047411,967026356,world,cf231,-2.6389248371124268,-1.8310803174972534,0.995736837387085
1773047411,967026356,world,cf231_leg,-2.6340270042419434,-1.8356525897979736,0.9806375503540039
1773047411,972032657,world,cf231,-2.638868570327759,-1.830274224281311,0.9957864284515381
1773047411,972032657,world,cf231_leg,-2.633972406387329,-1.8351922035217285,0.9805715084075928
1773047411,977160556,world,cf231,-2.638775110244751,-1.829524040222168,0.9958274364471436
1773047411,977160556,world,cf231_leg,-2.6339049339294434,-1.8345746994018555,0.9804264307022095
1773047411,982214621,world,cf231,-2.6386804580688477,-1.8288755416870117,0.9957495927810669
1773047411,982214621,world,cf231_leg,-2.6337087154388428,-1.8338723182678223,0.9803967475891113
1773047411,987024431,world,cf231,-2.6385838985443115,-1.8282252550125122,0.9956766366958618
1773047411,987024431,world,cf231_leg,-2.6335623264312744,-1.8331844806671143,0.9802725315093994
1773047411,991969060,world,cf231,-2.6384265422821045,-1.827581763267517,0.9955146312713623
1773047411,991969060,world,cf231_leg,-2.6333794593811035,-1.8325787782669067,0.9804412126541138
1773047411,998424267,world,cf231,-2.638284921646118,-1.8269304037094116,0.9953629970550537
1773047411,998424267,world,cf231_leg,-2.6332826614379883,-1.8319607973098755,0.980075478553772
1773047412,1995911,world,cf231,-2.638108491897583,-1.826282024383545,0.995342493057251
1773047412,1995911,world,cf231_leg,-2.633267641067505,-1.8314132690429688,0.9801156520843506
1773047412,7180481,world,cf231,-2.637889862060547,-1.82547128200531,0.9950137138366699
1773047412,7180481,world,cf231_leg,-2.633207321166992,-1.830855369567871,0.9800827503204346
1773047412,13840899,world,cf231,-2.6378660202026367,-1.8249385356903076,0.9949935674667358
1773047412,13840899,world,cf231_leg,-2.6331300735473633,-1.8302152156829834,0.9800153970718384
1773047412,17964791,world,cf231,-2.6376471519470215,-1.8242859840393066,0.9948514699935913
1773047412,17964791,world,cf231_leg,-2.6329102516174316,-1.8295246362686157,0.9798794984817505
1773047412,22287632,world,cf231,-2.6376044750213623,-1.8237708806991577,0.9947026968002319
1773047412,22287632,world,cf231_leg,-2.632871627807617,-1.8289984464645386,0.9799607992172241
1773047412,27016990,world,cf231,-2.6374449729919434,-1.8230469226837158,0.9946906566619873
1773047412,27016990,world,cf231_leg,-2.6327099800109863,-1.8284192085266113,0.9796764850616455
1773047412,33360686,world,cf231,-2.6373214721679688,-1.8224955797195435,0.9947007894515991
1773047412,33360686,world,cf231_leg,-2.632835865020752,-1.827921986579895,0.9796515703201294
1773047412,37997943,world,cf231,-2.637159824371338,-1.8216592073440552,0.994521975517273
1773047412,37997943,world,cf231_leg,-2.632714033126831,-1.8272976875305176,0.9794968366622925
1773047412,42014553,world,cf231,-2.637042284011841,-1.821058988571167,0.994468092918396
1773047412,42014553,world,cf231_leg,-2.632629632949829,-1.8266539573669434,0.9794827699661255
1773047412,47157174,world,cf231,-2.6370925903320312,-1.8205746412277222,0.9944794178009033
1773047412,47157174,world,cf231_leg,-2.632385492324829,-1.8260324001312256,0.9794055223464966
1773047412,52826975,world,cf231,-2.637017250061035,-1.8199937343597412,0.9944373369216919
1773047412,52826975,world,cf231_leg,-2.6323773860931396,-1.8255051374435425,0.979393720626831
1773047412,57048069,world,cf231,-2.63676118850708,-1.819344162940979,0.994450569152832
1773047412,57048069,world,cf231_leg,-2.6324427127838135,-1.8249491453170776,0.9795331954956055
1773047412,62182785,world,cf231,-2.636672019958496,-1.8186962604522705,0.9943414926528931
1773047412,62182785,world,cf231_leg,-2.632390260696411,-1.8245056867599487,0.9794461727142334
1773047412,67028295,world,cf231,-2.636564016342163,-1.818170428276062,0.9942426681518555
1773047412,67028295,world,cf231_leg,-2.632204532623291,-1.8238260746002197,0.9790571928024292
1773047412,72115677,world,cf231,-2.6363844871520996,-1.817460060119629,0.9938938617706299
1773047412,72115677,world,cf231_leg,-2.632005453109741,-1.8231974840164185,0.9789168834686279
1773047412,77940081,world,cf231,-2.6363115310668945,-1.816992163658142,0.9938243627548218
1773047412,77940081,world,cf231_leg,-2.631939649581909,-1.822579026222229,0.9787697792053223
1773047412,82177974,world,cf231,-2.636162042617798,-1.8165209293365479,0.9939388036727905
1773047412,82177974,world,cf231_leg,-2.63191294670105,-1.8220456838607788,0.9789066314697266
1773047412,86903031,world,cf231,-2.63598370552063,-1.81587815284729,0.9937820434570312
1773047412,86903031,world,cf231_leg,-2.631769895553589,-1.8214702606201172,0.9787734746932983
1773047412,92238758,world,cf231,-2.635871410369873,-1.8152823448181152,0.99371337890625
1773047412,92238758,world,cf231_leg,-2.6317386627197266,-1.820887804031372,0.9786419868469238
1773047412,97575255,world,cf231,-2.6357507705688477,-1.8148010969161987,0.993715763092041
1773047412,97575255,world,cf231_leg,-2.6317946910858154,-1.8205517530441284,0.9786098003387451
1773047412,102856053,world,cf231,-2.6355676651000977,-1.8142027854919434,0.9935845136642456
1773047412,102856053,world,cf231_leg,-2.6316933631896973,-1.8199124336242676,0.9785889387130737
1773047412,107139435,world,cf231,-2.6355416774749756,-1.813565969467163,0.9937134981155396
1773047412,107139435,world,cf231_leg,-2.6315207481384277,-1.8192825317382812,0.978398323059082
1773047412,113064481,world,cf231,-2.635402202606201,-1.8129819631576538,0.9935580492019653
1773047412,113064481,world,cf231_leg,-2.631453275680542,-1.8186992406845093,0.978407621383667
1773047412,117211770,world,cf231,-2.635343551635742,-1.8125922679901123,0.9936736822128296
1773047412,117211770,world,cf231_leg,-2.6313459873199463,-1.8181813955307007,0.9782990217208862
1773047412,121937412,world,cf231,-2.6351158618927,-1.811897873878479,0.9934537410736084
1773047412,121937412,world,cf231_leg,-2.631349802017212,-1.8176296949386597,0.9782063961029053
1773047412,127140381,world,cf231,-2.635028839111328,-1.8114044666290283,0.9934912919998169
1773047412,127140381,world,cf231_leg,-2.631418466567993,-1.8172180652618408,0.9781988859176636
1773047412,131930975,world,cf231,-2.6349823474884033,-1.8110039234161377,0.9933844804763794
1773047412,131930975,world,cf231_leg,-2.631425619125366,-1.8168662786483765,0.9782437086105347
1773047412,136971752,world,cf231,-2.6348917484283447,-1.8104636669158936,0.993454098701477
1773047412,136971752,world,cf231_leg,-2.6313157081604004,-1.8161002397537231,0.9781358242034912
1773047412,142145335,world,cf231,-2.634705066680908,-1.8098912239074707,0.9933911561965942
1773047412,142145335,world,cf231_leg,-2.6312355995178223,-1.815638542175293,0.9781213998794556
1773047412,147098723,world,cf231,-2.634652614593506,-1.8093515634536743,0.9931250810623169
1773047412,147098723,world,cf231_leg,-2.6311399936676025,-1.8150296211242676,0.977916955947876
1773047412,152116287,world,cf231,-2.6345605850219727,-1.8089368343353271,0.9930665493011475
1773047412,152116287,world,cf231_leg,-2.6309685707092285,-1.8145498037338257,0.9778717756271362
1773047412,157432402,world,cf231,-2.6345975399017334,-1.8084123134613037,0.9930495023727417
1773047412,157432402,world,cf231_leg,-2.6309139728546143,-1.8139524459838867,0.9776463508605957
1773047412,163837938,world,cf231,-2.6344645023345947,-1.8078993558883667,0.9928576946258545
1773047412,163837938,world,cf231_leg,-2.6309773921966553,-1.8136241436004639,0.9778361320495605
1773047412,167164220,world,cf231,-2.6344141960144043,-1.8073798418045044,0.9927681684494019
1773047412,167164220,world,cf231_leg,-2.631047248840332,-1.8131663799285889,0.9778259992599487
1773047412,173739297,world,cf231,-2.6343414783477783,-1.8070216178894043,0.9928725957870483
1773047412,173739297,world,cf231_leg,-2.630971908569336,-1.812638759613037,0.9777711629867554
1773047412,177208962,world,cf231,-2.6342225074768066,-1.8064943552017212,0.9928770065307617
1773047412,177208962,world,cf231_leg,-2.6308515071868896,-1.8120806217193604,0.9776276350021362
1773047412,182163372,world,cf231,-2.6342556476593018,-1.8060611486434937,0.9928791522979736
1773047412,182163372,world,cf231_leg,-2.630805015563965,-1.8115882873535156,0.9776347875595093
1773047412,187662073,world,cf231,-2.6342759132385254,-1.8055944442749023,0.993128776550293
1773047412,187662073,world,cf231_leg,-2.6308414936065674,-1.8110549449920654,0.9774426221847534
1773047412,193083681,world,cf231,-2.634308099746704,-1.8051207065582275,0.9929777383804321
1773047412,193083681,world,cf231_leg,-2.630734443664551,-1.8105062246322632,0.977472186088562
1773047412,201000056,world,cf231,-2.634248733520508,-1.8046098947525024,0.9928232431411743
1773047412,201000056,world,cf231_leg,-2.6307241916656494,-1.810120701789856,0.9773626327514648
1773047412,202994963,world,cf231,-2.634218454360962,-1.8041290044784546,0.992712140083313
1773047412,202994963,world,cf231_leg,-2.630744218826294,-1.8096950054168701,0.9774478673934937
1773047412,208008709,world,cf231,-2.634132146835327,-1.803784966468811,0.9926197528839111
1773047412,208008709,world,cf231_leg,-2.6308608055114746,-1.8094325065612793,0.9773944616317749
1773047412,212210182,world,cf231,-2.634160041809082,-1.8033769130706787,0.9926939010620117
1773047412,212210182,world,cf231_leg,-2.630727529525757,-1.8087363243103027,0.9773417711257935
1773047412,216901703,world,cf231,-2.634093999862671,-1.8029794692993164,0.9925887584686279
1773047412,216901703,world,cf231_leg,-2.6306638717651367,-1.80824875831604,0.9773420095443726
1773047412,222091984,world,cf231,-2.634031295776367,-1.8025758266448975,0.9926177263259888
1773047412,222091984,world,cf231_leg,-2.6306753158569336,-1.8076982498168945,0.9771997928619385
1773047412,227641577,world,cf231,-2.6341004371643066,-1.8022329807281494,0.9925079345703125
1773047412,227641577,world,cf231_leg,-2.630579710006714,-1.8072491884231567,0.9770098924636841
1773047412,232240405,world,cf231,-2.634167432785034,-1.8018447160720825,0.9924266338348389
1773047412,232240405,world,cf231_leg,-2.6305465698242188,-1.8067997694015503,0.9769282341003418
1773047412,237261297,world,cf231,-2.6341800689697266,-1.8014886379241943,0.9924662113189697
1773047412,237261297,world,cf231_leg,-2.6304502487182617,-1.8063879013061523,0.976889967918396
1773047412,247804964,world,cf231,-2.634108543395996,-1.801026701927185,0.9922335147857666
1773047412,247804964,world,cf231_leg,-2.6305441856384277,-1.8060613870620728,0.9768649339675903
1773047412,248428439,world,cf231,-2.6341114044189453,-1.8005679845809937,0.9920363426208496
1773047412,248428439,world,cf231_leg,-2.630525827407837,-1.8055108785629272,0.9769532680511475
1773047412,251963907,world,cf231,-2.6343512535095215,-1.8003568649291992,0.9921342134475708
1773047412,251963907,world,cf231_leg,-2.630497694015503,-1.804949164390564,0.9768290519714355
1773047412,257851616,world,cf231,-2.634352207183838,-1.7999674081802368,0.9919593334197998
1773047412,257851616,world,cf231_leg,-2.630403995513916,-1.804539442062378,0.9767838716506958
1773047412,262516116,world,cf231,-2.634418249130249,-1.799688696861267,0.9920550584793091
1773047412,262516116,world,cf231_leg,-2.6304872035980225,-1.804152488708496,0.9766887426376343
1773047412,270281440,world,cf231,-2.6343133449554443,-1.7992780208587646,0.9919435977935791
1773047412,270281440,world,cf231_leg,-2.63041353225708,-1.8035757541656494,0.976616621017456
1773047412,273414273,world,cf231,-2.634437084197998,-1.7990138530731201,0.9918867349624634
1773047412,273414273,world,cf231_leg,-2.630359172821045,-1.803061604499817,0.9765431880950928
1773047412,278028650,world,cf231,-2.634498119354248,-1.7986711263656616,0.9918537139892578
1773047412,278028650,world,cf231_leg,-2.630293130874634,-1.8025708198547363,0.9765524864196777
1773047412,282303095,world,cf231,-2.634448289871216,-1.7982683181762695,0.9917769432067871
1773047412,282303095,world,cf231_leg,-2.630354404449463,-1.802301287651062,0.9764918088912964
1773047412,287122337,world,cf231,-2.6346256732940674,-1.798057198524475,0.9917523860931396
1773047412,287122337,world,cf231_leg,-2.6303467750549316,-1.8017749786376953,0.9765156507492065
1773047412,292218098,world,cf231,-2.634662628173828,-1.797512173652649,0.9915571212768555
1773047412,292218098,world,cf231_leg,-2.630478858947754,-1.8014217615127563,0.9763432741165161
1773047412,297070249,world,cf231,-2.6347835063934326,-1.7972162961959839,0.9916661977767944
1773047412,297070249,world,cf231_leg,-2.6303515434265137,-1.8009722232818604,0.9764060974121094
1773047412,302956481,world,cf231,-2.6347434520721436,-1.796814203262329,0.9915095567703247
1773047412,302956481,world,cf231_leg,-2.6304547786712646,-1.8004558086395264,0.9764355421066284
1773047412,307133473,world,cf231,-2.6347756385803223,-1.7965614795684814,0.991706132888794
1773047412,307133473,world,cf231_leg,-2.630424976348877,-1.800006628036499,0.9763299226760864
1773047412,312158915,world,cf231,-2.634855031967163,-1.796173095703125,0.9915218353271484
1773047412,312158915,world,cf231_leg,-2.6304092407226562,-1.7995039224624634,0.9762576818466187
1773047412,317305242,world,cf231,-2.6348865032196045,-1.7957712411880493,0.9914097785949707
1773047412,317305242,world,cf231_leg,-2.630298137664795,-1.7990580797195435,0.9760423898696899
1773047412,323084542,world,cf231,-2.634953022003174,-1.7954930067062378,0.9915040731430054
1773047412,323084542,world,cf231_leg,-2.630394458770752,-1.7987313270568848,0.9759962558746338
1773047412,327257767,world,cf231,-2.634995222091675,-1.7952728271484375,0.991480827331543
1773047412,327257767,world,cf231_leg,-2.6303815841674805,-1.7983932495117188,0.9759266376495361
1773047412,332351701,world,cf231,-2.6349992752075195,-1.7948764562606812,0.9914423227310181
1773047412,332351701,world,cf231_leg,-2.6303930282592773,-1.7978131771087646,0.9759407043457031
1773047412,337287855,world,cf231,-2.6350975036621094,-1.794475793838501,0.9914236068725586
1773047412,337287855,world,cf231_leg,-2.630425453186035,-1.797344446182251,0.9759470224380493
1773047412,342273381,world,cf231,-2.6351451873779297,-1.7942559719085693,0.9913480281829834
1773047412,342273381,world,cf231_leg,-2.630390167236328,-1.7968933582305908,0.9758901596069336
1773047412,349027891,world,cf231,-2.635251760482788,-1.7938612699508667,0.9910916090011597
1773047412,349027891,world,cf231_leg,-2.630350351333618,-1.7963836193084717,0.9757133722305298
1773047412,352793689,world,cf231,-2.635215997695923,-1.7934136390686035,0.9909111261367798
1773047412,352793689,world,cf231_leg,-2.630385160446167,-1.7960000038146973,0.975847601890564
1773047412,358246055,world,cf231,-2.635192394256592,-1.7930686473846436,0.9909429550170898
1773047412,358246055,world,cf231_leg,-2.6304798126220703,-1.7955384254455566,0.9756600856781006
1773047412,362935710,world,cf231,-2.6353116035461426,-1.7927398681640625,0.9907584190368652
1773047412,362935710,world,cf231_leg,-2.630422353744507,-1.7951183319091797,0.9756275415420532
1773047412,367259365,world,cf231,-2.635312557220459,-1.7923892736434937,0.9907418489456177
1773047412,367259365,world,cf231_leg,-2.630467176437378,-1.7947393655776978,0.97554612159729
1773047412,372147985,world,cf231,-2.635343313217163,-1.7920578718185425,0.9906488656997681
1773047412,372147985,world,cf231_leg,-2.6305606365203857,-1.7943626642227173,0.9756664037704468
1773047412,377143053,world,cf231,-2.635349750518799,-1.791706919670105,0.990581750869751
1773047412,377143053,world,cf231_leg,-2.630760908126831,-1.7939622402191162,0.9755586385726929
1773047412,382172997,world,cf231,-2.635376214981079,-1.7913053035736084,0.9905201196670532
1773047412,382172997,world,cf231_leg,-2.630568742752075,-1.7933495044708252,0.975525975227356
1773047412,386981493,world,cf231,-2.63541579246521,-1.7909671068191528,0.9905116558074951
1773047412,386981493,world,cf231_leg,-2.6305136680603027,-1.7929118871688843,0.975334644317627
1773047412,392461941,world,cf231,-2.635399580001831,-1.7905516624450684,0.9904721975326538
1773047412,392461941,world,cf231_leg,-2.630618095397949,-1.7924127578735352,0.975501537322998
1773047412,398019293,world,cf231,-2.6353180408477783,-1.79008948802948,0.9903408288955688
1773047412,398019293,world,cf231_leg,-2.630610942840576,-1.7920085191726685,0.9752340316772461
1773047412,402127484,world,cf231,-2.635429620742798,-1.7896900177001953,0.9902149438858032
1773047412,402127484,world,cf231_leg,-2.630613327026367,-1.7915167808532715,0.9753085374832153
1773047412,407210602,world,cf231,-2.635416030883789,-1.7893139123916626,0.9903074502944946
1773047412,407210602,world,cf231_leg,-2.6305501461029053,-1.791155219078064,0.9750466346740723
1773047412,412948625,world,cf231,-2.6354563236236572,-1.7889763116836548,0.9902973175048828
1773047412,412948625,world,cf231_leg,-2.6306307315826416,-1.7907383441925049,0.9751321077346802
1773047412,417298625,world,cf231,-2.635451316833496,-1.7885535955429077,0.9903181791305542
1773047412,417298625,world,cf231_leg,-2.630671739578247,-1.7902911901474,0.9750827550888062
1773047412,422320809,world,cf231,-2.6354503631591797,-1.788078784942627,0.9904778003692627
1773047412,422320809,world,cf231_leg,-2.630660057067871,-1.7898080348968506,0.9751390218734741
1773047412,427255205,world,cf231,-2.6354517936706543,-1.7876564264297485,0.990445613861084
1773047412,427255205,world,cf231_leg,-2.630582332611084,-1.7891911268234253,0.974963903427124
1773047412,432516246,world,cf231,-2.635498285293579,-1.7873188257217407,0.990383505821228
1773047412,432516246,world,cf231_leg,-2.6305606365203857,-1.7887135744094849,0.9749454259872437
1773047412,437927216,world,cf231,-2.6354405879974365,-1.7868435382843018,0.9903692007064819
1773047412,437927216,world,cf231_leg,-2.630645990371704,-1.7882293462753296,0.9748378992080688
1773047412,443116054,world,cf231,-2.6354801654815674,-1.7863309383392334,0.990028977394104
1773047412,443116054,world,cf231_leg,-2.630636692047119,-1.7878594398498535,0.9748677015304565
1773047412,447144421,world,cf231,-2.6354053020477295,-1.7858620882034302,0.990007758140564
1773047412,447144421,world,cf231_leg,-2.630756139755249,-1.7874819040298462,0.9748021364212036
1773047412,453877287,world,cf231,-2.635430335998535,-1.7855050563812256,0.989945650100708
1773047412,453877287,world,cf231_leg,-2.6308178901672363,-1.7870686054229736,0.9748855829238892
1773047412,457062631,world,cf231,-2.635378360748291,-1.7850944995880127,0.9900583028793335
1773047412,457062631,world,cf231_leg,-2.630734920501709,-1.7864502668380737,0.9747575521469116
1773047412,462107816,world,cf231,-2.635204553604126,-1.7844470739364624,0.9898781776428223
1773047412,462107816,world,cf231_leg,-2.6306891441345215,-1.7860524654388428,0.9746440649032593
1773047412,467106786,world,cf231,-2.6351587772369385,-1.784036636352539,0.9899386167526245
1773047412,467106786,world,cf231_leg,-2.630668878555298,-1.7855287790298462,0.9746226072311401
1773047412,472227062,world,cf231,-2.6351425647735596,-1.7836203575134277,0.9899003505706787
1773047412,472227062,world,cf231_leg,-2.6307404041290283,-1.7850569486618042,0.9747560024261475
1773047412,478073736,world,cf231,-2.635272979736328,-1.7833237648010254,0.9899345636367798
1773047412,478073736,world,cf231_leg,-2.6306569576263428,-1.7844640016555786,0.9746174812316895
1773047412,482331810,world,cf231,-2.6351168155670166,-1.7827813625335693,0.9899336099624634
1773047412,482331810,world,cf231_leg,-2.630601406097412,-1.7840633392333984,0.9745784997940063
1773047412,487550331,world,cf231,-2.6350841522216797,-1.7822291851043701,0.9898538589477539
1773047412,487550331,world,cf231_leg,-2.6306312084198,-1.7837077379226685,0.9746235609054565
1773047412,492157309,world,cf231,-2.635072708129883,-1.7817356586456299,0.9899325370788574
1773047412,492157309,world,cf231_leg,-2.6307806968688965,-1.7833213806152344,0.9746334552764893
1773047412,497167729,world,cf231,-2.635061740875244,-1.7811713218688965,0.9899935722351074
1773047412,497167729,world,cf231_leg,-2.630650281906128,-1.7825813293457031,0.9748564958572388
1773047412,501981788,world,cf231,-2.635075092315674,-1.7808135747909546,0.9900367259979248
1773047412,501981788,world,cf231_leg,-2.630518913269043,-1.782110333442688,0.9748128652572632
1773047412,507092816,world,cf231,-2.6349611282348633,-1.7802125215530396,0.9900003671646118
1773047412,507092816,world,cf231_leg,-2.6304867267608643,-1.7815145254135132,0.9748796224594116
1773047412,512509940,world,cf231,-2.6349217891693115,-1.7797304391860962,0.9899922609329224
1773047412,512509940,world,cf231_leg,-2.6305289268493652,-1.781064748764038,0.9748150110244751
1773047412,517241977,world,cf231,-2.6349034309387207,-1.7793140411376953,0.9899795055389404
1773047412,517241977,world,cf231_leg,-2.6306114196777344,-1.7805490493774414,0.9748728275299072
1773047412,521938520,world,cf231,-2.6348798274993896,-1.7788268327713013,0.9900004863739014
1773047412,521938520,world,cf231_leg,-2.630540370941162,-1.7801727056503296,0.9749579429626465
1773047412,527210133,world,cf231,-2.6348609924316406,-1.7783411741256714,0.9899907112121582
1773047412,527210133,world,cf231_leg,-2.6305582523345947,-1.7796592712402344,0.9749423265457153
1773047412,532315028,world,cf231,-2.63472580909729,-1.7777451276779175,0.9899767637252808
1773047412,532315028,world,cf231_leg,-2.630650043487549,-1.779234528541565,0.9750885963439941
1773047412,537060211,world,cf231,-2.6346359252929688,-1.777209758758545,0.9899089336395264
1773047412,537060211,world,cf231_leg,-2.6305019855499268,-1.7785546779632568,0.9751543998718262
1773047412,542140422,world,cf231,-2.634638786315918,-1.7767088413238525,0.990023136138916
1773047412,542140422,world,cf231_leg,-2.6305041313171387,-1.7781320810317993,0.9752590656280518
1773047412,547740715,world,cf231,-2.6346354484558105,-1.7761828899383545,0.9901677370071411
1773047412,547740715,world,cf231_leg,-2.6304709911346436,-1.7775741815567017,0.9753413200378418
1773047412,552220769,world,cf231,-2.6345579624176025,-1.775569200515747,0.9901429414749146
1773047412,552220769,world,cf231_leg,-2.630373477935791,-1.7769774198532104,0.9753227233886719
1773047412,558095794,world,cf231,-2.6346020698547363,-1.7750808000564575,0.9902395009994507
1773047412,558095794,world,cf231_leg,-2.6304848194122314,-1.7766152620315552,0.9754675626754761
1773047412,562060947,world,cf231,-2.6346070766448975,-1.7746165990829468,0.9902236461639404
1773047412,562060947,world,cf231_leg,-2.6305086612701416,-1.7761980295181274,0.9754003286361694
1773047412,567420950,world,cf231,-2.634420156478882,-1.7739278078079224,0.9904567003250122
1773047412,567420950,world,cf231_leg,-2.6305103302001953,-1.7754199504852295,0.9756461381912231
1773047412,572275176,world,cf231,-2.634443759918213,-1.7735240459442139,0.990425705909729
1773047412,572275176,world,cf231_leg,-2.6303205490112305,-1.7749882936477661,0.9756165742874146
1773047412,577210061,world,cf231,-2.6343295574188232,-1.7729213237762451,0.9903924465179443
1773047412,577210061,world,cf231_leg,-2.6302833557128906,-1.774400234222412,0.9755785465240479
1773047412,582083319,world,cf231,-2.6342568397521973,-1.7723716497421265,0.9904967546463013
1773047412,582083319,world,cf231_leg,-2.6304101943969727,-1.7739852666854858,0.9757553339004517
1773047412,587057200,world,cf231,-2.6342108249664307,-1.771772027015686,0.9905534982681274
1773047412,587057200,world,cf231_leg,-2.6303439140319824,-1.7733101844787598,0.9757828712463379
1773047412,592167066,world,cf231,-2.6341700553894043,-1.7712841033935547,0.9907313585281372
1773047412,592167066,world,cf231_leg,-2.630234956741333,-1.7729014158248901,0.9757150411605835
1773047412,597422264,world,cf231,-2.6341373920440674,-1.7705820798873901,0.9908061027526855
1773047412,597422264,world,cf231_leg,-2.6302502155303955,-1.7724343538284302,0.9757232666015625
1773047412,603104501,world,cf231,-2.634089708328247,-1.770067572593689,0.991018533706665
1773047412,603104501,world,cf231_leg,-2.630321741104126,-1.771946907043457,0.9758926630020142
1773047412,607362210,world,cf231,-2.634066343307495,-1.7695729732513428,0.9912039041519165
1773047412,607362210,world,cf231_leg,-2.63023042678833,-1.7713532447814941,0.9758409261703491
1773047412,612235578,world,cf231,-2.634042501449585,-1.768967866897583,0.991237998008728
1773047412,612235578,world,cf231_leg,-2.6301777362823486,-1.7708077430725098,0.9759268760681152
1773047412,619273398,world,cf231,-2.633955955505371,-1.7684252262115479,0.9913079738616943
1773047412,619273398,world,cf231_leg,-2.6301517486572266,-1.7702120542526245,0.9759474992752075
1773047412,622038755,world,cf231,-2.633896589279175,-1.7678762674331665,0.9913061857223511
1773047412,622038755,world,cf231_leg,-2.630113124847412,-1.76962149143219,0.9759171009063721
1773047412,627929177,world,cf231,-2.6338725090026855,-1.7672709226608276,0.9913405179977417
1773047412,627929177,world,cf231_leg,-2.6300506591796875,-1.7691477537155151,0.9759232997894287
1773047412,633899272,world,cf231,-2.633789300918579,-1.766775131225586,0.9913778305053711
1773047412,633899272,world,cf231_leg,-2.6301872730255127,-1.7687718868255615,0.9761615991592407
1773047412,637064154,world,cf231,-2.6336233615875244,-1.7659000158309937,0.9914423227310181
1773047412,637064154,world,cf231_leg,-2.6301090717315674,-1.7681432962417603,0.9763002395629883
1773047412,642646756,world,cf231,-2.633580207824707,-1.7653149366378784,0.9916095733642578
1773047412,642646756,world,cf231_leg,-2.630052328109741,-1.767685055732727,0.9764375686645508
1773047412,647128937,world,cf231,-2.6335270404815674,-1.764765977859497,0.9915554523468018
1773047412,647128937,world,cf231_leg,-2.629950761795044,-1.7672011852264404,0.9764586687088013
1773047412,652903283,world,cf231,-2.6335673332214355,-1.764206051826477,0.9916870594024658
1773047412,652903283,world,cf231_leg,-2.6300015449523926,-1.766580581665039,0.9764878749847412
1773047412,657609307,world,cf231,-2.6335275173187256,-1.7637213468551636,0.9916850328445435
1773047412,657609307,world,cf231_leg,-2.629887580871582,-1.766045093536377,0.9767485857009888
1773047412,662496329,world,cf231,-2.633371114730835,-1.7630598545074463,0.9916970729827881
1773047412,662496329,world,cf231_leg,-2.6297621726989746,-1.7653108835220337,0.9767826795578003
1773047412,669460288,world,cf231,-2.6332759857177734,-1.7624531984329224,0.9916867017745972
1773047412,669460288,world,cf231_leg,-2.6298208236694336,-1.7649625539779663,0.9769102334976196
1773047412,672297836,world,cf231,-2.6332812309265137,-1.7619062662124634,0.9918040037155151
1773047412,672297836,world,cf231_leg,-2.629807949066162,-1.7644773721694946,0.9769924879074097
1773047412,677195154,world,cf231,-2.633164882659912,-1.7612961530685425,0.9919600486755371
1773047412,677195154,world,cf231_leg,-2.629774332046509,-1.763927698135376,0.9770822525024414
1773047412,682220697,world,cf231,-2.6331119537353516,-1.7608258724212646,0.9921997785568237
1773047412,682220697,world,cf231_leg,-2.6297194957733154,-1.7633335590362549,0.9771939516067505
1773047412,687092542,world,cf231,-2.6330833435058594,-1.7601137161254883,0.9923956394195557
1773047412,687092542,world,cf231_leg,-2.629685163497925,-1.762822151184082,0.9774354696273804
1773047412,692964965,world,cf231,-2.633071184158325,-1.7595733404159546,0.9925053119659424
1773047412,692964965,world,cf231_leg,-2.629525661468506,-1.7622439861297607,0.9773231744766235
1773047412,697355655,world,cf231,-2.6329736709594727,-1.7589669227600098,0.9925199747085571
1773047412,697355655,world,cf231_leg,-2.629448890686035,-1.761709213256836,0.9773023128509521
1773047412,702089953,world,cf231,-2.6328513622283936,-1.758293628692627,0.9925684928894043
1773047412,702089953,world,cf231_leg,-2.629498243331909,-1.7611545324325562,0.9774880409240723
1773047412,707415180,world,cf231,-2.6328015327453613,-1.757857084274292,0.9926595687866211
1773047412,707415180,world,cf231_leg,-2.6293859481811523,-1.7606770992279053,0.9774518013000488
1773047412,712013345,world,cf231,-2.632634162902832,-1.7571924924850464,0.9927572011947632
1773047412,712013345,world,cf231_leg,-2.6294665336608887,-1.7602591514587402,0.9775633811950684
1773047412,718103189,world,cf231,-2.6326022148132324,-1.7567026615142822,0.9928615093231201
1773047412,718103189,world,cf231_leg,-2.629484176635742,-1.7596760988235474,0.9775600433349609
1773047412,722845609,world,cf231,-2.632567882537842,-1.756219506263733,0.9928277730941772
1773047412,722845609,world,cf231_leg,-2.629265308380127,-1.7590606212615967,0.977601170539856
1773047412,727451594,world,cf231,-2.632507562637329,-1.7554821968078613,0.9928439855575562
1773047412,727451594,world,cf231_leg,-2.629179000854492,-1.7584649324417114,0.9775091409683228
1773047412,733065330,world,cf231,-2.6325926780700684,-1.7551418542861938,0.9930902719497681
1773047412,733065330,world,cf231_leg,-2.629187822341919,-1.757896065711975,0.9776999950408936
1773047412,738225568,world,cf231,-2.6324567794799805,-1.7544814348220825,0.9929410219192505
1773047412,738225568,world,cf231_leg,-2.629214286804199,-1.757420301437378,0.9777703285217285
1773047412,742298882,world,cf231,-2.6322999000549316,-1.753861904144287,0.9929333925247192
1773047412,742298882,world,cf231_leg,-2.6290249824523926,-1.75698721408844,0.9777413606643677
1773047412,747721331,world,cf231,-2.632216691970825,-1.7532479763031006,0.9929834604263306
1773047412,747721331,world,cf231_leg,-2.6291089057922363,-1.7565511465072632,0.977692723274231
1773047412,753287009,world,cf231,-2.6322689056396484,-1.752830982208252,0.9930438995361328
1773047412,753287009,world,cf231_leg,-2.6287052631378174,-1.7558223009109497,0.9776854515075684
1773047412,757254256,world,cf231,-2.632189989089966,-1.7523317337036133,0.9930371046066284
1773047412,757254256,world,cf231_leg,-2.6289031505584717,-1.7554279565811157,0.9780596494674683
1773047412,763169398,world,cf231,-2.632045030593872,-1.7517398595809937,0.9929643869400024
1773047412,763169398,world,cf231_leg,-2.6287965774536133,-1.754902720451355,0.977980375289917
1773047412,767373627,world,cf231,-2.6320042610168457,-1.7511863708496094,0.9929877519607544
1773047412,767373627,world,cf231_leg,-2.628681182861328,-1.7541921138763428,0.9779706001281738
1773047412,772268791,world,cf231,-2.631929874420166,-1.750644326210022,0.9929746389389038
1773047412,772268791,world,cf231_leg,-2.62851619720459,-1.753676414489746,0.9780246019363403
1773047412,777185481,world,cf231,-2.6319541931152344,-1.7501376867294312,0.9930925369262695
1773047412,777185481,world,cf231_leg,-2.628509998321533,-1.753212332725525,0.9780728816986084
1773047412,782469829,world,cf231,-2.6320245265960693,-1.7496834993362427,0.9933010339736938
1773047412,782469829,world,cf231_leg,-2.6285712718963623,-1.7527967691421509,0.9781855344772339
1773047412,788175988,world,cf231,-2.6319379806518555,-1.7491440773010254,0.9932136535644531
1773047412,788175988,world,cf231_leg,-2.6282713413238525,-1.7521568536758423,0.9782660007476807
1773047412,792122557,world,cf231,-2.631880760192871,-1.7485915422439575,0.9931930303573608
1773047412,792122557,world,cf231_leg,-2.628244161605835,-1.7515883445739746,0.978174090385437
1773047412,797538364,world,cf231,-2.6318633556365967,-1.748172640800476,0.9931849241256714
1773047412,797538364,world,cf231_leg,-2.6281557083129883,-1.7510977983474731,0.9782493114471436
1773047412,804429147,world,cf231,-2.63173508644104,-1.7475695610046387,0.993302583694458
1773047412,804429147,world,cf231_leg,-2.6280930042266846,-1.7507985830307007,0.9784302711486816
1773047412,807243237,world,cf231,-2.631779670715332,-1.7472009658813477,0.9934313297271729
1773047412,807243237,world,cf231_leg,-2.6279921531677246,-1.7501298189163208,0.9784499406814575
1773047412,812504568,world,cf231,-2.631643772125244,-1.7466022968292236,0.9934436082839966
1773047412,812504568,world,cf231_leg,-2.6278722286224365,-1.7495813369750977,0.9784748554229736
1773047412,817455242,world,cf231,-2.6316170692443848,-1.746230125427246,0.9935075044631958
1773047412,817455242,world,cf231_leg,-2.627758026123047,-1.7491025924682617,0.978461503982544
1773047412,822335157,world,cf231,-2.6314938068389893,-1.7456319332122803,0.9934138059616089
1773047412,822335157,world,cf231_leg,-2.627758502960205,-1.748552918434143,0.9784520864486694
1773047412,827195505,world,cf231,-2.631483793258667,-1.745324969291687,0.9935020208358765
1773047412,827195505,world,cf231_leg,-2.6276001930236816,-1.7480798959732056,0.9784817695617676
1773047412,832242982,world,cf231,-2.6313397884368896,-1.744771122932434,0.9935662746429443
1773047412,832242982,world,cf231_leg,-2.627471923828125,-1.7475382089614868,0.9784260988235474
1773047412,837310506,world,cf231,-2.63120174407959,-1.744252324104309,0.9938977956771851
1773047412,837310506,world,cf231_leg,-2.6273810863494873,-1.746911644935608,0.978519082069397
1773047412,842426174,world,cf231,-2.6312382221221924,-1.7437516450881958,0.9937487840652466
1773047412,842426174,world,cf231_leg,-2.627225160598755,-1.74639892578125,0.9783778190612793
1773047412,847247498,world,cf231,-2.6311287879943848,-1.7432657480239868,0.9936978816986084
1773047412,847247498,world,cf231_leg,-2.6271069049835205,-1.7459659576416016,0.9783910512924194
1773047412,853142670,world,cf231,-2.6310036182403564,-1.7428264617919922,0.9937726259231567
1773047412,853142670,world,cf231_leg,-2.627210855484009,-1.7454650402069092,0.9786092042922974
1773047412,857116414,world,cf231,-2.630902051925659,-1.7422854900360107,0.9938181638717651
1773047412,857116414,world,cf231_leg,-2.62685489654541,-1.7449240684509277,0.978398323059082
1773047412,862074574,world,cf231,-2.6308631896972656,-1.741849660873413,0.9938277006149292
1773047412,862074574,world,cf231_leg,-2.626878023147583,-1.7444082498550415,0.9783631563186646
1773047412,867253359,world,cf231,-2.6306917667388916,-1.7414238452911377,0.9937925338745117
1773047412,867253359,world,cf231_leg,-2.6266860961914062,-1.7439254522323608,0.9783605337142944
1773047412,872845598,world,cf231,-2.630511522293091,-1.7408562898635864,0.9938241243362427
1773047412,872845598,world,cf231_leg,-2.6264736652374268,-1.7432905435562134,0.9783565998077393
1773047412,879167308,world,cf231,-2.6304266452789307,-1.7404755353927612,0.9938782453536987
1773047412,879167308,world,cf231_leg,-2.6264357566833496,-1.742764949798584,0.9783425331115723
1773047412,882662688,world,cf231,-2.6302783489227295,-1.7400459051132202,0.9938167333602905
1773047412,882662688,world,cf231_leg,-2.626192331314087,-1.7422058582305908,0.9782761335372925
1773047412,887337047,world,cf231,-2.630187749862671,-1.7395544052124023,0.9937697649002075
1773047412,887337047,world,cf231_leg,-2.626218795776367,-1.7418640851974487,0.9784941673278809
1773047412,892239781,world,cf231,-2.6300320625305176,-1.7390536069869995,0.9937684535980225
1773047412,892239781,world,cf231_leg,-2.626098394393921,-1.7413455247879028,0.9783967733383179
1773047412,897378118,world,cf231,-2.6299374103546143,-1.7386085987091064,0.9937429428100586
1773047412,897378118,world,cf231_leg,-2.6259496212005615,-1.7408075332641602,0.9783574342727661
1773047412,902418476,world,cf231,-2.6297788619995117,-1.7380768060684204,0.9939092397689819
1773047412,902418476,world,cf231_leg,-2.6257576942443848,-1.7403531074523926,0.978641152381897
1773047412,908134319,world,cf231,-2.6296541690826416,-1.7375233173370361,0.9938141107559204
1773047412,908134319,world,cf231_leg,-2.6257643699645996,-1.7398799657821655,0.9787310361862183
1773047412,912370675,world,cf231,-2.6294901371002197,-1.7370678186416626,0.9938632249832153
1773047412,912370675,world,cf231_leg,-2.6255524158477783,-1.7393115758895874,0.9787207841873169
1773047412,918241680,world,cf231,-2.6293110847473145,-1.7366148233413696,0.9938639402389526
1773047412,918241680,world,cf231_leg,-2.625375509262085,-1.7387053966522217,0.978743314743042
1773047412,922211563,world,cf231,-2.6291191577911377,-1.736122727394104,0.9938327074050903
1773047412,922211563,world,cf231_leg,-2.6250903606414795,-1.7382022142410278,0.9787083864212036
1773047412,927277310,world,cf231,-2.6289689540863037,-1.735624074935913,0.9937974214553833
1773047412,927277310,world,cf231_leg,-2.625065326690674,-1.7377487421035767,0.9786040782928467
1773047412,932367354,world,cf231,-2.6287033557891846,-1.7350597381591797,0.9937273263931274
1773047412,932367354,world,cf231_leg,-2.6249194145202637,-1.7374340295791626,0.9786932468414307
1773047412,937303412,world,cf231,-2.628547191619873,-1.734557867050171,0.9937270879745483
1773047412,937303412,world,cf231_leg,-2.6248292922973633,-1.7367582321166992,0.9787898063659668
1773047412,942200303,world,cf231,-2.6282904148101807,-1.7340596914291382,0.9937562942504883
1773047412,942200303,world,cf231_leg,-2.62459135055542,-1.7362895011901855,0.9788368940353394
1773047412,947208176,world,cf231,-2.62800931930542,-1.7335389852523804,0.993794322013855
1773047412,947208176,world,cf231_leg,-2.624567985534668,-1.7358847856521606,0.979013204574585
1773047412,952313288,world,cf231,-2.62786602973938,-1.733101487159729,0.9938466548919678
1773047412,952313288,world,cf231_leg,-2.6244115829467773,-1.7353910207748413,0.9790258407592773
1773047412,957698459,world,cf231,-2.627690315246582,-1.7326518297195435,0.9938359260559082
1773047412,957698459,world,cf231_leg,-2.624077320098877,-1.7346482276916504,0.9789149761199951
1773047412,962393082,world,cf231,-2.627495765686035,-1.732055902481079,0.9939583539962769
1773047412,962393082,world,cf231_leg,-2.624072790145874,-1.7343177795410156,0.9790909290313721
1773047412,968095103,world,cf231,-2.6272270679473877,-1.7316805124282837,0.9939178228378296
1773047412,968095103,world,cf231_leg,-2.623847007751465,-1.7338511943817139,0.9789010286331177
1773047412,972281638,world,cf231,-2.6270039081573486,-1.7310224771499634,0.9941369295120239
1773047412,972281638,world,cf231_leg,-2.6238203048706055,-1.733368158340454,0.9789584875106812
1773047412,977259283,world,cf231,-2.626762866973877,-1.730452060699463,0.9940191507339478
1773047412,977259283,world,cf231_leg,-2.6234688758850098,-1.7327479124069214,0.9788440465927124
1773047412,982409802,world,cf231,-2.6265640258789062,-1.7299609184265137,0.9940606355667114
1773047412,982409802,world,cf231_leg,-2.6232876777648926,-1.7322379350662231,0.97890305519104
1773047412,989381258,world,cf231,-2.6264140605926514,-1.7295703887939453,0.9941588640213013
1773047412,989381258,world,cf231_leg,-2.623234987258911,-1.731833815574646,0.978865385055542
1773047412,999653672,world,cf231,-2.626160144805908,-1.7289986610412598,0.9941487312316895
1773047412,999653672,world,cf231_leg,-2.622980833053589,-1.7312320470809937,0.9787425994873047
1773047413,326118,world,cf231,-2.625900983810425,-1.728545069694519,0.9941772222518921
1773047413,326118,world,cf231_leg,-2.622769832611084,-1.7307302951812744,0.9787243604660034
1773047413,3109691,world,cf231,-2.6256139278411865,-1.7280303239822388,0.9941017627716064
1773047413,3109691,world,cf231_leg,-2.622673273086548,-1.7302443981170654,0.9787207841873169
1773047413,7628842,world,cf231,-2.6255197525024414,-1.7276538610458374,0.9940732717514038
1773047413,7628842,world,cf231_leg,-2.622483015060425,-1.729895830154419,0.9788410663604736
1773047413,12393487,world,cf231,-2.62534236907959,-1.7272047996520996,0.9940853118896484
1773047413,12393487,world,cf231_leg,-2.6224515438079834,-1.7293723821640015,0.9787942171096802
1773047413,18086509,world,cf231,-2.6250288486480713,-1.7267440557479858,0.9940731525421143
1773047413,18086509,world,cf231_leg,-2.622183084487915,-1.7288645505905151,0.9787840843200684
1773047413,22225438,world,cf231,-2.6247525215148926,-1.726113200187683,0.9939253330230713
1773047413,22225438,world,cf231_leg,-2.6219589710235596,-1.7283697128295898,0.9787280559539795
1773047413,27284466,world,cf231,-2.6246254444122314,-1.7255278825759888,0.9939966201782227
1773047413,27284466,world,cf231_leg,-2.6218783855438232,-1.7278307676315308,0.9787561893463135
1773047413,32309177,world,cf231,-2.6243855953216553,-1.7250690460205078,0.9940276145935059
1773047413,32309177,world,cf231_leg,-2.6216626167297363,-1.7271926403045654,0.9787787199020386
1773047413,37280001,world,cf231,-2.624286651611328,-1.7246909141540527,0.9940301179885864
1773047413,37280001,world,cf231_leg,-2.621422290802002,-1.726757526397705,0.9788286685943604
1773047413,42289263,world,cf231,-2.6240670680999756,-1.7242257595062256,0.9940426349639893
1773047413,42289263,world,cf231_leg,-2.6213834285736084,-1.726288080215454,0.9786790609359741
1773047413,47233885,world,cf231,-2.6238479614257812,-1.7237098217010498,0.9940451383590698
1773047413,47233885,world,cf231_leg,-2.621248722076416,-1.7259454727172852,0.9788129329681396
1773047413,53259033,world,cf231,-2.6236989498138428,-1.7232111692428589,0.9940056800842285
1773047413,53259033,world,cf231_leg,-2.620905637741089,-1.725329041481018,0.9789450168609619
1773047413,57277267,world,cf231,-2.623465061187744,-1.7227047681808472,0.9939907789230347
1773047413,57277267,world,cf231_leg,-2.620617151260376,-1.7248234748840332,0.9789338111877441
1773047413,63408734,world,cf231,-2.623277425765991,-1.7222058773040771,0.9940932989120483
1773047413,63408734,world,cf231_leg,-2.6205861568450928,-1.7244549989700317,0.9790271520614624
1773047413,70481774,world,cf231,-2.6230247020721436,-1.721752405166626,0.9940663576126099
1773047413,70481774,world,cf231_leg,-2.6203227043151855,-1.723732352256775,0.9789717197418213
1773047413,72428818,world,cf231,-2.6228573322296143,-1.7213647365570068,0.9941390752792358
1773047413,72428818,world,cf231_leg,-2.620030641555786,-1.7232545614242554,0.9792747497558594
1773047413,78318597,world,cf231,-2.622567653656006,-1.7207316160202026,0.9941002130508423
1773047413,78318597,world,cf231_leg,-2.619788885116577,-1.7225769758224487,0.9791955947875977
1773047413,88942235,world,cf231,-2.6224441528320312,-1.7203396558761597,0.9939647912979126
1773047413,88942235,world,cf231_leg,-2.619760274887085,-1.722296953201294,0.9794133901596069
1773047413,89499892,world,cf231,-2.622232437133789,-1.7199463844299316,0.9945932626724243
1773047413,89499892,world,cf231_leg,-2.619696855545044,-1.7218213081359863,0.979460597038269
1773047413,92313955,world,cf231,-2.6219868659973145,-1.7192363739013672,0.9943313598632812
1773047413,92313955,world,cf231_leg,-2.619335889816284,-1.7213608026504517,0.9794071912765503
1773047413,97362935,world,cf231,-2.6218855381011963,-1.7189003229141235,0.9945142269134521
1773047413,97362935,world,cf231_leg,-2.619316577911377,-1.7208305597305298,0.9794166088104248
1773047413,103158356,world,cf231,-2.6215269565582275,-1.7181872129440308,0.9945505857467651
1773047413,103158356,world,cf231_leg,-2.619041919708252,-1.7202510833740234,0.9794453382492065
1773047413,107263177,world,cf231,-2.6212997436523438,-1.7177927494049072,0.9946334362030029
1773047413,107263177,world,cf231_leg,-2.618774890899658,-1.7196745872497559,0.9794195890426636
1773047413,115247628,world,cf231,-2.6212143898010254,-1.7174092531204224,0.9946908950805664
1773047413,115247628,world,cf231_leg,-2.618560791015625,-1.7191710472106934,0.9794250726699829
1773047413,117319741,world,cf231,-2.620959758758545,-1.7168357372283936,0.9946810007095337
1773047413,117319741,world,cf231_leg,-2.6184120178222656,-1.7186965942382812,0.9793821573257446
1773047413,122254618,world,cf231,-2.6206984519958496,-1.7163091897964478,0.9947177171707153
1773047413,122254618,world,cf231_leg,-2.618215799331665,-1.7181880474090576,0.9793955087661743
1773047413,127264942,world,cf231,-2.6204869747161865,-1.7158671617507935,0.9946750402450562
1773047413,127264942,world,cf231_leg,-2.618023157119751,-1.7177499532699585,0.97939133644104
1773047413,132511360,world,cf231,-2.620333671569824,-1.715480923652649,0.9946367740631104
1773047413,132511360,world,cf231_leg,-2.617917060852051,-1.717311143875122,0.9794744253158569
1773047413,137373439,world,cf231,-2.6200456619262695,-1.71489679813385,0.9945838451385498
1773047413,137373439,world,cf231_leg,-2.617689371109009,-1.7167178392410278,0.9795898199081421
1773047413,143057575,world,cf231,-2.619814157485962,-1.7143890857696533,0.9945436716079712
1773047413,143057575,world,cf231_leg,-2.6174042224884033,-1.7160053253173828,0.9794007539749146
1773047413,147545673,world,cf231,-2.619631767272949,-1.713936686515808,0.9945875406265259
1773047413,147545673,world,cf231_leg,-2.6171109676361084,-1.7155961990356445,0.9794254302978516
1773047413,158908070,world,cf231,-2.6194539070129395,-1.7134548425674438,0.994744062423706
1773047413,158908070,world,cf231_leg,-2.6169638633728027,-1.7149162292480469,0.979655385017395
1773047413,159409620,world,cf231,-2.6193385124206543,-1.7129406929016113,0.9947253465652466
1773047413,159409620,world,cf231_leg,-2.6168055534362793,-1.7144781351089478,0.9795310497283936
1773047413,163229868,world,cf231,-2.6191115379333496,-1.7124310731887817,0.9946372509002686
1773047413,163229868,world,cf231_leg,-2.616563320159912,-1.7138683795928955,0.9798916578292847
1773047413,167275149,world,cf231,-2.618892192840576,-1.7119166851043701,0.9946569204330444
1773047413,167275149,world,cf231_leg,-2.6164867877960205,-1.7136297225952148,0.9798852205276489
1773047413,172469069,world,cf231,-2.6187331676483154,-1.7114484310150146,0.9948042631149292
1773047413,172469069,world,cf231_leg,-2.6162283420562744,-1.7130259275436401,0.9798033237457275
1773047413,177361618,world,cf231,-2.6184840202331543,-1.7109946012496948,0.9947479963302612
1773047413,177361618,world,cf231_leg,-2.6159424781799316,-1.7123526334762573,0.979765772819519
1773047413,183288430,world,cf231,-2.618133783340454,-1.710298776626587,0.9948917627334595
1773047413,183288430,world,cf231_leg,-2.6156411170959473,-1.7119797468185425,0.9799963235855103
1773047413,187266945,world,cf231,-2.6179182529449463,-1.7098970413208008,0.99503493309021
1773047413,187266945,world,cf231_leg,-2.6155893802642822,-1.71139657497406,0.9800952672958374
1773047413,193652538,world,cf231,-2.6177353858947754,-1.7094441652297974,0.9950792789459229
1773047413,193652538,world,cf231_leg,-2.615293502807617,-1.7107504606246948,0.9801321029663086
1773047413,197437944,world,cf231,-2.6175525188446045,-1.7088730335235596,0.9951361417770386
1773047413,197437944,world,cf231_leg,-2.6150190830230713,-1.7102370262145996,0.9801539182662964
1773047413,202216032,world,cf231,-2.6172003746032715,-1.7082931995391846,0.9952734708786011
1773047413,202216032,world,cf231_leg,-2.614954948425293,-1.709808111190796,0.9802007675170898
1773047413,207332583,world,cf231,-2.616961717605591,-1.7076823711395264,0.9954372644424438
1773047413,207332583,world,cf231_leg,-2.6146812438964844,-1.70919930934906,0.9803658723831177
1773047413,213399349,world,cf231,-2.616812229156494,-1.7072484493255615,0.9953773021697998
1773047413,213399349,world,cf231_leg,-2.614563226699829,-1.7087918519973755,0.9802392721176147
1773047413,218061883,world,cf231,-2.6166443824768066,-1.706718921661377,0.9954602718353271
1773047413,218061883,world,cf231_leg,-2.614290714263916,-1.7081623077392578,0.9802480936050415
1773047413,222382785,world,cf231,-2.6164088249206543,-1.706139326095581,0.9954524040222168
1773047413,222382785,world,cf231_leg,-2.614161252975464,-1.707587480545044,0.980353832244873
1773047413,228433989,world,cf231,-2.616164207458496,-1.7054470777511597,0.9953720569610596
1773047413,228433989,world,cf231_leg,-2.613778829574585,-1.7069706916809082,0.9801609516143799
1773047413,232271634,world,cf231,-2.6158063411712646,-1.704848289489746,0.9953744411468506
1773047413,232271634,world,cf231_leg,-2.613619327545166,-1.7064037322998047,0.9801892042160034
1773047413,237232712,world,cf231,-2.615598440170288,-1.7042875289916992,0.995315432548523
1773047413,237232712,world,cf231_leg,-2.6133761405944824,-1.705977201461792,0.9801223278045654
1773047413,242427748,world,cf231,-2.6153600215911865,-1.70382559299469,0.9953218698501587
1773047413,242427748,world,cf231_leg,-2.613219976425171,-1.7052971124649048,0.9801498651504517
1773047413,247495079,world,cf231,-2.6151652336120605,-1.7032568454742432,0.9953012466430664
1773047413,247495079,world,cf231_leg,-2.6129705905914307,-1.704850673675537,0.9801340103149414
1773047413,253239296,world,cf231,-2.614905595779419,-1.7026184797286987,0.9951790571212769
1773047413,253239296,world,cf231_leg,-2.6128416061401367,-1.7042759656906128,0.9802384376525879
1773047413,257580520,world,cf231,-2.614628553390503,-1.7020961046218872,0.9951821565628052
1773047413,257580520,world,cf231_leg,-2.6125266551971436,-1.7036503553390503,0.9802700281143188
1773047413,262261797,world,cf231,-2.614377021789551,-1.701371431350708,0.9953011274337769
1773047413,262261797,world,cf231_leg,-2.6122612953186035,-1.7030311822891235,0.9800710678100586
1773047413,268316129,world,cf231,-2.6140053272247314,-1.7007372379302979,0.9951086044311523
1773047413,268316129,world,cf231_leg,-2.6121246814727783,-1.702538251876831,0.9802238941192627
1773047413,272391301,world,cf231,-2.6138157844543457,-1.700209379196167,0.9951950311660767
1773047413,272391301,world,cf231_leg,-2.6118533611297607,-1.7020142078399658,0.9803584814071655
1773047413,279187330,world,cf231,-2.6135382652282715,-1.6994918584823608,0.9951819181442261
1773047413,279187330,world,cf231_leg,-2.611780881881714,-1.7013789415359497,0.9804812669754028
1773047413,282261358,world,cf231,-2.6133852005004883,-1.6989833116531372,0.995137095451355
1773047413,282261358,world,cf231_leg,-2.6114680767059326,-1.7010390758514404,0.9804950952529907
1773047413,287236272,world,cf231,-2.613053798675537,-1.69835364818573,0.9952973127365112
1773047413,287236272,world,cf231_leg,-2.6112735271453857,-1.7003916501998901,0.9803605079650879
1773047413,292442398,world,cf231,-2.612725257873535,-1.6976479291915894,0.9954005479812622
1773047413,292442398,world,cf231_leg,-2.6109111309051514,-1.6997119188308716,0.9803091287612915
1773047413,297447200,world,cf231,-2.6124210357666016,-1.6970576047897339,0.9954630136489868
1773047413,297447200,world,cf231_leg,-2.6106059551239014,-1.6990801095962524,0.9804180860519409
1773047413,302458997,world,cf231,-2.6122186183929443,-1.6964952945709229,0.9953525066375732
1773047413,302458997,world,cf231_leg,-2.6104040145874023,-1.698664665222168,0.980331540107727
1773047413,307352896,world,cf231,-2.6118698120117188,-1.6958354711532593,0.9956122636795044
1773047413,307352896,world,cf231_leg,-2.610208034515381,-1.698058009147644,0.9804898500442505
1773047413,312416259,world,cf231,-2.6116578578948975,-1.695272445678711,0.995581865310669
1773047413,312416259,world,cf231_leg,-2.6101391315460205,-1.6975868940353394,0.9804332256317139
1773047413,317685828,world,cf231,-2.6113064289093018,-1.6946728229522705,0.9955284595489502
1773047413,317685828,world,cf231_leg,-2.609800338745117,-1.6970813274383545,0.9802018404006958
1773047413,322901572,world,cf231,-2.611036777496338,-1.693959355354309,0.9954735040664673
1773047413,322901572,world,cf231_leg,-2.6096441745758057,-1.6964566707611084,0.980363130569458
1773047413,328578828,world,cf231,-2.610783576965332,-1.6933112144470215,0.9954437017440796
1773047413,328578828,world,cf231_leg,-2.6093552112579346,-1.6958287954330444,0.9803447723388672
1773047413,332484700,world,cf231,-2.610416889190674,-1.6925504207611084,0.9953774213790894
1773047413,332484700,world,cf231_leg,-2.609044313430786,-1.695212721824646,0.9801909923553467
1773047413,337335384,world,cf231,-2.6102075576782227,-1.6920350790023804,0.9953131675720215
1773047413,337335384,world,cf231_leg,-2.6090028285980225,-1.6947239637374878,0.9805154800415039
1773047413,344137604,world,cf231,-2.6099467277526855,-1.6912635564804077,0.9953361749649048
1773047413,344137604,world,cf231_leg,-2.608750820159912,-1.6940654516220093,0.9803566932678223
1773047413,347419054,world,cf231,-2.609663486480713,-1.690815806388855,0.9952214956283569
1773047413,347419054,world,cf231_leg,-2.6085832118988037,-1.6936901807785034,0.9803000688552856
1773047413,352789948,world,cf231,-2.6093661785125732,-1.6902254819869995,0.9952276945114136
1773047413,352789948,world,cf231_leg,-2.608302354812622,-1.6931354999542236,0.9802327156066895
1773047413,357390056,world,cf231,-2.6091182231903076,-1.6896494626998901,0.9951596260070801
1773047413,357390056,world,cf231_leg,-2.6081411838531494,-1.692596197128296,0.9801403284072876
1773047413,363967783,world,cf231,-2.6088192462921143,-1.6889387369155884,0.9951832294464111
1773047413,363967783,world,cf231_leg,-2.607755184173584,-1.691976547241211,0.9799680709838867
1773047413,367348624,world,cf231,-2.608499050140381,-1.6883584260940552,0.9950476884841919
1773047413,367348624,world,cf231_leg,-2.60740065574646,-1.6912286281585693,0.9798518419265747
1773047413,372396090,world,cf231,-2.608243942260742,-1.6876682043075562,0.9948827028274536
1773047413,372396090,world,cf231_leg,-2.6072258949279785,-1.6908509731292725,0.9798468351364136
1773047413,377316994,world,cf231,-2.607839822769165,-1.6869288682937622,0.994905948638916
1773047413,377316994,world,cf231_leg,-2.607015371322632,-1.6902555227279663,0.9796781539916992
1773047413,382530772,world,cf231,-2.6076910495758057,-1.6864628791809082,0.9949871301651001
1773047413,382530772,world,cf231_leg,-2.606839418411255,-1.6897801160812378,0.9798251390457153
1773047413,393303740,world,cf231,-2.6072964668273926,-1.6856416463851929,0.9948329925537109
1773047413,393303740,world,cf231_leg,-2.6067025661468506,-1.6892290115356445,0.9798450469970703
1773047413,393719726,world,cf231,-2.6070923805236816,-1.6850645542144775,0.9950566291809082
1773047413,393719726,world,cf231_leg,-2.606471061706543,-1.6887763738632202,0.9798344373703003
1773047413,398274964,world,cf231,-2.6068074703216553,-1.684464931488037,0.9951039552688599
1773047413,398274964,world,cf231_leg,-2.606212854385376,-1.6879807710647583,0.9797360897064209
1773047413,402155382,world,cf231,-2.6065709590911865,-1.683833122253418,0.9951058626174927
1773047413,402155382,world,cf231_leg,-2.6059587001800537,-1.687393069267273,0.9797459840774536
1773047413,407796336,world,cf231,-2.6062448024749756,-1.6831306219100952,0.9950169324874878
1773047413,407796336,world,cf231_leg,-2.6059131622314453,-1.6870474815368652,0.9799474477767944
1773047413,412339512,world,cf231,-2.6059577465057373,-1.682602047920227,0.9950826168060303
1773047413,412339512,world,cf231_leg,-2.605731725692749,-1.6864173412322998,0.9796940088272095
1773047413,418095844,world,cf231,-2.6057653427124023,-1.6821460723876953,0.9952065944671631
1773047413,418095844,world,cf231_leg,-2.605436325073242,-1.6859525442123413,0.9797096252441406
1773047413,423231491,world,cf231,-2.60546875,-1.6813942193984985,0.9950641393661499
1773047413,423231491,world,cf231_leg,-2.6052253246307373,-1.6854580640792847,0.9798555374145508
1773047413,427491962,world,cf231,-2.605086088180542,-1.6806762218475342,0.9951043128967285
1773047413,427491962,world,cf231_leg,-2.6050422191619873,-1.6849702596664429,0.9797778129577637
1773047413,433272833,world,cf231,-2.60497784614563,-1.6801530122756958,0.9951972961425781
1773047413,433272833,world,cf231_leg,-2.6047024726867676,-1.684236764907837,0.9797046184539795
1773047413,437410709,world,cf231,-2.6045923233032227,-1.6793924570083618,0.9951052665710449
1773047413,437410709,world,cf231_leg,-2.6043319702148438,-1.6838359832763672,0.9796957969665527
1773047413,443908581,world,cf231,-2.604381799697876,-1.6788746118545532,0.9950425624847412
1773047413,443908581,world,cf231_leg,-2.6041817665100098,-1.6832889318466187,0.9796620607376099
1773047413,448051349,world,cf231,-2.6042745113372803,-1.6783006191253662,0.9951236248016357
1773047413,448051349,world,cf231_leg,-2.603898286819458,-1.682719349861145,0.979743480682373
1773047413,453297390,world,cf231,-2.604027032852173,-1.67772376537323,0.9950522184371948
1773047413,453297390,world,cf231_leg,-2.6036465167999268,-1.6822394132614136,0.979874849319458
1773047413,457651943,world,cf231,-2.6038501262664795,-1.677148699760437,0.9950557947158813
1773047413,457651943,world,cf231_leg,-2.6036460399627686,-1.6818863153457642,0.9798939228057861
1773047413,462352352,world,cf231,-2.603640079498291,-1.6765824556350708,0.9950003623962402
1773047413,462352352,world,cf231_leg,-2.6035053730010986,-1.6814398765563965,0.9797756671905518
1773047413,467420608,world,cf231,-2.603222131729126,-1.6758089065551758,0.9948431253433228
1773047413,467420608,world,cf231_leg,-2.6030755043029785,-1.680638313293457,0.9796416759490967
1773047413,472408930,world,cf231,-2.6030242443084717,-1.6753556728363037,0.9948344230651855
1773047413,472408930,world,cf231_leg,-2.602999448776245,-1.6803609132766724,0.9799314737319946
1773047413,477426151,world,cf231,-2.603013038635254,-1.6749317646026611,0.9947991371154785
1773047413,477426151,world,cf231_leg,-2.6028223037719727,-1.6796871423721313,0.9798061847686768
1773047413,482364365,world,cf231,-2.6028292179107666,-1.6744009256362915,0.9948328733444214
1773047413,482364365,world,cf231_leg,-2.6025657653808594,-1.6792337894439697,0.979824423789978
1773047413,487318660,world,cf231,-2.6026487350463867,-1.674014687538147,0.9948456287384033
1773047413,487318660,world,cf231_leg,-2.6022942066192627,-1.6786476373672485,0.9798092842102051
1773047413,492346839,world,cf231,-2.6024553775787354,-1.6733026504516602,0.9948291778564453
1773047413,492346839,world,cf231_leg,-2.602094888687134,-1.6782019138336182,0.9798380136489868
1773047413,497425444,world,cf231,-2.6021931171417236,-1.6727529764175415,0.9947267770767212
1773047413,497425444,world,cf231_leg,-2.6019299030303955,-1.6778255701065063,0.9797565937042236
1773047413,503315731,world,cf231,-2.6021180152893066,-1.6723363399505615,0.9948480129241943
1773047413,503315731,world,cf231_leg,-2.601731538772583,-1.6772924661636353,0.9796510934829712
1773047413,507351135,world,cf231,-2.601911783218384,-1.6717700958251953,0.9947634935379028
1773047413,507351135,world,cf231_leg,-2.6014914512634277,-1.6769130229949951,0.9795500040054321
1773047413,512540449,world,cf231,-2.601713180541992,-1.6711935997009277,0.9947532415390015
1773047413,512540449,world,cf231_leg,-2.6012561321258545,-1.6764086484909058,0.9795695543289185
1773047413,517578800,world,cf231,-2.6014392375946045,-1.67066490650177,0.9947081804275513
1773047413,517578800,world,cf231_leg,-2.600905656814575,-1.6758449077606201,0.9794027805328369
1773047413,522482301,world,cf231,-2.6012251377105713,-1.670335292816162,0.9946550130844116
1773047413,522482301,world,cf231_leg,-2.6007001399993896,-1.6754076480865479,0.9793415069580078
1773047413,527382719,world,cf231,-2.601059675216675,-1.6698907613754272,0.9948954582214355
1773047413,527382719,world,cf231_leg,-2.600555181503296,-1.674950361251831,0.979407548904419
1773047413,533346690,world,cf231,-2.600858688354492,-1.6693207025527954,0.9949442148208618
1773047413,533346690,world,cf231_leg,-2.600367307662964,-1.6744301319122314,0.9795018434524536
1773047413,537509796,world,cf231,-2.6005594730377197,-1.6687967777252197,0.9949475526809692
1773047413,537509796,world,cf231_leg,-2.60003399848938,-1.6739016771316528,0.9794970750808716
1773047413,542864108,world,cf231,-2.6004562377929688,-1.6684155464172363,0.9949978590011597
1773047413,542864108,world,cf231_leg,-2.5999579429626465,-1.6737784147262573,0.9794771671295166
1773047413,547458254,world,cf231,-2.600217342376709,-1.668020486831665,0.9949969053268433
1773047413,547458254,world,cf231_leg,-2.599801778793335,-1.6730934381484985,0.9795054197311401
1773047413,552511984,world,cf231,-2.6000568866729736,-1.6676294803619385,0.995011568069458
1773047413,552511984,world,cf231_leg,-2.5996758937835693,-1.6728196144104004,0.979573130607605
1773047413,557479705,world,cf231,-2.5998406410217285,-1.6672943830490112,0.9951496124267578
1773047413,557479705,world,cf231_leg,-2.5993831157684326,-1.6723743677139282,0.9795751571655273
1773047413,562466785,world,cf231,-2.5996270179748535,-1.6666252613067627,0.9952719211578369
1773047413,562466785,world,cf231_leg,-2.5992276668548584,-1.6718456745147705,0.979727029800415
1773047413,568344813,world,cf231,-2.5994584560394287,-1.666430950164795,0.9951778650283813
1773047413,568344813,world,cf231_leg,-2.5989418029785156,-1.6712830066680908,0.9796733856201172
1773047413,572434410,world,cf231,-2.5991857051849365,-1.666093111038208,0.995108962059021
1773047413,572434410,world,cf231_leg,-2.598640203475952,-1.6708834171295166,0.9797286987304688
1773047413,577315989,world,cf231,-2.5990049839019775,-1.6656348705291748,0.9951282739639282
1773047413,577315989,world,cf231_leg,-2.5984630584716797,-1.6705013513565063,0.9797313213348389
1773047413,582592526,world,cf231,-2.598904848098755,-1.6652535200119019,0.9951522350311279
1773047413,582592526,world,cf231_leg,-2.5982296466827393,-1.670005440711975,0.9798842668533325
1773047413,587421750,world,cf231,-2.598714828491211,-1.664920687675476,0.9950699806213379
1773047413,587421750,world,cf231_leg,-2.598010778427124,-1.6697475910186768,0.9795960187911987
1773047413,592451408,world,cf231,-2.598442792892456,-1.6644638776779175,0.9950128793716431
1773047413,592451408,world,cf231_leg,-2.5978407859802246,-1.669320821762085,0.9795640707015991
1773047413,597398815,world,cf231,-2.5982956886291504,-1.6640249490737915,0.9949264526367188
1773047413,597398815,world,cf231_leg,-2.5976438522338867,-1.669110894203186,0.9795609712600708
1773047413,602451854,world,cf231,-2.5980753898620605,-1.6636731624603271,0.994921088218689
1773047413,602451854,world,cf231_leg,-2.5973098278045654,-1.6683757305145264,0.9794368743896484
1773047413,607284865,world,cf231,-2.597858428955078,-1.6632238626480103,0.9949066638946533
1773047413,607284865,world,cf231_leg,-2.597041606903076,-1.6680859327316284,0.9795345067977905
1773047413,612398224,world,cf231,-2.5976850986480713,-1.6629079580307007,0.9948582649230957
1773047413,612398224,world,cf231_leg,-2.596923589706421,-1.6677360534667969,0.9796950817108154
1773047413,617367429,world,cf231,-2.5975232124328613,-1.6625640392303467,0.9948680400848389
1773047413,617367429,world,cf231_leg,-2.5966720581054688,-1.6671828031539917,0.9796748161315918
1773047413,622604420,world,cf231,-2.5974221229553223,-1.6623010635375977,0.9948805570602417
1773047413,622604420,world,cf231_leg,-2.59647798538208,-1.666855812072754,0.979659914970398
1773047413,628665862,world,cf231,-2.5973267555236816,-1.6619884967803955,0.9948503971099854
1773047413,628665862,world,cf231_leg,-2.596231698989868,-1.66647207736969,0.9795912504196167
1773047413,632586701,world,cf231,-2.59704852104187,-1.6615804433822632,0.9948371648788452
1773047413,632586701,world,cf231_leg,-2.5960869789123535,-1.6660820245742798,0.9796494245529175
1773047413,637546163,world,cf231,-2.5968964099884033,-1.6611911058425903,0.9947913885116577
1773047413,637546163,world,cf231_leg,-2.5960049629211426,-1.6657023429870605,0.9796870946884155
1773047413,642352201,world,cf231,-2.5967466831207275,-1.6609423160552979,0.9947115182876587
1773047413,642352201,world,cf231_leg,-2.59566593170166,-1.6654584407806396,0.9797159433364868
1773047413,649214454,world,cf231,-2.5965256690979004,-1.6604210138320923,0.9947311878204346
1773047413,649214454,world,cf231_leg,-2.5957396030426025,-1.6651288270950317,0.9799134731292725
1773047413,652310240,world,cf231,-2.596353769302368,-1.6601557731628418,0.9946678876876831
1773047413,652310240,world,cf231_leg,-2.595541000366211,-1.664763331413269,0.9798052310943604
1773047413,657398385,world,cf231,-2.5961170196533203,-1.6597591638565063,0.9946416616439819
1773047413,657398385,world,cf231_leg,-2.595162868499756,-1.6643671989440918,0.979686975479126
1773047413,662356903,world,cf231,-2.5961012840270996,-1.6595743894577026,0.9946277141571045
1773047413,662356903,world,cf231_leg,-2.595076560974121,-1.6639466285705566,0.9796168804168701
1773047413,667417320,world,cf231,-2.5958361625671387,-1.659035563468933,0.994651198387146
1773047413,667417320,world,cf231_leg,-2.594726085662842,-1.6636075973510742,0.9795801639556885
1773047413,672339118,world,cf231,-2.5957181453704834,-1.658779263496399,0.994652271270752
1773047413,672339118,world,cf231_leg,-2.5945193767547607,-1.6631687879562378,0.9795188903808594
1773047413,677431626,world,cf231,-2.5955305099487305,-1.6585158109664917,0.9945398569107056
1773047413,677431626,world,cf231_leg,-2.5942835807800293,-1.6628971099853516,0.9795154333114624
1773047413,683438372,world,cf231,-2.595223903656006,-1.6579926013946533,0.994412899017334
1773047413,683438372,world,cf231_leg,-2.5941882133483887,-1.6625216007232666,0.9795007705688477
1773047413,687393391,world,cf231,-2.595144748687744,-1.6578376293182373,0.9945580959320068
1773047413,687393391,world,cf231_leg,-2.5939207077026367,-1.6621001958847046,0.9792956113815308
1773047413,692328317,world,cf231,-2.594987630844116,-1.6575655937194824,0.9945313930511475
1773047413,692328317,world,cf231_leg,-2.5936222076416016,-1.661818027496338,0.9793121814727783
1773047413,697413429,world,cf231,-2.5947978496551514,-1.6572424173355103,0.9947857856750488
1773047413,697413429,world,cf231_leg,-2.5935447216033936,-1.6616251468658447,0.9793033599853516
1773047413,704802223,world,cf231,-2.594599962234497,-1.6569103002548218,0.9947783946990967
1773047413,704802223,world,cf231_leg,-2.5933735370635986,-1.6613138914108276,0.9792622327804565
1773047413,707506016,world,cf231,-2.5943856239318848,-1.6565799713134766,0.9947222471237183
1773047413,707506016,world,cf231_leg,-2.5932018756866455,-1.6610544919967651,0.9792320728302002
1773047413,712502193,world,cf231,-2.594259023666382,-1.6563210487365723,0.9947847127914429
1773047413,712502193,world,cf231_leg,-2.5929434299468994,-1.6607670783996582,0.9792512655258179
1773047413,717372085,world,cf231,-2.594010591506958,-1.655900001525879,0.9948409795761108
1773047413,717372085,world,cf231_leg,-2.5929384231567383,-1.6604617834091187,0.9793119430541992
1773047413,722545313,world,cf231,-2.593754291534424,-1.6556278467178345,0.9947949647903442
1773047413,722545313,world,cf231_leg,-2.5925726890563965,-1.6600419282913208,0.9792493581771851
1773047413,730830874,world,cf231,-2.5935442447662354,-1.6552983522415161,0.9947092533111572
1773047413,730830874,world,cf231_leg,-2.5924079418182373,-1.6597133874893188,0.9794561862945557
1773047413,732429151,world,cf231,-2.5934298038482666,-1.6550825834274292,0.99482262134552
1773047413,732429151,world,cf231_leg,-2.5922725200653076,-1.6594626903533936,0.9794406890869141
1773047413,746520143,world,cf231,-2.5931928157806396,-1.6548703908920288,0.9949438571929932
1773047413,746520143,world,cf231_leg,-2.591979503631592,-1.6590635776519775,0.9794207811355591
1773047413,746939412,world,cf231,-2.5930285453796387,-1.654597282409668,0.9949723482131958
1773047413,746939412,world,cf231_leg,-2.591806411743164,-1.6586825847625732,0.9793920516967773
1773047413,752015845,world,cf231,-2.592625617980957,-1.6541959047317505,0.9948030710220337
1773047413,752015845,world,cf231_leg,-2.5916364192962646,-1.6585311889648438,0.979487419128418
1773047413,759645799,world,cf231,-2.5925607681274414,-1.6541568040847778,0.9949890375137329
1773047413,759645799,world,cf231_leg,-2.5914416313171387,-1.6581343412399292,0.9797773361206055
1773047413,760075105,world,cf231,-2.592242479324341,-1.6538022756576538,0.9949431419372559
1773047413,760075105,world,cf231_leg,-2.591129779815674,-1.6577887535095215,0.9797455072402954
1773047413,769500845,world,cf231,-2.592045307159424,-1.653658390045166,0.9948951005935669
1773047413,769500845,world,cf231_leg,-2.5910351276397705,-1.657572627067566,0.9798679351806641
1773047413,769896511,world,cf231,-2.591876983642578,-1.6534332036972046,0.99494469165802
1773047413,769896511,world,cf231_leg,-2.5908820629119873,-1.6573476791381836,0.979981541633606
1773047413,772772414,world,cf231,-2.5916950702667236,-1.653212547302246,0.9949369430541992
1773047413,772772414,world,cf231_leg,-2.590747594833374,-1.6570979356765747,0.9799627065658569
1773047413,777503725,world,cf231,-2.5914134979248047,-1.652994155883789,0.9949296712875366
1773047413,777503725,world,cf231_leg,-2.590420722961426,-1.6567660570144653,0.9797400236129761
1773047413,782793367,world,cf231,-2.5912861824035645,-1.652900218963623,0.994952917098999
1773047413,782793367,world,cf231_leg,-2.590367317199707,-1.6566113233566284,0.9798400402069092
1773047413,787394992,world,cf231,-2.5909719467163086,-1.6525193452835083,0.9950400590896606
1773047413,787394992,world,cf231_leg,-2.5901694297790527,-1.6561564207077026,0.9800188541412354
1773047413,792366513,world,cf231,-2.5907886028289795,-1.6523710489273071,0.9950485229492188
1773047413,792366513,world,cf231_leg,-2.5897116661071777,-1.6558811664581299,0.979735255241394
1773047413,802328806,world,cf231,-2.590559959411621,-1.6521670818328857,0.9949400424957275
1773047413,802328806,world,cf231_leg,-2.589613914489746,-1.6555646657943726,0.9798932075500488
1773047413,808183761,world,cf231,-2.5903029441833496,-1.6519429683685303,0.994886040687561
1773047413,808183761,world,cf231_leg,-2.5893847942352295,-1.6554536819458008,0.9799759387969971
1773047413,808713166,world,cf231,-2.5899715423583984,-1.6517072916030884,0.9949345588684082
1773047413,808713166,world,cf231_leg,-2.589132785797119,-1.6549303531646729,0.9799504280090332
1773047413,812426198,world,cf231,-2.589723587036133,-1.6514066457748413,0.9949735403060913
1773047413,812426198,world,cf231_leg,-2.588925838470459,-1.6547256708145142,0.9798650741577148
1773047413,818355413,world,cf231,-2.5894596576690674,-1.651301622390747,0.9949610233306885
1773047413,818355413,world,cf231_leg,-2.5886752605438232,-1.654526948928833,0.9798192977905273
1773047413,822493727,world,cf231,-2.589181661605835,-1.6511237621307373,0.9950665235519409
1773047413,822493727,world,cf231_leg,-2.5885162353515625,-1.6541600227355957,0.9798394441604614
1773047413,827723061,world,cf231,-2.5889508724212646,-1.6508411169052124,0.9951369762420654
1773047413,827723061,world,cf231_leg,-2.588221311569214,-1.6539287567138672,0.979820728302002
1773047413,833063797,world,cf231,-2.588743209838867,-1.6507446765899658,0.9951647520065308
1773047413,833063797,world,cf231_leg,-2.588057041168213,-1.6535617113113403,0.9800138473510742
1773047413,837607676,world,cf231,-2.588587999343872,-1.6505364179611206,0.9952750205993652
1773047413,837607676,world,cf231_leg,-2.5878920555114746,-1.6533427238464355,0.9800686836242676
1773047413,843582570,world,cf231,-2.5883443355560303,-1.6503477096557617,0.9954200983047485
1773047413,843582570,world,cf231_leg,-2.5877299308776855,-1.6530743837356567,0.9801039695739746
1773047413,847781625,world,cf231,-2.58809232711792,-1.650073766708374,0.9953235387802124
1773047413,847781625,world,cf231_leg,-2.5874483585357666,-1.6529064178466797,0.9801324605941772
1773047413,852910851,world,cf231,-2.5879313945770264,-1.6499146223068237,0.9954774379730225
1773047413,852910851,world,cf231_leg,-2.587465524673462,-1.6527278423309326,0.9804588556289673
1773047413,857390712,world,cf231,-2.5877370834350586,-1.6496938467025757,0.995576024055481
1773047413,857390712,world,cf231_leg,-2.5872609615325928,-1.6525932550430298,0.9803590774536133
1773047413,865353633,world,cf231,-2.587444305419922,-1.649519443511963,0.9956275224685669
1773047413,865353633,world,cf231_leg,-2.5868942737579346,-1.6523079872131348,0.9802826642990112
1773047413,867381117,world,cf231,-2.5871670246124268,-1.649287223815918,0.9959076642990112
1773047413,867381117,world,cf231_leg,-2.5870144367218018,-1.6520851850509644,0.9805973768234253
1773047413,872418529,world,cf231,-2.5870089530944824,-1.6491283178329468,0.9960349798202515
1773047413,872418529,world,cf231_leg,-2.586620807647705,-1.6518503427505493,0.980566143989563
1773047413,877700243,world,cf231,-2.586632490158081,-1.6487635374069214,0.9959510564804077
1773047413,877700243,world,cf231_leg,-2.586456060409546,-1.6515235900878906,0.9807866811752319
1773047413,882787184,world,cf231,-2.586336851119995,-1.6486384868621826,0.9960193634033203
1773047413,882787184,world,cf231_leg,-2.586223602294922,-1.6513727903366089,0.9807566404342651
1773047413,887788279,world,cf231,-2.5861191749572754,-1.6484272480010986,0.9959746599197388
1773047413,887788279,world,cf231_leg,-2.585984230041504,-1.6510891914367676,0.980918288230896
1773047413,893118940,world,cf231,-2.5859808921813965,-1.6483837366104126,0.9960912466049194
1773047413,893118940,world,cf231_leg,-2.585831642150879,-1.6508148908615112,0.9810340404510498
1773047413,897530142,world,cf231,-2.5856409072875977,-1.6480809450149536,0.9960354566574097
1773047413,897530142,world,cf231_leg,-2.5855143070220947,-1.6505446434020996,0.9808833599090576
1773047413,902615238,world,cf231,-2.5854380130767822,-1.6479374170303345,0.996038556098938
1773047413,902615238,world,cf231_leg,-2.5853874683380127,-1.6502865552902222,0.9809514284133911
1773047413,907492642,world,cf231,-2.5853488445281982,-1.6477351188659668,0.996241569519043
1773047413,907492642,world,cf231_leg,-2.58518648147583,-1.6501339673995972,0.9811245203018188
1773047413,912404137,world,cf231,-2.585106611251831,-1.6475789546966553,0.9962328672409058
1773047413,912404137,world,cf231_leg,-2.5850305557250977,-1.6498173475265503,0.9811135530471802
1773047413,917521224,world,cf231,-2.584787130355835,-1.6474170684814453,0.9961851835250854
1773047413,917521224,world,cf231_leg,-2.5848138332366943,-1.6496597528457642,0.9810988903045654
1773047413,922555137,world,cf231,-2.584554433822632,-1.647212028503418,0.9961047172546387
1773047413,922555137,world,cf231_leg,-2.584622859954834,-1.6494009494781494,0.9810471534729004
1773047413,927418637,world,cf231,-2.5843636989593506,-1.6471117734909058,0.9961601495742798
1773047413,927418637,world,cf231_leg,-2.584625482559204,-1.6492278575897217,0.9813394546508789
1773047413,932549562,world,cf231,-2.5840256214141846,-1.6468818187713623,0.9960923194885254
1773047413,932549562,world,cf231_leg,-2.5843403339385986,-1.6489673852920532,0.9812463521957397
1773047413,938406403,world,cf231,-2.5838406085968018,-1.6466612815856934,0.996109127998352
1773047413,938406403,world,cf231_leg,-2.5841317176818848,-1.648643136024475,0.9811762571334839
1773047413,942515202,world,cf231,-2.583662748336792,-1.646392583847046,0.9960781335830688
1773047413,942515202,world,cf231_leg,-2.583869695663452,-1.6485403776168823,0.9811992645263672
1773047413,948329007,world,cf231,-2.5834779739379883,-1.6462432146072388,0.9960886240005493
1773047413,948329007,world,cf231_leg,-2.5839030742645264,-1.6482949256896973,0.9812644720077515
1773047413,953179654,world,cf231,-2.583275556564331,-1.646026372909546,0.996077299118042
1773047413,953179654,world,cf231_leg,-2.5837438106536865,-1.6481449604034424,0.9812619686126709
1773047413,957546554,world,cf231,-2.5831243991851807,-1.6458680629730225,0.9961484670639038
1773047413,957546554,world,cf231_leg,-2.5835211277008057,-1.6479861736297607,0.9812964200973511
1773047413,962400086,world,cf231,-2.582887649536133,-1.6455912590026855,0.9961014986038208
1773047413,962400086,world,cf231_leg,-2.5835399627685547,-1.6478357315063477,0.9814590215682983
1773047413,967549794,world,cf231,-2.58278751373291,-1.6455100774765015,0.996241569519043
1773047413,967549794,world,cf231_leg,-2.5832889080047607,-1.647500991821289,0.98142409324646
1773047413,972493786,world,cf231,-2.5826659202575684,-1.6454193592071533,0.9962278604507446
1773047413,972493786,world,cf231_leg,-2.5831470489501953,-1.647324562072754,0.9812929630279541
1773047413,977546101,world,cf231,-2.5824685096740723,-1.645201325416565,0.996166467666626
1773047413,977546101,world,cf231_leg,-2.582947015762329,-1.6471132040023804,0.9813114404678345
1773047413,982653083,world,cf231,-2.582216739654541,-1.6449216604232788,0.9962352514266968
1773047413,982653083,world,cf231_leg,-2.582953929901123,-1.6469190120697021,0.981419563293457
1773047413,987538988,world,cf231,-2.582102060317993,-1.6447821855545044,0.9961748123168945
1773047413,987538988,world,cf231_leg,-2.5827066898345947,-1.6466513872146606,0.9813352823257446
1773047413,993498291,world,cf231,-2.5819907188415527,-1.6446865797042847,0.9962459802627563
1773047413,993498291,world,cf231_leg,-2.5824482440948486,-1.6462721824645996,0.981202244758606
1773047413,997505356,world,cf231,-2.5817205905914307,-1.6444095373153687,0.9962896108627319
1773047413,997505356,world,cf231_leg,-2.5823447704315186,-1.6462217569351196,0.9813812971115112
1773047414,2560160,world,cf231,-2.5815694332122803,-1.6440908908843994,0.9960284233093262
1773047414,2560160,world,cf231_leg,-2.582275390625,-1.6458853483200073,0.9814695119857788
1773047414,7406959,world,cf231,-2.5813961029052734,-1.6439838409423828,0.9960942268371582
1773047414,7406959,world,cf231_leg,-2.5820324420928955,-1.6455461978912354,0.9812060594558716
1773047414,12324056,world,cf231,-2.581272840499878,-1.6438640356063843,0.9963005781173706
1773047414,12324056,world,cf231_leg,-2.5818557739257812,-1.6455192565917969,0.9811810255050659
1773047414,17791828,world,cf231,-2.5810229778289795,-1.6436322927474976,0.9963370561599731
1773047414,17791828,world,cf231_leg,-2.581852912902832,-1.6452126502990723,0.9812209606170654
1773047414,24411558,world,cf231,-2.580824375152588,-1.643367052078247,0.9963042736053467
1773047414,24411558,world,cf231_leg,-2.5817060470581055,-1.645056962966919,0.9812757968902588
1773047414,27398611,world,cf231,-2.5807905197143555,-1.6432275772094727,0.9964247941970825
1773047414,27398611,world,cf231_leg,-2.5814406871795654,-1.6446733474731445,0.9811798334121704
1773047414,32614363,world,cf231,-2.5806186199188232,-1.6429588794708252,0.9963390827178955
1773047414,32614363,world,cf231_leg,-2.5813229084014893,-1.644587516784668,0.9811697006225586
1773047414,37688571,world,cf231,-2.580460548400879,-1.6428303718566895,0.9963182210922241
1773047414,37688571,world,cf231_leg,-2.581282138824463,-1.6442859172821045,0.9811829328536987
1773047414,42592142,world,cf231,-2.580385208129883,-1.642633318901062,0.996272087097168
1773047414,42592142,world,cf231_leg,-2.58113169670105,-1.644157886505127,0.9811192750930786
1773047414,48107546,world,cf231,-2.580075263977051,-1.6422966718673706,0.9963324069976807
1773047414,48107546,world,cf231_leg,-2.5810651779174805,-1.6440366506576538,0.9810198545455933
1773047414,53491366,world,cf231,-2.5800704956054688,-1.6422303915023804,0.9961996078491211
1773047414,53491366,world,cf231_leg,-2.5809504985809326,-1.6438517570495605,0.9809935092926025
1773047414,58344289,world,cf231,-2.579768657684326,-1.6417787075042725,0.9960271120071411
1773047414,58344289,world,cf231_leg,-2.580885171890259,-1.643772840499878,0.981043815612793
1773047414,62531687,world,cf231,-2.5798184871673584,-1.6417158842086792,0.9961274862289429
1773047414,62531687,world,cf231_leg,-2.5808260440826416,-1.6433684825897217,0.9809173345565796
1773047414,68335208,world,cf231,-2.5796103477478027,-1.6413360834121704,0.9960209131240845
1773047414,68335208,world,cf231_leg,-2.5805165767669678,-1.6432085037231445,0.9808385372161865
1773047414,72786409,world,cf231,-2.5796334743499756,-1.6413320302963257,0.9959965944290161
1773047414,72786409,world,cf231_leg,-2.580514430999756,-1.6430203914642334,0.9808642864227295
1773047414,77518700,world,cf231,-2.5795094966888428,-1.64102303981781,0.9960387945175171
1773047414,77518700,world,cf231_leg,-2.580482244491577,-1.643028974533081,0.9808032512664795
1773047414,82726084,world,cf231,-2.5793416500091553,-1.640699863433838,0.9961013793945312
1773047414,82726084,world,cf231_leg,-2.5802814960479736,-1.642539381980896,0.980692982673645
1773047414,87456283,world,cf231,-2.579319953918457,-1.6405606269836426,0.996113657951355
1773047414,87456283,world,cf231_leg,-2.5801210403442383,-1.642288327217102,0.9807038307189941
1773047414,92607186,world,cf231,-2.5792489051818848,-1.640315055847168,0.996046781539917
1773047414,92607186,world,cf231_leg,-2.5800039768218994,-1.6421617269515991,0.980536937713623
1773047414,98339605,world,cf231,-2.5790674686431885,-1.6400024890899658,0.9958822727203369
1773047414,98339605,world,cf231_leg,-2.5799686908721924,-1.6418628692626953,0.9805179834365845
1773047414,102593982,world,cf231,-2.5790646076202393,-1.6398824453353882,0.9959226846694946
1773047414,102593982,world,cf231_leg,-2.5798585414886475,-1.641719102859497,0.9806003570556641
1773047414,107999511,world,cf231,-2.5789825916290283,-1.6395702362060547,0.9957776069641113
1773047414,107999511,world,cf231_leg,-2.579704761505127,-1.6412922143936157,0.9804190397262573
1773047414,112655764,world,cf231,-2.5789554119110107,-1.6395020484924316,0.9958372116088867
1773047414,112655764,world,cf231_leg,-2.5795810222625732,-1.6412315368652344,0.9802980422973633
1773047414,117483416,world,cf231,-2.578965902328491,-1.6393340826034546,0.9957751035690308
1773047414,117483416,world,cf231_leg,-2.579566240310669,-1.6409987211227417,0.9802719354629517
1773047414,122496128,world,cf231,-2.5790138244628906,-1.6391985416412354,0.9958871603012085
1773047414,122496128,world,cf231_leg,-2.5794191360473633,-1.6406831741333008,0.9801851511001587
1773047414,127751631,world,cf231,-2.578922748565674,-1.639006495475769,0.9958080053329468
1773047414,127751631,world,cf231_leg,-2.579249382019043,-1.640438199043274,0.98011314868927
1773047414,134301017,world,cf231,-2.5788142681121826,-1.6386573314666748,0.9955730438232422
1773047414,134301017,world,cf231_leg,-2.5793073177337646,-1.6403781175613403,0.9801316261291504
1773047414,137435668,world,cf231,-2.578765869140625,-1.6385215520858765,0.9956378936767578
1773047414,137435668,world,cf231_leg,-2.579258918762207,-1.6401758193969727,0.9802052974700928
1773047414,143372437,world,cf231,-2.5787885189056396,-1.6382825374603271,0.995474100112915
1773047414,143372437,world,cf231_leg,-2.579211711883545,-1.640000581741333,0.9801157712936401
1773047414,147574885,world,cf231,-2.5786616802215576,-1.6380937099456787,0.9955288171768188
1773047414,147574885,world,cf231_leg,-2.5790698528289795,-1.6398242712020874,0.9799822568893433
1773047414,153770375,world,cf231,-2.578728675842285,-1.6379839181900024,0.9954979419708252
1773047414,153770375,world,cf231_leg,-2.579176664352417,-1.6395840644836426,0.9801065921783447
1773047414,157546152,world,cf231,-2.578542947769165,-1.6375987529754639,0.9953693151473999
1773047414,157546152,world,cf231_leg,-2.5791127681732178,-1.6393864154815674,0.9801477193832397
1773047414,162559295,world,cf231,-2.578551769256592,-1.6374013423919678,0.9954780340194702
1773047414,162559295,world,cf231_leg,-2.5790555477142334,-1.6391321420669556,0.980300784111023
1773047414,167537868,world,cf231,-2.5783958435058594,-1.6372284889221191,0.9952720403671265
1773047414,167537868,world,cf231_leg,-2.57889723777771,-1.6389830112457275,0.9802936315536499
1773047414,173670622,world,cf231,-2.578488349914551,-1.6371077299118042,0.9953619241714478
1773047414,173670622,world,cf231_leg,-2.578861951828003,-1.6386840343475342,0.9802743196487427
1773047414,179351394,world,cf231,-2.5785107612609863,-1.6368625164031982,0.995368242263794
1773047414,179351394,world,cf231_leg,-2.5788440704345703,-1.6384503841400146,0.9802734851837158
1773047414,183286508,world,cf231,-2.578418731689453,-1.6365922689437866,0.9954670667648315
1773047414,183286508,world,cf231_leg,-2.578625440597534,-1.6380808353424072,0.9801268577575684
1773047414,187610794,world,cf231,-2.578368663787842,-1.6364142894744873,0.9953947067260742
1773047414,187610794,world,cf231_leg,-2.5786008834838867,-1.637945294380188,0.9801676273345947
1773047414,192533800,world,cf231,-2.578237771987915,-1.6361101865768433,0.995323657989502
1773047414,192533800,world,cf231_leg,-2.5785446166992188,-1.637689471244812,0.9803030490875244
1773047414,197593473,world,cf231,-2.5782737731933594,-1.6359803676605225,0.995374321937561
1773047414,197593473,world,cf231_leg,-2.578529119491577,-1.6373697519302368,0.9802874326705933
1773047414,203530259,world,cf231,-2.578211784362793,-1.6357779502868652,0.9953873157501221
1773047414,203530259,world,cf231_leg,-2.5784616470336914,-1.6371968984603882,0.9801967144012451
1773047414,207580981,world,cf231,-2.5781407356262207,-1.6355321407318115,0.9953203201293945
1773047414,207580981,world,cf231_leg,-2.5783915519714355,-1.6370658874511719,0.9802813529968262
1773047414,212673632,world,cf231,-2.5781733989715576,-1.6354023218154907,0.9953975677490234
1773047414,212673632,world,cf231_leg,-2.578378438949585,-1.636814832687378,0.9805542230606079
1773047414,217531487,world,cf231,-2.578101396560669,-1.6350843906402588,0.9953393936157227
1773047414,217531487,world,cf231_leg,-2.578287363052368,-1.6365073919296265,0.9805005788803101
1773047414,222492822,world,cf231,-2.578111171722412,-1.6348878145217896,0.9954453706741333
1773047414,222492822,world,cf231_leg,-2.5782580375671387,-1.6363015174865723,0.9805790185928345
1773047414,227928343,world,cf231,-2.5780768394470215,-1.63470458984375,0.9954062700271606
1773047414,227928343,world,cf231_leg,-2.578350782394409,-1.636224627494812,0.9807940721511841
1773047414,233356769,world,cf231,-2.5780417919158936,-1.6344926357269287,0.9955357313156128
1773047414,233356769,world,cf231_leg,-2.578319549560547,-1.6360454559326172,0.9807336330413818
1773047414,238601633,world,cf231,-2.578012228012085,-1.634190559387207,0.9954795837402344
1773047414,238601633,world,cf231_leg,-2.57826566696167,-1.6358001232147217,0.9807032346725464
1773047414,242614155,world,cf231,-2.5780458450317383,-1.6340616941452026,0.9955540895462036
1773047414,242614155,world,cf231_leg,-2.578188419342041,-1.635615587234497,0.9805306196212769
1773047414,248600641,world,cf231,-2.577881336212158,-1.633744239807129,0.9954191446304321
1773047414,248600641,world,cf231_leg,-2.578190326690674,-1.6354799270629883,0.9808393716812134
1773047414,252829465,world,cf231,-2.577725887298584,-1.6333003044128418,0.9953879117965698
1773047414,252829465,world,cf231_leg,-2.5781466960906982,-1.6352200508117676,0.9807301759719849
1773047414,257907522,world,cf231,-2.5777580738067627,-1.6330496072769165,0.9954814910888672
1773047414,257907522,world,cf231_leg,-2.5781514644622803,-1.6350016593933105,0.9807072877883911
1773047414,262956767,world,cf231,-2.577831506729126,-1.6329832077026367,0.9955571889877319
1773047414,262956767,world,cf231_leg,-2.578015089035034,-1.634748935699463,0.9806920289993286
1773047414,267922071,world,cf231,-2.57776141166687,-1.6325159072875977,0.99565589427948
1773047414,267922071,world,cf231_leg,-2.57792329788208,-1.6344324350357056,0.9807995557785034
1773047414,272678529,world,cf231,-2.5777952671051025,-1.6324578523635864,0.9957256317138672
1773047414,272678529,world,cf231_leg,-2.5779123306274414,-1.6343603134155273,0.9808881282806396
1773047414,277524489,world,cf231,-2.5777461528778076,-1.6321572065353394,0.9956473112106323
1773047414,277524489,world,cf231_leg,-2.577918767929077,-1.634028673171997,0.9810130596160889
1773047414,282503365,world,cf231,-2.5778298377990723,-1.631962537765503,0.9958057403564453
1773047414,282503365,world,cf231_leg,-2.5777854919433594,-1.6337769031524658,0.9809714555740356
1773047414,287593405,world,cf231,-2.577852964401245,-1.6317886114120483,0.9958053827285767
1773047414,287593405,world,cf231_leg,-2.577829599380493,-1.6336439847946167,0.9811046123504639
1773047414,292533572,world,cf231,-2.578000545501709,-1.6315326690673828,0.9959532022476196
1773047414,292533572,world,cf231_leg,-2.577749490737915,-1.6334500312805176,0.9811164140701294
1773047414,297611008,world,cf231,-2.5779895782470703,-1.6312650442123413,0.9960482120513916
1773047414,297611008,world,cf231_leg,-2.5777618885040283,-1.6331377029418945,0.9811900854110718
1773047414,303432396,world,cf231,-2.5780656337738037,-1.6311488151550293,0.996107816696167
1773047414,303432396,world,cf231_leg,-2.5776259899139404,-1.6327883005142212,0.9813257455825806
1773047414,307408125,world,cf231,-2.5780746936798096,-1.6308308839797974,0.9962313175201416
1773047414,307408125,world,cf231_leg,-2.5776703357696533,-1.6325641870498657,0.9813086986541748
1773047414,312654367,world,cf231,-2.578233480453491,-1.6307220458984375,0.9962993860244751
1773047414,312654367,world,cf231_leg,-2.5777101516723633,-1.6324797868728638,0.9814648628234863
1773047414,317524926,world,cf231,-2.5782856941223145,-1.6304638385772705,0.9963793754577637
1773047414,317524926,world,cf231_leg,-2.577808141708374,-1.6322849988937378,0.9816458225250244
1773047414,322685173,world,cf231,-2.578331708908081,-1.6301566362380981,0.9967254400253296
1773047414,322685173,world,cf231_leg,-2.577728748321533,-1.6319950819015503,0.9818073511123657
1773047414,327555478,world,cf231,-2.578347682952881,-1.6300307512283325,0.9967737197875977
1773047414,327555478,world,cf231_leg,-2.577842950820923,-1.631891131401062,0.9818500280380249
1773047414,332715947,world,cf231,-2.5782837867736816,-1.629588007926941,0.9968405961990356
1773047414,332715947,world,cf231_leg,-2.5778539180755615,-1.6317001581192017,0.9819463491439819
1773047414,337709198,world,cf231,-2.578522205352783,-1.629598617553711,0.9970794916152954
1773047414,337709198,world,cf231_leg,-2.577922821044922,-1.6315827369689941,0.9820342063903809
1773047414,342636316,world,cf231,-2.578420877456665,-1.6291639804840088,0.9971144199371338
1773047414,342636316,world,cf231_leg,-2.577765464782715,-1.6311978101730347,0.9820479154586792
1773047414,347742372,world,cf231,-2.5785796642303467,-1.62897527217865,0.9973397254943848
1773047414,347742372,world,cf231_leg,-2.5777809619903564,-1.6310745477676392,0.982093095779419
1773047414,353520765,world,cf231,-2.5786898136138916,-1.628730058670044,0.9974744319915771
1773047414,353520765,world,cf231_leg,-2.577831983566284,-1.6310124397277832,0.9821650981903076
1773047414,357702316,world,cf231,-2.578683614730835,-1.6284828186035156,0.9977279901504517
1773047414,357702316,world,cf231_leg,-2.5778908729553223,-1.6306637525558472,0.9821977615356445
1773047414,363579980,world,cf231,-2.5787410736083984,-1.6282514333724976,0.9977957010269165
1773047414,363579980,world,cf231_leg,-2.5776994228363037,-1.630487084388733,0.9824517965316772
1773047414,367705412,world,cf231,-2.578871965408325,-1.6280497312545776,0.9979033470153809
1773047414,367705412,world,cf231_leg,-2.577781915664673,-1.6300581693649292,0.9826098680496216
1773047414,374432849,world,cf231,-2.5788979530334473,-1.6277981996536255,0.9980531930923462
1773047414,374432849,world,cf231_leg,-2.5777578353881836,-1.6299406290054321,0.9826490879058838
1773047414,377498783,world,cf231,-2.5789735317230225,-1.6274899244308472,0.9981350898742676
1773047414,377498783,world,cf231_leg,-2.577868938446045,-1.629699468612671,0.9827322959899902
1773047414,382745193,world,cf231,-2.5791122913360596,-1.627475380897522,0.998333215713501
1773047414,382745193,world,cf231_leg,-2.577916383743286,-1.6294124126434326,0.9831550121307373
1773047414,387366387,world,cf231,-2.579075336456299,-1.6271004676818848,0.99834144115448
1773047414,387366387,world,cf231_leg,-2.577730178833008,-1.6290435791015625,0.98322594165802
1773047414,392544939,world,cf231,-2.579233169555664,-1.6269906759262085,0.9984126091003418
1773047414,392544939,world,cf231_leg,-2.5779285430908203,-1.6290407180786133,0.9833956956863403
1773047414,397728115,world,cf231,-2.5792534351348877,-1.6266252994537354,0.9984598159790039
1773047414,397728115,world,cf231_leg,-2.5779080390930176,-1.628777265548706,0.9835660457611084
1773047414,402624378,world,cf231,-2.579335927963257,-1.6265525817871094,0.9986259937286377
1773047414,402624378,world,cf231_leg,-2.5778844356536865,-1.628382921218872,0.9836021661758423
1773047414,407639768,world,cf231,-2.5793023109436035,-1.6261779069900513,0.9986069202423096
1773047414,407639768,world,cf231_leg,-2.577962636947632,-1.6282618045806885,0.9837876558303833
1773047414,412704280,world,cf231,-2.579272508621216,-1.6258747577667236,0.9985532760620117
1773047414,412704280,world,cf231_leg,-2.578007221221924,-1.6280877590179443,0.9837653636932373
1773047414,419673430,world,cf231,-2.579348564147949,-1.6256873607635498,0.9986194372177124
1773047414,419673430,world,cf231_leg,-2.5779850482940674,-1.6279431581497192,0.9839441776275635
1773047414,422676538,world,cf231,-2.5794918537139893,-1.6255042552947998,0.9988111257553101
1773047414,422676538,world,cf231_leg,-2.5782182216644287,-1.6278607845306396,0.9840162992477417
1773047414,427674344,world,cf231,-2.5795881748199463,-1.6251922845840454,0.9988949298858643
1773047414,427674344,world,cf231_leg,-2.5781078338623047,-1.6276062726974487,0.9839540719985962
1773047414,432931330,world,cf231,-2.5797061920166016,-1.625020146369934,0.9989649057388306
1773047414,432931330,world,cf231_leg,-2.5781924724578857,-1.6274452209472656,0.9839346408843994
1773047414,437700882,world,cf231,-2.5796539783477783,-1.6247187852859497,0.9989156723022461
1773047414,437700882,world,cf231_leg,-2.5782437324523926,-1.627264380455017,0.9840198755264282
1773047414,442562260,world,cf231,-2.5797171592712402,-1.6244864463806152,0.998932957649231
1773047414,442562260,world,cf231_leg,-2.5781729221343994,-1.6269038915634155,0.9839745759963989
1773047414,447716458,world,cf231,-2.579789400100708,-1.6243287324905396,0.9988805055618286
1773047414,447716458,world,cf231_leg,-2.5782113075256348,-1.6267783641815186,0.98399817943573
1773047414,452626527,world,cf231,-2.5799262523651123,-1.6239999532699585,0.9991210699081421
1773047414,452626527,world,cf231_leg,-2.578345775604248,-1.6265273094177246,0.9842159748077393
1773047414,457731335,world,cf231,-2.58008074760437,-1.6238160133361816,0.9992088079452515
1773047414,457731335,world,cf231_leg,-2.578303098678589,-1.6263035535812378,0.9841028451919556
1773047414,462745141,world,cf231,-2.5801076889038086,-1.6235219240188599,0.9991955757141113
1773047414,462745141,world,cf231_leg,-2.5782651901245117,-1.626053810119629,0.9841029644012451
1773047414,467691468,world,cf231,-2.5801475048065186,-1.6233432292938232,0.9992275238037109
1773047414,467691468,world,cf231_leg,-2.5784363746643066,-1.6259148120880127,0.9843395948410034
1773047414,473600097,world,cf231,-2.580350637435913,-1.6231285333633423,0.9992903470993042
1773047414,473600097,world,cf231_leg,-2.5783886909484863,-1.6256883144378662,0.9842580556869507
1773047414,477919793,world,cf231,-2.5802581310272217,-1.622865915298462,0.9992407560348511
1773047414,477919793,world,cf231_leg,-2.578470230102539,-1.6255261898040771,0.984264612197876
1773047414,483516800,world,cf231,-2.580493211746216,-1.622712254524231,0.9993637800216675
1773047414,483516800,world,cf231_leg,-2.5784101486206055,-1.625236988067627,0.9841327667236328
1773047414,487550761,world,cf231,-2.5805301666259766,-1.6224219799041748,0.9992853403091431
1773047414,487550761,world,cf231_leg,-2.5784363746643066,-1.6250386238098145,0.9842482805252075
1773047414,492623865,world,cf231,-2.580509662628174,-1.6221129894256592,0.9993207454681396
1773047414,492623865,world,cf231_leg,-2.578493356704712,-1.6248589754104614,0.9842846393585205
1773047414,497848411,world,cf231,-2.580512046813965,-1.6218706369400024,0.9993281364440918
1773047414,497848411,world,cf231_leg,-2.5784456729888916,-1.624564290046692,0.9842102527618408
1773047414,502565707,world,cf231,-2.5805811882019043,-1.6216416358947754,0.9993088245391846
1773047414,502565707,world,cf231_leg,-2.5785157680511475,-1.6244983673095703,0.9842888116836548
1773047414,508503582,world,cf231,-2.5806057453155518,-1.6214685440063477,0.9993058443069458
1773047414,508503582,world,cf231_leg,-2.5786595344543457,-1.624346137046814,0.984278678894043
1773047414,513165734,world,cf231,-2.5805704593658447,-1.6211715936660767,0.9991356134414673
1773047414,513165734,world,cf231_leg,-2.5786476135253906,-1.6242311000823975,0.9842183589935303
1773047414,517728666,world,cf231,-2.5805985927581787,-1.6209189891815186,0.9992625713348389
1773047414,517728666,world,cf231_leg,-2.578768491744995,-1.6240125894546509,0.9842385053634644
1773047414,522738366,world,cf231,-2.5806808471679688,-1.6207619905471802,0.9991273880004883
1773047414,522738366,world,cf231_leg,-2.5787875652313232,-1.624009132385254,0.9842437505722046
1773047414,527779519,world,cf231,-2.5807271003723145,-1.620583415031433,0.9991052150726318
1773047414,527779519,world,cf231_leg,-2.5789220333099365,-1.6236475706100464,0.984317421913147
1773047414,532785584,world,cf231,-2.5806939601898193,-1.6203505992889404,0.9990750551223755
1773047414,532785584,world,cf231_leg,-2.579054832458496,-1.6236603260040283,0.9843704700469971
1773047414,537690115,world,cf231,-2.58075213432312,-1.6201661825180054,0.9991151094436646
1773047414,537690115,world,cf231_leg,-2.579045295715332,-1.6233105659484863,0.9843283891677856
1773047414,542705211,world,cf231,-2.5807607173919678,-1.6199952363967896,0.9990617036819458
1773047414,542705211,world,cf231_leg,-2.5790984630584717,-1.6231580972671509,0.9842464923858643
1773047414,547608616,world,cf231,-2.580775260925293,-1.619755744934082,0.9989794492721558
1773047414,547608616,world,cf231_leg,-2.579047441482544,-1.623077630996704,0.9840328693389893
1773047414,553569592,world,cf231,-2.5808846950531006,-1.6196610927581787,0.9989534616470337
1773047414,553569592,world,cf231_leg,-2.5792577266693115,-1.622840166091919,0.9841307401657104
1773047414,557643262,world,cf231,-2.581083059310913,-1.6194227933883667,0.9990464448928833
1773047414,557643262,world,cf231_leg,-2.579263687133789,-1.6227227449417114,0.9840946197509766
1773047414,562798013,world,cf231,-2.581010341644287,-1.6192758083343506,0.9988330602645874
1773047414,562798013,world,cf231_leg,-2.57930064201355,-1.6224819421768188,0.9838361740112305
1773047414,567696943,world,cf231,-2.5810670852661133,-1.6189504861831665,0.9989074468612671
1773047414,567696943,world,cf231_leg,-2.579310178756714,-1.6223154067993164,0.9837785959243774
1773047414,574102762,world,cf231,-2.5811312198638916,-1.6189109086990356,0.9989008903503418
1773047414,574102762,world,cf231_leg,-2.5792829990386963,-1.6221368312835693,0.9836926460266113
1773047414,578615351,world,cf231,-2.58113431930542,-1.6186286211013794,0.9987630844116211
1773047414,578615351,world,cf231_leg,-2.5795092582702637,-1.6220602989196777,0.9836609363555908
1773047414,582694673,world,cf231,-2.5810399055480957,-1.6184347867965698,0.9987140893936157
1773047414,582694673,world,cf231_leg,-2.579416036605835,-1.621659278869629,0.9834861755371094
1773047414,589981139,world,cf231,-2.581160306930542,-1.6182920932769775,0.998612642288208
1773047414,589981139,world,cf231_leg,-2.5794992446899414,-1.6217360496520996,0.9834606647491455
1773047414,592657771,world,cf231,-2.5812461376190186,-1.618277668952942,0.9984375238418579
1773047414,592657771,world,cf231_leg,-2.5795741081237793,-1.6214327812194824,0.9835208654403687
1773047414,597651984,world,cf231,-2.58121919631958,-1.618094563484192,0.998343825340271
1773047414,597651984,world,cf231_leg,-2.579688787460327,-1.62147855758667,0.9834198951721191
1773047414,603527873,world,cf231,-2.5811452865600586,-1.6177570819854736,0.998173713684082
1773047414,603527873,world,cf231_leg,-2.579789876937866,-1.6212712526321411,0.9832782745361328
1773047414,607623689,world,cf231,-2.5811517238616943,-1.6176363229751587,0.9981353282928467
1773047414,607623689,world,cf231_leg,-2.579744577407837,-1.62116539478302,0.9831763505935669
1773047414,612780717,world,cf231,-2.5811636447906494,-1.6174685955047607,0.9980721473693848
1773047414,612780717,world,cf231_leg,-2.5797460079193115,-1.620977520942688,0.983177661895752
1773047414,617542632,world,cf231,-2.5811448097229004,-1.6172376871109009,0.9979283809661865
1773047414,617542632,world,cf231_leg,-2.579965591430664,-1.6209492683410645,0.9831925630569458
1773047414,622449892,world,cf231,-2.58125901222229,-1.617256760597229,0.99800705909729
1773047414,622449892,world,cf231_leg,-2.5799505710601807,-1.6208620071411133,0.9830121994018555
1773047414,627622770,world,cf231,-2.581378221511841,-1.6171622276306152,0.9978998899459839
1773047414,627622770,world,cf231_leg,-2.5800940990448,-1.6206313371658325,0.9828543663024902
1773047414,632563973,world,cf231,-2.5812911987304688,-1.6169912815093994,0.9977967739105225
1773047414,632563973,world,cf231_leg,-2.5800259113311768,-1.620604157447815,0.9826080799102783
1773047414,637802200,world,cf231,-2.5813052654266357,-1.6168224811553955,0.9977097511291504
1773047414,637802200,world,cf231_leg,-2.5802462100982666,-1.620490550994873,0.9826291799545288
1773047414,642601743,world,cf231,-2.5813469886779785,-1.6167224645614624,0.9975610971450806
1773047414,642601743,world,cf231_leg,-2.5804083347320557,-1.620470404624939,0.9826139211654663
1773047414,647644175,world,cf231,-2.581435203552246,-1.6165591478347778,0.9975427389144897
1773047414,647644175,world,cf231_leg,-2.580427646636963,-1.620187759399414,0.9824926853179932
1773047414,653489583,world,cf231,-2.5815203189849854,-1.616516351699829,0.9975368976593018
1773047414,653489583,world,cf231_leg,-2.5804877281188965,-1.6201554536819458,0.9823461771011353
1773047414,657746121,world,cf231,-2.5814247131347656,-1.6163519620895386,0.9973428249359131
1773047414,657746121,world,cf231_leg,-2.580599784851074,-1.6199939250946045,0.9822766780853271
1773047414,662655049,world,cf231,-2.5815529823303223,-1.6163724660873413,0.9973089694976807
1773047414,662655049,world,cf231_leg,-2.5806541442871094,-1.6199367046356201,0.9820243120193481
1773047414,667971276,world,cf231,-2.581442356109619,-1.6161836385726929,0.9972271919250488
1773047414,667971276,world,cf231_leg,-2.5807437896728516,-1.6198458671569824,0.9819678068161011
1773047414,673449424,world,cf231,-2.581547737121582,-1.616087794303894,0.9972323179244995
1773047414,673449424,world,cf231_leg,-2.5808236598968506,-1.6197004318237305,0.9816793203353882
1773047414,678451355,world,cf231,-2.5815861225128174,-1.6159873008728027,0.9971115589141846
1773047414,678451355,world,cf231_leg,-2.5809030532836914,-1.6195275783538818,0.981853723526001
1773047414,683516970,world,cf231,-2.5816338062286377,-1.6160019636154175,0.9970639944076538
1773047414,683516970,world,cf231_leg,-2.581026554107666,-1.61955726146698,0.9816794395446777
1773047414,687786516,world,cf231,-2.5817513465881348,-1.615950107574463,0.99712073802948
1773047414,687786516,world,cf231_leg,-2.58115553855896,-1.619248867034912,0.9814984798431396
1773047414,693544437,world,cf231,-2.5817246437072754,-1.6157286167144775,0.9966973066329956
1773047414,693544437,world,cf231_leg,-2.5812370777130127,-1.619323968887329,0.9814786911010742
1773047414,698255059,world,cf231,-2.5818569660186768,-1.615700602531433,0.9966434240341187
1773047414,698255059,world,cf231_leg,-2.5813164710998535,-1.6191197633743286,0.9813560247421265
1773047414,703722001,world,cf231,-2.581963539123535,-1.6154903173446655,0.9964922666549683
1773047414,703722001,world,cf231_leg,-2.5814313888549805,-1.6190506219863892,0.9814099073410034
1773047414,707849458,world,cf231,-2.58206844329834,-1.6153937578201294,0.9964994192123413
1773047414,707849458,world,cf231_leg,-2.5815699100494385,-1.6189920902252197,0.9812813997268677
1773047414,713670803,world,cf231,-2.582099676132202,-1.6153419017791748,0.9964258670806885
1773047414,713670803,world,cf231_leg,-2.5815703868865967,-1.618831753730774,0.9811403751373291
1773047414,718070618,world,cf231,-2.5822815895080566,-1.6152507066726685,0.9964758157730103
1773047414,718070618,world,cf231_leg,-2.5816287994384766,-1.61872136592865,0.9811662435531616
1773047414,723541678,world,cf231,-2.582489490509033,-1.6151609420776367,0.9963059425354004
1773047414,723541678,world,cf231_leg,-2.5818727016448975,-1.6186420917510986,0.98116135597229
1773047414,727783103,world,cf231,-2.582709550857544,-1.6151337623596191,0.9963798522949219
1773047414,727783103,world,cf231_leg,-2.5817761421203613,-1.6185015439987183,0.9811394214630127
1773047414,733559908,world,cf231,-2.582660675048828,-1.6149557828903198,0.9963061809539795
1773047414,733559908,world,cf231_leg,-2.5819435119628906,-1.6184841394424438,0.981092095375061
1773047414,737621602,world,cf231,-2.5828373432159424,-1.6148712635040283,0.9962375164031982
1773047414,737621602,world,cf231_leg,-2.5819573402404785,-1.6183876991271973,0.9809982776641846
1773047414,742806155,world,cf231,-2.5830259323120117,-1.6149013042449951,0.9962165355682373
1773047414,742806155,world,cf231_leg,-2.5821375846862793,-1.618347406387329,0.9810085296630859
1773047414,747663738,world,cf231,-2.5831215381622314,-1.6149314641952515,0.996118426322937
1773047414,747663738,world,cf231_leg,-2.5823898315429688,-1.6182146072387695,0.9812366962432861
1773047414,752671056,world,cf231,-2.5831897258758545,-1.6147006750106812,0.9961047172546387
1773047414,752671056,world,cf231_leg,-2.5823607444763184,-1.618148684501648,0.9810035228729248
1773047414,758583242,world,cf231,-2.5833656787872314,-1.6147364377975464,0.9960217475891113
1773047414,758583242,world,cf231_leg,-2.5825302600860596,-1.6180627346038818,0.9809414148330688
1773047414,762720180,world,cf231,-2.583482265472412,-1.6146422624588013,0.995941162109375
1773047414,762720180,world,cf231_leg,-2.582658052444458,-1.6180332899093628,0.9808884859085083
1773047414,768703800,world,cf231,-2.5836338996887207,-1.614653468132019,0.9960521459579468
1773047414,768703800,world,cf231_leg,-2.582852363586426,-1.617960810661316,0.9810962677001953
1773047414,772952514,world,cf231,-2.5838236808776855,-1.614564061164856,0.9960426092147827
1773047414,772952514,world,cf231_leg,-2.5831868648529053,-1.6179217100143433,0.981300950050354
1773047414,777928095,world,cf231,-2.5840468406677246,-1.614658236503601,0.9960722923278809
1773047414,777928095,world,cf231_leg,-2.5831332206726074,-1.6179198026657104,0.9809596538543701
1773047414,783538252,world,cf231,-2.584047555923462,-1.614493727684021,0.9959274530410767
1773047414,783538252,world,cf231_leg,-2.583437919616699,-1.6178911924362183,0.9810959100723267
1773047414,787774349,world,cf231,-2.584200859069824,-1.61451256275177,0.9958629608154297
1773047414,787774349,world,cf231_leg,-2.5835611820220947,-1.6179099082946777,0.981067419052124
1773047414,793531487,world,cf231,-2.5843005180358887,-1.6145347356796265,0.9958877563476562
1773047414,793531487,world,cf231_leg,-2.5837228298187256,-1.6178233623504639,0.9810763597488403
1773047414,797856591,world,cf231,-2.584367275238037,-1.6144236326217651,0.9958621263504028
1773047414,797856591,world,cf231_leg,-2.5839202404022217,-1.617751955986023,0.9812575578689575
1773047414,803534679,world,cf231,-2.584533452987671,-1.6143873929977417,0.9958682060241699
1773047414,803534679,world,cf231_leg,-2.5839951038360596,-1.617692232131958,0.9810076951980591
1773047414,807733048,world,cf231,-2.5847480297088623,-1.6144793033599854,0.9959590435028076
1773047414,807733048,world,cf231_leg,-2.584277629852295,-1.6177853345870972,0.981149435043335
1773047414,812870856,world,cf231,-2.5849640369415283,-1.6144568920135498,0.9958930015563965
1773047414,812870856,world,cf231_leg,-2.584470748901367,-1.6176899671554565,0.9812220335006714
1773047414,817832324,world,cf231,-2.585265874862671,-1.6144068241119385,0.9961251020431519
1773047414,817832324,world,cf231_leg,-2.58461856842041,-1.6176799535751343,0.9813096523284912
1773047414,822859377,world,cf231,-2.5854547023773193,-1.6144373416900635,0.9961024522781372
1773047414,822859377,world,cf231_leg,-2.584721326828003,-1.6175845861434937,0.9813086986541748
1773047414,827747554,world,cf231,-2.5856480598449707,-1.6144607067108154,0.9962005615234375
1773047414,827747554,world,cf231_leg,-2.5848488807678223,-1.6175568103790283,0.98127281665802
1773047414,832889455,world,cf231,-2.5858402252197266,-1.6143708229064941,0.9961658716201782
1773047414,832889455,world,cf231_leg,-2.5850486755371094,-1.6175320148468018,0.9812840223312378
1773047414,837782853,world,cf231,-2.5860817432403564,-1.6144095659255981,0.9962142705917358
1773047414,837782853,world,cf231_leg,-2.585170030593872,-1.6174827814102173,0.9812843799591064
1773047414,843587599,world,cf231,-2.5863289833068848,-1.6144510507583618,0.99622642993927
1773047414,843587599,world,cf231_leg,-2.58528208732605,-1.6174315214157104,0.9813605546951294
1773047414,847851890,world,cf231,-2.5865554809570312,-1.6144245862960815,0.9962449073791504
1773047414,847851890,world,cf231_leg,-2.585419178009033,-1.6173958778381348,0.981391429901123
1773047414,852891771,world,cf231,-2.5867557525634766,-1.61452317237854,0.9962970018386841
1773047414,852891771,world,cf231_leg,-2.5855820178985596,-1.6173584461212158,0.9813752174377441
1773047414,858569452,world,cf231,-2.5869545936584473,-1.6144553422927856,0.9962114095687866
1773047414,858569452,world,cf231_leg,-2.585798740386963,-1.6173303127288818,0.9814146757125854
1773047414,862845862,world,cf231,-2.587078809738159,-1.6144037246704102,0.9962139129638672
1773047414,862845862,world,cf231_leg,-2.5858607292175293,-1.6172209978103638,0.981413722038269
1773047414,868506131,world,cf231,-2.587599754333496,-1.6146396398544312,0.9964802265167236
1773047414,868506131,world,cf231_leg,-2.5859997272491455,-1.6171166896820068,0.9814307689666748
1773047414,873066350,world,cf231,-2.5877044200897217,-1.6145731210708618,0.9963407516479492
1773047414,873066350,world,cf231_leg,-2.5862009525299072,-1.617322325706482,0.9815683364868164
1773047414,879746069,world,cf231,-2.5879180431365967,-1.6145216226577759,0.9964468479156494
1773047414,879746069,world,cf231_leg,-2.586580991744995,-1.6172573566436768,0.9815897941589355
1773047414,882997766,world,cf231,-2.588059663772583,-1.6146092414855957,0.9964638948440552
1773047414,882997766,world,cf231_leg,-2.5864903926849365,-1.617138147354126,0.9815322160720825
1773047414,887789547,world,cf231,-2.588345766067505,-1.6146414279937744,0.9964859485626221
1773047414,887789547,world,cf231_leg,-2.5867269039154053,-1.6170387268066406,0.9815826416015625
1773047414,892739703,world,cf231,-2.5886213779449463,-1.6147441864013672,0.9965847730636597
1773047414,892739703,world,cf231_leg,-2.5869154930114746,-1.6171283721923828,0.9816629886627197
1773047414,897826262,world,cf231,-2.5888590812683105,-1.614782452583313,0.9966608285903931
1773047414,897826262,world,cf231_leg,-2.587155342102051,-1.6171666383743286,0.9816715717315674
1773047414,903638696,world,cf231,-2.589097499847412,-1.6147003173828125,0.9967523813247681
1773047414,903638696,world,cf231_leg,-2.587256669998169,-1.6170011758804321,0.9816842079162598
1773047414,907766818,world,cf231,-2.5893144607543945,-1.6148415803909302,0.996806263923645
1773047414,907766818,world,cf231_leg,-2.5875213146209717,-1.61714768409729,0.9817928075790405
1773047414,913710738,world,cf231,-2.5895683765411377,-1.614833950996399,0.9967734813690186
1773047414,913710738,world,cf231_leg,-2.5876684188842773,-1.6170384883880615,0.981911301612854
1773047414,917924908,world,cf231,-2.5899229049682617,-1.6149406433105469,0.9968918561935425
1773047414,917924908,world,cf231_leg,-2.5878005027770996,-1.6170108318328857,0.9818296432495117
1773047414,922941042,world,cf231,-2.590141773223877,-1.6149132251739502,0.996967077255249
1773047414,922941042,world,cf231_leg,-2.588042974472046,-1.617040991783142,0.9819740056991577
1773047414,927730219,world,cf231,-2.5903000831604004,-1.6149965524673462,0.9970146417617798
1773047414,927730219,world,cf231_leg,-2.588226795196533,-1.6170023679733276,0.9819555282592773
1773047414,933050738,world,cf231,-2.5906496047973633,-1.615110158920288,0.9970139265060425
1773047414,933050738,world,cf231_leg,-2.5884151458740234,-1.616929531097412,0.9822105169296265
1773047414,937870990,world,cf231,-2.590810775756836,-1.6150723695755005,0.9970520734786987
1773047414,937870990,world,cf231_leg,-2.5885205268859863,-1.6170213222503662,0.9821645021438599
1773047414,942726259,world,cf231,-2.5912423133850098,-1.6151577234268188,0.9973769187927246
1773047414,942726259,world,cf231_leg,-2.588648557662964,-1.6168049573898315,0.9821338653564453
1773047414,947750302,world,cf231,-2.591407299041748,-1.615120530128479,0.9973865747451782
1773047414,947750302,world,cf231_leg,-2.5887949466705322,-1.6169325113296509,0.982225775718689
1773047414,953642962,world,cf231,-2.5916645526885986,-1.615275502204895,0.9974488019943237
1773047414,953642962,world,cf231_leg,-2.5889832973480225,-1.6168596744537354,0.9824804067611694
1773047414,957709982,world,cf231,-2.591883659362793,-1.6153693199157715,0.9975062608718872
1773047414,957709982,world,cf231_leg,-2.5892128944396973,-1.6168525218963623,0.9824166297912598
1773047414,963665836,world,cf231,-2.592024803161621,-1.6152644157409668,0.9975476264953613
1773047414,963665836,world,cf231_leg,-2.589447021484375,-1.6169804334640503,0.9826033115386963
1773047414,967766065,world,cf231,-2.592275619506836,-1.6153477430343628,0.9976714849472046
1773047414,967766065,world,cf231_leg,-2.5895583629608154,-1.6167675256729126,0.9825446605682373
1773047414,973550274,world,cf231,-2.592550754547119,-1.6155710220336914,0.9977535009384155
1773047414,973550274,world,cf231_leg,-2.5897278785705566,-1.6169359683990479,0.9827635288238525
1773047414,977758632,world,cf231,-2.5926198959350586,-1.6154625415802002,0.9977203607559204
1773047414,977758632,world,cf231_leg,-2.590008497238159,-1.6168667078018188,0.9827725887298584
1773047414,982828203,world,cf231,-2.5929272174835205,-1.6156049966812134,0.9978734254837036
1773047414,982828203,world,cf231_leg,-2.590106964111328,-1.6168197393417358,0.9827951192855835
1773047414,987845509,world,cf231,-2.59310245513916,-1.6156318187713623,0.9979426860809326
1773047414,987845509,world,cf231_leg,-2.5902669429779053,-1.6167824268341064,0.9828022718429565
1773047414,992873094,world,cf231,-2.5932512283325195,-1.615599274635315,0.9979206323623657
1773047414,992873094,world,cf231_leg,-2.5905072689056396,-1.6167670488357544,0.9831124544143677
1773047414,997817898,world,cf231,-2.593695640563965,-1.6158281564712524,0.998120903968811
1773047414,997817898,world,cf231_leg,-2.590682029724121,-1.6168209314346313,0.9830021858215332
1773047415,3541094,world,cf231,-2.5937857627868652,-1.6157846450805664,0.9980636835098267
1773047415,3541094,world,cf231_leg,-2.590831756591797,-1.616830825805664,0.9830821752548218
1773047415,7809926,world,cf231,-2.594090461730957,-1.6158782243728638,0.9982514381408691
1773047415,7809926,world,cf231_leg,-2.5909922122955322,-1.6167434453964233,0.9830949306488037
1773047415,12807855,world,cf231,-2.5941779613494873,-1.6157139539718628,0.998238205909729
1773047415,12807855,world,cf231_leg,-2.591064929962158,-1.61677086353302,0.983293890953064
1773047415,17772531,world,cf231,-2.5944693088531494,-1.615932583808899,0.9983513355255127
1773047415,17772531,world,cf231_leg,-2.591325044631958,-1.6168251037597656,0.9833017587661743
1773047415,22847842,world,cf231,-2.594815969467163,-1.6160882711410522,0.9985146522521973
1773047415,22847842,world,cf231_leg,-2.5915675163269043,-1.616744875907898,0.9833011627197266
1773047415,27779072,world,cf231,-2.595052719116211,-1.616013526916504,0.9984581470489502
1773047415,27779072,world,cf231_leg,-2.591517925262451,-1.6167298555374146,0.9833739995956421
1773047415,33688876,world,cf231,-2.595247268676758,-1.6160387992858887,0.9985495805740356
1773047415,33688876,world,cf231_leg,-2.591881036758423,-1.6167107820510864,0.9835188388824463
1773047415,37903374,world,cf231,-2.5953502655029297,-1.615990400314331,0.9985524415969849
1773047415,37903374,world,cf231_leg,-2.5919628143310547,-1.6167864799499512,0.9834966659545898
1773047415,42995093,world,cf231,-2.595564603805542,-1.616011619567871,0.99864661693573
1773047415,42995093,world,cf231_leg,-2.5921335220336914,-1.6167950630187988,0.9835748672485352
1773047415,48650079,world,cf231,-2.5957465171813965,-1.6160417795181274,0.9986785650253296
1773047415,48650079,world,cf231_leg,-2.592296600341797,-1.6166638135910034,0.9837249517440796
1773047415,52746755,world,cf231,-2.595964193344116,-1.616063117980957,0.9987459182739258
1773047415,52746755,world,cf231_leg,-2.592296600341797,-1.6166391372680664,0.9835731983184814
1773047415,57689014,world,cf231,-2.5961501598358154,-1.6160447597503662,0.9987579584121704
1773047415,57689014,world,cf231_leg,-2.5925681591033936,-1.6167117357254028,0.9837931394577026
1773047415,62887278,world,cf231,-2.596402168273926,-1.616129755973816,0.9988764524459839
1773047415,62887278,world,cf231_leg,-2.59263277053833,-1.6166032552719116,0.9837682247161865
1773047415,67872532,world,cf231,-2.596482276916504,-1.6161352396011353,0.9988914728164673
1773047415,67872532,world,cf231_leg,-2.5926530361175537,-1.6165324449539185,0.9837779998779297
1773047415,72768235,world,cf231,-2.5965793132781982,-1.6160874366760254,0.9989461898803711
1773047415,72768235,world,cf231_leg,-2.5928092002868652,-1.6165622472763062,0.9838041067123413
1773047415,77742829,world,cf231,-2.596766948699951,-1.616117238998413,0.9989255666732788
1773047415,77742829,world,cf231_leg,-2.593024492263794,-1.6166013479232788,0.9838393926620483
1773047415,82813196,world,cf231,-2.5968616008758545,-1.616070032119751,0.9990048408508301
1773047415,82813196,world,cf231_leg,-2.592993974685669,-1.6165142059326172,0.9839262962341309
1773047415,88772307,world,cf231,-2.597034454345703,-1.6161472797393799,0.9990876913070679
1773047415,88772307,world,cf231_leg,-2.593200445175171,-1.616440773010254,0.9838931560516357
1773047415,92915663,world,cf231,-2.597106695175171,-1.615989089012146,0.9990390539169312
1773047415,92915663,world,cf231_leg,-2.593177318572998,-1.6164931058883667,0.9839088916778564
1773047415,98645654,world,cf231,-2.5972933769226074,-1.616067886352539,0.9990098476409912
1773047415,98645654,world,cf231_leg,-2.593416452407837,-1.6164120435714722,0.9839345216751099
1773047415,102707424,world,cf231,-2.597403049468994,-1.6160145998001099,0.9991254806518555
1773047415,102707424,world,cf231_leg,-2.5934762954711914,-1.61639404296875,0.9840846061706543
1773047415,107758950,world,cf231,-2.5974814891815186,-1.6159719228744507,0.9991737604141235
1773047415,107758950,world,cf231_leg,-2.5935370922088623,-1.6163121461868286,0.9839433431625366
1773047415,112646552,world,cf231,-2.5977251529693604,-1.6159393787384033,0.9992012977600098
1773047415,112646552,world,cf231_leg,-2.593785285949707,-1.6164627075195312,0.9840207099914551
1773047415,117849828,world,cf231,-2.59780216217041,-1.615895390510559,0.9992533922195435
1773047415,117849828,world,cf231_leg,-2.5937390327453613,-1.6163119077682495,0.9840843677520752
1773047415,122957207,world,cf231,-2.5979034900665283,-1.6158486604690552,0.9992779493331909
1773047415,122957207,world,cf231_leg,-2.5938689708709717,-1.6161811351776123,0.9840248823165894
1773047415,127800323,world,cf231,-2.59804105758667,-1.6158641576766968,0.9993305206298828
1773047415,127800323,world,cf231_leg,-2.5939316749572754,-1.6161916255950928,0.9840062856674194
1773047415,133078929,world,cf231,-2.598209857940674,-1.6157785654067993,0.9993205070495605
1773047415,133078929,world,cf231_leg,-2.5940263271331787,-1.6161435842514038,0.9840561151504517
1773047415,137934277,world,cf231,-2.598219633102417,-1.6156580448150635,0.9992561340332031
1773047415,137934277,world,cf231_leg,-2.594038963317871,-1.6162574291229248,0.9840966463088989
1773047415,143745626,world,cf231,-2.598386764526367,-1.6157357692718506,0.9993916749954224
1773047415,143745626,world,cf231_leg,-2.5941972732543945,-1.616059422492981,0.9839892387390137
1773047415,147870915,world,cf231,-2.598470687866211,-1.6156212091445923,0.9993950128555298
1773047415,147870915,world,cf231_leg,-2.5942392349243164,-1.615952968597412,0.9839868545532227
1773047415,152699138,world,cf231,-2.5986289978027344,-1.6157050132751465,0.9994406700134277
1773047415,152699138,world,cf231_leg,-2.594269037246704,-1.6159954071044922,0.9840621948242188
1773047415,158045678,world,cf231,-2.5986030101776123,-1.6155937910079956,0.999340295791626
1773047415,158045678,world,cf231_leg,-2.594519853591919,-1.6160959005355835,0.9841228723526001
1773047415,163789514,world,cf231,-2.5986852645874023,-1.6154307126998901,0.9993776082992554
1773047415,163789514,world,cf231_leg,-2.594489336013794,-1.6159158945083618,0.9840664863586426
1773047415,168220554,world,cf231,-2.5988543033599854,-1.6155571937561035,0.9994778633117676
1773047415,168220554,world,cf231_leg,-2.594489097595215,-1.6157968044281006,0.9840825796127319
1773047415,173707843,world,cf231,-2.5988059043884277,-1.615378975868225,0.9994075298309326
1773047415,173707843,world,cf231_leg,-2.5944578647613525,-1.6157374382019043,0.9840278625488281
1773047415,177869100,world,cf231,-2.598903179168701,-1.6153312921524048,0.9994618892669678
1773047415,177869100,world,cf231_leg,-2.594677448272705,-1.6157782077789307,0.9840342998504639
1773047415,183762818,world,cf231,-2.598870277404785,-1.6151480674743652,0.9994245767593384
1773047415,183762818,world,cf231_leg,-2.594776153564453,-1.6158504486083984,0.9840401411056519
1773047415,187712034,world,cf231,-2.5989437103271484,-1.615081548690796,0.9995025396347046
1773047415,187712034,world,cf231_leg,-2.594841718673706,-1.615595817565918,0.9841718673706055
1773047415,193759904,world,cf231,-2.5990185737609863,-1.6150439977645874,0.9994106292724609
1773047415,193759904,world,cf231_leg,-2.594745635986328,-1.6155515909194946,0.9839993715286255
1773047415,198081531,world,cf231,-2.599019765853882,-1.6149240732192993,0.999424934387207
1773047415,198081531,world,cf231_leg,-2.5948047637939453,-1.6155612468719482,0.9840068817138672
1773047415,202823748,world,cf231,-2.5990772247314453,-1.6149342060089111,0.9994624853134155
1773047415,202823748,world,cf231_leg,-2.594965934753418,-1.6154744625091553,0.9840184450149536
1773047415,208725557,world,cf231,-2.599104642868042,-1.6148818731307983,0.9994183778762817
1773047415,208725557,world,cf231_leg,-2.5949313640594482,-1.6155047416687012,0.9841179847717285
1773047415,212715349,world,cf231,-2.599182605743408,-1.61476731300354,0.9994752407073975
1773047415,212715349,world,cf231_leg,-2.5950679779052734,-1.615400791168213,0.9841573238372803
1773047415,218604797,world,cf231,-2.5991458892822266,-1.6147043704986572,0.9994491338729858
1773047415,218604797,world,cf231_leg,-2.5949747562408447,-1.6153571605682373,0.9839599132537842
1773047415,223114598,world,cf231,-2.5990099906921387,-1.6144977807998657,0.9994170665740967
1773047415,223114598,world,cf231_leg,-2.5951175689697266,-1.6152712106704712,0.984258770942688
1773047415,227937128,world,cf231,-2.599114418029785,-1.6144508123397827,0.999415397644043
1773047415,227937128,world,cf231_leg,-2.595146656036377,-1.615288257598877,0.9841854572296143
1773047415,233035638,world,cf231,-2.599093437194824,-1.6143826246261597,0.9994226694107056
1773047415,233035638,world,cf231_leg,-2.5951168537139893,-1.6152278184890747,0.9841110706329346
1773047415,237879819,world,cf231,-2.5990793704986572,-1.614197015762329,0.999409556388855
1773047415,237879819,world,cf231_leg,-2.595082998275757,-1.6151176691055298,0.9840869903564453
1773047415,242894142,world,cf231,-2.5990970134735107,-1.614072561264038,0.9994556903839111
1773047415,242894142,world,cf231_leg,-2.595243453979492,-1.6149864196777344,0.9842606782913208
1773047415,248080896,world,cf231,-2.599008321762085,-1.6139520406723022,0.9993686676025391
1773047415,248080896,world,cf231_leg,-2.59515643119812,-1.6150529384613037,0.9841396808624268
1773047415,253655460,world,cf231,-2.5989527702331543,-1.6138226985931396,0.9993435144424438
1773047415,253655460,world,cf231_leg,-2.5952136516571045,-1.6150627136230469,0.984169602394104
1773047415,257880458,world,cf231,-2.598900079727173,-1.613693356513977,0.9992918968200684
1773047415,257880458,world,cf231_leg,-2.595299243927002,-1.6149019002914429,0.9841517210006714
1773047415,262946419,world,cf231,-2.5988736152648926,-1.6136256456375122,0.9993511438369751
1773047415,262946419,world,cf231_leg,-2.5951476097106934,-1.6147958040237427,0.9842462539672852
1773047415,268661906,world,cf231,-2.5988800525665283,-1.6135047674179077,0.9993149042129517
1773047415,268661906,world,cf231_leg,-2.5952415466308594,-1.6146563291549683,0.9841697216033936
1773047415,272933735,world,cf231,-2.5987768173217773,-1.6134318113327026,0.9993314743041992
1773047415,272933735,world,cf231_leg,-2.5951430797576904,-1.6146345138549805,0.9841564893722534
1773047415,277892555,world,cf231,-2.598689317703247,-1.6132107973098755,0.9993957281112671
1773047415,277892555,world,cf231_leg,-2.5951528549194336,-1.6145604848861694,0.984246015548706
1773047415,283098160,world,cf231,-2.5985281467437744,-1.6130361557006836,0.9992471933364868
1773047415,283098160,world,cf231_leg,-2.5952327251434326,-1.6145154237747192,0.9842462539672852
1773047415,288882673,world,cf231,-2.598604202270508,-1.6129426956176758,0.9994629621505737
1773047415,288882673,world,cf231_leg,-2.5950918197631836,-1.61443030834198,0.9842603206634521
1773047415,293019058,world,cf231,-2.5985119342803955,-1.6128628253936768,0.9995447397232056
1773047415,293019058,world,cf231_leg,-2.595092535018921,-1.6143121719360352,0.9842734336853027
1773047415,298718438,world,cf231,-2.5983593463897705,-1.612660527229309,0.9994819164276123
1773047415,298718438,world,cf231_leg,-2.5951926708221436,-1.614289402961731,0.9844264984130859
1773047415,302848546,world,cf231,-2.5982658863067627,-1.6125166416168213,0.9994237422943115
1773047415,302848546,world,cf231_leg,-2.5951523780822754,-1.6141349077224731,0.9843039512634277
1773047415,308172637,world,cf231,-2.598264455795288,-1.6125595569610596,0.9995852708816528
1773047415,308172637,world,cf231_leg,-2.5951056480407715,-1.614120364189148,0.9843523502349854
1773047415,312956289,world,cf231,-2.59808611869812,-1.6121745109558105,0.9994293451309204
1773047415,312956289,world,cf231_leg,-2.5951247215270996,-1.614116907119751,0.9843573570251465
1773047415,317845959,world,cf231,-2.597905158996582,-1.612136721611023,0.9995455741882324
1773047415,317845959,world,cf231_leg,-2.5950679779052734,-1.613963007926941,0.9845006465911865
1773047415,323868255,world,cf231,-2.5978269577026367,-1.6119400262832642,0.9995512962341309
1773047415,323868255,world,cf231_leg,-2.595085620880127,-1.6138670444488525,0.984383225440979
1773047415,327910663,world,cf231,-2.597851037979126,-1.6119786500930786,0.9996634721755981
1773047415,327910663,world,cf231_leg,-2.594956159591675,-1.6137759685516357,0.9844568967819214
1773047415,333800087,world,cf231,-2.59759521484375,-1.6117000579833984,0.9996001720428467
1773047415,333800087,world,cf231_leg,-2.5950677394866943,-1.6138436794281006,0.9845175743103027
1773047415,337916561,world,cf231,-2.5975115299224854,-1.6115511655807495,0.999627947807312
1773047415,337916561,world,cf231_leg,-2.595104217529297,-1.6137434244155884,0.9847161769866943
1773047415,343394366,world,cf231,-2.5975732803344727,-1.611603856086731,0.999774694442749
1773047415,343394366,world,cf231_leg,-2.594886064529419,-1.6135071516036987,0.9845622777938843
1773047415,348150503,world,cf231,-2.597423791885376,-1.6114013195037842,0.999685525894165
1773047415,348150503,world,cf231_leg,-2.594914436340332,-1.6134977340698242,0.9846503734588623
1773047415,353157583,world,cf231,-2.597341537475586,-1.6113667488098145,0.999841570854187
1773047415,353157583,world,cf231_leg,-2.5949325561523438,-1.6134958267211914,0.9846736192703247
1773047415,358150292,world,cf231,-2.5971438884735107,-1.6110990047454834,0.9998130798339844
1773047415,358150292,world,cf231_leg,-2.594998598098755,-1.6134032011032104,0.9849388599395752
1773047415,363057290,world,cf231,-2.597079038619995,-1.6110166311264038,0.9998394250869751
1773047415,363057290,world,cf231_leg,-2.59480881690979,-1.6132864952087402,0.9847147464752197
1773047415,368666895,world,cf231,-2.5968058109283447,-1.6107145547866821,0.9999120235443115
1773047415,368666895,world,cf231_leg,-2.5947818756103516,-1.6131680011749268,0.9847813844680786
1773047415,372948492,world,cf231,-2.5967540740966797,-1.6106986999511719,0.9999902248382568
1773047415,372948492,world,cf231_leg,-2.594789743423462,-1.6132135391235352,0.9848761558532715
1773047415,377921896,world,cf231,-2.596740245819092,-1.6106311082839966,0.9999414682388306
1773047415,377921896,world,cf231_leg,-2.5947728157043457,-1.613044023513794,0.9851676225662231
1773047415,384782210,world,cf231,-2.5965070724487305,-1.6105332374572754,1.000182867050171
1773047415,384782210,world,cf231_leg,-2.594743251800537,-1.6130017042160034,0.9850912094116211
1773047415,388007067,world,cf231,-2.5964763164520264,-1.6103464365005493,1.0003077983856201
1773047415,388007067,world,cf231_leg,-2.5946571826934814,-1.6129745244979858,0.9851356744766235
1773047415,393745979,world,cf231,-2.59639310836792,-1.6103160381317139,1.0002985000610352
1773047415,393745979,world,cf231_leg,-2.5946507453918457,-1.612854242324829,0.9852020740509033
1773047415,397950531,world,cf231,-2.59615421295166,-1.6101495027542114,1.0004136562347412
1773047415,397950531,world,cf231_leg,-2.5946438312530518,-1.6129531860351562,0.98524010181427
1773047415,402911390,world,cf231,-2.5961716175079346,-1.610145926475525,1.000442385673523
1773047415,402911390,world,cf231_leg,-2.5946450233459473,-1.6128250360488892,0.9853960275650024
1773047415,408785063,world,cf231,-2.5961601734161377,-1.6100456714630127,1.0007009506225586
1773047415,408785063,world,cf231_leg,-2.5944550037384033,-1.6126827001571655,0.9853302240371704
1773047415,413094780,world,cf231,-2.5960261821746826,-1.6100196838378906,1.0009568929672241
1773047415,413094780,world,cf231_leg,-2.594470977783203,-1.6127469539642334,0.985352635383606
1773047415,418779382,world,cf231,-2.596005916595459,-1.6099570989608765,1.0007938146591187
1773047415,418779382,world,cf231_leg,-2.5944113731384277,-1.612618088722229,0.9853614568710327
1773047415,423025236,world,cf231,-2.5958316326141357,-1.6097549200057983,1.000918984413147
1773047415,423025236,world,cf231_leg,-2.594334840774536,-1.6125351190567017,0.9854940176010132
1773047415,428790190,world,cf231,-2.595660924911499,-1.609605073928833,1.0008184909820557
1773047415,428790190,world,cf231_leg,-2.594315767288208,-1.612470269203186,0.9854966402053833
1773047415,433204951,world,cf231,-2.5956099033355713,-1.60958993434906,1.000894546508789
1773047415,433204951,world,cf231_leg,-2.5941410064697266,-1.6123913526535034,0.9854563474655151
1773047415,438055093,world,cf231,-2.5954973697662354,-1.6095222234725952,1.0008230209350586
1773047415,438055093,world,cf231_leg,-2.594320058822632,-1.6125221252441406,0.9857615232467651
1773047415,443197202,world,cf231,-2.595458984375,-1.6095073223114014,1.0007904767990112
1773047415,443197202,world,cf231_leg,-2.594099283218384,-1.6122926473617554,0.9857832193374634
1773047415,448562528,world,cf231,-2.5953867435455322,-1.6095393896102905,1.0010247230529785
1773047415,448562528,world,cf231_leg,-2.594252109527588,-1.6122711896896362,0.9855433702468872
1773047415,454901750,world,cf231,-2.5952415466308594,-1.6094095706939697,1.0008972883224487
1773047415,454901750,world,cf231_leg,-2.594116449356079,-1.612297534942627,0.9856516122817993
1773047415,458882227,world,cf231,-2.595193862915039,-1.6093946695327759,1.0009455680847168
1773047415,458882227,world,cf231_leg,-2.594031572341919,-1.6121282577514648,0.9855551719665527
1773047415,464766570,world,cf231,-2.595001220703125,-1.6092498302459717,1.0008659362792969
1773047415,464766570,world,cf231_leg,-2.5940656661987305,-1.612154245376587,0.9859035015106201
1773047415,468167501,world,cf231,-2.594804286956787,-1.6090327501296997,1.0008233785629272
1773047415,468167501,world,cf231_leg,-2.594008445739746,-1.6121121644973755,0.9855794906616211
1773047415,474007338,world,cf231,-2.5949056148529053,-1.609148383140564,1.0009706020355225
1773047415,474007338,world,cf231_leg,-2.593886375427246,-1.6120332479476929,0.985756516456604
1773047415,478037424,world,cf231,-2.59489107131958,-1.6091963052749634,1.0010733604431152
1773047415,478037424,world,cf231_leg,-2.59391188621521,-1.6121424436569214,0.985852837562561
1773047415,483296760,world,cf231,-2.594744920730591,-1.6091365814208984,1.0009417533874512
1773047415,483296760,world,cf231_leg,-2.5939278602600098,-1.6119509935379028,0.9859075546264648
1773047415,487966252,world,cf231,-2.594636917114258,-1.6090404987335205,1.0009856224060059
1773047415,487966252,world,cf231_leg,-2.593797445297241,-1.6119554042816162,0.9858319759368896
1773047415,492904635,world,cf231,-2.5945699214935303,-1.60903000831604,1.0010297298431396
1773047415,492904635,world,cf231_leg,-2.5937647819519043,-1.6118946075439453,0.9857815504074097
1773047415,497916492,world,cf231,-2.5944840908050537,-1.608980655670166,1.0009082555770874
1773047415,497916492,world,cf231_leg,-2.593797445297241,-1.6119554042816162,0.9858320951461792
1773047415,503888098,world,cf231,-2.594399929046631,-1.6089526414871216,1.0009188652038574
1773047415,503888098,world,cf231_leg,-2.5938162803649902,-1.611815094947815,0.9858543872833252
1773047415,508149002,world,cf231,-2.5943939685821533,-1.6089997291564941,1.0009431838989258
1773047415,508149002,world,cf231_leg,-2.593846321105957,-1.611833095550537,0.9857776165008545
1773047415,513221797,world,cf231,-2.5943074226379395,-1.6089223623275757,1.0009900331497192
1773047415,513221797,world,cf231_leg,-2.593622922897339,-1.6117401123046875,0.9858068227767944
1773047415,518179670,world,cf231,-2.594311237335205,-1.608923077583313,1.0009608268737793
1773047415,518179670,world,cf231_leg,-2.593721628189087,-1.6117618083953857,0.9858202934265137
1773047415,523086931,world,cf231,-2.594191312789917,-1.6088545322418213,1.000945806503296
1773047415,523086931,world,cf231_leg,-2.5936787128448486,-1.6117486953735352,0.9858412742614746
1773047415,528109623,world,cf231,-2.5941503047943115,-1.6088398694992065,1.0009393692016602
1773047415,528109623,world,cf231_leg,-2.5936331748962402,-1.6115734577178955,0.9857512712478638
1773047415,533105430,world,cf231,-2.5940768718719482,-1.6088347434997559,1.0008686780929565
1773047415,533105430,world,cf231_leg,-2.593665838241577,-1.6117533445358276,0.9857853651046753
1773047415,537917264,world,cf231,-2.594099521636963,-1.6088963747024536,1.0010075569152832
1773047415,537917264,world,cf231_leg,-2.593574047088623,-1.611564040184021,0.9857426881790161
1773047415,543953846,world,cf231,-2.593993663787842,-1.608757734298706,1.0008875131607056
1773047415,543953846,world,cf231_leg,-2.593754291534424,-1.611703872680664,0.9858863353729248
1773047415,548251078,world,cf231,-2.594022750854492,-1.6088193655014038,1.0009725093841553
1773047415,548251078,world,cf231_leg,-2.5936388969421387,-1.6116169691085815,0.9858534336090088
1773047415,552955919,world,cf231,-2.5939855575561523,-1.6087558269500732,1.0009472370147705
1773047415,552955919,world,cf231_leg,-2.5934832096099854,-1.611444115638733,0.9856884479522705
1773047415,557861213,world,cf231,-2.5939037799835205,-1.6088285446166992,1.0007784366607666
1773047415,557861213,world,cf231_leg,-2.5935909748077393,-1.6116293668746948,0.9857615232467651
1773047415,563118694,world,cf231,-2.593863010406494,-1.6087642908096313,1.0007821321487427
1773047415,563118694,world,cf231_leg,-2.5936267375946045,-1.6115717887878418,0.9858031272888184
1773047415,569590356,world,cf231,-2.593822717666626,-1.6088218688964844,1.0007660388946533
1773047415,569590356,world,cf231_leg,-2.5934951305389404,-1.611488699913025,0.9857405424118042
1773047415,572906921,world,cf231,-2.593850612640381,-1.6087696552276611,1.0007210969924927
1773047415,572906921,world,cf231_leg,-2.593539237976074,-1.6114526987075806,0.9857227802276611
1773047415,578055956,world,cf231,-2.5938456058502197,-1.608889102935791,1.0007354021072388
1773047415,578055956,world,cf231_leg,-2.5935654640197754,-1.6115703582763672,0.9856588840484619
1773047415,583110454,world,cf231,-2.5938382148742676,-1.6087749004364014,1.0006606578826904
1773047415,583110454,world,cf231_leg,-2.5936503410339355,-1.611527919769287,0.9856270551681519
1773047415,588918470,world,cf231,-2.593902111053467,-1.6087853908538818,1.0006434917449951
1773047415,588918470,world,cf231_leg,-2.5935299396514893,-1.6114587783813477,0.9856400489807129
1773047415,592977292,world,cf231,-2.5939741134643555,-1.6089102029800415,1.0007007122039795
1773047415,592977292,world,cf231_leg,-2.5934898853302,-1.6114457845687866,0.985636830329895
1773047415,597997117,world,cf231,-2.593905210494995,-1.6087852716445923,1.0006169080734253
1773047415,597997117,world,cf231_leg,-2.5936152935028076,-1.6114163398742676,0.9856076240539551
1773047415,603018773,world,cf231,-2.593885660171509,-1.6087898015975952,1.000612497329712
1773047415,603018773,world,cf231_leg,-2.5935206413269043,-1.611464500427246,0.9855575561523438
1773047415,608149309,world,cf231,-2.5939619541168213,-1.6088659763336182,1.0006502866744995
1773047415,608149309,world,cf231_leg,-2.593740463256836,-1.6115561723709106,0.9855561256408691
1773047415,612880945,world,cf231,-2.5940730571746826,-1.6089407205581665,1.0005749464035034
1773047415,612880945,world,cf231_leg,-2.593543767929077,-1.6114121675491333,0.985541582107544
1773047415,618123881,world,cf231,-2.5940327644348145,-1.6088768243789673,1.0005778074264526
1773047415,618123881,world,cf231_leg,-2.593590021133423,-1.6114263534545898,0.9854944944381714
1773047415,623867186,world,cf231,-2.594081163406372,-1.608892560005188,1.000526785850525
1773047415,623867186,world,cf231_leg,-2.5936520099639893,-1.611486792564392,0.9854711294174194
1773047415,628242775,world,cf231,-2.594193935394287,-1.6089603900909424,1.0005983114242554
1773047415,628242775,world,cf231_leg,-2.5935769081115723,-1.611362338066101,0.9854488372802734
1773047415,633154184,world,cf231,-2.594208240509033,-1.6089125871658325,1.0004953145980835
1773047415,633154184,world,cf231_leg,-2.593430995941162,-1.6113029718399048,0.9853488206863403
1773047415,637927738,world,cf231,-2.59417724609375,-1.6089645624160767,1.0005677938461304
1773047415,637927738,world,cf231_leg,-2.5935187339782715,-1.6112507581710815,0.9851356744766235
1773047415,642930957,world,cf231,-2.5943520069122314,-1.6089997291564941,1.0004874467849731
1773047415,642930957,world,cf231_leg,-2.593754768371582,-1.611459732055664,0.9854635000228882
1773047415,648020894,world,cf231,-2.5943093299865723,-1.6089367866516113,1.0005145072937012
1773047415,648020894,world,cf231_leg,-2.593581438064575,-1.6113295555114746,0.9851095676422119
1773047415,653024632,world,cf231,-2.594290018081665,-1.6088755130767822,1.0003477334976196
1773047415,653024632,world,cf231_leg,-2.5936672687530518,-1.6112877130508423,0.985075831413269
1773047415,658804935,world,cf231,-2.5943996906280518,-1.609014630317688,1.000439167022705
1773047415,658804935,world,cf231_leg,-2.5935897827148438,-1.6113735437393188,0.9851871728897095
1773047415,663169217,world,cf231,-2.5944082736968994,-1.6089669466018677,1.000389814376831
1773047415,663169217,world,cf231_leg,-2.593820333480835,-1.6114178895950317,0.9851130247116089
1773047415,668886265,world,cf231,-2.594541072845459,-1.6091022491455078,1.0004565715789795
1773047415,668886265,world,cf231_leg,-2.59371018409729,-1.611351728439331,0.9850462675094604
1773047415,673133499,world,cf231,-2.5945260524749756,-1.6089211702346802,1.0002771615982056
1773047415,673133499,world,cf231_leg,-2.593717098236084,-1.6113033294677734,0.9850008487701416
1773047415,677980953,world,cf231,-2.594576358795166,-1.6089357137680054,1.000203013420105
1773047415,677980953,world,cf231_leg,-2.5938076972961426,-1.6113044023513794,0.9847712516784668
1773047415,683205914,world,cf231,-2.5946462154388428,-1.6090612411499023,1.0002844333648682
1773047415,683205914,world,cf231_leg,-2.593705177307129,-1.6113090515136719,0.9849419593811035
1773047415,688095867,world,cf231,-2.594630718231201,-1.6090664863586426,1.0002508163452148
1773047415,688095867,world,cf231_leg,-2.593806743621826,-1.6112626791000366,0.9849398136138916
1773047415,693627669,world,cf231,-2.5948004722595215,-1.6090996265411377,1.0002034902572632
1773047415,693627669,world,cf231_leg,-2.593810558319092,-1.6113325357437134,0.9849035739898682
1773047415,698014709,world,cf231,-2.594801187515259,-1.6091004610061646,1.0002011060714722
1773047415,698014709,world,cf231_leg,-2.593792676925659,-1.6112405061721802,0.9850473403930664
1773047415,703271951,world,cf231,-2.5948708057403564,-1.6091102361679077,1.0001320838928223
1773047415,703271951,world,cf231_leg,-2.5939767360687256,-1.6112865209579468,0.9847041368484497
1773047415,708564536,world,cf231,-2.594961166381836,-1.6091827154159546,1.00022554397583
1773047415,708564536,world,cf231_leg,-2.593919038772583,-1.6112278699874878,0.9846982955932617
1773047415,713143812,world,cf231,-2.59511137008667,-1.6091986894607544,1.000170111656189
1773047415,713143812,world,cf231_leg,-2.593773126602173,-1.6112009286880493,0.984892725944519
1773047415,717921448,world,cf231,-2.59511137008667,-1.6092700958251953,1.000162959098816
1773047415,717921448,world,cf231_leg,-2.5940492153167725,-1.6112232208251953,0.984775185585022
1773047415,723100906,world,cf231,-2.595235824584961,-1.609290361404419,1.000157356262207
1773047415,723100906,world,cf231_leg,-2.5939242839813232,-1.6112282276153564,0.9846512079238892
1773047415,728087359,world,cf231,-2.595292568206787,-1.6092283725738525,1.0002046823501587
1773047415,728087359,world,cf231_leg,-2.5940091609954834,-1.6111878156661987,0.9846354722976685
1773047415,733185619,world,cf231,-2.5953636169433594,-1.609189748764038,1.0001428127288818
1773047415,733185619,world,cf231_leg,-2.5939366817474365,-1.6111828088760376,0.9845724105834961
1773047415,738197852,world,cf231,-2.5952446460723877,-1.609228491783142,0.9998024702072144
1773047415,738197852,world,cf231_leg,-2.594041109085083,-1.6111797094345093,0.9846963882446289
1773047415,745590381,world,cf231,-2.5954384803771973,-1.6092532873153687,0.9998966455459595
1773047415,745590381,world,cf231_leg,-2.5941293239593506,-1.6112061738967896,0.9846314191818237
1773047415,748006638,world,cf231,-2.5954389572143555,-1.6092536449432373,0.999895453453064
1773047415,748006638,world,cf231_leg,-2.5940558910369873,-1.6110808849334717,0.9845885038375854
1773047415,753979928,world,cf231,-2.595733165740967,-1.609299898147583,1.0001436471939087
1773047415,753979928,world,cf231_leg,-2.5940961837768555,-1.611144781112671,0.9845829010009766
1773047415,757995609,world,cf231,-2.59574556350708,-1.6094728708267212,0.9998738765716553
1773047415,757995609,world,cf231_leg,-2.594149589538574,-1.6111533641815186,0.9846398830413818
1773047415,763215618,world,cf231,-2.5957229137420654,-1.6092431545257568,0.9997822046279907
1773047415,763215618,world,cf231_leg,-2.5941383838653564,-1.6110405921936035,0.9845950603485107
1773047415,768047270,world,cf231,-2.595829725265503,-1.6094294786453247,0.9998706579208374
1773047415,768047270,world,cf231_leg,-2.5940966606140137,-1.6110361814498901,0.9847543239593506
1773047415,774777778,world,cf231,-2.595838785171509,-1.609261393547058,0.9998373985290527
1773047415,774777778,world,cf231_leg,-2.594116687774658,-1.6109048128128052,0.9846152067184448
1773047415,778037509,world,cf231,-2.5959606170654297,-1.6094034910202026,0.9998387098312378
1773047415,778037509,world,cf231_leg,-2.59407377243042,-1.6109193563461304,0.9844924211502075
1773047415,784020344,world,cf231,-2.59600830078125,-1.609346866607666,0.9997977018356323
1773047415,784020344,world,cf231_leg,-2.594176769256592,-1.6109250783920288,0.9847780466079712
1773047415,788260273,world,cf231,-2.5961203575134277,-1.6093727350234985,0.9997310638427734
1773047415,788260273,world,cf231_leg,-2.594108819961548,-1.6108031272888184,0.9847010374069214
1773047415,793879429,world,cf231,-2.596221685409546,-1.609438419342041,0.9998892545700073
1773047415,793879429,world,cf231_leg,-2.5941503047943115,-1.6107388734817505,0.984550952911377
1773047415,798130633,world,cf231,-2.5962090492248535,-1.6093307733535767,0.9996963739395142
1773047415,798130633,world,cf231_leg,-2.594289541244507,-1.6108320951461792,0.9847009181976318
1773047415,803941055,world,cf231,-2.596358299255371,-1.6094119548797607,0.9998049736022949
1773047415,803941055,world,cf231_leg,-2.5941946506500244,-1.610710620880127,0.9846748113632202
1773047415,808198676,world,cf231,-2.5964252948760986,-1.609422206878662,0.9997615814208984
1773047415,808198676,world,cf231_leg,-2.5942018032073975,-1.610583782196045,0.9844802618026733
1773047415,812943880,world,cf231,-2.5964136123657227,-1.609307050704956,0.9997168779373169
1773047415,812943880,world,cf231_leg,-2.5941975116729736,-1.610642433166504,0.9846594333648682
1773047415,818074487,world,cf231,-2.5965383052825928,-1.609327793121338,0.999710202217102
1773047415,818074487,world,cf231_leg,-2.5943033695220947,-1.6105475425720215,0.9846351146697998
1773047415,823951949,world,cf231,-2.5966031551361084,-1.6093389987945557,0.9996905326843262
1773047415,823951949,world,cf231_leg,-2.594334840774536,-1.6106075048446655,0.9846885204315186
1773047415,828096925,world,cf231,-2.596527338027954,-1.6091419458389282,0.9996702671051025
1773047415,828096925,world,cf231_leg,-2.5942444801330566,-1.6103509664535522,0.9846502542495728
1773047415,833000788,world,cf231,-2.5967018604278564,-1.6092925071716309,0.9997416734695435
1773047415,833000788,world,cf231_leg,-2.5942673683166504,-1.6103665828704834,0.9846277236938477
1773047415,838065494,world,cf231,-2.5967023372650146,-1.6091771125793457,0.9995899200439453
1773047415,838065494,world,cf231_leg,-2.594393014907837,-1.6103882789611816,0.9845892190933228
1773047415,843023210,world,cf231,-2.596778392791748,-1.6091349124908447,0.9996639490127563
1773047415,843023210,world,cf231_leg,-2.594364881515503,-1.6102505922317505,0.9846612215042114
1773047415,848238810,world,cf231,-2.5968313217163086,-1.6090724468231201,0.9997398853302002
1773047415,848238810,world,cf231_leg,-2.594301223754883,-1.6100795269012451,0.9845634698867798
1773047415,853056339,world,cf231,-2.5970444679260254,-1.609171986579895,0.9996812343597412
1773047415,853056339,world,cf231_leg,-2.5943918228149414,-1.6101487874984741,0.984626293182373
1773047415,857918876,world,cf231,-2.597031831741333,-1.6089845895767212,0.9996463060379028
1773047415,857918876,world,cf231_leg,-2.594402551651001,-1.6099826097488403,0.9845694303512573
1773047415,862924554,world,cf231,-2.596996784210205,-1.6088732481002808,0.9996261596679688
1773047415,862924554,world,cf231_leg,-2.594329833984375,-1.609951376914978,0.984667181968689
1773047415,868908856,world,cf231,-2.5970823764801025,-1.6088812351226807,0.9996074438095093
1773047415,868908856,world,cf231_leg,-2.5943305492401123,-1.6097397804260254,0.9845378398895264
1773047415,873095814,world,cf231,-2.5970380306243896,-1.6085827350616455,0.999524712562561
1773047415,873095814,world,cf231_leg,-2.5943572521209717,-1.6096882820129395,0.9844958782196045
1773047415,877998639,world,cf231,-2.59706974029541,-1.6086441278457642,0.99958336353302
1773047415,877998639,world,cf231_leg,-2.594282388687134,-1.6095892190933228,0.9846230745315552
1773047415,883076113,world,cf231,-2.597177028656006,-1.6086465120315552,0.999545693397522
1773047415,883076113,world,cf231_leg,-2.594475746154785,-1.6095885038375854,0.9845283031463623
1773047415,887980964,world,cf231,-2.5970561504364014,-1.608450174331665,0.9997208118438721
1773047415,887980964,world,cf231_leg,-2.594363212585449,-1.609451174736023,0.9844790697097778
1773047415,892911159,world,cf231,-2.5970680713653564,-1.6083369255065918,0.9994817972183228
1773047415,892911159,world,cf231_leg,-2.594325065612793,-1.609270691871643,0.9844925403594971
1773047415,898015907,world,cf231,-2.5969812870025635,-1.6080880165100098,0.9995598793029785
1773047415,898015907,world,cf231_leg,-2.5943570137023926,-1.609262466430664,0.9845540523529053
1773047415,903181444,world,cf231,-2.5971014499664307,-1.6080807447433472,0.9997481107711792
1773047415,903181444,world,cf231_leg,-2.5943050384521484,-1.6090348958969116,0.9845236539840698
1773047415,907947995,world,cf231,-2.5970726013183594,-1.6078976392745972,0.9996826648712158
1773047415,907947995,world,cf231_leg,-2.594210147857666,-1.6089636087417603,0.9844909906387329
1773047415,913209003,world,cf231,-2.5970354080200195,-1.6078338623046875,0.9996581077575684
1773047415,913209003,world,cf231_leg,-2.5942633152008057,-1.6088757514953613,0.9847011566162109
1773047415,918000822,world,cf231,-2.5970094203948975,-1.6077170372009277,0.9997261762619019
1773047415,918000822,world,cf231_leg,-2.5943410396575928,-1.6087620258331299,0.9847332239151001
1773047415,923079427,world,cf231,-2.597013235092163,-1.6075770854949951,0.9995263814926147
1773047415,923079427,world,cf231_leg,-2.5943284034729004,-1.608579158782959,0.984702467918396
1773047415,928825742,world,cf231,-2.597015857696533,-1.6074477434158325,0.9998737573623657
1773047415,928825742,world,cf231_leg,-2.594341516494751,-1.6085748672485352,0.9847568273544312
1773047415,933143204,world,cf231,-2.596971273422241,-1.607311487197876,0.9999139308929443
1773047415,933143204,world,cf231_leg,-2.594263792037964,-1.6083537340164185,0.9849101305007935
1773047415,938225231,world,cf231,-2.596935987472534,-1.607056975364685,0.9999096393585205
1773047415,938225231,world,cf231_leg,-2.594325542449951,-1.608312726020813,0.9849029779434204
1773047415,943958945,world,cf231,-2.596829414367676,-1.6068516969680786,1.0003093481063843
1773047415,943958945,world,cf231_leg,-2.5942437648773193,-1.608059287071228,0.9851080179214478
1773047415,948165672,world,cf231,-2.596853733062744,-1.6067992448806763,1.0002925395965576
1773047415,948165672,world,cf231_leg,-2.594325065612793,-1.6080964803695679,0.9850740432739258
1773047415,953106730,world,cf231,-2.596919536590576,-1.6066601276397705,1.0004358291625977
1773047415,953106730,world,cf231_leg,-2.5943562984466553,-1.6080495119094849,0.9853174686431885
1773047415,958068178,world,cf231,-2.596776008605957,-1.6064518690109253,1.0004615783691406
1773047415,958068178,world,cf231_leg,-2.5943753719329834,-1.6078078746795654,0.9853559732437134
1773047415,963125180,world,cf231,-2.596802234649658,-1.6064424514770508,1.000579595565796
1773047415,963125180,world,cf231_leg,-2.5942533016204834,-1.6077189445495605,0.9853750467300415
1773047415,968415585,world,cf231,-2.596709966659546,-1.606062412261963,1.0003856420516968
1773047415,968415585,world,cf231_leg,-2.594414234161377,-1.6076005697250366,0.9858287572860718
1773047415,973176269,world,cf231,-2.5967330932617188,-1.6060478687286377,1.0006985664367676
1773047415,973176269,world,cf231_leg,-2.5943524837493896,-1.6076446771621704,0.985540509223938
1773047415,978670332,world,cf231,-2.5966885089874268,-1.6057984828948975,1.0006065368652344
1773047415,978670332,world,cf231_leg,-2.594332218170166,-1.607459306716919,0.985564112663269
1773047415,984165271,world,cf231,-2.5966086387634277,-1.6055290699005127,1.0006234645843506
1773047415,984165271,world,cf231_leg,-2.594285726547241,-1.607325792312622,0.9856282472610474
1773047415,988000424,world,cf231,-2.59663462638855,-1.605519413948059,1.000741958618164
1773047415,988000424,world,cf231_leg,-2.5943665504455566,-1.6072784662246704,0.9859216213226318
1773047415,993177068,world,cf231,-2.5965187549591064,-1.605258822441101,1.0007236003875732
1773047415,993177068,world,cf231_leg,-2.594386100769043,-1.6072248220443726,0.9859329462051392
1773047415,998867347,world,cf231,-2.596489667892456,-1.6050488948822021,1.000821828842163
1773047415,998867347,world,cf231_leg,-2.5944101810455322,-1.6070538759231567,0.9859318733215332
1773047416,3193158,world,cf231,-2.5964789390563965,-1.6049760580062866,1.0009145736694336
1773047416,3193158,world,cf231_leg,-2.5941779613494873,-1.6069391965866089,0.9860200881958008
1773047416,8258632,world,cf231,-2.5964198112487793,-1.6047745943069458,1.0009253025054932
1773047416,8258632,world,cf231_leg,-2.594210386276245,-1.6067214012145996,0.9859678745269775
1773047416,12917743,world,cf231,-2.596365213394165,-1.6045246124267578,1.000915765762329
1773047416,12917743,world,cf231_leg,-2.5942821502685547,-1.606725811958313,0.9860333204269409
1773047416,18966631,world,cf231,-2.5962812900543213,-1.6042271852493286,1.0011279582977295
1773047416,18966631,world,cf231_leg,-2.594242811203003,-1.606594443321228,0.9860440492630005
1773047416,23064807,world,cf231,-2.5963544845581055,-1.6041607856750488,1.0012065172195435
1773047416,23064807,world,cf231_leg,-2.5941178798675537,-1.6063176393508911,0.9861129522323608
1773047416,28118286,world,cf231,-2.596201181411743,-1.6039072275161743,1.0011576414108276
1773047416,28118286,world,cf231_leg,-2.5940470695495605,-1.6062633991241455,0.9860522747039795
1773047416,33201917,world,cf231,-2.5961861610412598,-1.6037204265594482,1.0011476278305054
1773047416,33201917,world,cf231_leg,-2.594101667404175,-1.6062023639678955,0.986099362373352
1773047416,38097691,world,cf231,-2.5961430072784424,-1.6035854816436768,1.0011838674545288
1773047416,38097691,world,cf231_leg,-2.5939974784851074,-1.6059921979904175,0.9861594438552856
1773047416,42998143,world,cf231,-2.596022605895996,-1.603323221206665,1.0011967420578003
1773047416,42998143,world,cf231_leg,-2.5939841270446777,-1.6059457063674927,0.986113429069519
1773047416,48061754,world,cf231,-2.596140146255493,-1.6033129692077637,1.0013949871063232
1773047416,48061754,world,cf231_leg,-2.5939087867736816,-1.6057524681091309,0.9860998392105103
1773047416,53190194,world,cf231,-2.5960874557495117,-1.6030617952346802,1.0013628005981445
1773047416,53190194,world,cf231_leg,-2.5939650535583496,-1.605642318725586,0.9861494302749634
1773047416,58119923,world,cf231,-2.5959854125976562,-1.6029150485992432,1.0013654232025146
1773047416,58119923,world,cf231_leg,-2.5937647819519043,-1.605479121208191,0.986162543296814
1773047416,63171128,world,cf231,-2.5959982872009277,-1.6027175188064575,1.001450777053833
1773047416,63171128,world,cf231_leg,-2.5939056873321533,-1.6052066087722778,0.9861999750137329
1773047416,67929531,world,cf231,-2.596039295196533,-1.6025391817092896,1.0014839172363281
1773047416,67929531,world,cf231_leg,-2.5937094688415527,-1.6051816940307617,0.9861682653427124
1773047416,73817845,world,cf231,-2.596012592315674,-1.6023999452590942,1.0015509128570557
1773047416,73817845,world,cf231_leg,-2.593724012374878,-1.6050822734832764,0.9863706827163696
1773047416,80942751,world,cf231,-2.5960006713867188,-1.6022542715072632,1.0016553401947021
1773047416,80942751,world,cf231_leg,-2.5938899517059326,-1.6049696207046509,0.9864972829818726
1773047416,83349631,world,cf231,-2.595863103866577,-1.601927399635315,1.0016640424728394
1773047416,83349631,world,cf231_leg,-2.5937767028808594,-1.6046439409255981,0.9864755868911743
1773047416,88288187,world,cf231,-2.59584641456604,-1.6018599271774292,1.0016412734985352
1773047416,88288187,world,cf231_leg,-2.5938122272491455,-1.6046288013458252,0.9866690635681152
1773047416,93924995,world,cf231,-2.595926284790039,-1.6017472743988037,1.0016932487487793
1773047416,93924995,world,cf231_leg,-2.5937440395355225,-1.604506254196167,0.9865933656692505
1773047416,98185967,world,cf231,-2.595825433731079,-1.601480484008789,1.0017110109329224
1773047416,98185967,world,cf231_leg,-2.5938425064086914,-1.6043909788131714,0.9866249561309814
1773047416,103026889,world,cf231,-2.595740795135498,-1.6012834310531616,1.0017706155776978
1773047416,103026889,world,cf231_leg,-2.593646764755249,-1.6041508913040161,0.9867613315582275
1773047416,108183116,world,cf231,-2.595726490020752,-1.6010973453521729,1.0017588138580322
1773047416,108183116,world,cf231_leg,-2.5936591625213623,-1.6040518283843994,0.9866766929626465
1773047416,113126715,world,cf231,-2.595625162124634,-1.6008960008621216,1.001939296722412
1773047416,113126715,world,cf231_leg,-2.5935845375061035,-1.6039278507232666,0.986652135848999
1773047416,118202834,world,cf231,-2.5956075191497803,-1.600709319114685,1.001955509185791
1773047416,118202834,world,cf231_leg,-2.5936245918273926,-1.6037757396697998,0.9868173599243164
1773047416,123076038,world,cf231,-2.5957043170928955,-1.600589394569397,1.0020209550857544
1773047416,123076038,world,cf231_leg,-2.5935893058776855,-1.603661060333252,0.9867849349975586
1773047416,128287846,world,cf231,-2.5956223011016846,-1.60039222240448,1.0020543336868286
1773047416,128287846,world,cf231_leg,-2.5935256481170654,-1.6034212112426758,0.9866963624954224
1773047416,133240405,world,cf231,-2.5955045223236084,-1.6002007722854614,1.0020344257354736
1773047416,133240405,world,cf231_leg,-2.593397855758667,-1.6034486293792725,0.9867322444915771
1773047416,139091709,world,cf231,-2.5954933166503906,-1.600014090538025,1.0019969940185547
1773047416,139091709,world,cf231_leg,-2.593533992767334,-1.6033462285995483,0.9867901802062988
1773047416,143356072,world,cf231,-2.595583915710449,-1.599914312362671,1.0022521018981934
1773047416,143356072,world,cf231_leg,-2.5934982299804688,-1.6032843589782715,0.9867656230926514
1773047416,148121969,world,cf231,-2.595418691635132,-1.599595069885254,1.0021475553512573
1773047416,148121969,world,cf231_leg,-2.593458414077759,-1.6031525135040283,0.9867781400680542
1773047416,154101433,world,cf231,-2.595349073410034,-1.599463701248169,1.0022350549697876
1773047416,154101433,world,cf231_leg,-2.593541145324707,-1.6031323671340942,0.9869077205657959
1773047416,158104422,world,cf231,-2.5953965187072754,-1.5994069576263428,1.002195119857788
1773047416,158104422,world,cf231_leg,-2.593426465988159,-1.6029726266860962,0.9867432117462158
1773047416,163039730,world,cf231,-2.595353841781616,-1.59927237033844,1.002229928970337
1773047416,163039730,world,cf231_leg,-2.5935206413269043,-1.6030153036117554,0.9869234561920166
1773047416,168161999,world,cf231,-2.595224380493164,-1.5989652872085571,1.0021660327911377
1773047416,168161999,world,cf231_leg,-2.593485116958618,-1.6027683019638062,0.9869384765625
1773047416,173164094,world,cf231,-2.594970226287842,-1.598687767982483,1.0020956993103027
1773047416,173164094,world,cf231_leg,-2.593287467956543,-1.602582573890686,0.9867908954620361
1773047416,178021789,world,cf231,-2.5951197147369385,-1.5986559391021729,1.0020732879638672
1773047416,178021789,world,cf231_leg,-2.5933783054351807,-1.6026521921157837,0.986852765083313
1773047416,183535111,world,cf231,-2.5951120853424072,-1.5985829830169678,1.0021390914916992
1773047416,183535111,world,cf231_leg,-2.5934090614318848,-1.6025259494781494,0.9869499206542969
1773047416,188176942,world,cf231,-2.5950937271118164,-1.598402976989746,1.0018030405044556
1773047416,188176942,world,cf231_leg,-2.593193292617798,-1.6023926734924316,0.986771821975708
1773047416,193008630,world,cf231,-2.5949363708496094,-1.5982624292373657,1.0021189451217651
1773047416,193008630,world,cf231_leg,-2.593301773071289,-1.6023000478744507,0.9867401123046875
1773047416,198608079,world,cf231,-2.5948548316955566,-1.5980205535888672,1.0019944906234741
1773047416,198608079,world,cf231_leg,-2.593160390853882,-1.6022120714187622,0.9867396354675293
1773047416,203215578,world,cf231,-2.5949063301086426,-1.5980168581008911,1.0017272233963013
1773047416,203215578,world,cf231_leg,-2.5931475162506104,-1.6020313501358032,0.986723780632019
1773047416,207995999,world,cf231,-2.594862937927246,-1.5979011058807373,1.0019532442092896
1773047416,207995999,world,cf231_leg,-2.593149185180664,-1.602099061012268,0.9866948127746582
1773047416,213306147,world,cf231,-2.5947654247283936,-1.597708821296692,1.0019530057907104
1773047416,213306147,world,cf231_leg,-2.593125343322754,-1.6018718481063843,0.9866101741790771
1773047416,219669037,world,cf231,-2.5946803092956543,-1.597588300704956,1.0018372535705566
1773047416,219669037,world,cf231_leg,-2.5929043292999268,-1.601760745048523,0.9866166114807129
1773047416,223070560,world,cf231,-2.5946037769317627,-1.597461223602295,1.0018131732940674
1773047416,223070560,world,cf231_leg,-2.5931127071380615,-1.6018081903457642,0.9865626096725464
1773047416,228400726,world,cf231,-2.594525098800659,-1.5973355770111084,1.001811146736145
1773047416,228400726,world,cf231_leg,-2.5930519104003906,-1.601627230644226,0.9865837097167969
1773047416,233271464,world,cf231,-2.59448504447937,-1.5972002744674683,1.0018208026885986
1773047416,233271464,world,cf231_leg,-2.5928399562835693,-1.6015381813049316,0.9865279197692871
1773047416,238289356,world,cf231,-2.594477891921997,-1.5970861911773682,1.0017451047897339
1773047416,238289356,world,cf231_leg,-2.592965602874756,-1.60149085521698,0.9865010976791382
1773047416,243204557,world,cf231,-2.5943682193756104,-1.5970180034637451,1.001646637916565
1773047416,243204557,world,cf231_leg,-2.5927176475524902,-1.6013576984405518,0.9864200353622437
1773047416,249619691,world,cf231,-2.594295024871826,-1.5968912839889526,1.001594066619873
1773047416,249619691,world,cf231_leg,-2.592921495437622,-1.6013851165771484,0.9863979816436768
1773047416,261225634,world,cf231,-2.5941550731658936,-1.596754789352417,1.0015830993652344
1773047416,261225634,world,cf231_leg,-2.5928428173065186,-1.6012592315673828,0.9864020347595215
1773047416,261764892,world,cf231,-2.5941760540008545,-1.596701741218567,1.0015947818756104
1773047416,261764892,world,cf231_leg,-2.5926623344421387,-1.6010679006576538,0.9862673282623291
1773047416,263309231,world,cf231,-2.5941061973571777,-1.5966970920562744,1.0014946460723877
1773047416,263309231,world,cf231_leg,-2.5926733016967773,-1.6011830568313599,0.9863271713256836
1773047416,268224214,world,cf231,-2.59411883354187,-1.5966918468475342,1.0015555620193481
1773047416,268224214,world,cf231_leg,-2.592679977416992,-1.6010122299194336,0.986285924911499
1773047416,273162175,world,cf231,-2.5940909385681152,-1.596744179725647,1.0016001462936401
1773047416,273162175,world,cf231_leg,-2.5924320220947266,-1.6009044647216797,0.986355185508728
1773047416,278335256,world,cf231,-2.5939576625823975,-1.5966081619262695,1.00153386592865
1773047416,278335256,world,cf231_leg,-2.59248423576355,-1.600759744644165,0.9861398935317993
1773047416,284174518,world,cf231,-2.59399151802063,-1.5966715812683105,1.0015864372253418
1773047416,284174518,world,cf231_leg,-2.592505693435669,-1.6008169651031494,0.9862724542617798
1773047416,288276717,world,cf231,-2.593851089477539,-1.5965399742126465,1.0014079809188843
1773047416,288276717,world,cf231_leg,-2.592393398284912,-1.6007485389709473,0.9862122535705566
1773047416,294194393,world,cf231,-2.5937113761901855,-1.5965251922607422,1.0013773441314697
1773047416,294194393,world,cf231_leg,-2.592414379119873,-1.6006276607513428,0.9862279891967773
1773047416,298032122,world,cf231,-2.593557596206665,-1.5963212251663208,1.001316785812378
1773047416,298032122,world,cf231_leg,-2.5922515392303467,-1.6005786657333374,0.9859417676925659
1773047416,303314848,world,cf231,-2.5935728549957275,-1.5964367389678955,1.0013335943222046
1773047416,303314848,world,cf231_leg,-2.592304229736328,-1.6005687713623047,0.9860031604766846
1773047416,308191280,world,cf231,-2.5935232639312744,-1.5963783264160156,1.001247525215149
1773047416,308191280,world,cf231_leg,-2.592331647872925,-1.6005585193634033,0.9860947132110596
1773047416,313386022,world,cf231,-2.593442678451538,-1.5964223146438599,1.0012208223342896
1773047416,313386022,world,cf231_leg,-2.592271089553833,-1.6005072593688965,0.9859544038772583
1773047416,318276517,world,cf231,-2.5932812690734863,-1.5963385105133057,1.00119948387146
1773047416,318276517,world,cf231_leg,-2.592155933380127,-1.6003694534301758,0.9859286546707153
1773047416,323226052,world,cf231,-2.593207359313965,-1.5963326692581177,1.001130223274231
1773047416,323226052,world,cf231_leg,-2.5921216011047363,-1.6003776788711548,0.9858899116516113
1773047416,328192406,world,cf231,-2.5932223796844482,-1.5964486598968506,1.0011461973190308
1773047416,328192406,world,cf231_leg,-2.591972589492798,-1.6003403663635254,0.9859504699707031
1773047416,333311183,world,cf231,-2.5932228565216064,-1.5964491367340088,1.0011446475982666
1773047416,333311183,world,cf231_leg,-2.592113971710205,-1.600306510925293,0.9859535694122314
1773047416,338446975,world,cf231,-2.5931379795074463,-1.5964916944503784,1.0011496543884277
1773047416,338446975,world,cf231_leg,-2.5918972492218018,-1.6001721620559692,0.9857782125473022
1773047416,343411913,world,cf231,-2.592916488647461,-1.5963484048843384,1.0011262893676758
1773047416,343411913,world,cf231_leg,-2.591853141784668,-1.600107192993164,0.9858105182647705
1773047416,348193884,world,cf231,-2.5929882526397705,-1.5964819192886353,1.0010319948196411
1773047416,348193884,world,cf231_leg,-2.5919060707092285,-1.6002854108810425,0.9858454465866089
1773047416,354036319,world,cf231,-2.592867612838745,-1.596412181854248,1.001018762588501
1773047416,354036319,world,cf231_leg,-2.591890335083008,-1.6001701354980469,0.9858313798904419
1773047416,358284062,world,cf231,-2.5927822589874268,-1.5964545011520386,1.0010249614715576
1773047416,358284062,world,cf231_leg,-2.5917506217956543,-1.600203275680542,0.9858071804046631
1773047416,363230695,world,cf231,-2.5927977561950684,-1.5964574813842773,1.0009071826934814
1773047416,363230695,world,cf231_leg,-2.591625452041626,-1.599951148033142,0.9857180118560791
1773047416,369184679,world,cf231,-2.5926966667175293,-1.59649658203125,1.0010313987731934
1773047416,369184679,world,cf231_leg,-2.591663122177124,-1.600134253501892,0.9857193231582642
1773047416,373396442,world,cf231,-2.592571973800659,-1.5965027809143066,1.0008714199066162
1773047416,373396442,world,cf231_leg,-2.5916171073913574,-1.6000696420669556,0.9857730865478516
1773047416,378553322,world,cf231,-2.59260892868042,-1.5965662002563477,1.0008974075317383
1773047416,378553322,world,cf231_leg,-2.5914735794067383,-1.5999412536621094,0.9856582880020142
1773047416,383648874,world,cf231,-2.5924971103668213,-1.5965909957885742,1.0009504556655884
1773047416,383648874,world,cf231_leg,-2.5914762020111084,-1.6000354290008545,0.9857769012451172
1773047416,388277242,world,cf231,-2.5923943519592285,-1.5966665744781494,1.0007798671722412
1773047416,388277242,world,cf231_leg,-2.5913491249084473,-1.599971890449524,0.9856826066970825
1773047416,394957522,world,cf231,-2.5923545360565186,-1.5967165231704712,1.000913381576538
1773047416,394957522,world,cf231_leg,-2.5913522243499756,-1.5998507738113403,0.9856593608856201
1773047416,398117893,world,cf231,-2.5923120975494385,-1.5967506170272827,1.000899314880371
1773047416,398117893,world,cf231_leg,-2.5912294387817383,-1.5999516248703003,0.9856691360473633
1773047416,405058213,world,cf231,-2.59236216545105,-1.5968811511993408,1.000976324081421
1773047416,405058213,world,cf231_leg,-2.5912837982177734,-1.5999590158462524,0.9857083559036255
1773047416,408315016,world,cf231,-2.5923080444335938,-1.5969429016113281,1.000902533531189
1773047416,408315016,world,cf231_leg,-2.59108304977417,-1.599822998046875,0.9855780601501465
1773047416,414197040,world,cf231,-2.592224597930908,-1.5968656539916992,1.0009212493896484
1773047416,414197040,world,cf231_leg,-2.5910165309906006,-1.5998618602752686,0.9856154918670654
1773047416,418244051,world,cf231,-2.592186450958252,-1.5969222784042358,1.0008807182312012
1773047416,418244051,world,cf231_leg,-2.590991973876953,-1.599793553352356,0.9856526851654053
1773047416,423241424,world,cf231,-2.5921428203582764,-1.5969797372817993,1.0008918046951294
1773047416,423241424,world,cf231_leg,-2.590822219848633,-1.5997860431671143,0.9855684041976929
1773047416,428282338,world,cf231,-2.5920960903167725,-1.5970845222473145,1.0009000301361084
1773047416,428282338,world,cf231_leg,-2.590831995010376,-1.5998313426971436,0.985641598701477
1773047416,433266827,world,cf231,-2.5920889377593994,-1.5972048044204712,1.0009386539459229
1773047416,433266827,world,cf231_leg,-2.5908007621765137,-1.5998122692108154,0.985722541809082
1773047416,438200349,world,cf231,-2.591860055923462,-1.5971156358718872,1.0007922649383545
1773047416,438200349,world,cf231_leg,-2.5907676219940186,-1.5998191833496094,0.9856650829315186
1773047416,444178161,world,cf231,-2.5918679237365723,-1.5972251892089844,1.001035213470459
1773047416,444178161,world,cf231_leg,-2.5907084941864014,-1.599802017211914,0.9858146905899048
1773047416,448185780,world,cf231,-2.5918753147125244,-1.5973447561264038,1.0009416341781616
1773047416,448185780,world,cf231_leg,-2.590723752975464,-1.599858283996582,0.9856958389282227
1773047416,453351510,world,cf231,-2.5917177200317383,-1.5972615480422974,1.0008909702301025
1773047416,453351510,world,cf231_leg,-2.5903749465942383,-1.5998128652572632,0.9857484102249146
1773047416,459172197,world,cf231,-2.5916996002197266,-1.5973091125488281,1.001022219657898
1773047416,459172197,world,cf231_leg,-2.590545892715454,-1.5997787714004517,0.9856775999069214
1773047416,463248966,world,cf231,-2.5916101932525635,-1.597308874130249,1.000917911529541
1773047416,463248966,world,cf231_leg,-2.5903375148773193,-1.5998002290725708,0.9857209920883179
1773047416,468957585,world,cf231,-2.5915935039520264,-1.5974764823913574,1.0010080337524414
1773047416,468957585,world,cf231_leg,-2.5901944637298584,-1.5996443033218384,0.9857494831085205
1773047416,474884734,world,cf231,-2.5914716720581055,-1.5974555015563965,1.0009874105453491
1773047416,474884734,world,cf231_leg,-2.590270519256592,-1.5997798442840576,0.9859271049499512
1773047416,478278432,world,cf231,-2.5913400650024414,-1.597362756729126,1.0010559558868408
1773047416,478278432,world,cf231_leg,-2.5902323722839355,-1.599769115447998,0.9859164953231812
1773047416,485074793,world,cf231,-2.591352701187134,-1.5975507497787476,1.0010900497436523
1773047416,485074793,world,cf231_leg,-2.5899229049682617,-1.5996065139770508,0.9858341217041016
1773047416,488272663,world,cf231,-2.5912487506866455,-1.5974823236465454,1.0009384155273438
1773047416,488272663,world,cf231_leg,-2.590023994445801,-1.5996183156967163,0.985668420791626
1773047416,493189391,world,cf231,-2.591193675994873,-1.597466230392456,1.0010441541671753
1773047416,493189391,world,cf231_leg,-2.5899157524108887,-1.5996041297912598,0.9858886003494263
1773047416,498238671,world,cf231,-2.591214656829834,-1.59764564037323,1.0013561248779297
1773047416,498238671,world,cf231_leg,-2.589893102645874,-1.5996570587158203,0.9859023094177246
1773047416,504145037,world,cf231,-2.591046094894409,-1.597571611404419,1.001052737236023
1773047416,504145037,world,cf231_leg,-2.589754819869995,-1.599640965461731,0.9858807325363159
1773047416,508326005,world,cf231,-2.5910484790802,-1.597610354423523,1.0013550519943237
1773047416,508326005,world,cf231_leg,-2.5896456241607666,-1.5995755195617676,0.9858100414276123
1773047416,515190958,world,cf231,-2.59089732170105,-1.597598671913147,1.0012435913085938
1773047416,515190958,world,cf231_leg,-2.5896358489990234,-1.5996215343475342,0.985864520072937
1773047416,518277459,world,cf231,-2.5909156799316406,-1.597598671913147,1.0010812282562256
1773047416,518277459,world,cf231_leg,-2.589567184448242,-1.5995410680770874,0.9859416484832764
1773047416,523317640,world,cf231,-2.590855360031128,-1.5976998805999756,1.0013883113861084
1773047416,523317640,world,cf231_leg,-2.589477777481079,-1.5994197130203247,0.9858670234680176
1773047416,528305190,world,cf231,-2.5907375812530518,-1.5977513790130615,1.0013304948806763
1773047416,528305190,world,cf231_leg,-2.589416980743408,-1.5996240377426147,0.9863061904907227
1773047416,533414636,world,cf231,-2.5907206535339355,-1.5976839065551758,1.0013073682785034
1773047416,533414636,world,cf231_leg,-2.589421033859253,-1.5994963645935059,0.9861361980438232
1773047416,538275049,world,cf231,-2.5905988216400146,-1.597663164138794,1.0012861490249634
1773047416,538275049,world,cf231_leg,-2.58931565284729,-1.5994982719421387,0.9860143661499023
1773047416,543278169,world,cf231,-2.5906078815460205,-1.5977790355682373,1.001356840133667
1773047416,543278169,world,cf231_leg,-2.5892629623413086,-1.5995434522628784,0.9862626791000366
1773047416,548221073,world,cf231,-2.5904695987701416,-1.5977625846862793,1.0013043880462646
1773047416,548221073,world,cf231_leg,-2.5891478061676025,-1.5994646549224854,0.9860680103302002
1773047416,553388016,world,cf231,-2.5904061794281006,-1.5977529287338257,1.0013185739517212
1773047416,553388016,world,cf231_leg,-2.589043617248535,-1.599348545074463,0.9859589338302612
1773047416,559147906,world,cf231,-2.590348958969116,-1.5978145599365234,1.0012723207473755
1773047416,559147906,world,cf231_leg,-2.589081048965454,-1.5994627475738525,0.9859706163406372
1773047416,563336995,world,cf231,-2.5901830196380615,-1.597779631614685,1.001269817352295
1773047416,563336995,world,cf231_leg,-2.5889952182769775,-1.5993167161941528,0.9863301515579224
1773047416,569405486,world,cf231,-2.5901384353637695,-1.597764492034912,1.0012916326522827
1773047416,569405486,world,cf231_leg,-2.5887722969055176,-1.599300742149353,0.9861868619918823
1773047416,573308814,world,cf231,-2.5900449752807617,-1.5977632999420166,1.001217246055603
1773047416,573308814,world,cf231_leg,-2.588785171508789,-1.599295735359192,0.9862439632415771
1773047416,578240348,world,cf231,-2.5899837017059326,-1.5977526903152466,1.0012072324752808
1773047416,578240348,world,cf231_leg,-2.588768482208252,-1.599350094795227,0.9862073659896851
1773047416,584235750,world,cf231,-2.5899734497070312,-1.5978018045425415,1.0012798309326172
1773047416,584235750,world,cf231_leg,-2.5884954929351807,-1.5991991758346558,0.9861552715301514
1773047416,588440421,world,cf231,-2.58986759185791,-1.597684621810913,1.0011624097824097
1773047416,588440421,world,cf231_leg,-2.5885345935821533,-1.5991424322128296,0.9861710071563721
1773047416,593499031,world,cf231,-2.58984637260437,-1.597737431526184,1.0011513233184814
1773047416,593499031,world,cf231_leg,-2.588439702987671,-1.5991904735565186,0.9861202239990234
1773047416,600112937,world,cf231,-2.5896458625793457,-1.5975908041000366,1.0011285543441772
1773047416,600112937,world,cf231_leg,-2.588317632675171,-1.5990511178970337,0.9861457347869873
1773047416,603229026,world,cf231,-2.589643716812134,-1.5976390838623047,1.001123070716858
1773047416,603229026,world,cf231_leg,-2.588294506072998,-1.5991038084030151,0.986160397529602
1773047416,608643200,world,cf231,-2.589604377746582,-1.5975761413574219,1.0011221170425415
1773047416,608643200,world,cf231_leg,-2.588238477706909,-1.598975658416748,0.9861425161361694
1773047416,613332208,world,cf231,-2.589637517929077,-1.5976388454437256,1.0011775493621826
1773047416,613332208,world,cf231_leg,-2.5881288051605225,-1.5990697145462036,0.9861928224563599
1773047416,618240066,world,cf231,-2.589515447616577,-1.5976178646087646,1.0011566877365112
1773047416,618240066,world,cf231_leg,-2.5881423950195312,-1.5990231037139893,0.9860944747924805
1773047416,623274103,world,cf231,-2.5894663333892822,-1.5975600481033325,1.0010688304901123
1773047416,623274103,world,cf231_leg,-2.588045358657837,-1.5989011526107788,0.9860905408859253
1773047416,628216187,world,cf231,-2.5893685817718506,-1.5974863767623901,1.001031517982483
1773047416,628216187,world,cf231_leg,-2.5878617763519287,-1.5988515615463257,0.9860987663269043
1773047416,633278262,world,cf231,-2.589292049407959,-1.5974810123443604,1.0009875297546387
1773047416,633278262,world,cf231_leg,-2.5878381729125977,-1.598812222480774,0.9859877824783325
1773047416,638304278,world,cf231,-2.589247465133667,-1.5974663496017456,1.0010079145431519
1773047416,638304278,world,cf231_leg,-2.587873697280884,-1.598770260810852,0.9857116937637329
1773047416,643250179,world,cf231,-2.5891544818878174,-1.597344160079956,1.0009503364562988
1773047416,643250179,world,cf231_leg,-2.5876684188842773,-1.5987080335617065,0.986056923866272
1773047416,648340778,world,cf231,-2.588968515396118,-1.5970782041549683,1.0008307695388794
1773047416,648340778,world,cf231_leg,-2.5877020359039307,-1.5986233949661255,0.9856517314910889
1773047416,653764247,world,cf231,-2.5890133380889893,-1.5972566604614258,1.000930666923523
1773047416,653764247,world,cf231_leg,-2.5874996185302734,-1.598539113998413,0.9858341217041016
1773047416,658361771,world,cf231,-2.5888874530792236,-1.5970717668533325,1.0008172988891602
1773047416,658361771,world,cf231_leg,-2.5874478816986084,-1.5986236333847046,0.9858982563018799
1773047416,664305947,world,cf231,-2.588797092437744,-1.596999168395996,1.000722885131836
1773047416,664305947,world,cf231_leg,-2.587555170059204,-1.5985980033874512,0.9858630895614624
1773047416,669513989,world,cf231,-2.5886802673339844,-1.5969302654266357,1.0006799697875977
1773047416,669513989,world,cf231_leg,-2.5873618125915527,-1.5984703302383423,0.9855024814605713
1773047416,673246012,world,cf231,-2.588632345199585,-1.5969150066375732,1.0007288455963135
1773047416,673246012,world,cf231_leg,-2.58729887008667,-1.5984594821929932,0.9855209589004517
1773047416,678207699,world,cf231,-2.588573932647705,-1.5969042778015137,1.00069260597229
1773047416,678207699,world,cf231_leg,-2.587252616882324,-1.598402738571167,0.9854156970977783
1773047416,683273352,world,cf231,-2.588289499282837,-1.5965937376022339,1.0003900527954102
1773047416,683273352,world,cf231_leg,-2.587247848510742,-1.5983315706253052,0.985456109046936
1773047416,688378490,world,cf231,-2.588315963745117,-1.596584439277649,1.000508427619934
1773047416,688378490,world,cf231_leg,-2.5871191024780273,-1.5982692241668701,0.9853799343109131
1773047416,693215589,world,cf231,-2.5881242752075195,-1.596437692642212,1.0004048347473145
1773047416,693215589,world,cf231_leg,-2.5870754718780518,-1.598186731338501,0.9854118824005127
1773047416,698160987,world,cf231,-2.5880844593048096,-1.5964460372924805,1.0003974437713623
1773047416,698160987,world,cf231_leg,-2.587012529373169,-1.5981332063674927,0.9852783679962158
1773047416,703267243,world,cf231,-2.5879812240600586,-1.5961850881576538,1.000268816947937
1773047416,703267243,world,cf231_leg,-2.5870606899261475,-1.5980294942855835,0.9852423667907715
1773047416,708111641,world,cf231,-2.5878169536590576,-1.5961015224456787,1.0002731084823608
1773047416,708111641,world,cf231_leg,-2.5868117809295654,-1.5979974269866943,0.985146164894104
1773047416,713157517,world,cf231,-2.5878283977508545,-1.5959821939468384,1.0002037286758423
1773047416,713157517,world,cf231_leg,-2.5867645740509033,-1.5979396104812622,0.9850448369979858
1773047416,719276506,world,cf231,-2.5876307487487793,-1.5958410501480103,0.9999834299087524
1773047416,719276506,world,cf231_leg,-2.586798906326294,-1.5980024337768555,0.9850895404815674
1773047416,725080455,world,cf231,-2.5875399112701416,-1.5956408977508545,1.0000783205032349
1773047416,725080455,world,cf231_leg,-2.586643934249878,-1.597710132598877,0.984935998916626
1773047416,728256688,world,cf231,-2.587418794631958,-1.5954991579055786,1.0000733137130737
1773047416,728256688,world,cf231_leg,-2.5865607261657715,-1.5977344512939453,0.9849464893341064
1773047416,733242961,world,cf231,-2.587398052215576,-1.5954607725143433,0.9999316930770874
1773047416,733242961,world,cf231_leg,-2.586608648300171,-1.5976970195770264,0.9848873615264893
1773047416,738383461,world,cf231,-2.5873169898986816,-1.5953829288482666,0.9999251365661621
1773047416,738383461,world,cf231_leg,-2.5864710807800293,-1.5975217819213867,0.9847421646118164
1773047416,744209612,world,cf231,-2.5871379375457764,-1.5952309370040894,0.9998818635940552
1773047416,744209612,world,cf231_leg,-2.5863614082336426,-1.597377061843872,0.9848253726959229
1773047416,748442700,world,cf231,-2.5871095657348633,-1.595119595527649,0.9998056888580322
1773047416,748442700,world,cf231_leg,-2.5863497257232666,-1.597314476966858,0.9847733974456787
1773047416,754261084,world,cf231,-2.5869524478912354,-1.5949153900146484,0.9997714757919312
1773047416,754261084,world,cf231_leg,-2.586280107498169,-1.5973097085952759,0.9846851825714111
1773047416,758377068,world,cf231,-2.5868189334869385,-1.594779133796692,0.9997043609619141
1773047416,758377068,world,cf231_leg,-2.5862200260162354,-1.5972486734390259,0.9846863746643066
1773047416,763312437,world,cf231,-2.586761713027954,-1.5946481227874756,0.9996824264526367
1773047416,763312437,world,cf231_leg,-2.5861122608184814,-1.5969940423965454,0.9846209287643433
1773047416,768391796,world,cf231,-2.586721420288086,-1.5945842266082764,0.9996840953826904
1773047416,768391796,world,cf231_leg,-2.5859715938568115,-1.5969631671905518,0.9843251705169678
1773047416,773282348,world,cf231,-2.5865845680236816,-1.5944476127624512,0.9996451139450073
1773047416,773282348,world,cf231_leg,-2.5860185623168945,-1.5970184803009033,0.9844125509262085
1773047416,778418490,world,cf231,-2.5865707397460938,-1.594380259513855,0.9995945692062378
1773047416,778418490,world,cf231_leg,-2.5859625339508057,-1.5967304706573486,0.9842735528945923
1773047416,783275874,world,cf231,-2.5864367485046387,-1.5942435264587402,0.9995288848876953
1773047416,783275874,world,cf231_leg,-2.5857491493225098,-1.5966631174087524,0.9843575954437256
1773047416,788401090,world,cf231,-2.5864012241363525,-1.5941312313079834,0.9995100498199463
1773047416,788401090,world,cf231_leg,-2.5857908725738525,-1.5965328216552734,0.9842202663421631
1773047416,793271016,world,cf231,-2.5862226486206055,-1.5939795970916748,0.9994651079177856
1773047416,793271016,world,cf231_leg,-2.5856828689575195,-1.5964661836624146,0.9841299057006836
1773047416,799153236,world,cf231,-2.5862107276916504,-1.5938639640808105,0.9994204044342041
1773047416,799153236,world,cf231_leg,-2.585606813430786,-1.5963406562805176,0.9841082096099854
1773047416,804221142,world,cf231,-2.5861377716064453,-1.5937376022338867,0.9993659257888794
1773047416,804221142,world,cf231_leg,-2.585538387298584,-1.5961209535598755,0.9841861724853516
1773047416,808374487,world,cf231,-2.5861384868621826,-1.5936166048049927,0.9993822574615479
1773047416,808374487,world,cf231_leg,-2.585493803024292,-1.5960654020309448,0.9840760231018066
1773047416,813509976,world,cf231,-2.586108446121216,-1.5935536623001099,0.9992994070053101
1773047416,813509976,world,cf231_leg,-2.585407257080078,-1.5960842370986938,0.9839732646942139
1773047416,818387140,world,cf231,-2.5859296321868896,-1.5934020280838013,0.9992551803588867
1773047416,818387140,world,cf231_leg,-2.5855212211608887,-1.5958442687988281,0.9840559959411621
1773047416,823220333,world,cf231,-2.5858778953552246,-1.593222737312317,0.9992109537124634
1773047416,823220333,world,cf231_leg,-2.585242986679077,-1.5957924127578735,0.9840184450149536
1773047416,828189765,world,cf231,-2.5858919620513916,-1.5931742191314697,0.999109148979187
1773047416,828189765,world,cf231_leg,-2.5853519439697266,-1.595674753189087,0.9838335514068604
1773047416,833489441,world,cf231,-2.5858571529388428,-1.5931546688079834,0.9992166757583618
1773047416,833489441,world,cf231_leg,-2.5853164196014404,-1.5957328081130981,0.9837906360626221
1773047416,838337808,world,cf231,-2.585747718811035,-1.5929652452468872,0.9991337060928345
1773047416,838337808,world,cf231_leg,-2.585163116455078,-1.59542715549469,0.9834431409835815
1773047416,843311427,world,cf231,-2.5856776237487793,-1.5928388833999634,0.9990516901016235
1773047416,843311427,world,cf231_leg,-2.5851149559020996,-1.5953776836395264,0.9838156700134277
1773047416,848300180,world,cf231,-2.5856213569641113,-1.5927082300186157,0.9990278482437134
1773047416,848300180,world,cf231_leg,-2.5850789546966553,-1.5953009128570557,0.9834930896759033
1773047416,853359793,world,cf231,-2.5855493545532227,-1.5925828218460083,0.9989700317382812
1773047416,853359793,world,cf231_leg,-2.585113286972046,-1.5952236652374268,0.9835423231124878
1773047416,858327014,world,cf231,-2.585458993911743,-1.592388391494751,0.998893141746521
1773047416,858327014,world,cf231_leg,-2.584984064102173,-1.5949958562850952,0.9833176136016846
1773047416,863189152,world,cf231,-2.5854663848876953,-1.5922678709030151,0.9988539218902588
1773047416,863189152,world,cf231_leg,-2.5849523544311523,-1.595055103302002,0.9832468032836914
1773047416,868779860,world,cf231,-2.5854060649871826,-1.5919729471206665,0.9987374544143677
1773047416,868779860,world,cf231_leg,-2.5849947929382324,-1.5949482917785645,0.9832448959350586
1773047416,874155320,world,cf231,-2.5852692127227783,-1.5918365716934204,0.9986972808837891
1773047416,874155320,world,cf231_leg,-2.58494234085083,-1.5948212146759033,0.9831990003585815
1773047416,878714276,world,cf231,-2.585179328918457,-1.5916428565979004,0.9986182451248169
1773047416,878714276,world,cf231_leg,-2.584841251373291,-1.5946520566940308,0.9833686351776123
1773047416,883298960,world,cf231,-2.585224151611328,-1.5915861129760742,0.9986047744750977
1773047416,883298960,world,cf231_leg,-2.5849199295043945,-1.5947550535202026,0.9832284450531006
1773047416,888267605,world,cf231,-2.5851845741271973,-1.5914011001586914,0.9986228942871094
1773047416,888267605,world,cf231_leg,-2.5847792625427246,-1.5945765972137451,0.9830935001373291
1773047416,894183704,world,cf231,-2.5851564407348633,-1.5912184715270996,0.9985527992248535
1773047416,894183704,world,cf231_leg,-2.5848658084869385,-1.594534993171692,0.983059287071228
1773047416,898749436,world,cf231,-2.585167407989502,-1.591170072555542,0.9984776973724365
1773047416,898749436,world,cf231_leg,-2.5847997665405273,-1.5944550037384033,0.9831111431121826
1773047416,903310633,world,cf231,-2.585071325302124,-1.5908540487289429,0.9984731674194336
1773047416,903310633,world,cf231_leg,-2.584851026535034,-1.5944209098815918,0.9830403327941895
1773047416,908386293,world,cf231,-2.585054636001587,-1.5907868146896362,0.9984487295150757
1773047416,908386293,world,cf231_leg,-2.584749698638916,-1.5943963527679443,0.9830344915390015
1773047416,913681436,world,cf231,-2.585076332092285,-1.590540885925293,0.9984842538833618
1773047416,913681436,world,cf231_leg,-2.584674596786499,-1.5941623449325562,0.9828817844390869
1773047416,918443513,world,cf231,-2.584958076477051,-1.5903067588806152,0.9983233213424683
1773047416,918443513,world,cf231_leg,-2.584667682647705,-1.5941604375839233,0.9829349517822266
1773047416,924118212,world,cf231,-2.5849947929382324,-1.5901768207550049,0.9983757734298706
1773047416,924118212,world,cf231_leg,-2.5847980976104736,-1.594173550605774,0.9830135107040405
1773047416,929298445,world,cf231,-2.5849428176879883,-1.5899971723556519,0.9983325004577637
1773047416,929298445,world,cf231_leg,-2.584662437438965,-1.5939288139343262,0.9828557968139648
1773047416,933435996,world,cf231,-2.584963798522949,-1.5899441242218018,0.9983439445495605
1773047416,933435996,world,cf231_leg,-2.5846261978149414,-1.5938665866851807,0.982831597328186
1773047416,938393201,world,cf231,-2.5849621295928955,-1.5898289680480957,0.9982155561447144
1773047416,938393201,world,cf231_leg,-2.5846517086029053,-1.5938849449157715,0.9827995300292969
1773047416,943683789,world,cf231,-2.584878444671631,-1.5896294116973877,0.9982537031173706
1773047416,943683789,world,cf231_leg,-2.5846948623657227,-1.5937325954437256,0.9829421043395996
1773047416,948175937,world,cf231,-2.584970474243164,-1.5895874500274658,0.9981926679611206
1773047416,948175937,world,cf231_leg,-2.5846428871154785,-1.5937718152999878,0.9827308654785156
1773047416,953353360,world,cf231,-2.5848567485809326,-1.589396595954895,0.9981405735015869
1773047416,953353360,world,cf231_leg,-2.5845634937286377,-1.5935331583023071,0.9825940132141113
1773047416,958453439,world,cf231,-2.584845542907715,-1.5892810821533203,0.9980944395065308
1773047416,958453439,world,cf231_leg,-2.5846469402313232,-1.5936510562896729,0.9827048778533936
1773047416,963207092,world,cf231,-2.584808349609375,-1.5892174243927002,0.9980685710906982
1773047416,963207092,world,cf231_leg,-2.5846898555755615,-1.593409776687622,0.9827337265014648
1773047416,968392689,world,cf231,-2.5848217010498047,-1.5892130136489868,0.9981273412704468
1773047416,968392689,world,cf231_leg,-2.5845272541046143,-1.5932420492172241,0.982458233833313
1773047416,974073089,world,cf231,-2.584723949432373,-1.5889753103256226,0.9979677200317383
1773047416,974073089,world,cf231_leg,-2.5844473838806152,-1.5931835174560547,0.9824562072753906
1773047416,978647606,world,cf231,-2.5848772525787354,-1.5891073942184448,0.9980396032333374
1773047416,978647606,world,cf231_leg,-2.584498167037964,-1.5930802822113037,0.9823954105377197
1773047416,983492754,world,cf231,-2.58473801612854,-1.588855266571045,0.9978728294372559
1773047416,983492754,world,cf231_leg,-2.5844318866729736,-1.5929311513900757,0.9824577569961548
1773047416,988482973,world,cf231,-2.5847065448760986,-1.5886775255203247,0.9976602792739868
1773047416,988482973,world,cf231_leg,-2.5845344066619873,-1.5929111242294312,0.9822940826416016
1773047416,993504121,world,cf231,-2.5846524238586426,-1.5886120796203613,0.9977750778198242
1773047416,993504121,world,cf231_leg,-2.584416389465332,-1.5928418636322021,0.9822808504104614
1773047416,998411691,world,cf231,-2.58467698097229,-1.5885592699050903,0.997758150100708
1773047416,998411691,world,cf231_leg,-2.5845792293548584,-1.5928065776824951,0.9822838306427002
1773047417,3289955,world,cf231,-2.584604024887085,-1.5884329080581665,0.9977028369903564
1773047417,3289955,world,cf231_leg,-2.584479570388794,-1.5925447940826416,0.982304573059082
1773047417,8475338,world,cf231,-2.5846681594848633,-1.588443398475647,0.997686505317688
1773047417,8475338,world,cf231_leg,-2.5844478607177734,-1.5925102233886719,0.982089638710022
1773047417,14336305,world,cf231,-2.584618330001831,-1.588318109512329,0.9974372386932373
1773047417,14336305,world,cf231_leg,-2.5843658447265625,-1.5925031900405884,0.982101559638977
1773047417,18513087,world,cf231,-2.5845842361450195,-1.5882071256637573,0.9974137544631958
1773047417,18513087,world,cf231_leg,-2.58455491065979,-1.5924153327941895,0.9820650815963745
1773047417,23666169,world,cf231,-2.5845539569854736,-1.5881438255310059,0.9973322153091431
1773047417,23666169,world,cf231_leg,-2.5843615531921387,-1.5922719240188599,0.9820204973220825
1773047417,28263671,world,cf231,-2.5845823287963867,-1.5880918502807617,0.9972857236862183
1773047417,28263671,world,cf231_leg,-2.5844380855560303,-1.5921846628189087,0.9819130897521973
1773047417,33326846,world,cf231,-2.5846095085144043,-1.588038444519043,0.9972435235977173
1773047417,33326846,world,cf231_leg,-2.5845186710357666,-1.5921903848648071,0.9819059371948242
1773047417,38372099,world,cf231,-2.584665060043335,-1.588054895401001,0.9971363544464111
1773047417,38372099,world,cf231_leg,-2.5843756198883057,-1.592131495475769,0.9817774295806885
1773047417,43530318,world,cf231,-2.5847318172454834,-1.5879428386688232,0.9971140623092651
1773047417,43530318,world,cf231_leg,-2.584423780441284,-1.591958999633789,0.9817501306533813
1773047417,48262706,world,cf231,-2.5846238136291504,-1.587754487991333,0.9970265626907349
1773047417,48262706,world,cf231_leg,-2.58435320854187,-1.5919023752212524,0.9816722869873047
1773047417,53324167,world,cf231,-2.58485746383667,-1.5879220962524414,0.9969673156738281
1773047417,53324167,world,cf231_leg,-2.584505796432495,-1.5919840335845947,0.9817376136779785
1773047417,58412220,world,cf231,-2.584773540496826,-1.5877223014831543,0.997005820274353
1773047417,58412220,world,cf231_leg,-2.584425210952759,-1.5917466878890991,0.9816187620162964
1773047417,63495981,world,cf231,-2.58487606048584,-1.5877530574798584,0.9968527555465698
1773047417,63495981,world,cf231_leg,-2.5843710899353027,-1.5916863679885864,0.9815704822540283
1773047417,68406070,world,cf231,-2.5849549770355225,-1.5877156257629395,0.996732234954834
1773047417,68406070,world,cf231_leg,-2.584381580352783,-1.591758370399475,0.9814810752868652
1773047417,74622459,world,cf231,-2.5850484371185303,-1.5876742601394653,0.996668815612793
1773047417,74622459,world,cf231_leg,-2.5844619274139404,-1.5917155742645264,0.9814975261688232
1773047417,79312741,world,cf231,-2.5850822925567627,-1.5877383947372437,0.9967212677001953
1773047417,79312741,world,cf231_leg,-2.584378719329834,-1.5915954113006592,0.9813700914382935
1773047417,83391272,world,cf231,-2.5851399898529053,-1.5876318216323853,0.9966095685958862
1773047417,83391272,world,cf231_leg,-2.5843729972839355,-1.5914825201034546,0.9812769889831543
1773047417,89256504,world,cf231,-2.5851376056671143,-1.5875877141952515,0.9964754581451416
1773047417,89256504,world,cf231_leg,-2.584362506866455,-1.5914363861083984,0.9812055826187134
1773047417,93306759,world,cf231,-2.585221529006958,-1.587593674659729,0.9964643716812134
1773047417,93306759,world,cf231_leg,-2.5844461917877197,-1.591394305229187,0.9811962842941284
1773047417,98548692,world,cf231,-2.5851948261260986,-1.5874837636947632,0.9963827133178711
1773047417,98548692,world,cf231_leg,-2.5843727588653564,-1.591296672821045,0.9810055494308472
1773047417,105964779,world,cf231,-2.5852935314178467,-1.5873914957046509,0.996279239654541
1773047417,105964779,world,cf231_leg,-2.5843682289123535,-1.5913455486297607,0.9810277223587036
1773047417,108201235,world,cf231,-2.5853404998779297,-1.5873422622680664,0.9960882663726807
1773047417,108201235,world,cf231_leg,-2.584458827972412,-1.5913742780685425,0.9809563159942627
1773047417,113567844,world,cf231,-2.5853803157806396,-1.5873855352401733,0.9959510564804077
1773047417,113567844,world,cf231_leg,-2.5844290256500244,-1.591193675994873,0.9808975458145142
1773047417,119753281,world,cf231,-2.585531234741211,-1.587324857711792,0.9960745573043823
1773047417,119753281,world,cf231_leg,-2.584364414215088,-1.5912095308303833,0.9807751178741455
1773047417,123252851,world,cf231,-2.585474967956543,-1.587292194366455,0.995877742767334
1773047417,123252851,world,cf231_leg,-2.584508180618286,-1.591200590133667,0.9809099435806274
1773047417,128366037,world,cf231,-2.585437059402466,-1.5871859788894653,0.9957125186920166
1773047417,128366037,world,cf231_leg,-2.5844388008117676,-1.5911731719970703,0.9806824922561646
1773047417,133277701,world,cf231,-2.5855629444122314,-1.5871572494506836,0.9957176446914673
1773047417,133277701,world,cf231_leg,-2.5845015048980713,-1.5910639762878418,0.9806828498840332
1773047417,138329235,world,cf231,-2.585482597351074,-1.587035059928894,0.995549201965332
1773047417,138329235,world,cf231_leg,-2.5845701694488525,-1.591144323348999,0.9806066751480103
1773047417,143431096,world,cf231,-2.58565354347229,-1.5870715379714966,0.995521068572998
1773047417,143431096,world,cf231_leg,-2.5845439434051514,-1.5910078287124634,0.98067307472229
1773047417,148162790,world,cf231,-2.5856564044952393,-1.5870715379714966,0.9954938888549805
1773047417,148162790,world,cf231_leg,-2.584664821624756,-1.5910545587539673,0.9805245399475098
1773047417,153352124,world,cf231,-2.585723638534546,-1.5870345830917358,0.995481014251709
1773047417,153352124,world,cf231_leg,-2.5845696926116943,-1.590940237045288,0.9803367853164673
1773047417,158466560,world,cf231,-2.585775375366211,-1.5870503187179565,0.9954031705856323
1773047417,158466560,world,cf231_leg,-2.5845348834991455,-1.5909478664398193,0.9803001880645752
1773047417,163365912,world,cf231,-2.585747241973877,-1.5869389772415161,0.9953261613845825
1773047417,163365912,world,cf231_leg,-2.5846731662750244,-1.590895414352417,0.9803309440612793
1773047417,168173163,world,cf231,-2.5858190059661865,-1.5869004726409912,0.9952633380889893
1773047417,168173163,world,cf231_leg,-2.584656000137329,-1.590814232826233,0.9800159931182861
1773047417,174262957,world,cf231,-2.5857930183410645,-1.5869098901748657,0.9951435327529907
1773047417,174262957,world,cf231_leg,-2.5847253799438477,-1.5908262729644775,0.9799472093582153
1773047417,178349154,world,cf231,-2.5858991146087646,-1.5868138074874878,0.9951515197753906
1773047417,178349154,world,cf231_leg,-2.5846056938171387,-1.590783715248108,0.9797933101654053
1773047417,184167988,world,cf231,-2.5859813690185547,-1.5869433879852295,0.9951432943344116
1773047417,184167988,world,cf231_leg,-2.584656000137329,-1.5906107425689697,0.9797443151473999
1773047417,188443680,world,cf231,-2.585907220840454,-1.5867654085159302,0.9951034784317017
1773047417,188443680,world,cf231_leg,-2.584717035293579,-1.5906474590301514,0.9795881509780884
1773047417,194192795,world,cf231,-2.5859458446502686,-1.586735486984253,0.9949781894683838
1773047417,194192795,world,cf231_leg,-2.584770917892456,-1.590544581413269,0.97950279712677
1773047417,198598626,world,cf231,-2.585928201675415,-1.5867890119552612,0.9949381351470947
1773047417,198598626,world,cf231_leg,-2.584820032119751,-1.590721845626831,0.9795660972595215
1773047417,204178122,world,cf231,-2.5859251022338867,-1.5866252183914185,0.9948431253433228
1773047417,204178122,world,cf231_leg,-2.5848500728607178,-1.590482473373413,0.9795238971710205
1773047417,210165398,world,cf231,-2.586005687713623,-1.586702823638916,0.99485182762146
1773047417,210165398,world,cf231_leg,-2.584789276123047,-1.5903289318084717,0.979399561882019
1773047417,213840834,world,cf231,-2.5860211849212646,-1.5866557359695435,0.9947452545166016
1773047417,213840834,world,cf231_leg,-2.5849177837371826,-1.590470314025879,0.9793227910995483
1773047417,219252116,world,cf231,-2.586118698120117,-1.5867292881011963,0.9947848320007324
1773047417,219252116,world,cf231_leg,-2.584928512573242,-1.5904223918914795,0.9792510271072388
1773047417,224480753,world,cf231,-2.5861308574676514,-1.5866817235946655,0.994706392288208
1773047417,224480753,world,cf231_leg,-2.5849649906158447,-1.5903475284576416,0.9792908430099487
1773047417,228518701,world,cf231,-2.586101770401001,-1.5865695476531982,0.9946321249008179
1773047417,228518701,world,cf231_leg,-2.584932327270508,-1.5903041362762451,0.9792393445968628
1773047417,233438575,world,cf231,-2.586125135421753,-1.5864436626434326,0.9946272373199463
1773047417,233438575,world,cf231_leg,-2.5850064754486084,-1.5902166366577148,0.9791560173034668
1773047417,238460131,world,cf231,-2.586137056350708,-1.5864676237106323,0.9945422410964966
1773047417,238460131,world,cf231_leg,-2.5849740505218506,-1.5902063846588135,0.9790959358215332
1773047417,244396603,world,cf231,-2.5861005783081055,-1.5863326787948608,0.9945220947265625
1773047417,244396603,world,cf231_leg,-2.585057497024536,-1.5900952816009521,0.9790960550308228
1773047417,248425122,world,cf231,-2.586195230484009,-1.5864782333374023,0.9945800304412842
1773047417,248425122,world,cf231_leg,-2.584951877593994,-1.5900973081588745,0.9789729118347168
1773047417,253460569,world,cf231,-2.586216449737549,-1.5863085985183716,0.994439959526062
1773047417,253460569,world,cf231_leg,-2.585054874420166,-1.590120792388916,0.9789594411849976
1773047417,258395258,world,cf231,-2.586347818374634,-1.586374282836914,0.9945398569107056
1773047417,258395258,world,cf231_leg,-2.5850021839141846,-1.5899931192398071,0.9789150953292847
1773047417,264329306,world,cf231,-2.5862960815429688,-1.5862663984298706,0.9944887161254883
1773047417,264329306,world,cf231_leg,-2.5849902629852295,-1.5899301767349243,0.9788633584976196
1773047417,268416115,world,cf231,-2.586254596710205,-1.5861592292785645,0.9943535327911377
1773047417,268416115,world,cf231_leg,-2.5851314067840576,-1.589964509010315,0.9788616895675659
1773047417,274375055,world,cf231,-2.586338520050049,-1.586165428161621,0.9943411350250244
1773047417,274375055,world,cf231_leg,-2.5850236415863037,-1.5898290872573853,0.9787780046463013
1773047417,281426388,world,cf231,-2.5864174365997314,-1.5861223936080933,0.9943925142288208
1773047417,281426388,world,cf231_leg,-2.5850181579589844,-1.5897854566574097,0.9786739349365234
1773047417,285304181,world,cf231,-2.586472511291504,-1.5861382484436035,0.9942868947982788
1773047417,285304181,world,cf231_leg,-2.5850353240966797,-1.5896626710891724,0.978718638420105
1773047417,290422462,world,cf231,-2.5865392684936523,-1.5861481428146362,0.9942452907562256
1773047417,290422462,world,cf231_leg,-2.5850918292999268,-1.5897914171218872,0.978736400604248
1773047417,294131282,world,cf231,-2.586503505706787,-1.586085557937622,0.9942156076431274
1773047417,294131282,world,cf231_leg,-2.5851874351501465,-1.5896316766738892,0.9786436557769775
1773047417,298298427,world,cf231,-2.5866050720214844,-1.5860379934310913,0.9942443370819092
1773047417,298298427,world,cf231_leg,-2.585076093673706,-1.5895642042160034,0.9785779714584351
1773047417,303382920,world,cf231,-2.586751937866211,-1.5860062837600708,0.994249701499939
1773047417,303382920,world,cf231_leg,-2.5850491523742676,-1.589546799659729,0.9786292314529419
1773047417,308998309,world,cf231,-2.5866212844848633,-1.5859413146972656,0.9941476583480835
1773047417,308998309,world,cf231_leg,-2.5850791931152344,-1.5895646810531616,0.9785526990890503
1773047417,313406521,world,cf231,-2.5866525173187256,-1.5858888626098633,0.9940751791000366
1773047417,313406521,world,cf231_leg,-2.58520245552063,-1.5894662141799927,0.9785583019256592
1773047417,318310779,world,cf231,-2.586726665496826,-1.5858944654464722,0.9941470623016357
1773047417,318310779,world,cf231_leg,-2.585033893585205,-1.5893375873565674,0.9784698486328125
1773047417,323487952,world,cf231,-2.5868141651153564,-1.585972785949707,0.9940989017486572
1773047417,323487952,world,cf231_leg,-2.584975004196167,-1.5892597436904907,0.9784674644470215
1773047417,328770773,world,cf231,-2.5868403911590576,-1.5859633684158325,0.9942184686660767
1773047417,328770773,world,cf231_leg,-2.5850577354431152,-1.5892857313156128,0.9784519672393799
1773047417,333415096,world,cf231,-2.586810827255249,-1.5859726667404175,0.9941266775131226
1773047417,333415096,world,cf231_leg,-2.585085868835449,-1.5891562700271606,0.9785598516464233
1773047417,338516585,world,cf231,-2.586784601211548,-1.5859049558639526,0.994185209274292
1773047417,338516585,world,cf231_leg,-2.585024118423462,-1.5890346765518188,0.9784306287765503
1773047417,343493271,world,cf231,-2.5868749618530273,-1.5859830379486084,0.9941104650497437
1773047417,343493271,world,cf231_leg,-2.5849897861480713,-1.5890427827835083,0.9783916473388672
1773047417,348346352,world,cf231,-2.5867810249328613,-1.5859097242355347,0.9940435886383057
1773047417,348346352,world,cf231_leg,-2.5850024223327637,-1.5889689922332764,0.9784578084945679
1773047417,353540936,world,cf231,-2.586772918701172,-1.5857890844345093,0.9941402673721313
1773047417,353540936,world,cf231_leg,-2.584965705871582,-1.588735580444336,0.9784605503082275
1773047417,359476207,world,cf231,-2.5867176055908203,-1.585777997970581,0.9940767288208008
1773047417,359476207,world,cf231_leg,-2.584872245788574,-1.5887572765350342,0.9785484075546265
1773047417,363571216,world,cf231,-2.5867083072662354,-1.5857782363891602,0.9941576719284058
1773047417,363571216,world,cf231_leg,-2.5850045680999756,-1.588678240776062,0.9784784317016602
1773047417,368323638,world,cf231,-2.5867810249328613,-1.5858327150344849,0.9942210912704468
1773047417,368323638,world,cf231_leg,-2.5848889350891113,-1.588659644126892,0.9784339666366577
1773047417,373603834,world,cf231,-2.5867276191711426,-1.585701584815979,0.9941707849502563
1773047417,373603834,world,cf231_leg,-2.5849056243896484,-1.5884857177734375,0.9784876108169556
1773047417,378446266,world,cf231,-2.5867364406585693,-1.5856536626815796,0.9941208362579346
1773047417,378446266,world,cf231_leg,-2.5848686695098877,-1.5884476900100708,0.9786186218261719
1773047417,384223003,world,cf231,-2.5866847038269043,-1.585638165473938,0.9941979646682739
1773047417,384223003,world,cf231_leg,-2.584786891937256,-1.5883973836898804,0.9784784317016602
1773047417,388503844,world,cf231,-2.5866401195526123,-1.5855515003204346,0.9942260980606079
1773047417,388503844,world,cf231_leg,-2.5848870277404785,-1.588323950767517,0.9786432981491089
1773047417,393468820,world,cf231,-2.586684226989746,-1.5855660438537598,0.9942066669464111
1773047417,393468820,world,cf231_leg,-2.5848395824432373,-1.5882396697998047,0.9787031412124634
1773047417,398607965,world,cf231,-2.586574077606201,-1.5854202508926392,0.994284987449646
1773047417,398607965,world,cf231_leg,-2.5848100185394287,-1.5882402658462524,0.9787775278091431
1773047417,405124338,world,cf231,-2.586630344390869,-1.5854793787002563,0.9943162202835083
1773047417,405124338,world,cf231_leg,-2.5848793983459473,-1.588175654411316,0.9788776636123657
1773047417,408408731,world,cf231,-2.5865604877471924,-1.5852757692337036,0.9944117069244385
1773047417,408408731,world,cf231_leg,-2.584742307662964,-1.5879695415496826,0.9788615703582764
1773047417,413478771,world,cf231,-2.586559772491455,-1.5852751731872559,0.9944136142730713
1773047417,413478771,world,cf231_leg,-2.5847198963165283,-1.5879287719726562,0.9793477058410645
1773047417,418530272,world,cf231,-2.586465358734131,-1.5851293802261353,0.9943556785583496
1773047417,418530272,world,cf231_leg,-2.5847442150115967,-1.5879460573196411,0.9793202877044678
1773047417,423524671,world,cf231,-2.586427927017212,-1.5851103067398071,0.9944890737533569
1773047417,423524671,world,cf231_leg,-2.584697723388672,-1.587811827659607,0.9793847799301147
1773047417,428485836,world,cf231,-2.5864086151123047,-1.5849714279174805,0.9944984912872314
1773047417,428485836,world,cf231_leg,-2.5846619606018066,-1.5877729654312134,0.9794957637786865
1773047417,433809211,world,cf231,-2.5863237380981445,-1.585014820098877,0.994500994682312
1773047417,433809211,world,cf231_leg,-2.584681987762451,-1.587719202041626,0.9795072078704834
1773047417,438842844,world,cf231,-2.5863471031188965,-1.584883689880371,0.9946664571762085
1773047417,438842844,world,cf231_leg,-2.5846216678619385,-1.5876322984695435,0.979669451713562
1773047417,443910335,world,cf231,-2.5862464904785156,-1.5847381353378296,0.9946621656417847
1773047417,443910335,world,cf231_leg,-2.5845184326171875,-1.5874887704849243,0.9797005653381348
1773047417,449219794,world,cf231,-2.5863587856292725,-1.584829330444336,0.9948921203613281
1773047417,449219794,world,cf231_leg,-2.584543466567993,-1.587363600730896,0.9799714088439941
1773047417,453661231,world,cf231,-2.5862877368927,-1.5846244096755981,0.9949915409088135
1773047417,453661231,world,cf231_leg,-2.5844337940216064,-1.5873843431472778,0.9798909425735474
1773047417,459313122,world,cf231,-2.5862038135528564,-1.5845465660095215,0.9950106143951416
1773047417,459313122,world,cf231_leg,-2.5845208168029785,-1.587315320968628,0.980000376701355
1773047417,463518566,world,cf231,-2.5861265659332275,-1.584468960762024,0.9949744939804077
1773047417,463518566,world,cf231_leg,-2.5843992233276367,-1.5871987342834473,0.9801604747772217
1773047417,469172695,world,cf231,-2.5859010219573975,-1.584252953529358,0.9949849843978882
1773047417,469172695,world,cf231_leg,-2.584312677383423,-1.587120532989502,0.9802118539810181
1773047417,473494580,world,cf231,-2.5858871936798096,-1.5841796398162842,0.9951061010360718
1773047417,473494580,world,cf231_leg,-2.584395408630371,-1.587120771408081,0.9803576469421387
1773047417,478572590,world,cf231,-2.5859336853027344,-1.5842382907867432,0.9952206611633301
1773047417,478572590,world,cf231_leg,-2.5842769145965576,-1.5869133472442627,0.9803636074066162
1773047417,483620005,world,cf231,-2.5858795642852783,-1.5840767621994019,0.9953203201293945
1773047417,483620005,world,cf231_leg,-2.584178924560547,-1.58688223361969,0.9804897308349609
1773047417,488546572,world,cf231,-2.5857906341552734,-1.5839282274246216,0.9953982830047607
1773047417,488546572,world,cf231_leg,-2.5841333866119385,-1.5868688821792603,0.9805334806442261
1773047417,494287815,world,cf231,-2.585782289505005,-1.5838994979858398,0.9956248998641968
1773047417,494287815,world,cf231_leg,-2.5840914249420166,-1.58661687374115,0.9805848598480225
1773047417,498200578,world,cf231,-2.5856306552886963,-1.583730697631836,0.995848536491394
1773047417,498200578,world,cf231_leg,-2.5837671756744385,-1.5864317417144775,0.980606198310852
1773047417,503355386,world,cf231,-2.5855231285095215,-1.5835845470428467,0.9959005117416382
1773047417,503355386,world,cf231_leg,-2.5838379859924316,-1.586435079574585,0.9806777238845825
1773047417,508301904,world,cf231,-2.585585117340088,-1.5835660696029663,0.9960578680038452
1773047417,508301904,world,cf231_leg,-2.5838663578033447,-1.5863772630691528,0.9807904958724976
1773047417,514131938,world,cf231,-2.585390567779541,-1.5833337306976318,0.9963090419769287
1773047417,514131938,world,cf231_leg,-2.5836620330810547,-1.5863040685653687,0.9809557199478149
1773047417,518392318,world,cf231,-2.585346221923828,-1.5832420587539673,0.996506929397583
1773047417,518392318,world,cf231_leg,-2.583576202392578,-1.5860635042190552,0.980870246887207
1773047417,523497523,world,cf231,-2.585254430770874,-1.5830907821655273,0.9965932369232178
1773047417,523497523,world,cf231_leg,-2.583613157272339,-1.5860730409622192,0.981197714805603
1773047417,528715766,world,cf231,-2.5851852893829346,-1.5829964876174927,0.9969900846481323
1773047417,528715766,world,cf231_leg,-2.583521842956543,-1.58597731590271,0.9812952280044556
1773047417,533527858,world,cf231,-2.58516788482666,-1.5828511714935303,0.997146487236023
1773047417,533527858,world,cf231_leg,-2.5835514068603516,-1.5858901739120483,0.9815349578857422
1773047417,538406861,world,cf231,-2.5849711894989014,-1.5826753377914429,0.9972394704818726
1773047417,538406861,world,cf231_leg,-2.583322048187256,-1.5857174396514893,0.9817612171173096
1773047417,543438606,world,cf231,-2.584843635559082,-1.5824615955352783,0.9972954988479614
1773047417,543438606,world,cf231_leg,-2.5834271907806396,-1.5857555866241455,0.9820243120193481
1773047417,548461374,world,cf231,-2.58480167388916,-1.582369089126587,0.9974682331085205
1773047417,548461374,world,cf231_leg,-2.5833189487457275,-1.5854897499084473,0.9824167490005493
1773047417,553510034,world,cf231,-2.58467435836792,-1.5821256637573242,0.9976725578308105
1773047417,553510034,world,cf231_leg,-2.5831172466278076,-1.5852917432785034,0.9824376106262207
1773047417,558476179,world,cf231,-2.584643840789795,-1.5820350646972656,0.997758150100708
1773047417,558476179,world,cf231_leg,-2.583076238632202,-1.5853214263916016,0.9825870990753174
1773047417,563415432,world,cf231,-2.5844082832336426,-1.5818202495574951,0.9976649284362793
1773047417,563415432,world,cf231_leg,-2.5830249786376953,-1.5851083993911743,0.9828517436981201
1773047417,568620819,world,cf231,-2.5843734741210938,-1.581845760345459,0.9979308843612671
1773047417,568620819,world,cf231_leg,-2.582810163497925,-1.5850168466567993,0.9828002452850342
1773047417,573574445,world,cf231,-2.5841941833496094,-1.5815708637237549,0.9979064464569092
1773047417,573574445,world,cf231_leg,-2.5827982425689697,-1.5849356651306152,0.9830547571182251
1773047417,579559993,world,cf231,-2.5842385292053223,-1.581457257270813,0.9982092380523682
1773047417,579559993,world,cf231_leg,-2.5826525688171387,-1.584822654724121,0.9832556247711182
1773047417,583754048,world,cf231,-2.5841546058654785,-1.5814212560653687,0.9983692169189453
1773047417,583754048,world,cf231_leg,-2.5825798511505127,-1.5846974849700928,0.9832082986831665
1773047417,588845991,world,cf231,-2.583918809890747,-1.5811793804168701,0.9984433650970459
1773047417,588845991,world,cf231_leg,-2.5824499130249023,-1.5846056938171387,0.9832807779312134
1773047417,593458664,world,cf231,-2.583775043487549,-1.5809407234191895,0.9986144304275513
1773047417,593458664,world,cf231_leg,-2.582350969314575,-1.5845075845718384,0.9834328889846802
1773047417,598622024,world,cf231,-2.5837697982788086,-1.580911636352539,0.9988150596618652
1773047417,598622024,world,cf231_leg,-2.582300901412964,-1.5844922065734863,0.9835070371627808
1773047417,603530709,world,cf231,-2.5835983753204346,-1.5808024406433105,0.9988528490066528
1773047417,603530709,world,cf231_leg,-2.5823123455047607,-1.5843483209609985,0.9835861921310425
1773047417,608444300,world,cf231,-2.5833911895751953,-1.5805730819702148,0.9992300271987915
1773047417,608444300,world,cf231_leg,-2.582233190536499,-1.5841957330703735,0.9837520122528076
1773047417,613336895,world,cf231,-2.5831401348114014,-1.5804542303085327,0.9994174242019653
1773047417,613336895,world,cf231_leg,-2.5821328163146973,-1.5842161178588867,0.9838917255401611
1773047417,618531138,world,cf231,-2.5830705165863037,-1.58017897605896,0.9995195865631104
1773047417,618531138,world,cf231_leg,-2.582045555114746,-1.5839487314224243,0.9839708805084229
1773047417,624781265,world,cf231,-2.5830001831054688,-1.580112099647522,0.9999048709869385
1773047417,624781265,world,cf231_leg,-2.5820014476776123,-1.5838576555252075,0.9841641187667847
1773047417,628457803,world,cf231,-2.5828866958618164,-1.5799663066864014,1.0000096559524536
1773047417,628457803,world,cf231_leg,-2.581934928894043,-1.5838282108306885,0.9842087030410767
1773047417,633266396,world,cf231,-2.582651138305664,-1.579799771308899,1.000091552734375
1773047417,633266396,world,cf231_leg,-2.5818467140197754,-1.583740472793579,0.9844262599945068
1773047417,638457379,world,cf231,-2.5824532508850098,-1.5796945095062256,1.0001804828643799
1773047417,638457379,world,cf231_leg,-2.5819003582000732,-1.5836524963378906,0.9846397638320923
1773047417,643520865,world,cf231,-2.582345724105835,-1.5795483589172363,1.0002323389053345
1773047417,643520865,world,cf231_leg,-2.581660032272339,-1.583534836769104,0.9847794771194458
1773047417,648529548,world,cf231,-2.5821938514709473,-1.5793875455856323,1.0003037452697754
1773047417,648529548,world,cf231_leg,-2.581726551055908,-1.5834190845489502,0.9849121570587158
1773047417,653501905,world,cf231,-2.5820388793945312,-1.5791817903518677,1.0002437829971313
1773047417,653501905,world,cf231_leg,-2.58164644241333,-1.5834953784942627,0.9851909875869751
1773047417,658821096,world,cf231,-2.5820562839508057,-1.5791938304901123,1.000579595565796
1773047417,658821096,world,cf231_leg,-2.5815584659576416,-1.58326256275177,0.9855847358703613
1773047417,664490533,world,cf231,-2.5818989276885986,-1.5791107416152954,1.0005254745483398
1773047417,664490533,world,cf231_leg,-2.581547260284424,-1.5831899642944336,0.9856765270233154
1773047417,668372869,world,cf231,-2.581892490386963,-1.5790808200836182,1.000728726387024
1773047417,668372869,world,cf231_leg,-2.5813324451446533,-1.5830984115600586,0.9856249094009399
1773047417,673482117,world,cf231,-2.5816667079925537,-1.5787923336029053,1.000747799873352
1773047417,673482117,world,cf231_leg,-2.5813469886779785,-1.583187222480774,0.9858040809631348
1773047417,678981914,world,cf231,-2.5814733505249023,-1.578566551208496,1.000824213027954
1773047417,678981914,world,cf231_leg,-2.5812346935272217,-1.5829987525939941,0.9857585430145264
1773047417,683721795,world,cf231,-2.581472396850586,-1.5785387754440308,1.0009936094284058
1773047417,683721795,world,cf231_leg,-2.581141471862793,-1.5829190015792847,0.9858614206314087
1773047417,688493673,world,cf231,-2.5813424587249756,-1.5783730745315552,1.0010448694229126
1773047417,688493673,world,cf231_leg,-2.5810275077819824,-1.5828742980957031,0.9859566688537598
1773047417,693641508,world,cf231,-2.581341028213501,-1.5783029794692993,1.0010743141174316
1773047417,693641508,world,cf231_leg,-2.5810601711273193,-1.5828845500946045,0.9860163927078247
1773047417,698564784,world,cf231,-2.5811045169830322,-1.5781269073486328,1.0013121366500854
1773047417,698564784,world,cf231_leg,-2.580864667892456,-1.5826698541641235,0.9859869480133057
1773047417,703599233,world,cf231,-2.581021785736084,-1.5780973434448242,1.0012987852096558
1773047417,703599233,world,cf231_leg,-2.580770254135132,-1.5825711488723755,0.98609459400177
1773047417,708488968,world,cf231,-2.5809643268585205,-1.5779653787612915,1.0012776851654053
1773047417,708488968,world,cf231_leg,-2.5807602405548096,-1.5826882123947144,0.9861563444137573
1773047417,713569385,world,cf231,-2.5807976722717285,-1.577802300453186,1.0014647245407104
1773047417,713569385,world,cf231_leg,-2.5808205604553223,-1.5825790166854858,0.9861798286437988
1773047417,720000397,world,cf231,-2.5807673931121826,-1.5778976678848267,1.001675009727478
1773047417,720000397,world,cf231_leg,-2.5805916786193848,-1.5825343132019043,0.9862269163131714
1773047417,723513471,world,cf231,-2.5804829597473145,-1.5776197910308838,1.001660943031311
1773047417,723513471,world,cf231_leg,-2.580571174621582,-1.5824675559997559,0.9862346649169922
1773047417,728898310,world,cf231,-2.5805017948150635,-1.5776597261428833,1.0018266439437866
1773047417,728898310,world,cf231_leg,-2.580573797225952,-1.582511067390442,0.986362099647522
1773047417,733552197,world,cf231,-2.580298900604248,-1.5775610208511353,1.0017949342727661
1773047417,733552197,world,cf231_leg,-2.5804808139801025,-1.5824390649795532,0.9863048791885376
1773047417,740349588,world,cf231,-2.580233335494995,-1.57747220993042,1.00199294090271
1773047417,740349588,world,cf231_leg,-2.5804169178009033,-1.5823585987091064,0.9863345623016357
1773047417,743286608,world,cf231,-2.580037832260132,-1.5773664712905884,1.0020561218261719
1773047417,743286608,world,cf231_leg,-2.580352306365967,-1.582297682762146,0.9863805770874023
1773047417,748694444,world,cf231,-2.579990863800049,-1.5774240493774414,1.00209379196167
1773047417,748694444,world,cf231_leg,-2.580303907394409,-1.5823326110839844,0.9864259958267212
1773047417,753458780,world,cf231,-2.5797996520996094,-1.5773192644119263,1.002126932144165
1773047417,753458780,world,cf231_leg,-2.580326557159424,-1.5822536945343018,0.9865738153457642
1773047417,759532815,world,cf231,-2.579695701599121,-1.5771386623382568,1.0024687051773071
1773047417,759532815,world,cf231_leg,-2.58015775680542,-1.5821759700775146,0.9864761829376221
1773047417,763584958,world,cf231,-2.579464912414551,-1.577072024345398,1.0023441314697266
1773047417,763584958,world,cf231_leg,-2.5800974369049072,-1.5821655988693237,0.9864693880081177
1773047417,768474224,world,cf231,-2.5795061588287354,-1.5771071910858154,1.0024888515472412
1773047417,768474224,world,cf231_leg,-2.5801968574523926,-1.5821624994277954,0.9866442680358887
1773047417,773682108,world,cf231,-2.5794410705566406,-1.5770243406295776,1.0025142431259155
1773047417,773682108,world,cf231_leg,-2.5801842212677,-1.582139253616333,0.9867331981658936
1773047417,778529505,world,cf231,-2.5793519020080566,-1.5770663022994995,1.002548098564148
1773047417,778529505,world,cf231_leg,-2.580155849456787,-1.5820517539978027,0.9867985248565674
1773047417,783418308,world,cf231,-2.5792312622070312,-1.5769966840744019,1.00253164768219
1773047417,783418308,world,cf231_leg,-2.580029010772705,-1.5820574760437012,0.9866900444030762
1773047417,788557343,world,cf231,-2.5791711807250977,-1.5768650770187378,1.0025361776351929
1773047417,788557343,world,cf231_leg,-2.579988956451416,-1.5820449590682983,0.9866851568222046
1773047417,793357223,world,cf231,-2.5790491104125977,-1.5768444538116455,1.0025124549865723
1773047417,793357223,world,cf231_leg,-2.580014705657959,-1.5820354223251343,0.986798882484436
1773047417,798601493,world,cf231,-2.5789670944213867,-1.576837182044983,1.002500295639038
1773047417,798601493,world,cf231_leg,-2.5801339149475098,-1.582054853439331,0.9868165254592896
1773047417,803468674,world,cf231,-2.5788650512695312,-1.576812505722046,1.002480149269104
1773047417,803468674,world,cf231_leg,-2.579772472381592,-1.5820916891098022,0.9866360425949097
1773047417,808328606,world,cf231,-2.578864336013794,-1.5768117904663086,1.0024826526641846
1773047417,808328606,world,cf231_leg,-2.5798895359039307,-1.5820683240890503,0.9865238666534424
1773047417,813391081,world,cf231,-2.5789220333099365,-1.5769442319869995,1.002502202987671
1773047417,813391081,world,cf231_leg,-2.579977512359619,-1.5820918083190918,0.9867607355117798
1773047417,818492158,world,cf231,-2.578864097595215,-1.576933741569519,1.0024638175964355
1773047417,818492158,world,cf231_leg,-2.579836368560791,-1.5820066928863525,0.9867696762084961
1773047417,823431203,world,cf231,-2.5787301063537598,-1.5767968893051147,1.0023952722549438
1773047417,823431203,world,cf231_leg,-2.579810619354248,-1.5820162296295166,0.9866561889648438
1773047417,828554132,world,cf231,-2.578822135925293,-1.5769903659820557,1.0024504661560059
1773047417,828554132,world,cf231_leg,-2.5797572135925293,-1.5820534229278564,0.9864495992660522
1773047417,833644959,world,cf231,-2.5787127017974854,-1.5769225358963013,1.0023473501205444
1773047417,833644959,world,cf231_leg,-2.5797300338745117,-1.5821049213409424,0.9864920377731323
1773047417,838554399,world,cf231,-2.5786292552948,-1.5769641399383545,1.0023276805877686
1773047417,838554399,world,cf231_leg,-2.5797293186187744,-1.5820354223251343,0.9865036010742188
1773047417,843423648,world,cf231,-2.57865047454834,-1.5769108533859253,1.0023393630981445
1773047417,843423648,world,cf231_leg,-2.579592227935791,-1.582097053527832,0.9863071441650391
1773047417,848555819,world,cf231,-2.578774929046631,-1.577053189277649,1.0023181438446045
1773047417,848555819,world,cf231_leg,-2.579681873321533,-1.5821678638458252,0.986391544342041
1773047417,853555536,world,cf231,-2.5786070823669434,-1.577088475227356,1.0023105144500732
1773047417,853555536,world,cf231_leg,-2.579721212387085,-1.582111120223999,0.9864073991775513
1773047417,858758761,world,cf231,-2.578712224960327,-1.5771633386611938,1.002292275428772
1773047417,858758761,world,cf231_leg,-2.5795435905456543,-1.5821086168289185,0.9862152338027954
1773047417,863376990,world,cf231,-2.578631639480591,-1.5771576166152954,1.0022752285003662
1773047417,863376990,world,cf231_leg,-2.5795605182647705,-1.5821744203567505,0.9862340688705444
1773047417,868646155,world,cf231,-2.578495740890503,-1.5772030353546143,1.001706838607788
1773047417,868646155,world,cf231_leg,-2.5796663761138916,-1.582198143005371,0.9861974716186523
1773047417,873357188,world,cf231,-2.5784778594970703,-1.577327847480774,1.0016608238220215
1773047417,873357188,world,cf231_leg,-2.5796570777893066,-1.5822042226791382,0.9861128330230713
1773047417,878669871,world,cf231,-2.57843017578125,-1.5773851871490479,1.0017000436782837
1773047417,878669871,world,cf231_leg,-2.5796961784362793,-1.582266926765442,0.9861125946044922
1773047417,884422264,world,cf231,-2.5785322189331055,-1.577415108680725,1.0015493631362915
1773047417,884422264,world,cf231_leg,-2.579617738723755,-1.5822609663009644,0.9860967397689819
1773047417,888525706,world,cf231,-2.5785343647003174,-1.5775362253189087,1.0015063285827637
1773047417,888525706,world,cf231_leg,-2.5795974731445312,-1.5823142528533936,0.9860864877700806
1773047417,893527140,world,cf231,-2.578590154647827,-1.5775529146194458,1.001399040222168
1773047417,893527140,world,cf231_leg,-2.5797905921936035,-1.5823657512664795,0.9860051870346069
1773047417,898512635,world,cf231,-2.5785770416259766,-1.577629566192627,1.0013306140899658
1773047417,898512635,world,cf231_leg,-2.5796189308166504,-1.5822874307632446,0.9859327077865601
1773047417,903429862,world,cf231,-2.5784964561462402,-1.5777007341384888,1.0011359453201294
1773047417,903429862,world,cf231_leg,-2.579711437225342,-1.5824097394943237,0.985984206199646
1773047417,908513017,world,cf231,-2.578641653060913,-1.5778394937515259,1.0011165142059326
1773047417,908513017,world,cf231_leg,-2.5796847343444824,-1.582418441772461,0.9858734607696533
1773047417,913349783,world,cf231,-2.5786516666412354,-1.5779837369918823,1.0010178089141846
1773047417,913349783,world,cf231_leg,-2.579707622528076,-1.58236563205719,0.9858591556549072
1773047417,918579531,world,cf231,-2.5787172317504883,-1.578067421913147,1.0009900331497192
1773047417,918579531,world,cf231_leg,-2.579688549041748,-1.582488775253296,0.985836386680603
1773047417,924237702,world,cf231,-2.5786006450653076,-1.578004002571106,1.0007731914520264
1773047417,924237702,world,cf231_leg,-2.57974910736084,-1.5824562311172485,0.9856901168823242
1773047417,928632450,world,cf231,-2.5787289142608643,-1.578218698501587,1.0007150173187256
1773047417,928632450,world,cf231_leg,-2.5798184871673584,-1.5825804471969604,0.9857642650604248
1773047417,933601912,world,cf231,-2.578813314437866,-1.5784190893173218,1.0006762742996216
1773047417,933601912,world,cf231_leg,-2.5799293518066406,-1.5826066732406616,0.9856958389282227
1773047417,938668514,world,cf231,-2.578887939453125,-1.5785022974014282,1.0005685091018677
1773047417,938668514,world,cf231_leg,-2.5798325538635254,-1.5826534032821655,0.985648512840271
1773047417,943716143,world,cf231,-2.5789542198181152,-1.5785832405090332,1.0005218982696533
1773047417,943716143,world,cf231_leg,-2.579935312271118,-1.5826764106750488,0.9856371879577637
1773047417,948480623,world,cf231,-2.5788655281066895,-1.5785843133926392,1.0004111528396606
1773047417,948480623,world,cf231_leg,-2.5798866748809814,-1.5827393531799316,0.9855363368988037
1773047417,954428164,world,cf231,-2.578911066055298,-1.5787489414215088,1.000201940536499
1773047417,954428164,world,cf231_leg,-2.5800015926361084,-1.5828081369400024,0.985575795173645
1773047417,958641166,world,cf231,-2.578958749771118,-1.5788774490356445,1.0002886056900024
1773047417,958641166,world,cf231_leg,-2.57989764213562,-1.5827606916427612,0.9854536056518555
1773047417,963768757,world,cf231,-2.579144239425659,-1.5792025327682495,1.0002484321594238
1773047417,963768757,world,cf231_leg,-2.5800890922546387,-1.5829559564590454,0.9855130910873413
1773047417,968424914,world,cf231,-2.5791687965393066,-1.5792210102081299,1.0002250671386719
1773047417,968424914,world,cf231_leg,-2.5801851749420166,-1.5830281972885132,0.9855458736419678
1773047417,973698176,world,cf231,-2.5792291164398193,-1.579280972480774,1.0002275705337524
1773047417,973698176,world,cf231_leg,-2.58015775680542,-1.5828752517700195,0.9853185415267944
1773047417,978639181,world,cf231,-2.5793418884277344,-1.5793788433074951,1.0001542568206787
1773047417,978639181,world,cf231_leg,-2.580134630203247,-1.5830483436584473,0.9853150844573975
1773047417,983735761,world,cf231,-2.5794479846954346,-1.5795235633850098,1.0001071691513062
1773047417,983735761,world,cf231_leg,-2.5802972316741943,-1.5830813646316528,0.9853115081787109
1773047417,988559657,world,cf231,-2.5795068740844727,-1.579656958580017,1.0001238584518433
1773047417,988559657,world,cf231_leg,-2.5803892612457275,-1.5832722187042236,0.9853554964065552
1773047417,993722713,world,cf231,-2.5796403884887695,-1.5797934532165527,1.0001929998397827
1773047417,993722713,world,cf231_leg,-2.580399990081787,-1.5832144021987915,0.9851233959197998
1773047417,998745749,world,cf231,-2.5797290802001953,-1.579872727394104,1.0001426935195923
1773047417,998745749,world,cf231_leg,-2.580394983291626,-1.5832496881484985,0.9851694107055664
1773047418,3439588,world,cf231,-2.579787492752075,-1.5800029039382935,1.0001424551010132
1773047418,3439588,world,cf231_leg,-2.580430269241333,-1.5832836627960205,0.9850373268127441
1773047418,8583838,world,cf231,-2.5799243450164795,-1.5801392793655396,1.0001847743988037
1773047418,8583838,world,cf231_leg,-2.580533266067505,-1.5834039449691772,0.9848698377609253
1773047418,13797489,world,cf231,-2.579988718032837,-1.5801498889923096,1.0001682043075562
1773047418,13797489,world,cf231_leg,-2.5806024074554443,-1.583364725112915,0.9848102331161499
1773047418,18678260,world,cf231,-2.580064058303833,-1.5802851915359497,0.9999130964279175
1773047418,18678260,world,cf231_leg,-2.580479383468628,-1.583395004272461,0.9848116636276245
1773047418,23555559,world,cf231,-2.580162286758423,-1.5803594589233398,0.9999504089355469
1773047418,23555559,world,cf231_leg,-2.5806500911712646,-1.583568811416626,0.9847332239151001
1773047418,29469199,world,cf231,-2.580271005630493,-1.5803844928741455,0.9999151229858398
1773047418,29469199,world,cf231_leg,-2.580644130706787,-1.58357572555542,0.984622597694397
1773047418,33601432,world,cf231,-2.580429792404175,-1.5805907249450684,0.9999465942382812
1773047418,33601432,world,cf231_leg,-2.5806236267089844,-1.5835599899291992,0.9846221208572388
1773047418,38727382,world,cf231,-2.5804622173309326,-1.580489158630371,0.9998825788497925
1773047418,38727382,world,cf231_leg,-2.5807337760925293,-1.5836544036865234,0.9845468997955322
1773047418,43798255,world,cf231,-2.580738067626953,-1.5807945728302002,0.9998090267181396
1773047418,43798255,world,cf231_leg,-2.5807502269744873,-1.5837193727493286,0.9845684766769409
1773047418,48416312,world,cf231,-2.580929756164551,-1.5809415578842163,0.9999164342880249
1773047418,48416312,world,cf231_leg,-2.5807809829711914,-1.583738088607788,0.9844886064529419
1773047418,53765402,world,cf231,-2.5810325145721436,-1.5809669494628906,0.9999339580535889
1773047418,53765402,world,cf231_leg,-2.5809566974639893,-1.5838178396224976,0.9845325946807861
1773047418,58494989,world,cf231,-2.5811398029327393,-1.5810412168502808,0.9998899698257446
1773047418,58494989,world,cf231_leg,-2.5809006690979004,-1.583877682685852,0.9844886064529419
1773047418,63527974,world,cf231,-2.5813403129577637,-1.581140398979187,0.9999469518661499
1773047418,63527974,world,cf231_leg,-2.5810420513153076,-1.5839636325836182,0.9844768047332764
1773047418,68446102,world,cf231,-2.5814568996429443,-1.5811671018600464,0.9998514652252197
1773047418,68446102,world,cf231_leg,-2.581139087677002,-1.583967924118042,0.9845157861709595
1773047418,73744620,world,cf231,-2.5815911293029785,-1.5813041925430298,0.9999183416366577
1773047418,73744620,world,cf231_leg,-2.5810301303863525,-1.583969235420227,0.9844170808792114
1773047418,78672886,world,cf231,-2.5817177295684814,-1.581398367881775,0.9999017715454102
1773047418,78672886,world,cf231_leg,-2.5810937881469727,-1.5841002464294434,0.9843810796737671
1773047418,84521032,world,cf231,-2.581843614578247,-1.5814194679260254,0.9998964071273804
1773047418,84521032,world,cf231_leg,-2.5812995433807373,-1.5842232704162598,0.9845008850097656
1773047418,88623423,world,cf231,-2.581927537918091,-1.581497311592102,0.9998774528503418
1773047418,88623423,world,cf231_leg,-2.581308603286743,-1.5841916799545288,0.9844331741333008
1773047418,93727621,world,cf231,-2.5820119380950928,-1.5815757513046265,0.9998564720153809
1773047418,93727621,world,cf231_leg,-2.5812594890594482,-1.5842539072036743,0.9843345880508423
1773047418,98934303,world,cf231,-2.5821378231048584,-1.5815973281860352,0.9998501539230347
1773047418,98934303,world,cf231_leg,-2.5814743041992188,-1.5843709707260132,0.9845384359359741
1773047418,103497767,world,cf231,-2.582273006439209,-1.5817351341247559,0.9999144077301025
1773047418,103497767,world,cf231_leg,-2.5814287662506104,-1.58433997631073,0.9842697381973267
1773047418,108634889,world,cf231,-2.5824458599090576,-1.5818928480148315,0.9998432397842407
1773047418,108634889,world,cf231_leg,-2.5814871788024902,-1.584409475326538,0.984433650970459
1773047418,113471084,world,cf231,-2.5823495388031006,-1.5816481113433838,0.9998310804367065
1773047418,113471084,world,cf231_leg,-2.58146595954895,-1.5843346118927002,0.9842994213104248
1773047418,118629506,world,cf231,-2.582547903060913,-1.5818511247634888,0.9996999502182007
1773047418,118629506,world,cf231_leg,-2.5816099643707275,-1.5844812393188477,0.9844164848327637
1773047418,123613147,world,cf231,-2.5826125144958496,-1.5818065404891968,0.9998646974563599
1773047418,123613147,world,cf231_leg,-2.5815975666046143,-1.584486484527588,0.9843581914901733
1773047418,134227288,world,cf231,-2.582653045654297,-1.5818705558776855,0.999862551689148
1773047418,134227288,world,cf231_leg,-2.581670045852661,-1.584371566772461,0.984440803527832
1773047418,134503367,world,cf231,-2.582828998565674,-1.581956386566162,0.9997719526290894
1773047418,134503367,world,cf231_leg,-2.5815792083740234,-1.584498405456543,0.9841896295547485
1773047418,138697867,world,cf231,-2.582956314086914,-1.5820982456207275,0.9997243881225586
1773047418,138697867,world,cf231_leg,-2.5818960666656494,-1.5847066640853882,0.984375
1773047418,143630370,world,cf231,-2.5829169750213623,-1.5820353031158447,0.9997228384017944
1773047418,143630370,world,cf231_leg,-2.581904649734497,-1.584648847579956,0.984470009803772
1773047418,148649498,world,cf231,-2.5831384658813477,-1.5821284055709839,0.9997618198394775
1773047418,148649498,world,cf231_leg,-2.5817718505859375,-1.5846333503723145,0.9843981266021729
1773047418,154433686,world,cf231,-2.583160638809204,-1.5821982622146606,0.9997509717941284
1773047418,154433686,world,cf231_leg,-2.58195161819458,-1.584714651107788,0.9844129085540771
1773047418,158600604,world,cf231,-2.583244562149048,-1.5822044610977173,0.9997391700744629
1773047418,158600604,world,cf231_leg,-2.5820436477661133,-1.584675908088684,0.9843462705612183
1773047418,163702955,world,cf231,-2.5832889080047607,-1.5822190046310425,0.9997196197509766
1773047418,163702955,world,cf231_leg,-2.5819666385650635,-1.5845999717712402,0.9843199253082275
1773047418,169483486,world,cf231,-2.583324432373047,-1.582281231880188,0.9997506141662598
1773047418,169483486,world,cf231_leg,-2.5820348262786865,-1.5847920179367065,0.9843883514404297
1773047418,173859545,world,cf231,-2.583428382873535,-1.582355260848999,0.9997347593307495
1773047418,173859545,world,cf231_leg,-2.5821144580841064,-1.5847991704940796,0.9844001531600952
1773047418,178728830,world,cf231,-2.5834226608276367,-1.5822839736938477,0.9997953176498413
1773047418,178728830,world,cf231_leg,-2.582157850265503,-1.5847439765930176,0.9843873977661133
1773047418,183727876,world,cf231,-2.5836031436920166,-1.5823873281478882,0.9998475313186646
1773047418,183727876,world,cf231_leg,-2.582105875015259,-1.5846859216690063,0.9843312501907349
1773047418,188835523,world,cf231,-2.583625078201294,-1.582382082939148,0.9998273849487305
1773047418,188835523,world,cf231_leg,-2.5822525024414062,-1.5848149061203003,0.9844248294830322
1773047418,193642598,world,cf231,-2.5836293697357178,-1.582383394241333,0.9997961521148682
1773047418,193642598,world,cf231_leg,-2.5823018550872803,-1.5848727226257324,0.9845050573348999
1773047418,198731674,world,cf231,-2.583665370941162,-1.5824462175369263,0.9998257160186768
1773047418,198731674,world,cf231_leg,-2.5823259353637695,-1.5848207473754883,0.9844874143600464
1773047418,203583409,world,cf231,-2.583686351776123,-1.5823925733566284,0.9998384714126587
1773047418,203583409,world,cf231_leg,-2.5823476314544678,-1.5847666263580322,0.9844776391983032
1773047418,209625974,world,cf231,-2.5837032794952393,-1.582388997077942,0.9998677968978882
1773047418,209625974,world,cf231_leg,-2.5823490619659424,-1.584862232208252,0.9846160411834717
1773047418,213518919,world,cf231,-2.5836355686187744,-1.582261085510254,0.9997620582580566
1773047418,213518919,world,cf231_leg,-2.582432270050049,-1.584885835647583,0.9845852851867676
1773047418,219521989,world,cf231,-2.583801031112671,-1.5823407173156738,0.9999262094497681
1773047418,219521989,world,cf231_leg,-2.5823521614074707,-1.5847687721252441,0.9844467639923096
1773047418,223576892,world,cf231,-2.583780527114868,-1.5823945999145508,0.9999122619628906
1773047418,223576892,world,cf231_leg,-2.5824339389801025,-1.5848699808120728,0.9845795631408691
1773047418,228577349,world,cf231,-2.583829402923584,-1.5822885036468506,0.9998807907104492
1773047418,228577349,world,cf231_leg,-2.5825324058532715,-1.5849599838256836,0.984588623046875
1773047418,233697226,world,cf231,-2.583899974822998,-1.5824158191680908,0.9999610185623169
1773047418,233697226,world,cf231_leg,-2.582566738128662,-1.5848599672317505,0.9844992160797119
1773047418,238662083,world,cf231,-2.5840046405792236,-1.58236825466156,0.999962329864502
1773047418,238662083,world,cf231_leg,-2.582493543624878,-1.5847595930099487,0.9846065044403076
1773047418,244530571,world,cf231,-2.5839874744415283,-1.5823003053665161,0.9999402761459351
1773047418,244530571,world,cf231_leg,-2.5825958251953125,-1.5848513841629028,0.9845863580703735
1773047418,248812101,world,cf231,-2.5839977264404297,-1.5822958946228027,1.0000265836715698
1773047418,248812101,world,cf231_leg,-2.582533836364746,-1.5848414897918701,0.9846009016036987
1773047418,253359571,world,cf231,-2.58412766456604,-1.5821961164474487,1.000009536743164
1773047418,253359571,world,cf231_leg,-2.5826170444488525,-1.5848218202590942,0.9847313165664673
1773047418,258691884,world,cf231,-2.5840752124786377,-1.5821797847747803,1.000089168548584
1773047418,258691884,world,cf231_leg,-2.5826168060302734,-1.5848394632339478,0.9847313165664673
1773047418,263644689,world,cf231,-2.584174156188965,-1.5821831226348877,1.000131607055664
1773047418,263644689,world,cf231_leg,-2.582632064819336,-1.5847938060760498,0.9846283197402954
1773047418,268555298,world,cf231,-2.5840556621551514,-1.5819379091262817,1.000311255455017
1773047418,268555298,world,cf231_leg,-2.582707405090332,-1.584944725036621,0.9848039150238037
1773047418,273672066,world,cf231,-2.5841896533966064,-1.5820033550262451,1.0003852844238281
1773047418,273672066,world,cf231_leg,-2.582688570022583,-1.5847342014312744,0.9846709966659546
1773047418,278586870,world,cf231,-2.5841803550720215,-1.5820034742355347,1.000465989112854
1773047418,278586870,world,cf231_leg,-2.5826644897460938,-1.5848369598388672,0.9846813678741455
1773047418,283630110,world,cf231,-2.5841944217681885,-1.5818828344345093,1.0003726482391357
1773047418,283630110,world,cf231_leg,-2.582689046859741,-1.5847498178482056,0.9849673509597778
1773047418,288703969,world,cf231,-2.584144353866577,-1.5817465782165527,1.000464677810669
1773047418,288703969,world,cf231_leg,-2.5828304290771484,-1.5849145650863647,0.98480224609375
1773047418,295407033,world,cf231,-2.5841004848480225,-1.5816104412078857,1.0005024671554565
1773047418,295407033,world,cf231_leg,-2.582742691040039,-1.5846641063690186,0.9848834276199341
1773047418,298757768,world,cf231,-2.584164619445801,-1.5816205739974976,1.0004873275756836
1773047418,298757768,world,cf231_leg,-2.5827815532684326,-1.584821105003357,0.9850263595581055
1773047418,303850435,world,cf231,-2.5841286182403564,-1.5815579891204834,1.000457525253296
1773047418,303850435,world,cf231_leg,-2.5828118324279785,-1.5848394632339478,0.9849483966827393
1773047418,309705572,world,cf231,-2.5841641426086426,-1.5813997983932495,1.0006814002990723
1773047418,309705572,world,cf231_leg,-2.5828611850738525,-1.5847853422164917,0.9848858118057251
1773047418,313797000,world,cf231,-2.584213972091675,-1.581458568572998,1.0007683038711548
1773047418,313797000,world,cf231_leg,-2.5828139781951904,-1.584693431854248,0.9851052761077881
1773047418,318858433,world,cf231,-2.5842180252075195,-1.581337571144104,1.0007576942443848
1773047418,318858433,world,cf231_leg,-2.5828442573547363,-1.5847116708755493,0.9850274324417114
1773047418,323686237,world,cf231,-2.5842151641845703,-1.581337809562683,1.000783920288086
1773047418,323686237,world,cf231_leg,-2.5828959941864014,-1.5847184658050537,0.9850929975509644
1773047418,328815496,world,cf231,-2.584179162979126,-1.5812748670578003,1.0007551908493042
1773047418,328815496,world,cf231_leg,-2.5828440189361572,-1.584686040878296,0.9851886034011841
1773047418,335303066,world,cf231,-2.5840229988098145,-1.5810680389404297,1.0006991624832153
1773047418,335303066,world,cf231_leg,-2.582948923110962,-1.5846576690673828,0.9851629734039307
1773047418,338759924,world,cf231,-2.5841948986053467,-1.5812697410583496,1.0007890462875366
1773047418,338759924,world,cf231_leg,-2.5828726291656494,-1.5846004486083984,0.9851330518722534
1773047418,344594671,world,cf231,-2.584036350250244,-1.5810636281967163,1.0007579326629639
1773047418,344594671,world,cf231_leg,-2.582909107208252,-1.5846706628799438,0.9853101968765259
1773047418,348810181,world,cf231,-2.584057331085205,-1.581132173538208,1.000751256942749
1773047418,348810181,world,cf231_leg,-2.5829718112945557,-1.5846046209335327,0.9851495027542114
1773047418,354516941,world,cf231,-2.584095001220703,-1.5810747146606445,1.0007946491241455
1773047418,354516941,world,cf231_leg,-2.5828697681427,-1.5845310688018799,0.9851670265197754
1773047418,359659033,world,cf231,-2.5840978622436523,-1.5810744762420654,1.0007679462432861
1773047418,359659033,world,cf231_leg,-2.582911729812622,-1.5845000743865967,0.9853115081787109
1773047418,363733513,world,cf231,-2.584014892578125,-1.5809470415115356,1.0007965564727783
1773047418,363733513,world,cf231_leg,-2.5830211639404297,-1.5846625566482544,0.9852292537689209
1773047418,368701254,world,cf231,-2.5840494632720947,-1.580894947052002,1.0006964206695557
1773047418,368701254,world,cf231_leg,-2.5829150676727295,-1.5844751596450806,0.9851337671279907
1773047418,373763370,world,cf231,-2.583993434906006,-1.580928087234497,1.0007935762405396
1773047418,373763370,world,cf231_leg,-2.5830118656158447,-1.5845052003860474,0.9853242635726929
1773047418,378851414,world,cf231,-2.584116220474243,-1.5809496641159058,1.0008141994476318
1773047418,378851414,world,cf231_leg,-2.582967758178711,-1.5845085382461548,0.9853479862213135
1773047418,383880225,world,cf231,-2.583970308303833,-1.5806964635849,1.0007034540176392
1773047418,383880225,world,cf231_leg,-2.5830249786376953,-1.58454430103302,0.9852180480957031
1773047418,388767561,world,cf231,-2.5840468406677246,-1.580701470375061,1.0007497072219849
1773047418,388767561,world,cf231_leg,-2.5830628871917725,-1.584511399269104,0.9853918552398682
1773047418,393758839,world,cf231,-2.5839343070983887,-1.580633521080017,1.0006742477416992
1773047418,393758839,world,cf231_leg,-2.5829944610595703,-1.5844570398330688,0.9853055477142334
1773047418,398671923,world,cf231,-2.583970546722412,-1.5805745124816895,1.0007225275039673
1773047418,398671923,world,cf231_leg,-2.5830612182617188,-1.5843491554260254,0.9852780103683472
1773047418,403532567,world,cf231,-2.5839595794677734,-1.5804591178894043,1.0006755590438843
1773047418,403532567,world,cf231_leg,-2.582942008972168,-1.584518313407898,0.9852337837219238
1773047418,408962210,world,cf231,-2.5839591026306152,-1.580458641052246,1.0006773471832275
1773047418,408962210,world,cf231_leg,-2.583197832107544,-1.5844833850860596,0.9852901697158813
1773047418,416782117,world,cf231,-2.5839991569519043,-1.5805225372314453,1.0006757974624634
1773047418,416782117,world,cf231_leg,-2.5831334590911865,-1.5844738483428955,0.9853267669677734
1773047418,418682884,world,cf231,-2.5840275287628174,-1.5804702043533325,1.000630497932434
1773047418,418682884,world,cf231_leg,-2.582979440689087,-1.5844875574111938,0.9851109981536865
1773047418,424337713,world,cf231,-2.5840904712677,-1.580479621887207,1.0006181001663208
1773047418,424337713,world,cf231_leg,-2.5832228660583496,-1.5846209526062012,0.9852428436279297
1773047418,429577498,world,cf231,-2.5839946269989014,-1.5802851915359497,1.0005940198898315
1773047418,429577498,world,cf231_leg,-2.583134889602661,-1.5844320058822632,0.9851703643798828
1773047418,433831372,world,cf231,-2.58382511138916,-1.5801576375961304,1.0004887580871582
1773047418,433831372,world,cf231_leg,-2.583078622817993,-1.5845093727111816,0.9851263761520386
1773047418,438623671,world,cf231,-2.5839757919311523,-1.5802905559539795,1.0005866289138794
1773047418,438623671,world,cf231_leg,-2.583155393600464,-1.5845242738723755,0.9850016832351685
1773047418,443823078,world,cf231,-2.5839555263519287,-1.580222487449646,1.000591516494751
1773047418,443823078,world,cf231_leg,-2.583173990249634,-1.5844436883926392,0.9851785898208618
1773047418,448675752,world,cf231,-2.5839157104492188,-1.5801588296890259,1.0005919933319092
1773047418,448675752,world,cf231_leg,-2.583106517791748,-1.5844157934188843,0.9849284887313843
1773047418,453804043,world,cf231,-2.5839154720306396,-1.5801587104797363,1.000592589378357
1773047418,453804043,world,cf231_leg,-2.583158016204834,-1.584509015083313,0.9849940538406372
1773047418,458901438,world,cf231,-2.5838212966918945,-1.5800851583480835,1.0005253553390503
1773047418,458901438,world,cf231_leg,-2.5832009315490723,-1.5844964981079102,0.9848223924636841
1773047418,463859728,world,cf231,-2.5838048458099365,-1.5800894498825073,1.0004937648773193
1773047418,463859728,world,cf231_leg,-2.583251714706421,-1.5844589471817017,0.9850524663925171
1773047418,468660434,world,cf231,-2.5837552547454834,-1.5799592733383179,1.0004135370254517
1773047418,468660434,world,cf231_leg,-2.5831713676452637,-1.5845046043395996,0.9847369194030762
1773047418,473822594,world,cf231,-2.5837483406066895,-1.579958200454712,1.000470757484436
1773047418,473822594,world,cf231_leg,-2.5833024978637695,-1.5845695734024048,0.9848058223724365
1773047418,478543339,world,cf231,-2.5836377143859863,-1.5798892974853516,1.0003716945648193
1773047418,478543339,world,cf231_leg,-2.5832464694976807,-1.5846298933029175,0.9847606420516968
1773047418,484542041,world,cf231,-2.5835094451904297,-1.57975172996521,1.0002517700195312
1773047418,484542041,world,cf231_leg,-2.583362102508545,-1.5846480131149292,0.9848060607910156
1773047418,488925927,world,cf231,-2.5836873054504395,-1.5799479484558105,1.0004589557647705
1773047418,488925927,world,cf231_leg,-2.583336114883423,-1.5845376253128052,0.9847105741500854
1773047418,493715081,world,cf231,-2.5836150646209717,-1.5798274278640747,1.0002307891845703
1773047418,493715081,world,cf231_leg,-2.5832109451293945,-1.5845681428909302,0.9847339391708374
1773047418,498856157,world,cf231,-2.583643913269043,-1.579889178276062,1.0003176927566528
1773047418,498856157,world,cf231_leg,-2.5834121704101562,-1.5847325325012207,0.9847221374511719
1773047418,504289002,world,cf231,-2.5836410522460938,-1.5799614191055298,1.000335454940796
1773047418,504289002,world,cf231_leg,-2.583470582962036,-1.5847411155700684,0.9847351312637329
1773047418,509243209,world,cf231,-2.583566427230835,-1.579883337020874,1.0002739429473877
1773047418,509243209,world,cf231_leg,-2.583369493484497,-1.5846508741378784,0.9847502708435059
1773047418,513599326,world,cf231,-2.583599090576172,-1.5799460411071777,1.0003305673599243
1773047418,513599326,world,cf231_leg,-2.5835344791412354,-1.5848726034164429,0.9846965074539185
1773047418,518746067,world,cf231,-2.5836188793182373,-1.579941749572754,1.0003347396850586
1773047418,518746067,world,cf231_leg,-2.583557367324829,-1.584888219833374,0.9846744537353516
1773047418,523691259,world,cf231,-2.583625555038452,-1.5800137519836426,1.0002717971801758
1773047418,523691259,world,cf231_leg,-2.583636999130249,-1.5847833156585693,0.984856367111206
1773047418,528535351,world,cf231,-2.583672523498535,-1.580073356628418,1.000383973121643
1773047418,528535351,world,cf231_leg,-2.5835556983947754,-1.584776759147644,0.9845532178878784
1773047418,533730655,world,cf231,-2.583580493927002,-1.5799987316131592,1.0002928972244263
1773047418,533730655,world,cf231_leg,-2.58355450630188,-1.5847246646881104,0.9845645427703857
1773047418,539608913,world,cf231,-2.583573818206787,-1.5799561738967896,1.0002083778381348
1773047418,539608913,world,cf231_leg,-2.583538770675659,-1.5849940776824951,0.9846506118774414
1773047418,543791078,world,cf231,-2.5836493968963623,-1.5801297426223755,1.0002084970474243
1773047418,543791078,world,cf231_leg,-2.5837326049804688,-1.5849928855895996,0.9845595359802246
1773047418,549680836,world,cf231,-2.5836591720581055,-1.5800776481628418,1.000325322151184
1773047418,549680836,world,cf231_leg,-2.583716869354248,-1.584997534751892,0.9845263957977295
1773047418,553792126,world,cf231,-2.583777904510498,-1.580220103263855,1.0003572702407837
1773047418,553792126,world,cf231_leg,-2.5837275981903076,-1.585044026374817,0.9845972061157227
1773047418,558701212,world,cf231,-2.583860158920288,-1.5802298784255981,1.000180721282959
1773047418,558701212,world,cf231_leg,-2.583820104598999,-1.5851408243179321,0.9844958782196045
1773047418,563685540,world,cf231,-2.5837998390197754,-1.5802202224731445,1.0001667737960815
1773047418,563685540,world,cf231_leg,-2.583866596221924,-1.5851550102233887,0.984449028968811
1773047418,569665497,world,cf231,-2.5838305950164795,-1.5802390575408936,1.0000886917114258
1773047418,569665497,world,cf231_leg,-2.5838029384613037,-1.5852634906768799,0.984451413154602
1773047418,573952202,world,cf231,-2.583866834640503,-1.580302357673645,1.0001164674758911
1773047418,573952202,world,cf231_leg,-2.5840017795562744,-1.5852395296096802,0.9844884872436523
1773047418,578702500,world,cf231,-2.5839672088623047,-1.5804774761199951,0.9999728202819824
1773047418,578702500,world,cf231_leg,-2.583803653717041,-1.5853586196899414,0.9842795133590698
1773047418,583883042,world,cf231,-2.5840651988983154,-1.5805513858795166,1.0000113248825073
1773047418,583883042,world,cf231_leg,-2.584010362625122,-1.5854061841964722,0.9842513799667358
1773047418,588815469,world,cf231,-2.5840137004852295,-1.5805411338806152,0.9999178647994995
1773047418,588815469,world,cf231_leg,-2.5840423107147217,-1.5855180025100708,0.9842958450317383
1773047418,593687027,world,cf231,-2.584124803543091,-1.5806825160980225,1.0000072717666626
1773047418,593687027,world,cf231_leg,-2.584033489227295,-1.585472822189331,0.9842202663421631
1773047418,598701568,world,cf231,-2.5841944217681885,-1.5807690620422363,0.9997621774673462
1773047418,598701568,world,cf231_leg,-2.584085464477539,-1.58565092086792,0.9842585325241089
1773047418,603869591,world,cf231,-2.5843346118927,-1.5808590650558472,0.9998036623001099
1773047418,603869591,world,cf231_leg,-2.5842278003692627,-1.5856177806854248,0.984261155128479
1773047418,608748084,world,cf231,-2.58431339263916,-1.5807952880859375,0.9996415376663208
1773047418,608748084,world,cf231_leg,-2.584221124649048,-1.5856927633285522,0.9841448068618774
1773047418,613872763,world,cf231,-2.58447265625,-1.5809519290924072,0.9996820688247681
1773047418,613872763,world,cf231_leg,-2.5842578411102295,-1.585755467414856,0.9841675758361816
1773047418,618862181,world,cf231,-2.5845682621002197,-1.5811039209365845,0.9995664358139038
1773047418,618862181,world,cf231_leg,-2.584469795227051,-1.585938572883606,0.9843707084655762
1773047418,624716837,world,cf231,-2.584545373916626,-1.581088900566101,0.9993977546691895
1773047418,624716837,world,cf231_leg,-2.5844790935516357,-1.585917592048645,0.9841569662094116
1773047418,628779754,world,cf231,-2.5846962928771973,-1.5812485218048096,0.9993290901184082
1773047418,628779754,world,cf231_leg,-2.5844814777374268,-1.586037039756775,0.9841176271438599
1773047418,633765492,world,cf231,-2.584820508956909,-1.5812715291976929,0.999345064163208
1773047418,633765492,world,cf231_leg,-2.5844922065734863,-1.5859206914901733,0.9840538501739502
1773047418,638533849,world,cf231,-2.584878921508789,-1.5813593864440918,0.9992042779922485
1773047418,638533849,world,cf231_leg,-2.584754705429077,-1.5862573385238647,0.9841631650924683
1773047418,643648790,world,cf231,-2.5849812030792236,-1.581434726715088,0.999211311340332
1773047418,643648790,world,cf231_leg,-2.584812641143799,-1.5861557722091675,0.9840501546859741
1773047418,648876372,world,cf231,-2.58510160446167,-1.581575870513916,0.999219536781311
1773047418,648876372,world,cf231_leg,-2.584829807281494,-1.5862903594970703,0.9840598106384277
1773047418,655598899,world,cf231,-2.5851733684539795,-1.5817344188690186,0.9991471767425537
1773047418,655598899,world,cf231_leg,-2.5848867893218994,-1.5864684581756592,0.984050989151001
1773047418,658762730,world,cf231,-2.5851781368255615,-1.5817328691482544,0.9990973472595215
1773047418,658762730,world,cf231_leg,-2.5850980281829834,-1.5865589380264282,0.9841287136077881
1773047418,664602006,world,cf231,-2.585346221923828,-1.5818922519683838,0.9990752935409546
1773047418,664602006,world,cf231_leg,-2.5850465297698975,-1.5865013599395752,0.9840716123580933
1773047418,668957899,world,cf231,-2.585341691970825,-1.5818908214569092,0.9991065263748169
1773047418,668957899,world,cf231_leg,-2.585062265396118,-1.5866167545318604,0.9840860366821289
1773047418,674650750,world,cf231,-2.585508108139038,-1.5821702480316162,0.9990708827972412
1773047418,674650750,world,cf231_leg,-2.5852251052856445,-1.5867700576782227,0.9840636253356934
1773047418,678854344,world,cf231,-2.585587978363037,-1.5822474956512451,0.9990812540054321
1773047418,678854344,world,cf231_leg,-2.5854063034057617,-1.5867996215820312,0.9840656518936157
1773047418,683875405,world,cf231,-2.5855965614318848,-1.5823215246200562,0.9990118741989136
1773047418,683875405,world,cf231_leg,-2.585289716720581,-1.5867798328399658,0.9840254783630371
1773047418,688780069,world,cf231,-2.585707187652588,-1.5824707746505737,0.9989495277404785
1773047418,688780069,world,cf231_leg,-2.585493326187134,-1.5869466066360474,0.9840050935745239
1773047418,693851354,world,cf231,-2.5859124660491943,-1.5828044414520264,0.9990694522857666
1773047418,693851354,world,cf231_leg,-2.5855283737182617,-1.5870082378387451,0.9840319156646729
1773047418,698912510,world,cf231,-2.5859484672546387,-1.5828255414962769,0.9989569187164307
1773047418,698912510,world,cf231_leg,-2.5856714248657227,-1.5870952606201172,0.9840155839920044
1773047418,703646405,world,cf231,-2.5860345363616943,-1.582977294921875,0.9989235401153564
1773047418,703646405,world,cf231_leg,-2.585627555847168,-1.5870810747146606,0.9840390682220459
1773047418,708836778,world,cf231,-2.586179256439209,-1.583115577697754,0.9989043474197388
1773047418,708836778,world,cf231_leg,-2.5857667922973633,-1.5871671438217163,0.9840493202209473
1773047418,713823060,world,cf231,-2.5863003730773926,-1.58339262008667,0.9990479946136475
1773047418,713823060,world,cf231_leg,-2.5859217643737793,-1.5873686075210571,0.9840742349624634
1773047418,719698591,world,cf231,-2.5862832069396973,-1.583446741104126,0.9990060329437256
1773047418,719698591,world,cf231_leg,-2.5860800743103027,-1.5872622728347778,0.9841175079345703
1773047418,723971912,world,cf231,-2.5865185260772705,-1.5837804079055786,0.9990619421005249
1773047418,723971912,world,cf231_leg,-2.5859158039093018,-1.5873749256134033,0.9839655160903931
1773047418,728731994,world,cf231,-2.586613655090332,-1.584045648574829,0.9990800619125366
1773047418,728731994,world,cf231_leg,-2.5862619876861572,-1.5876007080078125,0.9840741157531738
1773047418,734264456,world,cf231,-2.5866191387176514,-1.5840744972229004,0.9988807439804077
1773047418,734264456,world,cf231_leg,-2.5863499641418457,-1.5876013040542603,0.9841717481613159
1773047418,738733701,world,cf231,-2.586721658706665,-1.5843141078948975,0.9990073442459106
1773047418,738733701,world,cf231_leg,-2.5863382816314697,-1.5875561237335205,0.9841198921203613
1773047418,743748670,world,cf231,-2.5869157314300537,-1.584460735321045,0.9990873336791992
1773047418,743748670,world,cf231_leg,-2.586469888687134,-1.5878102779388428,0.9841597080230713
1773047418,748777540,world,cf231,-2.5870718955993652,-1.5847359895706177,0.9991182088851929
1773047418,748777540,world,cf231_leg,-2.5866281986236572,-1.5878926515579224,0.9841760396957397
1773047418,753649046,world,cf231,-2.5871615409851074,-1.5848586559295654,0.9992033243179321
1773047418,753649046,world,cf231_leg,-2.5866215229034424,-1.5878909826278687,0.9842286109924316
1773047418,758837177,world,cf231,-2.5872697830200195,-1.5850054025650024,0.9991487264633179
1773047418,758837177,world,cf231_leg,-2.586808681488037,-1.5880845785140991,0.9843140840530396
1773047418,763827053,world,cf231,-2.587334632873535,-1.585130214691162,0.9992632865905762
1773047418,763827053,world,cf231_leg,-2.586871862411499,-1.5881640911102295,0.9842876195907593
1773047418,768758264,world,cf231,-2.5874199867248535,-1.5852093696594238,0.9992399215698242
1773047418,768758264,world,cf231_leg,-2.587019920349121,-1.5882259607315063,0.984383225440979
1773047418,773730266,world,cf231,-2.5875937938690186,-1.5854099988937378,0.9993051290512085
1773047418,773730266,world,cf231_leg,-2.5871119499206543,-1.588485598564148,0.9844163656234741
1773047418,778721066,world,cf231,-2.587799549102783,-1.5856724977493286,0.9994293451309204
1773047418,778721066,world,cf231_leg,-2.587296724319458,-1.5883963108062744,0.9844090938568115
1773047418,784836916,world,cf231,-2.587908983230591,-1.5856983661651611,0.9993908405303955
1773047418,784836916,world,cf231_leg,-2.5873656272888184,-1.588632345199585,0.9843213558197021
1773047418,788827557,world,cf231,-2.587981939315796,-1.585824966430664,0.9994455575942993
1773047418,788827557,world,cf231_leg,-2.5875606536865234,-1.58866548538208,0.9845215082168579
1773047418,793932736,world,cf231,-2.588188886642456,-1.58596670627594,0.9995855093002319
1773047418,793932736,world,cf231_leg,-2.5875608921051025,-1.5887243747711182,0.984352707862854
1773047418,798663053,world,cf231,-2.588437080383301,-1.5862030982971191,0.9995721578598022
1773047418,798663053,world,cf231_leg,-2.5877442359924316,-1.5889167785644531,0.9844658374786377
1773047418,803747659,world,cf231,-2.5884509086608887,-1.5862464904785156,0.999599814414978
1773047418,803747659,world,cf231_leg,-2.5878961086273193,-1.588997483253479,0.9845336675643921
1773047418,808821029,world,cf231,-2.588701009750366,-1.5865265130996704,0.9997216463088989
1773047418,808821029,world,cf231_leg,-2.5878710746765137,-1.5889389514923096,0.9844272136688232
1773047418,813758791,world,cf231,-2.5888452529907227,-1.5866141319274902,0.9997150897979736
1773047418,813758791,world,cf231_leg,-2.5880401134490967,-1.5892465114593506,0.9846304655075073
1773047418,819623166,world,cf231,-2.5889158248901367,-1.586669921875,0.999801754951477
1773047418,819623166,world,cf231_leg,-2.588254928588867,-1.589337944984436,0.9846810102462769
1773047418,824785261,world,cf231,-2.588975667953491,-1.5867507457733154,0.9998092651367188
1773047418,824785261,world,cf231_leg,-2.58828067779541,-1.5892853736877441,0.984642505645752
1773047418,828683542,world,cf231,-2.589423179626465,-1.5869841575622559,1.0000088214874268
1773047418,828683542,world,cf231_leg,-2.5883140563964844,-1.5893474817276,0.9846905469894409
1773047418,833743835,world,cf231,-2.589453935623169,-1.5870028734207153,0.9999309778213501
1773047418,833743835,world,cf231_leg,-2.5885567665100098,-1.5896003246307373,0.9848041534423828
1773047418,838881822,world,cf231,-2.589604377746582,-1.5871357917785645,1.0000272989273071
1773047418,838881822,world,cf231_leg,-2.5887742042541504,-1.5896412134170532,0.9848383665084839
1773047418,843835815,world,cf231,-2.5898256301879883,-1.5873509645462036,1.000044822692871
1773047418,843835815,world,cf231_leg,-2.588822364807129,-1.589698076248169,0.9849210977554321
1773047418,848769615,world,cf231,-2.589919328689575,-1.5874241590499878,1.00011146068573
1773047418,848769615,world,cf231_leg,-2.588890314102173,-1.589752197265625,0.9850074052810669
1773047418,853807954,world,cf231,-2.5900778770446777,-1.5875083208084106,1.0001609325408936
1773047418,853807954,world,cf231_leg,-2.58901309967041,-1.589841604232788,0.9849880933761597
1773047418,858940250,world,cf231,-2.5901994705200195,-1.5876506567001343,1.00016450881958
1773047418,858940250,world,cf231_leg,-2.5891590118408203,-1.589970350265503,0.9850813150405884
1773047418,863780732,world,cf231,-2.5904502868652344,-1.5878567695617676,1.0002728700637817
1773047418,863780732,world,cf231_leg,-2.5893096923828125,-1.5899813175201416,0.985161542892456
1773047418,868818237,world,cf231,-2.5904595851898193,-1.5878514051437378,1.000361680984497
1773047418,868818237,world,cf231_leg,-2.5894546508789062,-1.5901368856430054,0.9851130247116089
1773047418,873740551,world,cf231,-2.590740919113159,-1.5880763530731201,1.0003924369812012
1773047418,873740551,world,cf231_leg,-2.5895402431488037,-1.590257167816162,0.9852156639099121
1773047418,878792015,world,cf231,-2.590789794921875,-1.5881344079971313,1.0004807710647583
1773047418,878792015,world,cf231_leg,-2.5896849632263184,-1.5900790691375732,0.9853715896606445
1773047418,883725578,world,cf231,-2.590977430343628,-1.5881671905517578,1.0004816055297852
1773047418,883725578,world,cf231_leg,-2.5897374153137207,-1.590282917022705,0.9852476119995117
1773047418,888824004,world,cf231,-2.5912082195281982,-1.5883774757385254,1.0005862712860107
1773047418,888824004,world,cf231_leg,-2.589904308319092,-1.5903587341308594,0.9853494167327881
1773047418,893734660,world,cf231,-2.5912530422210693,-1.5883924961090088,1.0005650520324707
1773047418,893734660,world,cf231_leg,-2.59017014503479,-1.5904390811920166,0.985465407371521
1773047418,898895192,world,cf231,-2.5914669036865234,-1.588534951210022,1.0006474256515503
1773047418,898895192,world,cf231_leg,-2.5901689529418945,-1.590465784072876,0.985324501991272
1773047418,904650121,world,cf231,-2.5917718410491943,-1.5887508392333984,1.0008223056793213
1773047418,904650121,world,cf231_leg,-2.5903687477111816,-1.5904839038848877,0.9854918718338013
1773047418,908698009,world,cf231,-2.5918636322021484,-1.5887802839279175,1.0007545948028564
1773047418,908698009,world,cf231_leg,-2.5904996395111084,-1.5906174182891846,0.9855509996414185
1773047418,914662784,world,cf231,-2.5921030044555664,-1.5887492895126343,1.0008363723754883
1773047418,914662784,world,cf231_leg,-2.5906102657318115,-1.5906845331192017,0.9856171607971191
1773047418,918893472,world,cf231,-2.592280864715576,-1.5890939235687256,1.0008553266525269
1773047418,918893472,world,cf231_leg,-2.590794801712036,-1.5907151699066162,0.9855920076370239
1773047418,924291484,world,cf231,-2.592414379119873,-1.588995099067688,1.0008087158203125
1773047418,924291484,world,cf231_leg,-2.5909457206726074,-1.5907951593399048,0.9856623411178589
1773047418,928867415,world,cf231,-2.592618465423584,-1.5891371965408325,1.000973105430603
1773047418,928867415,world,cf231_leg,-2.5910260677337646,-1.5908031463623047,0.9856703281402588
1773047418,934737745,world,cf231,-2.592695474624634,-1.5891430377960205,1.0010162591934204
1773047418,934737745,world,cf231_leg,-2.5912258625030518,-1.5909231901168823,0.9858207702636719
1773047418,938926392,world,cf231,-2.5929017066955566,-1.5891706943511963,1.0010241270065308
1773047418,938926392,world,cf231_leg,-2.591391086578369,-1.5909748077392578,0.9857898950576782
1773047418,944746123,world,cf231,-2.5930593013763428,-1.5892542600631714,1.0010745525360107
1773047418,944746123,world,cf231_leg,-2.5914928913116455,-1.5909284353256226,0.98578941822052
1773047418,948897613,world,cf231,-2.593156099319458,-1.589327096939087,1.001114845275879
1773047418,948897613,world,cf231_leg,-2.5916054248809814,-1.59111487865448,0.9858161211013794
1773047418,954454561,world,cf231,-2.5933094024658203,-1.5892958641052246,1.0010639429092407
1773047418,954454561,world,cf231_leg,-2.591853380203247,-1.591148853302002,0.985930323600769
1773047418,958763747,world,cf231,-2.5934174060821533,-1.5893155336380005,1.0011979341506958
1773047418,958763747,world,cf231_leg,-2.5919599533081055,-1.5911048650741577,0.9858987331390381
1773047418,964720288,world,cf231,-2.5936267375946045,-1.5893431901931763,1.0011787414550781
1773047418,964720288,world,cf231_leg,-2.5920345783233643,-1.5911786556243896,0.9859310388565063
1773047418,968941913,world,cf231,-2.5937883853912354,-1.5894275903701782,1.0011993646621704
1773047418,968941913,world,cf231_leg,-2.5921969413757324,-1.5912117958068848,0.9859262704849243
1773047418,974757739,world,cf231,-2.5940747261047363,-1.589410662651062,1.0012356042861938
1773047418,974757739,world,cf231_leg,-2.5924630165100098,-1.5912238359451294,0.9860494136810303
1773047418,978886108,world,cf231,-2.594170093536377,-1.5893638134002686,1.0013165473937988
1773047418,978886108,world,cf231_leg,-2.592411994934082,-1.5912352800369263,0.9859821796417236
1773047418,983820325,world,cf231,-2.594412326812744,-1.5895259380340576,1.0013446807861328
1773047418,983820325,world,cf231_leg,-2.592628002166748,-1.591326117515564,0.9860106706619263
1773047418,988870359,world,cf231,-2.594561815261841,-1.589493751525879,1.0013233423233032
1773047418,988870359,world,cf231_leg,-2.5927629470825195,-1.591341495513916,0.9860590696334839
1773047418,994891936,world,cf231,-2.5947322845458984,-1.5894138813018799,1.001144528388977
1773047418,994891936,world,cf231_leg,-2.592911720275879,-1.5913790464401245,0.985999345779419
1773047418,999618853,world,cf231,-2.5949313640594482,-1.5894408226013184,1.001208782196045
1773047418,999618853,world,cf231_leg,-2.592963933944702,-1.591300129890442,0.9860711097717285
1773047419,3902292,world,cf231,-2.5949904918670654,-1.5893359184265137,1.0010932683944702
1773047419,3902292,world,cf231_leg,-2.5930960178375244,-1.5913405418395996,0.9859840869903564
1773047419,9789324,world,cf231,-2.5952467918395996,-1.5893727540969849,1.0011967420578003
1773047419,9789324,world,cf231_leg,-2.593181848526001,-1.5914180278778076,0.9859344959259033
1773047419,13818412,world,cf231,-2.5954554080963135,-1.5894713401794434,1.0011719465255737
1773047419,13818412,world,cf231_leg,-2.5931668281555176,-1.5913034677505493,0.9859180450439453
1773047419,19096364,world,cf231,-2.5956740379333496,-1.5894938707351685,1.0012401342391968
1773047419,19096364,world,cf231_leg,-2.593458652496338,-1.591400384902954,0.9859846830368042
1773047419,23967456,world,cf231,-2.5958123207092285,-1.5893465280532837,1.001173973083496
1773047419,23967456,world,cf231_leg,-2.5935590267181396,-1.591286301612854,0.9860125780105591
1773047419,29774482,world,cf231,-2.596001148223877,-1.589377760887146,1.0011523962020874
1773047419,29774482,world,cf231_leg,-2.5935800075531006,-1.5914198160171509,0.9859787225723267
1773047419,33820689,world,cf231,-2.596137762069702,-1.5893505811691284,1.0010714530944824
1773047419,33820689,world,cf231_leg,-2.5938830375671387,-1.5914695262908936,0.9859713315963745
1773047419,38880968,world,cf231,-2.5963010787963867,-1.5893150568008423,1.0011062622070312
1773047419,38880968,world,cf231_leg,-2.5940053462982178,-1.5914393663406372,0.9859702587127686
1773047419,43997328,world,cf231,-2.596524715423584,-1.5893608331680298,1.0011463165283203
1773047419,43997328,world,cf231_leg,-2.594078779220581,-1.5913335084915161,0.9858901500701904
1773047419,48702097,world,cf231,-2.596625804901123,-1.589199423789978,1.0010439157485962
1773047419,48702097,world,cf231_leg,-2.594146490097046,-1.591507077217102,0.9859583377838135
1773047419,53762716,world,cf231,-2.5967934131622314,-1.5892839431762695,1.0010102987289429
1773047419,53762716,world,cf231_leg,-2.5944857597351074,-1.5914640426635742,0.9856830835342407
1773047419,59025827,world,cf231,-2.5968520641326904,-1.5892235040664673,1.0010534524917603
1773047419,59025827,world,cf231_leg,-2.594532012939453,-1.5914218425750732,0.9858193397521973
1773047419,63953001,world,cf231,-2.5970404148101807,-1.5892544984817505,1.001033067703247
1773047419,63953001,world,cf231_leg,-2.594637393951416,-1.5914456844329834,0.9857815504074097
1773047419,68813550,world,cf231,-2.597085952758789,-1.5890766382217407,1.0010380744934082
1773047419,68813550,world,cf231_leg,-2.59479022026062,-1.5915151834487915,0.9856710433959961
1773047419,74044023,world,cf231,-2.597210168838501,-1.5891265869140625,1.000887155532837
1773047419,74044023,world,cf231_leg,-2.5950090885162354,-1.591430902481079,0.9858745336532593
1773047419,79000408,world,cf231,-2.5973215103149414,-1.5890032052993774,1.0010089874267578
1773047419,79000408,world,cf231_leg,-2.595113515853882,-1.591511845588684,0.9856739044189453
1773047419,84041459,world,cf231,-2.597566843032837,-1.5890438556671143,1.0010288953781128
1773047419,84041459,world,cf231_leg,-2.5952606201171875,-1.5914305448532104,0.9856524467468262
1773047419,89008983,world,cf231,-2.5976710319519043,-1.5890259742736816,1.0008831024169922
1773047419,89008983,world,cf231_leg,-2.5953989028930664,-1.5914978981018066,0.985664963722229
1773047419,93658327,world,cf231,-2.5977635383605957,-1.5889842510223389,1.0008219480514526
1773047419,93658327,world,cf231_leg,-2.5956273078918457,-1.5914921760559082,0.9856233596801758
1773047419,98770052,world,cf231,-2.5978689193725586,-1.5888878107070923,1.0008318424224854
1773047419,98770052,world,cf231_leg,-2.595696210861206,-1.591496229171753,0.9857146739959717
1773047419,103973932,world,cf231,-2.5979738235473633,-1.5888409614562988,1.0008316040039062
1773047419,103973932,world,cf231_leg,-2.595869541168213,-1.5914134979248047,0.9856454133987427
1773047419,109001540,world,cf231,-2.5981955528259277,-1.5888683795928955,1.0007045269012451
1773047419,109001540,world,cf231_leg,-2.595913887023926,-1.591428279876709,0.9856195449829102
1773047419,114104846,world,cf231,-2.598238468170166,-1.5887211561203003,1.0005862712860107
1773047419,114104846,world,cf231_leg,-2.596085548400879,-1.5913187265396118,0.9857150316238403
1773047419,119807578,world,cf231,-2.598449945449829,-1.588692545890808,1.0007243156433105
1773047419,119807578,world,cf231_leg,-2.5962955951690674,-1.5914338827133179,0.9856337308883667
1773047419,124912475,world,cf231,-2.5985894203186035,-1.5885934829711914,1.0006247758865356
1773047419,124912475,world,cf231_leg,-2.596283435821533,-1.5913195610046387,0.9855940341949463
1773047419,129065177,world,cf231,-2.5986392498016357,-1.5884885787963867,1.0005909204483032
1773047419,129065177,world,cf231_leg,-2.5963621139526367,-1.591326355934143,0.9856061935424805
1773047419,133951804,world,cf231,-2.5988409519195557,-1.5885154008865356,1.0006282329559326
1773047419,133951804,world,cf231_leg,-2.5966033935546875,-1.5913665294647217,0.985613226890564
1773047419,138952497,world,cf231,-2.598992347717285,-1.5882622003555298,1.000777006149292
1773047419,138952497,world,cf231_leg,-2.59663724899292,-1.591240406036377,0.9856871366500854
1773047419,144037537,world,cf231,-2.599088668823242,-1.5882632732391357,1.0008257627487183
1773047419,144037537,world,cf231_leg,-2.5966901779174805,-1.5912054777145386,0.9855971336364746
1773047419,148963112,world,cf231,-2.5992190837860107,-1.5882363319396973,1.0007981061935425
1773047419,148963112,world,cf231_leg,-2.59688401222229,-1.5913501977920532,0.9856358766555786
1773047419,154232232,world,cf231,-2.5993292331695557,-1.5880699157714844,1.000784158706665
1773047419,154232232,world,cf231_leg,-2.5971319675445557,-1.5913137197494507,0.9857425689697266
1773047419,159001944,world,cf231,-2.5994038581848145,-1.5880763530731201,1.0008524656295776
1773047419,159001944,world,cf231_leg,-2.5970356464385986,-1.5911484956741333,0.985588788986206
1773047419,163969022,world,cf231,-2.599487543106079,-1.587838888168335,1.0008809566497803
1773047419,163969022,world,cf231_leg,-2.5972883701324463,-1.591302752494812,0.9856370687484741
1773047419,169263124,world,cf231,-2.5995795726776123,-1.5877999067306519,1.0008383989334106
1773047419,169263124,world,cf231_leg,-2.597473621368408,-1.5913749933242798,0.9857439994812012
1773047419,174161034,world,cf231,-2.5997331142425537,-1.5878111124038696,1.000925898551941
1773047419,174161034,world,cf231_leg,-2.5975444316864014,-1.5912182331085205,0.9856961965560913
1773047419,178784660,world,cf231,-2.599834680557251,-1.5877642631530762,1.000952959060669
1773047419,178784660,world,cf231_leg,-2.5977602005004883,-1.5913089513778687,0.9857250452041626
1773047419,184107640,world,cf231,-2.5999579429626465,-1.5876648426055908,1.000990390777588
1773047419,184107640,world,cf231_leg,-2.5978667736053467,-1.5912142992019653,0.9857015609741211
1773047419,189030582,world,cf231,-2.599945068359375,-1.5874757766723633,1.000959873199463
1773047419,189030582,world,cf231_leg,-2.5980141162872314,-1.5913445949554443,0.9857877492904663
1773047419,193966225,world,cf231,-2.600029706954956,-1.5874782800674438,1.001112699508667
1773047419,193966225,world,cf231_leg,-2.598015308380127,-1.59115731716156,0.9858113527297974
1773047419,198964551,world,cf231,-2.600264072418213,-1.5874958038330078,1.001214623451233
1773047419,198964551,world,cf231_leg,-2.5983102321624756,-1.5912730693817139,0.9858506917953491
1773047419,204009421,world,cf231,-2.6002838611602783,-1.5873196125030518,1.0012513399124146
1773047419,204009421,world,cf231_leg,-2.5983927249908447,-1.5911614894866943,0.985853910446167
1773047419,208929078,world,cf231,-2.600431203842163,-1.587338924407959,1.00124192237854
1773047419,208929078,world,cf231_leg,-2.5984692573547363,-1.5912601947784424,0.9860153198242188
1773047419,213885295,world,cf231,-2.6005053520202637,-1.5872231721878052,1.0013316869735718
1773047419,213885295,world,cf231_leg,-2.5988731384277344,-1.5911873579025269,0.9861756563186646
1773047419,218755546,world,cf231,-2.6006712913513184,-1.5871871709823608,1.001341462135315
1773047419,218755546,world,cf231_leg,-2.5987844467163086,-1.5911853313446045,0.9860837459564209
1773047419,223795742,world,cf231,-2.600778818130493,-1.587020993232727,1.0013536214828491
1773047419,223795742,world,cf231_leg,-2.599027156829834,-1.591268539428711,0.9862180948257446
1773047419,228868365,world,cf231,-2.6009116172790527,-1.586983561515808,1.001638412475586
1773047419,228868365,world,cf231_leg,-2.5991780757904053,-1.5912803411483765,0.9862953424453735
1773047419,234041751,world,cf231,-2.6011064052581787,-1.5869898796081543,1.0015429258346558
1773047419,234041751,world,cf231_leg,-2.599400281906128,-1.5912277698516846,0.9864493608474731
1773047419,238757034,world,cf231,-2.6012096405029297,-1.5868210792541504,1.0017707347869873
1773047419,238757034,world,cf231_leg,-2.5993597507476807,-1.591191053390503,0.986312747001648
1773047419,244187869,world,cf231,-2.6014065742492676,-1.586846113204956,1.001841425895691
1773047419,244187869,world,cf231_leg,-2.5995051860809326,-1.5913196802139282,0.9864040613174438
1773047419,249919604,world,cf231,-2.601522445678711,-1.5867959260940552,1.0019233226776123
1773047419,249919604,world,cf231_leg,-2.599738121032715,-1.5913138389587402,0.9866268634796143
1773047419,254193115,world,cf231,-2.601527690887451,-1.5866758823394775,1.0019114017486572
1773047419,254193115,world,cf231_leg,-2.599903106689453,-1.5913652181625366,0.9865967035293579
1773047419,258816393,world,cf231,-2.6017446517944336,-1.5866972208023071,1.0019840002059937
1773047419,258816393,world,cf231_leg,-2.5999581813812256,-1.5914244651794434,0.9866245985031128
1773047419,264069812,world,cf231,-2.6019468307495117,-1.5866773128509521,1.0020501613616943
1773047419,264069812,world,cf231_leg,-2.6000494956970215,-1.5912654399871826,0.9865784645080566
1773047419,271011729,world,cf231,-2.60199236869812,-1.5864996910095215,1.0020551681518555
1773047419,271011729,world,cf231_leg,-2.6002185344696045,-1.5914615392684937,0.9866355657577515
1773047419,273914210,world,cf231,-2.6022086143493652,-1.5865232944488525,1.002147912979126
1773047419,273914210,world,cf231_leg,-2.6002912521362305,-1.5914161205291748,0.9867074489593506
1773047419,278932661,world,cf231,-2.602257013320923,-1.5864170789718628,1.0021182298660278
1773047419,278932661,world,cf231_leg,-2.6004483699798584,-1.591429591178894,0.9867328405380249
1773047419,283958397,world,cf231,-2.6024563312530518,-1.5864447355270386,1.0021804571151733
1773047419,283958397,world,cf231_leg,-2.6004679203033447,-1.591375470161438,0.9867464303970337
1773047419,289514089,world,cf231,-2.6025454998016357,-1.5864031314849854,1.002146601676941
1773047419,289514089,world,cf231_leg,-2.600515842437744,-1.5913636684417725,0.9868379831314087
1773047419,294728268,world,cf231,-2.602832794189453,-1.5866236686706543,1.002287745475769
1773047419,294728268,world,cf231_leg,-2.6007370948791504,-1.5915263891220093,0.9868223667144775
1773047419,299829721,world,cf231,-2.602877616882324,-1.5865671634674072,1.0022743940353394
1773047419,299829721,world,cf231_leg,-2.6008033752441406,-1.5915381908416748,0.9867774248123169
1773047419,303949438,world,cf231,-2.602935552597046,-1.5865062475204468,1.0023196935653687
1773047419,303949438,world,cf231_leg,-2.600980758666992,-1.591566801071167,0.9868052005767822
1773047419,309800368,world,cf231,-2.6029984951019287,-1.5865452289581299,1.0021593570709229
1773047419,309800368,world,cf231_leg,-2.6010935306549072,-1.5917026996612549,0.98683762550354
1773047419,314072265,world,cf231,-2.6031501293182373,-1.5866765975952148,1.0022320747375488
1773047419,314072265,world,cf231_leg,-2.6012682914733887,-1.5916627645492554,0.9868974685668945
1773047419,320145748,world,cf231,-2.6031792163848877,-1.5866252183914185,1.0021848678588867
1773047419,320145748,world,cf231_leg,-2.6013262271881104,-1.5917400121688843,0.9869005680084229
1773047419,324024304,world,cf231,-2.6033828258514404,-1.5866962671279907,1.0023548603057861
1773047419,324024304,world,cf231_leg,-2.601451873779297,-1.5916416645050049,0.9868836402893066
1773047419,329569512,world,cf231,-2.6034302711486816,-1.5867106914520264,1.0023082494735718
1773047419,329569512,world,cf231_leg,-2.601769208908081,-1.591753363609314,0.9871933460235596
1773047419,334207661,world,cf231,-2.6034953594207764,-1.5867990255355835,1.0021113157272339
1773047419,334207661,world,cf231_leg,-2.601677417755127,-1.5918725728988647,0.9868141412734985
1773047419,338947606,world,cf231,-2.6036367416381836,-1.5869377851486206,1.0021158456802368
1773047419,338947606,world,cf231_leg,-2.6019256114959717,-1.5920249223709106,0.9868911504745483
1773047419,344406538,world,cf231,-2.603631019592285,-1.5868428945541382,1.0020246505737305
1773047419,344406538,world,cf231_leg,-2.6021106243133545,-1.5920562744140625,0.9868627786636353
1773047419,349103895,world,cf231,-2.603778123855591,-1.5868326425552368,1.0021620988845825
1773047419,349103895,world,cf231_leg,-2.6021575927734375,-1.5920203924179077,0.9868224859237671
1773047419,354402737,world,cf231,-2.603872299194336,-1.5870550870895386,1.0020400285720825
1773047419,354402737,world,cf231_leg,-2.6022379398345947,-1.5921458005905151,0.9867959022521973
1773047419,359026642,world,cf231,-2.603952407836914,-1.5870188474655151,1.0019172430038452
1773047419,359026642,world,cf231_leg,-2.602517604827881,-1.5922664403915405,0.986801028251648
1773047419,364207811,world,cf231,-2.6040706634521484,-1.5871078968048096,1.001941442489624
1773047419,364207811,world,cf231_leg,-2.602570056915283,-1.5923781394958496,0.98655104637146
1773047419,369070661,world,cf231,-2.6041128635406494,-1.5872002840042114,1.0017681121826172
1773047419,369070661,world,cf231_leg,-2.6026949882507324,-1.592468023300171,0.9865065813064575
1773047419,374189933,world,cf231,-2.6042187213897705,-1.5872262716293335,1.0017560720443726
1773047419,374189933,world,cf231_leg,-2.6027615070343018,-1.5925484895706177,0.9864523410797119
1773047419,378959303,world,cf231,-2.6044247150421143,-1.5874449014663696,1.0017160177230835
1773047419,378959303,world,cf231_leg,-2.6030490398406982,-1.5925757884979248,0.986553430557251
1773047419,384094009,world,cf231,-2.6044726371765137,-1.5874096155166626,1.0016803741455078
1773047419,384094009,world,cf231_leg,-2.6030476093292236,-1.5927292108535767,0.9862371683120728
1773047419,389239470,world,cf231,-2.604642629623413,-1.5875651836395264,1.001612901687622
1773047419,389239470,world,cf231_leg,-2.6033613681793213,-1.5927319526672363,0.9861564636230469
1773047419,394156267,world,cf231,-2.604670763015747,-1.5875844955444336,1.0015606880187988
1773047419,394156267,world,cf231_leg,-2.60341477394104,-1.5929088592529297,0.9861710071563721
1773047419,399003240,world,cf231,-2.6048378944396973,-1.587740182876587,1.0015199184417725
1773047419,399003240,world,cf231_leg,-2.6035492420196533,-1.5929596424102783,0.985916256904602
1773047419,404050473,world,cf231,-2.604809522628784,-1.5876578092575073,1.0012999773025513
1773047419,404050473,world,cf231_leg,-2.603728771209717,-1.5931764841079712,0.985892653465271
1773047419,409313187,world,cf231,-2.6050169467926025,-1.587755560874939,1.001277208328247
1773047419,409313187,world,cf231_leg,-2.6038687229156494,-1.5931516885757446,0.9857573509216309
1773047419,414008913,world,cf231,-2.605088233947754,-1.5879104137420654,1.0011875629425049
1773047419,414008913,world,cf231_leg,-2.604037284851074,-1.5932546854019165,0.9853899478912354
1773047419,418858809,world,cf231,-2.6052920818328857,-1.588129997253418,1.0011711120605469
1773047419,418858809,world,cf231_leg,-2.6041858196258545,-1.5934092998504639,0.9852969646453857
1773047419,423820450,world,cf231,-2.605344295501709,-1.588172435760498,1.0009281635284424
1773047419,423820450,world,cf231_leg,-2.604370355606079,-1.5935088396072388,0.9852603673934937
1773047419,429502018,world,cf231,-2.60551118850708,-1.5882811546325684,1.0009173154830933
1773047419,429502018,world,cf231_leg,-2.604445695877075,-1.59347403049469,0.9851641654968262
1773047419,433929374,world,cf231,-2.6055281162261963,-1.588526725769043,1.0006071329116821
1773047419,433929374,world,cf231_leg,-2.6044609546661377,-1.593614101409912,0.9850199222564697
1773047419,439853781,world,cf231,-2.6057348251342773,-1.58856201171875,1.0002572536468506
1773047419,439853781,world,cf231_leg,-2.6045877933502197,-1.5936113595962524,0.9848299026489258
1773047419,444087822,world,cf231,-2.6058897972106934,-1.5887702703475952,1.0001239776611328
1773047419,444087822,world,cf231_leg,-2.6046266555786133,-1.5938212871551514,0.9846659898757935
1773047419,449040853,world,cf231,-2.606041193008423,-1.5888688564300537,0.9997217655181885
1773047419,449040853,world,cf231_leg,-2.6046905517578125,-1.593927264213562,0.9844756126403809
1773047419,455998887,world,cf231,-2.6060845851898193,-1.5889121294021606,0.999557614326477
1773047419,455998887,world,cf231_leg,-2.604890823364258,-1.5939539670944214,0.9844799041748047
1773047419,459134505,world,cf231,-2.6063425540924072,-1.5891497135162354,0.999456524848938
1773047419,459134505,world,cf231_leg,-2.604804277420044,-1.594048261642456,0.984211802482605
1773047419,464005794,world,cf231,-2.6064631938934326,-1.5893182754516602,0.9992951154708862
1773047419,464005794,world,cf231_leg,-2.60510516166687,-1.5942440032958984,0.984046220779419
1773047419,470731952,world,cf231,-2.6065616607666016,-1.5895417928695679,0.9991424083709717
1773047419,470731952,world,cf231_leg,-2.605117082595825,-1.594197392463684,0.9839715957641602
1773047419,474086571,world,cf231,-2.6068227291107178,-1.5897321701049805,0.9990442991256714
1773047419,474086571,world,cf231_leg,-2.6051604747772217,-1.5943330526351929,0.9836373329162598
1773047419,479103125,world,cf231,-2.6069037914276123,-1.5899590253829956,0.9988634586334229
1773047419,479103125,world,cf231_leg,-2.605273723602295,-1.5944281816482544,0.9835346937179565
1773047419,484090880,world,cf231,-2.6071152687072754,-1.5902011394500732,0.9987937211990356
1773047419,484090880,world,cf231_leg,-2.605437755584717,-1.5945807695388794,0.9834883213043213
1773047419,489085865,world,cf231,-2.6072285175323486,-1.590418815612793,0.9986767768859863
1773047419,489085865,world,cf231_leg,-2.605522871017456,-1.5946577787399292,0.9834393262863159
1773047419,494109095,world,cf231,-2.607253313064575,-1.5905863046646118,0.998466968536377
1773047419,494109095,world,cf231_leg,-2.605745553970337,-1.5947277545928955,0.9832782745361328
1773047419,503634670,world,cf231,-2.6074025630950928,-1.5908665657043457,0.9983786344528198
1773047419,503634670,world,cf231_leg,-2.60577654838562,-1.5947465896606445,0.9831991195678711
1773047419,504406218,world,cf231,-2.6075990200042725,-1.5912333726882935,0.9982340335845947
1773047419,504406218,world,cf231_leg,-2.606019973754883,-1.5950673818588257,0.9832768440246582
1773047419,510764384,world,cf231,-2.6077687740325928,-1.5915104150772095,0.9981462955474854
1773047419,510764384,world,cf231_leg,-2.606182336807251,-1.595177173614502,0.9831024408340454
1773047419,514116919,world,cf231,-2.6079583168029785,-1.5916907787322998,0.9979368448257446
1773047419,514116919,world,cf231_leg,-2.606313467025757,-1.595165729522705,0.9827250242233276
1773047419,519896745,world,cf231,-2.6081223487854004,-1.5920155048370361,0.997870922088623
1773047419,519896745,world,cf231_leg,-2.6064443588256836,-1.5953072309494019,0.9826219081878662
1773047419,524179452,world,cf231,-2.608288288116455,-1.592318058013916,0.9976484775543213
1773047419,524179452,world,cf231_leg,-2.6065595149993896,-1.595429539680481,0.982353925704956
1773047419,529029954,world,cf231,-2.608454704284668,-1.5925997495651245,0.997420072555542
1773047419,529029954,world,cf231_leg,-2.6066839694976807,-1.5955084562301636,0.9821532964706421
1773047419,534833956,world,cf231,-2.6085586547851562,-1.5928221940994263,0.9972162246704102
1773047419,534833956,world,cf231_leg,-2.6067583560943604,-1.5956026315689087,0.98219895362854
1773047419,539093683,world,cf231,-2.6089072227478027,-1.5932457447052002,0.9971323013305664
1773047419,539093683,world,cf231_leg,-2.6068780422210693,-1.5956814289093018,0.9820448160171509
1773047419,543725545,world,cf231,-2.6089797019958496,-1.5935205221176147,0.9969997406005859
1773047419,543725545,world,cf231_leg,-2.607032299041748,-1.5959079265594482,0.9819073677062988
1773047419,549053945,world,cf231,-2.6090822219848633,-1.5936229228973389,0.9968385696411133
1773047419,549053945,world,cf231_leg,-2.6072001457214355,-1.5960110425949097,0.9818422794342041
1773047419,558358293,world,cf231,-2.6092426776885986,-1.5938998460769653,0.9968314170837402
1773047419,558358293,world,cf231_leg,-2.6072933673858643,-1.5960148572921753,0.9819045066833496
1773047419,559432459,world,cf231,-2.609402894973755,-1.5941768884658813,0.9968245029449463
1773047419,559432459,world,cf231_leg,-2.6073801517486572,-1.5961873531341553,0.981682538986206
1773047419,567131313,world,cf231,-2.6095011234283447,-1.5944002866744995,0.9966719150543213
1773047419,567131313,world,cf231_leg,-2.6074719429016113,-1.5963271856307983,0.9817308187484741
1773047419,569237612,world,cf231,-2.609718084335327,-1.59468674659729,0.9967056512832642
1773047419,569237612,world,cf231_leg,-2.607520341873169,-1.5962724685668945,0.9816707372665405
1773047419,574044516,world,cf231,-2.609917640686035,-1.5949050188064575,0.9967190027236938
1773047419,574044516,world,cf231_leg,-2.6076571941375732,-1.5965038537979126,0.9815231561660767
1773047419,586646375,world,cf231,-2.610018253326416,-1.5951273441314697,0.9965428113937378
1773047419,586646375,world,cf231_leg,-2.6077871322631836,-1.5966368913650513,0.981581449508667
1773047419,587413476,world,cf231,-2.610117197036743,-1.595271348953247,0.996548056602478
1773047419,587413476,world,cf231_leg,-2.6079134941101074,-1.596700668334961,0.9816746711730957
1773047419,589236586,world,cf231,-2.6102685928344727,-1.595503807067871,0.9964646100997925
1773047419,589236586,world,cf231_leg,-2.6078763008117676,-1.5966647863388062,0.9815129041671753
1773047419,595759624,world,cf231,-2.6104393005371094,-1.595773696899414,0.9965239763259888
1773047419,595759624,world,cf231_leg,-2.608036518096924,-1.5968161821365356,0.9814935922622681
1773047419,599245379,world,cf231,-2.6105663776397705,-1.595915675163269,0.9964722394943237
1773047419,599245379,world,cf231_leg,-2.6081793308258057,-1.596944808959961,0.9816066026687622
1773047419,604257308,world,cf231,-2.6107378005981445,-1.5961146354675293,0.996537446975708
1773047419,604257308,world,cf231_leg,-2.608110189437866,-1.596940040588379,0.981518030166626
1773047419,612514519,world,cf231,-2.61082124710083,-1.5961923599243164,0.9965163469314575
1773047419,612514519,world,cf231_leg,-2.608259916305542,-1.5969786643981934,0.9814544916152954
1773047419,615061098,world,cf231,-2.6111221313476562,-1.5964775085449219,0.9966863393783569
1773047419,615061098,world,cf231_leg,-2.608342409133911,-1.5971651077270508,0.9815536737442017
1773047419,624709040,world,cf231,-2.6112332344055176,-1.5966660976409912,0.9967402219772339
1773047419,624709040,world,cf231_leg,-2.608499050140381,-1.5972466468811035,0.9815706014633179
1773047419,625198860,world,cf231,-2.6113297939300537,-1.5967395305633545,0.9967777729034424
1773047419,625198860,world,cf231_leg,-2.608443260192871,-1.5972379446029663,0.9815356731414795
1773047419,630218297,world,cf231,-2.6115195751190186,-1.5968859195709229,0.9968808889389038
1773047419,630218297,world,cf231_leg,-2.6086878776550293,-1.5973893404006958,0.9816372394561768
1773047419,635043513,world,cf231,-2.611673593521118,-1.5970882177352905,0.9969178438186646
1773047419,635043513,world,cf231_leg,-2.6087191104888916,-1.5975003242492676,0.9816808700561523
1773047419,639176954,world,cf231,-2.611736297607422,-1.5970975160598755,0.9969044923782349
1773047419,639176954,world,cf231_leg,-2.6088335514068604,-1.5975183248519897,0.9817259311676025
1773047419,647880125,world,cf231,-2.6118714809417725,-1.5971150398254395,0.9969812631607056
1773047419,647880125,world,cf231_leg,-2.608889579772949,-1.5974586009979248,0.9817695617675781
1773047419,649162811,world,cf231,-2.6120028495788574,-1.5972498655319214,0.9970495700836182
1773047419,649162811,world,cf231_leg,-2.6088855266571045,-1.5975764989852905,0.9817793369293213
1773047419,658566494,world,cf231,-2.612060546875,-1.5972603559494019,0.9970872402191162
1773047419,658566494,world,cf231_leg,-2.6090493202209473,-1.5977014303207397,0.9818753004074097
1773047419,660044359,world,cf231,-2.6123242378234863,-1.5975315570831299,0.9972196817398071
1773047419,660044359,world,cf231_leg,-2.6092700958251953,-1.5977855920791626,0.9820111989974976
1773047419,665534162,world,cf231,-2.612461566925049,-1.597548007965088,0.9972721338272095
1773047419,665534162,world,cf231_leg,-2.6091251373291016,-1.5977078676223755,0.9819117784500122
1773047419,669058866,world,cf231,-2.612527370452881,-1.5974384546279907,0.9972711801528931
1773047419,669058866,world,cf231_leg,-2.6093082427978516,-1.5978401899337769,0.982169508934021
1773047419,675223943,world,cf231,-2.612626075744629,-1.597510576248169,0.9972853660583496
1773047419,675223943,world,cf231_leg,-2.6093661785125732,-1.5978305339813232,0.9821828603744507
1773047419,679142901,world,cf231,-2.6127007007598877,-1.597517728805542,0.997350811958313
1773047419,679142901,world,cf231_leg,-2.609410285949707,-1.5977258682250977,0.9821764230728149
1773047419,684032406,world,cf231,-2.6129202842712402,-1.5976101160049438,0.9973876476287842
1773047419,684032406,world,cf231_leg,-2.6095330715179443,-1.5978389978408813,0.9822875261306763
1773047419,689309802,world,cf231,-2.6130547523498535,-1.597626805305481,0.9974662065505981
1773047419,689309802,world,cf231_leg,-2.609635591506958,-1.5978349447250366,0.9824162721633911
1773047419,694267595,world,cf231,-2.6130545139312744,-1.5976264476776123,0.9974672794342041
1773047419,694267595,world,cf231_leg,-2.6096484661102295,-1.597899079322815,0.9824624061584473
1773047419,699212005,world,cf231,-2.6131277084350586,-1.5976321697235107,0.9975371360778809
1773047419,699212005,world,cf231_leg,-2.609743356704712,-1.597851276397705,0.9825130701065063
1773047419,704208898,world,cf231,-2.6132662296295166,-1.597619891166687,0.9977332353591919
1773047419,704208898,world,cf231_leg,-2.6097753047943115,-1.5978666543960571,0.9827065467834473
1773047419,709259744,world,cf231,-2.6133458614349365,-1.5976972579956055,0.9977401494979858
1773047419,709259744,world,cf231_leg,-2.6098246574401855,-1.597899317741394,0.9826346635818481
1773047419,713909209,world,cf231,-2.613497257232666,-1.5976382493972778,0.9978572130203247
1773047419,713909209,world,cf231_leg,-2.609928846359253,-1.597896933555603,0.982757568359375
1773047419,719005385,world,cf231,-2.6135458946228027,-1.5975747108459473,0.9979648590087891
1773047419,719005385,world,cf231_leg,-2.609959363937378,-1.5977249145507812,0.9830002784729004
1773047419,725201759,world,cf231,-2.613590955734253,-1.597518801689148,0.997949481010437
1773047419,725201759,world,cf231_leg,-2.60994553565979,-1.5978246927261353,0.9827958345413208
1773047419,728943636,world,cf231,-2.613746404647827,-1.5974607467651367,0.9980368614196777
1773047419,728943636,world,cf231_leg,-2.6102027893066406,-1.5978753566741943,0.983104944229126
1773047419,733881588,world,cf231,-2.613751173019409,-1.597454309463501,0.9981554746627808
1773047419,733881588,world,cf231_leg,-2.6101272106170654,-1.5977751016616821,0.9832355976104736
1773047419,739101300,world,cf231,-2.613821029663086,-1.5973880290985107,0.9982614517211914
1773047419,739101300,world,cf231_leg,-2.610170602798462,-1.5977357625961304,0.9832073450088501
1773047419,743998572,world,cf231,-2.613823413848877,-1.59726881980896,0.9982752799987793
1773047419,743998572,world,cf231_leg,-2.61012601852417,-1.597723126411438,0.983249306678772
1773047419,750024917,world,cf231,-2.613994836807251,-1.5973460674285889,0.9983608722686768
1773047419,750024917,world,cf231_leg,-2.6103060245513916,-1.5976587533950806,0.9834173917770386
1773047419,754004767,world,cf231,-2.6140313148498535,-1.5971477031707764,0.998441219329834
1773047419,754004767,world,cf231_leg,-2.6102561950683594,-1.5976685285568237,0.9833337068557739
1773047419,758989216,world,cf231,-2.6140875816345215,-1.59708571434021,0.9984897375106812
1773047419,758989216,world,cf231_leg,-2.610295534133911,-1.5975542068481445,0.9835156202316284
1773047419,764179184,world,cf231,-2.6140990257263184,-1.5970112085342407,0.9985787868499756
1773047419,764179184,world,cf231_leg,-2.6102819442749023,-1.5975908041000366,0.9834539890289307
1773047419,769034141,world,cf231,-2.6140029430389404,-1.5968164205551147,0.9985618591308594
1773047419,769034141,world,cf231_leg,-2.6102793216705322,-1.5975396633148193,0.983487606048584
1773047419,774159778,world,cf231,-2.6140806674957275,-1.5968233346939087,0.998600959777832
1773047419,774159778,world,cf231_leg,-2.610262632369995,-1.5975357294082642,0.9836169481277466
1773047419,779148430,world,cf231,-2.613999843597412,-1.5965046882629395,0.9986567497253418
1773047419,779148430,world,cf231_leg,-2.610278844833374,-1.5972927808761597,0.9836851358413696
1773047419,784070564,world,cf231,-2.6141061782836914,-1.5965019464492798,0.9987879991531372
1773047419,784070564,world,cf231_leg,-2.610114574432373,-1.597259759902954,0.9837135076522827
1773047419,789092988,world,cf231,-2.6140191555023193,-1.596352219581604,0.9988458156585693
1773047419,789092988,world,cf231_leg,-2.610163927078247,-1.5972493886947632,0.9837992191314697
1773047419,794254685,world,cf231,-2.6141459941864014,-1.596253752708435,0.998853325843811
1773047419,794254685,world,cf231_leg,-2.6101491451263428,-1.5970839262008667,0.9837942123413086
1773047419,798901250,world,cf231,-2.6141140460968018,-1.596043586730957,0.9989819526672363
1773047419,798901250,world,cf231_leg,-2.6102750301361084,-1.59709632396698,0.9838982820510864
1773047419,804134490,world,cf231,-2.614142417907715,-1.595983624458313,0.9990875720977783
1773047419,804134490,world,cf231_leg,-2.6101014614105225,-1.5970431566238403,0.9840034246444702
1773047419,809185438,world,cf231,-2.6140835285186768,-1.5958317518234253,0.9990882873535156
1773047419,809185438,world,cf231_leg,-2.6102099418640137,-1.5970169305801392,0.9839490652084351
1773047419,814249164,world,cf231,-2.614089012145996,-1.595590591430664,0.9990968704223633
1773047419,814249164,world,cf231_leg,-2.610128164291382,-1.596889853477478,0.9839823246002197
1773047419,818936831,world,cf231,-2.614142656326294,-1.5955288410186768,0.9991718530654907
1773047419,818936831,world,cf231_leg,-2.6100504398345947,-1.5966957807540894,0.983995795249939
1773047419,824048481,world,cf231,-2.6139652729034424,-1.5953223705291748,0.9993104934692383
1773047419,824048481,world,cf231_leg,-2.6099650859832764,-1.5967378616333008,0.9840271472930908
1773047419,829044304,world,cf231,-2.614084005355835,-1.5952051877975464,0.9992063045501709
1773047419,829044304,world,cf231_leg,-2.610105037689209,-1.5966097116470337,0.9842014312744141
1773047419,834281104,world,cf231,-2.6139376163482666,-1.5949537754058838,0.9991258382797241
1773047419,834281104,world,cf231_leg,-2.609981060028076,-1.5966145992279053,0.9840760231018066
1773047419,839599225,world,cf231,-2.613800048828125,-1.5947017669677734,0.9989649057388306
1773047419,839599225,world,cf231_leg,-2.6099627017974854,-1.5964306592941284,0.984096884727478
1773047419,843835450,world,cf231,-2.6139285564422607,-1.5947577953338623,0.9992176294326782
1773047419,843835450,world,cf231_leg,-2.609873056411743,-1.5963513851165771,0.9841766357421875
1773047419,850046322,world,cf231,-2.6138346195220947,-1.5944218635559082,0.9992107152938843
1773047419,850046322,world,cf231_leg,-2.609983444213867,-1.5962814092636108,0.984259843826294
1773047419,854256540,world,cf231,-2.6137726306915283,-1.5942167043685913,0.9992344379425049
1773047419,854256540,world,cf231_leg,-2.6098721027374268,-1.5961368083953857,0.9843671321868896
1773047419,859098357,world,cf231,-2.6136646270751953,-1.5939711332321167,0.9995203018188477
1773047419,859098357,world,cf231_leg,-2.609907388687134,-1.5960208177566528,0.9845783710479736
1773047419,864114190,world,cf231,-2.6136417388916016,-1.5938321352005005,0.9995603561401367
1773047419,864114190,world,cf231_leg,-2.609734058380127,-1.5958051681518555,0.9845528602600098
1773047419,871922580,world,cf231,-2.6135315895080566,-1.5936392545700073,0.9996727705001831
1773047419,871922580,world,cf231_leg,-2.6096606254577637,-1.595773458480835,0.9846516847610474
1773047419,875011724,world,cf231,-2.613406181335449,-1.5934321880340576,0.9995602369308472
1773047419,875011724,world,cf231_leg,-2.6097183227539062,-1.5956897735595703,0.9845411777496338
1773047419,879181186,world,cf231,-2.6132638454437256,-1.5931051969528198,0.9996254444122314
1773047419,879181186,world,cf231_leg,-2.6096839904785156,-1.5954406261444092,0.9845424890518188
1773047419,884155909,world,cf231,-2.613236427307129,-1.592922329902649,0.9995601177215576
1773047419,884155909,world,cf231_leg,-2.6095314025878906,-1.5954293012619019,0.9844878911972046
1773047419,889151349,world,cf231,-2.6131837368011475,-1.5927870273590088,0.9996793270111084
1773047419,889151349,world,cf231_leg,-2.609586715698242,-1.5953688621520996,0.9845341444015503
1773047419,894150066,world,cf231,-2.613032817840576,-1.5925843715667725,0.9996163845062256
1773047419,894150066,world,cf231_leg,-2.6096529960632324,-1.5952610969543457,0.9845082759857178
1773047419,899287454,world,cf231,-2.6128907203674316,-1.5922620296478271,0.9995136260986328
1773047419,899287454,world,cf231_leg,-2.609431743621826,-1.5951257944107056,0.9843825101852417
1773047419,904356081,world,cf231,-2.6127092838287354,-1.5919908285140991,0.9995400905609131
1773047419,904356081,world,cf231_leg,-2.609389543533325,-1.5949933528900146,0.9844207763671875
1773047419,909943167,world,cf231,-2.6126105785369873,-1.591796636581421,0.9995476007461548
1773047419,909943167,world,cf231_leg,-2.609349489212036,-1.5948501825332642,0.9842791557312012
1773047419,914166210,world,cf231,-2.612497568130493,-1.5916510820388794,0.9996553659439087
1773047419,914166210,world,cf231_leg,-2.609334945678711,-1.5948659181594849,0.9844021797180176
1773047419,920040983,world,cf231,-2.6123039722442627,-1.591385006904602,0.9996209144592285
1773047419,920040983,world,cf231_leg,-2.609264373779297,-1.5947425365447998,0.9843525886535645
1773047419,926186343,world,cf231,-2.612128973007202,-1.5911136865615845,0.9995932579040527
1773047419,926186343,world,cf231_leg,-2.6092989444732666,-1.5946736335754395,0.9842404127120972
1773047419,929100595,world,cf231,-2.6120359897613525,-1.5910406112670898,0.9995269775390625
1773047419,929100595,world,cf231_leg,-2.609119415283203,-1.594559907913208,0.9839564561843872
1773047419,935970308,world,cf231,-2.6118221282958984,-1.5907065868377686,0.9994986057281494
1773047419,935970308,world,cf231_leg,-2.609199047088623,-1.5945581197738647,0.9841076135635376
1773047419,939117236,world,cf231,-2.6116058826446533,-1.5904920101165771,0.999455451965332
1773047419,939117236,world,cf231_leg,-2.609114408493042,-1.5943717956542969,0.9840308427810669
1773047419,945674643,world,cf231,-2.6114754676818848,-1.5902358293533325,0.999406099319458
1773047419,945674643,world,cf231_leg,-2.6089866161346436,-1.5942656993865967,0.9838087558746338
1773047419,949050605,world,cf231,-2.611370801925659,-1.5902825593948364,0.9994064569473267
1773047419,949050605,world,cf231_leg,-2.608912706375122,-1.5941925048828125,0.9837753772735596
1773047419,954064910,world,cf231,-2.6112141609191895,-1.589963436126709,0.9992483854293823
1773047419,954064910,world,cf231_leg,-2.6089065074920654,-1.594122290611267,0.9838360548019409
1773047419,959240497,world,cf231,-2.6110661029815674,-1.589802622795105,0.9992960691452026
1773047419,959240497,world,cf231_leg,-2.6087934970855713,-1.5940039157867432,0.983805775642395
1773047419,965111792,world,cf231,-2.610934257507324,-1.589666724205017,0.9992296695709229
1773047419,965111792,world,cf231_leg,-2.6087899208068848,-1.5940102338790894,0.9836740493774414
1773047419,969198193,world,cf231,-2.610775947570801,-1.5894629955291748,0.999222993850708
1773047419,969198193,world,cf231_leg,-2.6086390018463135,-1.5937613248825073,0.9836521148681641
1773047419,974225450,world,cf231,-2.6105868816375732,-1.5893170833587646,0.9991171360015869
1773047419,974225450,world,cf231_leg,-2.608616590499878,-1.5937021970748901,0.9835251569747925
1773047419,979130113,world,cf231,-2.6103875637054443,-1.5891703367233276,0.9990953207015991
1773047419,979130113,world,cf231_leg,-2.608532428741455,-1.593695044517517,0.9835610389709473
1773047419,985132921,world,cf231,-2.610300064086914,-1.588977575302124,0.999016523361206
1773047419,985132921,world,cf231_leg,-2.6085448265075684,-1.5934606790542603,0.9835131168365479
1773047419,989233314,world,cf231,-2.6101233959198,-1.5888981819152832,0.9989629983901978
1773047419,989233314,world,cf231_leg,-2.6082990169525146,-1.5933351516723633,0.983272910118103
1773047419,995095451,world,cf231,-2.609865427017212,-1.5886260271072388,0.9987767934799194
1773047419,995095451,world,cf231_leg,-2.6082446575164795,-1.593276858329773,0.9832431077957153
1773047420,45991,world,cf231,-2.6096177101135254,-1.5883495807647705,0.9986751079559326
1773047420,45991,world,cf231_leg,-2.6082091331481934,-1.593197226524353,0.9832184314727783
1773047420,4159646,world,cf231,-2.6094396114349365,-1.5882689952850342,0.9986250400543213
1773047420,4159646,world,cf231_leg,-2.6081135272979736,-1.5930325984954834,0.983065128326416
1773047420,9126092,world,cf231,-2.6092710494995117,-1.588119387626648,0.9985208511352539
1773047420,9126092,world,cf231_leg,-2.6080105304718018,-1.5929673910140991,0.9829472303390503
1773047420,15159587,world,cf231,-2.609215497970581,-1.5880606174468994,0.9984897375106812
1773047420,15159587,world,cf231_leg,-2.6079766750335693,-1.5928287506103516,0.983069896697998
1773047420,19322170,world,cf231,-2.6090776920318604,-1.5879724025726318,0.9984451532363892
1773047420,19322170,world,cf231_leg,-2.607872486114502,-1.5927900075912476,0.9828122854232788
1773047420,24239815,world,cf231,-2.608853816986084,-1.5877141952514648,0.9983214139938354
1773047420,24239815,world,cf231_leg,-2.607809543609619,-1.592710018157959,0.9828414916992188
1773047420,29111621,world,cf231,-2.6087396144866943,-1.5876939296722412,0.998242974281311
1773047420,29111621,world,cf231_leg,-2.60768461227417,-1.5924594402313232,0.9827713966369629
1773047420,34221071,world,cf231,-2.60854434967041,-1.5874981880187988,0.9982028007507324
1773047420,34221071,world,cf231_leg,-2.6075644493103027,-1.5925168991088867,0.9826068878173828
1773047420,39177419,world,cf231,-2.6084907054901123,-1.5874882936477661,0.9981356859207153
1773047420,39177419,world,cf231_leg,-2.6075730323791504,-1.5924185514450073,0.9825681447982788
1773047420,44332435,world,cf231,-2.608217477798462,-1.5873357057571411,0.9980427026748657
1773047420,44332435,world,cf231_leg,-2.6074295043945312,-1.5922892093658447,0.9824562072753906
1773047420,49145560,world,cf231,-2.6081526279449463,-1.5873242616653442,0.9980621337890625
1773047420,49145560,world,cf231_leg,-2.6073620319366455,-1.5921661853790283,0.9823815822601318
1773047420,54134901,world,cf231,-2.6080267429351807,-1.5871882438659668,0.9979406595230103
1773047420,54134901,world,cf231_leg,-2.6073100566864014,-1.5922272205352783,0.9823099374771118
1773047420,59045054,world,cf231,-2.6079275608062744,-1.5871152877807617,0.9979285001754761
1773047420,59045054,world,cf231_leg,-2.6073052883148193,-1.592064380645752,0.9822255373001099
1773047420,64363484,world,cf231,-2.607874870300293,-1.587056040763855,0.9978715181350708
1773047420,64363484,world,cf231_leg,-2.607174873352051,-1.5920504331588745,0.982149600982666
1773047420,69231045,world,cf231,-2.6076831817626953,-1.5870295763015747,0.9977512359619141
1773047420,69231045,world,cf231_leg,-2.6071600914001465,-1.5919866561889648,0.9821254014968872
1773047420,74655002,world,cf231,-2.6075363159179688,-1.5868918895721436,0.9977982044219971
1773047420,74655002,world,cf231_leg,-2.6070034503936768,-1.5918538570404053,0.9821181297302246
1773047420,79182993,world,cf231,-2.6074674129486084,-1.5868874788284302,0.9976961612701416
1773047420,79182993,world,cf231_leg,-2.606996774673462,-1.591791033744812,0.9820210933685303
1773047420,84227752,world,cf231,-2.607562303543091,-1.587009310722351,0.9977270364761353
1773047420,84227752,world,cf231_leg,-2.6069862842559814,-1.591770052909851,0.982101321220398
1773047420,89161647,world,cf231,-2.607353687286377,-1.5868176221847534,0.9976284503936768
1773047420,89161647,world,cf231_leg,-2.6069555282592773,-1.5916255712509155,0.9817637205123901
1773047420,94247317,world,cf231,-2.607288360595703,-1.5868558883666992,0.9976364374160767
1773047420,94247317,world,cf231_leg,-2.606781244277954,-1.591597318649292,0.9817115068435669
1773047420,99321386,world,cf231,-2.6071829795837402,-1.5867376327514648,0.9975217580795288
1773047420,99321386,world,cf231_leg,-2.60685133934021,-1.591661810874939,0.9819316864013672
1773047420,104892860,world,cf231,-2.6071159839630127,-1.586727499961853,0.997564435005188
1773047420,104892860,world,cf231_leg,-2.606743812561035,-1.591475248336792,0.9818618297576904
1773047420,110244681,world,cf231,-2.607076406478882,-1.5866641998291016,0.9975653886795044
1773047420,110244681,world,cf231_leg,-2.606736421585083,-1.591421127319336,0.9816242456436157
1773047420,114032166,world,cf231,-2.6070523262023926,-1.586645483970642,0.997588038444519
1773047420,114032166,world,cf231_leg,-2.606684684753418,-1.5914654731750488,0.9818530082702637
1773047420,119378957,world,cf231,-2.6068060398101807,-1.586511254310608,0.997445821762085
1773047420,119378957,world,cf231_leg,-2.606734037399292,-1.5914212465286255,0.981647253036499
1773047420,123894815,world,cf231,-2.6069014072418213,-1.586633563041687,0.997475266456604
1773047420,123894815,world,cf231_leg,-2.606590747833252,-1.5912748575210571,0.9818364381790161
1773047420,129290451,world,cf231,-2.606921911239624,-1.5867018699645996,0.9974683523178101
1773047420,129290451,world,cf231_leg,-2.6067099571228027,-1.5913532972335815,0.981683611869812
1773047420,133945396,world,cf231,-2.606821060180664,-1.5865557193756104,0.9974687099456787
1773047420,133945396,world,cf231_leg,-2.6066036224365234,-1.5912193059921265,0.981902003288269
1773047420,139196107,world,cf231,-2.606828212738037,-1.5866280794143677,0.9974038600921631
1773047420,139196107,world,cf231_leg,-2.6066179275512695,-1.5912816524505615,0.981627345085144
1773047420,144264747,world,cf231,-2.606826066970825,-1.5865073204040527,0.9974486827850342
1773047420,144264747,world,cf231_leg,-2.60660457611084,-1.5911662578582764,0.9815917015075684
1773047420,149287167,world,cf231,-2.606757164001465,-1.5865452289581299,0.997484564781189
1773047420,149287167,world,cf231_leg,-2.606503963470459,-1.5911448001861572,0.9815980195999146
1773047420,156580868,world,cf231,-2.606668472290039,-1.5864231586456299,0.9973996877670288
1773047420,156580868,world,cf231_leg,-2.6065402030944824,-1.5911383628845215,0.9816303253173828
1773047420,159390543,world,cf231,-2.6067917346954346,-1.5865647792816162,0.9973775148391724
1773047420,159390543,world,cf231_leg,-2.606426239013672,-1.5911386013031006,0.9815832376480103
1773047420,164083368,world,cf231,-2.6067652702331543,-1.5864969491958618,0.9974373579025269
1773047420,164083368,world,cf231_leg,-2.606563091278076,-1.591057538986206,0.9817615747451782
1773047420,169148355,world,cf231,-2.6069178581237793,-1.5866293907165527,0.9975060224533081
1773047420,169148355,world,cf231_leg,-2.6065051555633545,-1.5910775661468506,0.9819062948226929
1773047420,174312693,world,cf231,-2.606773853302002,-1.5864487886428833,0.997389554977417
1773047420,174312693,world,cf231_leg,-2.606452703475952,-1.591086745262146,0.9815430641174316
1773047420,179246281,world,cf231,-2.606846570968628,-1.5865038633346558,0.9974498748779297
1773047420,179246281,world,cf231_leg,-2.606522560119629,-1.591109037399292,0.9822238683700562
1773047420,186038525,world,cf231,-2.6068015098571777,-1.5863957405090332,0.9973474740982056
1773047420,186038525,world,cf231_leg,-2.6064701080322266,-1.5912047624588013,0.9818509817123413
1773047420,189412189,world,cf231,-2.6068384647369385,-1.5864596366882324,0.9973721504211426
1773047420,189412189,world,cf231_leg,-2.6065151691436768,-1.5910718441009521,0.9816849231719971
1773047420,194071631,world,cf231,-2.6069703102111816,-1.5865235328674316,0.9974485635757446
1773047420,194071631,world,cf231_leg,-2.606520175933838,-1.591020941734314,0.9816478490829468
1773047420,199113201,world,cf231,-2.606959342956543,-1.5864800214767456,0.9973958730697632
1773047420,199113201,world,cf231_leg,-2.606419324874878,-1.5909556150436401,0.9815065860748291
1773047420,205226549,world,cf231,-2.607077121734619,-1.5866695642471313,0.9973945617675781
1773047420,205226549,world,cf231_leg,-2.6065473556518555,-1.5911582708358765,0.981576681137085
1773047420,209311698,world,cf231,-2.6070351600646973,-1.5866069793701172,0.9974204301834106
1773047420,209311698,world,cf231_leg,-2.606518507003784,-1.5910470485687256,0.9815099239349365
1773047420,214172694,world,cf231,-2.6069490909576416,-1.5864840745925903,0.9973106384277344
1773047420,214172694,world,cf231_leg,-2.606459379196167,-1.5909684896469116,0.981511116027832
1773047420,219180587,world,cf231,-2.6070938110351562,-1.5865728855133057,0.9973000288009644
1773047420,219180587,world,cf231_leg,-2.606390953063965,-1.5910334587097168,0.9814091920852661
1773047420,224295498,world,cf231,-2.6071383953094482,-1.5865880250930786,0.9972786903381348
1773047420,224295498,world,cf231_leg,-2.6065149307250977,-1.5910457372665405,0.9815373420715332
1773047420,229421703,world,cf231,-2.6072256565093994,-1.5867087841033936,0.9973679780960083
1773047420,229421703,world,cf231_leg,-2.6065714359283447,-1.5910626649856567,0.9814114570617676
1773047420,235029184,world,cf231,-2.6073877811431885,-1.586794137954712,0.9973853826522827
1773047420,235029184,world,cf231_leg,-2.606518507003784,-1.5910470485687256,0.9815099239349365
1773047420,239975511,world,cf231,-2.60731840133667,-1.5867393016815186,0.9972971677780151
1773047420,239975511,world,cf231_leg,-2.6065945625305176,-1.5910100936889648,0.9813970327377319
1773047420,244698606,world,cf231,-2.607342481613159,-1.5868080854415894,0.9972614049911499
1773047420,244698606,world,cf231_leg,-2.606571912765503,-1.591063380241394,0.9814094305038452
1773047420,250846244,world,cf231,-2.6074023246765137,-1.5868176221847534,0.9972754716873169
1773047420,250846244,world,cf231_leg,-2.60658860206604,-1.5911011695861816,0.9815713167190552
1773047420,255207117,world,cf231,-2.6074254512786865,-1.5868853330612183,0.99724280834198
1773047420,255207117,world,cf231_leg,-2.606614589691162,-1.591076374053955,0.9813897609710693
1773047420,259215736,world,cf231,-2.607492685317993,-1.5869677066802979,0.9971910715103149
1773047420,259215736,world,cf231_leg,-2.6066622734069824,-1.5909723043441772,0.9813578128814697
1773047420,263944803,world,cf231,-2.607553243637085,-1.5869779586791992,0.9972026348114014
1773047420,263944803,world,cf231_leg,-2.6065685749053955,-1.5911821126937866,0.9814165830612183
1773047420,269258055,world,cf231,-2.6076176166534424,-1.5869888067245483,0.9971851110458374
1773047420,269258055,world,cf231_leg,-2.606830358505249,-1.5911675691604614,0.9814167022705078
1773047420,274161455,world,cf231,-2.6077017784118652,-1.5870717763900757,0.9969947338104248
1773047420,274161455,world,cf231_leg,-2.6066601276397705,-1.5910898447036743,0.981345534324646
1773047420,281561558,world,cf231,-2.6078848838806152,-1.5871511697769165,0.9969947338104248
1773047420,281561558,world,cf231_leg,-2.606598377227783,-1.5910800695419312,0.9813601970672607
1773047420,284276706,world,cf231,-2.6077747344970703,-1.587153673171997,0.9968898296356201
1773047420,284276706,world,cf231_leg,-2.606663942337036,-1.5911600589752197,0.981308102607727
1773047420,289008299,world,cf231,-2.607856273651123,-1.5872325897216797,0.9968932867050171
1773047420,289008299,world,cf231_leg,-2.606813907623291,-1.5911298990249634,0.9812542200088501
1773047420,294361704,world,cf231,-2.607942819595337,-1.5873104333877563,0.9968457221984863
1773047420,294361704,world,cf231_leg,-2.606764316558838,-1.5911660194396973,0.9813166856765747
1773047420,299236103,world,cf231,-2.6080102920532227,-1.587393045425415,0.9967929124832153
1773047420,299236103,world,cf231_leg,-2.6068520545959473,-1.5911918878555298,0.981255054473877
1773047420,304482794,world,cf231,-2.6080174446105957,-1.587465524673462,0.9967278242111206
1773047420,304482794,world,cf231_leg,-2.6067848205566406,-1.5911381244659424,0.9811691045761108
1773047420,309265111,world,cf231,-2.608121395111084,-1.5875399112701416,0.9967089891433716
1773047420,309265111,world,cf231_leg,-2.6067800521850586,-1.5912303924560547,0.9813387393951416
1773047420,314462472,world,cf231,-2.6081554889678955,-1.5875589847564697,0.9966031312942505
1773047420,314462472,world,cf231_leg,-2.606879234313965,-1.5912097692489624,0.9812021255493164
1773047420,319396923,world,cf231,-2.60819935798645,-1.5876952409744263,0.9965633153915405
1773047420,319396923,world,cf231_leg,-2.606868028640747,-1.5912132263183594,0.9811267852783203
1773047420,326247121,world,cf231,-2.6082820892333984,-1.5877721309661865,0.9965455532073975
1773047420,326247121,world,cf231_leg,-2.6068713665008545,-1.5912164449691772,0.9811160564422607
1773047420,329221632,world,cf231,-2.608278512954712,-1.5877296924591064,0.9964349269866943
1773047420,329221632,world,cf231_leg,-2.6069867610931396,-1.591355323791504,0.9811381101608276
1773047420,335145389,world,cf231,-2.608309745788574,-1.587799072265625,0.9963433742523193
1773047420,335145389,world,cf231_leg,-2.606901168823242,-1.5912339687347412,0.9810405969619751
1773047420,338959265,world,cf231,-2.6084282398223877,-1.5879387855529785,0.996353268623352
1773047420,338959265,world,cf231_leg,-2.6069395542144775,-1.5912965536117554,0.9810395240783691
1773047420,345966891,world,cf231,-2.6084697246551514,-1.5881446599960327,0.9963117837905884
1773047420,345966891,world,cf231_leg,-2.606968879699707,-1.5912446975708008,0.9809762239456177
1773047420,349204550,world,cf231,-2.6084208488464355,-1.5880440473556519,0.9960869550704956
1773047420,349204550,world,cf231_leg,-2.6069495677948,-1.5912480354309082,0.980971097946167
1773047420,355095756,world,cf231,-2.60856032371521,-1.5881807804107666,0.9960968494415283
1773047420,355095756,world,cf231_leg,-2.607011318206787,-1.5913265943527222,0.9809468984603882
1773047420,359136889,world,cf231,-2.608746290206909,-1.5882129669189453,0.9961001873016357
1773047420,359136889,world,cf231_leg,-2.6071178913116455,-1.5914461612701416,0.9810441732406616
1773047420,365099422,world,cf231,-2.6088221073150635,-1.5883443355560303,0.9959568977355957
1773047420,365099422,world,cf231_leg,-2.6070847511291504,-1.5912917852401733,0.980873703956604
1773047420,369233200,world,cf231,-2.6089303493499756,-1.588491678237915,0.9958986043930054
1773047420,369233200,world,cf231_leg,-2.607022523880005,-1.5913300514221191,0.9808650016784668
1773047420,374366168,world,cf231,-2.6089649200439453,-1.5884686708450317,0.9956543445587158
1773047420,374366168,world,cf231_leg,-2.60697078704834,-1.5912996530532837,0.9806673526763916
1773047420,379486122,world,cf231,-2.60904860496521,-1.5885764360427856,0.9954860210418701
1773047420,379486122,world,cf231_leg,-2.6070868968963623,-1.5912755727767944,0.9805591106414795
1773047420,384269875,world,cf231,-2.609049081802368,-1.588632583618164,0.9951745271682739
1773047420,384269875,world,cf231_leg,-2.6071314811706543,-1.5913667678833008,0.9803644418716431
1773047420,397191095,world,cf231,-2.609149932861328,-1.588690996170044,0.9948805570602417
1773047420,397191095,world,cf231_leg,-2.607036590576172,-1.5914028882980347,0.9797443151473999
1773047420,397427547,world,cf231,-2.6090357303619385,-1.588684320449829,0.9943536520004272
1773047420,397427547,world,cf231_leg,-2.607131242752075,-1.5914865732192993,0.9793413877487183
1773047420,401010858,world,cf231,-2.6089956760406494,-1.5886387825012207,0.9937386512756348
1773047420,401010858,world,cf231_leg,-2.607121467590332,-1.5914766788482666,0.9783742427825928
1773047420,404239067,world,cf231,-2.608985424041748,-1.5887407064437866,0.9928767681121826
1773047420,404239067,world,cf231_leg,-2.6072170734405518,-1.5914372205734253,0.9776723384857178
1773047420,411882183,world,cf231,-2.6090340614318848,-1.5887610912322998,0.9920523166656494
1773047420,411882183,world,cf231_leg,-2.607268810272217,-1.5914913415908813,0.9769980907440186
1773047420,414185244,world,cf231,-2.6089484691619873,-1.588827133178711,0.9911423921585083
1773047420,414185244,world,cf231_leg,-2.607210636138916,-1.5914784669876099,0.9762576818466187
1773047420,420068493,world,cf231,-2.6089985370635986,-1.5889610052108765,0.9902970790863037
1773047420,420068493,world,cf231_leg,-2.6071696281433105,-1.5915050506591797,0.9750821590423584
1773047420,424429864,world,cf231,-2.6090314388275146,-1.5889465808868408,0.9889853000640869
1773047420,424429864,world,cf231_leg,-2.607314109802246,-1.5914738178253174,0.9738723039627075
1773047420,429283139,world,cf231,-2.6090898513793945,-1.5890021324157715,0.9876339435577393
1773047420,429283139,world,cf231_leg,-2.6071364879608154,-1.5914524793624878,0.9726803302764893
1773047420,434253377,world,cf231,-2.6090877056121826,-1.5891835689544678,0.9864052534103394
1773047420,434253377,world,cf231_leg,-2.6069676876068115,-1.5913318395614624,0.971144437789917
1773047420,439197809,world,cf231,-2.609015464782715,-1.589207649230957,0.9846388101577759
1773047420,439197809,world,cf231_leg,-2.6072328090667725,-1.5914161205291748,0.9697762727737427
1773047420,444266691,world,cf231,-2.609006643295288,-1.5891947746276855,0.9828871488571167
1773047420,444266691,world,cf231_leg,-2.6070213317871094,-1.5913972854614258,0.967798113822937
1773047420,449246445,world,cf231,-2.609088659286499,-1.5894516706466675,0.9810103178024292
1773047420,449246445,world,cf231_leg,-2.6072311401367188,-1.5913975238800049,0.9659639596939087
1773047420,454239922,world,cf231,-2.608874559402466,-1.589374303817749,0.9789383411407471
1773047420,454239922,world,cf231_leg,-2.6069843769073486,-1.5911948680877686,0.9642703533172607
1773047420,459235916,world,cf231,-2.6088950634002686,-1.5894819498062134,0.9767686128616333
1773047420,459235916,world,cf231_leg,-2.607081651687622,-1.5912443399429321,0.9616400003433228
1773047420,464267179,world,cf231,-2.608949661254883,-1.5895854234695435,0.9746745824813843
1773047420,464267179,world,cf231_leg,-2.6071043014526367,-1.59121572971344,0.9598485231399536
1773047420,469202981,world,cf231,-2.6089704036712646,-1.589808702468872,0.9718368053436279
1773047420,469202981,world,cf231_leg,-2.6069705486297607,-1.5911511182785034,0.9569876194000244
1773047420,474412371,world,cf231,-2.608880043029785,-1.5898324251174927,0.9696569442749023
1773047420,474412371,world,cf231_leg,-2.6070468425750732,-1.5910446643829346,0.9540643692016602
1773047420,479109954,world,cf231,-2.6088273525238037,-1.589938998222351,0.966629147529602
1773047420,479109954,world,cf231_leg,-2.6071975231170654,-1.591167688369751,0.9519450664520264
1773047420,485466432,world,cf231,-2.608661413192749,-1.590003252029419,0.9633619785308838
1773047420,485466432,world,cf231_leg,-2.6072609424591064,-1.591227412223816,0.9490753412246704
1773047420,489237430,world,cf231,-2.608757257461548,-1.5902256965637207,0.9601258039474487
1773047420,489237430,world,cf231_leg,-2.6071202754974365,-1.591113567352295,0.9456841945648193
1773047420,494431262,world,cf231,-2.6085360050201416,-1.590280294418335,0.9570358991622925
1773047420,494431262,world,cf231_leg,-2.607192277908325,-1.5910485982894897,0.9422125816345215
1773047420,499226680,world,cf231,-2.6084976196289062,-1.5904971361160278,0.9536160230636597
1773047420,499226680,world,cf231_leg,-2.607170581817627,-1.5909734964370728,0.9388347864151001
1773047420,504475546,world,cf231,-2.608337879180908,-1.590579867362976,0.9498450756072998
1773047420,504475546,world,cf231_leg,-2.6070666313171387,-1.5908347368240356,0.935153603553772
1773047420,509377076,world,cf231,-2.6082730293273926,-1.5906189680099487,0.9459846019744873
1773047420,509377076,world,cf231_leg,-2.6070127487182617,-1.5906733274459839,0.9315671920776367
1773047420,514308375,world,cf231,-2.608278751373291,-1.5906946659088135,0.9420721530914307
1773047420,514308375,world,cf231_leg,-2.6070594787597656,-1.5907354354858398,0.9273277521133423
1773047420,519172118,world,cf231,-2.608232021331787,-1.5908912420272827,0.9377615451812744
1773047420,519172118,world,cf231_leg,-2.606992244720459,-1.5908254384994507,0.9228718280792236
1773047420,524174185,world,cf231,-2.608027458190918,-1.5910016298294067,0.9333713054656982
1773047420,524174185,world,cf231_leg,-2.606959819793701,-1.5907196998596191,0.9183754920959473
1773047420,529403697,world,cf231,-2.608004570007324,-1.5911033153533936,0.9288952350616455
1773047420,529403697,world,cf231_leg,-2.6069839000701904,-1.5905752182006836,0.9140535593032837
1773047420,534453118,world,cf231,-2.6079459190368652,-1.5911564826965332,0.9234998226165771
1773047420,534453118,world,cf231_leg,-2.607072353363037,-1.590506911277771,0.9096643924713135
1773047420,539120207,world,cf231,-2.607926845550537,-1.5915279388427734,0.918753981590271
1773047420,539120207,world,cf231_leg,-2.6068129539489746,-1.590233564376831,0.9044510126113892
1773047420,544112993,world,cf231,-2.607815742492676,-1.5916510820388794,0.9137083292007446
1773047420,544112993,world,cf231_leg,-2.6069138050079346,-1.590291976928711,0.8991529941558838
1773047420,549183016,world,cf231,-2.607577323913574,-1.5916334390640259,0.9085097312927246
1773047420,549183016,world,cf231_leg,-2.6069235801696777,-1.5902924537658691,0.8940115571022034
1773047420,554308096,world,cf231,-2.6074635982513428,-1.591761589050293,0.9027209281921387
1773047420,554308096,world,cf231_leg,-2.606792449951172,-1.590140700340271,0.8886953592300415
1773047420,560132861,world,cf231,-2.607483148574829,-1.5918503999710083,0.8969724178314209
1773047420,560132861,world,cf231_leg,-2.6067590713500977,-1.5900439023971558,0.8824732303619385
1773047420,564146393,world,cf231,-2.6071290969848633,-1.5919445753097534,0.8909493684768677
1773047420,564146393,world,cf231_leg,-2.606696605682373,-1.5898102521896362,0.8769468069076538
1773047420,569108228,world,cf231,-2.607149600982666,-1.5921541452407837,0.8849450349807739
1773047420,569108228,world,cf231_leg,-2.606794595718384,-1.5898953676223755,0.8707414865493774
1773047420,574231685,world,cf231,-2.6071012020111084,-1.5924656391143799,0.8786637783050537
1773047420,574231685,world,cf231_leg,-2.606619358062744,-1.5897313356399536,0.8646805286407471
1773047420,579692077,world,cf231,-2.6070549488067627,-1.5925397872924805,0.8722515106201172
1773047420,579692077,world,cf231_leg,-2.6067237854003906,-1.589671015739441,0.8578517436981201
1773047420,584275538,world,cf231,-2.6068239212036133,-1.5925960540771484,0.8653037548065186
1773047420,584275538,world,cf231_leg,-2.606491804122925,-1.5894086360931396,0.8514184355735779
1773047420,589336486,world,cf231,-2.6066086292266846,-1.5927189588546753,0.8585485219955444
1773047420,589336486,world,cf231_leg,-2.606826066970825,-1.5894832611083984,0.8446568846702576
1773047420,595132474,world,cf231,-2.6064248085021973,-1.5927960872650146,0.8511719703674316
1773047420,595132474,world,cf231_leg,-2.6066043376922607,-1.5892499685287476,0.8373463749885559
1773047420,599304897,world,cf231,-2.6064250469207764,-1.5930943489074707,0.8437595367431641
1773047420,599304897,world,cf231_leg,-2.6066274642944336,-1.5890566110610962,0.8300403952598572
1773047420,605114554,world,cf231,-2.6062803268432617,-1.5933018922805786,0.836452841758728
1773047420,605114554,world,cf231_leg,-2.6066465377807617,-1.589003562927246,0.8227156400680542
1773047420,609284199,world,cf231,-2.606106996536255,-1.5933928489685059,0.8288328647613525
1773047420,609284199,world,cf231_leg,-2.6066489219665527,-1.5890153646469116,0.815200924873352
1773047420,614117210,world,cf231,-2.605991840362549,-1.5935336351394653,0.8209314346313477
1773047420,614117210,world,cf231_leg,-2.6065549850463867,-1.588826060295105,0.8070434927940369
1773047420,619295713,world,cf231,-2.605600357055664,-1.5935472249984741,0.8125008344650269
1773047420,619295713,world,cf231_leg,-2.6063663959503174,-1.5886211395263672,0.7984490394592285
1773047420,624229963,world,cf231,-2.6056203842163086,-1.5937472581863403,0.8044247627258301
1773047420,624229963,world,cf231_leg,-2.6065115928649902,-1.588709831237793,0.7904044985771179
1773047420,629340894,world,cf231,-2.605438470840454,-1.5940240621566772,0.7958159446716309
1773047420,629340894,world,cf231_leg,-2.6064865589141846,-1.5883418321609497,0.7821900248527527
1773047420,634783057,world,cf231,-2.6050615310668945,-1.5939810276031494,0.7869162559509277
1773047420,634783057,world,cf231_leg,-2.606325626373291,-1.5882182121276855,0.7731879353523254
1773047420,640596897,world,cf231,-2.6048552989959717,-1.594097375869751,0.7779629230499268
1773047420,640596897,world,cf231_leg,-2.606459617614746,-1.588215708732605,0.7642408013343811
1773047420,644604991,world,cf231,-2.6047511100769043,-1.5944091081619263,0.7689645290374756
1773047420,644604991,world,cf231_leg,-2.60654878616333,-1.588063359260559,0.7552165389060974
1773047420,649274546,world,cf231,-2.604660749435425,-1.594626545906067,0.7591166496276855
1773047420,649274546,world,cf231_leg,-2.6062681674957275,-1.5876671075820923,0.7456687092781067
1773047420,656095003,world,cf231,-2.6042838096618652,-1.5945361852645874,0.7496713399887085
1773047420,656095003,world,cf231_leg,-2.6065666675567627,-1.5877807140350342,0.7365304231643677
1773047420,660088263,world,cf231,-2.6039462089538574,-1.5946446657180786,0.7398512363433838
1773047420,660088263,world,cf231_leg,-2.6062588691711426,-1.5874638557434082,0.7263551354408264
1773047420,665147001,world,cf231,-2.6039464473724365,-1.5949733257293701,0.7298845052719116
1773047420,665147001,world,cf231_leg,-2.6063106060028076,-1.587299108505249,0.7164267897605896
1773047420,669210743,world,cf231,-2.6036083698272705,-1.5950477123260498,0.7195096015930176
1773047420,669210743,world,cf231_leg,-2.606397867202759,-1.5871753692626953,0.7063198685646057
1773047420,674166080,world,cf231,-2.603245258331299,-1.5950826406478882,0.7091504335403442
1773047420,674166080,world,cf231_leg,-2.606267213821411,-1.5869219303131104,0.6958131790161133
1773047420,679148371,world,cf231,-2.6032729148864746,-1.5953792333602905,0.6981998682022095
1773047420,679148371,world,cf231_leg,-2.6062357425689697,-1.5869442224502563,0.6851147413253784
1773047420,684201093,world,cf231,-2.602843999862671,-1.5955681800842285,0.6876164674758911
1773047420,684201093,world,cf231_leg,-2.606152296066284,-1.5867019891738892,0.6740483045578003
1773047420,690549266,world,cf231,-2.6025960445404053,-1.595534086227417,0.6761643886566162
1773047420,690549266,world,cf231_leg,-2.605954647064209,-1.5863139629364014,0.6628513932228088
1773047420,694164378,world,cf231,-2.6021342277526855,-1.59564208984375,0.6650011539459229
1773047420,694164378,world,cf231_leg,-2.606400966644287,-1.5864938497543335,0.6520867347717285
1773047420,699274550,world,cf231,-2.6021924018859863,-1.5959972143173218,0.6534937620162964
1773047420,699274550,world,cf231_leg,-2.6061902046203613,-1.5859357118606567,0.640156090259552
1773047420,704330901,world,cf231,-2.6018247604370117,-1.5960131883621216,0.64171302318573
1773047420,704330901,world,cf231_leg,-2.6063523292541504,-1.5860552787780762,0.6287773251533508
1773047420,709530686,world,cf231,-2.601466178894043,-1.5960237979888916,0.6299011707305908
1773047420,709530686,world,cf231_leg,-2.6061618328094482,-1.585767388343811,0.6167424321174622
1773047420,714441965,world,cf231,-2.6014151573181152,-1.596374750137329,0.6177000999450684
1773047420,714441965,world,cf231_leg,-2.60611891746521,-1.585681676864624,0.604719340801239
1773047420,719430304,world,cf231,-2.600919008255005,-1.5961854457855225,0.604881763458252
1773047420,719430304,world,cf231_leg,-2.60601544380188,-1.585471510887146,0.5919888615608215
1773047420,724286311,world,cf231,-2.6006877422332764,-1.5963218212127686,0.5921684503555298
1773047420,724286311,world,cf231_leg,-2.605896472930908,-1.5850588083267212,0.5794803500175476
1773047420,730277351,world,cf231,-2.60050106048584,-1.5966130495071411,0.5796257257461548
1773047420,730277351,world,cf231_leg,-2.6061887741088867,-1.5851444005966187,0.5667962431907654
1773047420,734415759,world,cf231,-2.6001484394073486,-1.5963642597198486,0.5668531656265259
1773047420,734415759,world,cf231_leg,-2.6058595180511475,-1.5847309827804565,0.5535115003585815
1773047420,739220183,world,cf231,-2.599980115890503,-1.5966728925704956,0.5535391569137573
1773047420,739220183,world,cf231_leg,-2.606186628341675,-1.5848500728607178,0.5407734513282776
1773047420,744141307,world,cf231,-2.5996623039245605,-1.596676230430603,0.5399349331855774
1773047420,744141307,world,cf231_leg,-2.6059839725494385,-1.5844519138336182,0.5271238684654236
1773047420,749652401,world,cf231,-2.5991480350494385,-1.5965648889541626,0.5260463356971741
1773047420,749652401,world,cf231_leg,-2.60603928565979,-1.5844660997390747,0.5132303833961487
1773047420,754254269,world,cf231,-2.5991785526275635,-1.5968616008758545,0.5124939680099487
1773047420,754254269,world,cf231_leg,-2.605924606323242,-1.5841119289398193,0.4992130696773529
1773047420,760343758,world,cf231,-2.598745346069336,-1.5966049432754517,0.4978695213794708
1773047420,760343758,world,cf231_leg,-2.606060028076172,-1.584122657775879,0.484965056180954
1773047420,764391734,world,cf231,-2.598701000213623,-1.5967967510223389,0.48343130946159363
1773047420,764391734,world,cf231_leg,-2.605865716934204,-1.5836414098739624,0.4707389771938324
1773047420,769185300,world,cf231,-2.5984253883361816,-1.5969059467315674,0.46908825635910034
1773047420,769185300,world,cf231_leg,-2.6059560775756836,-1.5837198495864868,0.45652446150779724
1773047420,774402788,world,cf231,-2.5980710983276367,-1.5967501401901245,0.45431527495384216
1773047420,774402788,world,cf231_leg,-2.605780839920044,-1.5832085609436035,0.4413228929042816
1773047420,779206492,world,cf231,-2.5978963375091553,-1.5969280004501343,0.4395805597305298
1773047420,779206492,world,cf231_leg,-2.6060385704040527,-1.5832922458648682,0.4266585409641266
1773047420,784350515,world,cf231,-2.597520589828491,-1.5964449644088745,0.42360448837280273
1773047420,784350515,world,cf231_leg,-2.6057634353637695,-1.5829052925109863,0.4112454950809479
1773047420,789275500,world,cf231,-2.597533941268921,-1.5967953205108643,0.4086875915527344
1773047420,789275500,world,cf231_leg,-2.60603666305542,-1.5829663276672363,0.395778626203537
1773047420,794257941,world,cf231,-2.5969326496124268,-1.5964601039886475,0.393022745847702
1773047420,794257941,world,cf231_leg,-2.6056456565856934,-1.5824304819107056,0.38011595606803894
1773047420,799253875,world,cf231,-2.596836805343628,-1.5965594053268433,0.37686339020729065
1773047420,799253875,world,cf231_leg,-2.605722427368164,-1.582533359527588,0.3641839325428009
1773047420,804609095,world,cf231,-2.5964722633361816,-1.596328616142273,0.3609600067138672
1773047420,804609095,world,cf231_leg,-2.60532808303833,-1.5819902420043945,0.3480793535709381
1773047420,810092776,world,cf231,-2.5963878631591797,-1.5963393449783325,0.3450533151626587
1773047420,810092776,world,cf231_leg,-2.605684518814087,-1.5822166204452515,0.3319246768951416
1773047420,815360615,world,cf231,-2.5961074829101562,-1.5960203409194946,0.3280768394470215
1773047420,815360615,world,cf231_leg,-2.6054635047912598,-1.5816272497177124,0.3153117597103119
1773047420,819145411,world,cf231,-2.595852851867676,-1.5959742069244385,0.31172508001327515
1773047420,819145411,world,cf231_leg,-2.6057469844818115,-1.5818593502044678,0.2990413308143616
1773047420,824469715,world,cf231,-2.595686912536621,-1.5957281589508057,0.2944461405277252
1773047420,824469715,world,cf231_leg,-2.6055588722229004,-1.5814034938812256,0.28172141313552856
1773047420,829350867,world,cf231,-2.595493793487549,-1.5956103801727295,0.27705419063568115
1773047420,829350867,world,cf231_leg,-2.6055655479431152,-1.581498622894287,0.26460978388786316
1773047420,834358369,world,cf231,-2.5953099727630615,-1.5953047275543213,0.2600788176059723
1773047420,834358369,world,cf231_leg,-2.605351686477661,-1.581081748008728,0.24757608771324158
1773047420,839315944,world,cf231,-2.595264196395874,-1.5953409671783447,0.24233585596084595
1773047420,839315944,world,cf231_leg,-2.605272054672241,-1.580870270729065,0.2297506034374237
1773047420,844159504,world,cf231,-2.5947318077087402,-1.594847559928894,0.22454406321048737
1773047420,844159504,world,cf231_leg,-2.6054372787475586,-1.5808370113372803,0.21197009086608887
1773047420,849154128,world,cf231,-2.5947821140289307,-1.594825267791748,0.20667584240436554
1773047420,849154128,world,cf231_leg,-2.6054139137268066,-1.5804764032363892,0.1935977339744568
1773047420,854461771,world,cf231,-2.5943400859832764,-1.5943224430084229,0.18803785741329193
1773047420,854461771,world,cf231_leg,-2.6054999828338623,-1.5805373191833496,0.17571577429771423
1773047420,859420680,world,cf231,-2.594332695007324,-1.594264268875122,0.16989687085151672
1773047420,859420680,world,cf231_leg,-2.605206251144409,-1.5801759958267212,0.15717223286628723
1773047420,864523899,world,cf231,-2.594001531600952,-1.593836784362793,0.151516854763031
1773047420,864523899,world,cf231_leg,-2.605470895767212,-1.5804013013839722,0.1387220025062561
1773047420,869216510,world,cf231,-2.5938022136688232,-1.5934722423553467,0.13251154124736786
1773047420,869216510,world,cf231_leg,-2.6054375171661377,-1.5799027681350708,0.12027596682310104
1773047420,874379804,world,cf231,-2.5935890674591064,-1.5933830738067627,0.11318349838256836
1773047420,874379804,world,cf231_leg,-2.6055335998535156,-1.5798120498657227,0.10111627727746964
1773047420,879260925,world,cf231,-2.5932490825653076,-1.5928608179092407,0.09376619756221771
1773047420,879260925,world,cf231_leg,-2.6053948402404785,-1.5796443223953247,0.08197551220655441
1773047420,884449754,world,cf231,-2.5933291912078857,-1.5927938222885132,0.07442745566368103
1773047420,884449754,world,cf231_leg,-2.605325222015381,-1.579338550567627,0.06209450215101242
1773047420,889474941,world,cf231,-2.592956781387329,-1.592380404472351,0.05495045334100723
1773047420,889474941,world,cf231_leg,-2.605546474456787,-1.579409122467041,0.04277218133211136
1773047420,896136353,world,cf231,-2.5945119857788086,-1.5911167860031128,0.04934989660978317
1773047420,896136353,world,cf231_leg,-2.605614423751831,-1.5789180994033813,0.023837201297283173
1773047420,899386245,world,cf231,-2.594517707824707,-1.5906740427017212,0.04510769993066788
1773047420,899386245,world,cf231_leg,-2.6082839965820312,-1.5780739784240723,0.017668351531028748
1773047420,904431112,world,cf231,-2.5948965549468994,-1.590328335762024,0.047155946493148804
1773047420,904431112,world,cf231_leg,-2.6131105422973633,-1.5759278535842896,0.025003738701343536
1773047420,909453796,world,cf231,-2.5949504375457764,-1.5906710624694824,0.048732686787843704
1773047420,909453796,world,cf231_leg,-2.6184749603271484,-1.5736383199691772,0.035297997295856476
1773047420,914438082,world,cf231,-2.5970046520233154,-1.5899578332901,0.0596570149064064
1773047420,914438082,world,cf231_leg,-2.623947858810425,-1.5710960626602173,0.04549124091863632
1773047420,919418337,world,cf231,-2.5973739624023438,-1.5900524854660034,0.06852305680513382
1773047420,919418337,world,cf231_leg,-2.6285922527313232,-1.5690326690673828,0.05397205799818039
1773047420,924433829,world,cf231,-2.5989573001861572,-1.5891762971878052,0.07947544753551483
1773047420,924433829,world,cf231_leg,-2.633376121520996,-1.5667529106140137,0.06207885593175888
1773047420,929236983,world,cf231,-2.6009681224823,-1.589016318321228,0.08909045159816742
1773047420,929236983,world,cf231_leg,-2.638794422149658,-1.5648635625839233,0.07133612781763077
1773047420,934301541,world,cf231,-2.6031973361968994,-1.5890047550201416,0.09771426022052765
1773047420,934301541,world,cf231_leg,-2.6438300609588623,-1.5624661445617676,0.07950980216264725
1773047420,939349603,world,cf231,-2.606011152267456,-1.589272379875183,0.10643107444047928
1773047420,939349603,world,cf231_leg,-2.64890193939209,-1.5604462623596191,0.0872269794344902
1773047420,944500626,world,cf231,-2.6082370281219482,-1.5893200635910034,0.11515186727046967
1773047420,944500626,world,cf231_leg,-2.6540000438690186,-1.5581167936325073,0.09472572058439255
1773047420,950297425,world,cf231,-2.6096925735473633,-1.5886552333831787,0.12393679469823837
1773047420,950297425,world,cf231_leg,-2.65893816947937,-1.5560719966888428,0.10176657885313034
1773047420,954392202,world,cf231,-2.6115260124206543,-1.5881069898605347,0.13218966126441956
1773047420,954392202,world,cf231_leg,-2.6636855602264404,-1.5538890361785889,0.10859184712171555
1773047420,959399681,world,cf231,-2.613457679748535,-1.5877583026885986,0.1410495638847351
1773047420,959399681,world,cf231_leg,-2.668583869934082,-1.5515892505645752,0.11544405668973923
1773047420,964368493,world,cf231,-2.615734100341797,-1.58734929561615,0.14885401725769043
1773047420,964368493,world,cf231_leg,-2.673536777496338,-1.5496900081634521,0.12188195437192917
1773047420,969155401,world,cf231,-2.61789608001709,-1.5873079299926758,0.15614381432533264
1773047420,969155401,world,cf231_leg,-2.678316354751587,-1.54726243019104,0.12824243307113647
1773047420,974462718,world,cf231,-2.6201977729797363,-1.58732271194458,0.16427157819271088
1773047420,974462718,world,cf231_leg,-2.6832311153411865,-1.5454275608062744,0.13422435522079468
1773047420,979426830,world,cf231,-2.6222705841064453,-1.586579442024231,0.1717534065246582
1773047420,979426830,world,cf231_leg,-2.687772274017334,-1.543039083480835,0.13931366801261902
1773047420,984484586,world,cf231,-2.6243555545806885,-1.5862691402435303,0.17880229651927948
1773047420,984484586,world,cf231_leg,-2.6928019523620605,-1.541062355041504,0.14479023218154907
1773047420,990290056,world,cf231,-2.626619577407837,-1.5860716104507446,0.18616704642772675
1773047420,990290056,world,cf231_leg,-2.6974427700042725,-1.5389719009399414,0.14986830949783325
1773047420,994393621,world,cf231,-2.6289658546447754,-1.5856963396072388,0.19317136704921722
1773047420,994393621,world,cf231_leg,-2.7020339965820312,-1.536805510520935,0.15437546372413635
1773047421,225570,world,cf231,-2.6312148571014404,-1.5852371454238892,0.1996706873178482
1773047421,225570,world,cf231_leg,-2.7069997787475586,-1.5348484516143799,0.15915176272392273
1773047421,4535211,world,cf231,-2.6334681510925293,-1.5845835208892822,0.2061816155910492
1773047421,4535211,world,cf231_leg,-2.71150279045105,-1.532572627067566,0.16311076283454895
1773047421,9341302,world,cf231,-2.6355862617492676,-1.5839569568634033,0.21218262612819672
1773047421,9341302,world,cf231_leg,-2.716231107711792,-1.5306763648986816,0.16722652316093445
1773047421,14542957,world,cf231,-2.637982130050659,-1.583336591720581,0.21832361817359924
1773047421,14542957,world,cf231_leg,-2.7207069396972656,-1.5284634828567505,0.1707627773284912
1773047421,19556438,world,cf231,-2.640432357788086,-1.5828131437301636,0.22433513402938843
1773047421,19556438,world,cf231_leg,-2.725806474685669,-1.5263816118240356,0.17461448907852173
1773047421,24518580,world,cf231,-2.642859935760498,-1.582292914390564,0.23015515506267548
1773047421,24518580,world,cf231_leg,-2.730170249938965,-1.5245527029037476,0.1775483787059784
1773047421,29580884,world,cf231,-2.645244836807251,-1.58159339427948,0.2356535643339157
1773047421,29580884,world,cf231_leg,-2.735562562942505,-1.5223684310913086,0.18096989393234253
1773047421,34555428,world,cf231,-2.648040771484375,-1.5811247825622559,0.24141822755336761
1773047421,34555428,world,cf231_leg,-2.739264488220215,-1.5202553272247314,0.18298077583312988
1773047421,39434899,world,cf231,-2.6503822803497314,-1.5806139707565308,0.24651901423931122
1773047421,39434899,world,cf231_leg,-2.743807554244995,-1.5184239149093628,0.18551844358444214
1773047421,44319273,world,cf231,-2.6530776023864746,-1.579782485961914,0.25099751353263855
1773047421,44319273,world,cf231_leg,-2.748286247253418,-1.516188621520996,0.18765470385551453
1773047421,49571054,world,cf231,-2.6556544303894043,-1.5790687799453735,0.25596705079078674
1773047421,49571054,world,cf231_leg,-2.7530038356781006,-1.514251470565796,0.1896805465221405
1773047421,55296384,world,cf231,-2.6583003997802734,-1.578210473060608,0.260670930147171
1773047421,55296384,world,cf231_leg,-2.7574050426483154,-1.5123653411865234,0.1912539303302765
1773047421,59405029,world,cf231,-2.6610536575317383,-1.577337384223938,0.2654085159301758
1773047421,59405029,world,cf231_leg,-2.7619290351867676,-1.510151743888855,0.19239956140518188
1773047421,71051008,world,cf231,-2.6638240814208984,-1.5763895511627197,0.26897120475769043
1773047421,71051008,world,cf231_leg,-2.7665317058563232,-1.508163332939148,0.1936635673046112
1773047421,74760540,world,cf231,-2.669480800628662,-1.5747921466827393,0.27688169479370117
1773047421,74760540,world,cf231_leg,-2.775381326675415,-1.5041553974151611,0.19575101137161255
1773047421,79702735,world,cf231,-2.6723361015319824,-1.5736515522003174,0.28048765659332275
1773047421,79702735,world,cf231_leg,-2.7804789543151855,-1.5022939443588257,0.19610098004341125
1773047421,84806412,world,cf231,-2.675346612930298,-1.5726865530014038,0.28349119424819946
1773047421,84806412,world,cf231_leg,-2.7845101356506348,-1.5003527402877808,0.19603729248046875
1773047421,90254884,world,cf231,-2.6784658432006836,-1.572020173072815,0.2872160077095032
1773047421,90254884,world,cf231_leg,-2.790280342102051,-1.4986767768859863,0.19710737466812134
1773047421,94376712,world,cf231,-2.6813676357269287,-1.5706223249435425,0.28973066806793213
1773047421,94376712,world,cf231_leg,-2.7936553955078125,-1.4964220523834229,0.19584816694259644
1773047421,103697015,world,cf231,-2.684474468231201,-1.569535732269287,0.29210126399993896
1773047421,103697015,world,cf231_leg,-2.7985281944274902,-1.4946978092193604,0.19575199484825134
1773047421,104562175,world,cf231,-2.687843084335327,-1.568536400794983,0.29532313346862793
1773047421,110717243,world,cf231,-2.6907687187194824,-1.567122220993042,0.2975462079048157
1773047421,110717243,world,cf231_leg,-2.806999683380127,-1.490601658821106,0.1934584379196167
1773047421,114548991,world,cf231,-2.694068193435669,-1.5660779476165771,0.2995041608810425
1773047421,114548991,world,cf231_leg,-2.8134548664093018,-1.4892693758010864,0.19327741861343384
1773047421,122918211,world,cf231,-2.697375774383545,-1.5647897720336914,0.30134087800979614
1773047421,122918211,world,cf231_leg,-2.816830635070801,-1.4873236417770386,0.1916731595993042
1773047421,124466817,world,cf231,-2.7005670070648193,-1.5632996559143066,0.3026259243488312
1773047421,124466817,world,cf231_leg,-2.8212592601776123,-1.4853163957595825,0.18944481015205383
1773047421,132099092,world,cf231,-2.7042152881622314,-1.5621215105056763,0.30433163046836853
1773047421,132099092,world,cf231_leg,-2.825664758682251,-1.483272671699524,0.1875050961971283
1773047421,134553888,world,cf231,-2.7074692249298096,-1.5605252981185913,0.30525562167167664
1773047421,134553888,world,cf231_leg,-2.82926082611084,-1.4815822839736938,0.18503126502037048
1773047421,142684145,world,cf231,-2.711177349090576,-1.5592955350875854,0.3064248263835907
1773047421,142684145,world,cf231_leg,-2.833296537399292,-1.4796415567398071,0.1826365888118744
1773047421,144279736,world,cf231,-2.7146356105804443,-1.5576198101043701,0.3068113327026367
1773047421,144279736,world,cf231_leg,-2.836977005004883,-1.4775158166885376,0.1790279746055603
1773047421,153914885,world,cf231,-2.7183377742767334,-1.556394100189209,0.3072902262210846
1773047421,153914885,world,cf231_leg,-2.840754508972168,-1.4756500720977783,0.17598244547843933
1773047421,154748844,world,cf231,-2.721773862838745,-1.554437518119812,0.30741792917251587
1773047421,159568813,world,cf231,-2.725613832473755,-1.5530543327331543,0.30760666728019714
1773047421,159568813,world,cf231_leg,-2.850041389465332,-1.472517728805542,0.16947880387306213
1773047421,164734245,world,cf231,-2.729424238204956,-1.5513838529586792,0.3069332540035248
1773047421,169397594,world,cf231,-2.733062505722046,-1.5495930910110474,0.3068605959415436
1773047421,175070142,world,cf231,-2.737226724624634,-1.5482224225997925,0.3060271441936493
1773047421,179282805,world,cf231,-2.7409768104553223,-1.5461698770523071,0.30528420209884644
1773047421,185787981,world,cf231,-2.7449896335601807,-1.5444083213806152,0.30378457903862
1773047421,189378347,world,cf231,-2.7490808963775635,-1.5427589416503906,0.3024718165397644
1773047421,194538633,world,cf231,-2.753187894821167,-1.5408008098602295,0.3010559678077698
1773047421,199476459,world,cf231,-2.757380723953247,-1.5389683246612549,0.29893583059310913
1773047421,204141394,world,cf231,-2.7617032527923584,-1.5371922254562378,0.29668915271759033
1773047421,209404188,world,cf231,-2.765892744064331,-1.535027027130127,0.2941688895225525
1773047421,214498728,world,cf231,-2.77016019821167,-1.5329389572143555,0.29129523038864136
1773047421,214498728,world,cf231_leg,-2.8947038650512695,-1.4540644884109497,0.11312174052000046
1773047421,219449301,world,cf231,-2.7746529579162598,-1.5309357643127441,0.2884628176689148
1773047421,219449301,world,cf231_leg,-2.899214744567871,-1.4525738954544067,0.10641128569841385
1773047421,224569500,world,cf231,-2.779021739959717,-1.5290255546569824,0.2853938937187195
1773047421,224569500,world,cf231_leg,-2.9040236473083496,-1.4509974718093872,0.10029713064432144
1773047421,229542029,world,cf231,-2.7835941314697266,-1.5270472764968872,0.2821904718875885
1773047421,229542029,world,cf231_leg,-2.9081873893737793,-1.4492981433868408,0.0939730629324913
1773047421,234435549,world,cf231,-2.788250684738159,-1.5249782800674438,0.2788972854614258
1773047421,234435549,world,cf231_leg,-2.912360429763794,-1.4476345777511597,0.08716099709272385
1773047421,239425123,world,cf231,-2.7927358150482178,-1.5225316286087036,0.2745029032230377
1773047421,239425123,world,cf231_leg,-2.917118549346924,-1.4461795091629028,0.08056924492120743
1773047421,244247291,world,cf231,-2.7972941398620605,-1.52031409740448,0.270241916179657
1773047421,244247291,world,cf231_leg,-2.9211766719818115,-1.4449121952056885,0.07294117659330368
1773047421,249300087,world,cf231,-2.8020377159118652,-1.5182703733444214,0.26614606380462646
1773047421,249300087,world,cf231_leg,-2.9257302284240723,-1.4433821439743042,0.06579091399908066
1773047421,254325519,world,cf231,-2.806802272796631,-1.5159796476364136,0.26115041971206665
1773047421,254325519,world,cf231_leg,-2.9297597408294678,-1.441710114479065,0.057767175137996674
1773047421,259425134,world,cf231,-2.8116955757141113,-1.5138858556747437,0.2565312087535858
1773047421,259425134,world,cf231_leg,-2.9337141513824463,-1.4402225017547607,0.04991001635789871
1773047421,264510849,world,cf231,-2.8165283203125,-1.511266827583313,0.25069668889045715
1773047421,264510849,world,cf231_leg,-2.9378252029418945,-1.4388318061828613,0.04157146066427231
1773047421,269413161,world,cf231,-2.8214828968048096,-1.5090960264205933,0.24578271806240082
1773047421,269413161,world,cf231_leg,-2.9422571659088135,-1.4377275705337524,0.03340847045183182
1773047421,274375913,world,cf231,-2.8264520168304443,-1.5066826343536377,0.23992513120174408
1773047421,274375913,world,cf231_leg,-2.945988416671753,-1.435813307762146,0.02424132078886032
1773047421,279443721,world,cf231,-2.831235885620117,-1.5041698217391968,0.23353111743927002
1773047421,279443721,world,cf231_leg,-2.9500715732574463,-1.434522032737732,0.015592940151691437
1773047421,285368164,world,cf231,-2.8362691402435303,-1.5018043518066406,0.22749491035938263
1773047421,285368164,world,cf231_leg,-2.9538395404815674,-1.4329193830490112,0.006078608334064484
1773047421,289401771,world,cf231,-2.841341018676758,-1.4992473125457764,0.22087381780147552
1773047421,289401771,world,cf231_leg,-2.9578449726104736,-1.4315080642700195,-0.0035531967878341675
1773047421,294642104,world,cf231,-2.846442937850952,-1.4966968297958374,0.21406173706054688
1773047421,294642104,world,cf231_leg,-2.9613442420959473,-1.4301557540893555,-0.013104915618896484
1773047421,299547323,world,cf231,-2.851547956466675,-1.494014859199524,0.20674185454845428
1773047421,299547323,world,cf231_leg,-2.965304374694824,-1.428536057472229,-0.023073337972164154
1773047421,305282086,world,cf231,-2.856877326965332,-1.4915822744369507,0.19957654178142548
1773047421,305282086,world,cf231_leg,-2.968930721282959,-1.4272315502166748,-0.03298556059598923
1773047421,309578496,world,cf231,-2.8620059490203857,-1.4888149499893188,0.19172479212284088
1773047421,309578496,world,cf231_leg,-2.97292160987854,-1.4257731437683105,-0.0434165894985199
1773047421,314412447,world,cf231,-2.867356777191162,-1.4861921072006226,0.18387994170188904
1773047421,314412447,world,cf231_leg,-2.9768900871276855,-1.4245357513427734,-0.05440795049071312
1773047421,320265976,world,cf231,-2.872619152069092,-1.4835196733474731,0.17537644505500793
1773047421,320265976,world,cf231_leg,-2.980266571044922,-1.4228224754333496,-0.06542029231786728
1773047421,324688918,world,cf231,-2.87795352935791,-1.4810802936553955,0.16731539368629456
1773047421,324688918,world,cf231_leg,-2.9841082096099854,-1.4210150241851807,-0.07652966678142548
1773047421,330433598,world,cf231,-2.8834433555603027,-1.478444218635559,0.15838013589382172
1773047421,330433598,world,cf231_leg,-2.9869985580444336,-1.4198850393295288,-0.08808525651693344
1773047421,334450373,world,cf231,-2.888840675354004,-1.4756499528884888,0.14924322068691254
1773047421,334450373,world,cf231_leg,-2.990480661392212,-1.418277621269226,-0.09988027065992355
1773047421,339252370,world,cf231,-2.893763542175293,-1.4726179838180542,0.13936088979244232
1773047421,339252370,world,cf231_leg,-2.994323492050171,-1.4168261289596558,-0.11244024336338043
1773047421,344359482,world,cf231,-2.8994033336639404,-1.4695321321487427,0.12990133464336395
1773047421,344359482,world,cf231_leg,-2.997542381286621,-1.4154263734817505,-0.12333529442548752
1773047421,349532906,world,cf231,-2.905028820037842,-1.4671344757080078,0.12263094633817673
1773047421,349532906,world,cf231_leg,-2.9997458457946777,-1.4137086868286133,-0.13333585858345032
1773047421,354542577,world,cf231,-2.9153668880462646,-1.4656168222427368,0.13202649354934692
1773047421,354542577,world,cf231_leg,-3.0012919902801514,-1.4135164022445679,-0.1358162760734558
1773047421,359534073,world,cf231,-2.9297263622283936,-1.4648747444152832,0.14350324869155884
1773047421,359534073,world,cf231_leg,-3.003519058227539,-1.4141039848327637,-0.1314302384853363
1773047421,364322263,world,cf231,-2.9421956539154053,-1.46373450756073,0.15394151210784912
1773047421,364322263,world,cf231_leg,-3.0057482719421387,-1.4146512746810913,-0.1280006468296051
1773047421,369387692,world,cf231,-2.955350399017334,-1.460264801979065,0.16471365094184875
1773047421,369387692,world,cf231_leg,-3.0070443153381348,-1.4140986204147339,-0.124651238322258
1773047421,374456354,world,cf231,-2.968459129333496,-1.4564579725265503,0.1734972596168518
1773047421,374456354,world,cf231_leg,-3.0085668563842773,-1.4139491319656372,-0.12005547434091568
1773047421,379572189,world,cf231,-2.98159122467041,-1.4535276889801025,0.18043608963489532
1773047421,385542695,world,cf231,-2.9960484504699707,-1.451086401939392,0.18716494739055634
1773047421,390390775,world,cf231,-3.009690761566162,-1.4487311840057373,0.19200141727924347
1773047421,394583120,world,cf231,-3.0238101482391357,-1.4461547136306763,0.19501973688602448
1773047421,400441134,world,cf231,-3.0376462936401367,-1.4432460069656372,0.19665567576885223
1773047421,404725823,world,cf231,-3.0515806674957275,-1.4407047033309937,0.19781774282455444
1773047421,409373912,world,cf231,-3.065314292907715,-1.438208818435669,0.19750522077083588
1773047421,415461888,world,cf231,-3.078559637069702,-1.435424566268921,0.19583238661289215
1773047421,419548462,world,cf231,-3.0915539264678955,-1.4331775903701782,0.19338814914226532
1773047421,424368832,world,cf231,-3.1038873195648193,-1.4310321807861328,0.1898326724767685
1773047421,429331458,world,cf231,-3.1157619953155518,-1.4294979572296143,0.18540707230567932
1773047421,434905664,world,cf231,-3.1271936893463135,-1.4283630847930908,0.17978832125663757
1773047421,440385545,world,cf231,-3.1376240253448486,-1.4269951581954956,0.17351502180099487
1773047421,444493814,world,cf231,-3.147491216659546,-1.4258430004119873,0.16614654660224915
1773047421,449831690,world,cf231,-3.1564829349517822,-1.4247620105743408,0.15775802731513977
1773047421,454295150,world,cf231,-3.1644036769866943,-1.4238133430480957,0.14866510033607483
1773047421,460806713,world,cf231,-3.1715056896209717,-1.4232879877090454,0.1393110752105713
1773047421,464416590,world,cf231,-3.1776766777038574,-1.4230701923370361,0.12951676547527313
1773047421,471581655,world,cf231,-3.182973861694336,-1.4230856895446777,0.11891448497772217
1773047421,474557452,world,cf231,-3.18709659576416,-1.4227536916732788,0.10810083150863647
1773047421,481966635,world,cf231,-3.190185308456421,-1.4232383966445923,0.0971856340765953
1773047421,484577121,world,cf231,-3.192702054977417,-1.4240187406539917,0.08615109324455261
1773047421,493016237,world,cf231,-3.1938517093658447,-1.4246577024459839,0.0746045634150505
1773047421,495462981,world,cf231,-3.1941347122192383,-1.4252680540084839,0.06360527127981186
1773047421,499579104,world,cf231,-3.1933419704437256,-1.4263031482696533,0.05232549458742142
1773047421,504554951,world,cf231,-3.1917030811309814,-1.427548885345459,0.04131602868437767
1773047421,510419168,world,cf231,-3.1890742778778076,-1.4282548427581787,0.03292820230126381
1773047421,514579857,world,cf231,-3.191678047180176,-1.427167534828186,0.03416707366704941
1773047421,520506196,world,cf231,-3.1983752250671387,-1.426759123802185,0.03471468389034271
1773047421,525319617,world,cf231,-3.20196533203125,-1.4225492477416992,0.03697050362825394
1773047421,529552011,world,cf231,-3.2047410011291504,-1.4178688526153564,0.03711104393005371
1773047421,535921764,world,cf231,-3.2092959880828857,-1.4157114028930664,0.03960587829351425
1773047421,539614586,world,cf231,-3.2141385078430176,-1.4141401052474976,0.042749159038066864
1773047421,545415341,world,cf231,-3.2180309295654297,-1.4119001626968384,0.044341012835502625
1773047421,549523824,world,cf231,-3.221766948699951,-1.408997893333435,0.045494839549064636
1773047421,554651201,world,cf231,-3.22542667388916,-1.4062308073043823,0.04632391780614853
1773047421,559458002,world,cf231,-3.2287068367004395,-1.4031426906585693,0.04651974141597748
1773047421,565601218,world,cf231,-3.2322850227355957,-1.4000977277755737,0.04743628576397896
1773047421,569858743,world,cf231,-3.2355916500091553,-1.397512435913086,0.04723668843507767
1773047421,574715850,world,cf231,-3.2392115592956543,-1.394806146621704,0.04768791422247887
1773047421,579525088,world,cf231,-3.2424871921539307,-1.392250418663025,0.047787945717573166
1773047421,584448262,world,cf231,-3.2460432052612305,-1.3893225193023682,0.047940343618392944
1773047421,589533535,world,cf231,-3.2490577697753906,-1.3865318298339844,0.0468183234333992
1773047421,594717127,world,cf231,-3.2518203258514404,-1.3835790157318115,0.0457872711122036
1773047421,599651766,world,cf231,-3.2550528049468994,-1.3807698488235474,0.04523899406194687
1773047421,604448959,world,cf231,-3.2578136920928955,-1.3780440092086792,0.04424840584397316
1773047421,609559285,world,cf231,-3.2605397701263428,-1.3750073909759521,0.042359545826911926
1773047421,614630209,world,cf231,-3.2630295753479004,-1.3721846342086792,0.04059113562107086
1773047421,619513584,world,cf231,-3.2654473781585693,-1.3691844940185547,0.038329318165779114
1773047421,624492272,world,cf231,-3.2678728103637695,-1.3661781549453735,0.036042049527168274
1773047421,632337603,world,cf231,-3.2704803943634033,-1.3631196022033691,0.03353577107191086
1773047421,634998615,world,cf231,-3.272873878479004,-1.3601325750350952,0.029721392318606377
1773047421,639975818,world,cf231,-3.2746469974517822,-1.3575941324234009,0.022525861859321594
1773047421,644793654,world,cf231,-3.2757351398468018,-1.3556698560714722,0.013666141778230667
1773047421,650738442,world,cf231,-3.277606964111328,-1.3535847663879395,0.00935516506433487
1773047421,655527738,world,cf231,-3.281697988510132,-1.3523693084716797,0.013461165130138397
1773047421,659660010,world,cf231,-3.285696506500244,-1.3515141010284424,0.016742341220378876
1773047421,664708933,world,cf231,-3.2888376712799072,-1.3500617742538452,0.016371607780456543
1773047421,669712635,world,cf231,-3.2927160263061523,-1.349339485168457,0.017972562462091446
1773047421,674433010,world,cf231,-3.2968714237213135,-1.3483306169509888,0.02097337320446968
1773047421,679667247,world,cf231,-3.3008155822753906,-1.347558617591858,0.02283993549644947
1773047421,685536348,world,cf231,-3.3046181201934814,-1.3463765382766724,0.02444276586174965
1773047421,689673387,world,cf231,-3.308291435241699,-1.3456884622573853,0.02573254704475403
1773047421,694926555,world,cf231,-3.3118479251861572,-1.3447182178497314,0.026492977514863014
1773047421,701539643,world,cf231,-3.3157174587249756,-1.344044804573059,0.027809293940663338
1773047421,705783933,world,cf231,-3.319286346435547,-1.3432525396347046,0.027998782694339752
1773047421,715276073,world,cf231,-3.3222129344940186,-1.3431828022003174,0.027752285823225975
1773047421,715810250,world,cf231,-3.3246383666992188,-1.3454941511154175,0.02553582563996315
1773047421,720554813,world,cf231,-3.3268909454345703,-1.347965955734253,0.022878706455230713
1773047421,724889075,world,cf231,-3.328596830368042,-1.3496267795562744,0.01957007497549057
1773047421,730473385,world,cf231,-3.3304531574249268,-1.351968765258789,0.016751710325479507
1773047421,735490764,world,cf231,-3.3321285247802734,-1.353989601135254,0.013793710619211197
1773047421,739692029,world,cf231,-3.3338382244110107,-1.35648512840271,0.011162888258695602
1773047421,744587990,world,cf231,-3.335334539413452,-1.358641505241394,0.00898696482181549
1773047421,751461929,world,cf231,-3.3368585109710693,-1.3596994876861572,0.008033733814954758
1773047421,754723854,world,cf231,-3.338701009750366,-1.3602426052093506,0.008210688829421997
1773047421,759999281,world,cf231,-3.3395774364471436,-1.3596962690353394,0.008629802614450455
1773047421,765576455,world,cf231,-3.3394124507904053,-1.3585703372955322,0.008627444505691528
1773047421,769831976,world,cf231,-3.339573860168457,-1.3579081296920776,0.008711058646440506
1773047421,775560723,world,cf231,-3.3397977352142334,-1.3570610284805298,0.009064998477697372
1773047421,779797938,world,cf231,-3.3399760723114014,-1.3565051555633545,0.009275458753108978
1773047421,785537213,world,cf231,-3.340289354324341,-1.35592782497406,0.0094829760491848
1773047421,789688074,world,cf231,-3.3407034873962402,-1.3552902936935425,0.009846709668636322
1773047421,794764748,world,cf231,-3.3410592079162598,-1.3544867038726807,0.010110661387443542
1773047421,800548606,world,cf231,-3.341437578201294,-1.3535168170928955,0.009385131299495697
1773047421,804738367,world,cf231,-3.341317892074585,-1.3526581525802612,0.008674055337905884
1773047421,809621301,world,cf231,-3.3413283824920654,-1.3520911931991577,0.008545517921447754
1773047421,816307272,world,cf231,-3.341539144515991,-1.3518738746643066,0.008641917258501053
1773047421,820665290,world,cf231,-3.341529130935669,-1.3515632152557373,0.008735191076993942
1773047421,824792566,world,cf231,-3.3415915966033936,-1.3511474132537842,0.008791405707597733
1773047421,831579400,world,cf231,-3.3416614532470703,-1.3506447076797485,0.008663937449455261
1773047421,837436066,world,cf231,-3.3416082859039307,-1.3499553203582764,0.00864022970199585
1773047421,840916827,world,cf231,-3.3415286540985107,-1.3494536876678467,0.008329875767230988
1773047421,844695144,world,cf231,-3.34177303314209,-1.349460244178772,0.00839739665389061
1773047421,850540940,world,cf231,-3.3416967391967773,-1.349310278892517,0.008399523794651031
1773047421,854522307,world,cf231,-3.3417086601257324,-1.3492498397827148,0.008455153554677963
1773047421,860611105,world,cf231,-3.341707944869995,-1.3491355180740356,0.008455786854028702
1773047421,865143791,world,cf231,-3.341602087020874,-1.3490369319915771,0.008348550647497177
1773047421,870592183,world,cf231,-3.3415372371673584,-1.3489834070205688,0.008274875581264496
1773047421,874634344,world,cf231,-3.341553211212158,-1.349082350730896,0.008398879319429398
1773047421,881770077,world,cf231,-3.341531753540039,-1.3490837812423706,0.008476879447698593
1773047421,885142163,world,cf231,-3.3413524627685547,-1.3489881753921509,0.008426211774349213
1773047421,889569065,world,cf231,-3.3413217067718506,-1.34903085231781,0.008510556071996689
1773047421,894714882,world,cf231,-3.3412396907806396,-1.349020004272461,0.008371155709028244
1773047421,900528279,world,cf231,-3.341277837753296,-1.3490382432937622,0.008369866758584976
1773047421,904853652,world,cf231,-3.341322660446167,-1.3492302894592285,0.008452743291854858
1773047421,910183609,world,cf231,-3.341236114501953,-1.3493211269378662,0.008513391017913818
1773047421,914796416,world,cf231,-3.3411459922790527,-1.3493549823760986,0.008484769612550735
1773047421,920673290,world,cf231,-3.341279983520508,-1.3495218753814697,0.008512672036886215
1773047421,925730785,world,cf231,-3.34112548828125,-1.3496168851852417,0.0084080770611763
1773047421,929629321,world,cf231,-3.3412723541259766,-1.3499563932418823,0.008702095597982407
1773047421,935099990,world,cf231,-3.3411831855773926,-1.3500725030899048,0.009020168334245682
1773047421,939533895,world,cf231,-3.3411269187927246,-1.3504029512405396,0.009199850261211395
1773047421,944689615,world,cf231,-3.3410747051239014,-1.35041344165802,0.00909421220421791
1773047421,949595760,world,cf231,-3.3410563468933105,-1.3508639335632324,0.009252417832612991
1773047421,954661610,world,cf231,-3.341226577758789,-1.351257085800171,0.00956038013100624
1773047421,959752683,world,cf231,-3.341031074523926,-1.3516254425048828,0.009372606873512268
1773047421,964711340,world,cf231,-3.3409440517425537,-1.3517212867736816,0.009135812520980835
1773047421,969680623,world,cf231,-3.3409132957458496,-1.352036952972412,0.009194906800985336
1773047421,975599498,world,cf231,-3.3408267498016357,-1.3522989749908447,0.00925092026591301
1773047421,980177568,world,cf231,-3.3407323360443115,-1.3526405096054077,0.009174060076475143
1773047421,984795541,world,cf231,-3.3407089710235596,-1.3530267477035522,0.00923077017068863
1773047421,990230876,world,cf231,-3.340386152267456,-1.3536748886108398,0.009388595819473267
1773047421,994736367,world,cf231,-3.3403244018554688,-1.3544251918792725,0.009523041546344757
1773047422,322621,world,cf231,-3.3402507305145264,-1.3552076816558838,0.009967558085918427
1773047422,4558898,world,cf231,-3.3402342796325684,-1.3557361364364624,0.010260187089443207
1773047422,9779536,world,cf231,-3.3401196002960205,-1.3561837673187256,0.010346386581659317
1773047422,14745214,world,cf231,-3.3398170471191406,-1.3562684059143066,0.01023569330573082
1773047422,19567372,world,cf231,-3.3395237922668457,-1.3563876152038574,0.009952306747436523
1773047422,24713635,world,cf231,-3.3392202854156494,-1.3565183877944946,0.00930773839354515
1773047422,29779778,world,cf231,-3.338935613632202,-1.3566056489944458,0.008933350443840027
1773047422,35095343,world,cf231,-3.338761806488037,-1.3569724559783936,0.008981876075267792
1773047422,39805881,world,cf231,-3.338580369949341,-1.3569567203521729,0.009087983518838882
1773047422,44489611,world,cf231,-3.33854341506958,-1.3570361137390137,0.009365163743495941
1773047422,50692064,world,cf231,-3.33858585357666,-1.357028841972351,0.009614955633878708
1773047422,54832745,world,cf231,-3.3386332988739014,-1.3571113348007202,0.010113079100847244
1773047422,59562093,world,cf231,-3.338576555252075,-1.357162356376648,0.010304063558578491
1773047422,65647315,world,cf231,-3.338557243347168,-1.357301115989685,0.010313589125871658
1773047422,69773048,world,cf231,-3.3385510444641113,-1.3577240705490112,0.009864993393421173
1773047422,76505249,world,cf231,-3.338388681411743,-1.357706904411316,0.009690150618553162
1773047422,79670009,world,cf231,-3.338284492492676,-1.3576730489730835,0.009590301662683487
1773047422,84686196,world,cf231,-3.338332414627075,-1.3577960729599,0.009430281817913055
1773047422,89860056,world,cf231,-3.3384311199188232,-1.357904314994812,0.009272389113903046
1773047422,94736606,world,cf231,-3.338458299636841,-1.3579323291778564,0.009225383400917053
1773047422,99641933,world,cf231,-3.3386096954345703,-1.3580952882766724,0.0092884860932827
1773047422,105018773,world,cf231,-3.3386850357055664,-1.3580029010772705,0.009160730987787247
1773047422,110310539,world,cf231,-3.3388237953186035,-1.357852816581726,0.009320959448814392
1773047422,114697320,world,cf231,-3.338773488998413,-1.3576651811599731,0.00916123017668724
1773047422,119744223,world,cf231,-3.33878231048584,-1.3576624393463135,0.009125437587499619
1773047422,125763485,world,cf231,-3.3387930393218994,-1.357726812362671,0.009202580899000168
1773047422,129920183,world,cf231,-3.338829755783081,-1.3577842712402344,0.00927988812327385
1773047422,134911759,world,cf231,-3.3387937545776367,-1.3577274084091187,0.009201440960168839
1773047422,140025820,world,cf231,-3.3387467861175537,-1.3577748537063599,0.00924856960773468
1773047422,144772077,world,cf231,-3.3387889862060547,-1.357900857925415,0.009326685220003128
1773047422,149786137,world,cf231,-3.338667631149292,-1.35779869556427,0.009266085922718048
1773047422,156528759,world,cf231,-3.3386709690093994,-1.3578648567199707,0.00927070900797844
1773047422,159792431,world,cf231,-3.33866286277771,-1.3579720258712769,0.00939163938164711
1773047422,165570990,world,cf231,-3.3384597301483154,-1.357692837715149,0.009095225483179092
1773047422,169859945,world,cf231,-3.3385519981384277,-1.3577648401260376,0.00920642539858818
1773047422,175295717,world,cf231,-3.338527202606201,-1.3577724695205688,0.009204890578985214
1773047422,179837776,world,cf231,-3.3386425971984863,-1.3578450679779053,0.009234648197889328
1773047422,184709821,world,cf231,-3.3386151790618896,-1.357850193977356,0.009237132966518402
1773047422,189882876,world,cf231,-3.338651418685913,-1.357803463935852,0.00922911986708641
1773047422,195913414,world,cf231,-3.338745594024658,-1.3577735424041748,0.009250838309526443
1773047422,200318209,world,cf231,-3.3387508392333984,-1.357704520225525,0.009210895746946335
1773047422,205924289,world,cf231,-3.3387131690979004,-1.3577497005462646,0.009221479296684265
1773047422,209865018,world,cf231,-3.3387439250946045,-1.3577070236206055,0.009137175977230072
1773047422,214756407,world,cf231,-3.3387718200683594,-1.3577673435211182,0.009250082075595856
1773047422,219754355,world,cf231,-3.3386881351470947,-1.357757329940796,0.009219840168952942
1773047422,224766830,world,cf231,-3.3386950492858887,-1.3578271865844727,0.009218554943799973
1773047422,229776555,world,cf231,-3.338635206222534,-1.3578081130981445,0.009192049503326416
1773047422,234850997,world,cf231,-3.3386528491973877,-1.3578048944473267,0.009226635098457336
1773047422,239769400,world,cf231,-3.3386504650115967,-1.3577394485473633,0.009220816195011139
1773047422,244635603,world,cf231,-3.3386459350585938,-1.35773503780365,0.009228270500898361
1773047422,250273872,world,cf231,-3.3386499881744385,-1.357801914215088,0.009231571108102798
1773047422,254776298,world,cf231,-3.338641405105591,-1.3577399253845215,0.009150698781013489
1773047422,260736534,world,cf231,-3.3387465476989746,-1.357878565788269,0.009335078299045563
1773047422,264648680,world,cf231,-3.338611364364624,-1.357742428779602,0.00915757566690445
1773047422,269657877,world,cf231,-3.3386738300323486,-1.3577932119369507,0.009234938770532608
1773047422,275159165,world,cf231,-3.338616132736206,-1.3577473163604736,0.009149529039859772
1773047422,279644706,world,cf231,-3.338629722595215,-1.3577396869659424,0.009191222488880157
1773047422,285652215,world,cf231,-3.338675022125244,-1.3576908111572266,0.009146466851234436
1773047422,290207651,world,cf231,-3.338630437850952,-1.3577405214309692,0.009189985692501068
1773047422,295837071,world,cf231,-3.3386528491973877,-1.3578048944473267,0.009226635098457336
1773047422,299836535,world,cf231,-3.338719367980957,-1.3578189611434937,0.009220972657203674
1773047422,305717475,world,cf231,-3.338641405105591,-1.357740044593811,0.009150628000497818
1773047422,309847506,world,cf231,-3.338651418685913,-1.3578758239746094,0.00915393978357315
1773047422,315708961,world,cf231,-3.338629722595215,-1.3577396869659424,0.009191181510686874
1773047422,319776359,world,cf231,-3.338735818862915,-1.3578143119812012,0.009257923811674118
1773047422,325620978,world,cf231,-3.338737964630127,-1.3578795194625854,0.009264029562473297
1773047422,330398503,world,cf231,-3.338672399520874,-1.3578662872314453,0.009268306195735931
1773047422,335335278,world,cf231,-3.3385732173919678,-1.3577241897583008,0.009158898144960403
1773047422,339910852,world,cf231,-3.3386380672454834,-1.3577368259429932,0.009155809879302979
1773047422,344883602,world,cf231,-3.3386809825897217,-1.357863426208496,0.00923287495970726
1773047422,349749974,world,cf231,-3.338571786880493,-1.3577227592468262,0.009161397814750671
1773047422,354857006,world,cf231,-3.3386785984039307,-1.3577982187271118,0.009226761758327484
1773047422,359590114,world,cf231,-3.3386318683624268,-1.3577419519424438,0.00918760895729065
1773047422,364672467,world,cf231,-3.338651418685913,-1.357803463935852,0.00922911986708641
1773047422,369659323,world,cf231,-3.338629722595215,-1.3577396869659424,0.009191181510686874
1773047422,375592515,world,cf231,-3.3387086391448975,-1.3578195571899414,0.009260125458240509
1773047422,380176520,world,cf231,-3.338651418685913,-1.357803463935852,0.00922911986708641
1773047422,384943275,world,cf231,-3.3386247158050537,-1.3578481674194336,0.009200368076562881
1773047422,389911660,world,cf231,-3.338693618774414,-1.3578256368637085,0.009220782667398453
1773047422,394831847,world,cf231,-3.3387086391448975,-1.3578195571899414,0.009260166436433792
1773047422,400008602,world,cf231,-3.3386616706848145,-1.3578020334243774,0.009191140532493591
1773047422,405635891,world,cf231,-3.3386337757110596,-1.3578068017959595,0.009194418787956238
1773047422,409698974,world,cf231,-3.3387186527252197,-1.3578181266784668,0.009222283959388733
1773047422,415687670,world,cf231,-3.338693618774414,-1.3578256368637085,0.00922083854675293
1773047422,419857236,world,cf231,-3.3386566638946533,-1.3578717708587646,0.00923006609082222
1773047422,424693551,world,cf231,-3.3386616706848145,-1.357802152633667,0.009191013872623444
1773047422,429787525,world,cf231,-3.338740587234497,-1.3578819036483765,0.009260084480047226
1773047422,435022613,world,cf231,-3.3387017250061035,-1.3578221797943115,0.009186457842588425
1773047422,439902750,world,cf231,-3.3386247158050537,-1.3578481674194336,0.009200368076562881
1773047422,444735914,world,cf231,-3.3386924266815186,-1.3578243255615234,0.009223084896802902
1773047422,449868615,world,cf231,-3.338634490966797,-1.3578073978424072,0.00919325277209282
1773047422,454733552,world,cf231,-3.3386616706848145,-1.3578020334243774,0.009191140532493591
1773047422,459844843,world,cf231,-3.3386521339416504,-1.3578041791915894,0.009227905422449112
1773047422,465755978,world,cf231,-3.338688850402832,-1.3577580451965332,0.009218625724315643
1773047422,469758450,world,cf231,-3.338714838027954,-1.3578886985778809,0.009259898215532303
1773047422,474712381,world,cf231,-3.3386194705963135,-1.3576761484146118,0.009112842381000519
1773047422,479980733,world,cf231,-3.338700771331787,-1.3577581644058228,0.009178180247545242
1773047422,484889702,world,cf231,-3.338710069656372,-1.357820987701416,0.009257737547159195
1773047422,489587495,world,cf231,-3.33866548538208,-1.3578689098358154,0.009194537997245789
1773047422,494779261,world,cf231,-3.338618755340576,-1.3576754331588745,0.0091140978038311
1773047422,499820136,world,cf231,-3.3387317657470703,-1.3578847646713257,0.009295649826526642
1773047422,504682012,world,cf231,-3.33870792388916,-1.357818841934204,0.00926133245229721
1773047422,512372424,world,cf231,-3.3386337757110596,-1.35780668258667,0.009194452315568924
1773047422,514958809,world,cf231,-3.3387203216552734,-1.357819676399231,0.009219784289598465
1773047422,519853594,world,cf231,-3.3386802673339844,-1.357864499092102,0.009340684860944748
1773047422,524743602,world,cf231,-3.338690996170044,-1.3578230142593384,0.009225361049175262
1773047422,529847548,world,cf231,-3.338641405105591,-1.3577399253845215,0.00915076956152916
1773047422,535783982,world,cf231,-3.3386528491973877,-1.3578048944473267,0.009226635098457336
1773047422,539780747,world,cf231,-3.338616132736206,-1.3577473163604736,0.009149529039859772
1773047422,545974482,world,cf231,-3.3386380672454834,-1.3577367067337036,0.00915588065981865
1773047422,549864383,world,cf231,-3.338625431060791,-1.3578490018844604,0.00919896736741066
1773047422,554734955,world,cf231,-3.338677167892456,-1.357869267463684,0.00915377214550972
1773047422,560617353,world,cf231,-3.3386733531951904,-1.357763409614563,0.009180635213851929
1773047422,564849082,world,cf231,-3.338731288909912,-1.3578840494155884,0.00929679349064827
1773047422,569867199,world,cf231,-3.3386592864990234,-1.3577996492385864,0.009195022284984589
1773047422,574795450,world,cf231,-3.3387529850006104,-1.357947587966919,0.009334810078144073
1773047422,579898030,world,cf231,-3.33864426612854,-1.3578059673309326,0.009155504405498505
1773047422,585012194,world,cf231,-3.338677167892456,-1.3578304052352905,0.009183883666992188
1773047422,589808366,world,cf231,-3.338719367980957,-1.3578189611434937,0.009220972657203674
1773047422,596684061,world,cf231,-3.338639736175537,-1.3577382564544678,0.00915328785777092
1773047422,600032560,world,cf231,-3.3386616706848145,-1.3578020334243774,0.009191140532493591
1773047422,605321042,world,cf231,-3.3386356830596924,-1.3578088283538818,0.009190890938043594
1773047422,609827993,world,cf231,-3.338641405105591,-1.3577399253845215,0.00915076956152916
1773047422,615809616,world,cf231,-3.338735818862915,-1.3578141927719116,0.009257987141609192
1773047422,620077451,world,cf231,-3.3386340141296387,-1.3577439785003662,0.009184017777442932
1773047422,624868397,world,cf231,-3.3387913703918457,-1.3578287363052368,0.009291764348745346
1773047422,629750548,world,cf231,-3.338616132736206,-1.3577473163604736,0.009149458259344101
1773047422,637510450,world,cf231,-3.3386404514312744,-1.3577390909194946,0.009152024984359741
1773047422,639850149,world,cf231,-3.3386876583099365,-1.3577567338943481,0.009221013635396957
1773047422,645042985,world,cf231,-3.3387725353240967,-1.357768177986145,0.0092487633228302
1773047422,650923112,world,cf231,-3.338679313659668,-1.357757806777954,0.009149685502052307
1773047422,654733228,world,cf231,-3.3386311531066895,-1.357741117477417,0.009188845753669739
1773047422,659966040,world,cf231,-3.3386898040771484,-1.3577587604522705,0.009217526763677597
1773047422,664752311,world,cf231,-3.3386833667755127,-1.357762098312378,0.009142566472291946
1773047422,670001224,world,cf231,-3.3386616706848145,-1.3578020334243774,0.009191140532493591
1773047422,674905489,world,cf231,-3.338686943054199,-1.3577560186386108,0.009222190827131271
1773047422,679862089,world,cf231,-3.338651418685913,-1.357803463935852,0.00922911986708641
1773047422,685296835,world,cf231,-3.338707208633423,-1.3578181266784668,0.009262599050998688
1773047422,689836759,world,cf231,-3.3387210369110107,-1.3578203916549683,0.009218472987413406
1773047422,695022850,world,cf231,-3.3386189937591553,-1.3578128814697266,0.009155075997114182
1773047422,699965296,world,cf231,-3.3385934829711914,-1.3577865362167358,0.009199261665344238
1773047422,704884631,world,cf231,-3.338667869567871,-1.35769522190094,0.009179510176181793
1773047422,710220976,world,cf231,-3.338642120361328,-1.3577406406402588,0.009149521589279175
1773047422,715152577,world,cf231,-3.338660717010498,-1.3578013181686401,0.00919242575764656
1773047422,719965496,world,cf231,-3.338649034500122,-1.3576971292495728,0.00914696604013443
1773047422,724883094,world,cf231,-3.338660717010498,-1.3578013181686401,0.00919242575764656
1773047422,729899337,world,cf231,-3.3386616706848145,-1.3576983213424683,0.009104635566473007
1773047422,735015406,world,cf231,-3.3386967182159424,-1.3577544689178467,0.009184390306472778
1773047422,739766222,world,cf231,-3.3386924266815186,-1.3578243255615234,0.00922304391860962
1773047422,745055904,world,cf231,-3.338624954223633,-1.3576719760894775,0.009189154952764511
1773047422,749943619,world,cf231,-3.338658332824707,-1.3577989339828491,0.009196337312459946
1773047422,754963491,world,cf231,-3.3386950492858887,-1.3576898574829102,0.009177230298519135
1773047422,760045718,world,cf231,-3.3386785984039307,-1.3577982187271118,0.009226761758327484
1773047422,764756373,world,cf231,-3.3385941982269287,-1.3577873706817627,0.009197957813739777
1773047422,769903944,world,cf231,-3.3386380672454834,-1.3577368259429932,0.009155847132205963
1773047422,774896232,world,cf231,-3.338585615158081,-1.3577253818511963,0.009116947650909424
1773047422,780877298,world,cf231,-3.338651418685913,-1.357803463935852,0.00922911986708641
1773047422,785030860,world,cf231,-3.338697671890259,-1.3577553033828735,0.00918314978480339
1773047422,790022947,world,cf231,-3.338710069656372,-1.357820987701416,0.009257737547159195
1773047422,794843064,world,cf231,-3.3387293815612793,-1.3578824996948242,0.009299363940954208
1773047422,800179722,world,cf231,-3.3386738300323486,-1.3578678369522095,0.009265799075365067
1773047422,804949050,world,cf231,-3.338660717010498,-1.3578013181686401,0.00919242575764656
1773047422,810098992,world,cf231,-3.338609457015991,-1.3576774597167969,0.009150844067335129
1773047422,815712373,world,cf231,-3.33870530128479,-1.3577533960342407,0.009255576878786087
1773047422,819964870,world,cf231,-3.3386752605438232,-1.357869267463684,0.009263373911380768
1773047422,825265796,world,cf231,-3.3386318683624268,-1.3577419519424438,0.00918760895729065
1773047422,829989220,world,cf231,-3.338655948638916,-1.3577336072921753,0.009190313518047333
1773047422,835039528,world,cf231,-3.338681936264038,-1.357864260673523,0.009231563657522202
1773047422,842400394,world,cf231,-3.338561534881592,-1.3576592206954956,0.009083013981580734
1773047422,845017717,world,cf231,-3.338667154312134,-1.3576945066452026,0.00918065756559372
1773047422,850065400,world,cf231,-3.33870267868042,-1.3578251600265503,0.009291205555200577
1773047422,854883862,world,cf231,-3.3386826515197754,-1.3578650951385498,0.009230129420757294
1773047422,860299991,world,cf231,-3.338660717010498,-1.3578013181686401,0.00919242575764656
1773047422,864768036,world,cf231,-3.3387203216552734,-1.3578197956085205,0.009219646453857422
1773047422,869936192,world,cf231,-3.3387115001678467,-1.3578225374221802,0.009255383163690567
1773047422,874942088,world,cf231,-3.338609218597412,-1.3577810525894165,0.00923759862780571
1773047422,879974149,world,cf231,-3.3387091159820557,-1.3578202724456787,0.009258978068828583
1773047422,885892562,world,cf231,-3.33870792388916,-1.357818841934204,0.00926133245229721
1773047422,889932180,world,cf231,-3.338649034500122,-1.3577380180358887,0.009223263710737228
1773047422,894925410,world,cf231,-3.3387115001678467,-1.3578225374221802,0.009255383163690567
1773047422,900168599,world,cf231,-3.3386733531951904,-1.3578672409057617,0.009266961365938187
1773047422,905382274,world,cf231,-3.3386521339416504,-1.3578041791915894,0.009227849543094635
1773047422,910224882,world,cf231,-3.338660717010498,-1.3578013181686401,0.00919242575764656
1773047422,915898857,world,cf231,-3.3387093544006348,-1.3578202724456787,0.009258925914764404
1773047422,919856793,world,cf231,-3.338693618774414,-1.3578256368637085,0.009220782667398453
1773047422,925865676,world,cf231,-3.3386828899383545,-1.3576890230178833,0.009218983352184296
1773047422,930122882,world,cf231,-3.3386664390563965,-1.3576936721801758,0.009181853383779526
1773047422,934908932,world,cf231,-3.338630437850952,-1.3577405214309692,0.009189985692501068
1773047422,939875699,world,cf231,-3.3386521339416504,-1.3578041791915894,0.009227849543094635
1773047422,945036101,world,cf231,-3.3386623859405518,-1.3578028678894043,0.009189866483211517
1773047422,951037222,world,cf231,-3.3386898040771484,-1.3577587604522705,0.009217526763677597
1773047422,955034945,world,cf231,-3.338642120361328,-1.3577406406402588,0.009149447083473206
1773047422,960943758,world,cf231,-3.3386731147766113,-1.3578671216964722,0.009267020970582962
1773047422,965492194,world,cf231,-3.3386716842651367,-1.357865571975708,0.00926949828863144
1773047422,969862697,world,cf231,-3.3386521339416504,-1.3578041791915894,0.009227849543094635
1773047422,976782988,world,cf231,-3.3386752605438232,-1.357869267463684,0.009263373911380768
1773047422,980061237,world,cf231,-3.338703155517578,-1.3577511310577393,0.009259376674890518
1773047422,985138298,world,cf231,-3.3387138843536377,-1.3577505350112915,0.009220167994499207
1773047422,990043953,world,cf231,-3.338742733001709,-1.357811689376831,0.009331710636615753
1773047422,995447443,world,cf231,-3.3387086391448975,-1.3578195571899414,0.009260125458240509
1773047423,1431716,world,cf231,-3.3386499881744385,-1.357801914215088,0.009231604635715485
1773047423,5478928,world,cf231,-3.338637113571167,-1.3578102588653564,0.00918852910399437
1773047423,9876263,world,cf231,-3.3386778831481934,-1.3576936721801758,0.009141527116298676
1773047423,17319543,world,cf231,-3.3386876583099365,-1.3577567338943481,0.009221013635396957
1773047423,20169002,world,cf231,-3.3386311531066895,-1.3577412366867065,0.009188733994960785
1773047423,25089323,world,cf231,-3.3387086391448975,-1.3578195571899414,0.009260125458240509
1773047423,30189558,world,cf231,-3.3387086391448975,-1.3578195571899414,0.009260166436433792
1773047423,35193388,world,cf231,-3.338655948638916,-1.3578710556030273,0.009231280535459518
1773047423,40145836,world,cf231,-3.3387107849121094,-1.3578218221664429,0.009256623685359955
1773047423,45914096,world,cf231,-3.338719367980957,-1.3578189611434937,0.009220972657203674
1773047423,50036761,world,cf231,-3.338698387145996,-1.3577560186386108,0.009181853383779526
1773047423,55104504,world,cf231,-3.3387038707733154,-1.3578243255615234,0.009182825684547424
1773047423,60142316,world,cf231,-3.3385937213897705,-1.3576829433441162,0.009112603962421417
1773047423,64889929,world,cf231,-3.338630437850952,-1.3577405214309692,0.009189985692501068
1773047423,70019337,world,cf231,-3.3386390209198,-1.3577375411987305,0.009154561907052994
1773047423,74872288,world,cf231,-3.338632583618164,-1.3577426671981812,0.009186357259750366
1773047423,80164627,world,cf231,-3.3386716842651367,-1.357865571975708,0.00926949828863144
1773047423,84958454,world,cf231,-3.3386905193328857,-1.3577594757080078,0.00921630859375
1773047423,90050975,world,cf231,-3.3386332988739014,-1.3577433824539185,0.009185180068016052
1773047423,94942531,world,cf231,-3.3386528491973877,-1.3578048944473267,0.009226705878973007
1773047423,99958584,world,cf231,-3.338663101196289,-1.3578035831451416,0.009188517928123474
1773047423,105271298,world,cf231,-3.3386662006378174,-1.3577971458435059,0.009268723428249359
1773047423,110025478,world,cf231,-3.3386988639831543,-1.3578603267669678,0.009267214685678482
1773047423,115191641,world,cf231,-3.338714599609375,-1.3577513694763184,0.009218871593475342
1773047423,120053761,world,cf231,-3.3387153148651123,-1.3578556776046753,0.009304177016019821
1773047423,124978774,world,cf231,-3.338641405105591,-1.357740044593811,0.009150628000497818
1773047423,130244872,world,cf231,-3.3386337757110596,-1.3578068017959595,0.009194418787956238
1773047423,135926353,world,cf231,-3.3386898040771484,-1.3577587604522705,0.009217463433742523
1773047423,140083505,world,cf231,-3.33870792388916,-1.357818841934204,0.009261365979909897
1773047423,146066845,world,cf231,-3.3386521339416504,-1.3578041791915894,0.009227905422449112
1773047423,153367261,world,cf231,-3.338710069656372,-1.357820987701416,0.009257793426513672
1773047423,155307148,world,cf231,-3.3386404514312744,-1.3577390909194946,0.009152024984359741
1773047423,160216649,world,cf231,-3.3386898040771484,-1.3577587604522705,0.009217463433742523
1773047423,164973318,world,cf231,-3.3386683464050293,-1.3577994108200073,0.009264867752790451
1773047423,169902519,world,cf231,-3.3387451171875,-1.3578121662139893,0.00922122597694397
1773047423,175160932,world,cf231,-3.3387255668640137,-1.3578155040740967,0.009296052157878876
1773047423,181933277,world,cf231,-3.3387184143066406,-1.3578181266784668,0.009222336113452911
1773047423,185178931,world,cf231,-3.338730573654175,-1.357883334159851,0.009298063814640045
1773047423,190198217,world,cf231,-3.338658332824707,-1.3577988147735596,0.009196389466524124
1773047423,195140503,world,cf231,-3.3387107849121094,-1.3578217029571533,0.009256687015295029
1773047423,200230079,world,cf231,-3.338632583618164,-1.3577425479888916,0.009186431765556335
1773047423,205103606,world,cf231,-3.3386905193328857,-1.3577594757080078,0.00921630859375
1773047423,210057064,world,cf231,-3.3387277126312256,-1.3578178882598877,0.00929228961467743
1773047423,215218460,world,cf231,-3.338719367980957,-1.3578189611434937,0.009220972657203674
1773047423,220369510,world,cf231,-3.338693141937256,-1.3578250408172607,0.009221956133842468
1773047423,225230730,world,cf231,-3.3386919498443604,-1.3578648567199707,0.009299971163272858
1773047423,230119071,world,cf231,-3.338710069656372,-1.357820987701416,0.009257793426513672
1773047423,235061026,world,cf231,-3.3386924266815186,-1.3578243255615234,0.009223122149705887
1773047423,240244493,world,cf231,-3.3386311531066895,-1.3577412366867065,0.009188789874315262
1773047423,245145934,world,cf231,-3.3386905193328857,-1.3577594757080078,0.00921630859375
1773047423,252068452,world,cf231,-3.338710069656372,-1.357820987701416,0.009257737547159195
1773047423,255290216,world,cf231,-3.3387234210968018,-1.3578132390975952,0.00929981842637062
1773047423,260835664,world,cf231,-3.338660717010498,-1.3578013181686401,0.00919242575764656
