sec,nanosec,frame_id,name,position.x,position.y,position.z
1773048757,731360028,world,cf231,-2.6581308841705322,-1.8658678531646729,0.9603270292282104
1773048757,731360028,world,cf231_leg,-2.655134677886963,-1.8718668222427368,0.9452298879623413
1773048757,736398744,world,cf231,-2.6579184532165527,-1.866065502166748,0.9603488445281982
1773048757,736398744,world,cf231_leg,-2.655029535293579,-1.8720046281814575,0.9453345537185669
1773048757,740980277,world,cf231,-2.657703161239624,-1.8660311698913574,0.9603691101074219
1773048757,740980277,world,cf231_leg,-2.654897451400757,-1.872043490409851,0.9453585147857666
1773048757,746015891,world,cf231,-2.657661199569702,-1.8662495613098145,0.9604192972183228
1773048757,746015891,world,cf231_leg,-2.6547515392303467,-1.8721996545791626,0.9453506469726562
1773048757,751930494,world,cf231,-2.657464027404785,-1.866280198097229,0.9604611396789551
1773048757,751930494,world,cf231_leg,-2.65474534034729,-1.87228262424469,0.9455655813217163
1773048757,755952216,world,cf231,-2.657332420349121,-1.8665494918823242,0.9604628086090088
1773048757,755952216,world,cf231_leg,-2.6545770168304443,-1.8724199533462524,0.9455677270889282
1773048757,761124357,world,cf231,-2.657080888748169,-1.8666912317276,0.9605036973953247
1773048757,761124357,world,cf231_leg,-2.654407501220703,-1.8724015951156616,0.9455894231796265
1773048757,766015852,world,cf231,-2.6570324897766113,-1.8668382167816162,0.9605885744094849
1773048757,766015852,world,cf231_leg,-2.6543285846710205,-1.8725577592849731,0.9456417560577393
1773048757,770904067,world,cf231,-2.656806230545044,-1.8668824434280396,0.9605680704116821
1773048757,770904067,world,cf231_leg,-2.6541996002197266,-1.8725972175598145,0.9456416368484497
1773048757,776322058,world,cf231,-2.6567330360412598,-1.8670798540115356,0.9606990814208984
1773048757,776322058,world,cf231_leg,-2.6540427207946777,-1.8726844787597656,0.9457132816314697
1773048757,780675107,world,cf231,-2.656486988067627,-1.8671765327453613,0.9606930017471313
1773048757,780675107,world,cf231_leg,-2.653937339782715,-1.872785210609436,0.9456691741943359
1773048757,786190510,world,cf231,-2.6562561988830566,-1.8672635555267334,0.9607000350952148
1773048757,786190510,world,cf231_leg,-2.6537604331970215,-1.8729227781295776,0.9457591772079468
1773048757,790881193,world,cf231,-2.6560161113739014,-1.867360234260559,0.9606415033340454
1773048757,790881193,world,cf231_leg,-2.6536121368408203,-1.8729684352874756,0.9457734823226929
1773048757,795761107,world,cf231,-2.655834436416626,-1.8675010204315186,0.9607266187667847
1773048757,795761107,world,cf231_leg,-2.6534624099731445,-1.8730579614639282,0.9457935094833374
1773048757,800695745,world,cf231,-2.6556546688079834,-1.8676403760910034,0.9607893228530884
1773048757,800695745,world,cf231_leg,-2.6532835960388184,-1.8730467557907104,0.9457385540008545
1773048757,805863817,world,cf231,-2.655524730682373,-1.8677886724472046,0.960934042930603
1773048757,805863817,world,cf231_leg,-2.6531167030334473,-1.8730920553207397,0.945931077003479
1773048757,810767827,world,cf231,-2.655224561691284,-1.867916464805603,0.9610506296157837
1773048757,810767827,world,cf231_leg,-2.6530728340148926,-1.8733530044555664,0.9460240602493286
1773048757,815786284,world,cf231,-2.654909372329712,-1.8679794073104858,0.9611185789108276
1773048757,815786284,world,cf231_leg,-2.6528613567352295,-1.8733211755752563,0.9460726976394653
1773048757,821427714,world,cf231,-2.6546971797943115,-1.8680970668792725,0.9610060453414917
1773048757,821427714,world,cf231_leg,-2.65279221534729,-1.8734369277954102,0.9460644721984863
1773048757,826957054,world,cf231,-2.6543431282043457,-1.8682146072387695,0.9608116149902344
1773048757,826957054,world,cf231_leg,-2.652658224105835,-1.8735889196395874,0.9461252689361572
1773048757,830714682,world,cf231,-2.654165029525757,-1.8683109283447266,0.9608736038208008
1773048757,830714682,world,cf231_leg,-2.6525275707244873,-1.8736271858215332,0.946129322052002
1773048757,835924033,world,cf231,-2.653920888900757,-1.8684065341949463,0.960844874382019
1773048757,835924033,world,cf231_leg,-2.652350664138794,-1.8737218379974365,0.9462335109710693
1773048757,841031812,world,cf231,-2.653681755065918,-1.8686169385910034,0.9607813358306885
1773048757,841031812,world,cf231_leg,-2.6522772312164307,-1.8739416599273682,0.946434497833252
1773048757,845668187,world,cf231,-2.6534841060638428,-1.8687207698822021,0.9608625173568726
1773048757,845668187,world,cf231_leg,-2.652158260345459,-1.8740252256393433,0.9463282823562622
1773048757,850959350,world,cf231,-2.6533021926879883,-1.8688613176345825,0.9609485864639282
1773048757,850959350,world,cf231_leg,-2.652062177658081,-1.8741823434829712,0.9465551376342773
1773048757,855969222,world,cf231,-2.6530492305755615,-1.868963599205017,0.9608365297317505
1773048757,855969222,world,cf231_leg,-2.651984930038452,-1.874340295791626,0.9466022253036499
1773048757,860866230,world,cf231,-2.6528594493865967,-1.8692240715026855,0.9608354568481445
1773048757,860866230,world,cf231_leg,-2.6518006324768066,-1.874380111694336,0.9464308023452759
1773048757,865716909,world,cf231,-2.652721881866455,-1.8694158792495728,0.9610328674316406
1773048757,865716909,world,cf231_leg,-2.6516029834747314,-1.8744969367980957,0.9462562799453735
1773048757,870674067,world,cf231,-2.6523725986480713,-1.869455099105835,0.9609311819076538
1773048757,870674067,world,cf231_leg,-2.651571750640869,-1.8745911121368408,0.9463696479797363
1773048757,875740645,world,cf231,-2.652333974838257,-1.8697822093963623,0.9613288640975952
1773048757,875740645,world,cf231_leg,-2.6513736248016357,-1.874744176864624,0.9463465213775635
1773048757,880710967,world,cf231,-2.6520564556121826,-1.8697106838226318,0.9608744382858276
1773048757,880710967,world,cf231_leg,-2.6513006687164307,-1.8748581409454346,0.9463655948638916
1773048757,885974598,world,cf231,-2.6519200801849365,-1.8700895309448242,0.9613007307052612
1773048757,885974598,world,cf231_leg,-2.6511499881744385,-1.8749467134475708,0.9463886022567749
1773048757,891017289,world,cf231,-2.6516971588134766,-1.870182752609253,0.9610697031021118
1773048757,891017289,world,cf231_leg,-2.651062250137329,-1.8751119375228882,0.9463802576065063
1773048757,895767364,world,cf231,-2.651524305343628,-1.8702784776687622,0.961081862449646
1773048757,895767364,world,cf231_leg,-2.6509273052215576,-1.875150442123413,0.9464279413223267
1773048757,901545763,world,cf231,-2.651280403137207,-1.8703705072402954,0.9612324237823486
1773048757,901545763,world,cf231_leg,-2.6508102416992188,-1.8753728866577148,0.9463615417480469
1773048757,905920513,world,cf231,-2.651137351989746,-1.8705726861953735,0.9611411094665527
1773048757,905920513,world,cf231_leg,-2.6506474018096924,-1.8753114938735962,0.9463316202163696
1773048757,910823737,world,cf231,-2.6509954929351807,-1.8707311153411865,0.9610509872436523
1773048757,910823737,world,cf231_leg,-2.6506104469299316,-1.8755264282226562,0.9463591575622559
1773048757,915722559,world,cf231,-2.650851011276245,-1.8708860874176025,0.9611654281616211
1773048757,915722559,world,cf231_leg,-2.6505045890808105,-1.8756293058395386,0.9463315010070801
1773048757,922044555,world,cf231,-2.6505539417266846,-1.8709756135940552,0.9610995054244995
1773048757,922044555,world,cf231_leg,-2.650352716445923,-1.8757860660552979,0.9463891983032227
1773048757,925617159,world,cf231,-2.650348424911499,-1.8711291551589966,0.9610729217529297
1773048757,925617159,world,cf231_leg,-2.6502726078033447,-1.8758736848831177,0.9464308023452759
1773048757,930887237,world,cf231,-2.6501688957214355,-1.8712269067764282,0.9611577987670898
1773048757,930887237,world,cf231_leg,-2.6500978469848633,-1.8759313821792603,0.946364164352417
1773048757,935753099,world,cf231,-2.6501049995422363,-1.8713412284851074,0.9610583782196045
1773048757,935753099,world,cf231_leg,-2.6500043869018555,-1.875982642173767,0.9463874101638794
1773048757,940816002,world,cf231,-2.649812698364258,-1.871425986289978,0.9611223936080933
1773048757,940816002,world,cf231_leg,-2.6498780250549316,-1.8761663436889648,0.946244478225708
1773048757,945808101,world,cf231,-2.6496288776397705,-1.871529221534729,0.9610753059387207
1773048757,945808101,world,cf231_leg,-2.649726629257202,-1.8761414289474487,0.9462541341781616
1773048757,950808902,world,cf231,-2.6494712829589844,-1.8717341423034668,0.9611333608627319
1773048757,950808902,world,cf231_leg,-2.6495578289031982,-1.8762370347976685,0.9462890625
1773048757,956112701,world,cf231,-2.64929461479187,-1.8718358278274536,0.9610122442245483
1773048757,956112701,world,cf231_leg,-2.6495583057403564,-1.8763504028320312,0.9463033676147461
1773048757,960867562,world,cf231,-2.6492397785186768,-1.8720555305480957,0.9611904621124268
1773048757,960867562,world,cf231_leg,-2.6494383811950684,-1.8764526844024658,0.9464105367660522
1773048757,966940074,world,cf231,-2.6491663455963135,-1.8721719980239868,0.9611892700195312
1773048757,966940074,world,cf231_leg,-2.6493427753448486,-1.8765474557876587,0.9464411735534668
1773048757,970961461,world,cf231,-2.648975372314453,-1.8723188638687134,0.9611942768096924
1773048757,970961461,world,cf231_leg,-2.6492738723754883,-1.876548171043396,0.946401834487915
1773048757,975705805,world,cf231,-2.6487882137298584,-1.8724217414855957,0.9611740112304688
1773048757,975705805,world,cf231_leg,-2.649149179458618,-1.8766570091247559,0.9463889598846436
1773048757,980908737,world,cf231,-2.6487202644348145,-1.8725377321243286,0.9611222743988037
1773048757,980908737,world,cf231_leg,-2.6491074562072754,-1.8768019676208496,0.9464317560195923
1773048757,985839202,world,cf231,-2.6487836837768555,-1.8727701902389526,0.9612696170806885
1773048757,985839202,world,cf231_leg,-2.6490137577056885,-1.876853346824646,0.9464547634124756
1773048757,991296323,world,cf231,-2.6486876010894775,-1.872865080833435,0.9612725973129272
1773048757,991296323,world,cf231_leg,-2.649014949798584,-1.8769673109054565,0.9464676380157471
1773048757,995857959,world,cf231,-2.648524284362793,-1.8729166984558105,0.9612085819244385
1773048757,995857959,world,cf231_leg,-2.648843765258789,-1.87699294090271,0.946495532989502
1773048758,885888,world,cf231,-2.6483850479125977,-1.873032808303833,0.9611155986785889
1773048758,885888,world,cf231_leg,-2.648804187774658,-1.8770948648452759,0.9465301036834717
1773048758,5859889,world,cf231,-2.64827823638916,-1.8730554580688477,0.9611815214157104
1773048758,5859889,world,cf231_leg,-2.648693323135376,-1.8771969079971313,0.9465491771697998
1773048758,10622615,world,cf231,-2.6482770442962646,-1.873288631439209,0.9612340927124023
1773048758,10622615,world,cf231_leg,-2.6487317085266113,-1.877367377281189,0.9465653896331787
1773048758,15823959,world,cf231,-2.648343324661255,-1.873331069946289,0.9613034725189209
1773048758,15823959,world,cf231_leg,-2.6486716270446777,-1.8773609399795532,0.9466037750244141
1773048758,20810784,world,cf231,-2.64815616607666,-1.8733539581298828,0.961147665977478
1773048758,20810784,world,cf231_leg,-2.648625612258911,-1.8774700164794922,0.9465385675430298
1773048758,26103820,world,cf231,-2.6479697227478027,-1.8736084699630737,0.9610227346420288
1773048758,26103820,world,cf231_leg,-2.6485443115234375,-1.8776278495788574,0.9466307163238525
1773048758,30720986,world,cf231,-2.647947072982788,-1.8736672401428223,0.9611620903015137
1773048758,30720986,world,cf231_leg,-2.6484222412109375,-1.877622127532959,0.9465631246566772
1773048758,35909669,world,cf231,-2.6478090286254883,-1.8736599683761597,0.9609333276748657
1773048758,35909669,world,cf231_leg,-2.6484007835388184,-1.8776735067367554,0.946601152420044
1773048758,41150559,world,cf231,-2.6478023529052734,-1.8738194704055786,0.9610002040863037
1773048758,41150559,world,cf231_leg,-2.648416042327881,-1.8777809143066406,0.9466451406478882
1773048758,45924113,world,cf231,-2.647674798965454,-1.873813271522522,0.9609485864639282
1773048758,45924113,world,cf231_leg,-2.6483242511749268,-1.8778316974639893,0.9466480016708374
1773048758,50865655,world,cf231,-2.6476476192474365,-1.8738731145858765,0.9611365795135498
1773048758,50865655,world,cf231_leg,-2.6483051776885986,-1.8779960870742798,0.9466794729232788
1773048758,55857481,world,cf231,-2.6475555896759033,-1.8739246129989624,0.961113691329956
1773048758,55857481,world,cf231_leg,-2.64825177192688,-1.8780226707458496,0.9465316534042358
1773048758,60948633,world,cf231,-2.6474781036376953,-1.8739690780639648,0.9611225128173828
1773048758,60948633,world,cf231_leg,-2.64821195602417,-1.8781238794326782,0.9465680122375488
1773048758,65946711,world,cf231,-2.6475229263305664,-1.873982548713684,0.961074948310852
1773048758,65946711,world,cf231_leg,-2.6481587886810303,-1.8781872987747192,0.9465694427490234
1773048758,72211610,world,cf231,-2.6473987102508545,-1.874083399772644,0.9608955383300781
1773048758,72211610,world,cf231_leg,-2.6481471061706543,-1.8781938552856445,0.9465162754058838
1773048758,75711087,world,cf231,-2.64741587638855,-1.8741917610168457,0.9609177112579346
1773048758,75711087,world,cf231_leg,-2.648186683654785,-1.8784780502319336,0.9465457201004028
1773048758,81013654,world,cf231,-2.6472554206848145,-1.8742432594299316,0.9608280658721924
1773048758,81013654,world,cf231_leg,-2.6481120586395264,-1.8782953023910522,0.9465078115463257
1773048758,85894985,world,cf231,-2.6472485065460205,-1.8742870092391968,0.9608794450759888
1773048758,85894985,world,cf231_leg,-2.6480863094329834,-1.878536343574524,0.9464706182479858
1773048758,90767964,world,cf231,-2.6472175121307373,-1.8743016719818115,0.960840106010437
1773048758,90767964,world,cf231_leg,-2.6481730937957764,-1.8784849643707275,0.9465134143829346
1773048758,95919672,world,cf231,-2.6472411155700684,-1.874366044998169,0.9608117341995239
1773048758,95919672,world,cf231_leg,-2.6481425762176514,-1.8786561489105225,0.9464912414550781
1773048758,100941468,world,cf231,-2.6472649574279785,-1.8744302988052368,0.9607836008071899
1773048758,100941468,world,cf231_leg,-2.6481456756591797,-1.8786638975143433,0.9463008642196655
1773048758,105917917,world,cf231,-2.6471846103668213,-1.8744752407073975,0.9608174562454224
1773048758,105917917,world,cf231_leg,-2.6481168270111084,-1.8786693811416626,0.9464061260223389
1773048758,110694133,world,cf231,-2.6471519470214844,-1.8745328187942505,0.9607794284820557
1773048758,110694133,world,cf231_leg,-2.64815354347229,-1.8788472414016724,0.9462780952453613
1773048758,115899736,world,cf231,-2.6471731662750244,-1.8745976686477661,0.9607758522033691
1773048758,115899736,world,cf231_leg,-2.6481330394744873,-1.8787845373153687,0.9462817907333374
1773048758,120890798,world,cf231,-2.6471757888793945,-1.874597430229187,0.9607504606246948
1773048758,120890798,world,cf231_leg,-2.648092269897461,-1.8788484334945679,0.9461708068847656
1773048758,125810464,world,cf231,-2.6472532749176025,-1.8746685981750488,0.9607574939727783
1773048758,125810464,world,cf231_leg,-2.648080587387085,-1.8789247274398804,0.9461473226547241
1773048758,130768103,world,cf231,-2.647149085998535,-1.8746107816696167,0.9606624841690063
1773048758,130768103,world,cf231_leg,-2.648082971572876,-1.87892484664917,0.9461251497268677
1773048758,135938866,world,cf231,-2.6472060680389404,-1.874733328819275,0.9606876373291016
1773048758,135938866,world,cf231_leg,-2.6481807231903076,-1.8791011571884155,0.9461051225662231
1773048758,140768089,world,cf231,-2.647153615951538,-1.8746830224990845,0.9606523513793945
1773048758,140768089,world,cf231_leg,-2.648181438446045,-1.8791015148162842,0.9461038112640381
1773048758,146027630,world,cf231,-2.6472902297973633,-1.874760627746582,0.9606435298919678
1773048758,146027630,world,cf231_leg,-2.648206949234009,-1.879051923751831,0.946038007736206
1773048758,151036575,world,cf231,-2.6473305225372314,-1.8747793436050415,0.9604649543762207
1773048758,151036575,world,cf231_leg,-2.648235559463501,-1.8792983293533325,0.9460104703903198
1773048758,156073134,world,cf231,-2.6474297046661377,-1.8748377561569214,0.960610032081604
1773048758,156073134,world,cf231_leg,-2.6482434272766113,-1.8791409730911255,0.9459242820739746
1773048758,161202494,world,cf231,-2.6473944187164307,-1.8747844696044922,0.9604004621505737
1773048758,161202494,world,cf231_leg,-2.6482667922973633,-1.8793171644210815,0.9459123611450195
1773048758,166853371,world,cf231,-2.6473450660705566,-1.874849796295166,0.9603545665740967
1773048758,166853371,world,cf231_leg,-2.6483631134033203,-1.8793359994888306,0.9458950757980347
1773048758,171023148,world,cf231,-2.6474506855010986,-1.8748681545257568,0.960269570350647
1773048758,171023148,world,cf231_leg,-2.6482293605804443,-1.879224181175232,0.9457577466964722
1773048758,176175800,world,cf231,-2.647688865661621,-1.8749656677246094,0.9602234363555908
1773048758,176175800,world,cf231_leg,-2.648357629776001,-1.8793442249298096,0.9457924365997314
1773048758,180824175,world,cf231,-2.6477975845336914,-1.875022292137146,0.9602694511413574
1773048758,180824175,world,cf231_leg,-2.648397922515869,-1.879319667816162,0.9456205368041992
1773048758,185960055,world,cf231,-2.647735834121704,-1.8749783039093018,0.960152268409729
1773048758,185960055,world,cf231_leg,-2.6483609676361084,-1.8793853521347046,0.9454816579818726
1773048758,190707714,world,cf231,-2.6478374004364014,-1.8749984502792358,0.9601143598556519
1773048758,190707714,world,cf231_leg,-2.6484415531158447,-1.8794091939926147,0.9454387426376343
1773048758,195844888,world,cf231,-2.6479108333587646,-1.875075340270996,0.9599887132644653
1773048758,195844888,world,cf231_leg,-2.6483490467071533,-1.879346251487732,0.9454282522201538
1773048758,201000944,world,cf231,-2.6479811668395996,-1.8750361204147339,0.9598745107650757
1773048758,201000944,world,cf231_leg,-2.648512125015259,-1.8793805837631226,0.9451569318771362
1773048758,205944307,world,cf231,-2.6481869220733643,-1.8752299547195435,0.9599463939666748
1773048758,205944307,world,cf231_leg,-2.6484909057617188,-1.8793959617614746,0.9450434446334839
1773048758,210787627,world,cf231,-2.6483190059661865,-1.8751970529556274,0.9597910642623901
1773048758,210787627,world,cf231_leg,-2.648529291152954,-1.8794082403182983,0.9450430870056152
1773048758,215861061,world,cf231,-2.64837646484375,-1.87520432472229,0.95979905128479
1773048758,215861061,world,cf231_leg,-2.6485395431518555,-1.8793636560440063,0.9449505805969238
1773048758,220707014,world,cf231,-2.648467540740967,-1.8752297163009644,0.9596819877624512
1773048758,220707014,world,cf231_leg,-2.648603677749634,-1.8794394731521606,0.9448994398117065
1773048758,225759587,world,cf231,-2.648588180541992,-1.8752415180206299,0.9596272706985474
1773048758,225759587,world,cf231_leg,-2.648747205734253,-1.8795063495635986,0.9449454545974731
1773048758,230790771,world,cf231,-2.648697853088379,-1.8752610683441162,0.9595127105712891
1773048758,230790771,world,cf231_leg,-2.6487741470336914,-1.8795254230499268,0.9448908567428589
1773048758,235785124,world,cf231,-2.648725986480713,-1.8752820491790771,0.9594577550888062
1773048758,235785124,world,cf231_leg,-2.648796796798706,-1.8794752359390259,0.9448491334915161
1773048758,240700291,world,cf231,-2.6489102840423584,-1.8753730058670044,0.9593757390975952
1773048758,240700291,world,cf231_leg,-2.6488285064697266,-1.8794944286346436,0.9447492361068726
1773048758,245892585,world,cf231,-2.648916721343994,-1.8753286600112915,0.9593261480331421
1773048758,245892585,world,cf231_leg,-2.648871898651123,-1.8794617652893066,0.9447021484375
1773048758,250742738,world,cf231,-2.6491124629974365,-1.8754123449325562,0.9593024253845215
1773048758,250742738,world,cf231_leg,-2.64884877204895,-1.8794753551483154,0.9445942640304565
1773048758,255710713,world,cf231,-2.649277925491333,-1.8753955364227295,0.9592225551605225
1773048758,255710713,world,cf231_leg,-2.6489803791046143,-1.8794358968734741,0.9445710182189941
1773048758,260776000,world,cf231,-2.649379014968872,-1.8754154443740845,0.9591853618621826
1773048758,260776000,world,cf231_leg,-2.6489975452423096,-1.8794633150100708,0.9444574117660522
1773048758,265960194,world,cf231,-2.649388313293457,-1.8753713369369507,0.959108829498291
1773048758,265960194,world,cf231_leg,-2.6491003036499023,-1.8794053792953491,0.944509744644165
1773048758,270670476,world,cf231,-2.649567127227783,-1.875507116317749,0.9590749740600586
1773048758,270670476,world,cf231_leg,-2.649080514907837,-1.879374623298645,0.9443753957748413
1773048758,275867680,world,cf231,-2.649573564529419,-1.8753471374511719,0.9590094089508057
1773048758,275867680,world,cf231_leg,-2.6492273807525635,-1.879442572593689,0.9443957805633545
1773048758,280586053,world,cf231,-2.649731397628784,-1.8754894733428955,0.9589971303939819
1773048758,280586053,world,cf231_leg,-2.6491775512695312,-1.8792792558670044,0.9443244934082031
1773048758,285825343,world,cf231,-2.649808406829834,-1.8754442930221558,0.9589904546737671
1773048758,285825343,world,cf231_leg,-2.6492702960968018,-1.8793420791625977,0.9443352222442627
1773048758,290890344,world,cf231,-2.649825096130371,-1.875356912612915,0.9588614702224731
1773048758,290890344,world,cf231_leg,-2.649296283721924,-1.8792474269866943,0.9442671537399292
1773048758,295755350,world,cf231,-2.649939775466919,-1.8754132986068726,0.9588555097579956
1773048758,295755350,world,cf231_leg,-2.6493332386016846,-1.8793036937713623,0.9442715644836426
1773048758,300702899,world,cf231,-2.650117874145508,-1.875388264656067,0.9588109254837036
1773048758,300702899,world,cf231_leg,-2.649399995803833,-1.8792669773101807,0.9441814422607422
1773048758,305884440,world,cf231,-2.6502482891082764,-1.875349760055542,0.9588402509689331
1773048758,305884440,world,cf231_leg,-2.6494858264923096,-1.8792146444320679,0.9442270994186401
1773048758,311040146,world,cf231,-2.650463819503784,-1.8753809928894043,0.9588016271591187
1773048758,311040146,world,cf231_leg,-2.6495540142059326,-1.8791770935058594,0.9441171884536743
1773048758,315765280,world,cf231,-2.6505789756774902,-1.875235676765442,0.9588043689727783
1773048758,315765280,world,cf231_leg,-2.6495559215545654,-1.8791333436965942,0.9441113471984863
1773048758,320790235,world,cf231,-2.6506600379943848,-1.8752338886260986,0.9587452411651611
1773048758,320790235,world,cf231_leg,-2.6496145725250244,-1.879138469696045,0.9440768957138062
1773048758,325813131,world,cf231,-2.650752305984497,-1.8751825094223022,0.9587680101394653
1773048758,325813131,world,cf231_leg,-2.6495542526245117,-1.8789827823638916,0.9439491033554077
1773048758,330926932,world,cf231,-2.650888204574585,-1.8751436471939087,0.9587457180023193
1773048758,330926932,world,cf231_leg,-2.649620532989502,-1.8789817094802856,0.9440115690231323
1773048758,335824848,world,cf231,-2.650972366333008,-1.8750553131103516,0.958686113357544
1773048758,335824848,world,cf231_leg,-2.649714231491089,-1.8789308071136475,0.9439866542816162
1773048758,340740246,world,cf231,-2.651118516921997,-1.8750107288360596,0.9587444067001343
1773048758,340740246,world,cf231_leg,-2.649787664413452,-1.8789997100830078,0.9440116882324219
1773048758,346434129,world,cf231,-2.6512861251831055,-1.8749580383300781,0.9587593078613281
1773048758,346434129,world,cf231_leg,-2.6497981548309326,-1.8788425922393799,0.9439027309417725
1773048758,350896294,world,cf231,-2.651455879211426,-1.874977946281433,0.9587886333465576
1773048758,350896294,world,cf231_leg,-2.6498641967773438,-1.8788412809371948,0.9439657926559448
1773048758,356944525,world,cf231,-2.6514978408813477,-1.8747600317001343,0.9587361812591553
1773048758,356944525,world,cf231_leg,-2.6499195098876953,-1.8788477182388306,0.9439718723297119
1773048758,360695160,world,cf231,-2.6516151428222656,-1.874729871749878,0.9587299823760986
1773048758,360695160,world,cf231_leg,-2.6499478816986084,-1.8787531852722168,0.9438822269439697
1773048758,366014452,world,cf231,-2.6517281532287598,-1.8746274709701538,0.9587339162826538
1773048758,366014452,world,cf231_leg,-2.6499080657958984,-1.878626823425293,0.9438701868057251
1773048758,370708695,world,cf231,-2.651845932006836,-1.8746393918991089,0.9587050676345825
1773048758,370708695,world,cf231_leg,-2.650073528289795,-1.8786449432373047,0.9438923597335815
1773048758,375789670,world,cf231,-2.6519031524658203,-1.8744151592254639,0.9586825370788574
1773048758,375789670,world,cf231_leg,-2.650026559829712,-1.8785948753356934,0.9438133239746094
1773048758,382618538,world,cf231,-2.65194034576416,-1.874314308166504,0.958694338798523
1773048758,382618538,world,cf231_leg,-2.6500771045684814,-1.8785312175750732,0.9438347816467285
1773048758,385902961,world,cf231,-2.6520442962646484,-1.8742561340332031,0.9587744474411011
1773048758,385902961,world,cf231_leg,-2.6500391960144043,-1.8783613443374634,0.9438167810440063
1773048758,390816694,world,cf231,-2.6521642208099365,-1.8741519451141357,0.958704948425293
1773048758,390816694,world,cf231_leg,-2.650084972381592,-1.8783738613128662,0.9437487125396729
1773048758,397367806,world,cf231,-2.652228355407715,-1.874037742614746,0.958804726600647
1773048758,397367806,world,cf231_leg,-2.6501708030700684,-1.878209114074707,0.9437780380249023
1773048758,401438744,world,cf231,-2.6522634029388428,-1.8739794492721558,0.9588181972503662
1773048758,401438744,world,cf231_leg,-2.6502034664154053,-1.8782657384872437,0.9438260793685913
1773048758,406038005,world,cf231,-2.652275323867798,-1.8738189935684204,0.9587022066116333
1773048758,406038005,world,cf231_leg,-2.650177001953125,-1.8781652450561523,0.9437278509140015
1773048758,410740878,world,cf231,-2.652284860610962,-1.873697280883789,0.9587680101394653
1773048758,410740878,world,cf231_leg,-2.650146007537842,-1.8780314922332764,0.9437944889068604
1773048758,415860107,world,cf231,-2.6524744033813477,-1.873594045639038,0.9587631225585938
1773048758,415860107,world,cf231_leg,-2.6501684188842773,-1.8779047727584839,0.9438877105712891
1773048758,420862254,world,cf231,-2.6525070667266846,-1.8734203577041626,0.9587862491607666
1773048758,420862254,world,cf231_leg,-2.6501729488372803,-1.8779047727584839,0.9438430070877075
1773048758,425724226,world,cf231,-2.6525282859802246,-1.8732537031173706,0.9587525129318237
1773048758,425724226,world,cf231_leg,-2.650224208831787,-1.8777965307235718,0.9438616037368774
1773048758,430884443,world,cf231,-2.6525495052337646,-1.8732028007507324,0.958733320236206
1773048758,430884443,world,cf231_leg,-2.6502273082733154,-1.87779700756073,0.9438375234603882
1773048758,435809220,world,cf231,-2.6525261402130127,-1.8730230331420898,0.9587454795837402
1773048758,435809220,world,cf231_leg,-2.6502935886383057,-1.877683401107788,0.9438831806182861
1773048758,440711248,world,cf231,-2.652599334716797,-1.87290620803833,0.9587476253509521
1773048758,440711248,world,cf231_leg,-2.650294542312622,-1.8776055574417114,0.9440000057220459
1773048758,445565686,world,cf231,-2.652724504470825,-1.8727974891662598,0.9588080644607544
1773048758,445565686,world,cf231_leg,-2.6502420902252197,-1.8774415254592896,0.9439529180526733
1773048758,450844374,world,cf231,-2.652722120285034,-1.8726822137832642,0.9588174819946289
1773048758,450844374,world,cf231_leg,-2.6502740383148193,-1.8773847818374634,0.9439868927001953
1773048758,455759520,world,cf231,-2.6527743339538574,-1.8726164102554321,0.9588382244110107
1773048758,455759520,world,cf231_leg,-2.650247097015381,-1.8773653507232666,0.944042444229126
1773048758,462103841,world,cf231,-2.6527206897735596,-1.8723782300949097,0.9587721824645996
1773048758,462103841,world,cf231_leg,-2.6502482891082764,-1.8772512674331665,0.9440078735351562
1773048758,465758398,world,cf231,-2.652780294418335,-1.872307300567627,0.9588978290557861
1773048758,465758398,world,cf231_leg,-2.650169610977173,-1.8770666122436523,0.9439977407455444
1773048758,471132224,world,cf231,-2.652822256088257,-1.8722050189971924,0.958861231803894
1773048758,471132224,world,cf231_leg,-2.6502342224121094,-1.8770666122436523,0.9440793991088867
1773048758,475851097,world,cf231,-2.652834415435791,-1.8720831871032715,0.9589016437530518
1773048758,475851097,world,cf231_leg,-2.6502487659454346,-1.8770604133605957,0.9441095590591431
1773048758,480800857,world,cf231,-2.652846574783325,-1.8719607591629028,0.9589427709579468
1773048758,480800857,world,cf231_leg,-2.6501827239990234,-1.876867651939392,0.9441351890563965
1773048758,485906811,world,cf231,-2.652766466140747,-1.8717739582061768,0.9589464664459229
1773048758,485906811,world,cf231_leg,-2.6502668857574463,-1.876861572265625,0.944202184677124
1773048758,490908436,world,cf231,-2.6527950763702393,-1.8717600107192993,0.9590100049972534
1773048758,490908436,world,cf231_leg,-2.6502625942230225,-1.8768620491027832,0.9442451000213623
1773048758,495966452,world,cf231,-2.65273380279541,-1.8715227842330933,0.9590191841125488
1773048758,495966452,world,cf231_leg,-2.650186061859131,-1.8766793012619019,0.9442291259765625
1773048758,500741625,world,cf231,-2.6527926921844482,-1.871412992477417,0.9589895009994507
1773048758,500741625,world,cf231_leg,-2.6501541137695312,-1.8766577243804932,0.944313645362854
1773048758,505712450,world,cf231,-2.6527035236358643,-1.871271014213562,0.9590673446655273
1773048758,505712450,world,cf231_leg,-2.650233268737793,-1.8766511678695679,0.9444261789321899
1773048758,510717903,world,cf231,-2.652716636657715,-1.871078372001648,0.9593459367752075
1773048758,510717903,world,cf231_leg,-2.6502151489257812,-1.8765887022018433,0.9444069862365723
1773048758,515710254,world,cf231,-2.652642250061035,-1.8710073232650757,0.9593123197555542
1773048758,515710254,world,cf231_leg,-2.6501598358154297,-1.876469612121582,0.9443844556808472
1773048758,521018196,world,cf231,-2.6527016162872314,-1.8708202838897705,0.9594240188598633
1773048758,521018196,world,cf231_leg,-2.6501505374908447,-1.8763995170593262,0.944443941116333
1773048758,525879165,world,cf231,-2.652667999267578,-1.870761513710022,0.9593725204467773
1773048758,525879165,world,cf231_leg,-2.650104284286499,-1.8763864040374756,0.9445137977600098
1773048758,531412394,world,cf231,-2.652717351913452,-1.8707340955734253,0.9595763683319092
1773048758,531412394,world,cf231_leg,-2.6501309871673584,-1.8762590885162354,0.9445642232894897
1773048758,536025569,world,cf231,-2.652625560760498,-1.8705540895462036,0.9595227241516113
1773048758,536025569,world,cf231_leg,-2.6499521732330322,-1.876134991645813,0.9444937705993652
1773048758,540803903,world,cf231,-2.6525118350982666,-1.8704240322113037,0.9594899415969849
1773048758,540803903,world,cf231_leg,-2.650036334991455,-1.876129150390625,0.944560170173645
1773048758,545918247,world,cf231,-2.652433156967163,-1.870235800743103,0.9594712257385254
1773048758,545918247,world,cf231_leg,-2.6499013900756836,-1.8760520219802856,0.9445784091949463
1773048758,550729273,world,cf231,-2.652351140975952,-1.8701659440994263,0.9595130681991577
1773048758,550729273,world,cf231_leg,-2.6499733924865723,-1.8760091066360474,0.9446065425872803
1773048758,555797339,world,cf231,-2.652400493621826,-1.8701002597808838,0.9595599174499512
1773048758,555797339,world,cf231_leg,-2.6499009132385254,-1.8759386539459229,0.944563627243042
1773048758,560581852,world,cf231,-2.652228355407715,-1.8699649572372437,0.9595397710800171
1773048758,560581852,world,cf231_leg,-2.6498775482177734,-1.875877857208252,0.9446059465408325
1773048758,565772287,world,cf231,-2.652134656906128,-1.8697830438613892,0.9594907760620117
1773048758,565772287,world,cf231_leg,-2.649857521057129,-1.875813364982605,0.9445931911468506
1773048758,570735786,world,cf231,-2.6520626544952393,-1.869749665260315,0.9595903158187866
1773048758,570735786,world,cf231_leg,-2.649761915206909,-1.8756800889968872,0.9445770978927612
1773048758,575667093,world,cf231,-2.651979446411133,-1.8695273399353027,0.9594804048538208
1773048758,575667093,world,cf231_leg,-2.6496944427490234,-1.875605583190918,0.9446682929992676
1773048758,580686792,world,cf231,-2.6519014835357666,-1.869455337524414,0.9594758749008179
1773048758,580686792,world,cf231_leg,-2.649707794189453,-1.8755983114242554,0.9447019100189209
1773048758,585923965,world,cf231,-2.6517179012298584,-1.8692113161087036,0.9593820571899414
1773048758,585923965,world,cf231_leg,-2.649609327316284,-1.8755000829696655,0.9446039199829102
1773048758,590830631,world,cf231,-2.651554822921753,-1.869185447692871,0.9594593048095703
1773048758,590830631,world,cf231_leg,-2.6495797634124756,-1.8754782676696777,0.9446669816970825
1773048758,595900214,world,cf231,-2.6514642238616943,-1.8691221475601196,0.9594177007675171
1773048758,595900214,world,cf231_leg,-2.649501085281372,-1.8753656148910522,0.9447020292282104
1773048758,600795986,world,cf231,-2.6513237953186035,-1.8689279556274414,0.9594390392303467
1773048758,600795986,world,cf231_leg,-2.6493823528289795,-1.8752843141555786,0.9447438716888428
1773048758,606087961,world,cf231,-2.6512932777404785,-1.8688654899597168,0.9595407247543335
1773048758,606087961,world,cf231_leg,-2.6493825912475586,-1.8752148151397705,0.9447129964828491
1773048758,611001870,world,cf231,-2.6511192321777344,-1.8687312602996826,0.9595434665679932
1773048758,611001870,world,cf231_leg,-2.649153232574463,-1.875030279159546,0.9447392225265503
1773048758,615908848,world,cf231,-2.65099835395813,-1.8686517477035522,0.959399938583374
1773048758,615908848,world,cf231_leg,-2.6492342948913574,-1.8751020431518555,0.9447113275527954
1773048758,620899851,world,cf231,-2.6507701873779297,-1.8684618473052979,0.9595514535903931
1773048758,620899851,world,cf231_leg,-2.6490297317504883,-1.8749122619628906,0.9446756839752197
1773048758,625836562,world,cf231,-2.6506404876708984,-1.8683401346206665,0.9595092535018921
1773048758,625836562,world,cf231_leg,-2.6490321159362793,-1.8750252723693848,0.9446688890457153
1773048758,630685395,world,cf231,-2.6505775451660156,-1.8683780431747437,0.9595484733581543
1773048758,630685395,world,cf231_leg,-2.6489362716674805,-1.8748483657836914,0.9446679353713989
1773048758,635615157,world,cf231,-2.650451421737671,-1.8682570457458496,0.9594777822494507
1773048758,635615157,world,cf231_leg,-2.6487693786621094,-1.8747855424880981,0.9446643590927124
1773048758,640811146,world,cf231,-2.650327444076538,-1.868128776550293,0.9595447778701782
1773048758,640811146,world,cf231_leg,-2.6487956047058105,-1.8747729063034058,0.9447475671768188
1773048758,645745498,world,cf231,-2.65023136138916,-1.8681085109710693,0.9595303535461426
1773048758,645745498,world,cf231_leg,-2.6486215591430664,-1.874646544456482,0.9446166753768921
1773048758,650721775,world,cf231,-2.650038957595825,-1.8679800033569336,0.9595308303833008
1773048758,650721775,world,cf231_leg,-2.648632764816284,-1.8745962381362915,0.9446861743927002
1773048758,656520515,world,cf231,-2.649895191192627,-1.8679461479187012,0.9595901966094971
1773048758,656520515,world,cf231_leg,-2.6484522819519043,-1.8745161294937134,0.9446207284927368
1773048758,660833114,world,cf231,-2.6498262882232666,-1.86782968044281,0.9595096111297607
1773048758,660833114,world,cf231_leg,-2.648399591445923,-1.874464750289917,0.9445896148681641
1773048758,665776862,world,cf231,-2.649627447128296,-1.8677458763122559,0.9595589637756348
1773048758,665776862,world,cf231_leg,-2.648388385772705,-1.874508023262024,0.9446858167648315
1773048758,670732366,world,cf231,-2.649336099624634,-1.8676748275756836,0.9594284296035767
1773048758,670732366,world,cf231_leg,-2.648214101791382,-1.8743840456008911,0.9445701837539673
1773048758,675694593,world,cf231,-2.6492910385131836,-1.8676609992980957,0.9594768285751343
1773048758,675694593,world,cf231_leg,-2.6481049060821533,-1.874327301979065,0.9445515871047974
1773048758,682195725,world,cf231,-2.6490259170532227,-1.867576241493225,0.959434986114502
1773048758,682195725,world,cf231_leg,-2.6480228900909424,-1.8743022680282593,0.9445985555648804
1773048758,685934298,world,cf231,-2.6489648818969727,-1.8675711154937744,0.9594731330871582
1773048758,685934298,world,cf231_leg,-2.6479732990264893,-1.8742516040802002,0.9445428848266602
1773048758,690925713,world,cf231,-2.648761034011841,-1.8674918413162231,0.959392786026001
1773048758,690925713,world,cf231_leg,-2.647960662841797,-1.8743723630905151,0.9445235729217529
1773048758,695686060,world,cf231,-2.6487185955047607,-1.8675520420074463,0.9594522714614868
1773048758,695686060,world,cf231_leg,-2.6478207111358643,-1.8741124868392944,0.9445397853851318
1773048758,700903493,world,cf231,-2.648435115814209,-1.8675180673599243,0.9594037532806396
1773048758,700903493,world,cf231_leg,-2.647754430770874,-1.8741832971572876,0.9445075988769531
1773048758,705772495,world,cf231,-2.6483261585235596,-1.8674613237380981,0.959357500076294
1773048758,705772495,world,cf231_leg,-2.647669792175293,-1.874076008796692,0.9444258213043213
1773048758,710738064,world,cf231,-2.648123264312744,-1.8673830032348633,0.9592739343643188
1773048758,710738064,world,cf231_leg,-2.647618532180786,-1.8741511106491089,0.9445279836654663
1773048758,715901799,world,cf231,-2.648040771484375,-1.8674286603927612,0.9593316316604614
1773048758,715901799,world,cf231_leg,-2.647523880004883,-1.8741649389266968,0.9444036483764648
1773048758,720760834,world,cf231,-2.647728204727173,-1.867292881011963,0.9592039585113525
1773048758,720760834,world,cf231_leg,-2.6474196910858154,-1.8739956617355347,0.9443233013153076
1773048758,725774362,world,cf231,-2.6476597785949707,-1.867446780204773,0.9593105316162109
1773048758,725774362,world,cf231_leg,-2.647361993789673,-1.8740713596343994,0.9444901943206787
1773048758,730573705,world,cf231,-2.647451639175415,-1.8673694133758545,0.9592769145965576
1773048758,730573705,world,cf231_leg,-2.6473281383514404,-1.8740135431289673,0.9444456100463867
1773048758,736294973,world,cf231,-2.6472864151000977,-1.8673059940338135,0.9592206478118896
1773048758,736294973,world,cf231_leg,-2.647202491760254,-1.8738936185836792,0.9443875551223755
1773048758,741497837,world,cf231,-2.6472156047821045,-1.8673486709594727,0.9591556787490845
1773048758,741497837,world,cf231_leg,-2.647167682647705,-1.8739525079727173,0.9443919658660889
1773048758,746136763,world,cf231,-2.647019386291504,-1.8672645092010498,0.9591794013977051
1773048758,746136763,world,cf231_leg,-2.64713454246521,-1.8738951683044434,0.9443458318710327
1773048758,750894977,world,cf231,-2.646785020828247,-1.8673166036605835,0.9590722322463989
1773048758,750894977,world,cf231_leg,-2.647012710571289,-1.8738898038864136,0.9442764520645142
1773048758,758001036,world,cf231,-2.6466476917266846,-1.8672386407852173,0.9590812921524048
1773048758,758001036,world,cf231_leg,-2.6469030380249023,-1.8738782405853271,0.944259524345398
1773048758,761222373,world,cf231,-2.6465415954589844,-1.867297649383545,0.9590247869491577
1773048758,761222373,world,cf231_leg,-2.646838665008545,-1.8738665580749512,0.9440547227859497
1773048758,766147001,world,cf231,-2.6464226245880127,-1.8673292398452759,0.9590528011322021
1773048758,766147001,world,cf231_leg,-2.646793842315674,-1.8739678859710693,0.9441356658935547
1773048758,770958746,world,cf231,-2.6462655067443848,-1.8672208786010742,0.958922266960144
1773048758,770958746,world,cf231_leg,-2.6467301845550537,-1.873822808265686,0.9441547393798828
1773048758,775975054,world,cf231,-2.6460824012756348,-1.8672021627426147,0.9590191841125488
1773048758,775975054,world,cf231_leg,-2.646636486053467,-1.8738045692443848,0.9441478252410889
1773048758,780943938,world,cf231,-2.6459288597106934,-1.867251992225647,0.9588546752929688
1773048758,780943938,world,cf231_leg,-2.6465845108032227,-1.873900055885315,0.9440100193023682
1773048758,785624698,world,cf231,-2.645867109298706,-1.8673620223999023,0.958910346031189
1773048758,785624698,world,cf231_leg,-2.646538734436035,-1.8737024068832397,0.9440169334411621
1773048758,790794111,world,cf231,-2.6456308364868164,-1.867341160774231,0.9587891101837158
1773048758,790794111,world,cf231_leg,-2.646364450454712,-1.8737943172454834,0.9438265562057495
1773048758,795678850,world,cf231,-2.6455886363983154,-1.8673278093338013,0.958810567855835
1773048758,795678850,world,cf231_leg,-2.6463470458984375,-1.8737999200820923,0.9438202381134033
1773048758,801474295,world,cf231,-2.64534854888916,-1.867306113243103,0.9587177038192749
1773048758,801474295,world,cf231_leg,-2.6462669372558594,-1.873853087425232,0.943726658821106
1773048758,805657903,world,cf231,-2.645282506942749,-1.8672634363174438,0.9586482048034668
1773048758,805657903,world,cf231_leg,-2.6461827754974365,-1.8738594055175781,0.9436590671539307
1773048758,810744482,world,cf231,-2.645073652267456,-1.867301344871521,0.9586317539215088
1773048758,810744482,world,cf231_leg,-2.6460835933685303,-1.8738036155700684,0.9435484409332275
1773048758,815799487,world,cf231,-2.645012378692627,-1.8674119710922241,0.9586859941482544
1773048758,815799487,world,cf231_leg,-2.646062135696411,-1.8738552331924438,0.9435861110687256
1773048758,820835032,world,cf231,-2.644965410232544,-1.8674030303955078,0.9585772752761841
1773048758,820835032,world,cf231_leg,-2.646034002304077,-1.8738681077957153,0.9435240030288696
1773048758,825717065,world,cf231,-2.6448965072631836,-1.8675148487091064,0.9587067365646362
1773048758,825717065,world,cf231_leg,-2.645928382873535,-1.8738559484481812,0.9434648752212524
1773048758,830713130,world,cf231,-2.64473295211792,-1.867454171180725,0.958446741104126
1773048758,830713130,world,cf231_leg,-2.6459712982177734,-1.8738682270050049,0.9434198141098022
1773048758,835919961,world,cf231,-2.6446025371551514,-1.867448329925537,0.958419680595398
1773048758,835919961,world,cf231_leg,-2.645878791809082,-1.873814582824707,0.9432580471038818
1773048758,840753598,world,cf231,-2.6444647312164307,-1.8674477338790894,0.9582870006561279
1773048758,840753598,world,cf231_leg,-2.6458840370178223,-1.8739303350448608,0.9432433843612671
1773048758,845669343,world,cf231,-2.6444082260131836,-1.8675572872161865,0.9582921266555786
1773048758,845669343,world,cf231_leg,-2.6459031105041504,-1.8738785982131958,0.943228006362915
1773048758,850904593,world,cf231,-2.6443793773651123,-1.8675711154937744,0.958228349685669
1773048758,850904593,world,cf231_leg,-2.645752429962158,-1.8738856315612793,0.943098783493042
1773048758,855913184,world,cf231,-2.6441614627838135,-1.867499589920044,0.958113431930542
1773048758,855913184,world,cf231_leg,-2.64579439163208,-1.8738991022109985,0.9430723190307617
1773048758,860777419,world,cf231,-2.6441023349761963,-1.8676095008850098,0.9581435918807983
1773048758,860777419,world,cf231_leg,-2.6457467079162598,-1.8740088939666748,0.9430274963378906
1773048758,865704702,world,cf231,-2.6441328525543213,-1.8677875995635986,0.9580584764480591
1773048758,865704702,world,cf231_leg,-2.6457719802856445,-1.8740261793136597,0.9429782629013062
1773048758,870852266,world,cf231,-2.644003391265869,-1.8677828311920166,0.9580284357070923
1773048758,870852266,world,cf231_leg,-2.6456305980682373,-1.8739135265350342,0.9429086446762085
1773048758,875858962,world,cf231,-2.6440978050231934,-1.8678083419799805,0.9578851461410522
1773048758,875858962,world,cf231_leg,-2.645632743835449,-1.8739134073257446,0.9428868293762207
1773048758,880927464,world,cf231,-2.6439127922058105,-1.8677947521209717,0.9578244686126709
1773048758,880927464,world,cf231_leg,-2.6457512378692627,-1.8741095066070557,0.942878246307373
1773048758,885666681,world,cf231,-2.6439218521118164,-1.867866039276123,0.9577648639678955
1773048758,885666681,world,cf231_leg,-2.6456351280212402,-1.874105453491211,0.9427599906921387
1773048758,890772372,world,cf231,-2.6438441276550293,-1.8680623769760132,0.9576678276062012
1773048758,890772372,world,cf231_leg,-2.6456401348114014,-1.8740601539611816,0.9427140951156616
1773048758,895723960,world,cf231,-2.6437368392944336,-1.8681179285049438,0.9573355913162231
1773048758,895723960,world,cf231_leg,-2.645662784576416,-1.8741925954818726,0.9427188634872437
1773048758,901066457,world,cf231,-2.6438119411468506,-1.8681896924972534,0.9573678970336914
1773048758,901066457,world,cf231_leg,-2.6456549167633057,-1.8740854263305664,0.9426071643829346
1773048758,905695714,world,cf231,-2.643852710723877,-1.868362545967102,0.9573624134063721
1773048758,905695714,world,cf231_leg,-2.6457245349884033,-1.8743137121200562,0.9426918029785156
1773048758,910770094,world,cf231,-2.6437392234802246,-1.8683110475540161,0.9571839570999146
1773048758,910770094,world,cf231_leg,-2.645608901977539,-1.8741490840911865,0.9425411224365234
1773048758,915930277,world,cf231,-2.643803596496582,-1.8685485124588013,0.9571496248245239
1773048758,915930277,world,cf231_leg,-2.645620107650757,-1.8743337392807007,0.9424927234649658
1773048758,920923788,world,cf231,-2.643826484680176,-1.8686116933822632,0.9571247100830078
1773048758,920923788,world,cf231_leg,-2.6456775665283203,-1.874294400215149,0.9424769878387451
1773048758,925692059,world,cf231,-2.643887519836426,-1.868691086769104,0.9571237564086914
1773048758,925692059,world,cf231_leg,-2.6456122398376465,-1.8743417263031006,0.942412257194519
1773048758,931015403,world,cf231,-2.643993616104126,-1.8687134981155396,0.9568575620651245
1773048758,931015403,world,cf231_leg,-2.6456704139709473,-1.8744161128997803,0.9424104690551758
1773048758,935941167,world,cf231,-2.64399790763855,-1.8688277006149292,0.9568257331848145
1773048758,935941167,world,cf231_leg,-2.6456403732299805,-1.8743598461151123,0.9423384666442871
1773048758,940807101,world,cf231,-2.6440584659576416,-1.868948221206665,0.9568047523498535
1773048758,940807101,world,cf231_leg,-2.6456470489501953,-1.87442946434021,0.9423030614852905
1773048758,945766644,world,cf231,-2.644132137298584,-1.868983268737793,0.9567008018493652
1773048758,945766644,world,cf231_leg,-2.645681381225586,-1.874372124671936,0.9423156976699829
1773048758,951310641,world,cf231,-2.6443071365356445,-1.8691563606262207,0.9568554162979126
1773048758,951310641,world,cf231_leg,-2.6456713676452637,-1.8744479417800903,0.9422721862792969
1773048758,955822938,world,cf231,-2.6443376541137695,-1.8691768646240234,0.9567756652832031
1773048758,955822938,world,cf231_leg,-2.645750045776367,-1.8745174407958984,0.9422518014907837
1773048758,960939145,world,cf231,-2.644497871398926,-1.869321346282959,0.9567590951919556
1773048758,960939145,world,cf231_leg,-2.6458041667938232,-1.874568223953247,0.9422627687454224
1773048758,966976538,world,cf231,-2.644575357437134,-1.8693925142288208,0.9567664861679077
1773048758,966976538,world,cf231_leg,-2.645768165588379,-1.8746569156646729,0.9421348571777344
1773048758,970822224,world,cf231,-2.6445658206939697,-1.869398593902588,0.956684947013855
1773048758,970822224,world,cf231_leg,-2.6457951068878174,-1.8744930028915405,0.942034125328064
1773048758,976052178,world,cf231,-2.644714117050171,-1.8695847988128662,0.9567512273788452
1773048758,976052178,world,cf231_leg,-2.6458616256713867,-1.874720573425293,0.9421435594558716
1773048758,981055733,world,cf231,-2.644761323928833,-1.8696004152297974,0.9566975831985474
1773048758,981055733,world,cf231_leg,-2.6459336280822754,-1.874674916267395,0.9421581029891968
1773048758,986135925,world,cf231,-2.644967794418335,-1.869676113128662,0.9567362070083618
1773048758,986135925,world,cf231_leg,-2.6458864212036133,-1.8746699094772339,0.9420806169509888
1773048758,990952007,world,cf231,-2.644991636276245,-1.8697408437728882,0.9567068815231323
1773048758,990952007,world,cf231_leg,-2.6459903717041016,-1.8747258186340332,0.9421461820602417
1773048758,995819354,world,cf231,-2.6451010704040527,-1.8697561025619507,0.9567738771438599
1773048758,995819354,world,cf231_leg,-2.64601469039917,-1.8747445344924927,0.9421151876449585
1773048759,674364,world,cf231,-2.6452176570892334,-1.8698856830596924,0.9567822217941284
1773048759,674364,world,cf231_leg,-2.646054744720459,-1.874801754951477,0.9420948028564453
1773048759,5903059,world,cf231,-2.6453135013580322,-1.8699504137039185,0.9567939043045044
1773048759,5903059,world,cf231_leg,-2.6461181640625,-1.8747634887695312,0.9420312643051147
1773048759,10940632,world,cf231,-2.6454176902770996,-1.869970440864563,0.9567304849624634
1773048759,10940632,world,cf231_leg,-2.6461715698242188,-1.8748832941055298,0.9420748949050903
1773048759,16081249,world,cf231,-2.64560866355896,-1.870055079460144,0.9567579030990601
1773048759,16081249,world,cf231_leg,-2.646235704421997,-1.8748823404312134,0.9421597719192505
1773048759,20908601,world,cf231,-2.645700693130493,-1.8701190948486328,0.9567974805831909
1773048759,20908601,world,cf231_leg,-2.646193742752075,-1.8748325109481812,0.9420346021652222
1773048759,25783440,world,cf231,-2.645688533782959,-1.870125412940979,0.9567416906356812
1773048759,25783440,world,cf231_leg,-2.646336793899536,-1.874901294708252,0.9420980215072632
1773048759,30857186,world,cf231,-2.645766496658325,-1.8700814247131348,0.9567312002182007
1773048759,30857186,world,cf231_leg,-2.646338701248169,-1.8749009370803833,0.9420768022537231
1773048759,35943399,world,cf231,-2.6459572315216064,-1.8701658248901367,0.9567592144012451
1773048759,35943399,world,cf231_leg,-2.6465201377868652,-1.8750272989273071,0.9421412944793701
1773048759,40593680,world,cf231,-2.6461100578308105,-1.8702377080917358,0.9567792415618896
1773048759,40593680,world,cf231_leg,-2.6465280055999756,-1.8749828338623047,0.9420706033706665
1773048759,45904226,world,cf231,-2.6462090015411377,-1.8702582120895386,0.9567670822143555
1773048759,45904226,world,cf231_leg,-2.6466481685638428,-1.8751016855239868,0.9421768188476562
1773048759,51003896,world,cf231,-2.646265983581543,-1.8702648878097534,0.9567767381668091
1773048759,51003896,world,cf231_leg,-2.64667010307312,-1.875050663948059,0.9421372413635254
1773048759,55754573,world,cf231,-2.6464006900787354,-1.8703432083129883,0.9567925930023193
1773048759,55754573,world,cf231_leg,-2.6466948986053467,-1.875000238418579,0.9420735836029053
1773048759,60691654,world,cf231,-2.6465330123901367,-1.8703839778900146,0.9566752910614014
1773048759,60691654,world,cf231_leg,-2.6467251777648926,-1.8750567436218262,0.9421447515487671
1773048759,65778341,world,cf231,-2.6466872692108154,-1.8703770637512207,0.9568148851394653
1773048759,65778341,world,cf231_leg,-2.6468353271484375,-1.8750687837600708,0.9421601295471191
1773048759,70792391,world,cf231,-2.646895170211792,-1.8704543113708496,0.9568487405776978
1773048759,70792391,world,cf231_leg,-2.646879196166992,-1.8750816583633423,0.9421135187149048
1773048759,75803032,world,cf231,-2.6469523906707764,-1.8705772161483765,0.9568729400634766
1773048759,75803032,world,cf231_leg,-2.6469507217407227,-1.8750814199447632,0.9421291351318359
1773048759,82630898,world,cf231,-2.6471283435821533,-1.8705974817276,0.9568496942520142
1773048759,82630898,world,cf231_leg,-2.6469852924346924,-1.8751375675201416,0.9421565532684326
1773048759,85940599,world,cf231,-2.6472408771514893,-1.8706101179122925,0.9568716287612915
1773048759,85940599,world,cf231_leg,-2.6470937728881836,-1.8751500844955444,0.942192554473877
1773048759,90754184,world,cf231,-2.6474015712738037,-1.8706746101379395,0.956977367401123
1773048759,90754184,world,cf231_leg,-2.6470656394958496,-1.8750934600830078,0.9420996904373169
1773048759,95699801,world,cf231,-2.6475026607513428,-1.8705782890319824,0.9569257497787476
1773048759,95699801,world,cf231_leg,-2.647217273712158,-1.8751550912857056,0.9422409534454346
1773048759,100719528,world,cf231,-2.64764666557312,-1.8706923723220825,0.9570014476776123
1773048759,100719528,world,cf231_leg,-2.6471874713897705,-1.8750988245010376,0.9421689510345459
1773048759,105803394,world,cf231,-2.6477341651916504,-1.8706037998199463,0.9569162130355835
1773048759,105803394,world,cf231_leg,-2.6472952365875244,-1.8751111030578613,0.9422061443328857
1773048759,110626670,world,cf231,-2.6479508876800537,-1.87067449092865,0.9570330381393433
1773048759,110626670,world,cf231_leg,-2.647327423095703,-1.8751670122146606,0.9422568082809448
1773048759,115908039,world,cf231,-2.648087739944458,-1.870635986328125,0.9570097923278809
1773048759,115908039,world,cf231_leg,-2.647486925125122,-1.8752294778823853,0.9423282146453857
1773048759,120952518,world,cf231,-2.6483781337738037,-1.8708220720291138,0.9571579694747925
1773048759,120952518,world,cf231_leg,-2.6475398540496826,-1.8752357959747314,0.9423574209213257
1773048759,125920762,world,cf231,-2.6484181880950928,-1.870720624923706,0.9571448564529419
1773048759,125920762,world,cf231_leg,-2.647594928741455,-1.8752416372299194,0.9423655271530151
1773048759,130902394,world,cf231,-2.6485719680786133,-1.870790719985962,0.9571431875228882
1773048759,130902394,world,cf231_leg,-2.647623062133789,-1.8752285242080688,0.9424279928207397
1773048759,135673479,world,cf231,-2.6486828327178955,-1.870688796043396,0.957172155380249
1773048759,135673479,world,cf231_leg,-2.6476476192474365,-1.8751778602600098,0.9423650503158569
1773048759,140711513,world,cf231,-2.648845672607422,-1.8707526922225952,0.9572532176971436
1773048759,140711513,world,cf231_leg,-2.647662878036499,-1.8751270771026611,0.9423919916152954
1773048759,145835031,world,cf231,-2.649125337600708,-1.8708299398422241,0.9573272466659546
1773048759,145835031,world,cf231_leg,-2.6477673053741455,-1.8751834630966187,0.9424557685852051
1773048759,150848662,world,cf231,-2.649238348007202,-1.8707274198532104,0.9573318958282471
1773048759,150848662,world,cf231_leg,-2.647843837738037,-1.8751071691513062,0.9425607919692993
1773048759,155769395,world,cf231,-2.6494154930114746,-1.8707841634750366,0.9574450254440308
1773048759,155769395,world,cf231_leg,-2.647930145263672,-1.8752013444900513,0.9425015449523926
1773048759,160768427,world,cf231,-2.64945125579834,-1.870726227760315,0.9574576616287231
1773048759,160768427,world,cf231_leg,-2.6480395793914795,-1.8751119375228882,0.9426242113113403
1773048759,166009223,world,cf231,-2.6497302055358887,-1.8708033561706543,0.9575322866439819
1773048759,166009223,world,cf231_leg,-2.6480603218078613,-1.875098466873169,0.9427545070648193
1773048759,170654764,world,cf231,-2.6497585773468018,-1.8707467317581177,0.9576199054718018
1773048759,170654764,world,cf231_leg,-2.6481804847717285,-1.8752176761627197,0.942859411239624
1773048759,175843708,world,cf231,-2.649959087371826,-1.8706715106964111,0.9575545787811279
1773048759,175843708,world,cf231_leg,-2.648214817047119,-1.8750908374786377,0.9428415298461914
1773048759,181469855,world,cf231,-2.6500015258789062,-1.8706499338150024,0.9576516151428223
1773048759,181469855,world,cf231_leg,-2.648247718811035,-1.8751477003097534,0.9428889751434326
1773048759,186131940,world,cf231,-2.650179386138916,-1.8707075119018555,0.9577622413635254
1773048759,186131940,world,cf231_leg,-2.648249387741089,-1.8750344514846802,0.9428519010543823
1773048759,190796970,world,cf231,-2.6503989696502686,-1.87077796459198,0.9578529596328735
1773048759,190796970,world,cf231_leg,-2.6483399868011475,-1.8751338720321655,0.9430352449417114
1773048759,195873983,world,cf231,-2.6504576206207275,-1.8706258535385132,0.9578465223312378
1773048759,195873983,world,cf231_leg,-2.64833402633667,-1.8750649690628052,0.9430694580078125
1773048759,200732113,world,cf231,-2.65067982673645,-1.8706965446472168,0.9579106569290161
1773048759,200732113,world,cf231_leg,-2.6483869552612305,-1.8750014305114746,0.9430679082870483
1773048759,205706987,world,cf231,-2.6507155895233154,-1.8705226182937622,0.9579086303710938
1773048759,205706987,world,cf231_leg,-2.648452043533325,-1.8749994039535522,0.9431339502334595
1773048759,210773946,world,cf231,-2.650813579559326,-1.870509147644043,0.9580374956130981
1773048759,210773946,world,cf231_leg,-2.6484382152557373,-1.8748929500579834,0.9430868625640869
1773048759,215852890,world,cf231,-2.6508371829986572,-1.8704577684402466,0.9579933881759644
1773048759,215852890,world,cf231_leg,-2.648505926132202,-1.8750429153442383,0.9433110952377319
1773048759,220797404,world,cf231,-2.650888204574585,-1.8703490495681763,0.9580396413803101
1773048759,220797404,world,cf231_leg,-2.6485273838043213,-1.8749239444732666,0.9432584047317505
1773048759,225873003,world,cf231,-2.651045560836792,-1.8702592849731445,0.957998514175415
1773048759,225873003,world,cf231_leg,-2.6484813690185547,-1.8748655319213867,0.943326473236084
1773048759,231047856,world,cf231,-2.651365280151367,-1.8704317808151245,0.958208441734314
1773048759,231047856,world,cf231_leg,-2.6485788822174072,-1.874852180480957,0.9434272050857544
1773048759,235971027,world,cf231,-2.6512703895568848,-1.8702515363693237,0.9581806659698486
1773048759,235971027,world,cf231_leg,-2.6484851837158203,-1.8748338222503662,0.9434200525283813
1773048759,240932138,world,cf231,-2.651240587234497,-1.8702315092086792,0.958258867263794
1773048759,240932138,world,cf231_leg,-2.6485745906829834,-1.8747828006744385,0.9434400796890259
1773048759,245846803,world,cf231,-2.651294231414795,-1.8701225519180298,0.9582793712615967
1773048759,245846803,world,cf231_leg,-2.648611068725586,-1.8747621774673462,0.9435811042785645
1773048759,250914562,world,cf231,-2.6514804363250732,-1.8701345920562744,0.9583171606063843
1773048759,250914562,world,cf231_leg,-2.6485536098480225,-1.874756097793579,0.9435958862304688
1773048759,255909613,world,cf231,-2.6516358852386475,-1.8700577020645142,0.9586929082870483
1773048759,255909613,world,cf231_leg,-2.648552656173706,-1.8746421337127686,0.9435832500457764
1773048759,260814504,world,cf231,-2.6517281532287598,-1.8700065612792969,0.9587154388427734
1773048759,260814504,world,cf231_leg,-2.6485605239868164,-1.8746795654296875,0.9436646699905396
1773048759,265749377,world,cf231,-2.6516306400299072,-1.8698686361312866,0.9586911201477051
1773048759,265749377,world,cf231_leg,-2.6486427783966064,-1.8746715784072876,0.9437370300292969
1773048759,270787644,world,cf231,-2.6516754627227783,-1.8698045015335083,0.9587860107421875
1773048759,270787644,world,cf231_leg,-2.6485068798065186,-1.8744832277297974,0.9437564611434937
1773048759,275816526,world,cf231,-2.651686429977417,-1.869796872138977,0.9588454961776733
1773048759,275816526,world,cf231_leg,-2.648607015609741,-1.8745402097702026,0.9438629150390625
1773048759,281078716,world,cf231,-2.6518077850341797,-1.8697317838668823,0.9589312076568604
1773048759,281078716,world,cf231_leg,-2.6485490798950195,-1.874463677406311,0.9438496828079224
1773048759,285971612,world,cf231,-2.6518776416778564,-1.869733452796936,0.9589939117431641
1773048759,285971612,world,cf231_leg,-2.6485581398010254,-1.8744566440582275,0.9439266920089722
1773048759,291193589,world,cf231,-2.6517515182495117,-1.8696094751358032,0.9589059352874756
1773048759,291193589,world,cf231_leg,-2.6485252380371094,-1.8743934631347656,0.9440433979034424
1773048759,295748761,world,cf231,-2.6516311168670654,-1.869526982307434,0.9589400291442871
1773048759,295748761,world,cf231_leg,-2.6484858989715576,-1.8743799924850464,0.9440470933914185
1773048759,300804875,world,cf231,-2.6516077518463135,-1.869459867477417,0.9589502811431885
1773048759,300804875,world,cf231_leg,-2.6484885215759277,-1.874416708946228,0.9441750049591064
1773048759,305950096,world,cf231,-2.651686906814575,-1.8695710897445679,0.959109902381897
1773048759,305950096,world,cf231_leg,-2.6483922004699707,-1.8742395639419556,0.9441744089126587
1773048759,310921282,world,cf231,-2.651590585708618,-1.8694342374801636,0.9590823650360107
1773048759,310921282,world,cf231_leg,-2.648386001586914,-1.8742834329605103,0.9442250728607178
1773048759,315901518,world,cf231,-2.6515109539031982,-1.8693639039993286,0.9590990543365479
1773048759,315901518,world,cf231_leg,-2.648340940475464,-1.87415611743927,0.9442604780197144
1773048759,321007101,world,cf231,-2.65146803855896,-1.869349479675293,0.9591230154037476
1773048759,321007101,world,cf231_leg,-2.6482605934143066,-1.8740873336791992,0.9443007707595825
1773048759,326048190,world,cf231,-2.651353359222412,-1.8692216873168945,0.9591103792190552
1773048759,326048190,world,cf231_leg,-2.6482503414154053,-1.8741319179534912,0.944393515586853
1773048759,330709561,world,cf231,-2.651334285736084,-1.8691942691802979,0.9592475891113281
1773048759,330709561,world,cf231_leg,-2.6482043266296387,-1.874003529548645,0.9444323778152466
1773048759,335790033,world,cf231,-2.6512606143951416,-1.8690787553787231,0.9592165946960449
1773048759,335790033,world,cf231_leg,-2.6482086181640625,-1.87404203414917,0.9445544481277466
1773048759,340919926,world,cf231,-2.6512129306793213,-1.8691105842590332,0.9592851400375366
1773048759,340919926,world,cf231_leg,-2.6481409072875977,-1.873928427696228,0.9444811344146729
1773048759,345873253,world,cf231,-2.651047706604004,-1.8689310550689697,0.9592145681381226
1773048759,345873253,world,cf231_leg,-2.648017644882202,-1.8738452196121216,0.9445509910583496
1773048759,350869517,world,cf231,-2.6508398056030273,-1.868737816810608,0.9591661691665649
1773048759,350869517,world,cf231_leg,-2.647958993911743,-1.873840093612671,0.9445853233337402
1773048759,356105865,world,cf231,-2.6507723331451416,-1.868776798248291,0.959254264831543
1773048759,356105865,world,cf231_leg,-2.6478447914123535,-1.873713493347168,0.9445810317993164
1773048759,360901205,world,cf231,-2.650625228881836,-1.8687008619308472,0.9593627452850342
1773048759,360901205,world,cf231_leg,-2.6478068828582764,-1.8737690448760986,0.9445955753326416
1773048759,365830803,world,cf231,-2.650502920150757,-1.8686161041259766,0.9594032764434814
1773048759,365830803,world,cf231_leg,-2.6477179527282715,-1.8736917972564697,0.944873571395874
1773048759,370759719,world,cf231,-2.650400400161743,-1.8685529232025146,0.959465742111206
1773048759,370759719,world,cf231_leg,-2.647704839706421,-1.8736361265182495,0.9446443319320679
1773048759,375843807,world,cf231,-2.65036940574646,-1.8685319423675537,0.9595464468002319
1773048759,375843807,world,cf231_leg,-2.6476948261260986,-1.873680830001831,0.944736123085022
1773048759,380836751,world,cf231,-2.650099515914917,-1.8684483766555786,0.9595541954040527
1773048759,380836751,world,cf231_leg,-2.6475532054901123,-1.8737106323242188,0.9449996948242188
1773048759,386151271,world,cf231,-2.650068759918213,-1.8684278726577759,0.9596339464187622
1773048759,386151271,world,cf231_leg,-2.6475157737731934,-1.8736538887023926,0.9449959993362427
1773048759,390805122,world,cf231,-2.6499390602111816,-1.8683061599731445,0.9595917463302612
1773048759,390805122,world,cf231_leg,-2.6473705768585205,-1.8734090328216553,0.9447438716888428
1773048759,395855998,world,cf231,-2.649787425994873,-1.8681573867797852,0.9597117900848389
1773048759,395855998,world,cf231_leg,-2.647305488586426,-1.8735085725784302,0.945008397102356
1773048759,401557012,world,cf231,-2.6495277881622314,-1.868072509765625,0.9596184492111206
1773048759,401557012,world,cf231_leg,-2.647181749343872,-1.873503565788269,0.944960355758667
1773048759,405735464,world,cf231,-2.649359703063965,-1.8679313659667969,0.9597309827804565
1773048759,405735464,world,cf231_leg,-2.6470441818237305,-1.873313307762146,0.9449846744537354
1773048759,411166571,world,cf231,-2.6492106914520264,-1.8679759502410889,0.9596982002258301
1773048759,411166571,world,cf231_leg,-2.647024154663086,-1.8733640909194946,0.9450027942657471
1773048759,415748918,world,cf231,-2.649090051651001,-1.8678480386734009,0.9597377777099609
1773048759,415748918,world,cf231_leg,-2.646914482116699,-1.8731939792633057,0.9449695348739624
1773048759,420881291,world,cf231,-2.6489531993865967,-1.8677703142166138,0.9597464799880981
1773048759,420881291,world,cf231_leg,-2.646855115890503,-1.873313307762146,0.9451426267623901
1773048759,425947369,world,cf231,-2.6487598419189453,-1.8677242994308472,0.9599020481109619
1773048759,425947369,world,cf231_leg,-2.646829843521118,-1.8731352090835571,0.9451601505279541
1773048759,431102588,world,cf231,-2.648608446121216,-1.8676536083221436,0.95987868309021
1773048759,431102588,world,cf231_leg,-2.646554708480835,-1.8731051683425903,0.9451214075088501
1773048759,436473271,world,cf231,-2.6484215259552,-1.8676408529281616,0.9598419666290283
1773048759,436473271,world,cf231_leg,-2.6466174125671387,-1.8731485605239868,0.9452105760574341
1773048759,440897668,world,cf231,-2.64827299118042,-1.8674921989440918,0.9599356651306152
1773048759,440897668,world,cf231_leg,-2.646432399749756,-1.8730229139328003,0.9451884031295776
1773048759,445919895,world,cf231,-2.6480624675750732,-1.8674150705337524,0.9599274396896362
1773048759,445919895,world,cf231_leg,-2.646352767944336,-1.8729978799819946,0.9452128410339355
1773048759,450892414,world,cf231,-2.647871255874634,-1.8673300743103027,0.9599013328552246
1773048759,450892414,world,cf231_leg,-2.646279811859131,-1.872883915901184,0.9451851844787598
1773048759,455871286,world,cf231,-2.6476540565490723,-1.8672971725463867,0.9599436521530151
1773048759,455871286,world,cf231_leg,-2.6461219787597656,-1.8728595972061157,0.945258617401123
1773048759,460939654,world,cf231,-2.6473681926727295,-1.8671479225158691,0.9599039554595947
1773048759,460939654,world,cf231_leg,-2.646082878112793,-1.8728469610214233,0.945260763168335
1773048759,465813851,world,cf231,-2.6472878456115723,-1.8670768737792969,0.959922194480896
1773048759,465813851,world,cf231_leg,-2.6459131240844727,-1.8727134466171265,0.9452511072158813
1773048759,470632765,world,cf231,-2.6471481323242188,-1.8669995069503784,0.9599559307098389
1773048759,470632765,world,cf231_leg,-2.6459250450134277,-1.8728224039077759,0.9453349113464355
1773048759,476406321,world,cf231,-2.6468865871429443,-1.8669154644012451,0.9598863124847412
1773048759,476406321,world,cf231_leg,-2.6457607746124268,-1.8726900815963745,0.9452778100967407
1773048759,481161511,world,cf231,-2.646713972091675,-1.8668955564498901,0.9598821401596069
1773048759,481161511,world,cf231_leg,-2.645724058151245,-1.8727468252182007,0.9452883005142212
1773048759,486101751,world,cf231,-2.6464784145355225,-1.866797924041748,0.9599006175994873
1773048759,486101751,world,cf231_leg,-2.645590305328369,-1.8726712465286255,0.9453012943267822
1773048759,491158553,world,cf231,-2.6463682651519775,-1.8667067289352417,0.9599971771240234
1773048759,491158553,world,cf231_leg,-2.6453754901885986,-1.8724894523620605,0.9452062845230103
1773048759,495720692,world,cf231,-2.646120071411133,-1.8666149377822876,0.9599614143371582
1773048759,495720692,world,cf231_leg,-2.645425796508789,-1.8726539611816406,0.9452760219573975
1773048759,500966464,world,cf231,-2.6460564136505127,-1.8665361404418945,0.9599875211715698
1773048759,500966464,world,cf231_leg,-2.6452572345733643,-1.8724067211151123,0.9452304840087891
1773048759,505791876,world,cf231,-2.645928144454956,-1.8664517402648926,0.9600793123245239
1773048759,505791876,world,cf231_leg,-2.645250082015991,-1.8725651502609253,0.9453140497207642
1773048759,511044493,world,cf231,-2.6456658840179443,-1.866366982460022,0.96001136302948
1773048759,511044493,world,cf231_leg,-2.6451334953308105,-1.8724380731582642,0.9453334808349609
1773048759,515779610,world,cf231,-2.6454648971557617,-1.866326093673706,0.9600616693496704
1773048759,515779610,world,cf231_leg,-2.644930601119995,-1.872406244277954,0.9452930688858032
1773048759,520823789,world,cf231,-2.6452407836914062,-1.8662896156311035,0.9598802328109741
1773048759,520823789,world,cf231_leg,-2.6450307369232178,-1.8724631071090698,0.945400595664978
1773048759,525924510,world,cf231,-2.645099401473999,-1.866255521774292,0.9599144458770752
1773048759,525924510,world,cf231_leg,-2.644862174987793,-1.872331142425537,0.9453861713409424
1773048759,530815365,world,cf231,-2.644907236099243,-1.866243600845337,0.9599275588989258
1773048759,530815365,world,cf231_leg,-2.6447372436523438,-1.8723249435424805,0.9453418254852295
1773048759,535901205,world,cf231,-2.6446895599365234,-1.8662102222442627,0.9599710702896118
1773048759,535901205,world,cf231_leg,-2.644658088684082,-1.8722549676895142,0.9453635215759277
1773048759,540758763,world,cf231,-2.6444642543792725,-1.8661822080612183,0.9599082469940186
1773048759,540758763,world,cf231_leg,-2.644536018371582,-1.8722491264343262,0.9452955722808838
1773048759,546725037,world,cf231,-2.644378662109375,-1.8661208152770996,0.9600943326950073
1773048759,546725037,world,cf231_leg,-2.6444947719573975,-1.872236728668213,0.9453190565109253
1773048759,550782361,world,cf231,-2.6442902088165283,-1.8660598993301392,0.9603053331375122
1773048759,550782361,world,cf231_leg,-2.644463062286377,-1.8722172975540161,0.945419192314148
1773048759,555684576,world,cf231,-2.6438918113708496,-1.8659640550613403,0.9599648714065552
1773048759,555684576,world,cf231_leg,-2.6443793773651123,-1.8722237348556519,0.9453505277633667
1773048759,561586119,world,cf231,-2.6438918113708496,-1.866127610206604,0.96025550365448
1773048759,561586119,world,cf231_leg,-2.6443164348602295,-1.8721472024917603,0.945381760597229
1773048759,565867971,world,cf231,-2.6435816287994385,-1.8659940958023071,0.960120439529419
1773048759,565867971,world,cf231_leg,-2.6442041397094727,-1.8721352815628052,0.9453880786895752
1773048759,570803685,world,cf231,-2.6433181762695312,-1.8659825325012207,0.9600915908813477
1773048759,570803685,world,cf231_leg,-2.6441075801849365,-1.8721164464950562,0.9454046487808228
1773048759,575798779,world,cf231,-2.6433610916137695,-1.8660773038864136,0.960204005241394
1773048759,575798779,world,cf231_leg,-2.6440937519073486,-1.872123122215271,0.9453729391098022
1773048759,580824960,world,cf231,-2.6431639194488525,-1.8660660982131958,0.9602674245834351
1773048759,580824960,world,cf231_leg,-2.6440107822418213,-1.872097134590149,0.9454227685928345
1773048759,586934625,world,cf231,-2.642981767654419,-1.8659749031066895,0.9603230953216553
1773048759,586934625,world,cf231_leg,-2.6438822746276855,-1.871976613998413,0.9453880786895752
1773048759,608560960,world,cf231,-2.6428020000457764,-1.8660346269607544,0.9602489471435547
1773048759,608560960,world,cf231_leg,-2.6438753604888916,-1.872022271156311,0.9454551935195923
1773048759,608963979,world,cf231,-2.642709732055664,-1.8660900592803955,0.9600456953048706
1773048759,608963979,world,cf231_leg,-2.6438405513763428,-1.8720788955688477,0.9454447031021118
1773048759,609256544,world,cf231,-2.6425907611846924,-1.866034984588623,0.9600986242294312
1773048759,609256544,world,cf231_leg,-2.643782377243042,-1.8719589710235596,0.9454455375671387
1773048759,609488141,world,cf231,-2.6424922943115234,-1.8660857677459717,0.9601293802261353
1773048759,609488141,world,cf231_leg,-2.6436588764190674,-1.8720670938491821,0.9454128742218018
1773048759,614564620,world,cf231,-2.642423152923584,-1.8661234378814697,0.9602221250534058
1773048759,614564620,world,cf231_leg,-2.6436140537261963,-1.8719402551651,0.9454464912414551
1773048759,616331814,world,cf231,-2.6422951221466064,-1.8661171197891235,0.9601702690124512
1773048759,616331814,world,cf231_leg,-2.6435160636901855,-1.87199866771698,0.9453483819961548
1773048759,620846541,world,cf231,-2.642122507095337,-1.8660975694656372,0.9601649045944214
1773048759,620846541,world,cf231_leg,-2.643526792526245,-1.8719910383224487,0.9454050064086914
1773048759,625922632,world,cf231,-2.642101287841797,-1.8661487102508545,0.9601837396621704
1773048759,625922632,world,cf231_leg,-2.6435036659240723,-1.8719279766082764,0.9454317092895508
1773048759,630845968,world,cf231,-2.641968250274658,-1.8661431074142456,0.9601820707321167
1773048759,630845968,world,cf231_leg,-2.6434502601623535,-1.8719215393066406,0.9454034566879272
1773048759,635942833,world,cf231,-2.6419472694396973,-1.866194248199463,0.9602006673812866
1773048759,635942833,world,cf231_leg,-2.6434214115142822,-1.8719028234481812,0.9454792737960815
1773048759,644475196,world,cf231,-2.64184308052063,-1.866252064704895,0.9601210355758667
1773048759,644475196,world,cf231_leg,-2.643367052078247,-1.8718520402908325,0.9454679489135742
1773048759,645910711,world,cf231,-2.6417043209075928,-1.866324543952942,0.9600282907485962
1773048759,645910711,world,cf231_leg,-2.643385887145996,-1.8719587326049805,0.9454702138900757
1773048759,650978335,world,cf231,-2.6416120529174805,-1.8663760423660278,0.9600048065185547
1773048759,650978335,world,cf231_leg,-2.643320083618164,-1.8719168901443481,0.945420503616333
1773048759,655791624,world,cf231,-2.6414670944213867,-1.8663771152496338,0.9599462747573853
1773048759,655791624,world,cf231_leg,-2.6433119773864746,-1.8718458414077759,0.9454605579376221
1773048759,660813739,world,cf231,-2.641467332839966,-1.8663771152496338,0.9599460363388062
1773048759,660813739,world,cf231_leg,-2.643198013305664,-1.8719112873077393,0.9453518390655518
1773048759,666141650,world,cf231,-2.6413888931274414,-1.866421103477478,0.9599560499191284
1773048759,666141650,world,cf231_leg,-2.643242120742798,-1.8718481063842773,0.9454385042190552
1773048759,670946132,world,cf231,-2.641296625137329,-1.866472601890564,0.9599326848983765
1773048759,670946132,world,cf231_leg,-2.6431875228881836,-1.871840238571167,0.9454144239425659
1773048759,676490932,world,cf231,-2.6412997245788574,-1.8665887117385864,0.9599220752716064
1773048759,676490932,world,cf231_leg,-2.6431684494018555,-1.8717765808105469,0.945398211479187
1773048759,680835491,world,cf231,-2.641263961791992,-1.866646647453308,0.9599096775054932
1773048759,680835491,world,cf231_leg,-2.643052339553833,-1.8717294931411743,0.9452940225601196
1773048759,686011223,world,cf231,-2.6413350105285645,-1.8666462898254395,0.959951639175415
1773048759,686011223,world,cf231_leg,-2.6430981159210205,-1.8717782497406006,0.9453777074813843
1773048759,694230268,world,cf231,-2.6412689685821533,-1.8667618036270142,0.9598747491836548
1773048759,694230268,world,cf231_leg,-2.6431188583374023,-1.871728539466858,0.9453567266464233
1773048759,695975910,world,cf231,-2.6412997245788574,-1.866782546043396,0.9597947597503662
1773048759,695975910,world,cf231_leg,-2.643096446990967,-1.871779203414917,0.9453974962234497
1773048759,700776933,world,cf231,-2.6412246227264404,-1.8668266534805298,0.9597785472869873
1773048759,700776933,world,cf231_leg,-2.6430444717407227,-1.8716585636138916,0.9453339576721191
1773048759,705863213,world,cf231,-2.6412339210510254,-1.8669363260269165,0.959876537322998
1773048759,705863213,world,cf231_leg,-2.643063545227051,-1.8717223405838013,0.9453490972518921
1773048759,710721145,world,cf231,-2.6412808895111084,-1.8669489622116089,0.9598051309585571
1773048759,710721145,world,cf231_leg,-2.6431546211242676,-1.87178373336792,0.9453651905059814
1773048759,715742209,world,cf231,-2.6414096355438232,-1.8670718669891357,0.9598710536956787
1773048759,715742209,world,cf231_leg,-2.643152952194214,-1.871671199798584,0.9453697204589844
1773048759,720760669,world,cf231,-2.6412718296051025,-1.867071270942688,0.9597383737564087
1773048759,720760669,world,cf231_leg,-2.6432292461395264,-1.87178373336792,0.9453580379486084
1773048759,725919380,world,cf231,-2.64139723777771,-1.8670779466629028,0.959815263748169
1773048759,725919380,world,cf231_leg,-2.6431100368499756,-1.8715771436691284,0.9452618360519409
1773048759,731128414,world,cf231,-2.641390085220337,-1.8671995401382446,0.9597245454788208
1773048759,731128414,world,cf231_leg,-2.6431407928466797,-1.8715643882751465,0.9453011751174927
1773048759,736496670,world,cf231,-2.6413776874542236,-1.8671634197235107,0.9596911668777466
1773048759,736496670,world,cf231_leg,-2.643179416656494,-1.8715769052505493,0.9453002214431763
1773048759,740821973,world,cf231,-2.641453504562378,-1.8672780990600586,0.9596993923187256
1773048759,740821973,world,cf231_leg,-2.643249034881592,-1.8715767860412598,0.9453380107879639
1773048759,745710854,world,cf231,-2.641589403152466,-1.8673994541168213,0.9596912860870361
1773048759,745710854,world,cf231_leg,-2.6432745456695557,-1.871526837348938,0.94527268409729
1773048759,750997139,world,cf231,-2.6416656970977783,-1.867476224899292,0.9595401287078857
1773048759,750997139,world,cf231_leg,-2.643303394317627,-1.8714690208435059,0.9453321695327759
1773048759,756913303,world,cf231,-2.641629457473755,-1.867417573928833,0.9595136642456055
1773048759,756913303,world,cf231_leg,-2.6433258056640625,-1.8714184761047363,0.9452911615371704
1773048759,760813760,world,cf231,-2.6417222023010254,-1.8674404621124268,0.9595731496810913
1773048759,760813760,world,cf231_leg,-2.643418788909912,-1.8714816570281982,0.9453012943267822
1773048759,765837639,world,cf231,-2.6418049335479736,-1.8675529956817627,0.9595086574554443
1773048759,765837639,world,cf231_leg,-2.643409490585327,-1.8713300228118896,0.9452072381973267
1773048759,770786853,world,cf231,-2.641907215118408,-1.8675737380981445,0.959469199180603
1773048759,770786853,world,cf231_leg,-2.6434593200683594,-1.8713806867599487,0.945263147354126
1773048759,775825110,world,cf231,-2.6420178413391113,-1.8675872087478638,0.9595152139663696
1773048759,775825110,world,cf231_leg,-2.6435136795043945,-1.8712728023529053,0.9452576637268066
1773048759,780824737,world,cf231,-2.6420154571533203,-1.867587685585022,0.9595397710800171
1773048759,780824737,world,cf231_leg,-2.643521308898926,-1.8712282180786133,0.9451868534088135
1773048759,786030522,world,cf231,-2.642155647277832,-1.8675497770309448,0.9594887495040894
1773048759,786030522,world,cf231_leg,-2.643632650375366,-1.8712413311004639,0.9451993703842163
1773048759,790658447,world,cf231,-2.642253875732422,-1.8674983978271484,0.9594595432281494
1773048759,790658447,world,cf231_leg,-2.643651247024536,-1.871075987815857,0.9451696872711182
1773048759,795651438,world,cf231,-2.6422972679138184,-1.8675843477249146,0.9594537019729614
1773048759,795651438,world,cf231_leg,-2.6437973976135254,-1.8712587356567383,0.9452247619628906
1773048759,800741814,world,cf231,-2.642502784729004,-1.8675907850265503,0.9594937562942505
1773048759,800741814,world,cf231_leg,-2.6437878608703613,-1.8710390329360962,0.9451171159744263
1773048759,805876071,world,cf231,-2.6425833702087402,-1.8675458431243896,0.9594599008560181
1773048759,805876071,world,cf231_leg,-2.6438639163970947,-1.8711084127426147,0.9451198577880859
1773048759,810763517,world,cf231,-2.642756938934326,-1.8675665855407715,0.9594621658325195
1773048759,810763517,world,cf231_leg,-2.643946647644043,-1.8709059953689575,0.9450230598449707
1773048759,815767074,world,cf231,-2.642866849899292,-1.8674635887145996,0.9594932794570923
1773048759,815767074,world,cf231_leg,-2.64396333694458,-1.8708997964859009,0.9450312852859497
1773048759,820843109,world,cf231,-2.642993688583374,-1.8674335479736328,0.9594084024429321
1773048759,820843109,world,cf231_leg,-2.6441125869750977,-1.870924472808838,0.9450453519821167
1773048759,825855705,world,cf231,-2.643035411834717,-1.8673310279846191,0.9593714475631714
1773048759,825855705,world,cf231_leg,-2.6441659927368164,-1.8707027435302734,0.9450262784957886
1773048759,830843256,world,cf231,-2.6431703567504883,-1.867409586906433,0.9593871831893921
1773048759,830843256,world,cf231_leg,-2.644237995147705,-1.870702862739563,0.9450410604476929
1773048759,835862414,world,cf231,-2.64327335357666,-1.8673123121261597,0.9593119621276855
1773048759,835862414,world,cf231_leg,-2.6442809104919434,-1.8706018924713135,0.9449808597564697
1773048759,841239945,world,cf231,-2.6433746814727783,-1.8672161102294922,0.9592599868774414
1773048759,841239945,world,cf231_leg,-2.6443214416503906,-1.870500922203064,0.944942831993103
1773048759,845652731,world,cf231,-2.6435413360595703,-1.867119550704956,0.959302544593811
1773048759,845652731,world,cf231_leg,-2.644481897354126,-1.8704488277435303,0.944981575012207
1773048759,850897432,world,cf231,-2.6437907218933105,-1.8670226335525513,0.9592820405960083
1773048759,850897432,world,cf231_leg,-2.6445164680480957,-1.8703465461730957,0.944992184638977
1773048759,855841334,world,cf231,-2.6440751552581787,-1.8670122623443604,0.9593328237533569
1773048759,855841334,world,cf231_leg,-2.6446685791015625,-1.8703022003173828,0.9449516534805298
1773048759,860619621,world,cf231,-2.644075393676758,-1.866896629333496,0.9593164920806885
1773048759,860619621,world,cf231_leg,-2.6446688175201416,-1.870144009590149,0.9449334144592285
1773048759,865642652,world,cf231,-2.6442716121673584,-1.8668644428253174,0.9592781066894531
1773048759,865642652,world,cf231_leg,-2.644733428955078,-1.8699915409088135,0.9448353052139282
1773048759,870759174,world,cf231,-2.6444969177246094,-1.8668185472488403,0.9593032598495483
1773048759,870759174,world,cf231_leg,-2.644786834716797,-1.8698828220367432,0.9448325634002686
1773048759,875877912,world,cf231,-2.644745111465454,-1.8668327331542969,0.9594813585281372
1773048759,875877912,world,cf231_leg,-2.644991874694824,-1.8698810338974,0.9449728727340698
1773048759,881001032,world,cf231,-2.6450395584106445,-1.8667494058609009,0.9594135284423828
1773048759,881001032,world,cf231_leg,-2.645153760910034,-1.8697152137756348,0.9449760913848877
1773048759,885875208,world,cf231,-2.6450791358947754,-1.866647481918335,0.9594016075134277
1773048759,885875208,world,cf231_leg,-2.6452817916870117,-1.8696767091751099,0.9449946880340576
1773048759,890977229,world,cf231,-2.645308256149292,-1.8665579557418823,0.9594007730484009
1773048759,890977229,world,cf231_leg,-2.6453323364257812,-1.8694543838500977,0.945000171661377
1773048759,895815675,world,cf231,-2.6455116271972656,-1.8665204048156738,0.9594687223434448
1773048759,895815675,world,cf231_leg,-2.6453981399536133,-1.8693007230758667,0.9448835849761963
1773048759,900741635,world,cf231,-2.6456282138824463,-1.8663021326065063,0.9594308137893677
1773048759,900741635,world,cf231_leg,-2.6455180644989014,-1.869193434715271,0.9449583292007446
1773048759,907172666,world,cf231,-2.6458258628845215,-1.8662267923355103,0.9593920707702637
1773048759,907172666,world,cf231_leg,-2.6455302238464355,-1.868956446647644,0.9449491500854492
1773048759,910902411,world,cf231,-2.646031141281128,-1.866188406944275,0.959436297416687
1773048759,910902411,world,cf231_leg,-2.645667552947998,-1.8689569234848022,0.9450453519821167
1773048759,915783293,world,cf231,-2.6461827754974365,-1.8661435842514038,0.9594436883926392
1773048759,915783293,world,cf231_leg,-2.645786762237549,-1.8688100576400757,0.9449561834335327
1773048759,920931308,world,cf231,-2.6464426517486572,-1.8659965991973877,0.9595068693161011
1773048759,920931308,world,cf231_leg,-2.645989418029785,-1.8688081502914429,0.9451191425323486
1773048759,925872593,world,cf231,-2.646608352661133,-1.8658283948898315,0.9595317840576172
1773048759,925872593,world,cf231_leg,-2.646080493927002,-1.8686435222625732,0.9451034069061279
1773048759,930745091,world,cf231,-2.6469004154205322,-1.8657482862472534,0.9597668647766113
1773048759,930745091,world,cf231_leg,-2.6461329460144043,-1.8685362339019775,0.9451185464859009
1773048759,935810293,world,cf231,-2.6470417976379395,-1.8655505180358887,0.9597021341323853
1773048759,935810293,world,cf231_leg,-2.646348237991333,-1.8683791160583496,0.9451656341552734
1773048759,940748067,world,cf231,-2.647207736968994,-1.8652664422988892,0.9597117900848389
1773048759,940748067,world,cf231_leg,-2.646456480026245,-1.8682761192321777,0.9451719522476196
1773048759,946418728,world,cf231,-2.6473138332366943,-1.86516273021698,0.9595130681991577
1773048759,946418728,world,cf231_leg,-2.6464414596557617,-1.8680554628372192,0.9451121091842651
1773048759,951266092,world,cf231,-2.6475250720977783,-1.8648951053619385,0.9597523212432861
1773048759,951266092,world,cf231_leg,-2.646554470062256,-1.8678783178329468,0.9452239274978638
1773048759,955859417,world,cf231,-2.6478121280670166,-1.8647775650024414,0.9598798751831055
1773048759,955859417,world,cf231_leg,-2.6467392444610596,-1.8677319288253784,0.945216178894043
1773048759,960792979,world,cf231,-2.647904872894287,-1.8644949197769165,0.9598711729049683
1773048759,960792979,world,cf231_leg,-2.646787166595459,-1.8675549030303955,0.9452452659606934
1773048759,965565513,world,cf231,-2.648191452026367,-1.8644124269485474,0.9598796367645264
1773048759,965565513,world,cf231_leg,-2.646867275238037,-1.8673971891403198,0.9451745748519897
1773048759,970844282,world,cf231,-2.6482160091400146,-1.864129900932312,0.9598033428192139
1773048759,970844282,world,cf231_leg,-2.6470212936401367,-1.8672302961349487,0.9452477693557739
1773048759,975801778,world,cf231,-2.648394823074341,-1.863956093788147,0.9598828554153442
1773048759,975801778,world,cf231_leg,-2.647109270095825,-1.8669514656066895,0.9452419281005859
1773048759,980705004,world,cf231,-2.64846134185791,-1.8636869192123413,0.9597854614257812
1773048759,980705004,world,cf231_leg,-2.6471879482269287,-1.8667924404144287,0.9451755285263062
1773048759,985940429,world,cf231,-2.6486899852752686,-1.863563895225525,0.9599261283874512
1773048759,985940429,world,cf231_leg,-2.6472673416137695,-1.8665574789047241,0.9452424049377441
1773048759,992005794,world,cf231,-2.6488747596740723,-1.8634164333343506,0.959976077079773
1773048759,992005794,world,cf231_leg,-2.647305965423584,-1.866341233253479,0.9451956748962402
1773048759,995772993,world,cf231,-2.6489458084106445,-1.8631839752197266,0.9599883556365967
1773048759,995772993,world,cf231_leg,-2.647498369216919,-1.8662322759628296,0.9452694654464722
1773048760,783203,world,cf231,-2.6491165161132812,-1.8629724979400635,0.9599872827529907
1773048760,783203,world,cf231_leg,-2.6475861072540283,-1.8659528493881226,0.9452656507492065
1773048760,5687360,world,cf231,-2.6492345333099365,-1.8627105951309204,0.9599508047103882
1773048760,5687360,world,cf231_leg,-2.647667646408081,-1.8656721115112305,0.9453102350234985
1773048760,10883140,world,cf231,-2.6494691371917725,-1.862542748451233,0.9600430727005005
1773048760,10883140,world,cf231_leg,-2.6477458477020264,-1.8655949831008911,0.9453963041305542
1773048760,16283380,world,cf231,-2.649601697921753,-1.8622738122940063,0.9600386619567871
1773048760,16283380,world,cf231_leg,-2.647881507873535,-1.8653981685638428,0.9453316926956177
1773048760,20977739,world,cf231,-2.6497278213500977,-1.8620492219924927,0.9600841999053955
1773048760,20977739,world,cf231_leg,-2.6479408740997314,-1.8652139902114868,0.9454169273376465
1773048760,25758074,world,cf231,-2.649695634841919,-1.8616431951522827,0.9599846601486206
1773048760,25758074,world,cf231_leg,-2.648015022277832,-1.8650550842285156,0.9453945159912109
1773048760,30750249,world,cf231,-2.649880886077881,-1.8614250421524048,0.9600149393081665
1773048760,30750249,world,cf231_leg,-2.6481266021728516,-1.8648396730422974,0.9453608989715576
1773048760,36629064,world,cf231,-2.6500186920166016,-1.861155390739441,0.9599604606628418
1773048760,36629064,world,cf231_leg,-2.6482746601104736,-1.8647193908691406,0.9454993009567261
1773048760,40882022,world,cf231,-2.650076389312744,-1.8608145713806152,0.9599241018295288
1773048760,40882022,world,cf231_leg,-2.6483020782470703,-1.8643990755081177,0.9453978538513184
1773048760,45635268,world,cf231,-2.6502485275268555,-1.8605690002441406,0.9600396156311035
1773048760,45635268,world,cf231_leg,-2.648256778717041,-1.864157795906067,0.9454195499420166
1773048760,50735242,world,cf231,-2.6503593921661377,-1.8602794408798218,0.9600366353988647
1773048760,50735242,world,cf231_leg,-2.6484534740448,-1.863937497138977,0.9454504251480103
1773048760,55737291,world,cf231,-2.650388479232788,-1.8598843812942505,0.9601951837539673
1773048760,55737291,world,cf231_leg,-2.6485021114349365,-1.863645076751709,0.9454491138458252
1773048760,60827040,world,cf231,-2.6506237983703613,-1.8597171306610107,0.9602861404418945
1773048760,60827040,world,cf231_leg,-2.648597002029419,-1.8634727001190186,0.945557713508606
1773048760,65784633,world,cf231,-2.650775671005249,-1.859394907951355,0.9602699279785156
1773048760,65784633,world,cf231_leg,-2.6486432552337646,-1.8631434440612793,0.9454289674758911
1773048760,71405117,world,cf231,-2.650773763656616,-1.8590471744537354,0.9602502584457397
1773048760,71405117,world,cf231_leg,-2.648723840713501,-1.8629404306411743,0.9453567266464233
1773048760,77073819,world,cf231,-2.650944232940674,-1.8588354587554932,0.9602504968643188
1773048760,77073819,world,cf231_leg,-2.648728132247925,-1.8627809286117554,0.9452983140945435
1773048760,80670369,world,cf231,-2.6510348320007324,-1.8585528135299683,0.9602681398391724
1773048760,80670369,world,cf231_leg,-2.6487157344818115,-1.862401008605957,0.9452019929885864
1773048760,85848313,world,cf231,-2.651125192642212,-1.8582698106765747,0.9602870941162109
1773048760,85848313,world,cf231_leg,-2.648742437362671,-1.8622732162475586,0.9452542066574097
1773048760,92028498,world,cf231,-2.651188611984253,-1.8578122854232788,0.9601855278015137
1773048760,92028498,world,cf231_leg,-2.6487884521484375,-1.862013578414917,0.9451556205749512
1773048760,95730366,world,cf231,-2.651304006576538,-1.8574786186218262,0.960158109664917
1773048760,95730366,world,cf231_leg,-2.6488959789276123,-1.8617960214614868,0.9451510906219482
1773048760,100811236,world,cf231,-2.6513917446136475,-1.8573126792907715,0.9602158069610596
1773048760,100811236,world,cf231_leg,-2.6489293575286865,-1.8616247177124023,0.945151686668396
1773048760,105718854,world,cf231,-2.6514058113098145,-1.8569203615188599,0.960067868232727
1773048760,105718854,world,cf231_leg,-2.6491057872772217,-1.8613759279251099,0.9453223943710327
1773048760,110721542,world,cf231,-2.6514546871185303,-1.8566243648529053,0.960106611251831
1773048760,110721542,world,cf231_leg,-2.6491901874542236,-1.8611431121826172,0.9453606605529785
1773048760,115901199,world,cf231,-2.65151309967041,-1.8562837839126587,0.9600696563720703
1773048760,115901199,world,cf231_leg,-2.649282693862915,-1.860933780670166,0.9453420639038086
1773048760,122052081,world,cf231,-2.65157151222229,-1.855943202972412,0.9600328207015991
1773048760,122052081,world,cf231_leg,-2.6492996215820312,-1.860587477684021,0.9453054666519165
1773048760,126051726,world,cf231,-2.65167236328125,-1.8556162118911743,0.9599746465682983
1773048760,126051726,world,cf231_leg,-2.649312734603882,-1.8604665994644165,0.9453252553939819
1773048760,130785052,world,cf231,-2.6516494750976562,-1.8553197383880615,0.9599733352661133
1773048760,130785052,world,cf231_leg,-2.649332046508789,-1.860074520111084,0.9452664852142334
1773048760,135912908,world,cf231,-2.6516542434692383,-1.8550434112548828,0.9599189758300781
1773048760,135912908,world,cf231_leg,-2.6493184566497803,-1.8599679470062256,0.9452190399169922
1773048760,140884071,world,cf231,-2.6517133712768555,-1.8547841310501099,0.9600152969360352
1773048760,140884071,world,cf231_leg,-2.649334192276001,-1.8595746755599976,0.9451862573623657
1773048760,145776182,world,cf231,-2.6518189907073975,-1.854343056678772,0.9601712226867676
1773048760,145776182,world,cf231_leg,-2.6493403911590576,-1.8592336177825928,0.9450780153274536
1773048760,151063175,world,cf231,-2.6519124507904053,-1.8540595769882202,0.9601651430130005
1773048760,151063175,world,cf231_leg,-2.6493377685546875,-1.8590039014816284,0.9450573921203613
1773048760,155800010,world,cf231,-2.6519501209259033,-1.8537707328796387,0.960145115852356
1773048760,155800010,world,cf231_leg,-2.649369955062866,-1.8586740493774414,0.9450632333755493
1773048760,161095715,world,cf231,-2.6519060134887695,-1.8534862995147705,0.9600058794021606
1773048760,161095715,world,cf231_leg,-2.6492912769317627,-1.8583744764328003,0.9450408220291138
1773048760,165882193,world,cf231,-2.6518101692199707,-1.8530739545822144,0.9599728584289551
1773048760,165882193,world,cf231_leg,-2.649416208267212,-1.8582651615142822,0.9450569152832031
1773048760,170920559,world,cf231,-2.6518311500549316,-1.852834701538086,0.959923267364502
1773048760,170920559,world,cf231_leg,-2.64945125579834,-1.8579332828521729,0.9450242519378662
1773048760,175611399,world,cf231,-2.651916980743408,-1.8525530099868774,0.9599912166595459
1773048760,175611399,world,cf231_leg,-2.6495981216430664,-1.857824444770813,0.9452884197235107
1773048760,181056978,world,cf231,-2.6519415378570557,-1.8522688150405884,0.9599190950393677
1773048760,181056978,world,cf231_leg,-2.649571657180786,-1.857452630996704,0.9451770782470703
1773048760,186126514,world,cf231,-2.6519548892974854,-1.852030634880066,0.9599450826644897
1773048760,186126514,world,cf231_leg,-2.6496195793151855,-1.8572748899459839,0.945209264755249
1773048760,190749720,world,cf231,-2.6519076824188232,-1.8517460823059082,0.9598320722579956
1773048760,190749720,world,cf231_leg,-2.649606227874756,-1.8570548295974731,0.9451471567153931
1773048760,195676731,world,cf231,-2.65195631980896,-1.8514492511749268,0.9598731994628906
1773048760,195676731,world,cf231_leg,-2.6495893001556396,-1.8566830158233643,0.9449466466903687
1773048760,202028286,world,cf231,-2.652015447616577,-1.8512967824935913,0.9598674774169922
1773048760,202028286,world,cf231_leg,-2.649611473083496,-1.8565549850463867,0.9450440406799316
1773048760,205933660,world,cf231,-2.6520445346832275,-1.8510140180587769,0.9597651958465576
1773048760,205933660,world,cf231_leg,-2.6495985984802246,-1.8561737537384033,0.944951057434082
1773048760,210811985,world,cf231,-2.6519103050231934,-1.8505860567092896,0.9597065448760986
1773048760,210811985,world,cf231_leg,-2.6494088172912598,-1.8558266162872314,0.9447790384292603
1773048760,215669402,world,cf231,-2.651808023452759,-1.850253939628601,0.9596017599105835
1773048760,215669402,world,cf231_leg,-2.6495201587677,-1.8556102514266968,0.9447487592697144
1773048760,220875197,world,cf231,-2.6518642902374268,-1.8500721454620361,0.9595814943313599
1773048760,220875197,world,cf231_leg,-2.6493778228759766,-1.8552682399749756,0.9446544647216797
1773048760,227063487,world,cf231,-2.6518397331237793,-1.8497763872146606,0.9596039056777954
1773048760,227063487,world,cf231_leg,-2.649428606033325,-1.855045199394226,0.9446628093719482
1773048760,231905085,world,cf231,-2.6517550945281982,-1.8494794368743896,0.959481954574585
1773048760,231905085,world,cf231_leg,-2.6494359970092773,-1.8547722101211548,0.9445668458938599
1773048760,235797280,world,cf231,-2.651805877685547,-1.8492562770843506,0.9595353603363037
1773048760,235797280,world,cf231_leg,-2.649419069290161,-1.8545483350753784,0.9445165395736694
1773048760,240699690,world,cf231,-2.651658296585083,-1.848952293395996,0.9594563245773315
1773048760,240699690,world,cf231_leg,-2.6494860649108887,-1.8542875051498413,0.9446712732315063
1773048760,245676350,world,cf231,-2.6516592502593994,-1.848719835281372,0.959426760673523
1773048760,245676350,world,cf231_leg,-2.6494922637939453,-1.8540159463882446,0.9445929527282715
1773048760,250623834,world,cf231,-2.6515536308288574,-1.848429560661316,0.9593262672424316
1773048760,250623834,world,cf231_leg,-2.649573802947998,-1.853896141052246,0.9446706771850586
1773048760,255819976,world,cf231,-2.6515767574310303,-1.8481465578079224,0.9592766761779785
1773048760,255819976,world,cf231_leg,-2.649460792541504,-1.853428602218628,0.9446214437484741
1773048760,261545562,world,cf231,-2.651556968688965,-1.8478492498397827,0.9592504501342773
1773048760,261545562,world,cf231_leg,-2.6494085788726807,-1.8531956672668457,0.9445608854293823
1773048760,266397309,world,cf231,-2.651526689529419,-1.8477126359939575,0.9593150615692139
1773048760,266397309,world,cf231_leg,-2.649486780166626,-1.853074550628662,0.9446643590927124
1773048760,271482555,world,cf231,-2.6514296531677246,-1.8473440408706665,0.9592804908752441
1773048760,271482555,world,cf231_leg,-2.6493492126464844,-1.852618932723999,0.9445110559463501
1773048760,275649631,world,cf231,-2.6514225006103516,-1.8471544981002808,0.9593051671981812
1773048760,275649631,world,cf231_leg,-2.649308919906616,-1.852447271347046,0.9445183277130127
1773048760,280829274,world,cf231,-2.6513454914093018,-1.8467813730239868,0.959269642829895
1773048760,280829274,world,cf231_leg,-2.6492531299591064,-1.8520289659500122,0.9444414377212524
1773048760,285940431,world,cf231,-2.651357412338257,-1.8465416431427002,0.9592999219894409
1773048760,285940431,world,cf231_leg,-2.6491801738739014,-1.8516863584518433,0.9443867206573486
1773048760,290739992,world,cf231,-2.6512057781219482,-1.8462395668029785,0.959267258644104
1773048760,290739992,world,cf231_leg,-2.649164915084839,-1.8514642715454102,0.9443308115005493
1773048760,295627618,world,cf231,-2.6511335372924805,-1.8458912372589111,0.9592058658599854
1773048760,295627618,world,cf231_leg,-2.649162769317627,-1.8511204719543457,0.94429612159729
1773048760,300775151,world,cf231,-2.651055335998535,-1.8457050323486328,0.959205150604248
1773048760,300775151,world,cf231_leg,-2.649174928665161,-1.8509985208511353,0.9443193674087524
1773048760,305730752,world,cf231,-2.6509392261505127,-1.8454581499099731,0.9591830968856812
1773048760,305730752,world,cf231_leg,-2.649163246154785,-1.8506982326507568,0.9443590641021729
1773048760,311609771,world,cf231,-2.650940179824829,-1.8452255725860596,0.9591540098190308
1773048760,311609771,world,cf231_leg,-2.6490612030029297,-1.850448489189148,0.9443792104721069
1773048760,315654606,world,cf231,-2.6508078575134277,-1.8448700904846191,0.9591090679168701
1773048760,315654606,world,cf231_leg,-2.6491730213165283,-1.8502037525177002,0.9445005655288696
1773048760,320813862,world,cf231,-2.6507692337036133,-1.8447401523590088,0.9590895175933838
1773048760,320813862,world,cf231_leg,-2.649047374725342,-1.8498574495315552,0.9444297552108765
1773048760,325674900,world,cf231,-2.6506149768829346,-1.8444807529449463,0.9590591192245483
1773048760,325674900,world,cf231_leg,-2.6489932537078857,-1.8497363328933716,0.944388747215271
1773048760,330852462,world,cf231,-2.650559186935425,-1.8442410230636597,0.9590202569961548
1773048760,330852462,world,cf231_leg,-2.6489601135253906,-1.8492934703826904,0.9443163871765137
1773048760,335840898,world,cf231,-2.650540590286255,-1.8440132141113281,0.9589911699295044
1773048760,335840898,world,cf231_leg,-2.6488845348358154,-1.8490554094314575,0.944449782371521
1773048760,340717908,world,cf231,-2.6505112648010254,-1.843838095664978,0.9588968753814697
1773048760,340717908,world,cf231_leg,-2.648770809173584,-1.8487005233764648,0.9444169998168945
1773048760,345747406,world,cf231,-2.6503636837005615,-1.8435701131820679,0.9589558839797974
1773048760,345747406,world,cf231_leg,-2.6486153602600098,-1.8482489585876465,0.9442602396011353
1773048760,350743900,world,cf231,-2.650158643722534,-1.8431766033172607,0.9587340354919434
1773048760,350743900,world,cf231_leg,-2.6486270427703857,-1.8480826616287231,0.9443010091781616
1773048760,355843799,world,cf231,-2.650064706802368,-1.8430317640304565,0.9590415954589844
1773048760,355843799,world,cf231_leg,-2.648501396179199,-1.847733736038208,0.9442152976989746
1773048760,360723648,world,cf231,-2.649958848953247,-1.842740535736084,0.9589425325393677
1773048760,360723648,world,cf231_leg,-2.6484127044677734,-1.847362756729126,0.9442551136016846
1773048760,365615935,world,cf231,-2.649989128112793,-1.8424943685531616,0.9589765071868896
1773048760,365615935,world,cf231_leg,-2.648489236831665,-1.847125768661499,0.9443516731262207
1773048760,371246430,world,cf231,-2.6498451232910156,-1.842301368713379,0.9590432643890381
1773048760,371246430,world,cf231_leg,-2.6483728885650635,-1.8468843698501587,0.9443559646606445
1773048760,375717770,world,cf231,-2.649628162384033,-1.8419959545135498,0.9588978290557861
1773048760,375717770,world,cf231_leg,-2.6483757495880127,-1.846580147743225,0.9444417953491211
1773048760,380737593,world,cf231,-2.6494390964508057,-1.841672420501709,0.9589993953704834
1773048760,380737593,world,cf231_leg,-2.6484172344207764,-1.84633207321167,0.9445115327835083
1773048760,386048455,world,cf231,-2.649423599243164,-1.8414472341537476,0.958962082862854
1773048760,386048455,world,cf231_leg,-2.648360252380371,-1.846098780632019,0.9444959163665771
1773048760,390660376,world,cf231,-2.64939546585083,-1.8412671089172363,0.959026575088501
1773048760,390660376,world,cf231_leg,-2.6482748985290527,-1.8457987308502197,0.9445405006408691
1773048760,395591424,world,cf231,-2.649237871170044,-1.8410069942474365,0.9590238332748413
1773048760,395591424,world,cf231_leg,-2.6482138633728027,-1.8453353643417358,0.9445264339447021
1773048760,400655744,world,cf231,-2.6493124961853027,-1.840822458267212,0.959286093711853
1773048760,400655744,world,cf231_leg,-2.6481776237487793,-1.8450182676315308,0.9446138143539429
1773048760,405621325,world,cf231,-2.6492483615875244,-1.8406225442886353,0.9594807624816895
1773048760,405621325,world,cf231_leg,-2.648031711578369,-1.8446741104125977,0.9445463418960571
1773048760,411112694,world,cf231,-2.649082660675049,-1.8403245210647583,0.959396481513977
1773048760,411112694,world,cf231_leg,-2.6480045318603516,-1.844488263130188,0.9447546005249023
1773048760,415826788,world,cf231,-2.6490166187286377,-1.8400570154190063,0.9594169855117798
1773048760,415826788,world,cf231_leg,-2.6479015350341797,-1.844125509262085,0.9447797536849976
1773048760,420843560,world,cf231,-2.6489644050598145,-1.8398116827011108,0.9595115184783936
1773048760,420843560,world,cf231_leg,-2.6478960514068604,-1.843826413154602,0.9447702169418335
1773048760,426031410,world,cf231,-2.648864984512329,-1.8395888805389404,0.9595565795898438
1773048760,426031410,world,cf231_leg,-2.6478211879730225,-1.8434503078460693,0.9448596239089966
1773048760,431170955,world,cf231,-2.6486833095550537,-1.8392635583877563,0.9595835208892822
1773048760,431170955,world,cf231_leg,-2.6477315425872803,-1.8431135416030884,0.9447966814041138
1773048760,435743169,world,cf231,-2.648590326309204,-1.8389666080474854,0.9595388174057007
1773048760,435743169,world,cf231_leg,-2.647719383239746,-1.8429347276687622,0.9447026252746582
1773048760,440726151,world,cf231,-2.6484549045562744,-1.8385387659072876,0.9595022201538086
1773048760,440726151,world,cf231_leg,-2.647736072540283,-1.8426939249038696,0.9448502063751221
1773048760,445916051,world,cf231,-2.648399591445923,-1.8382993936538696,0.9594615697860718
1773048760,445916051,world,cf231_leg,-2.6476268768310547,-1.842294454574585,0.9447898864746094
1773048760,450874881,world,cf231,-2.648336410522461,-1.8381036520004272,0.9594732522964478
1773048760,450874881,world,cf231_leg,-2.647461175918579,-1.841887354850769,0.9447249174118042
1773048760,456954087,world,cf231,-2.648228645324707,-1.8378132581710815,0.9593967199325562
1773048760,456954087,world,cf231_leg,-2.6474757194519043,-1.8415061235427856,0.9448360204696655
1773048760,460852283,world,cf231,-2.648216485977173,-1.837670087814331,0.9594659805297852
1773048760,460852283,world,cf231_leg,-2.647380828857422,-1.8411438465118408,0.9447910785675049
1773048760,466212696,world,cf231,-2.648137092590332,-1.8373651504516602,0.9594559669494629
1773048760,466212696,world,cf231_leg,-2.647360324859619,-1.8408896923065186,0.9449195861816406
1773048760,471200455,world,cf231,-2.648109197616577,-1.8369961977005005,0.9594894647598267
1773048760,471200455,world,cf231_leg,-2.6471714973449707,-1.840348482131958,0.944853663444519
1773048760,477077413,world,cf231,-2.6481292247772217,-1.8368293046951294,0.9594804048538208
1773048760,477077413,world,cf231_leg,-2.6472089290618896,-1.840100646018982,0.9449676275253296
1773048760,481187073,world,cf231,-2.6480093002319336,-1.8364670276641846,0.9594919681549072
1773048760,481187073,world,cf231_leg,-2.647181510925293,-1.8396925926208496,0.9449841976165771
1773048760,485815336,world,cf231,-2.647980213165283,-1.8362139463424683,0.9595413208007812
1773048760,485815336,world,cf231_leg,-2.6471076011657715,-1.8393915891647339,0.9449186325073242
1773048760,490804328,world,cf231,-2.647921562194824,-1.8359742164611816,0.9595277309417725
1773048760,490804328,world,cf231_leg,-2.6471049785614014,-1.8390860557556152,0.945053219795227
1773048760,495696788,world,cf231,-2.647857189178467,-1.8356629610061646,0.9595481157302856
1773048760,495696788,world,cf231_leg,-2.6470494270324707,-1.8388206958770752,0.9451552629470825
1773048760,500895571,world,cf231,-2.6478540897369385,-1.8353244066238403,0.959670901298523
1773048760,500895571,world,cf231_leg,-2.647047996520996,-1.8384021520614624,0.9452724456787109
1773048760,506375644,world,cf231,-2.6477603912353516,-1.834874153137207,0.9597361087799072
1773048760,506375644,world,cf231_leg,-2.6469883918762207,-1.838097333908081,0.9452527761459351
1773048760,510586180,world,cf231,-2.647810935974121,-1.8345779180526733,0.9597746133804321
1773048760,510586180,world,cf231_leg,-2.646923065185547,-1.8377101421356201,0.9451465606689453
1773048760,516010352,world,cf231,-2.647747039794922,-1.834267020225525,0.9597941637039185
1773048760,516010352,world,cf231_leg,-2.6467537879943848,-1.837233304977417,0.9450944662094116
1773048760,520718341,world,cf231,-2.6476118564605713,-1.8338388204574585,0.959757924079895
1773048760,520718341,world,cf231_leg,-2.6465344429016113,-1.8368184566497803,0.945001482963562
1773048760,525670053,world,cf231,-2.6475396156311035,-1.833489179611206,0.9596980810165405
1773048760,525670053,world,cf231_leg,-2.646484136581421,-1.8363927602767944,0.9450454711914062
1773048760,530728839,world,cf231,-2.647604465484619,-1.8331859111785889,0.9597691297531128
1773048760,530728839,world,cf231_leg,-2.646418571472168,-1.8359699249267578,0.9450464248657227
1773048760,535811388,world,cf231,-2.647550582885742,-1.8328299522399902,0.9597129821777344
1773048760,535811388,world,cf231_leg,-2.64646577835083,-1.835675835609436,0.9450715780258179
1773048760,540629675,world,cf231,-2.647468090057373,-1.8325247764587402,0.9597295522689819
1773048760,540629675,world,cf231_leg,-2.646360397338867,-1.8353122472763062,0.9451198577880859
1773048760,545808145,world,cf231,-2.6474995613098145,-1.8321620225906372,0.9597492218017578
1773048760,545808145,world,cf231_leg,-2.646343469619751,-1.834942102432251,0.945195198059082
1773048760,550835582,world,cf231,-2.6473145484924316,-1.8317962884902954,0.9596469402313232
1773048760,550835582,world,cf231_leg,-2.646287441253662,-1.8347089290618896,0.945177435874939
1773048760,556000683,world,cf231,-2.647315263748169,-1.8313310146331787,0.9596124887466431
1773048760,556000683,world,cf231_leg,-2.6463184356689453,-1.8342241048812866,0.9454830884933472
1773048760,560569771,world,cf231,-2.647367238998413,-1.8310357332229614,0.9596480131149292
1773048760,560569771,world,cf231_leg,-2.646153211593628,-1.8338165283203125,0.9454172849655151
1773048760,565556655,world,cf231,-2.6471316814422607,-1.8305003643035889,0.959672212600708
1773048760,565556655,world,cf231_leg,-2.6462395191192627,-1.8333901166915894,0.9455658197402954
1773048760,570662499,world,cf231,-2.647067070007324,-1.8301458358764648,0.9597170352935791
1773048760,570662499,world,cf231_leg,-2.645970106124878,-1.8328087329864502,0.9454052448272705
1773048760,575730214,world,cf231,-2.6470768451690674,-1.8297560214996338,0.9599008560180664
1773048760,575730214,world,cf231_leg,-2.645960569381714,-1.832432508468628,0.9455782175064087
1773048760,580599340,world,cf231,-2.647130012512207,-1.8293092250823975,0.9600422382354736
1773048760,580599340,world,cf231_leg,-2.645879030227661,-1.8319783210754395,0.945419430732727
1773048760,585589874,world,cf231,-2.6470792293548584,-1.8289471864700317,0.9601215124130249
1773048760,585589874,world,cf231_leg,-2.645768642425537,-1.831728458404541,0.9455267190933228
1773048760,590544577,world,cf231,-2.646989583969116,-1.828532099723816,0.9600381851196289
1773048760,590544577,world,cf231_leg,-2.645806074142456,-1.831398367881775,0.9455083608627319
1773048760,595716219,world,cf231,-2.6468918323516846,-1.8282002210617065,0.9601645469665527
1773048760,595716219,world,cf231_leg,-2.645704746246338,-1.8309214115142822,0.9455175399780273
1773048760,600676404,world,cf231,-2.646871328353882,-1.8276686668395996,0.9601361751556396
1773048760,600676404,world,cf231_leg,-2.645625114440918,-1.8305397033691406,0.9453810453414917
1773048760,605720925,world,cf231,-2.646775007247925,-1.8271385431289673,0.9601130485534668
1773048760,605720925,world,cf231_leg,-2.6456668376922607,-1.830031156539917,0.9455649852752686
1773048760,610824961,world,cf231,-2.646620035171509,-1.8264856338500977,0.9600887298583984
1773048760,610824961,world,cf231_leg,-2.645601749420166,-1.8295577764511108,0.9457485675811768
1773048760,615647510,world,cf231,-2.646578073501587,-1.8261228799819946,0.9600900411605835
1773048760,615647510,world,cf231_leg,-2.6454832553863525,-1.8291302919387817,0.9457340240478516
1773048760,620520314,world,cf231,-2.6464381217956543,-1.8256951570510864,0.9601038694381714
1773048760,620520314,world,cf231_leg,-2.645432472229004,-1.8285887241363525,0.9457688331604004
1773048760,625605559,world,cf231,-2.646360158920288,-1.825273036956787,0.9600790739059448
1773048760,625605559,world,cf231_leg,-2.6453778743743896,-1.8281927108764648,0.9457223415374756
1773048760,630764824,world,cf231,-2.6463353633880615,-1.8248543739318848,0.9602736234664917
1773048760,630764824,world,cf231_leg,-2.6453685760498047,-1.8277784585952759,0.9457460641860962
1773048760,636384289,world,cf231,-2.646289348602295,-1.8242688179016113,0.9604148864746094
1773048760,636384289,world,cf231_leg,-2.6452395915985107,-1.827358365058899,0.945673942565918
1773048760,640832971,world,cf231,-2.646209955215454,-1.8237309455871582,0.9603993892669678
1773048760,640832971,world,cf231_leg,-2.645277500152588,-1.8269957304000854,0.9457763433456421
1773048760,645806743,world,cf231,-2.646230459213257,-1.8232568502426147,0.9603492021560669
1773048760,645806743,world,cf231_leg,-2.645120859146118,-1.8262823820114136,0.9457529783248901
1773048760,650703463,world,cf231,-2.646094799041748,-1.8227123022079468,0.9603219032287598
1773048760,650703463,world,cf231_leg,-2.645087242126465,-1.8259968757629395,0.9456983804702759
1773048760,655798265,world,cf231,-2.645944118499756,-1.8222168684005737,0.9602392911911011
1773048760,655798265,world,cf231_leg,-2.645020008087158,-1.8254233598709106,0.9455746412277222
1773048760,660801137,world,cf231,-2.646013021469116,-1.82179594039917,0.9602725505828857
1773048760,660801137,world,cf231_leg,-2.64481258392334,-1.824954867362976,0.9455360174179077
1773048760,665688697,world,cf231,-2.645890712738037,-1.821160912513733,0.9601472616195679
1773048760,665688697,world,cf231_leg,-2.64481258392334,-1.8244956731796265,0.9454879760742188
1773048760,671464806,world,cf231,-2.645897388458252,-1.820733666419983,0.960220217704773
1773048760,671464806,world,cf231_leg,-2.6447904109954834,-1.8239713907241821,0.9454498291015625
1773048760,675738251,world,cf231,-2.645826578140259,-1.820266604423523,0.960145115852356
1773048760,675738251,world,cf231_leg,-2.644775629043579,-1.8236021995544434,0.9455212354660034
1773048760,680688491,world,cf231,-2.6456217765808105,-1.8196030855178833,0.9600381851196289
1773048760,680688491,world,cf231_leg,-2.6447954177856445,-1.8230934143066406,0.9454740285873413
1773048760,685662700,world,cf231,-2.645543098449707,-1.8190653324127197,0.9600214958190918
1773048760,685662700,world,cf231_leg,-2.6446430683135986,-1.8226087093353271,0.945431113243103
1773048760,690751223,world,cf231,-2.645542621612549,-1.8185279369354248,0.9599947929382324
1773048760,690751223,world,cf231_leg,-2.644592046737671,-1.8219151496887207,0.9453225135803223
1773048760,695702231,world,cf231,-2.6454617977142334,-1.8179510831832886,0.9598453044891357
1773048760,695702231,world,cf231_leg,-2.6445305347442627,-1.8214482069015503,0.9453145265579224
1773048760,700769351,world,cf231,-2.6453213691711426,-1.817521572113037,0.9598619937896729
1773048760,700769351,world,cf231_leg,-2.644543409347534,-1.8209809064865112,0.9453033208847046
1773048760,705645259,world,cf231,-2.6453757286071777,-1.8168848752975464,0.9599751234054565
1773048760,705645259,world,cf231_leg,-2.6444854736328125,-1.8205150365829468,0.9452695846557617
1773048760,710599670,world,cf231,-2.6453194618225098,-1.8164104223251343,0.9599336385726929
1773048760,710599670,world,cf231_leg,-2.644418239593506,-1.820090651512146,0.9452952146530151
1773048760,715787042,world,cf231,-2.6451761722564697,-1.815754771232605,0.9598073959350586
1773048760,715787042,world,cf231_leg,-2.6443722248077393,-1.8195524215698242,0.9453175067901611
1773048760,721027536,world,cf231,-2.645089864730835,-1.815260410308838,0.9598439931869507
1773048760,721027536,world,cf231_leg,-2.644360303878784,-1.818986177444458,0.9452202320098877
1773048760,725952141,world,cf231,-2.6450202465057373,-1.8146758079528809,0.9597554206848145
1773048760,725952141,world,cf231_leg,-2.6442739963531494,-1.8185327053070068,0.9451229572296143
1773048760,731317308,world,cf231,-2.6448590755462646,-1.8140263557434082,0.9596244096755981
1773048760,731317308,world,cf231_leg,-2.6441566944122314,-1.8179078102111816,0.944961667060852
1773048760,736082620,world,cf231,-2.644798994064331,-1.8135967254638672,0.9596058130264282
1773048760,736082620,world,cf231_leg,-2.6440017223358154,-1.8173372745513916,0.9447948932647705
1773048760,740936059,world,cf231,-2.6447646617889404,-1.8129522800445557,0.9595358371734619
1773048760,740936059,world,cf231_leg,-2.643955945968628,-1.8167940378189087,0.9447871446609497
1773048760,745914005,world,cf231,-2.6447978019714355,-1.8124709129333496,0.9595444202423096
1773048760,745914005,world,cf231_leg,-2.644052267074585,-1.8163925409317017,0.9448950290679932
1773048760,751580778,world,cf231,-2.6445653438568115,-1.8118178844451904,0.9593515396118164
1773048760,751580778,world,cf231_leg,-2.643934965133667,-1.815964698791504,0.9448789358139038
1773048760,759952423,world,cf231,-2.6444387435913086,-1.8112287521362305,0.9592700004577637
1773048760,759952423,world,cf231_leg,-2.6439552307128906,-1.8153425455093384,0.9448357820510864
1773048760,761013459,world,cf231,-2.64430570602417,-1.810566782951355,0.9592260122299194
1773048760,761013459,world,cf231_leg,-2.643794298171997,-1.814817190170288,0.944716215133667
1773048760,766165498,world,cf231,-2.6442368030548096,-1.810021996498108,0.9592934846878052
1773048760,766165498,world,cf231_leg,-2.6438310146331787,-1.8142215013504028,0.9448041915893555
1773048760,771232213,world,cf231,-2.6443910598754883,-1.8096381425857544,0.9594032764434814
1773048760,771232213,world,cf231_leg,-2.643659830093384,-1.8135886192321777,0.9446144104003906
1773048760,776222081,world,cf231,-2.6443288326263428,-1.8090507984161377,0.9592418670654297
1773048760,776222081,world,cf231_leg,-2.643723487854004,-1.8130533695220947,0.9446167945861816
1773048760,780746051,world,cf231,-2.644325017929077,-1.808508276939392,0.9592279195785522
1773048760,780746051,world,cf231_leg,-2.643718719482422,-1.8125619888305664,0.9447550773620605
1773048760,785965533,world,cf231,-2.6440844535827637,-1.8077406883239746,0.9593170881271362
1773048760,785965533,world,cf231_leg,-2.6437041759490967,-1.812227487564087,0.944719672203064
1773048760,790867991,world,cf231,-2.6440000534057617,-1.8071643114089966,0.9592163562774658
1773048760,790867991,world,cf231_leg,-2.643578290939331,-1.8116021156311035,0.9446477890014648
1773048760,797585932,world,cf231,-2.64393949508667,-1.806618094444275,0.9592078924179077
1773048760,797585932,world,cf231_leg,-2.643461227416992,-1.8109759092330933,0.9444876909255981
1773048760,800865140,world,cf231,-2.6438708305358887,-1.806151270866394,0.9591289758682251
1773048760,800865140,world,cf231_leg,-2.6434693336486816,-1.8104716539382935,0.944388747215271
1773048760,805571507,world,cf231,-2.6438817977905273,-1.8056771755218506,0.9591822624206543
1773048760,805571507,world,cf231_leg,-2.643326759338379,-1.809847354888916,0.9442778825759888
1773048760,810740312,world,cf231,-2.6436924934387207,-1.8050047159194946,0.9591081142425537
1773048760,810740312,world,cf231_leg,-2.6432690620422363,-1.8093798160552979,0.9442468881607056
1773048760,815746783,world,cf231,-2.643547296524048,-1.8043022155761719,0.9590132236480713
1773048760,815746783,world,cf231_leg,-2.6433990001678467,-1.8089032173156738,0.9441941976547241
1773048760,820767470,world,cf231,-2.643433094024658,-1.8035582304000854,0.9589389562606812
1773048760,820767470,world,cf231_leg,-2.6433370113372803,-1.8083170652389526,0.9443778991699219
1773048760,825666428,world,cf231,-2.643416404724121,-1.8030636310577393,0.95904541015625
1773048760,825666428,world,cf231_leg,-2.6432158946990967,-1.8077354431152344,0.944244384765625
1773048760,830719716,world,cf231,-2.6434686183929443,-1.8025323152542114,0.9590834379196167
1773048760,830719716,world,cf231_leg,-2.6431214809417725,-1.8070950508117676,0.9441972970962524
1773048760,835669676,world,cf231,-2.6433281898498535,-1.8019459247589111,0.9589513540267944
1773048760,835669676,world,cf231_leg,-2.6429944038391113,-1.8065121173858643,0.94411301612854
1773048760,840811196,world,cf231,-2.6433193683624268,-1.801406741142273,0.9590067863464355
1773048760,840811196,world,cf231_leg,-2.6429500579833984,-1.8059214353561401,0.9441065788269043
1773048760,845744268,world,cf231,-2.6432254314422607,-1.8007538318634033,0.9591525793075562
1773048760,845744268,world,cf231_leg,-2.6429443359375,-1.8053573369979858,0.9442219734191895
1773048760,850739693,world,cf231,-2.6431949138641357,-1.8001104593276978,0.9590761661529541
1773048760,850739693,world,cf231_leg,-2.64306640625,-1.8050214052200317,0.9442965984344482
1773048760,856048487,world,cf231,-2.6431667804718018,-1.7994695901870728,0.958793044090271
1773048760,856048487,world,cf231_leg,-2.642944812774658,-1.8043941259384155,0.9441828727722168
1773048760,860767859,world,cf231,-2.6432526111602783,-1.798998236656189,0.9588832855224609
1773048760,860767859,world,cf231_leg,-2.6428771018981934,-1.8038185834884644,0.9440815448760986
1773048760,865912109,world,cf231,-2.643136978149414,-1.798399567604065,0.9588658809661865
1773048760,865912109,world,cf231_leg,-2.6428184509277344,-1.8033676147460938,0.9442517757415771
1773048760,871925362,world,cf231,-2.643078565597534,-1.7978079319000244,0.9588594436645508
1773048760,871925362,world,cf231_leg,-2.6426737308502197,-1.8026821613311768,0.9439994096755981
1773048760,876209551,world,cf231,-2.6432199478149414,-1.797304391860962,0.9588286876678467
1773048760,876209551,world,cf231_leg,-2.6426918506622314,-1.8021705150604248,0.9439798593521118
1773048760,880771665,world,cf231,-2.6431543827056885,-1.796534776687622,0.9589862823486328
1773048760,880771665,world,cf231_leg,-2.6427433490753174,-1.801652431488037,0.9438108205795288
1773048760,885892451,world,cf231,-2.6429665088653564,-1.795822262763977,0.9587515592575073
1773048760,885892451,world,cf231_leg,-2.64274525642395,-1.801161527633667,0.9439011812210083
1773048760,890746282,world,cf231,-2.6429648399353027,-1.7952830791473389,0.9587529897689819
1773048760,890746282,world,cf231_leg,-2.642751932144165,-1.8005106449127197,0.9439530372619629
1773048760,895704265,world,cf231,-2.642958641052246,-1.7947887182235718,0.9587783813476562
1773048760,895704265,world,cf231_leg,-2.6426568031311035,-1.7999780178070068,0.9440877437591553
1773048760,900813062,world,cf231,-2.6428894996643066,-1.794084906578064,0.958702802658081
1773048760,900813062,world,cf231_leg,-2.642706871032715,-1.7994544506072998,0.9441075325012207
1773048760,905633727,world,cf231,-2.6428580284118652,-1.793595552444458,0.95878005027771
1773048760,905633727,world,cf231_leg,-2.642498731613159,-1.798728108406067,0.9440397024154663
1773048760,910619794,world,cf231,-2.6427829265594482,-1.7928980588912964,0.9585926532745361
1773048760,910619794,world,cf231_leg,-2.642502546310425,-1.7980822324752808,0.9439489841461182
1773048760,915742777,world,cf231,-2.642833948135376,-1.7923672199249268,0.9586554765701294
1773048760,915742777,world,cf231_leg,-2.6425137519836426,-1.7977304458618164,0.9439907073974609
1773048760,920800383,world,cf231,-2.6428215503692627,-1.7917160987854004,0.9585869312286377
1773048760,920800383,world,cf231_leg,-2.642484188079834,-1.7972066402435303,0.9440592527389526
1773048760,925976532,world,cf231,-2.6428472995758057,-1.7911239862442017,0.9585201740264893
1773048760,925976532,world,cf231_leg,-2.642378807067871,-1.7966868877410889,0.9439693689346313
1773048760,931073336,world,cf231,-2.642796516418457,-1.7904973030090332,0.9585820436477661
1773048760,931073336,world,cf231_leg,-2.642244338989258,-1.7959944009780884,0.943793773651123
1773048760,935724072,world,cf231,-2.6428346633911133,-1.7898874282836914,0.958458423614502
1773048760,935724072,world,cf231_leg,-2.6421945095062256,-1.7954809665679932,0.9437134265899658
1773048760,941056135,world,cf231,-2.642875909805298,-1.78941011428833,0.9586952924728394
1773048760,941056135,world,cf231_leg,-2.642103433609009,-1.7948064804077148,0.9437669515609741
1773048760,945866349,world,cf231,-2.6428370475769043,-1.7886558771133423,0.9585442543029785
1773048760,945866349,world,cf231_leg,-2.6422271728515625,-1.7943528890609741,0.9438155889511108
1773048760,950742458,world,cf231,-2.6428489685058594,-1.7881108522415161,0.9586021900177002
1773048760,950742458,world,cf231_leg,-2.6422982215881348,-1.7939763069152832,0.943962574005127
1773048760,955610973,world,cf231,-2.642943859100342,-1.7875943183898926,0.9586420059204102
1773048760,955610973,world,cf231_leg,-2.642256498336792,-1.7933887243270874,0.9439667463302612
1773048760,960915375,world,cf231,-2.642838954925537,-1.7868760824203491,0.9585344791412354
1773048760,960915375,world,cf231_leg,-2.6421468257904053,-1.7926843166351318,0.9438986778259277
1773048760,965756553,world,cf231,-2.6428380012512207,-1.7863361835479736,0.9585366249084473
1773048760,965756553,world,cf231_leg,-2.642076015472412,-1.7921528816223145,0.9438234567642212
1773048760,970903050,world,cf231,-2.6429312229156494,-1.7858608961105347,0.9585583209991455
1773048760,970903050,world,cf231_leg,-2.6420347690582275,-1.791562795639038,0.9438126087188721
1773048760,975647728,world,cf231,-2.642845869064331,-1.7853260040283203,0.9584590196609497
1773048760,975647728,world,cf231_leg,-2.6419360637664795,-1.7909644842147827,0.9437971115112305
1773048760,981130389,world,cf231,-2.642930030822754,-1.7845897674560547,0.9585369825363159
1773048760,981130389,world,cf231_leg,-2.641885280609131,-1.7904490232467651,0.9437217712402344
1773048760,985934710,world,cf231,-2.6429481506347656,-1.784027338027954,0.9585893154144287
1773048760,985934710,world,cf231_leg,-2.6418848037719727,-1.7899893522262573,0.9437153339385986
1773048760,990842323,world,cf231,-2.6429874897003174,-1.783509612083435,0.9586955308914185
1773048760,990842323,world,cf231_leg,-2.6418983936309814,-1.7895257472991943,0.9437568187713623
1773048760,997318715,world,cf231,-2.6430869102478027,-1.7829883098602295,0.9588704109191895
1773048760,997318715,world,cf231_leg,-2.6417689323425293,-1.7889869213104248,0.9436963796615601
1773048761,1031507,world,cf231,-2.643076181411743,-1.7824554443359375,0.958611011505127
1773048761,1031507,world,cf231_leg,-2.6416940689086914,-1.7884554862976074,0.9436655044555664
1773048761,5851741,world,cf231,-2.6430768966674805,-1.7817943096160889,0.9585838317871094
1773048761,5851741,world,cf231_leg,-2.641604423522949,-1.7878608703613281,0.9435923099517822
1773048761,10673122,world,cf231,-2.642967462539673,-1.78114652633667,0.9587241411209106
1773048761,10673122,world,cf231_leg,-2.641421318054199,-1.7871878147125244,0.9436293840408325
1773048761,15712472,world,cf231,-2.64298415184021,-1.7806748151779175,0.9587687253952026
1773048761,15712472,world,cf231_leg,-2.6415233612060547,-1.786712408065796,0.9436726570129395
1773048761,21039548,world,cf231,-2.642971992492676,-1.780097246170044,0.9587382078170776
1773048761,21039548,world,cf231_leg,-2.641547918319702,-1.7863523960113525,0.9437524080276489
1773048761,26324806,world,cf231,-2.6430625915527344,-1.7796250581741333,0.9588046073913574
1773048761,26324806,world,cf231_leg,-2.641604423522949,-1.785800814628601,0.9438798427581787
1773048761,30755755,world,cf231,-2.642977714538574,-1.7791271209716797,0.9588454961776733
1773048761,30755755,world,cf231_leg,-2.6415042877197266,-1.7853188514709473,0.9438941478729248
1773048761,35769695,world,cf231,-2.642944812774658,-1.778599500656128,0.958810567855835
1773048761,35769695,world,cf231_leg,-2.641451120376587,-1.7847603559494019,0.9438756704330444
1773048761,40654444,world,cf231,-2.642885684967041,-1.7778992652893066,0.9589380025863647
1773048761,40654444,world,cf231_leg,-2.6413304805755615,-1.784282922744751,0.9439083337783813
1773048761,45808638,world,cf231,-2.6427385807037354,-1.7772380113601685,0.958869457244873
1773048761,45808638,world,cf231_leg,-2.6411924362182617,-1.783586859703064,0.9437624216079712
1773048761,50732810,world,cf231,-2.6426985263824463,-1.776755928993225,0.9588836431503296
1773048761,50732810,world,cf231_leg,-2.641068696975708,-1.783185601234436,0.943679928779602
1773048761,55798939,world,cf231,-2.642753839492798,-1.7762240171432495,0.958922266960144
1773048761,55798939,world,cf231_leg,-2.641126871109009,-1.7827684879302979,0.9437963962554932
1773048761,60644746,world,cf231,-2.6427810192108154,-1.7758164405822754,0.959047794342041
1773048761,60644746,world,cf231_leg,-2.6411054134368896,-1.7822129726409912,0.9439377784729004
1773048761,65770991,world,cf231,-2.6427359580993652,-1.7753788232803345,0.9590874910354614
1773048761,65770991,world,cf231_leg,-2.6411426067352295,-1.7817806005477905,0.9440741539001465
1773048761,70780637,world,cf231,-2.6428310871124268,-1.7748606204986572,0.9591324329376221
1773048761,70780637,world,cf231_leg,-2.641023874282837,-1.7811492681503296,0.9439430236816406
1773048761,75652454,world,cf231,-2.642775297164917,-1.7742674350738525,0.9591269493103027
1773048761,75652454,world,cf231_leg,-2.640934467315674,-1.780661940574646,0.9440319538116455
1773048761,80715138,world,cf231,-2.6427347660064697,-1.7738277912139893,0.9591184854507446
1773048761,80715138,world,cf231_leg,-2.6408116817474365,-1.7801761627197266,0.9442403316497803
1773048761,85886027,world,cf231,-2.6425559520721436,-1.7731070518493652,0.9589937925338745
1773048761,85886027,world,cf231_leg,-2.6407554149627686,-1.7796366214752197,0.9442007541656494
1773048761,90755655,world,cf231,-2.6426351070404053,-1.772756576538086,0.9589940309524536
1773048761,90755655,world,cf231_leg,-2.6407201290130615,-1.779090404510498,0.9441261291503906
1773048761,95780157,world,cf231,-2.6426587104797363,-1.7722814083099365,0.9589675664901733
1773048761,95780157,world,cf231_leg,-2.6406445503234863,-1.7786732912063599,0.9441088438034058
1773048761,100709972,world,cf231,-2.642657995223999,-1.7718238830566406,0.9591060876846313
1773048761,100709972,world,cf231_leg,-2.6405904293060303,-1.778321623802185,0.9440817832946777
1773048761,105632958,world,cf231,-2.6425390243530273,-1.7712669372558594,0.9591159820556641
1773048761,105632958,world,cf231_leg,-2.6404688358306885,-1.7776836156845093,0.9441434144973755
1773048761,110671968,world,cf231,-2.642483949661255,-1.7707898616790771,0.9591008424758911
1773048761,110671968,world,cf231_leg,-2.640263080596924,-1.7771408557891846,0.9440937042236328
1773048761,116044491,world,cf231,-2.6425318717956543,-1.7704192399978638,0.9591808319091797
1773048761,116044491,world,cf231_leg,-2.6401166915893555,-1.7766059637069702,0.9440274238586426
1773048761,120743729,world,cf231,-2.6422746181488037,-1.7698129415512085,0.9590567350387573
1773048761,120743729,world,cf231_leg,-2.640145778656006,-1.7762469053268433,0.9440803527832031
1773048761,126029133,world,cf231,-2.642258644104004,-1.7693233489990234,0.9590251445770264
1773048761,126029133,world,cf231_leg,-2.6400160789489746,-1.775589108467102,0.944015383720398
1773048761,130955295,world,cf231,-2.642202854156494,-1.768965244293213,0.9590198993682861
1773048761,130955295,world,cf231_leg,-2.6399827003479004,-1.7752666473388672,0.9440910816192627
1773048761,135534082,world,cf231,-2.642049789428711,-1.7684659957885742,0.9589886665344238
1773048761,135534082,world,cf231_leg,-2.639981269836426,-1.7748042345046997,0.9440914392471313
1773048761,140755880,world,cf231,-2.641934633255005,-1.7680984735488892,0.9589760303497314
1773048761,140755880,world,cf231_leg,-2.6398770809173584,-1.7743687629699707,0.9441484212875366
1773048761,145698829,world,cf231,-2.6417245864868164,-1.7674726247787476,0.9589229822158813
1773048761,145698829,world,cf231_leg,-2.639709234237671,-1.7737703323364258,0.9441070556640625
1773048761,150905320,world,cf231,-2.641706705093384,-1.7671732902526855,0.958920955657959
1773048761,150905320,world,cf231_leg,-2.6397242546081543,-1.7733160257339478,0.9442389011383057
1773048761,155838224,world,cf231,-2.6414637565612793,-1.7666763067245483,0.9588205814361572
1773048761,155838224,world,cf231_leg,-2.639601707458496,-1.7727290391921997,0.9441336393356323
1773048761,160658894,world,cf231,-2.641462564468384,-1.7663342952728271,0.9589517116546631
1773048761,160658894,world,cf231_leg,-2.6394755840301514,-1.7722575664520264,0.9440627098083496
1773048761,165806002,world,cf231,-2.6412994861602783,-1.765761137008667,0.9589875936508179
1773048761,165806002,world,cf231_leg,-2.639427900314331,-1.7718960046768188,0.9441249370574951
1773048761,170702946,world,cf231,-2.64119291305542,-1.7653957605361938,0.958915114402771
1773048761,170702946,world,cf231_leg,-2.6393275260925293,-1.7714418172836304,0.9440045356750488
1773048761,175545267,world,cf231,-2.6410374641418457,-1.7648966312408447,0.9589090347290039
1773048761,175545267,world,cf231_leg,-2.639303207397461,-1.7710307836532593,0.944043755531311
1773048761,180551957,world,cf231,-2.640923023223877,-1.764524221420288,0.9590582847595215
1773048761,180551957,world,cf231_leg,-2.6391656398773193,-1.7705682516098022,0.9439312219619751
1773048761,185885953,world,cf231,-2.640711784362793,-1.7640889883041382,0.9590328931808472
1773048761,185885953,world,cf231_leg,-2.6390721797943115,-1.7700858116149902,0.9438979625701904
1773048761,190681927,world,cf231,-2.6405954360961914,-1.7637200355529785,0.9590237140655518
1773048761,190681927,world,cf231_leg,-2.6389613151550293,-1.7695789337158203,0.9439952373504639
1773048761,195865720,world,cf231,-2.6404917240142822,-1.7633453607559204,0.9590721130371094
1773048761,195865720,world,cf231_leg,-2.6388447284698486,-1.7689844369888306,0.9439942836761475
1773048761,200669001,world,cf231,-2.6404004096984863,-1.7629237174987793,0.9590209722518921
1773048761,200669001,world,cf231_leg,-2.6387131214141846,-1.7683707475662231,0.9439340829849243
1773048761,205498881,world,cf231,-2.6403684616088867,-1.7626692056655884,0.9591240882873535
1773048761,205498881,world,cf231_leg,-2.638686418533325,-1.768121361732483,0.9439854621887207
1773048761,210594951,world,cf231,-2.64013934135437,-1.7621644735336304,0.959058403968811
1773048761,210594951,world,cf231_leg,-2.6385374069213867,-1.7675025463104248,0.9440556764602661
1773048761,215731174,world,cf231,-2.6400558948516846,-1.761858344078064,0.9591214656829834
1773048761,215731174,world,cf231_leg,-2.6384429931640625,-1.7672499418258667,0.9440267086029053
1773048761,220576330,world,cf231,-2.6397440433502197,-1.7612437009811401,0.9589571952819824
1773048761,220576330,world,cf231_leg,-2.638418436050415,-1.7667739391326904,0.9440860748291016
1773048761,225558493,world,cf231,-2.6396892070770264,-1.760923981666565,0.9590884447097778
1773048761,225558493,world,cf231_leg,-2.6381795406341553,-1.7662044763565063,0.9443076848983765
1773048761,230603775,world,cf231,-2.639676332473755,-1.760512351989746,0.9593284130096436
1773048761,230603775,world,cf231_leg,-2.6380841732025146,-1.7657915353775024,0.9443070888519287
1773048761,236348458,world,cf231,-2.6395490169525146,-1.7601501941680908,0.959257960319519
1773048761,236348458,world,cf231_leg,-2.6379895210266113,-1.7652621269226074,0.9442968368530273
1773048761,240555309,world,cf231,-2.639362335205078,-1.7598928213119507,0.9593527317047119
1773048761,240555309,world,cf231_leg,-2.6377782821655273,-1.764831781387329,0.9442877769470215
1773048761,245763358,world,cf231,-2.6393539905548096,-1.7595460414886475,0.9592785835266113
1773048761,245763358,world,cf231_leg,-2.6375815868377686,-1.7643049955368042,0.9443484544754028
1773048761,250563879,world,cf231,-2.639298677444458,-1.7591525316238403,0.959396243095398
1773048761,250563879,world,cf231_leg,-2.637425422668457,-1.7638193368911743,0.9441869258880615
1773048761,255783155,world,cf231,-2.6391830444335938,-1.7587838172912598,0.9593856334686279
1773048761,255783155,world,cf231_leg,-2.637484312057495,-1.7634479999542236,0.944304347038269
1773048761,260700143,world,cf231,-2.638963460922241,-1.7583930492401123,0.9594113826751709
1773048761,260700143,world,cf231_leg,-2.6373488903045654,-1.7629541158676147,0.9443098306655884
1773048761,265626888,world,cf231,-2.6388654708862305,-1.7580173015594482,0.9594079256057739
1773048761,265626888,world,cf231_leg,-2.6371796131134033,-1.7625067234039307,0.9444161653518677
1773048761,271258436,world,cf231,-2.638603448867798,-1.7574551105499268,0.9593056440353394
1773048761,271258436,world,cf231_leg,-2.6370646953582764,-1.7620216608047485,0.9445725679397583
1773048761,275654651,world,cf231,-2.6384708881378174,-1.7571372985839844,0.9592603445053101
1773048761,275654651,world,cf231_leg,-2.6368937492370605,-1.7614659070968628,0.9445388317108154
1773048761,280588916,world,cf231,-2.6384499073028564,-1.7567640542984009,0.9592713117599487
1773048761,280588916,world,cf231_leg,-2.6367733478546143,-1.761033535003662,0.9445704221725464
1773048761,285779980,world,cf231,-2.6382949352264404,-1.7563813924789429,0.9592534303665161
1773048761,285779980,world,cf231_leg,-2.636630058288574,-1.7604644298553467,0.9446051120758057
1773048761,290868701,world,cf231,-2.6381211280822754,-1.7560040950775146,0.9592324495315552
1773048761,290868701,world,cf231_leg,-2.636445999145508,-1.7599828243255615,0.944530725479126
1773048761,295523239,world,cf231,-2.6379177570343018,-1.7555667161941528,0.9591295719146729
1773048761,295523239,world,cf231_leg,-2.636411666870117,-1.759615421295166,0.9446457624435425
1773048761,300618969,world,cf231,-2.637758493423462,-1.755066156387329,0.9591518640518188
1773048761,300618969,world,cf231_leg,-2.6363208293914795,-1.7592012882232666,0.9446015357971191
1773048761,305744334,world,cf231,-2.6375796794891357,-1.754733920097351,0.9591550827026367
1773048761,305744334,world,cf231_leg,-2.6361193656921387,-1.758775234222412,0.9445303678512573
1773048761,310526618,world,cf231,-2.6375744342803955,-1.7543199062347412,0.9593207836151123
1773048761,310526618,world,cf231_leg,-2.6358511447906494,-1.7580674886703491,0.9443784952163696
1773048761,315575696,world,cf231,-2.63738751411438,-1.7539509534835815,0.9592610597610474
1773048761,315575696,world,cf231_leg,-2.635720729827881,-1.75770902633667,0.9443463087081909
1773048761,320773166,world,cf231,-2.6370933055877686,-1.753398060798645,0.9591007232666016
1773048761,320773166,world,cf231_leg,-2.635653495788574,-1.7571438550949097,0.9443904161453247
1773048761,326710726,world,cf231,-2.6368050575256348,-1.7529598474502563,0.9590581655502319
1773048761,326710726,world,cf231_leg,-2.6354265213012695,-1.7566499710083008,0.9443575143814087
1773048761,330555723,world,cf231,-2.6366918087005615,-1.752484917640686,0.9591498374938965
1773048761,330555723,world,cf231_leg,-2.635427236557007,-1.7561520338058472,0.944464921951294
1773048761,336899961,world,cf231,-2.6365292072296143,-1.7520620822906494,0.9590504169464111
1773048761,336899961,world,cf231_leg,-2.635312080383301,-1.7556716203689575,0.9444540739059448
1773048761,340692781,world,cf231,-2.6363706588745117,-1.7516728639602661,0.9592258930206299
1773048761,340692781,world,cf231_leg,-2.6352407932281494,-1.7554059028625488,0.9445377588272095
1773048761,345672521,world,cf231,-2.6361935138702393,-1.7512245178222656,0.9590334892272949
1773048761,345672521,world,cf231_leg,-2.6352412700653076,-1.7548130750656128,0.9448050260543823
1773048761,351037258,world,cf231,-2.636035442352295,-1.7508412599563599,0.9590425491333008
1773048761,351037258,world,cf231_leg,-2.635014057159424,-1.7542840242385864,0.944652795791626
1773048761,355920205,world,cf231,-2.635915756225586,-1.7503976821899414,0.9590462446212769
1773048761,355920205,world,cf231_leg,-2.634874105453491,-1.7536917924880981,0.9446954727172852
1773048761,360637815,world,cf231,-2.6355643272399902,-1.7498295307159424,0.9592183828353882
1773048761,360637815,world,cf231_leg,-2.634641647338867,-1.7531572580337524,0.944560170173645
1773048761,366103016,world,cf231,-2.63545298576355,-1.749343752861023,0.9591888189315796
1773048761,366103016,world,cf231_leg,-2.6343955993652344,-1.7525497674942017,0.9445164203643799
1773048761,371118636,world,cf231,-2.635220527648926,-1.7487233877182007,0.9591782093048096
1773048761,371118636,world,cf231_leg,-2.6343331336975098,-1.7521464824676514,0.9445697069168091
1773048761,375772622,world,cf231,-2.635024070739746,-1.7482807636260986,0.9591832160949707
1773048761,375772622,world,cf231_leg,-2.6342387199401855,-1.7517781257629395,0.9445486068725586
1773048761,380642942,world,cf231,-2.6348342895507812,-1.7478764057159424,0.959274172782898
1773048761,380642942,world,cf231_leg,-2.6341185569763184,-1.7512598037719727,0.9444493055343628
1773048761,385878484,world,cf231,-2.6347978115081787,-1.7474710941314697,0.9595615863800049
1773048761,385878484,world,cf231_leg,-2.6338462829589844,-1.7507063150405884,0.9444828033447266
1773048761,390570314,world,cf231,-2.6344821453094482,-1.7469266653060913,0.9594398736953735
1773048761,390570314,world,cf231_leg,-2.6338534355163574,-1.7501816749572754,0.9446957111358643
1773048761,395758535,world,cf231,-2.634352684020996,-1.7464123964309692,0.9595279693603516
1773048761,395758535,world,cf231_leg,-2.6336748600006104,-1.7495068311691284,0.9447249174118042
1773048761,400826136,world,cf231,-2.6342415809631348,-1.7460823059082031,0.9596258401870728
1773048761,400826136,world,cf231_leg,-2.6335501670837402,-1.749065637588501,0.9449563026428223
1773048761,406188460,world,cf231,-2.633978843688965,-1.745400071144104,0.9595365524291992
1773048761,406188460,world,cf231_leg,-2.633396625518799,-1.7484549283981323,0.9449347257614136
1773048761,410710589,world,cf231,-2.633715867996216,-1.7447618246078491,0.9594211578369141
1773048761,410710589,world,cf231_leg,-2.6333303451538086,-1.748028039932251,0.9450013637542725
1773048761,415624055,world,cf231,-2.633601665496826,-1.744320034980774,0.9593909978866577
1773048761,415624055,world,cf231_leg,-2.6332600116729736,-1.7475756406784058,0.9450646638870239
1773048761,420626139,world,cf231,-2.633558988571167,-1.7438342571258545,0.959436297416687
1773048761,420626139,world,cf231_leg,-2.6330783367156982,-1.7469797134399414,0.9449913501739502
1773048761,425618549,world,cf231,-2.6333112716674805,-1.743262767791748,0.9593683481216431
1773048761,425618549,world,cf231_leg,-2.632997512817383,-1.746443748474121,0.9450336694717407
1773048761,430499537,world,cf231,-2.6331441402435303,-1.7428064346313477,0.9594413042068481
1773048761,430499537,world,cf231_leg,-2.632720947265625,-1.745855689048767,0.9447916746139526
1773048761,435691907,world,cf231,-2.632997989654541,-1.7422574758529663,0.9593631029129028
1773048761,435691907,world,cf231_leg,-2.632570743560791,-1.7451999187469482,0.9447643756866455
1773048761,440709379,world,cf231,-2.6328999996185303,-1.7417628765106201,0.9593714475631714
1773048761,440709379,world,cf231_leg,-2.63242506980896,-1.7447761297225952,0.9446909427642822
1773048761,445697433,world,cf231,-2.6326181888580322,-1.7410982847213745,0.9593938589096069
1773048761,445697433,world,cf231_leg,-2.632369041442871,-1.7441565990447998,0.9448158740997314
1773048761,450652788,world,cf231,-2.632469654083252,-1.740623116493225,0.9593551158905029
1773048761,450652788,world,cf231_leg,-2.632310152053833,-1.7437694072723389,0.9449634552001953
1773048761,455618434,world,cf231,-2.6321771144866943,-1.739952802658081,0.9591995477676392
1773048761,455618434,world,cf231_leg,-2.6321725845336914,-1.743155837059021,0.9449857473373413
1773048761,460678119,world,cf231,-2.6321895122528076,-1.7394136190414429,0.9593861103057861
1773048761,460678119,world,cf231_leg,-2.632045030593872,-1.7426118850708008,0.9449267387390137
1773048761,465570480,world,cf231,-2.632049560546875,-1.7389028072357178,0.9593932628631592
1773048761,465570480,world,cf231_leg,-2.6318514347076416,-1.741989016532898,0.9449224472045898
1773048761,470432058,world,cf231,-2.6319546699523926,-1.738407850265503,0.959375262260437
1773048761,470432058,world,cf231_leg,-2.6316044330596924,-1.741126298904419,0.9448859691619873
1773048761,475698687,world,cf231,-2.6317403316497803,-1.737773060798645,0.9593356847763062
1773048761,475698687,world,cf231_leg,-2.631502389907837,-1.74075448513031,0.9449200630187988
1773048761,480715179,world,cf231,-2.631486654281616,-1.7370463609695435,0.9593921899795532
1773048761,480715179,world,cf231_leg,-2.6313436031341553,-1.740101933479309,0.944797158241272
1773048761,485999497,world,cf231,-2.6312577724456787,-1.7364634275436401,0.9594926834106445
1773048761,485999497,world,cf231_leg,-2.631263017654419,-1.7396804094314575,0.9448308944702148
1773048761,490575221,world,cf231,-2.6311099529266357,-1.7358707189559937,0.9594639539718628
1773048761,490575221,world,cf231_leg,-2.631105422973633,-1.7391494512557983,0.9447250366210938
1773048761,495568729,world,cf231,-2.631101131439209,-1.7353719472885132,0.9595479965209961
1773048761,495568729,world,cf231_leg,-2.6308889389038086,-1.7384449243545532,0.9446307420730591
1773048761,500647444,world,cf231,-2.6310231685638428,-1.7348248958587646,0.9595654010772705
1773048761,500647444,world,cf231_leg,-2.6307363510131836,-1.7378737926483154,0.9447578191757202
1773048761,505605191,world,cf231,-2.6307127475738525,-1.7340792417526245,0.9597368240356445
1773048761,505605191,world,cf231_leg,-2.630655527114868,-1.7371540069580078,0.944615364074707
1773048761,510465368,world,cf231,-2.63059139251709,-1.733444333076477,0.9597610235214233
1773048761,510465368,world,cf231_leg,-2.630608558654785,-1.7366665601730347,0.944844126701355
1773048761,515659702,world,cf231,-2.630422592163086,-1.7327994108200073,0.9596705436706543
1773048761,515659702,world,cf231_leg,-2.630507469177246,-1.7361608743667603,0.9446853399276733
1773048761,521547005,world,cf231,-2.6303019523620605,-1.7322386503219604,0.9597073793411255
1773048761,521547005,world,cf231_leg,-2.6304593086242676,-1.7355595827102661,0.9449408054351807
1773048761,525838031,world,cf231,-2.6301536560058594,-1.7315714359283447,0.9596660137176514
1773048761,525838031,world,cf231_leg,-2.6303980350494385,-1.7349863052368164,0.9451117515563965
1773048761,530770295,world,cf231,-2.6299257278442383,-1.7309467792510986,0.9596066474914551
1773048761,530770295,world,cf231_leg,-2.630251169204712,-1.734283685684204,0.9450802803039551
1773048761,541557891,world,cf231,-2.629784107208252,-1.7303184270858765,0.9596496820449829
1773048761,541557891,world,cf231_leg,-2.6300888061523438,-1.7336958646774292,0.9451805353164673
1773048761,542024576,world,cf231,-2.629587411880493,-1.729682207107544,0.9596531391143799
1773048761,542024576,world,cf231_leg,-2.630000114440918,-1.7331631183624268,0.945125937461853
1773048761,546187632,world,cf231,-2.6294479370117188,-1.7290140390396118,0.959532618522644
1773048761,546187632,world,cf231_leg,-2.6298086643218994,-1.7324577569961548,0.9448000192642212
1773048761,550542678,world,cf231,-2.6292378902435303,-1.7282383441925049,0.9594695568084717
1773048761,550542678,world,cf231_leg,-2.6297638416290283,-1.7320952415466309,0.9448593854904175
1773048761,555540202,world,cf231,-2.629100799560547,-1.727595329284668,0.9593468904495239
1773048761,555540202,world,cf231_leg,-2.6296942234039307,-1.7314722537994385,0.9446777105331421
1773048761,560831446,world,cf231,-2.629018783569336,-1.7269024848937988,0.9593844413757324
1773048761,560831446,world,cf231_leg,-2.629605531692505,-1.7307860851287842,0.9449273347854614
1773048761,565755013,world,cf231,-2.628847599029541,-1.7262831926345825,0.9593430757522583
1773048761,565755013,world,cf231_leg,-2.6294031143188477,-1.7301676273345947,0.9448442459106445
1773048761,570623062,world,cf231,-2.6286447048187256,-1.7254865169525146,0.9592547416687012
1773048761,570623062,world,cf231_leg,-2.6293346881866455,-1.7293953895568848,0.9447776079177856
1773048761,575773820,world,cf231,-2.628492832183838,-1.7248653173446655,0.9592335224151611
1773048761,575773820,world,cf231_leg,-2.629182815551758,-1.7288527488708496,0.9447652101516724
1773048761,580631335,world,cf231,-2.6285557746887207,-1.724211573600769,0.9592608213424683
1773048761,580631335,world,cf231_leg,-2.629287004470825,-1.7283788919448853,0.9448690414428711
1773048761,585814656,world,cf231,-2.6285877227783203,-1.7236136198043823,0.9591981172561646
1773048761,585814656,world,cf231_leg,-2.6290390491485596,-1.7276304960250854,0.9448434114456177
1773048761,590745996,world,cf231,-2.6285078525543213,-1.7229504585266113,0.9590694904327393
1773048761,590745996,world,cf231_leg,-2.6289613246917725,-1.7270925045013428,0.9448636770248413
1773048761,595658681,world,cf231,-2.6283817291259766,-1.7223153114318848,0.9591453075408936
1773048761,595658681,world,cf231_leg,-2.6287567615509033,-1.7263176441192627,0.9446622133255005
1773048761,600731574,world,cf231,-2.628322124481201,-1.7216031551361084,0.959044337272644
1773048761,600731574,world,cf231_leg,-2.628539562225342,-1.725725769996643,0.9445620775222778
1773048761,605742298,world,cf231,-2.6281495094299316,-1.7208279371261597,0.958897590637207
1773048761,605742298,world,cf231_leg,-2.628443717956543,-1.72507905960083,0.944401741027832
1773048761,610730862,world,cf231,-2.6280641555786133,-1.7201682329177856,0.958838939666748
1773048761,610730862,world,cf231_leg,-2.628445863723755,-1.7246131896972656,0.9444035291671753
1773048761,615763548,world,cf231,-2.628096342086792,-1.7195385694503784,0.9589197635650635
1773048761,615763548,world,cf231_leg,-2.628363847732544,-1.7240349054336548,0.9443185329437256
1773048761,620732468,world,cf231,-2.628075361251831,-1.7189255952835083,0.9589605331420898
1773048761,620732468,world,cf231_leg,-2.6281113624572754,-1.7233153581619263,0.944198727607727
1773048761,625619933,world,cf231,-2.627884864807129,-1.7180736064910889,0.9589428901672363
1773048761,625619933,world,cf231_leg,-2.6281046867370605,-1.72263765335083,0.944244384765625
1773048761,630619580,world,cf231,-2.6276841163635254,-1.717280387878418,0.9588686227798462
1773048761,630619580,world,cf231_leg,-2.6281206607818604,-1.721979022026062,0.9442816972732544
1773048761,636364081,world,cf231,-2.6275553703308105,-1.7166056632995605,0.958831787109375
1773048761,636364081,world,cf231_leg,-2.628021240234375,-1.7213006019592285,0.9442901611328125
1773048761,641167585,world,cf231,-2.6274847984313965,-1.7159388065338135,0.9588083028793335
1773048761,641167585,world,cf231_leg,-2.6280267238616943,-1.7208322286605835,0.9442524909973145
1773048761,645762782,world,cf231,-2.6275408267974854,-1.7154011726379395,0.958882212638855
1773048761,645762782,world,cf231_leg,-2.628011465072632,-1.7201874256134033,0.9442631006240845
1773048761,650747468,world,cf231,-2.6274986267089844,-1.7146459817886353,0.958917498588562
1773048761,650747468,world,cf231_leg,-2.627861738204956,-1.7195757627487183,0.9442343711853027
1773048761,655705655,world,cf231,-2.6274173259735107,-1.714011788368225,0.9588545560836792
1773048761,655705655,world,cf231_leg,-2.6277711391448975,-1.718887448310852,0.9440783262252808
1773048761,660604679,world,cf231,-2.6272408962249756,-1.7131638526916504,0.9587422609329224
1773048761,660604679,world,cf231_leg,-2.627551555633545,-1.7180676460266113,0.9438523054122925
1773048761,665621993,world,cf231,-2.627251625061035,-1.7126047611236572,0.95857834815979
1773048761,665621993,world,cf231_leg,-2.627516031265259,-1.7175867557525635,0.9438337087631226
1773048761,670730516,world,cf231,-2.6273701190948486,-1.711970329284668,0.9587661027908325
1773048761,670730516,world,cf231_leg,-2.627490520477295,-1.717014193534851,0.9437625408172607
1773048761,675607154,world,cf231,-2.6274421215057373,-1.711426854133606,0.9588720798492432
1773048761,675607154,world,cf231_leg,-2.627378463745117,-1.716531753540039,0.9437472820281982
1773048761,680841566,world,cf231,-2.6274733543395996,-1.7109028100967407,0.9588479995727539
1773048761,680841566,world,cf231_leg,-2.6272737979888916,-1.7157491445541382,0.9436886310577393
1773048761,686347575,world,cf231,-2.627197504043579,-1.709980845451355,0.958914041519165
1773048761,686347575,world,cf231_leg,-2.6270387172698975,-1.7150226831436157,0.9435778856277466
1773048761,690622345,world,cf231,-2.627171516418457,-1.7092169523239136,0.9585311412811279
1773048761,690622345,world,cf231_leg,-2.627044677734375,-1.71443772315979,0.9435508251190186
1773048761,696072475,world,cf231,-2.6271355152130127,-1.7087244987487793,0.9587138891220093
1773048761,696072475,world,cf231_leg,-2.6268181800842285,-1.713629126548767,0.9434826374053955
1773048761,701560967,world,cf231,-2.627103805541992,-1.7081218957901,0.9585280418395996
1773048761,701560967,world,cf231_leg,-2.62697434425354,-1.7131743431091309,0.9437558650970459
1773048761,705499394,world,cf231,-2.627013683319092,-1.7075008153915405,0.958662748336792
1773048761,705499394,world,cf231_leg,-2.6269290447235107,-1.7126578092575073,0.943709135055542
1773048761,710682599,world,cf231,-2.6268844604492188,-1.7067053318023682,0.9586435556411743
1773048761,710682599,world,cf231_leg,-2.6267571449279785,-1.7120047807693481,0.9437395334243774
1773048761,715698904,world,cf231,-2.626715898513794,-1.7059718370437622,0.9584451913833618
1773048761,715698904,world,cf231_leg,-2.6267757415771484,-1.7113757133483887,0.9436331987380981
1773048761,720652414,world,cf231,-2.626664400100708,-1.7052974700927734,0.958429217338562
1773048761,720652414,world,cf231_leg,-2.626558780670166,-1.7106653451919556,0.943544864654541
1773048761,725571904,world,cf231,-2.626718521118164,-1.704764723777771,0.9583636522293091
1773048761,725571904,world,cf231_leg,-2.6265082359313965,-1.7100318670272827,0.9433563947677612
1773048761,732003163,world,cf231,-2.62658953666687,-1.7040873765945435,0.9583309888839722
1773048761,732003163,world,cf231_leg,-2.6264419555664062,-1.7094846963882446,0.9434397220611572
1773048761,735666248,world,cf231,-2.6266376972198486,-1.703436017036438,0.9583332538604736
1773048761,735666248,world,cf231_leg,-2.626462936401367,-1.7089109420776367,0.9431511163711548
1773048761,740780877,world,cf231,-2.626749277114868,-1.7029528617858887,0.9584418535232544
1773048761,740780877,world,cf231_leg,-2.626347780227661,-1.7083735466003418,0.9433376789093018
1773048761,745707933,world,cf231,-2.6267025470733643,-1.7021923065185547,0.9582647085189819
1773048761,745707933,world,cf231_leg,-2.626288890838623,-1.7077116966247559,0.9433791637420654
1773048761,750576984,world,cf231,-2.626688003540039,-1.7015793323516846,0.9582750797271729
1773048761,750576984,world,cf231_leg,-2.6261773109436035,-1.7069226503372192,0.9433611631393433
1773048761,755878966,world,cf231,-2.626547336578369,-1.700907588005066,0.9581825733184814
1773048761,755878966,world,cf231_leg,-2.626103639602661,-1.7063751220703125,0.9435157775878906
1773048761,760558084,world,cf231,-2.6264662742614746,-1.70012629032135,0.9581136703491211
1773048761,760558084,world,cf231_leg,-2.626060962677002,-1.7057114839553833,0.9433985948562622
1773048761,765572220,world,cf231,-2.62650990486145,-1.6996396780014038,0.9581253528594971
1773048761,765572220,world,cf231_leg,-2.6260180473327637,-1.705316424369812,0.9435820579528809
1773048761,770652756,world,cf231,-2.626586437225342,-1.699021577835083,0.9581913948059082
1773048761,770652756,world,cf231_leg,-2.6259396076202393,-1.7045512199401855,0.9434926509857178
1773048761,775563931,world,cf231,-2.6264655590057373,-1.6983448266983032,0.9581015110015869
1773048761,775563931,world,cf231_leg,-2.625765085220337,-1.704017996788025,0.9433666467666626
1773048761,780799584,world,cf231,-2.6264166831970215,-1.6977425813674927,0.9580761194229126
1773048761,780799584,world,cf231_leg,-2.625647783279419,-1.7033684253692627,0.943418025970459
1773048761,785731836,world,cf231,-2.626211404800415,-1.6970621347427368,0.958025336265564
1773048761,785731836,world,cf231_leg,-2.625582456588745,-1.70278000831604,0.9433503150939941
1773048761,790747880,world,cf231,-2.6261813640594482,-1.6964540481567383,0.9580047130584717
1773048761,790747880,world,cf231_leg,-2.625439405441284,-1.702118158340454,0.943279504776001
1773048761,795792747,world,cf231,-2.626075267791748,-1.6957669258117676,0.9579325914382935
1773048761,795792747,world,cf231_leg,-2.6254384517669678,-1.7016557455062866,0.9431575536727905
1773048761,800666419,world,cf231,-2.6261236667633057,-1.6951144933700562,0.9579370021820068
1773048761,800666419,world,cf231_leg,-2.625363349914551,-1.7010754346847534,0.9430253505706787
1773048761,805926869,world,cf231,-2.6261050701141357,-1.6944563388824463,0.9578227996826172
1773048761,805926869,world,cf231_leg,-2.6252450942993164,-1.700326919555664,0.9432277679443359
1773048761,812041449,world,cf231,-2.626131057739258,-1.6937581300735474,0.9580076932907104
1773048761,812041449,world,cf231_leg,-2.6252284049987793,-1.6997228860855103,0.9432294368743896
1773048761,815614880,world,cf231,-2.625966787338257,-1.6931631565093994,0.95795738697052
1773048761,815614880,world,cf231_leg,-2.6251862049102783,-1.6991701126098633,0.9432731866836548
1773048761,820602952,world,cf231,-2.625931978225708,-1.692631721496582,0.957817554473877
1773048761,820602952,world,cf231_leg,-2.625030040740967,-1.6983957290649414,0.9431614875793457
1773048761,825652823,world,cf231,-2.625977039337158,-1.6920576095581055,0.9576972723007202
1773048761,825652823,world,cf231_leg,-2.6250438690185547,-1.697968602180481,0.9432228803634644
1773048761,830787162,world,cf231,-2.6260061264038086,-1.6913490295410156,0.9578036069869995
1773048761,830787162,world,cf231_leg,-2.625096082687378,-1.697485327720642,0.9432970285415649
1773048761,835587754,world,cf231,-2.6259260177612305,-1.690682291984558,0.9577035903930664
1773048761,835587754,world,cf231_leg,-2.6249682903289795,-1.6968492269515991,0.943132758140564
1773048761,840659798,world,cf231,-2.625814914703369,-1.6900715827941895,0.9578983783721924
1773048761,840659798,world,cf231_leg,-2.6249008178710938,-1.6963794231414795,0.9430922269821167
1773048761,845503037,world,cf231,-2.6257309913635254,-1.6894105672836304,0.9578633308410645
1773048761,845503037,world,cf231_leg,-2.6247382164001465,-1.6956130266189575,0.9428917169570923
1773048761,850663632,world,cf231,-2.625678539276123,-1.688854455947876,0.9578591585159302
1773048761,850663632,world,cf231_leg,-2.624666929244995,-1.6950711011886597,0.942870020866394
1773048761,855664210,world,cf231,-2.6256775856018066,-1.6883058547973633,0.9579256772994995
1773048761,855664210,world,cf231_leg,-2.6245081424713135,-1.6944125890731812,0.9427708387374878
1773048761,860771734,world,cf231,-2.625501871109009,-1.687685251235962,0.9579585790634155
1773048761,860771734,world,cf231_leg,-2.6243529319763184,-1.6939128637313843,0.9427839517593384
1773048761,866916823,world,cf231,-2.625476121902466,-1.687042236328125,0.9580379724502563
1773048761,866916823,world,cf231_leg,-2.62439227104187,-1.6934365034103394,0.9428201913833618
1773048761,870580311,world,cf231,-2.6252338886260986,-1.6862574815750122,0.9578245878219604
1773048761,870580311,world,cf231_leg,-2.62419056892395,-1.6927664279937744,0.9427601099014282
1773048761,875504311,world,cf231,-2.6251654624938965,-1.6857805252075195,0.9578030109405518
1773048761,875504311,world,cf231_leg,-2.6240832805633545,-1.6922121047973633,0.9427094459533691
1773048761,880532311,world,cf231,-2.6250712871551514,-1.6852080821990967,0.9577968120574951
1773048761,880532311,world,cf231_leg,-2.6241395473480225,-1.691463828086853,0.9429078102111816
1773048761,885952341,world,cf231,-2.6249890327453613,-1.684584617614746,0.9578797817230225
1773048761,885952341,world,cf231_leg,-2.6239516735076904,-1.6909009218215942,0.9428573846817017
1773048761,890708497,world,cf231,-2.624955654144287,-1.6840485334396362,0.9579044580459595
1773048761,890708497,world,cf231_leg,-2.623931407928467,-1.6903209686279297,0.942732572555542
1773048761,895473558,world,cf231,-2.624790668487549,-1.6834232807159424,0.9580205678939819
1773048761,895473558,world,cf231_leg,-2.623873710632324,-1.6899621486663818,0.94275963306427
1773048761,900616600,world,cf231,-2.6246581077575684,-1.6828210353851318,0.9578676223754883
1773048761,900616600,world,cf231_leg,-2.6239614486694336,-1.6895016431808472,0.9427417516708374
1773048761,905496962,world,cf231,-2.6247525215148926,-1.682270884513855,0.9579802751541138
1773048761,905496962,world,cf231_leg,-2.623735189437866,-1.6887956857681274,0.9425911903381348
1773048761,910718878,world,cf231,-2.6246445178985596,-1.6816619634628296,0.9577797651290894
1773048761,910718878,world,cf231_leg,-2.6236300468444824,-1.6882646083831787,0.9425499439239502
1773048761,915729780,world,cf231,-2.624568223953247,-1.6811567544937134,0.9577955007553101
1773048761,915729780,world,cf231_leg,-2.6234607696533203,-1.6875412464141846,0.9423812627792358
1773048761,920666099,world,cf231,-2.6243622303009033,-1.6805921792984009,0.9577341079711914
1773048761,920666099,world,cf231_leg,-2.623433828353882,-1.687127709388733,0.942306399345398
1773048761,925754429,world,cf231,-2.6242129802703857,-1.680037021636963,0.9577101469039917
1773048761,925754429,world,cf231_leg,-2.623371124267578,-1.6866071224212646,0.9422281980514526
1773048761,930688806,world,cf231,-2.624185562133789,-1.6794997453689575,0.9576824903488159
1773048761,930688806,world,cf231_leg,-2.6232998371124268,-1.6861836910247803,0.9422106742858887
1773048761,935881242,world,cf231,-2.6242027282714844,-1.6790226697921753,0.9576044082641602
1773048761,935881242,world,cf231_leg,-2.623363733291626,-1.6856244802474976,0.942353367805481
1773048761,940717752,world,cf231,-2.624056816101074,-1.6784677505493164,0.9575521945953369
1773048761,940717752,world,cf231_leg,-2.6231796741485596,-1.6850135326385498,0.9424840211868286
1773048761,945709757,world,cf231,-2.623883008956909,-1.6779685020446777,0.9573805332183838
1773048761,945709757,world,cf231_leg,-2.623117685317993,-1.6844643354415894,0.9425454139709473
1773048761,950843742,world,cf231,-2.6238977909088135,-1.6774611473083496,0.9574718475341797
1773048761,950843742,world,cf231_leg,-2.6229212284088135,-1.6837925910949707,0.9424394369125366
1773048761,955797925,world,cf231,-2.623722553253174,-1.6768845319747925,0.9574766159057617
1773048761,955797925,world,cf231_leg,-2.6228930950164795,-1.6832337379455566,0.9425382614135742
1773048761,960521263,world,cf231,-2.623767614364624,-1.6764705181121826,0.9575042724609375
1773048761,960521263,world,cf231_leg,-2.6227939128875732,-1.6827393770217896,0.9425675868988037
1773048761,965884617,world,cf231,-2.623579740524292,-1.675898790359497,0.957450270652771
1773048761,965884617,world,cf231_leg,-2.6227312088012695,-1.682269811630249,0.9424991607666016
1773048761,970702549,world,cf231,-2.6235122680664062,-1.675463080406189,0.9573822021484375
1773048761,970702549,world,cf231_leg,-2.6227073669433594,-1.6819686889648438,0.9425579309463501
1773048761,975811457,world,cf231,-2.6233274936676025,-1.674965500831604,0.9573144912719727
1773048761,975811457,world,cf231_leg,-2.6224734783172607,-1.6811902523040771,0.9424711465835571
1773048761,980642192,world,cf231,-2.623138666152954,-1.674396276473999,0.9572806358337402
1773048761,980642192,world,cf231_leg,-2.62227725982666,-1.6807061433792114,0.9423611164093018
1773048761,987324604,world,cf231,-2.6231272220611572,-1.6739723682403564,0.9572705030441284
1773048761,987324604,world,cf231_leg,-2.622171401977539,-1.6801657676696777,0.9424810409545898
1773048761,990675987,world,cf231,-2.6229135990142822,-1.6733343601226807,0.9572728872299194
1773048761,990675987,world,cf231_leg,-2.6220908164978027,-1.6796276569366455,0.9423806667327881
1773048761,995626934,world,cf231,-2.6228508949279785,-1.6728547811508179,0.9572014808654785
1773048761,995626934,world,cf231_leg,-2.621870517730713,-1.6790766716003418,0.9423043727874756
1773048762,664053,world,cf231,-2.6227753162384033,-1.6724345684051514,0.9573273658752441
1773048762,664053,world,cf231_leg,-2.6219654083251953,-1.6785798072814941,0.9423322677612305
1773048762,6261941,world,cf231,-2.622617721557617,-1.6720008850097656,0.9571815729141235
1773048762,6261941,world,cf231_leg,-2.621926784515381,-1.6783255338668823,0.9425101280212402
1773048762,10795479,world,cf231,-2.622398853302002,-1.6714367866516113,0.9570438861846924
1773048762,10795479,world,cf231_leg,-2.6218881607055664,-1.677660584449768,0.9423882961273193
1773048762,15613620,world,cf231,-2.6224448680877686,-1.6710227727890015,0.9570703506469727
1773048762,15613620,world,cf231_leg,-2.6218512058258057,-1.6771444082260132,0.9427281618118286
1773048762,20601405,world,cf231,-2.622330665588379,-1.6706920862197876,0.957033634185791
1773048762,20601405,world,cf231_leg,-2.621767044067383,-1.6765336990356445,0.9426474571228027
1773048762,25630879,world,cf231,-2.6221659183502197,-1.6701397895812988,0.9571632146835327
1773048762,25630879,world,cf231_leg,-2.621509313583374,-1.675922155380249,0.9425685405731201
1773048762,30514835,world,cf231,-2.6219401359558105,-1.6696265935897827,0.9570897817611694
1773048762,30514835,world,cf231_leg,-2.621445655822754,-1.6754480600357056,0.9424892663955688
1773048762,35807218,world,cf231,-2.621961832046509,-1.6693049669265747,0.9572734832763672
1773048762,35807218,world,cf231_leg,-2.6213207244873047,-1.6749649047851562,0.9424260854721069
1773048762,40717126,world,cf231,-2.6218831539154053,-1.6688299179077148,0.9571712017059326
1773048762,40717126,world,cf231_leg,-2.621450185775757,-1.6746717691421509,0.9425159692764282
1773048762,45744769,world,cf231,-2.6218647956848145,-1.6684503555297852,0.957189679145813
1773048762,45744769,world,cf231_leg,-2.621263027191162,-1.6741834878921509,0.9425034523010254
1773048762,50725482,world,cf231,-2.6219401359558105,-1.6681448221206665,0.9570847749710083
1773048762,50725482,world,cf231_leg,-2.621091365814209,-1.6735310554504395,0.9423843622207642
1773048762,55556779,world,cf231,-2.6217668056488037,-1.6676384210586548,0.9572654962539673
1773048762,55556779,world,cf231_leg,-2.6210272312164307,-1.673105239868164,0.9423006772994995
1773048762,60965877,world,cf231,-2.621523141860962,-1.6670488119125366,0.9573218822479248
1773048762,60965877,world,cf231_leg,-2.620774745941162,-1.6724934577941895,0.9421733617782593
1773048762,65650753,world,cf231,-2.6214599609375,-1.666571021080017,0.957270622253418
1773048762,65650753,world,cf231_leg,-2.6207525730133057,-1.6718870401382446,0.9422478675842285
1773048762,70608565,world,cf231,-2.6214425563812256,-1.66611647605896,0.9574590921401978
1773048762,70608565,world,cf231_leg,-2.620652437210083,-1.6713218688964844,0.942288875579834
1773048762,75685828,world,cf231,-2.621382713317871,-1.6657553911209106,0.9573462009429932
1773048762,75685828,world,cf231_leg,-2.6207175254821777,-1.670947551727295,0.9424132108688354
1773048762,80665132,world,cf231,-2.6212217807769775,-1.6653190851211548,0.957414984703064
1773048762,80665132,world,cf231_leg,-2.6205153465270996,-1.6705498695373535,0.9424817562103271
1773048762,89924768,world,cf231,-2.6211211681365967,-1.6650145053863525,0.9572898149490356
1773048762,89924768,world,cf231_leg,-2.620474338531494,-1.669888973236084,0.9424160718917847
1773048762,90703089,world,cf231,-2.6209895610809326,-1.664525032043457,0.9572889804840088
1773048762,90703089,world,cf231_leg,-2.620452880859375,-1.6695576906204224,0.9425961971282959
1773048762,95604555,world,cf231,-2.621016025543213,-1.6641902923583984,0.9573255777359009
1773048762,95604555,world,cf231_leg,-2.620326042175293,-1.668959379196167,0.942584753036499
1773048762,101013625,world,cf231,-2.621009111404419,-1.663656234741211,0.9575865268707275
1773048762,101013625,world,cf231_leg,-2.6201107501983643,-1.6683599948883057,0.9424846172332764
1773048762,106683786,world,cf231,-2.6210246086120605,-1.663339376449585,0.9576573371887207
1773048762,106683786,world,cf231_leg,-2.6198995113372803,-1.6677302122116089,0.9424829483032227
1773048762,111082249,world,cf231,-2.6208784580230713,-1.6628268957138062,0.9575798511505127
1773048762,111082249,world,cf231_leg,-2.6198413372039795,-1.6673043966293335,0.9423507452011108
1773048762,115842365,world,cf231,-2.620802402496338,-1.662480115890503,0.9577209949493408
1773048762,115842365,world,cf231_leg,-2.619710922241211,-1.6669350862503052,0.942307710647583
1773048762,120558234,world,cf231,-2.620560884475708,-1.6618105173110962,0.9574927091598511
1773048762,120558234,world,cf231_leg,-2.619605541229248,-1.6665091514587402,0.9426019191741943
1773048762,125520110,world,cf231,-2.620642900466919,-1.6615030765533447,0.9575198888778687
1773048762,125520110,world,cf231_leg,-2.6194610595703125,-1.6660091876983643,0.9425368309020996
1773048762,130666475,world,cf231,-2.620485782623291,-1.6609927415847778,0.9575455188751221
1773048762,130666475,world,cf231_leg,-2.6194584369659424,-1.6655088663101196,0.9427593946456909
1773048762,135793387,world,cf231,-2.620420455932617,-1.6606011390686035,0.95763099193573
1773048762,135793387,world,cf231_leg,-2.6192257404327393,-1.6648142337799072,0.942784309387207
1773048762,141157393,world,cf231,-2.6202306747436523,-1.6601001024246216,0.9575963020324707
1773048762,141157393,world,cf231_leg,-2.6191508769989014,-1.6643800735473633,0.942954421043396
1773048762,145761947,world,cf231,-2.620117425918579,-1.65964937210083,0.957573652267456
1773048762,145761947,world,cf231_leg,-2.6190004348754883,-1.6637715101242065,0.9432317018508911
1773048762,151930675,world,cf231,-2.6200480461120605,-1.6592538356781006,0.9576709270477295
1773048762,151930675,world,cf231_leg,-2.6189138889312744,-1.6632299423217773,0.9431850910186768
1773048762,155834914,world,cf231,-2.619863510131836,-1.6587138175964355,0.9574631452560425
1773048762,155834914,world,cf231_leg,-2.6189191341400146,-1.6628098487854004,0.9429996013641357
1773048762,161943194,world,cf231,-2.6197285652160645,-1.658268928527832,0.957461953163147
1773048762,161943194,world,cf231_leg,-2.6188948154449463,-1.6625094413757324,0.9430782794952393
1773048762,165768056,world,cf231,-2.6196236610412598,-1.6577436923980713,0.9575531482696533
1773048762,165768056,world,cf231_leg,-2.61865496635437,-1.66184663772583,0.9430456161499023
1773048762,170863827,world,cf231,-2.61948823928833,-1.6572266817092896,0.9575589895248413
1773048762,170863827,world,cf231_leg,-2.618486166000366,-1.6613497734069824,0.9430242776870728
1773048762,175840836,world,cf231,-2.6193883419036865,-1.656770944595337,0.9575945138931274
1773048762,175840836,world,cf231_leg,-2.6183691024780273,-1.6607491970062256,0.9429219961166382
1773048762,180665420,world,cf231,-2.6192924976348877,-1.656267523765564,0.9576106071472168
1773048762,180665420,world,cf231_leg,-2.6182968616485596,-1.660321831703186,0.9429118633270264
1773048762,186090993,world,cf231,-2.6192171573638916,-1.655880093574524,0.9576113224029541
1773048762,186090993,world,cf231_leg,-2.6180944442749023,-1.659716248512268,0.942867636680603
1773048762,191802976,world,cf231,-2.618927478790283,-1.6552314758300781,0.9575551748275757
1773048762,191802976,world,cf231_leg,-2.61793851852417,-1.6591719388961792,0.942751407623291
1773048762,195901802,world,cf231,-2.618806838989258,-1.6547781229019165,0.9577767848968506
1773048762,195901802,world,cf231_leg,-2.6181654930114746,-1.6588877439498901,0.9431220293045044
1773048762,200778099,world,cf231,-2.618691921234131,-1.654211163520813,0.9578127861022949
1773048762,200778099,world,cf231_leg,-2.618051528930664,-1.6583296060562134,0.9431453943252563
1773048762,205731715,world,cf231,-2.6185882091522217,-1.6536377668380737,0.9579120874404907
1773048762,205731715,world,cf231_leg,-2.6179957389831543,-1.6577801704406738,0.9431778192520142
1773048762,210710243,world,cf231,-2.618438243865967,-1.6530781984329224,0.9578932523727417
1773048762,210710243,world,cf231_leg,-2.617924451828003,-1.657253384590149,0.9432988166809082
1773048762,215893214,world,cf231,-2.6182351112365723,-1.6526248455047607,0.9579588174819946
1773048762,215893214,world,cf231_leg,-2.617757558822632,-1.6566394567489624,0.9432878494262695
1773048762,220655164,world,cf231,-2.61806583404541,-1.652159571647644,0.9580650329589844
1773048762,220655164,world,cf231_leg,-2.617579460144043,-1.6560982465744019,0.943192720413208
1773048762,225641011,world,cf231,-2.6178691387176514,-1.6516311168670654,0.9580637216567993
1773048762,225641011,world,cf231_leg,-2.617487907409668,-1.6556028127670288,0.943171501159668
1773048762,230771580,world,cf231,-2.617770195007324,-1.6510100364685059,0.958142876625061
1773048762,230771580,world,cf231_leg,-2.617424964904785,-1.6551264524459839,0.9430943727493286
1773048762,235703393,world,cf231,-2.617582082748413,-1.65043306350708,0.9582785367965698
1773048762,235703393,world,cf231_leg,-2.6174368858337402,-1.654815912246704,0.9431891441345215
1773048762,240828504,world,cf231,-2.6174685955047607,-1.6498639583587646,0.9582924842834473
1773048762,240828504,world,cf231_leg,-2.6173338890075684,-1.654284954071045,0.9431613683700562
1773048762,245671267,world,cf231,-2.6171634197235107,-1.6491972208023071,0.9581975936889648
1773048762,245671267,world,cf231_leg,-2.617206573486328,-1.6537302732467651,0.9431321620941162
1773048762,250751628,world,cf231,-2.61706280708313,-1.6486948728561401,0.9582643508911133
1773048762,250751628,world,cf231_leg,-2.617138147354126,-1.6531094312667847,0.9432752132415771
1773048762,255950867,world,cf231,-2.6171395778656006,-1.6482853889465332,0.9584966897964478
1773048762,255950867,world,cf231_leg,-2.6169240474700928,-1.6525194644927979,0.9434508085250854
1773048762,260693112,world,cf231,-2.617060899734497,-1.6476867198944092,0.9584152698516846
1773048762,260693112,world,cf231_leg,-2.61677622795105,-1.6518961191177368,0.9434133768081665
1773048762,265751882,world,cf231,-2.616790533065796,-1.6471068859100342,0.9583743810653687
1773048762,265751882,world,cf231_leg,-2.616734743118286,-1.6513795852661133,0.9436178207397461
1773048762,270755159,world,cf231,-2.616563320159912,-1.6465895175933838,0.9583055973052979
1773048762,270755159,world,cf231_leg,-2.616687297821045,-1.6509405374526978,0.9437227249145508
1773048762,275866438,world,cf231,-2.616549491882324,-1.6461225748062134,0.9581855535507202
1773048762,275866438,world,cf231_leg,-2.6166162490844727,-1.6505157947540283,0.9437255859375
1773048762,280736007,world,cf231,-2.6164298057556152,-1.6455680131912231,0.9583714008331299
1773048762,280736007,world,cf231_leg,-2.6164615154266357,-1.649964451789856,0.9437646865844727
1773048762,285691283,world,cf231,-2.6164565086364746,-1.644964337348938,0.958422064781189
1773048762,285691283,world,cf231_leg,-2.6163265705108643,-1.6494096517562866,0.9438064098358154
1773048762,290530901,world,cf231,-2.6163790225982666,-1.6444566249847412,0.9584647417068481
1773048762,290530901,world,cf231_leg,-2.6161277294158936,-1.6489143371582031,0.9438799619674683
1773048762,295790484,world,cf231,-2.6162006855010986,-1.6438006162643433,0.9584884643554688
1773048762,295790484,world,cf231_leg,-2.6160757541656494,-1.6483153104782104,0.9438945055007935
1773048762,300773205,world,cf231,-2.6160690784454346,-1.6431617736816406,0.9584847688674927
1773048762,300773205,world,cf231_leg,-2.6158742904663086,-1.647755742073059,0.9438258409500122
1773048762,305736368,world,cf231,-2.6159756183624268,-1.642655611038208,0.9584782123565674
1773048762,305736368,world,cf231_leg,-2.615807294845581,-1.6472797393798828,0.9437931776046753
1773048762,310606232,world,cf231,-2.6159305572509766,-1.6420161724090576,0.9587879180908203
1773048762,310606232,world,cf231_leg,-2.615889310836792,-1.6468713283538818,0.9440927505493164
1773048762,315682067,world,cf231,-2.615739107131958,-1.6414015293121338,0.9586437940597534
1773048762,315682067,world,cf231_leg,-2.6158506870269775,-1.6463143825531006,0.9441393613815308
1773048762,320798487,world,cf231,-2.6155784130096436,-1.6408426761627197,0.95872962474823
1773048762,320798487,world,cf231_leg,-2.6157774925231934,-1.645668625831604,0.9442999362945557
1773048762,325696008,world,cf231,-2.615495204925537,-1.640365719795227,0.9586811065673828
1773048762,325696008,world,cf231_leg,-2.615684986114502,-1.645133376121521,0.9441642761230469
1773048762,330705278,world,cf231,-2.6152613162994385,-1.6398475170135498,0.958667516708374
1773048762,330705278,world,cf231_leg,-2.6155850887298584,-1.6445674896240234,0.9442251920700073
1773048762,335755868,world,cf231,-2.6152279376983643,-1.639125108718872,0.9592164754867554
1773048762,335755868,world,cf231_leg,-2.615480661392212,-1.6440305709838867,0.944190263748169
1773048762,341653216,world,cf231,-2.6153156757354736,-1.6386516094207764,0.9592612981796265
1773048762,341653216,world,cf231_leg,-2.6154189109802246,-1.6434332132339478,0.9441108703613281
1773048762,345510568,world,cf231,-2.615154981613159,-1.6378750801086426,0.9591615200042725
1773048762,345510568,world,cf231_leg,-2.6154654026031494,-1.6430234909057617,0.9441167116165161
1773048762,350927348,world,cf231,-2.614959955215454,-1.6373006105422974,0.9591864347457886
1773048762,350927348,world,cf231_leg,-2.6153295040130615,-1.6425877809524536,0.9441629648208618
1773048762,355820691,world,cf231,-2.6148221492767334,-1.636782169342041,0.959219217300415
1773048762,355820691,world,cf231_leg,-2.6152865886688232,-1.641991376876831,0.9441192150115967
1773048762,360798470,world,cf231,-2.6146955490112305,-1.6362159252166748,0.959176778793335
1773048762,360798470,world,cf231_leg,-2.615187883377075,-1.6415019035339355,0.9440114498138428
1773048762,365655091,world,cf231,-2.6147594451904297,-1.6356438398361206,0.9594013690948486
1773048762,365655091,world,cf231_leg,-2.6150963306427,-1.6408127546310425,0.9441903829574585
1773048762,370670093,world,cf231,-2.614598035812378,-1.6350878477096558,0.9593213796615601
1773048762,370670093,world,cf231_leg,-2.614985704421997,-1.6402500867843628,0.9441758394241333
1773048762,375948491,world,cf231,-2.6144347190856934,-1.634458303451538,0.9592536687850952
1773048762,375948491,world,cf231_leg,-2.615020990371704,-1.6396963596343994,0.9442654848098755
1773048762,380577036,world,cf231,-2.61426043510437,-1.6338046789169312,0.9592670202255249
1773048762,380577036,world,cf231_leg,-2.6149208545684814,-1.6392478942871094,0.9443132877349854
1773048762,386269053,world,cf231,-2.614196300506592,-1.6332910060882568,0.9593703746795654
1773048762,386269053,world,cf231_leg,-2.61498761177063,-1.6388753652572632,0.9444558620452881
1773048762,390728473,world,cf231,-2.61409068107605,-1.6325997114181519,0.9593466520309448
1773048762,390728473,world,cf231_leg,-2.6148300170898438,-1.63832426071167,0.9445382356643677
1773048762,395759518,world,cf231,-2.613987922668457,-1.6319799423217773,0.95928955078125
1773048762,395759518,world,cf231_leg,-2.614800453186035,-1.6378345489501953,0.9446922540664673
1773048762,400843550,world,cf231,-2.6140177249908447,-1.6314644813537598,0.959445595741272
1773048762,400843550,world,cf231_leg,-2.614598274230957,-1.63722562789917,0.944650411605835
1773048762,405897993,world,cf231,-2.6139180660247803,-1.630779504776001,0.9596376419067383
1773048762,405897993,world,cf231_leg,-2.614370346069336,-1.6366616487503052,0.9448080062866211
1773048762,410736745,world,cf231,-2.6138951778411865,-1.6302396059036255,0.9596074819564819
1773048762,410736745,world,cf231_leg,-2.6143202781677246,-1.6361095905303955,0.9447966814041138
1773048762,415679676,world,cf231,-2.6138579845428467,-1.6297060251235962,0.9595413208007812
1773048762,415679676,world,cf231_leg,-2.614156723022461,-1.6355620622634888,0.944754958152771
1773048762,420857134,world,cf231,-2.6138110160827637,-1.6291695833206177,0.959539532661438
1773048762,420857134,world,cf231_leg,-2.614163637161255,-1.6351544857025146,0.944861888885498
1773048762,425970042,world,cf231,-2.6137571334838867,-1.6285606622695923,0.9596009254455566
1773048762,425970042,world,cf231_leg,-2.6141481399536133,-1.6346179246902466,0.9449189901351929
1773048762,430782480,world,cf231,-2.613739013671875,-1.628029465675354,0.9598077535629272
1773048762,430782480,world,cf231_leg,-2.6141672134399414,-1.6340817213058472,0.9452743530273438
1773048762,435900704,world,cf231,-2.6138217449188232,-1.6274102926254272,0.9597150087356567
1773048762,435900704,world,cf231_leg,-2.614051103591919,-1.6335209608078003,0.945324182510376
1773048762,440569799,world,cf231,-2.613795280456543,-1.6267884969711304,0.9600609540939331
1773048762,440569799,world,cf231_leg,-2.613985776901245,-1.6329731941223145,0.945281982421875
1773048762,445639351,world,cf231,-2.613873243331909,-1.62624192237854,0.9601987600326538
1773048762,445639351,world,cf231_leg,-2.6138551235198975,-1.6324151754379272,0.9452826976776123
1773048762,450891320,world,cf231,-2.6138157844543457,-1.6255682706832886,0.9601453542709351
1773048762,450891320,world,cf231_leg,-2.6137900352478027,-1.63181734085083,0.9452491998672485
1773048762,455764479,world,cf231,-2.6136717796325684,-1.6249308586120605,0.9602710008621216
1773048762,455764479,world,cf231_leg,-2.6137514114379883,-1.6314489841461182,0.9452903270721436
1773048762,461038218,world,cf231,-2.6136534214019775,-1.6244741678237915,0.960491418838501
1773048762,461038218,world,cf231_leg,-2.6137406826019287,-1.6310303211212158,0.9452850818634033
1773048762,465869220,world,cf231,-2.6135730743408203,-1.6239184141159058,0.9605951309204102
1773048762,465869220,world,cf231_leg,-2.613837480545044,-1.6306753158569336,0.945353627204895
1773048762,470643290,world,cf231,-2.6135072708129883,-1.6233147382736206,0.960595965385437
1773048762,470643290,world,cf231_leg,-2.6135716438293457,-1.6299471855163574,0.9452230930328369
1773048762,475783606,world,cf231,-2.613583564758301,-1.6227396726608276,0.9607177972793579
1773048762,475783606,world,cf231_leg,-2.613588333129883,-1.629517674446106,0.9453097581863403
1773048762,481839271,world,cf231,-2.6134655475616455,-1.622168779373169,0.9607868194580078
1773048762,481839271,world,cf231_leg,-2.6135621070861816,-1.6289246082305908,0.9455612897872925
1773048762,486947274,world,cf231,-2.6133878231048584,-1.6215862035751343,0.9608417749404907
1773048762,486947274,world,cf231_leg,-2.613522529602051,-1.6282981634140015,0.9456390142440796
1773048762,490910512,world,cf231,-2.613335371017456,-1.6210697889328003,0.960841178894043
1773048762,490910512,world,cf231_leg,-2.613445520401001,-1.627864956855774,0.945665717124939
1773048762,495644398,world,cf231,-2.6132960319519043,-1.620430588722229,0.9609369039535522
1773048762,495644398,world,cf231_leg,-2.613416910171509,-1.6273479461669922,0.9457744359970093
1773048762,500824043,world,cf231,-2.6134417057037354,-1.6198631525039673,0.9611785411834717
1773048762,500824043,world,cf231_leg,-2.613515853881836,-1.6271538734436035,0.9459555149078369
1773048762,506603771,world,cf231,-2.613396167755127,-1.6193727254867554,0.9611455202102661
1773048762,506603771,world,cf231_leg,-2.6134984493255615,-1.6266957521438599,0.9458837509155273
1773048762,511059895,world,cf231,-2.6134023666381836,-1.6190112829208374,0.9611672163009644
1773048762,511059895,world,cf231_leg,-2.61336612701416,-1.62625253200531,0.946063756942749
1773048762,516766387,world,cf231,-2.6133439540863037,-1.6184076070785522,0.9611114263534546
1773048762,516766387,world,cf231_leg,-2.613269567489624,-1.6256370544433594,0.9461280107498169
1773048762,520631269,world,cf231,-2.613412618637085,-1.6179367303848267,0.961158037185669
1773048762,520631269,world,cf231_leg,-2.613077163696289,-1.625139832496643,0.9461532831192017
1773048762,525651046,world,cf231,-2.613330125808716,-1.617161750793457,0.9612915515899658
1773048762,525651046,world,cf231_leg,-2.61296010017395,-1.624682068824768,0.9465091228485107
1773048762,530874562,world,cf231,-2.6135520935058594,-1.616746187210083,0.9615832567214966
1773048762,530874562,world,cf231_leg,-2.61289644241333,-1.6241753101348877,0.946599006652832
1773048762,535706050,world,cf231,-2.613585948944092,-1.6162759065628052,0.9616843461990356
1773048762,535706050,world,cf231_leg,-2.612792491912842,-1.6236592531204224,0.946510910987854
1773048762,540490320,world,cf231,-2.613572359085083,-1.6157747507095337,0.9617177248001099
1773048762,540490320,world,cf231_leg,-2.612778902053833,-1.6232990026474,0.9467865228652954
1773048762,545724365,world,cf231,-2.6135189533233643,-1.6152105331420898,0.9617519378662109
1773048762,545724365,world,cf231_leg,-2.612764835357666,-1.6229909658432007,0.9469519853591919
1773048762,550682195,world,cf231,-2.6135284900665283,-1.6146082878112793,0.9619908332824707
1773048762,550682195,world,cf231_leg,-2.6127469539642334,-1.6225004196166992,0.9470112323760986
1773048762,556053410,world,cf231,-2.613481044769287,-1.6140450239181519,0.9621784687042236
1773048762,556053410,world,cf231_leg,-2.6125986576080322,-1.622060775756836,0.947162389755249
1773048762,561810756,world,cf231,-2.613452434539795,-1.613549828529358,0.9621764421463013
1773048762,561810756,world,cf231_leg,-2.6125736236572266,-1.6216158866882324,0.9472514390945435
1773048762,565705118,world,cf231,-2.6133129596710205,-1.6129839420318604,0.9622678756713867
1773048762,565705118,world,cf231_leg,-2.6124143600463867,-1.6211872100830078,0.947165846824646
1773048762,570784012,world,cf231,-2.613286018371582,-1.6125738620758057,0.9625393152236938
1773048762,570784012,world,cf231_leg,-2.612356662750244,-1.6207524538040161,0.9472134113311768
1773048762,575910950,world,cf231,-2.613271951675415,-1.6121169328689575,0.9627324342727661
1773048762,575910950,world,cf231_leg,-2.6121151447296143,-1.6202448606491089,0.9471350908279419
1773048762,580638190,world,cf231,-2.613243579864502,-1.6116634607315063,0.9628698825836182
1773048762,580638190,world,cf231_leg,-2.6121304035186768,-1.619813084602356,0.9472287893295288
1773048762,586250496,world,cf231,-2.6132054328918457,-1.6110960245132446,0.962958574295044
1773048762,586250496,world,cf231_leg,-2.6120550632476807,-1.619499921798706,0.9472337961196899
1773048762,590750460,world,cf231,-2.613065004348755,-1.6105748414993286,0.9630234241485596
1773048762,590750460,world,cf231_leg,-2.6122095584869385,-1.6192141771316528,0.9475889205932617
1773048762,595768852,world,cf231,-2.613123893737793,-1.610097050666809,0.9632657766342163
1773048762,595768852,world,cf231_leg,-2.6121551990509033,-1.6187920570373535,0.9478888511657715
1773048762,602330256,world,cf231,-2.6129729747772217,-1.6096551418304443,0.963255763053894
1773048762,602330256,world,cf231_leg,-2.612060308456421,-1.618346929550171,0.9479225873947144
1773048762,605785567,world,cf231,-2.6129846572875977,-1.6092228889465332,0.9632527828216553
1773048762,605785567,world,cf231_leg,-2.61199951171875,-1.6180306673049927,0.9479784965515137
1773048762,610857121,world,cf231,-2.612992525100708,-1.6088625192642212,0.9632712602615356
1773048762,610857121,world,cf231_leg,-2.6119298934936523,-1.6176702976226807,0.9479585886001587
1773048762,615696499,world,cf231,-2.6128945350646973,-1.6084038019180298,0.9633086919784546
1773048762,615696499,world,cf231_leg,-2.611748695373535,-1.61716890335083,0.9480596780776978
1773048762,621329605,world,cf231,-2.612765312194824,-1.6079977750778198,0.9634180068969727
1773048762,621329605,world,cf231_leg,-2.6116974353790283,-1.616844654083252,0.948182225227356
1773048762,625959735,world,cf231,-2.6127593517303467,-1.6076105833053589,0.9635270833969116
1773048762,625959735,world,cf231_leg,-2.6115424633026123,-1.6162948608398438,0.9480705261230469
1773048762,630923359,world,cf231,-2.612752914428711,-1.607181429862976,0.963497519493103
1773048762,630923359,world,cf231_leg,-2.611403465270996,-1.615972876548767,0.948111891746521
1773048762,636030510,world,cf231,-2.612776279449463,-1.6067848205566406,0.9636979103088379
1773048762,636030510,world,cf231_leg,-2.6114628314971924,-1.6156678199768066,0.9483237266540527
1773048762,640816170,world,cf231,-2.612680196762085,-1.6063244342803955,0.9637125730514526
1773048762,640816170,world,cf231_leg,-2.611358404159546,-1.6154063940048218,0.9483942985534668
1773048762,645784584,world,cf231,-2.612624168395996,-1.6059998273849487,0.963716983795166
1773048762,645784584,world,cf231_leg,-2.61137056350708,-1.6151649951934814,0.948502779006958
1773048762,651222386,world,cf231,-2.6124184131622314,-1.605485200881958,0.9641240835189819
1773048762,651222386,world,cf231_leg,-2.611276388168335,-1.6149057149887085,0.9484938383102417
1773048762,655761519,world,cf231,-2.6122822761535645,-1.6051119565963745,0.9641616344451904
1773048762,655761519,world,cf231_leg,-2.611281156539917,-1.6144931316375732,0.9488024711608887
1773048762,660535036,world,cf231,-2.612262487411499,-1.604804277420044,0.9642236232757568
1773048762,660535036,world,cf231_leg,-2.61112117767334,-1.6141064167022705,0.9488692283630371
1773048762,665719005,world,cf231,-2.61222505569458,-1.6045030355453491,0.9642760753631592
1773048762,665719005,world,cf231_leg,-2.611252546310425,-1.6139013767242432,0.9490975141525269
1773048762,670663323,world,cf231,-2.612082004547119,-1.6042481660842896,0.9643316268920898
1773048762,670663323,world,cf231_leg,-2.6110990047454834,-1.6135128736495972,0.9490981101989746
1773048762,676580967,world,cf231,-2.6120471954345703,-1.603992223739624,0.9643290042877197
1773048762,676580967,world,cf231_leg,-2.6110353469848633,-1.61314857006073,0.9492034912109375
1773048762,680692845,world,cf231,-2.6118955612182617,-1.6037852764129639,0.9644327163696289
1773048762,680692845,world,cf231_leg,-2.610907793045044,-1.612868070602417,0.9492810964584351
1773048762,685818147,world,cf231,-2.611772298812866,-1.6035255193710327,0.9644924402236938
1773048762,685818147,world,cf231_leg,-2.610840082168579,-1.61250901222229,0.949256181716919
1773048762,692076575,world,cf231,-2.6115334033966064,-1.6031986474990845,0.9645050764083862
1773048762,692076575,world,cf231_leg,-2.61074161529541,-1.612248182296753,0.9492759704589844
1773048762,695757311,world,cf231,-2.6115493774414062,-1.6029691696166992,0.9647133350372314
1773048762,695757311,world,cf231_leg,-2.6106784343719482,-1.611928939819336,0.9493409395217896
1773048762,701065128,world,cf231,-2.611368179321289,-1.6027873754501343,0.964842677116394
1773048762,701065128,world,cf231_leg,-2.6105077266693115,-1.6115435361862183,0.9493142366409302
1773048762,706072695,world,cf231,-2.6112420558929443,-1.6025744676589966,0.9648977518081665
1773048762,706072695,world,cf231_leg,-2.610525131225586,-1.6114212274551392,0.949358344078064
1773048762,710521980,world,cf231,-2.6111395359039307,-1.6023083925247192,0.964938759803772
1773048762,710521980,world,cf231_leg,-2.610480785369873,-1.6111702919006348,0.9494341611862183
1773048762,715861636,world,cf231,-2.6110305786132812,-1.6020463705062866,0.9648655652999878
1773048762,715861636,world,cf231_leg,-2.6103570461273193,-1.6110790967941284,0.9494583606719971
1773048762,720741419,world,cf231,-2.6110036373138428,-1.6019060611724854,0.9649344682693481
1773048762,720741419,world,cf231_leg,-2.6103246212005615,-1.6107815504074097,0.9494585990905762
1773048762,725784670,world,cf231,-2.610844612121582,-1.6016302108764648,0.9649336338043213
1773048762,725784670,world,cf231_leg,-2.610123634338379,-1.6105691194534302,0.9494979381561279
1773048762,730560050,world,cf231,-2.610821485519409,-1.6015625,0.9649659395217896
1773048762,730560050,world,cf231_leg,-2.610032796859741,-1.6101906299591064,0.9494810104370117
1773048762,736865208,world,cf231,-2.6106083393096924,-1.6013907194137573,0.9650294780731201
1773048762,736865208,world,cf231_leg,-2.6098828315734863,-1.609991431236267,0.9494277238845825
1773048762,740663583,world,cf231,-2.610654354095459,-1.6013047695159912,0.9651596546173096
1773048762,740663583,world,cf231_leg,-2.6098499298095703,-1.6098129749298096,0.9494115114212036
1773048762,745724031,world,cf231,-2.610520839691162,-1.601167917251587,0.9650944471359253
1773048762,745724031,world,cf231_leg,-2.609877347946167,-1.6095856428146362,0.9496735334396362
1773048762,750817953,world,cf231,-2.6104776859283447,-1.6010326147079468,0.9651305675506592
1773048762,750817953,world,cf231_leg,-2.6097335815429688,-1.6091920137405396,0.9497548341751099
1773048762,755822393,world,cf231,-2.610435724258423,-1.6009564399719238,0.9654196500778198
1773048762,755822393,world,cf231_leg,-2.6096973419189453,-1.609060287475586,0.9497411251068115
1773048762,760678785,world,cf231,-2.610306978225708,-1.6008241176605225,0.9653406143188477
1773048762,760678785,world,cf231_leg,-2.6094419956207275,-1.6087112426757812,0.9499019384384155
1773048762,766049756,world,cf231,-2.610121726989746,-1.6006717681884766,0.9653526544570923
1773048762,766049756,world,cf231_leg,-2.6095008850097656,-1.6085032224655151,0.9500831365585327
1773048762,770847191,world,cf231,-2.6101596355438232,-1.6006146669387817,0.9653956890106201
1773048762,770847191,world,cf231_leg,-2.6092936992645264,-1.608174204826355,0.9500175714492798
1773048762,775558553,world,cf231,-2.6100125312805176,-1.6005269289016724,0.9654302597045898
1773048762,775558553,world,cf231_leg,-2.6093060970306396,-1.608052372932434,0.9501080513000488
1773048762,780837722,world,cf231,-2.6098899841308594,-1.6003867387771606,0.965448260307312
1773048762,780837722,world,cf231_leg,-2.609219789505005,-1.607854962348938,0.9501776695251465
1773048762,785665244,world,cf231,-2.609729766845703,-1.6003038883209229,0.9654233455657959
1773048762,785665244,world,cf231_leg,-2.609008312225342,-1.6075267791748047,0.950156569480896
1773048762,790798582,world,cf231,-2.6096720695495605,-1.6002932786941528,0.9653844833374023
1773048762,790798582,world,cf231_leg,-2.608978033065796,-1.6073890924453735,0.9502513408660889
1773048762,795662152,world,cf231,-2.609565258026123,-1.6001476049423218,0.965436577796936
1773048762,795662152,world,cf231_leg,-2.6089131832122803,-1.6073681116104126,0.9506254196166992
1773048762,801063965,world,cf231,-2.6094870567321777,-1.6000688076019287,0.9654037952423096
1773048762,801063965,world,cf231_leg,-2.608765125274658,-1.607100486755371,0.9503694772720337
1773048762,806477463,world,cf231,-2.6093714237213135,-1.6000009775161743,0.9653578996658325
1773048762,806477463,world,cf231_leg,-2.608700752258301,-1.6068546772003174,0.9504588842391968
1773048762,811250796,world,cf231,-2.609375,-1.6000434160232544,0.9654684066772461
1773048762,811250796,world,cf231_leg,-2.6085383892059326,-1.606821060180664,0.9504644870758057
1773048762,815837915,world,cf231,-2.609177827835083,-1.5998963117599487,0.965418815612793
1773048762,815837915,world,cf231_leg,-2.608539581298828,-1.606630563735962,0.9504725933074951
1773048762,820701008,world,cf231,-2.6091079711914062,-1.5998870134353638,0.9654878377914429
1773048762,820701008,world,cf231_leg,-2.608436107635498,-1.6064895391464233,0.9505213499069214
1773048762,826028633,world,cf231,-2.6090495586395264,-1.5998036861419678,0.9654583930969238
1773048762,826028633,world,cf231_leg,-2.6083879470825195,-1.6063563823699951,0.9506077766418457
1773048762,830762096,world,cf231,-2.6089627742767334,-1.5997940301895142,0.9656674861907959
1773048762,830762096,world,cf231_leg,-2.60819673538208,-1.6060951948165894,0.9505776166915894
1773048762,836289810,world,cf231,-2.6087112426757812,-1.5996407270431519,0.9653810262680054
1773048762,836289810,world,cf231_leg,-2.6082427501678467,-1.6061526536941528,0.9506814479827881
1773048762,840773452,world,cf231,-2.608656406402588,-1.599621295928955,0.9656554460525513
1773048762,840773452,world,cf231_leg,-2.608048439025879,-1.6057738065719604,0.9507108926773071
1773048762,845836459,world,cf231,-2.6086537837982178,-1.5996218919754028,0.9656814336776733
1773048762,845836459,world,cf231_leg,-2.607912063598633,-1.6056874990463257,0.9506779909133911
1773048762,850786086,world,cf231,-2.6085753440856934,-1.5995427370071411,0.9656497240066528
1773048762,850786086,world,cf231_leg,-2.6078341007232666,-1.6054455041885376,0.9507135152816772
1773048762,855648708,world,cf231,-2.6084697246551514,-1.5994707345962524,0.9656897783279419
1773048762,855648708,world,cf231_leg,-2.607732057571411,-1.6053029298782349,0.9507426023483276
1773048762,860757249,world,cf231,-2.6084208488464355,-1.5994547605514526,0.9657410383224487
1773048762,860757249,world,cf231_leg,-2.6075916290283203,-1.6050984859466553,0.9507706165313721
1773048762,866207908,world,cf231,-2.608253240585327,-1.5992985963821411,0.9657819271087646
1773048762,866207908,world,cf231_leg,-2.6074280738830566,-1.604903221130371,0.9506629705429077
1773048762,871281977,world,cf231,-2.60809326171875,-1.5992882251739502,0.9657478332519531
1773048762,871281977,world,cf231_leg,-2.607355833053589,-1.6048219203948975,0.9507668018341064
1773048762,875636450,world,cf231,-2.6080498695373535,-1.5991523265838623,0.9657853841781616
1773048762,875636450,world,cf231_leg,-2.6072213649749756,-1.604617953300476,0.9507451057434082
1773048762,880582302,world,cf231,-2.6078412532806396,-1.599053978919983,0.9658095836639404
1773048762,880582302,world,cf231_leg,-2.607250690460205,-1.6045093536376953,0.9509674310684204
1773048762,886479130,world,cf231,-2.6078567504882812,-1.599048376083374,0.9658440351486206
1773048762,886479130,world,cf231_leg,-2.607172727584839,-1.6043150424957275,0.9509788751602173
1773048762,890747941,world,cf231,-2.607656955718994,-1.5989023447036743,0.9658186435699463
1773048762,890747941,world,cf231_leg,-2.6070549488067627,-1.6041769981384277,0.9509762525558472
1773048762,895781996,world,cf231,-2.6075782775878906,-1.5988229513168335,0.9657872915267944
1773048762,895781996,world,cf231_leg,-2.606945037841797,-1.6039625406265259,0.9510706663131714
1773048762,901903121,world,cf231,-2.607369899749756,-1.5986783504486084,0.96584153175354
1773048762,901903121,world,cf231_leg,-2.6069796085357666,-1.6038061380386353,0.951270341873169
1773048762,905580037,world,cf231,-2.607283353805542,-1.5986011028289795,0.9658874273300171
1773048762,905580037,world,cf231_leg,-2.6068053245544434,-1.6036584377288818,0.9512344598770142
1773048762,911102178,world,cf231,-2.60718035697937,-1.598528265953064,0.9659018516540527
1773048762,911102178,world,cf231_leg,-2.606750726699829,-1.6034114360809326,0.9512307643890381
1773048762,916196801,world,cf231,-2.6069300174713135,-1.598367691040039,0.9659513235092163
1773048762,916196801,world,cf231_leg,-2.6066086292266846,-1.6033248901367188,0.9512462615966797
1773048762,920587146,world,cf231,-2.606827735900879,-1.598236322402954,0.9660700559616089
1773048762,920587146,world,cf231_leg,-2.606602907180786,-1.6032555103302002,0.9513039588928223
1773048762,925640550,world,cf231,-2.606637954711914,-1.5982036590576172,0.9662809371948242
1773048762,925640550,world,cf231_leg,-2.6064369678497314,-1.603057622909546,0.9512042999267578
1773048762,931933870,world,cf231,-2.606506109237671,-1.597993016242981,0.9661992788314819
1773048762,931933870,world,cf231_leg,-2.606421709060669,-1.6029428243637085,0.9511891603469849
1773048762,936823265,world,cf231,-2.6063902378082275,-1.5978949069976807,0.9663008451461792
1773048762,936823265,world,cf231_leg,-2.606239080429077,-1.6027230024337769,0.9512194395065308
1773048762,940742107,world,cf231,-2.606229066848755,-1.597810983657837,0.9662777185440063
1773048762,940742107,world,cf231_leg,-2.606154203414917,-1.6026464700698853,0.9512664079666138
1773048762,945759803,world,cf231,-2.60597562789917,-1.5976972579956055,0.9663230180740356
1773048762,945759803,world,cf231_leg,-2.606131076812744,-1.6025795936584473,0.9512989521026611
1773048762,950605577,world,cf231,-2.605830669403076,-1.5976086854934692,0.9663323163986206
1773048762,950605577,world,cf231_leg,-2.6060049533843994,-1.602445363998413,0.9511940479278564
1773048762,955870286,world,cf231,-2.6056525707244873,-1.5974568128585815,0.966286301612854
1773048762,955870286,world,cf231_leg,-2.6060564517974854,-1.6023858785629272,0.9512841701507568
1773048762,960560806,world,cf231,-2.605504035949707,-1.5973682403564453,0.9663233757019043
1773048762,960560806,world,cf231_leg,-2.605958938598633,-1.6023143529891968,0.9512737989425659
1773048762,965839702,world,cf231,-2.6054461002349854,-1.5972387790679932,0.9663233757019043
1773048762,965839702,world,cf231_leg,-2.6059768199920654,-1.6021921634674072,0.9513168334960938
1773048762,970657773,world,cf231,-2.605271100997925,-1.5971285104751587,0.9663904905319214
1773048762,970657773,world,cf231_leg,-2.605875253677368,-1.6020474433898926,0.9513283967971802
1773048762,975653896,world,cf231,-2.6050806045532227,-1.5969818830490112,0.9662827253341675
1773048762,975653896,world,cf231_leg,-2.605799436569214,-1.601927399635315,0.9513381719589233
1773048762,980855222,world,cf231,-2.604918956756592,-1.596897840499878,0.9662606716156006
1773048762,980855222,world,cf231_leg,-2.605750322341919,-1.6018000841140747,0.951268196105957
1773048762,985677587,world,cf231,-2.6048190593719482,-1.5968250036239624,0.9662474393844604
1773048762,985677587,world,cf231_leg,-2.6057212352752686,-1.6017323732376099,0.9513511657714844
1773048762,991524449,world,cf231,-2.604731559753418,-1.5966743230819702,0.966303825378418
1773048762,991524449,world,cf231_leg,-2.605651617050171,-1.6016103029251099,0.9512948989868164
1773048762,995815914,world,cf231,-2.60453724861145,-1.596527338027954,0.9662250280380249
1773048762,995815914,world,cf231_leg,-2.6055734157562256,-1.6015326976776123,0.9512735605239868
1773048763,1206127,world,cf231,-2.6044278144836426,-1.596501111984253,0.9662642478942871
1773048763,1206127,world,cf231_leg,-2.605541944503784,-1.6013550758361816,0.9512534141540527
1773048763,5582149,world,cf231,-2.6042275428771973,-1.5962823629379272,0.9662472009658813
1773048763,5582149,world,cf231_leg,-2.6055350303649902,-1.601284384727478,0.9513149261474609
1773048763,11049655,world,cf231,-2.6041829586029053,-1.5962673425674438,0.966267466545105
1773048763,11049655,world,cf231_leg,-2.6053688526153564,-1.6009691953659058,0.9512487649917603
1773048763,15954575,world,cf231,-2.6041176319122314,-1.5961835384368896,0.9662946462631226
1773048763,15954575,world,cf231_leg,-2.6054015159606934,-1.6010308265686035,0.9512988328933716
1773048763,21966159,world,cf231,-2.60394024848938,-1.5960326194763184,0.9662457704544067
1773048763,21966159,world,cf231_leg,-2.6053407192230225,-1.600734829902649,0.9513715505599976
1773048763,25950948,world,cf231,-2.603908061981201,-1.5960423946380615,0.966180682182312
1773048763,25950948,world,cf231_leg,-2.605240821838379,-1.600711703300476,0.9513586759567261
1773048763,30840878,world,cf231,-2.6037776470184326,-1.595828652381897,0.9662647247314453
1773048763,30840878,world,cf231_leg,-2.605217933654785,-1.60052490234375,0.9514096975326538
1773048763,35955306,world,cf231,-2.6036837100982666,-1.5957969427108765,0.9663381576538086
1773048763,35955306,world,cf231_leg,-2.605071783065796,-1.600326657295227,0.9513270854949951
1773048763,40667863,world,cf231,-2.603684186935425,-1.595725178718567,0.9663442373275757
1773048763,40667863,world,cf231_leg,-2.6050658226013184,-1.6002063751220703,0.9513952732086182
1773048763,45500835,world,cf231,-2.603625774383545,-1.5955954790115356,0.966344952583313
1773048763,45500835,world,cf231_leg,-2.604893922805786,-1.6000107526779175,0.9513593912124634
1773048763,50739921,world,cf231,-2.6035540103912354,-1.59546959400177,0.9662876129150391
1773048763,50739921,world,cf231_leg,-2.6049227714538574,-1.5999581813812256,0.9512960910797119
1773048763,55878953,world,cf231,-2.6033456325531006,-1.595249891281128,0.9663293361663818
1773048763,55878953,world,cf231_leg,-2.6048927307128906,-1.5996594429016113,0.9512745141983032
1773048763,60639631,world,cf231,-2.6034388542175293,-1.5953227281570435,0.9663984775543213
1773048763,60639631,world,cf231_leg,-2.6049137115478516,-1.599768042564392,0.9513993263244629
1773048763,65836626,world,cf231,-2.603318452835083,-1.5950366258621216,0.966407060623169
1773048763,65836626,world,cf231_leg,-2.604811668395996,-1.5994096994400024,0.9514964818954468
1773048763,70921267,world,cf231,-2.60324764251709,-1.5949119329452515,0.9663463830947876
1773048763,70921267,world,cf231_leg,-2.604860305786133,-1.5995219945907593,0.9513920545578003
1773048763,76288415,world,cf231,-2.603250503540039,-1.5947893857955933,0.9663403034210205
1773048763,76288415,world,cf231_leg,-2.6048874855041504,-1.5993505716323853,0.9513682126998901
1773048763,80834533,world,cf231,-2.6031577587127686,-1.5946402549743652,0.9664478302001953
1773048763,80834533,world,cf231_leg,-2.604713201522827,-1.5991482734680176,0.9515156745910645
1773048763,86220562,world,cf231,-2.60316801071167,-1.5945907831192017,0.9663757085800171
1773048763,86220562,world,cf231_leg,-2.6047656536102295,-1.5990866422653198,0.95158851146698
1773048763,92204140,world,cf231,-2.603097438812256,-1.5943442583084106,0.9663347005844116
1773048763,92204140,world,cf231_leg,-2.6047000885009766,-1.5989153385162354,0.9515135288238525
1773048763,95679108,world,cf231,-2.6031415462493896,-1.5942866802215576,0.9663230180740356
1773048763,95679108,world,cf231_leg,-2.6047751903533936,-1.598920464515686,0.9515546560287476
1773048763,100647083,world,cf231,-2.6032259464263916,-1.5941705703735352,0.9663304090499878
1773048763,100647083,world,cf231_leg,-2.6048622131347656,-1.598711371421814,0.9514753818511963
1773048763,108248734,world,cf231,-2.603034257888794,-1.5939760208129883,0.9662564992904663
1773048763,108248734,world,cf231_leg,-2.6047327518463135,-1.5986793041229248,0.9512734413146973
1773048763,111509201,world,cf231,-2.6031270027160645,-1.5939762592315674,0.9663345813751221
1773048763,111509201,world,cf231_leg,-2.6048619747161865,-1.5985742807388306,0.9513906240463257
1773048763,115637330,world,cf231,-2.603139877319336,-1.5937349796295166,0.9662829637527466
1773048763,115637330,world,cf231_leg,-2.604841947555542,-1.5984076261520386,0.9515353441238403
1773048763,120758178,world,cf231,-2.6031296253204346,-1.5936204195022583,0.9662348031997681
1773048763,120758178,world,cf231_leg,-2.6048760414123535,-1.5983903408050537,0.9511194229125977
1773048763,125730539,world,cf231,-2.6032445430755615,-1.5935688018798828,0.9663218259811401
1773048763,125730539,world,cf231_leg,-2.6049723625183105,-1.5983037948608398,0.9516481161117554
1773048763,130670699,world,cf231,-2.6032660007476807,-1.5933983325958252,0.9661833047866821
1773048763,130670699,world,cf231_leg,-2.605053186416626,-1.59823739528656,0.9516338109970093
1773048763,137077431,world,cf231,-2.603207588195801,-1.5932679176330566,0.9661853313446045
1773048763,137077431,world,cf231_leg,-2.60509991645813,-1.5981844663619995,0.9514038562774658
1773048763,140588028,world,cf231,-2.6032190322875977,-1.5930976867675781,0.9661298990249634
1773048763,140588028,world,cf231_leg,-2.6049559116363525,-1.5978881120681763,0.9515389204025269
1773048763,145923972,world,cf231,-2.6033217906951904,-1.5930513143539429,0.9661554098129272
1773048763,145923972,world,cf231_leg,-2.6051135063171387,-1.597898006439209,0.9515507221221924
1773048763,150729437,world,cf231,-2.6033341884613037,-1.592881679534912,0.9660975933074951
1773048763,150729437,world,cf231_leg,-2.605333089828491,-1.5979418754577637,0.95157790184021
1773048763,155650905,world,cf231,-2.603447437286377,-1.5927560329437256,0.9661977291107178
1773048763,155650905,world,cf231_leg,-2.605163097381592,-1.5976758003234863,0.9515304565429688
1773048763,160588822,world,cf231,-2.603433609008789,-1.5925685167312622,0.9661868810653687
1773048763,160588822,world,cf231_leg,-2.6053147315979004,-1.5976876020431519,0.9516080617904663
1773048763,165753808,world,cf231,-2.6035361289978027,-1.592522144317627,0.9662125110626221
1773048763,165753808,world,cf231_leg,-2.6052348613739014,-1.5974500179290771,0.9514904022216797
1773048763,171004788,world,cf231,-2.6035192012786865,-1.5922929048538208,0.9660882949829102
1773048763,171004788,world,cf231_leg,-2.6053340435028076,-1.5974035263061523,0.9515135288238525
1773048763,175577637,world,cf231,-2.6037235260009766,-1.5921990871429443,0.9661422967910767
1773048763,175577637,world,cf231_leg,-2.6052913665771484,-1.5972226858139038,0.9515762329101562
1773048763,180817643,world,cf231,-2.603809118270874,-1.5920343399047852,0.9661591053009033
1773048763,180817643,world,cf231_leg,-2.605396032333374,-1.5971758365631104,0.9515522718429565
1773048763,185695989,world,cf231,-2.603868007659912,-1.5918093919754028,0.9660828113555908
1773048763,185695989,world,cf231_leg,-2.605557441711426,-1.5971392393112183,0.951560378074646
1773048763,190586902,world,cf231,-2.6040055751800537,-1.5917060375213623,0.9661787748336792
1773048763,190586902,world,cf231_leg,-2.605415105819702,-1.5968915224075317,0.9514590501785278
1773048763,196052203,world,cf231,-2.6042122840881348,-1.5916117429733276,0.9662072658538818
1773048763,196052203,world,cf231_leg,-2.605628252029419,-1.5968432426452637,0.9515326023101807
1773048763,200866922,world,cf231,-2.6043286323547363,-1.5913965702056885,0.9661722183227539
1773048763,200866922,world,cf231_leg,-2.605565071105957,-1.596671223640442,0.9514352083206177
1773048763,207157971,world,cf231,-2.6044819355010986,-1.5912460088729858,0.9661619663238525
1773048763,207157971,world,cf231_leg,-2.605663299560547,-1.5966235399246216,0.9514627456665039
1773048763,210808047,world,cf231,-2.6045403480529785,-1.5910625457763672,0.9662278890609741
1773048763,210808047,world,cf231_leg,-2.6056761741638184,-1.5965781211853027,0.951383113861084
1773048763,215871910,world,cf231,-2.6045572757720947,-1.5908942222595215,0.9661388397216797
1773048763,215871910,world,cf231_leg,-2.605701208114624,-1.5964070558547974,0.9513822793960571
1773048763,220501672,world,cf231,-2.60481858253479,-1.59086012840271,0.9662216901779175
1773048763,220501672,world,cf231_leg,-2.6057374477386475,-1.5963497161865234,0.9514243602752686
1773048763,225844906,world,cf231,-2.60488224029541,-1.590586543083191,0.9661269187927246
1773048763,225844906,world,cf231_leg,-2.60579252243042,-1.5961753129959106,0.9513312578201294
1773048763,231610445,world,cf231,-2.6050002574920654,-1.5905345678329468,0.9661878347396851
1773048763,231610445,world,cf231_leg,-2.6058130264282227,-1.5961250066757202,0.9513570070266724
1773048763,236713241,world,cf231,-2.6050939559936523,-1.5903712511062622,0.9661442041397095
1773048763,236713241,world,cf231_leg,-2.605780839920044,-1.5959004163742065,0.9511727094650269
1773048763,241161971,world,cf231,-2.6051130294799805,-1.5900824069976807,0.9660705327987671
1773048763,241161971,world,cf231_leg,-2.6059329509735107,-1.5960232019424438,0.9513744115829468
1773048763,246805559,world,cf231,-2.605074644088745,-1.589944839477539,0.9660568237304688
1773048763,246805559,world,cf231_leg,-2.6058998107910156,-1.5957998037338257,0.9512103796005249
1773048763,251273921,world,cf231,-2.605264902114868,-1.5898579359054565,0.9660727977752686
1773048763,251273921,world,cf231_leg,-2.6058719158172607,-1.5957401990890503,0.9511287212371826
1773048763,256378482,world,cf231,-2.6053948402404785,-1.5897578001022339,0.9660574197769165
1773048763,256378482,world,cf231_leg,-2.606048345565796,-1.5956981182098389,0.9511724710464478
1773048763,260902737,world,cf231,-2.6054842472076416,-1.5895934104919434,0.9660453796386719
1773048763,260902737,world,cf231_leg,-2.60599946975708,-1.5955203771591187,0.9511109590530396
1773048763,265772381,world,cf231,-2.6054885387420654,-1.5894299745559692,0.9658952951431274
1773048763,265772381,world,cf231_leg,-2.6061148643493652,-1.5955461263656616,0.9509954452514648
1773048763,270918253,world,cf231,-2.6057159900665283,-1.5894464254379272,0.9660574197769165
1773048763,270918253,world,cf231_leg,-2.6061348915100098,-1.5953726768493652,0.951026439666748
1773048763,275930966,world,cf231,-2.6058850288391113,-1.5894123315811157,0.9660613536834717
1773048763,275930966,world,cf231_leg,-2.606192111968994,-1.5953173637390137,0.9508932828903198
1773048763,282128623,world,cf231,-2.6059165000915527,-1.589118480682373,0.9660488367080688
1773048763,282128623,world,cf231_leg,-2.6063032150268555,-1.595344066619873,0.9508223533630371
1773048763,286574290,world,cf231,-2.6061289310455322,-1.5890984535217285,0.9660357236862183
1773048763,286574290,world,cf231_leg,-2.606400966644287,-1.5952961444854736,0.9508508443832397
1773048763,290870685,world,cf231,-2.6063120365142822,-1.5891268253326416,0.9660520553588867
1773048763,290870685,world,cf231_leg,-2.6064326763153076,-1.5952370166778564,0.9509230852127075
1773048763,296411864,world,cf231,-2.6062676906585693,-1.5888280868530273,0.96599280834198
1773048763,296411864,world,cf231_leg,-2.6064302921295166,-1.5951933860778809,0.950796365737915
1773048763,300791675,world,cf231,-2.6064252853393555,-1.5887973308563232,0.9659130573272705
1773048763,300791675,world,cf231_leg,-2.606572151184082,-1.5951597690582275,0.9508016109466553
1773048763,305948168,world,cf231,-2.6066598892211914,-1.588767647743225,0.9660491943359375
1773048763,305948168,world,cf231_leg,-2.6066620349884033,-1.5951184034347534,0.9507429599761963
1773048763,311340440,world,cf231,-2.606877326965332,-1.5886272192001343,0.9660236835479736
1773048763,311340440,world,cf231_leg,-2.6068453788757324,-1.5951476097106934,0.9507228136062622
1773048763,316257494,world,cf231,-2.6070079803466797,-1.588600516319275,0.9659979343414307
1773048763,316257494,world,cf231_leg,-2.6067676544189453,-1.5950250625610352,0.9507399797439575
1773048763,320781758,world,cf231,-2.607168436050415,-1.58852219581604,0.9659240245819092
1773048763,320781758,world,cf231_leg,-2.6069936752319336,-1.5949976444244385,0.9507108926773071
1773048763,325885250,world,cf231,-2.607273817062378,-1.5885475873947144,0.9659157991409302
1773048763,325885250,world,cf231_leg,-2.607032299041748,-1.5951294898986816,0.9507007598876953
1773048763,330849418,world,cf231,-2.6074697971343994,-1.5886212587356567,0.9659788608551025
1773048763,330849418,world,cf231_leg,-2.607119560241699,-1.594970941543579,0.9507005214691162
1773048763,335745452,world,cf231,-2.6075425148010254,-1.5884644985198975,0.9659541845321655
1773048763,335745452,world,cf231_leg,-2.6072142124176025,-1.595159888267517,0.9507007598876953
1773048763,340502540,world,cf231,-2.60760760307312,-1.5883111953735352,0.9658169746398926
1773048763,340502540,world,cf231_leg,-2.6073944568634033,-1.5950711965560913,0.9507409334182739
1773048763,346037117,world,cf231,-2.6076881885528564,-1.5883170366287231,0.9658325910568237
1773048763,346037117,world,cf231_leg,-2.607346773147583,-1.5950144529342651,0.9506570100784302
1773048763,350726682,world,cf231,-2.6077444553375244,-1.5882835388183594,0.9657378196716309
1773048763,350726682,world,cf231_leg,-2.607466220855713,-1.5950343608856201,0.9506738185882568
1773048763,355766074,world,cf231,-2.6078336238861084,-1.5882415771484375,0.9657045602798462
1773048763,355766074,world,cf231_leg,-2.607590436935425,-1.5950541496276855,0.9506433010101318
1773048763,361485103,world,cf231,-2.6080029010772705,-1.5882046222686768,0.9656895399093628
1773048763,361485103,world,cf231_leg,-2.607693672180176,-1.5950782299041748,0.9506295919418335
1773048763,365943836,world,cf231,-2.608025550842285,-1.5881532430648804,0.9656975269317627
1773048763,365943836,world,cf231_leg,-2.60776424407959,-1.5950404405593872,0.950566291809082
1773048763,370876332,world,cf231,-2.6081953048706055,-1.5881165266036987,0.9656814336776733
1773048763,370876332,world,cf231_leg,-2.6077699661254883,-1.5950409173965454,0.9505167007446289
1773048763,376211720,world,cf231,-2.608375310897827,-1.588148593902588,0.9657429456710815
1773048763,376211720,world,cf231_leg,-2.6078476905822754,-1.5951180458068848,0.9505399465560913
1773048763,380754919,world,cf231,-2.6084177494049072,-1.588283658027649,0.9657080173492432
1773048763,380754919,world,cf231_leg,-2.607893705368042,-1.5951321125030518,0.9504939317703247
1773048763,385853137,world,cf231,-2.6084513664245605,-1.5881834030151367,0.9656423330307007
1773048763,385853137,world,cf231_leg,-2.608001947402954,-1.5951582193374634,0.9504491090774536
1773048763,392203856,world,cf231,-2.6086905002593994,-1.5882737636566162,0.9657081365585327
1773048763,392203856,world,cf231_leg,-2.60801362991333,-1.595180630683899,0.9503651857376099
1773048763,395853584,world,cf231,-2.608752489089966,-1.5881205797195435,0.9655987024307251
1773048763,395853584,world,cf231_leg,-2.6080968379974365,-1.5952582359313965,0.9503389596939087
1773048763,400914759,world,cf231,-2.60886812210083,-1.588188886642456,0.9656448364257812
1773048763,400914759,world,cf231_leg,-2.6081676483154297,-1.5952619314193726,0.9504092931747437
1773048763,405876742,world,cf231,-2.6089837551116943,-1.58821439743042,0.9655524492263794
1773048763,405876742,world,cf231_leg,-2.6081578731536865,-1.5952670574188232,0.9503272771835327
1773048763,411546685,world,cf231,-2.608989715576172,-1.5882134437561035,0.9654990434646606
1773048763,411546685,world,cf231_leg,-2.6082041263580322,-1.5952836275100708,0.9502967596054077
1773048763,415714024,world,cf231,-2.6092283725738525,-1.5883293151855469,0.9655889272689819
1773048763,415714024,world,cf231_leg,-2.608288526535034,-1.5953596830368042,0.9502513408660889
1773048763,420475281,world,cf231,-2.6093287467956543,-1.5884041786193848,0.9654113054275513
1773048763,420475281,world,cf231_leg,-2.608332395553589,-1.5953741073608398,0.9502280950546265
1773048763,425572796,world,cf231,-2.6094870567321777,-1.5884886980056763,0.9654614925384521
1773048763,425572796,world,cf231_leg,-2.6084110736846924,-1.595449686050415,0.950232744216919
1773048763,430809429,world,cf231,-2.609445333480835,-1.5884264707565308,0.9654864072799683
1773048763,430809429,world,cf231_leg,-2.608323335647583,-1.5954492092132568,0.9501347541809082
1773048763,435740390,world,cf231,-2.609496831893921,-1.5885608196258545,0.9653704166412354
1773048763,435740390,world,cf231_leg,-2.6084794998168945,-1.5955322980880737,0.9501726627349854
1773048763,441312037,world,cf231,-2.6096084117889404,-1.5885858535766602,0.9653075933456421
1773048763,441312037,world,cf231_leg,-2.608447551727295,-1.5955405235290527,0.9501117467880249
1773048763,446567376,world,cf231,-2.609818458557129,-1.5886856317520142,0.9652806520462036
1773048763,446567376,world,cf231_leg,-2.6084861755371094,-1.5956032276153564,0.9501104354858398
1773048763,450812450,world,cf231,-2.6098575592041016,-1.5888211727142334,0.9652725458145142
1773048763,450812450,world,cf231_leg,-2.6086068153381348,-1.5958139896392822,0.9500941038131714
1773048763,455493971,world,cf231,-2.6099281311035156,-1.588903546333313,0.9651936292648315
1773048763,455493971,world,cf231_leg,-2.608494997024536,-1.5957454442977905,0.9500322341918945
1773048763,460670285,world,cf231,-2.6098740100860596,-1.5889655351638794,0.9651176929473877
1773048763,460670285,world,cf231_leg,-2.6086032390594482,-1.5958129167556763,0.9501214027404785
1773048763,465709053,world,cf231,-2.6100680828094482,-1.5891129970550537,0.9651962518692017
1773048763,465709053,world,cf231_leg,-2.6086294651031494,-1.5958805084228516,0.9500632286071777
1773048763,470769031,world,cf231,-2.6101438999176025,-1.5891939401626587,0.9650658369064331
1773048763,470769031,world,cf231_leg,-2.6086618900299072,-1.5960899591445923,0.9499514102935791
1773048763,475441558,world,cf231,-2.6102161407470703,-1.589392900466919,0.9651128053665161
1773048763,475441558,world,cf231_leg,-2.608623504638672,-1.5960279703140259,0.9499505758285522
1773048763,480905551,world,cf231,-2.610400915145874,-1.5895452499389648,0.9651023149490356
1773048763,480905551,world,cf231_leg,-2.6086952686309814,-1.5962698459625244,0.9499636888504028
1773048763,485795061,world,cf231,-2.6104211807250977,-1.5897326469421387,0.9650568962097168
1773048763,485795061,world,cf231_leg,-2.6087193489074707,-1.5962181091308594,0.9499465227127075
1773048763,490883007,world,cf231,-2.6105051040649414,-1.5899296998977661,0.9649976491928101
1773048763,490883007,world,cf231_leg,-2.6086740493774414,-1.5964221954345703,0.9498182535171509
1773048763,495510932,world,cf231,-2.610339641571045,-1.5899081230163574,0.964728593826294
1773048763,495510932,world,cf231_leg,-2.608842134475708,-1.596617579460144,0.9498797655105591
1773048763,500700930,world,cf231,-2.6105029582977295,-1.5901222229003906,0.9649748802185059
1773048763,500700930,world,cf231_leg,-2.60876727104187,-1.5966122150421143,0.9498389959335327
1773048763,505671578,world,cf231,-2.6105904579162598,-1.5904256105422974,0.9647482633590698
1773048763,505671578,world,cf231_leg,-2.608847141265869,-1.596850037574768,0.9499549865722656
1773048763,510652442,world,cf231,-2.6106009483337402,-1.5905412435531616,0.9646068811416626
1773048763,510652442,world,cf231_leg,-2.6086819171905518,-1.59677255153656,0.9498332738876343
1773048763,515845705,world,cf231,-2.610535144805908,-1.590651512145996,0.9646066427230835
1773048763,515845705,world,cf231_leg,-2.6087734699249268,-1.59696364402771,0.949874758720398
1773048763,521478392,world,cf231,-2.6105735301971436,-1.5908359289169312,0.9645882844924927
1773048763,521478392,world,cf231_leg,-2.6088459491729736,-1.5971580743789673,0.9499115943908691
1773048763,525707377,world,cf231,-2.610593557357788,-1.5909039974212646,0.9645830392837524
1773048763,525707377,world,cf231_leg,-2.608875274658203,-1.5972259044647217,0.949828028678894
1773048763,532003284,world,cf231,-2.610565423965454,-1.5910756587982178,0.9645876884460449
1773048763,532003284,world,cf231_leg,-2.608971357345581,-1.597529411315918,0.949964165687561
1773048763,536048110,world,cf231,-2.6106200218200684,-1.5913312435150146,0.9646108150482178
1773048763,536048110,world,cf231_leg,-2.6089112758636475,-1.5975189208984375,0.9499573707580566
1773048763,540511035,world,cf231,-2.610563278198242,-1.591558575630188,0.9646786451339722
1773048763,540511035,world,cf231_leg,-2.6088645458221436,-1.5976935625076294,0.9499770402908325
1773048763,545505233,world,cf231,-2.6104753017425537,-1.5917165279388428,0.9648391008377075
1773048763,545505233,world,cf231_leg,-2.608921527862549,-1.5977517366409302,0.9499834775924683
1773048763,550919779,world,cf231,-2.610590934753418,-1.5919791460037231,0.9648561477661133
1773048763,550919779,world,cf231_leg,-2.608766794204712,-1.5978589057922363,0.9499144554138184
1773048763,556032317,world,cf231,-2.610515832901001,-1.5920943021774292,0.9647668600082397
1773048763,556032317,world,cf231_leg,-2.6088335514068604,-1.5981011390686035,0.9499742984771729
1773048763,560657488,world,cf231,-2.6104819774627686,-1.5923134088516235,0.9647938013076782
1773048763,560657488,world,cf231_leg,-2.6089017391204834,-1.5982247591018677,0.950049877166748
1773048763,565743528,world,cf231,-2.61039400100708,-1.5924789905548096,0.9648016691207886
1773048763,565743528,world,cf231_leg,-2.608809232711792,-1.598389983177185,0.9499387741088867
1773048763,571091215,world,cf231,-2.610398054122925,-1.5927129983901978,0.9648646116256714
1773048763,571091215,world,cf231_leg,-2.608870029449463,-1.5985183715820312,0.949908971786499
1773048763,575832220,world,cf231,-2.6104533672332764,-1.5929625034332275,0.9648498296737671
1773048763,575832220,world,cf231_leg,-2.6088504791259766,-1.5985695123672485,0.9498802423477173
1773048763,580749146,world,cf231,-2.6104586124420166,-1.5931975841522217,0.9649091958999634
1773048763,580749146,world,cf231_leg,-2.608876943588257,-1.5988632440567017,0.9501032829284668
1773048763,585687011,world,cf231,-2.610353708267212,-1.593363881111145,0.9648693799972534
1773048763,585687011,world,cf231_leg,-2.6088221073150635,-1.5988528728485107,0.9500482082366943
1773048763,590779537,world,cf231,-2.6103978157043457,-1.593764066696167,0.9647747278213501
1773048763,590779537,world,cf231_leg,-2.6088030338287354,-1.5990936756134033,0.9499897956848145
1773048763,596251385,world,cf231,-2.6102609634399414,-1.5939401388168335,0.9646691083908081
1773048763,596251385,world,cf231_leg,-2.608802318572998,-1.5991367101669312,0.9501423835754395
1773048763,602387937,world,cf231,-2.610368013381958,-1.5943650007247925,0.9648663997650146
1773048763,602387937,world,cf231_leg,-2.6086435317993164,-1.5992450714111328,0.9501173496246338
1773048763,606518223,world,cf231,-2.6103129386901855,-1.5945483446121216,0.9647722244262695
1773048763,606518223,world,cf231_leg,-2.6086254119873047,-1.599410891532898,0.9502246379852295
1773048763,610529601,world,cf231,-2.6102912425994873,-1.5946730375289917,0.964753270149231
1773048763,610529601,world,cf231_leg,-2.6085734367370605,-1.5994006395339966,0.9501446485519409
1773048763,615640265,world,cf231,-2.6101999282836914,-1.5949076414108276,0.9647637605667114
1773048763,615640265,world,cf231_leg,-2.6085236072540283,-1.5996946096420288,0.950171709060669
1773048763,620605677,world,cf231,-2.610083818435669,-1.595125436782837,0.9648169279098511
1773048763,620605677,world,cf231_leg,-2.608565330505371,-1.5996373891830444,0.950164794921875
1773048763,626148247,world,cf231,-2.610032081604004,-1.595304250717163,0.964866042137146
1773048763,626148247,world,cf231_leg,-2.608414888381958,-1.599907398223877,0.9501810073852539
1773048763,630584599,world,cf231,-2.609978675842285,-1.5956501960754395,0.9648677110671997
1773048763,630584599,world,cf231_leg,-2.6085774898529053,-1.6002219915390015,0.9502731561660767
1773048763,635604075,world,cf231,-2.609945058822632,-1.5958225727081299,0.9649256467819214
1773048763,635604075,world,cf231_leg,-2.6084511280059814,-1.6002506017684937,0.9503017663955688
1773048763,640449460,world,cf231,-2.6097769737243652,-1.5960516929626465,0.9648920297622681
1773048763,640449460,world,cf231_leg,-2.608455181121826,-1.6004823446273804,0.9503792524337769
1773048763,645939169,world,cf231,-2.6095657348632812,-1.596191167831421,0.9648650884628296
1773048763,645939169,world,cf231_leg,-2.6083507537841797,-1.6006488800048828,0.9503847360610962
1773048763,650638882,world,cf231,-2.609376907348633,-1.5963548421859741,0.9648557901382446
1773048763,650638882,world,cf231_leg,-2.6084728240966797,-1.6008297204971313,0.9504930973052979
1773048763,655377318,world,cf231,-2.609248161315918,-1.596574306488037,0.964830756187439
1773048763,655377318,world,cf231_leg,-2.608335018157959,-1.6009339094161987,0.9504507780075073
1773048763,660458763,world,cf231,-2.609198570251465,-1.5968706607818604,0.9648174047470093
1773048763,660458763,world,cf231_leg,-2.6083781719207764,-1.601115107536316,0.9503865242004395
1773048763,665649295,world,cf231,-2.609049081802368,-1.5970251560211182,0.9648162126541138
1773048763,665649295,world,cf231_leg,-2.6083736419677734,-1.6013460159301758,0.9505391120910645
1773048763,671445177,world,cf231,-2.6089212894439697,-1.5973901748657227,0.9647725820541382
1773048763,671445177,world,cf231_leg,-2.6083273887634277,-1.6015211343765259,0.9505577087402344
1773048763,675718620,world,cf231,-2.608752489089966,-1.5975459814071655,0.9647494554519653
1773048763,675718620,world,cf231_leg,-2.608344078063965,-1.6016347408294678,0.9505521059036255
1773048763,680854148,world,cf231,-2.6087987422943115,-1.5978155136108398,0.9649515151977539
1773048763,680854148,world,cf231_leg,-2.608407735824585,-1.6018760204315186,0.9506388902664185
1773048763,686113353,world,cf231,-2.608811378479004,-1.59812331199646,0.9649463891983032
1773048763,686113353,world,cf231_leg,-2.608320474624634,-1.6020368337631226,0.9506566524505615
1773048763,691767884,world,cf231,-2.608781576156616,-1.5982962846755981,0.9649752378463745
1773048763,691767884,world,cf231_leg,-2.608289957046509,-1.6022074222564697,0.9507066011428833
1773048763,695968720,world,cf231,-2.6087429523468018,-1.5984704494476318,0.9650839567184448
1773048763,695968720,world,cf231_leg,-2.608351707458496,-1.6023775339126587,0.9508086442947388
1773048763,700976445,world,cf231,-2.6087355613708496,-1.598874807357788,0.9652013778686523
1773048763,700976445,world,cf231_leg,-2.6083695888519287,-1.6026026010513306,0.9509251117706299
1773048763,707074038,world,cf231,-2.6085569858551025,-1.5989161729812622,0.9651303291320801
1773048763,707074038,world,cf231_leg,-2.608365535736084,-1.6027212142944336,0.9509345293045044
1773048763,710765442,world,cf231,-2.6085526943206787,-1.5992015600204468,0.9652589559555054
1773048763,710765442,world,cf231_leg,-2.608133316040039,-1.6027822494506836,0.9507143497467041
1773048763,716398206,world,cf231,-2.608431816101074,-1.5993682146072388,0.9653578996658325
1773048763,716398206,world,cf231_leg,-2.6081769466400146,-1.602957010269165,0.9508081674575806
1773048763,721793807,world,cf231,-2.6083364486694336,-1.5995326042175293,0.9654253721237183
1773048763,721793807,world,cf231_leg,-2.608055591583252,-1.6029376983642578,0.9508140087127686
1773048763,726378609,world,cf231,-2.608152151107788,-1.5996215343475342,0.9653759002685547
1773048763,726378609,world,cf231_leg,-2.608062982559204,-1.603169560432434,0.9508671760559082
1773048763,731008089,world,cf231,-2.6082210540771484,-1.6000301837921143,0.9655411243438721
1773048763,731008089,world,cf231_leg,-2.607963800430298,-1.6032161712646484,0.9508436918258667
1773048763,739060346,world,cf231,-2.6079659461975098,-1.6001091003417969,0.965563178062439
1773048763,739060346,world,cf231_leg,-2.607980966567993,-1.6034021377563477,0.9508432149887085
1773048763,741047173,world,cf231,-2.6079490184783936,-1.600395679473877,0.9656146764755249
1773048763,741047173,world,cf231_leg,-2.6078524589538574,-1.6036202907562256,0.9508664608001709
1773048763,746813131,world,cf231,-2.607741117477417,-1.600370168685913,0.9656294584274292
1773048763,746813131,world,cf231_leg,-2.6078200340270996,-1.6037195920944214,0.9509323835372925
1773048763,752177133,world,cf231,-2.607736587524414,-1.6007022857666016,0.9655417203903198
1773048763,752177133,world,cf231_leg,-2.607815742492676,-1.6039576530456543,0.9509240388870239
1773048763,758292689,world,cf231,-2.607663631439209,-1.600879430770874,0.9657628536224365
1773048763,758292689,world,cf231_leg,-2.6078033447265625,-1.6040035486221313,0.9510018825531006
1773048763,761043494,world,cf231,-2.6075220108032227,-1.601195216178894,0.9658058881759644
1773048763,761043494,world,cf231_leg,-2.6076819896698,-1.604292869567871,0.9509620666503906
1773048763,768039649,world,cf231,-2.6074821949005127,-1.6013679504394531,0.9659188985824585
1773048763,768039649,world,cf231_leg,-2.6076622009277344,-1.6043870449066162,0.9510852098464966
1773048763,771047902,world,cf231,-2.607438802719116,-1.6014735698699951,0.9657108783721924
1773048763,771047902,world,cf231_leg,-2.607555389404297,-1.604509949684143,0.9509649276733398
1773048763,776492643,world,cf231,-2.6073312759399414,-1.6016933917999268,0.9657034873962402
1773048763,776492643,world,cf231_leg,-2.6075916290283203,-1.6047333478927612,0.9511035680770874
1773048763,782810339,world,cf231,-2.6071279048919678,-1.6018898487091064,0.9654941558837891
1773048763,782810339,world,cf231_leg,-2.6074721813201904,-1.6047847270965576,0.9510959386825562
1773048763,788669805,world,cf231,-2.607128858566284,-1.602126955986023,0.9656031131744385
1773048763,788669805,world,cf231_leg,-2.607508897781372,-1.604965090751648,0.9510825872421265
1773048763,794650522,world,cf231,-2.606980085372925,-1.6021596193313599,0.9656225442886353
1773048763,794650522,world,cf231_leg,-2.6073544025421143,-1.6051157712936401,0.9511641263961792
1773048763,799243285,world,cf231,-2.607058525085449,-1.602306604385376,0.9658163785934448
1773048763,799243285,world,cf231_leg,-2.607313394546509,-1.6052905321121216,0.9511358737945557
1773048763,803845187,world,cf231,-2.6069295406341553,-1.6024069786071777,0.9658318758010864
1773048763,803845187,world,cf231_leg,-2.607314109802246,-1.6054519414901733,0.9512501955032349
1773048763,812219255,world,cf231,-2.607001304626465,-1.6027264595031738,0.9658616781234741
1773048763,812219255,world,cf231_leg,-2.6072638034820557,-1.6055560111999512,0.9513071775436401
1773048763,812426893,world,cf231,-2.6068148612976074,-1.602695107460022,0.9658563137054443
1773048763,812426893,world,cf231_leg,-2.607233762741089,-1.6058721542358398,0.9511789083480835
1773048763,817462530,world,cf231,-2.60689640045166,-1.6030100584030151,0.9659732580184937
1773048763,817462530,world,cf231_leg,-2.6072428226470947,-1.6059859991073608,0.9512447118759155
1773048763,822933430,world,cf231,-2.6068663597106934,-1.6031101942062378,0.9660114049911499
1773048763,822933430,world,cf231_leg,-2.607138156890869,-1.6060798168182373,0.9512470960617065
1773048763,829881507,world,cf231,-2.6069095134735107,-1.6032456159591675,0.9659754037857056
1773048763,829881507,world,cf231_leg,-2.607135772705078,-1.6062690019607544,0.9512429237365723
1773048763,834180050,world,cf231,-2.606855630874634,-1.6033034324645996,0.9660696983337402
1773048763,834180050,world,cf231_leg,-2.6071271896362305,-1.6063162088394165,0.9512920379638672
1773048763,838974661,world,cf231,-2.6068098545074463,-1.6034088134765625,0.9660745859146118
1773048763,838974661,world,cf231_leg,-2.607120990753174,-1.6064348220825195,0.951325535774231
1773048763,848827081,world,cf231,-2.6068150997161865,-1.603524923324585,0.9661731719970703
1773048763,848827081,world,cf231_leg,-2.6070683002471924,-1.6064958572387695,0.9512548446655273
1773048763,849061036,world,cf231,-2.6067161560058594,-1.6035711765289307,0.966120719909668
1773048763,849061036,world,cf231_leg,-2.6069815158843994,-1.6066566705703735,0.9512720108032227
1773048763,856367449,world,cf231,-2.6069207191467285,-1.6038326025009155,0.9662454128265381
1773048763,856367449,world,cf231_leg,-2.606977939605713,-1.6067755222320557,0.9512808322906494
1773048763,856754684,world,cf231,-2.606804847717285,-1.6038113832473755,0.9661692380905151
1773048763,856754684,world,cf231_leg,-2.606907606124878,-1.6068131923675537,0.9513446092605591
1773048763,860903817,world,cf231,-2.6067938804626465,-1.6039319038391113,0.9662364721298218
1773048763,860903817,world,cf231_leg,-2.607004404067993,-1.6070467233657837,0.9514902830123901
1773048763,865741500,world,cf231,-2.6068246364593506,-1.6039961576461792,0.966315746307373
1773048763,865741500,world,cf231_leg,-2.606874704360962,-1.6071031093597412,0.9514012336730957
1773048763,870560639,world,cf231,-2.6067252159118652,-1.6040421724319458,0.9662647247314453
1773048763,870560639,world,cf231_leg,-2.6069579124450684,-1.607340931892395,0.9514919519424438
1773048763,875618488,world,cf231,-2.6068356037139893,-1.6042295694351196,0.9663244485855103
1773048763,875618488,world,cf231_leg,-2.606896162033081,-1.6073790788650513,0.9514822959899902
1773048763,880688900,world,cf231,-2.606863498687744,-1.6044127941131592,0.9663927555084229
1773048763,880688900,world,cf231_leg,-2.6069250106811523,-1.607559084892273,0.9515424966812134
1773048763,885655437,world,cf231,-2.6067862510681152,-1.6044069528579712,0.9663504362106323
1773048763,885655437,world,cf231_leg,-2.6069798469543457,-1.6078059673309326,0.951545238494873
1773048763,890494021,world,cf231,-2.606769323348999,-1.6045746803283691,0.9664404392242432
1773048763,890494021,world,cf231_leg,-2.606872081756592,-1.6078517436981201,0.9515972137451172
1773048763,895607334,world,cf231,-2.606842041015625,-1.6047430038452148,0.9666343927383423
1773048763,895607334,world,cf231_leg,-2.606891632080078,-1.608008861541748,0.951717734336853
1773048763,900533840,world,cf231,-2.6067874431610107,-1.6048041582107544,0.9665619134902954
1773048763,900533840,world,cf231_leg,-2.606724977493286,-1.608121633529663,0.9515905380249023
1773048763,909627993,world,cf231,-2.606736898422241,-1.6047478914260864,0.9664962291717529
1773048763,909627993,world,cf231_leg,-2.6068239212036133,-1.6082353591918945,0.9517309665679932
1773048763,910657703,world,cf231,-2.6068286895751953,-1.6049830913543701,0.9666885137557983
1773048763,910657703,world,cf231_leg,-2.606759786605835,-1.6084623336791992,0.9517182111740112
1773048763,915590455,world,cf231,-2.6065738201141357,-1.6049443483352661,0.9665623903274536
1773048763,915590455,world,cf231_leg,-2.606740951538086,-1.608586072921753,0.951694130897522
1773048763,920540338,world,cf231,-2.606593132019043,-1.6050567626953125,0.9667171239852905
1773048763,920540338,world,cf231_leg,-2.606792449951172,-1.6088037490844727,0.9518676996231079
1773048763,928326568,world,cf231,-2.606538772583008,-1.6051185131072998,0.966643214225769
1773048763,928326568,world,cf231_leg,-2.606804847717285,-1.608798861503601,0.9519245624542236
1773048763,931011836,world,cf231,-2.6066060066223145,-1.6052922010421753,0.9667195081710815
1773048763,931011836,world,cf231_leg,-2.606708526611328,-1.6090054512023926,0.9519960880279541
1773048763,938292176,world,cf231,-2.6065897941589355,-1.6055305004119873,0.9671758413314819
1773048763,938292176,world,cf231_leg,-2.6067097187042236,-1.6090757846832275,0.9519832134246826
1773048763,941505782,world,cf231,-2.606489896774292,-1.605505108833313,0.9669452905654907
1773048763,941505782,world,cf231_leg,-2.6066999435424805,-1.6093131303787231,0.9520255327224731
1773048763,946288140,world,cf231,-2.606311798095703,-1.6054719686508179,0.9668629169464111
1773048763,946288140,world,cf231_leg,-2.6066536903381348,-1.609415888786316,0.9520390033721924
1773048763,952761947,world,cf231,-2.606351137161255,-1.605727195739746,0.967024564743042
1773048763,952761947,world,cf231_leg,-2.606635093688965,-1.6094679832458496,0.9520071744918823
1773048763,957216298,world,cf231,-2.6063132286071777,-1.6057844161987305,0.9669816493988037
1773048763,957216298,world,cf231_leg,-2.6066956520080566,-1.6098248958587646,0.9520885944366455
1773048763,962553609,world,cf231,-2.6063895225524902,-1.6059526205062866,0.9671478271484375
1773048763,962553609,world,cf231_leg,-2.6065568923950195,-1.6097418069839478,0.9520934820175171
1773048763,966320293,world,cf231,-2.606239080429077,-1.6059420108795166,0.9670324325561523
1773048763,966320293,world,cf231_leg,-2.606576681137085,-1.6099679470062256,0.9522055387496948
1773048763,970800854,world,cf231,-2.6062417030334473,-1.606104850769043,0.9671269655227661
1773048763,970800854,world,cf231_leg,-2.6064889430999756,-1.6099677085876465,0.9521081447601318
1773048764,3026825,world,cf231,-2.6061501502990723,-1.6061476469039917,0.9671860933303833
1773048764,3026825,world,cf231_leg,-2.6064746379852295,-1.6101337671279907,0.9521899223327637
1773048764,3314945,world,cf231,-2.606175422668457,-1.6063315868377686,0.9672800302505493
1773048764,3314945,world,cf231_leg,-2.6064295768737793,-1.6102378368377686,0.9521992206573486
1773048764,3495019,world,cf231,-2.6061253547668457,-1.6063939332962036,0.9671764373779297
1773048764,3495019,world,cf231_leg,-2.6063387393951416,-1.6102371215820312,0.9521276950836182
1773048764,3657511,world,cf231,-2.6060409545898438,-1.6063158512115479,0.9671976566314697
1773048764,3657511,world,cf231_leg,-2.6063013076782227,-1.6104556322097778,0.9522244930267334
1773048764,3809926,world,cf231,-2.60604190826416,-1.6065058708190918,0.9673385620117188
1773048764,3809926,world,cf231_leg,-2.6062657833099365,-1.61051344871521,0.952181339263916
1773048764,3957261,world,cf231,-2.6060104370117188,-1.6066089868545532,0.9672110080718994
1773048764,3957261,world,cf231_leg,-2.606208562850952,-1.6106663942337036,0.9522825479507446
1773048764,5839012,world,cf231,-2.6059088706970215,-1.606656551361084,0.9671833515167236
1773048764,5839012,world,cf231_leg,-2.6063153743743896,-1.6108512878417969,0.9523588418960571
1773048764,10587686,world,cf231,-2.6060118675231934,-1.6068462133407593,0.9673194885253906
1773048764,10587686,world,cf231_leg,-2.606273889541626,-1.6110279560089111,0.952347993850708
1773048764,15840621,world,cf231,-2.6059176921844482,-1.6067723035812378,0.9672545194625854
1773048764,15840621,world,cf231_leg,-2.6063032150268555,-1.6112080812454224,0.9524068832397461
1773048764,20550341,world,cf231,-2.6058881282806396,-1.6069451570510864,0.9672837257385254
1773048764,20550341,world,cf231_leg,-2.606233596801758,-1.6113224029541016,0.9523011445999146
1773048764,25684668,world,cf231,-2.6058671474456787,-1.6070702075958252,0.9672644138336182
1773048764,25684668,world,cf231_leg,-2.606261968612671,-1.6115014553070068,0.9523634910583496
1773048764,30638261,world,cf231,-2.6057627201080322,-1.6071175336837769,0.9672644138336182
1773048764,30638261,world,cf231_leg,-2.606257677078247,-1.6116697788238525,0.9523657560348511
1773048764,35643714,world,cf231,-2.605806589126587,-1.6072492599487305,0.9673957824707031
1773048764,35643714,world,cf231_leg,-2.606285572052002,-1.61184823513031,0.952430009841919
1773048764,42562106,world,cf231,-2.605863094329834,-1.607426404953003,0.9673888683319092
1773048764,42562106,world,cf231_leg,-2.6062636375427246,-1.6120214462280273,0.9524232149124146
1773048764,45488108,world,cf231,-2.6058132648468018,-1.6074848175048828,0.9674534797668457
1773048764,45488108,world,cf231_leg,-2.6063308715820312,-1.612143635749817,0.9525015354156494
1773048764,53665990,world,cf231,-2.605816602706909,-1.6077204942703247,0.9675387144088745
1773048764,53665990,world,cf231_leg,-2.606241464614868,-1.6123733520507812,0.9525351524353027
1773048764,55676048,world,cf231,-2.605748176574707,-1.6078307628631592,0.9675664901733398
1773048764,55676048,world,cf231_leg,-2.606264352798462,-1.6124398708343506,0.9525036811828613
1773048764,60661264,world,cf231,-2.6057844161987305,-1.6078935861587524,0.9675948619842529
1773048764,60661264,world,cf231_leg,-2.6063079833984375,-1.6127336025238037,0.9525811672210693
1773048764,67023728,world,cf231,-2.6056883335113525,-1.6080870628356934,0.9675195217132568
1773048764,67023728,world,cf231_leg,-2.6062731742858887,-1.6129015684127808,0.9526633024215698
1773048764,70539384,world,cf231,-2.6057634353637695,-1.6082122325897217,0.9675490856170654
1773048764,70539384,world,cf231_leg,-2.60626482963562,-1.6131372451782227,0.9526866674423218
1773048764,75635190,world,cf231,-2.6056981086730957,-1.608322262763977,0.9675502777099609
1773048764,75635190,world,cf231_leg,-2.6062681674957275,-1.6133266687393188,0.9526335000991821
1773048764,80819602,world,cf231,-2.605654239654541,-1.6083801984786987,0.967560887336731
1773048764,80819602,world,cf231_leg,-2.6061899662017822,-1.6134374141693115,0.9525879621505737
1773048764,86770651,world,cf231,-2.605736017227173,-1.6087406873703003,0.9676486253738403
1773048764,86770651,world,cf231_leg,-2.606313467025757,-1.6136879920959473,0.9526828527450562
1773048764,90541478,world,cf231,-2.605708360671997,-1.6087936162948608,0.9676922559738159
1773048764,90541478,world,cf231_leg,-2.606196880340576,-1.6137875318527222,0.9526262283325195
1773048764,95586613,world,cf231,-2.605673313140869,-1.6088502407073975,0.9676238298416138
1773048764,95586613,world,cf231_leg,-2.60609769821167,-1.6138336658477783,0.9526056051254272
1773048764,100736853,world,cf231,-2.6058130264282227,-1.6092216968536377,0.9677484035491943
1773048764,100736853,world,cf231_leg,-2.6060636043548584,-1.6140815019607544,0.9525312185287476
1773048764,105709317,world,cf231,-2.6056840419769287,-1.6093218326568604,0.9677649736404419
1773048764,105709317,world,cf231_leg,-2.606020927429199,-1.6141372919082642,0.9525429010391235
1773048764,110723672,world,cf231,-2.605583667755127,-1.609488606452942,0.9676971435546875
1773048764,110723672,world,cf231_leg,-2.6058804988861084,-1.6143603324890137,0.9525104761123657
1773048764,116194628,world,cf231,-2.60563588142395,-1.6097865104675293,0.967700719833374
1773048764,116194628,world,cf231_leg,-2.6058437824249268,-1.6144884824752808,0.9524787664413452
1773048764,120743170,world,cf231,-2.60560941696167,-1.609958529472351,0.9677046537399292
1773048764,120743170,world,cf231_leg,-2.6058189868927,-1.6148782968521118,0.9523270130157471
1773048764,125686870,world,cf231,-2.6056501865386963,-1.6101410388946533,0.9676637649536133
1773048764,125686870,world,cf231_leg,-2.6057329177856445,-1.615039348602295,0.9523439407348633
1773048764,130710420,world,cf231,-2.6054937839508057,-1.6102944612503052,0.9677226543426514
1773048764,130710420,world,cf231_leg,-2.60579514503479,-1.6153284311294556,0.9524285793304443
1773048764,135864834,world,cf231,-2.605515241622925,-1.6104816198349,0.9676777124404907
1773048764,135864834,world,cf231_leg,-2.605684280395508,-1.6155003309249878,0.9523292779922485
1773048764,140552480,world,cf231,-2.6054604053497314,-1.6107364892959595,0.9675792455673218
1773048764,140552480,world,cf231_leg,-2.6057682037353516,-1.6158069372177124,0.9524110555648804
1773048764,145687680,world,cf231,-2.6053545475006104,-1.6109039783477783,0.9675648212432861
1773048764,145687680,world,cf231_leg,-2.6056482791900635,-1.6158579587936401,0.9524054527282715
1773048764,150803922,world,cf231,-2.605360269546509,-1.6112092733383179,0.9678058624267578
1773048764,150803922,world,cf231_leg,-2.605628252029419,-1.6161903142929077,0.952495813369751
1773048764,155683773,world,cf231,-2.605241537094116,-1.6113110780715942,0.96755051612854
1773048764,155683773,world,cf231_leg,-2.6056008338928223,-1.6163601875305176,0.9525238275527954
1773048764,160681436,world,cf231,-2.605264663696289,-1.6116135120391846,0.9676336050033569
1773048764,160681436,world,cf231_leg,-2.605593204498291,-1.6165964603424072,0.9525452852249146
1773048764,165512326,world,cf231,-2.6051950454711914,-1.611920952796936,0.9674689769744873
1773048764,165512326,world,cf231_leg,-2.605625629425049,-1.6168932914733887,0.9525471925735474
1773048764,171365404,world,cf231,-2.605210304260254,-1.6122266054153442,0.9674417972564697
1773048764,171365404,world,cf231_leg,-2.6055240631103516,-1.617059350013733,0.9525313377380371
1773048764,175568435,world,cf231,-2.605117082595825,-1.6124169826507568,0.9677157402038574
1773048764,175568435,world,cf231_leg,-2.605503559112549,-1.6172999143600464,0.9524979591369629
1773048764,180713794,world,cf231,-2.6051902770996094,-1.6127392053604126,0.9673682451248169
1773048764,180713794,world,cf231_leg,-2.605435848236084,-1.6174566745758057,0.9525219202041626
1773048764,185754572,world,cf231,-2.6052048206329346,-1.6130942106246948,0.9673300981521606
1773048764,185754572,world,cf231_leg,-2.6053779125213623,-1.6176364421844482,0.9524842500686646
1773048764,190679394,world,cf231,-2.605164051055908,-1.6133451461791992,0.967288613319397
1773048764,190679394,world,cf231_leg,-2.6053695678710938,-1.617871880531311,0.9525082111358643
1773048764,196854180,world,cf231,-2.6052441596984863,-1.6136651039123535,0.9672601222991943
1773048764,196854180,world,cf231_leg,-2.605233907699585,-1.617905855178833,0.9524567127227783
1773048764,200817788,world,cf231,-2.605238199234009,-1.613935947418213,0.9671106338500977
1773048764,200817788,world,cf231_leg,-2.6053197383880615,-1.6182143688201904,0.9525316953659058
1773048764,205661151,world,cf231,-2.605297565460205,-1.6142293214797974,0.9672280550003052
1773048764,205661151,world,cf231_leg,-2.6052567958831787,-1.6184422969818115,0.9525166749954224
1773048764,210814723,world,cf231,-2.605334997177124,-1.6144719123840332,0.9669221639633179
1773048764,210814723,world,cf231_leg,-2.6052143573760986,-1.618688941001892,0.9525178670883179
1773048764,215576533,world,cf231,-2.605417251586914,-1.6148326396942139,0.9670089483261108
1773048764,215576533,world,cf231_leg,-2.6053292751312256,-1.6189930438995361,0.9525049924850464
1773048764,222661529,world,cf231,-2.605396032333374,-1.6151247024536133,0.9669426679611206
1773048764,222661529,world,cf231_leg,-2.6052541732788086,-1.6193665266036987,0.9524312019348145
1773048764,225946243,world,cf231,-2.6055972576141357,-1.6155062913894653,0.9670774936676025
1773048764,225946243,world,cf231_leg,-2.605215072631836,-1.6195425987243652,0.9523987770080566
1773048764,230580024,world,cf231,-2.605517864227295,-1.6157426834106445,0.9668169021606445
1773048764,230580024,world,cf231_leg,-2.6051135063171387,-1.6197773218154907,0.9523760080337524
1773048764,236138045,world,cf231,-2.605572462081909,-1.6159929037094116,0.9668264389038086
1773048764,236138045,world,cf231_leg,-2.6050503253936768,-1.6200047731399536,0.9523624181747437
1773048764,241311473,world,cf231,-2.605766534805298,-1.6166133880615234,0.9669629335403442
1773048764,241311473,world,cf231_leg,-2.604983329772949,-1.6202595233917236,0.9522327184677124
1773048764,246634507,world,cf231,-2.6056296825408936,-1.6168221235275269,0.9667341709136963
1773048764,246634507,world,cf231_leg,-2.604952096939087,-1.6205471754074097,0.9522722959518433
1773048764,251892777,world,cf231,-2.605717658996582,-1.6172572374343872,0.9667786359786987
1773048764,251892777,world,cf231_leg,-2.604849100112915,-1.6209306716918945,0.952109694480896
1773048764,255614726,world,cf231,-2.6056954860687256,-1.6175017356872559,0.9667459726333618
1773048764,255614726,world,cf231_leg,-2.604809045791626,-1.6211055517196655,0.9520809650421143
1773048764,261467313,world,cf231,-2.6056878566741943,-1.6178151369094849,0.9667607545852661
1773048764,261467313,world,cf231_leg,-2.604642391204834,-1.6213089227676392,0.9520833492279053
1773048764,265685816,world,cf231,-2.6057446002960205,-1.6181392669677734,0.9667574167251587
1773048764,265685816,world,cf231_leg,-2.604564666748047,-1.6214224100112915,0.9520527124404907
1773048764,270472771,world,cf231,-2.6056227684020996,-1.6184331178665161,0.9666925668716431
1773048764,270472771,world,cf231_leg,-2.6043946743011475,-1.6215845346450806,0.9519462585449219
1773048764,275673168,world,cf231,-2.6056346893310547,-1.618859887123108,0.9666750431060791
1773048764,275673168,world,cf231_leg,-2.604271650314331,-1.6217542886734009,0.9519500732421875
1773048764,281138788,world,cf231,-2.605574131011963,-1.6191149950027466,0.966631293296814
1773048764,281138788,world,cf231_leg,-2.604321002960205,-1.6221665143966675,0.9519641399383545
1773048764,285706615,world,cf231,-2.605436086654663,-1.6195155382156372,0.9663821458816528
1773048764,285706615,world,cf231_leg,-2.6042683124542236,-1.6223891973495483,0.9520307779312134
1773048764,290547282,world,cf231,-2.605496644973755,-1.6199276447296143,0.9664605855941772
1773048764,290547282,world,cf231_leg,-2.604172706604004,-1.6225557327270508,0.9519654512405396
1773048764,295578737,world,cf231,-2.6053121089935303,-1.6202090978622437,0.9663916826248169
1773048764,295578737,world,cf231_leg,-2.6042070388793945,-1.622896671295166,0.9521147012710571
1773048764,302297987,world,cf231,-2.605271100997925,-1.6205499172210693,0.9664814472198486
1773048764,302297987,world,cf231_leg,-2.6041553020477295,-1.623070240020752,0.952185869216919
1773048764,305707704,world,cf231,-2.605233907699585,-1.620963454246521,0.9665343761444092
1773048764,305707704,world,cf231_leg,-2.604100227355957,-1.6233694553375244,0.952107310295105
1773048764,310532000,world,cf231,-2.6051509380340576,-1.6211258172988892,0.9664981365203857
1773048764,310532000,world,cf231_leg,-2.604130506515503,-1.6236447095870972,0.9521181583404541
1773048764,315641947,world,cf231,-2.605107069015503,-1.6214674711227417,0.9666134119033813
1773048764,315641947,world,cf231_leg,-2.604029417037964,-1.623810887336731,0.9521026611328125
1773048764,320719126,world,cf231,-2.6049487590789795,-1.621698021888733,0.9665229320526123
1773048764,320719126,world,cf231_leg,-2.604004383087158,-1.6241635084152222,0.9522591829299927
1773048764,325591535,world,cf231,-2.6049742698669434,-1.622092843055725,0.9667288064956665
1773048764,325591535,world,cf231_leg,-2.6039726734161377,-1.6243388652801514,0.9521579742431641
1773048764,331966813,world,cf231,-2.6048874855041504,-1.6224477291107178,0.9666972160339355
1773048764,331966813,world,cf231_leg,-2.603926181793213,-1.6246360540390015,0.9519908428192139
1773048764,336137402,world,cf231,-2.6048567295074463,-1.6227396726608276,0.9667148590087891
1773048764,336137402,world,cf231_leg,-2.603884696960449,-1.6247355937957764,0.9521507024765015
1773048764,340517980,world,cf231,-2.6047592163085938,-1.6231238842010498,0.9666221141815186
1773048764,340517980,world,cf231_leg,-2.603752613067627,-1.6250227689743042,0.9522149562835693
1773048764,345536909,world,cf231,-2.604735851287842,-1.6234883069992065,0.9665755033493042
1773048764,345536909,world,cf231_leg,-2.6037228107452393,-1.6251928806304932,0.9522664546966553
1773048764,350605397,world,cf231,-2.604623556137085,-1.6237766742706299,0.9666001796722412
1773048764,350605397,world,cf231_leg,-2.603511095046997,-1.6252923011779785,0.9521865844726562
1773048764,355652799,world,cf231,-2.604495048522949,-1.6240700483322144,0.96659255027771
1773048764,355652799,world,cf231_leg,-2.603436231613159,-1.625406265258789,0.9521311521530151
1773048764,361692713,world,cf231,-2.604424476623535,-1.6244611740112305,0.9667336940765381
1773048764,361692713,world,cf231_leg,-2.603419303894043,-1.6258091926574707,0.9522072076797485
1773048764,365785774,world,cf231,-2.6043241024017334,-1.6247020959854126,0.9666813611984253
1773048764,365785774,world,cf231_leg,-2.603384017944336,-1.6260977983474731,0.9522919654846191
1773048764,370651276,world,cf231,-2.6042096614837646,-1.6250375509262085,0.9667011499404907
1773048764,370651276,world,cf231_leg,-2.6030776500701904,-1.6261264085769653,0.9521780014038086
1773048764,375742885,world,cf231,-2.60400390625,-1.6252532005310059,0.9666595458984375
1773048764,375742885,world,cf231_leg,-2.6031532287597656,-1.626439094543457,0.9521751403808594
1773048764,380843621,world,cf231,-2.603766441345215,-1.6255253553390503,0.9665224552154541
1773048764,380843621,world,cf231_leg,-2.6030025482177734,-1.6267088651657104,0.9522185325622559
1773048764,385717806,world,cf231,-2.6035473346710205,-1.6258617639541626,0.9665746688842773
1773048764,385717806,world,cf231_leg,-2.602937698364258,-1.6268175840377808,0.9522440433502197
1773048764,390732545,world,cf231,-2.6033992767333984,-1.6261337995529175,0.9665418863296509
1773048764,390732545,world,cf231_leg,-2.6028101444244385,-1.6270352602005005,0.9522711038589478
1773048764,395810758,world,cf231,-2.603240728378296,-1.626408576965332,0.9666111469268799
1773048764,395810758,world,cf231_leg,-2.6027109622955322,-1.6273192167282104,0.9522199630737305
1773048764,400812007,world,cf231,-2.6031675338745117,-1.6267586946487427,0.9666390419006348
1773048764,400812007,world,cf231_leg,-2.6025354862213135,-1.6273406744003296,0.952163577079773
1773048764,405608803,world,cf231,-2.6030750274658203,-1.6269211769104004,0.9666858911514282
1773048764,405608803,world,cf231_leg,-2.60250186920166,-1.6276280879974365,0.952228307723999
1773048764,410836015,world,cf231,-2.6028401851654053,-1.6270256042480469,0.9665704965591431
1773048764,410836015,world,cf231_leg,-2.6025569438934326,-1.6278737783432007,0.952234148979187
1773048764,415722324,world,cf231,-2.602876901626587,-1.6274436712265015,0.9666962623596191
1773048764,415722324,world,cf231_leg,-2.60247802734375,-1.6281049251556396,0.9521923065185547
1773048764,420436378,world,cf231,-2.602710247039795,-1.6276003122329712,0.9666746854782104
1773048764,420436378,world,cf231_leg,-2.602416515350342,-1.6282787322998047,0.9523578882217407
1773048764,426960521,world,cf231,-2.6027774810791016,-1.6279655694961548,0.966728925704956
1773048764,426960521,world,cf231_leg,-2.6023337841033936,-1.628440022468567,0.952351450920105
1773048764,430794126,world,cf231,-2.602712392807007,-1.628240704536438,0.9668728113174438
1773048764,430794126,world,cf231_leg,-2.602278709411621,-1.6284725666046143,0.9524495601654053
1773048764,435753134,world,cf231,-2.602548837661743,-1.6283971071243286,0.9668245315551758
1773048764,435753134,world,cf231_leg,-2.6021223068237305,-1.628539800643921,0.9522712230682373
1773048764,440682021,world,cf231,-2.6024396419525146,-1.6286132335662842,0.9668296575546265
1773048764,440682021,world,cf231_leg,-2.6021618843078613,-1.6287612915039062,0.9523895978927612
1773048764,445943408,world,cf231,-2.6023199558258057,-1.628707766532898,0.9669373035430908
1773048764,445943408,world,cf231_leg,-2.601994276046753,-1.6288470029830933,0.9524285793304443
1773048764,450657363,world,cf231,-2.6022417545318604,-1.628871202468872,0.966870903968811
1773048764,450657363,world,cf231_leg,-2.6019725799560547,-1.6289693117141724,0.9524328708648682
1773048764,455595901,world,cf231,-2.60200572013855,-1.628947138786316,0.9669244289398193
1773048764,455595901,world,cf231_leg,-2.6017792224884033,-1.6290645599365234,0.9523608684539795
1773048764,460641341,world,cf231,-2.6018850803375244,-1.6291613578796387,0.9670182466506958
1773048764,460641341,world,cf231_leg,-2.601703405380249,-1.6292202472686768,0.9524602890014648
1773048764,465439207,world,cf231,-2.6018033027648926,-1.6294869184494019,0.967103123664856
1773048764,465439207,world,cf231_leg,-2.601656436920166,-1.629442811012268,0.9524792432785034
1773048764,470642503,world,cf231,-2.601663589477539,-1.6294727325439453,0.967073917388916
1773048764,470642503,world,cf231_leg,-2.6015431880950928,-1.62949538230896,0.9524228572845459
1773048764,475554247,world,cf231,-2.601611614227295,-1.6295775175094604,0.9671366214752197
1773048764,475554247,world,cf231_leg,-2.601423978805542,-1.629637360572815,0.952544093132019
1773048764,480447831,world,cf231,-2.601562023162842,-1.6298025846481323,0.9671562910079956
1773048764,480447831,world,cf231_leg,-2.6014404296875,-1.629910945892334,0.9526792764663696
1773048764,485740336,world,cf231,-2.6014304161071777,-1.6299521923065186,0.9671907424926758
1773048764,485740336,world,cf231_leg,-2.6013505458831787,-1.6299114227294922,0.9526054859161377
1773048764,491729190,world,cf231,-2.6013498306274414,-1.630067229270935,0.9671602249145508
1773048764,491729190,world,cf231_leg,-2.6012628078460693,-1.6301203966140747,0.9526230096817017
1773048764,495656903,world,cf231,-2.6012399196624756,-1.6302640438079834,0.9670319557189941
1773048764,495656903,world,cf231_leg,-2.6011648178100586,-1.6301202774047852,0.9526228904724121
1773048764,500713464,world,cf231,-2.6011903285980225,-1.6303681135177612,0.9670689105987549
1773048764,500713464,world,cf231_leg,-2.601050615310669,-1.6302618980407715,0.95269775390625
1773048764,505467243,world,cf231,-2.6010355949401855,-1.6303601264953613,0.9670045375823975
1773048764,505467243,world,cf231_leg,-2.601008892059326,-1.6303186416625977,0.9527068138122559
1773048764,510923289,world,cf231,-2.6010847091674805,-1.6305348873138428,0.9670584201812744
1773048764,510923289,world,cf231_leg,-2.6009011268615723,-1.63046133518219,0.9527311325073242
1773048764,515590812,world,cf231,-2.6008460521698,-1.6304495334625244,0.9670137166976929
1773048764,515590812,world,cf231_leg,-2.6007001399993896,-1.6304376125335693,0.9527456760406494
1773048764,520681768,world,cf231,-2.600898027420044,-1.6306275129318237,0.9670584201812744
1773048764,520681768,world,cf231_leg,-2.6006197929382324,-1.6305512189865112,0.9527390003204346
1773048764,525704983,world,cf231,-2.6008386611938477,-1.6306873559951782,0.9670195579528809
1773048764,525704983,world,cf231_leg,-2.6006760597229004,-1.6307263374328613,0.9527349472045898
1773048764,530641155,world,cf231,-2.600827932357788,-1.6307355165481567,0.9670946598052979
1773048764,530641155,world,cf231_leg,-2.600537061691284,-1.630641222000122,0.9527254104614258
1773048764,535755831,world,cf231,-2.6006369590759277,-1.6305902004241943,0.9669896364212036
1773048764,535755831,world,cf231_leg,-2.6004281044006348,-1.6308066844940186,0.952783465385437
1773048764,540631933,world,cf231,-2.6006431579589844,-1.630754828453064,0.9670777320861816
1773048764,540631933,world,cf231_leg,-2.6004080772399902,-1.6308594942092896,0.9527742862701416
1773048764,545479354,world,cf231,-2.600461483001709,-1.6306757926940918,0.9670555591583252
1773048764,545479354,world,cf231_leg,-2.600297212600708,-1.630835771560669,0.9528611898422241
1773048764,550425281,world,cf231,-2.6003851890563965,-1.630671501159668,0.9670103788375854
1773048764,550425281,world,cf231_leg,-2.600283622741699,-1.6309584379196167,0.9527932405471802
1773048764,555594179,world,cf231,-2.6003007888793945,-1.6305936574935913,0.9670320749282837
1773048764,555594179,world,cf231_leg,-2.6002373695373535,-1.6309444904327393,0.9528399705886841
1773048764,561898377,world,cf231,-2.6002776622772217,-1.6306471824645996,0.9670460224151611
1773048764,561898377,world,cf231_leg,-2.6001806259155273,-1.6310535669326782,0.9527934789657593
1773048764,565623146,world,cf231,-2.600179672241211,-1.6305736303329468,0.9670100212097168
1773048764,565623146,world,cf231_leg,-2.6000819206237793,-1.63105309009552,0.9527944326400757
1773048764,570538057,world,cf231,-2.600025177001953,-1.6304908990859985,0.9669332504272461
1773048764,570538057,world,cf231_leg,-2.6000611782073975,-1.6311050653457642,0.9527876377105713
1773048764,575569957,world,cf231,-2.600015640258789,-1.6305402517318726,0.9670042991638184
1773048764,575569957,world,cf231_leg,-2.6000757217407227,-1.6312179565429688,0.9528082609176636
1773048764,580613204,world,cf231,-2.599890947341919,-1.630519986152649,0.9670108556747437
1773048764,580613204,world,cf231_leg,-2.5998075008392334,-1.6310021877288818,0.9527339935302734
1773048764,585760246,world,cf231,-2.599705457687378,-1.6303231716156006,0.9670511484146118
1773048764,585760246,world,cf231_leg,-2.59989595413208,-1.6311901807785034,0.9528052806854248
1773048764,590621245,world,cf231,-2.599735975265503,-1.630316138267517,0.9669512510299683
1773048764,590621245,world,cf231_leg,-2.599806785583496,-1.6310726404190063,0.9527446031570435
1773048764,595673279,world,cf231,-2.599522113800049,-1.6301738023757935,0.9670578241348267
1773048764,595673279,world,cf231_leg,-2.5997819900512695,-1.631170630455017,0.9527435302734375
1773048764,600604984,world,cf231,-2.5993635654449463,-1.6300902366638184,0.9670108556747437
1773048764,600604984,world,cf231_leg,-2.599745988845825,-1.6311805248260498,0.952725887298584
1773048764,605620761,world,cf231,-2.5992629528045654,-1.6300665140151978,0.9669893980026245
1773048764,605620761,world,cf231_leg,-2.5995209217071533,-1.6310968399047852,0.9526158571243286
1773048764,610759650,world,cf231,-2.5991034507751465,-1.6299360990524292,0.9669735431671143
1773048764,610759650,world,cf231_leg,-2.5995025634765625,-1.630982518196106,0.952623724937439
1773048764,615618241,world,cf231,-2.5989224910736084,-1.629714846611023,0.9669599533081055
1773048764,615618241,world,cf231_leg,-2.5994153022766113,-1.631072759628296,0.9526561498641968
1773048764,620647603,world,cf231,-2.5987937450408936,-1.629693627357483,0.9669966697692871
1773048764,620647603,world,cf231_leg,-2.599360466003418,-1.6310155391693115,0.9526246786117554
1773048764,626946041,world,cf231,-2.5985021591186523,-1.629429578781128,0.9669091701507568
1773048764,626946041,world,cf231_leg,-2.5993242263793945,-1.6310721635818481,0.9525864124298096
1773048764,630614368,world,cf231,-2.598419666290283,-1.6293994188308716,0.9668965339660645
1773048764,630614368,world,cf231_leg,-2.5991616249084473,-1.6308798789978027,0.9524732828140259
1773048764,635756517,world,cf231,-2.5982894897460938,-1.6292593479156494,0.9669713973999023
1773048764,635756517,world,cf231_leg,-2.599172353744507,-1.6309916973114014,0.9525210857391357
1773048764,640518611,world,cf231,-2.598065137863159,-1.6290513277053833,0.966810941696167
1773048764,640518611,world,cf231_leg,-2.599090337753296,-1.6307573318481445,0.9524214267730713
1773048764,645467027,world,cf231,-2.5980441570281982,-1.6291040182113647,0.9668002128601074
1773048764,645467027,world,cf231_leg,-2.59895658493042,-1.6307436227798462,0.95237135887146
1773048764,650443079,world,cf231,-2.597903251647949,-1.628865361213684,0.9669445753097534
1773048764,650443079,world,cf231_leg,-2.599015474319458,-1.6307529211044312,0.9523801803588867
1773048764,655645374,world,cf231,-2.5976688861846924,-1.6287779808044434,0.9668505191802979
1773048764,655645374,world,cf231_leg,-2.5988852977752686,-1.630621075630188,0.9523195028305054
1773048764,660475158,world,cf231,-2.597625732421875,-1.628643274307251,0.9668847322463989
1773048764,660475158,world,cf231_leg,-2.5988101959228516,-1.6305447816848755,0.9522721767425537
1773048764,665582963,world,cf231,-2.597404956817627,-1.628430962562561,0.9668645858764648
1773048764,665582963,world,cf231_leg,-2.5987751483917236,-1.6304365396499634,0.9522675275802612
1773048764,670548914,world,cf231,-2.5974063873291016,-1.6282669305801392,0.966718316078186
1773048764,670548914,world,cf231_leg,-2.598625659942627,-1.630355954170227,0.9521790742874146
1773048764,675456607,world,cf231,-2.597198963165283,-1.6281706094741821,0.9667403697967529
1773048764,675456607,world,cf231_leg,-2.5986804962158203,-1.630294919013977,0.9522241353988647
1773048764,680688408,world,cf231,-2.5971057415008545,-1.6279776096343994,0.9666885137557983
1773048764,680688408,world,cf231_leg,-2.598536968231201,-1.630167841911316,0.9521076679229736
1773048764,685595426,world,cf231,-2.597059488296509,-1.6279150247573853,0.9667433500289917
1773048764,685595426,world,cf231_leg,-2.5984864234924316,-1.630111813545227,0.9520478248596191
1773048764,690538293,world,cf231,-2.5969135761260986,-1.62766432762146,0.9666315317153931
1773048764,690538293,world,cf231_leg,-2.5984134674072266,-1.6299874782562256,0.9520015716552734
1773048764,695618420,world,cf231,-2.596867084503174,-1.6275824308395386,0.9663064479827881
1773048764,695618420,world,cf231_leg,-2.5984296798706055,-1.6299834251403809,0.9520313739776611
1773048764,700850619,world,cf231,-2.5967068672180176,-1.6272822618484497,0.9665266275405884
1773048764,700850619,world,cf231_leg,-2.5983524322509766,-1.6299790143966675,0.9520139694213867
1773048764,705682928,world,cf231,-2.596553325653076,-1.627079725265503,0.9664617776870728
1773048764,705682928,world,cf231_leg,-2.5982789993286133,-1.629785418510437,0.9519768953323364
1773048764,710443698,world,cf231,-2.5964107513427734,-1.6268290281295776,0.9663220643997192
1773048764,710443698,world,cf231_leg,-2.598224639892578,-1.629728078842163,0.9519450664520264
1773048764,715713937,world,cf231,-2.5962889194488525,-1.6266875267028809,0.9663182497024536
1773048764,715713937,world,cf231_leg,-2.5981504917144775,-1.6295629739761353,0.951764702796936
1773048764,720466653,world,cf231,-2.5963728427886963,-1.6265262365341187,0.9663496017456055
1773048764,720466653,world,cf231_leg,-2.5981547832489014,-1.6295644044876099,0.9517358541488647
1773048764,725736663,world,cf231,-2.5961947441101074,-1.6262140274047852,0.9661781787872314
1773048764,725736663,world,cf231_leg,-2.5981061458587646,-1.6293891668319702,0.9516692161560059
1773048764,730569463,world,cf231,-2.59623122215271,-1.6261552572250366,0.966224193572998
1773048764,730569463,world,cf231_leg,-2.5980494022369385,-1.6292610168457031,0.9516515731811523
1773048764,735509945,world,cf231,-2.595956325531006,-1.6257708072662354,0.9660120010375977
1773048764,735509945,world,cf231_leg,-2.5980277061462402,-1.6291931867599487,0.9516632556915283
1773048764,740729575,world,cf231,-2.5959856510162354,-1.6256400346755981,0.9661206007003784
1773048764,740729575,world,cf231_leg,-2.5979533195495605,-1.6290276050567627,0.9514844417572021
1773048764,745606750,world,cf231,-2.5958855152130127,-1.6254054307937622,0.9659836292266846
1773048764,745606750,world,cf231_leg,-2.5978894233703613,-1.6290185451507568,0.9515219926834106
1773048764,750456979,world,cf231,-2.595790147781372,-1.6252132654190063,0.9659563302993774
1773048764,750456979,world,cf231_leg,-2.597980260848999,-1.6289288997650146,0.9514634609222412
1773048764,755543712,world,cf231,-2.595801830291748,-1.6250450611114502,0.9658949375152588
1773048764,755543712,world,cf231_leg,-2.5978496074676514,-1.6287254095077515,0.9513956308364868
1773048764,760604839,world,cf231,-2.5958144664764404,-1.6248775720596313,0.9658310413360596
1773048764,760604839,world,cf231_leg,-2.597771644592285,-1.6284825801849365,0.9514107704162598
1773048764,765461848,world,cf231,-2.5957119464874268,-1.6247309446334839,0.9658318758010864
1773048764,765461848,world,cf231_leg,-2.5977697372436523,-1.628440499305725,0.9512803554534912
1773048764,770448647,world,cf231,-2.5957276821136475,-1.6245633363723755,0.9657406806945801
1773048764,770448647,world,cf231_leg,-2.5977625846862793,-1.6283273696899414,0.9511890411376953
1773048764,775566184,world,cf231,-2.5958430767059326,-1.6244676113128662,0.9656640291213989
1773048764,775566184,world,cf231_leg,-2.5978174209594727,-1.6283372640609741,0.95124351978302
1773048764,780671666,world,cf231,-2.595850944519043,-1.624180555343628,0.9656683206558228
1773048764,780671666,world,cf231_leg,-2.5977280139923096,-1.628148078918457,0.951175332069397
1773048764,785578250,world,cf231,-2.5957226753234863,-1.6240440607070923,0.9655486345291138
1773048764,785578250,world,cf231_leg,-2.597771644592285,-1.6281622648239136,0.9511518478393555
1773048764,790646743,world,cf231,-2.595867156982422,-1.6239385604858398,0.9655634164810181
1773048764,790646743,world,cf231_leg,-2.597818613052368,-1.6280581951141357,0.9511172771453857
1773048764,795478687,world,cf231,-2.595797300338745,-1.6237670183181763,0.9655090570449829
1773048764,795478687,world,cf231_leg,-2.597731828689575,-1.6279405355453491,0.9510326385498047
1773048764,800530123,world,cf231,-2.595839262008667,-1.623591423034668,0.9653481245040894
1773048764,800530123,world,cf231_leg,-2.597827434539795,-1.62794029712677,0.9510579109191895
1773048764,805531690,world,cf231,-2.59594988822937,-1.6232703924179077,0.9654752016067505
1773048764,805531690,world,cf231_leg,-2.597799301147461,-1.6278314590454102,0.9509838819503784
1773048764,810622704,world,cf231,-2.5959255695343018,-1.6232664585113525,0.9652320146560669
1773048764,810622704,world,cf231_leg,-2.5978071689605713,-1.627784013748169,0.9509350061416626
1773048764,815437530,world,cf231,-2.5959088802337646,-1.6229723691940308,0.965360164642334
1773048764,815437530,world,cf231_leg,-2.597852945327759,-1.6276100873947144,0.9509117603302002
1773048764,820490063,world,cf231,-2.595978021621704,-1.6228599548339844,0.9653096199035645
1773048764,820490063,world,cf231_leg,-2.5978636741638184,-1.6275629997253418,0.9508383274078369
1773048764,825464689,world,cf231,-2.5959434509277344,-1.6226366758346558,0.9651516675949097
1773048764,825464689,world,cf231_leg,-2.597834348678589,-1.6273889541625977,0.9506006240844727
1773048764,830627220,world,cf231,-2.5960617065429688,-1.6224637031555176,0.965225338935852
1773048764,830627220,world,cf231_leg,-2.597827911376953,-1.6272711753845215,0.9506832361221313
1773048764,836809649,world,cf231,-2.5960779190063477,-1.6223732233047485,0.9649567604064941
1773048764,836809649,world,cf231_leg,-2.5977914333343506,-1.6270976066589355,0.9505151510238647
1773048764,840483132,world,cf231,-2.5960352420806885,-1.6222389936447144,0.9649889469146729
1773048764,840483132,world,cf231_leg,-2.5976855754852295,-1.6269121170043945,0.9504181146621704
1773048764,845465166,world,cf231,-2.59601092338562,-1.622008204460144,0.9648990631103516
1773048764,845465166,world,cf231_leg,-2.5977365970611572,-1.6268093585968018,0.9503555297851562
1773048764,850713423,world,cf231,-2.596026659011841,-1.6218403577804565,0.9648083448410034
1773048764,850713423,world,cf231_leg,-2.5978004932403564,-1.6267709732055664,0.9503403902053833
1773048764,855404435,world,cf231,-2.596252202987671,-1.6219336986541748,0.9648138284683228
1773048764,855404435,world,cf231_leg,-2.5978150367736816,-1.6266062259674072,0.9502542018890381
1773048764,860345191,world,cf231,-2.596130847930908,-1.621630072593689,0.9646837711334229
1773048764,860345191,world,cf231_leg,-2.5976779460906982,-1.6263611316680908,0.9501007795333862
1773048764,875769310,world,cf231,-2.5962979793548584,-1.6217124462127686,0.9646531343460083
1773048764,875769310,world,cf231_leg,-2.597778797149658,-1.6263136863708496,0.9501011371612549
1773048764,880398302,world,cf231,-2.596261501312256,-1.621487021446228,0.9645015001296997
1773048764,880398302,world,cf231_leg,-2.5976808071136475,-1.6260809898376465,0.9499541521072388
1773048764,882690378,world,cf231,-2.5962955951690674,-1.6214298009872437,0.9645712375640869
1773048764,882690378,world,cf231_leg,-2.597707748413086,-1.62602961063385,0.9499112367630005
1773048764,882860975,world,cf231,-2.5962748527526855,-1.621203899383545,0.9642826318740845
1773048764,882860975,world,cf231_leg,-2.5976977348327637,-1.6257967948913574,0.9498609304428101
1773048764,885726329,world,cf231,-2.5962893962860107,-1.6210347414016724,0.964195966720581
1773048764,885726329,world,cf231_leg,-2.5977561473846436,-1.625765323638916,0.9497355222702026
1773048764,890526609,world,cf231,-2.5963776111602783,-1.6209920644760132,0.9641629457473755
1773048764,890526609,world,cf231_leg,-2.5978541374206543,-1.625667691230774,0.9497677087783813
1773048764,895626111,world,cf231,-2.5963938236236572,-1.6208248138427734,0.9640706777572632
1773048764,895626111,world,cf231_leg,-2.597813129425049,-1.625487208366394,0.9498052597045898
1773048764,900578637,world,cf231,-2.596477746963501,-1.6207810640335083,0.9640687704086304
1773048764,900578637,world,cf231_leg,-2.597860336303711,-1.625324010848999,0.9494277238845825
1773048764,905675972,world,cf231,-2.596508026123047,-1.6206063032150269,0.9640160799026489
1773048764,905675972,world,cf231_leg,-2.5979413986206055,-1.625160574913025,0.9494404792785645
1773048764,910712931,world,cf231,-2.596626043319702,-1.6205849647521973,0.963925838470459
1773048764,910712931,world,cf231_leg,-2.5981171131134033,-1.6253083944320679,0.9494732618331909
1773048764,915606735,world,cf231,-2.596735954284668,-1.6204901933670044,0.9639016389846802
1773048764,915606735,world,cf231_leg,-2.598135471343994,-1.62497079372406,0.9495582580566406
1773048764,920549355,world,cf231,-2.596728801727295,-1.6202517747879028,0.9638235569000244
1773048764,920549355,world,cf231_leg,-2.598080635070801,-1.6248559951782227,0.948994517326355
1773048764,925685634,world,cf231,-2.596937894821167,-1.6203500032424927,0.9637975692749023
1773048764,925685634,world,cf231_leg,-2.598214626312256,-1.6247508525848389,0.9490598440170288
1773048764,930604339,world,cf231,-2.596843957901001,-1.620155930519104,0.9637479782104492
1773048764,930604339,world,cf231_leg,-2.598268985748291,-1.624648928642273,0.9489710330963135
1773048764,935779407,world,cf231,-2.5971431732177734,-1.6200915575027466,0.9637017250061035
1773048764,935779407,world,cf231_leg,-2.598379135131836,-1.6246671676635742,0.9490616321563721
1773048764,940703291,world,cf231,-2.597317934036255,-1.620048999786377,0.963800311088562
1773048764,940703291,world,cf231_leg,-2.598447322845459,-1.624558925628662,0.9490103721618652
1773048764,945446366,world,cf231,-2.597313642501831,-1.6198854446411133,0.9637070894241333
1773048764,945446366,world,cf231_leg,-2.598581314086914,-1.6245299577713013,0.9489085674285889
1773048764,950740417,world,cf231,-2.5974364280700684,-1.6199069023132324,0.9637261629104614
1773048764,950740417,world,cf231_leg,-2.5987226963043213,-1.624498724937439,0.9489262104034424
1773048764,955603971,world,cf231,-2.5974159240722656,-1.6198999881744385,0.9634360074996948
1773048764,955603971,world,cf231_leg,-2.5987558364868164,-1.6243985891342163,0.9488393068313599
1773048764,960530465,world,cf231,-2.5975565910339355,-1.6196881532669067,0.9636173248291016
1773048764,960530465,world,cf231_leg,-2.5988411903381348,-1.624239444732666,0.9488378763198853
1773048764,965667827,world,cf231,-2.597733497619629,-1.6196473836898804,0.9637101888656616
1773048764,965667827,world,cf231_leg,-2.5988612174987793,-1.6242369413375854,0.9488390684127808
1773048764,970731937,world,cf231,-2.5978312492370605,-1.619558334350586,0.9636238813400269
1773048764,970731937,world,cf231_leg,-2.598987579345703,-1.624089002609253,0.948824405670166
1773048764,976109219,world,cf231,-2.5979039669036865,-1.619490623474121,0.9637043476104736
1773048764,976109219,world,cf231_leg,-2.599071979522705,-1.624048113822937,0.9488105773925781
1773048764,980564679,world,cf231,-2.5980372428894043,-1.6194634437561035,0.9636489152908325
1773048764,980564679,world,cf231_leg,-2.59908127784729,-1.6238142251968384,0.9487802982330322
1773048764,985844484,world,cf231,-2.5980632305145264,-1.6192909479141235,0.9636456966400146
1773048764,985844484,world,cf231_leg,-2.5991029739379883,-1.6237603425979614,0.948769211769104
1773048764,990535047,world,cf231,-2.598137140274048,-1.6191339492797852,0.9635922908782959
1773048764,990535047,world,cf231_leg,-2.599170684814453,-1.6236540079116821,0.9487351179122925
1773048764,995599809,world,cf231,-2.598135471343994,-1.618897557258606,0.9634804725646973
1773048764,995599809,world,cf231_leg,-2.59926438331604,-1.623604416847229,0.9487899541854858
1773048765,609688,world,cf231,-2.5982136726379395,-1.6189038753509521,0.9635205268859863
1773048765,609688,world,cf231_leg,-2.5992438793182373,-1.623497724533081,0.9486603736877441
1773048765,5745135,world,cf231,-2.598245620727539,-1.6188029050827026,0.9634565114974976
1773048765,5745135,world,cf231_leg,-2.5992472171783447,-1.6232606172561646,0.9486647844314575
1773048765,10472390,world,cf231,-2.598400354385376,-1.6186928749084473,0.963558554649353
1773048765,10472390,world,cf231_leg,-2.599320650100708,-1.6232637166976929,0.9487107992172241
1773048765,15713866,world,cf231,-2.598482370376587,-1.6186552047729492,0.9634097814559937
1773048765,15713866,world,cf231_leg,-2.599297523498535,-1.6230378150939941,0.9486211538314819
1773048765,20656996,world,cf231,-2.598686933517456,-1.6186753511428833,0.9635926485061646
1773048765,20656996,world,cf231_leg,-2.5993034839630127,-1.6229838132858276,0.9487537145614624
1773048765,25669614,world,cf231,-2.5987279415130615,-1.6184555292129517,0.9634830951690674
1773048765,25669614,world,cf231_leg,-2.599461793899536,-1.62288236618042,0.9486169815063477
1773048765,30621099,world,cf231,-2.598803758621216,-1.6183874607086182,0.9635372161865234
1773048765,30621099,world,cf231_leg,-2.5993423461914062,-1.6225769519805908,0.9486566781997681
1773048765,35973831,world,cf231,-2.5989491939544678,-1.6183544397354126,0.9635442495346069
1773048765,35973831,world,cf231_leg,-2.599426507949829,-1.6225831508636475,0.948621392250061
1773048765,40567398,world,cf231,-2.5990517139434814,-1.6181868314743042,0.9635854959487915
1773048765,40567398,world,cf231_leg,-2.599545955657959,-1.6224339008331299,0.9486589431762695
1773048765,45460987,world,cf231,-2.5991997718811035,-1.6180813312530518,0.963573694229126
1773048765,45460987,world,cf231_leg,-2.5995163917541504,-1.622373104095459,0.9485832452774048
1773048765,50607970,world,cf231,-2.599261522293091,-1.6179709434509277,0.9636001586914062
1773048765,50607970,world,cf231_leg,-2.599564790725708,-1.6221917867660522,0.948696494102478
1773048765,55606687,world,cf231,-2.5993425846099854,-1.6178556680679321,0.963631272315979
1773048765,55606687,world,cf231_leg,-2.5996484756469727,-1.6220351457595825,0.9485275745391846
1773048765,60594498,world,cf231,-2.599531650543213,-1.617765188217163,0.9636262655258179
1773048765,60594498,world,cf231_leg,-2.5998191833496094,-1.621993064880371,0.9486145973205566
1773048765,65641407,world,cf231,-2.5996007919311523,-1.6176968812942505,0.9637364149093628
1773048765,65641407,world,cf231_leg,-2.5998873710632324,-1.621886968612671,0.9485799074172974
1773048765,70769618,world,cf231,-2.5997867584228516,-1.6177278757095337,0.9637408256530762
1773048765,70769618,world,cf231_leg,-2.599942207336426,-1.6217728853225708,0.94861900806427
1773048765,75515340,world,cf231,-2.5999093055725098,-1.6176278591156006,0.9637782573699951
1773048765,75515340,world,cf231_leg,-2.6000988483428955,-1.6216650009155273,0.9486631155014038
1773048765,80971358,world,cf231,-2.6000332832336426,-1.6175289154052734,0.9638123512268066
1773048765,80971358,world,cf231_leg,-2.599910259246826,-1.6214743852615356,0.9485975503921509
1773048765,85771571,world,cf231,-2.6001102924346924,-1.6175342798233032,0.9638552665710449
1773048765,85771571,world,cf231_leg,-2.6002182960510254,-1.6214439868927002,0.9486947059631348
1773048765,90436865,world,cf231,-2.6001710891723633,-1.6173511743545532,0.9638909101486206
1773048765,90436865,world,cf231_leg,-2.6001620292663574,-1.6213876008987427,0.9486833810806274
1773048765,95496393,world,cf231,-2.600281000137329,-1.6172562837600708,0.9638681411743164
1773048765,95496393,world,cf231_leg,-2.600365400314331,-1.6212916374206543,0.9486638307571411
1773048765,100643724,world,cf231,-2.6004562377929688,-1.617214322090149,0.9639650583267212
1773048765,100643724,world,cf231_leg,-2.6003706455230713,-1.621174931526184,0.9486477375030518
1773048765,105400337,world,cf231,-2.600569248199463,-1.6171191930770874,0.9639153480529785
1773048765,105400337,world,cf231_leg,-2.6005282402038574,-1.6210896968841553,0.9487035274505615
1773048765,110744020,world,cf231,-2.6006624698638916,-1.617119550704956,0.9639906883239746
1773048765,110744020,world,cf231_leg,-2.600680112838745,-1.620998501777649,0.9488996267318726
1773048765,115466701,world,cf231,-2.600707769393921,-1.6170140504837036,0.9639855623245239
1773048765,115466701,world,cf231_leg,-2.600682258605957,-1.6208789348602295,0.9488933086395264
1773048765,120616153,world,cf231,-2.600717544555664,-1.6168463230133057,0.9639503955841064
1773048765,120616153,world,cf231_leg,-2.600884199142456,-1.620827078819275,0.9490456581115723
1773048765,126586169,world,cf231,-2.6008174419403076,-1.6167253255844116,0.9639885425567627
1773048765,126586169,world,cf231_leg,-2.6009607315063477,-1.6207144260406494,0.9490967988967896
1773048765,130963045,world,cf231,-2.6008589267730713,-1.6165473461151123,0.9640191793441772
1773048765,130963045,world,cf231_leg,-2.6011033058166504,-1.6206128597259521,0.949103832244873
1773048765,135648759,world,cf231,-2.6010358333587646,-1.6166250705718994,0.9640756845474243
1773048765,135648759,world,cf231_leg,-2.601090908050537,-1.6204991340637207,0.9490615129470825
1773048765,140538443,world,cf231,-2.601138114929199,-1.6165786981582642,0.9640992879867554
1773048765,140538443,world,cf231_leg,-2.601135492324829,-1.6203259229660034,0.949060320854187
1773048765,145576079,world,cf231,-2.601275682449341,-1.6165937185287476,0.9641550779342651
1773048765,145576079,world,cf231_leg,-2.6011714935302734,-1.6202688217163086,0.9491003751754761
1773048765,151877675,world,cf231,-2.601233720779419,-1.6162936687469482,0.9640463590621948
1773048765,151877675,world,cf231_leg,-2.6012823581695557,-1.620168685913086,0.9492053985595703
1773048765,155695549,world,cf231,-2.601456880569458,-1.6162669658660889,0.9640944004058838
1773048765,155695549,world,cf231_leg,-2.601308822631836,-1.619899868965149,0.9493329524993896
1773048765,160563458,world,cf231,-2.6015095710754395,-1.6161621809005737,0.9640316963195801
1773048765,160563458,world,cf231_leg,-2.601238965988159,-1.619687795639038,0.949148416519165
1773048765,165720794,world,cf231,-2.601449728012085,-1.6158688068389893,0.9639133214950562
1773048765,165720794,world,cf231_leg,-2.601292848587036,-1.619506597518921,0.9492137432098389
1773048765,170562575,world,cf231,-2.6015267372131348,-1.6158740520477295,0.9639567136764526
1773048765,170562575,world,cf231_leg,-2.601292610168457,-1.6193180084228516,0.9492394924163818
1773048765,175643471,world,cf231,-2.6016159057617188,-1.615710735321045,0.9639400243759155
1773048765,175643471,world,cf231_leg,-2.6013355255126953,-1.6192121505737305,0.9492350816726685
1773048765,180745111,world,cf231,-2.6017324924468994,-1.615615963935852,0.9638612270355225
1773048765,180745111,world,cf231_leg,-2.6013662815093994,-1.6190431118011475,0.9491797685623169
1773048765,185768537,world,cf231,-2.601839542388916,-1.6153584718704224,0.9637429714202881
1773048765,185768537,world,cf231_leg,-2.601404905319214,-1.6189165115356445,0.9492053985595703
1773048765,190630940,world,cf231,-2.60215425491333,-1.6154518127441406,0.9638537168502808
1773048765,190630940,world,cf231_leg,-2.601414680480957,-1.6186299324035645,0.9491678476333618
1773048765,195636729,world,cf231,-2.6021177768707275,-1.6152256727218628,0.9637044668197632
1773048765,195636729,world,cf231_leg,-2.6015007495880127,-1.6185877323150635,0.9491347074508667
1773048765,200616584,world,cf231,-2.602205991744995,-1.6149896383285522,0.9636969566345215
1773048765,200616584,world,cf231_leg,-2.6014649868011475,-1.6182518005371094,0.9488308429718018
1773048765,205635829,world,cf231,-2.602160692214966,-1.6148109436035156,0.9635976552963257
1773048765,205635829,world,cf231_leg,-2.601553440093994,-1.618202567100525,0.9489333629608154
1773048765,210613962,world,cf231,-2.60239577293396,-1.6147366762161255,0.9635688066482544
1773048765,210613962,world,cf231_leg,-2.6016433238983154,-1.6180899143218994,0.9488651752471924
1773048765,215467499,world,cf231,-2.6025471687316895,-1.6145849227905273,0.963559627532959
1773048765,215467499,world,cf231_leg,-2.601602792739868,-1.6178663969039917,0.9487509727478027
1773048765,220656861,world,cf231,-2.602520704269409,-1.6143544912338257,0.9634965658187866
1773048765,220656861,world,cf231_leg,-2.601793050765991,-1.617725133895874,0.9486844539642334
1773048765,225559869,world,cf231,-2.602532148361206,-1.61406672000885,0.9634757041931152
1773048765,225559869,world,cf231_leg,-2.6018714904785156,-1.617611289024353,0.9487155675888062
1773048765,230457530,world,cf231,-2.6025874614715576,-1.6139612197875977,0.9633878469467163
1773048765,230457530,world,cf231_leg,-2.6019413471221924,-1.6174540519714355,0.9486685991287231
1773048765,235879983,world,cf231,-2.602694511413574,-1.6136733293533325,0.963416576385498
1773048765,235879983,world,cf231_leg,-2.602041006088257,-1.617408037185669,0.9486886262893677
1773048765,240626607,world,cf231,-2.602884531021118,-1.6135530471801758,0.9635574817657471
1773048765,240626607,world,cf231_leg,-2.6021342277526855,-1.6173176765441895,0.9486089944839478
1773048765,246698725,world,cf231,-2.602771759033203,-1.613291621208191,0.9635107517242432
1773048765,246698725,world,cf231_leg,-2.602224111557007,-1.6171576976776123,0.9485639333724976
1773048765,250610282,world,cf231,-2.6026761531829834,-1.6129355430603027,0.963363528251648
1773048765,250610282,world,cf231_leg,-2.6022756099700928,-1.616938591003418,0.9485327005386353
1773048765,258721519,world,cf231,-2.602698802947998,-1.6128090620040894,0.963358998298645
1773048765,258721519,world,cf231_leg,-2.6023833751678467,-1.6168452501296997,0.9485037326812744
1773048765,262425464,world,cf231,-2.6027283668518066,-1.6126364469528198,0.96332848072052
1773048765,262425464,world,cf231_leg,-2.6023852825164795,-1.6166845560073853,0.9483633041381836
1773048765,265546827,world,cf231,-2.6026432514190674,-1.612276315689087,0.9632662534713745
1773048765,265546827,world,cf231_leg,-2.602499008178711,-1.6164727210998535,0.9483006000518799
1773048765,272124715,world,cf231,-2.60259747505188,-1.6120246648788452,0.9631763696670532
1773048765,272124715,world,cf231_leg,-2.6025478839874268,-1.6163700819015503,0.948262095451355
1773048765,275484517,world,cf231,-2.602522134780884,-1.6117826700210571,0.9629942178726196
1773048765,275484517,world,cf231_leg,-2.602471351623535,-1.6160154342651367,0.9481319189071655
1773048765,280706791,world,cf231,-2.602567672729492,-1.6116048097610474,0.9629968404769897
1773048765,280706791,world,cf231_leg,-2.6025118827819824,-1.6159098148345947,0.9481513500213623
1773048765,285640686,world,cf231,-2.6025125980377197,-1.611354112625122,0.9629874229431152
1773048765,285640686,world,cf231_leg,-2.6025516986846924,-1.6155744791030884,0.9480620622634888
1773048765,290528444,world,cf231,-2.602384090423584,-1.611098051071167,0.9629063606262207
1773048765,290528444,world,cf231_leg,-2.602600574493408,-1.6155195236206055,0.9479993581771851
1773048765,295449698,world,cf231,-2.602464199066162,-1.6109399795532227,0.9628012180328369
1773048765,295449698,world,cf231_leg,-2.602649450302124,-1.6152948141098022,0.947962760925293
1773048765,300660951,world,cf231,-2.60237193107605,-1.6107466220855713,0.962748646736145
1773048765,300660951,world,cf231_leg,-2.60257887840271,-1.6150099039077759,0.9477744102478027
1773048765,306800366,world,cf231,-2.6022818088531494,-1.6105060577392578,0.9627010822296143
1773048765,306800366,world,cf231_leg,-2.6026058197021484,-1.6148391962051392,0.9477479457855225
1773048765,310399861,world,cf231,-2.6021878719329834,-1.6102392673492432,0.9626591205596924
1773048765,310399861,world,cf231_leg,-2.602691650390625,-1.6146771907806396,0.9477331638336182
1773048765,315543166,world,cf231,-2.6021947860717773,-1.61011803150177,0.9626214504241943
1773048765,315543166,world,cf231_leg,-2.602743148803711,-1.614574670791626,0.9476704597473145
1773048765,320695171,world,cf231,-2.6021649837493896,-1.6098148822784424,0.9625937938690186
1773048765,320695171,world,cf231_leg,-2.602705478668213,-1.6142289638519287,0.9475342035293579
1773048765,325607147,world,cf231,-2.6020984649658203,-1.6096422672271729,0.9625144004821777
1773048765,325607147,world,cf231_leg,-2.602806329727173,-1.6141815185546875,0.9475357532501221
1773048765,330662858,world,cf231,-2.601985454559326,-1.6093803644180298,0.9624676704406738
1773048765,330662858,world,cf231_leg,-2.6029586791992188,-1.6139836311340332,0.9474985599517822
1773048765,335652766,world,cf231,-2.6018919944763184,-1.609186053276062,0.9624178409576416
1773048765,335652766,world,cf231_leg,-2.602985143661499,-1.613931655883789,0.9474575519561768
1773048765,341781040,world,cf231,-2.6018054485321045,-1.6089454889297485,0.9623422622680664
1773048765,341781040,world,cf231_leg,-2.6031084060668945,-1.6137139797210693,0.9474788904190063
1773048765,345677050,world,cf231,-2.601884126663208,-1.6088306903839111,0.9624001979827881
1773048765,345677050,world,cf231_leg,-2.6031455993652344,-1.6134978532791138,0.9473968744277954
1773048765,350940550,world,cf231,-2.6016924381256104,-1.6085205078125,0.962173342704773
1773048765,350940550,world,cf231_leg,-2.6031644344329834,-1.6133311986923218,0.9472687244415283
1773048765,355536536,world,cf231,-2.60170316696167,-1.6083229780197144,0.962283730506897
1773048765,355536536,world,cf231_leg,-2.6034140586853027,-1.6132041215896606,0.9472440481185913
1773048765,360637764,world,cf231,-2.6014859676361084,-1.6078287363052368,0.9619618654251099
1773048765,360637764,world,cf231_leg,-2.6033709049224854,-1.6129111051559448,0.9471631050109863
1773048765,365718694,world,cf231,-2.6015095710754395,-1.6078197956085205,0.9621074199676514
1773048765,365718694,world,cf231_leg,-2.6034719944000244,-1.612703800201416,0.9470447301864624
1773048765,370628147,world,cf231,-2.6014790534973145,-1.6075928211212158,0.9619039297103882
1773048765,370628147,world,cf231_leg,-2.603529453277588,-1.6124821901321411,0.9469499588012695
1773048765,375497300,world,cf231,-2.6015071868896484,-1.6073464155197144,0.9618847370147705
1773048765,375497300,world,cf231_leg,-2.603628158569336,-1.6122751235961914,0.9468549489974976
1773048765,380505970,world,cf231,-2.6014204025268555,-1.6071057319641113,0.9618092775344849
1773048765,380505970,world,cf231_leg,-2.6036875247955322,-1.612165093421936,0.9468814134597778
1773048765,386781872,world,cf231,-2.6013851165771484,-1.606926441192627,0.9616270065307617
1773048765,386781872,world,cf231_leg,-2.6038129329681396,-1.6119753122329712,0.9467368125915527
1773048765,390456889,world,cf231,-2.601529598236084,-1.6069374084472656,0.9617977142333984
1773048765,390456889,world,cf231_leg,-2.603841543197632,-1.61173415184021,0.9466991424560547
1773048765,395601699,world,cf231,-2.601503372192383,-1.6067112684249878,0.961563229560852
1773048765,395601699,world,cf231_leg,-2.603843927383423,-1.6114544868469238,0.9465742111206055
1773048765,400613472,world,cf231,-2.601494789123535,-1.6064013242721558,0.9615175724029541
1773048765,400613472,world,cf231_leg,-2.603900909423828,-1.611344575881958,0.9466243982315063
1773048765,405637247,world,cf231,-2.601630210876465,-1.6062541007995605,0.9614773988723755
1773048765,405637247,world,cf231_leg,-2.603945016860962,-1.6110796928405762,0.9464987516403198
1773048765,410644028,world,cf231,-2.6016287803649902,-1.6060880422592163,0.9615492820739746
1773048765,410644028,world,cf231_leg,-2.603980302810669,-1.610909104347229,0.946399450302124
1773048765,415728179,world,cf231,-2.6016547679901123,-1.6058440208435059,0.9613654613494873
1773048765,415728179,world,cf231_leg,-2.6040542125701904,-1.610752820968628,0.9463255405426025
1773048765,420439669,world,cf231,-2.601731061935425,-1.6056838035583496,0.9614793062210083
1773048765,420439669,world,cf231_leg,-2.6041617393493652,-1.610658884048462,0.9462993144989014
1773048765,425483793,world,cf231,-2.601848840713501,-1.6054681539535522,0.961417555809021
1773048765,425483793,world,cf231_leg,-2.6042864322662354,-1.610559344291687,0.9462840557098389
1773048765,430543513,world,cf231,-2.601900100708008,-1.6052429676055908,0.9613975286483765
1773048765,430543513,world,cf231_leg,-2.6043732166290283,-1.610398292541504,0.9462665319442749
1773048765,435544691,world,cf231,-2.6019821166992188,-1.6049644947052002,0.9613070487976074
1773048765,435544691,world,cf231_leg,-2.604501724243164,-1.6102997064590454,0.9462239742279053
1773048765,440580436,world,cf231,-2.6019961833953857,-1.6046504974365234,0.9610497951507568
1773048765,440580436,world,cf231_leg,-2.6046054363250732,-1.6100443601608276,0.9461071491241455
1773048765,445492696,world,cf231,-2.6020543575286865,-1.6044256687164307,0.9609730243682861
1773048765,445492696,world,cf231_leg,-2.604766607284546,-1.6100072860717773,0.9461151361465454
1773048765,450587092,world,cf231,-2.602172613143921,-1.6042102575302124,0.9609106779098511
1773048765,450587092,world,cf231_leg,-2.604948043823242,-1.60985267162323,0.9459652900695801
1773048765,455522062,world,cf231,-2.6022348403930664,-1.6038639545440674,0.960823655128479
1773048765,455522062,world,cf231_leg,-2.6049489974975586,-1.6096386909484863,0.9460289478302002
1773048765,460739014,world,cf231,-2.6023197174072266,-1.6037489175796509,0.9608273506164551
1773048765,460739014,world,cf231_leg,-2.6051037311553955,-1.6094229221343994,0.9457786083221436
1773048765,465531024,world,cf231,-2.6023826599121094,-1.6034754514694214,0.9607317447662354
1773048765,465531024,world,cf231_leg,-2.6052262783050537,-1.6092760562896729,0.9458112716674805
1773048765,471722185,world,cf231,-2.6024770736694336,-1.6033134460449219,0.9606834650039673
1773048765,471722185,world,cf231_leg,-2.6052238941192627,-1.6090441942214966,0.9457094669342041
1773048765,475406594,world,cf231,-2.602670431137085,-1.6031811237335205,0.9605118036270142
1773048765,475406594,world,cf231_leg,-2.6055076122283936,-1.6089729070663452,0.9458926916122437
1773048765,480567463,world,cf231,-2.6028921604156494,-1.6030341386795044,0.960605263710022
1773048765,480567463,world,cf231_leg,-2.6055452823638916,-1.6087610721588135,0.9456350803375244
1773048765,485603553,world,cf231,-2.603100061416626,-1.6028954982757568,0.9604705572128296
1773048765,485603553,world,cf231_leg,-2.605638027191162,-1.6086008548736572,0.94556725025177
1773048765,490611415,world,cf231,-2.6033151149749756,-1.6027066707611084,0.9604796171188354
1773048765,490611415,world,cf231_leg,-2.6057074069976807,-1.60843825340271,0.9457000494003296
1773048765,495571542,world,cf231,-2.6035044193267822,-1.6025444269180298,0.9602968692779541
1773048765,495571542,world,cf231_leg,-2.6058173179626465,-1.6083439588546753,0.9456509351730347
1773048765,501047478,world,cf231,-2.6037633419036865,-1.6024657487869263,0.9602452516555786
1773048765,501047478,world,cf231_leg,-2.6059226989746094,-1.608178734779358,0.9456400871276855
1773048765,506845660,world,cf231,-2.603911876678467,-1.6021963357925415,0.9601142406463623
1773048765,506845660,world,cf231_leg,-2.606020212173462,-1.6080609560012817,0.9456775188446045
1773048765,510653638,world,cf231,-2.6041603088378906,-1.6021171808242798,0.9601479768753052
1773048765,510653638,world,cf231_leg,-2.606139659881592,-1.6079031229019165,0.9453839063644409
1773048765,515489268,world,cf231,-2.6043758392333984,-1.6019784212112427,0.9601434469223022
1773048765,515489268,world,cf231_leg,-2.606158971786499,-1.6077537536621094,0.9454474449157715
1773048765,520685982,world,cf231,-2.6045100688934326,-1.6016818284988403,0.9601048231124878
1773048765,520685982,world,cf231_leg,-2.6063976287841797,-1.6076850891113281,0.9451615810394287
1773048765,525503324,world,cf231,-2.6046719551086426,-1.6015256643295288,0.9601840972900391
1773048765,525503324,world,cf231_leg,-2.606475353240967,-1.6075228452682495,0.945220947265625
1773048765,530433332,world,cf231,-2.6048882007598877,-1.601384162902832,0.960159420967102
1773048765,530433332,world,cf231_leg,-2.6067333221435547,-1.6074845790863037,0.9452348947525024
1773048765,535747705,world,cf231,-2.605093002319336,-1.6012911796569824,0.9602104425430298
1773048765,535747705,world,cf231_leg,-2.606935501098633,-1.6073966026306152,0.9450777769088745
1773048765,540471262,world,cf231,-2.605215072631836,-1.6010758876800537,0.9601197242736816
1773048765,540471262,world,cf231_leg,-2.60711932182312,-1.6073063611984253,0.9450732469558716
1773048765,545519587,world,cf231,-2.605513095855713,-1.6010555028915405,0.960240364074707
1773048765,545519587,world,cf231_leg,-2.607391357421875,-1.6071882247924805,0.9453094005584717
1773048765,550673313,world,cf231,-2.605741024017334,-1.6009079217910767,0.9602802991867065
1773048765,550673313,world,cf231_leg,-2.607626438140869,-1.6071553230285645,0.9453614950180054
1773048765,555590137,world,cf231,-2.6060373783111572,-1.6007716655731201,0.960273265838623
1773048765,555590137,world,cf231_leg,-2.6077849864959717,-1.6071186065673828,0.9453927278518677
1773048765,561283101,world,cf231,-2.6063363552093506,-1.6005885601043701,0.9602704048156738
1773048765,561283101,world,cf231_leg,-2.6080310344696045,-1.6070406436920166,0.9453887939453125
1773048765,565508079,world,cf231,-2.606600284576416,-1.6005040407180786,0.9603384733200073
1773048765,565508079,world,cf231_leg,-2.6081910133361816,-1.6070053577423096,0.9454152584075928
1773048765,570591424,world,cf231,-2.6069767475128174,-1.6004905700683594,0.9604986906051636
1773048765,570591424,world,cf231_leg,-2.6083765029907227,-1.6069575548171997,0.9455410242080688
1773048765,576255288,world,cf231,-2.6072463989257812,-1.6004084348678589,0.9605317115783691
1773048765,576255288,world,cf231_leg,-2.608546733856201,-1.6068048477172852,0.9455059766769409
1773048765,580981650,world,cf231,-2.60750150680542,-1.6003715991973877,0.9606493711471558
1773048765,580981650,world,cf231_leg,-2.608766555786133,-1.606748342514038,0.945669412612915
1773048765,585547652,world,cf231,-2.6076765060424805,-1.6002875566482544,0.9606099128723145
1773048765,585547652,world,cf231_leg,-2.6088807582855225,-1.6067686080932617,0.9457324743270874
1773048765,591864377,world,cf231,-2.60783052444458,-1.6001343727111816,0.9605786800384521
1773048765,591864377,world,cf231_leg,-2.6089725494384766,-1.6066031455993652,0.9458439350128174
1773048765,595747130,world,cf231,-2.608091115951538,-1.6001720428466797,0.9606542587280273
1773048765,595747130,world,cf231_leg,-2.6091039180755615,-1.6066217422485352,0.9457440376281738
1773048765,600761873,world,cf231,-2.608276128768921,-1.600083351135254,0.9607024192810059
1773048765,600761873,world,cf231_leg,-2.609259605407715,-1.6064608097076416,0.9459939002990723
1773048765,605494056,world,cf231,-2.608401298522949,-1.599910020828247,0.9607245922088623
1773048765,605494056,world,cf231_leg,-2.609407901763916,-1.6065483093261719,0.9459270238876343
1773048765,610766566,world,cf231,-2.608851432800293,-1.6000210046768188,0.9609184265136719
1773048765,610766566,world,cf231_leg,-2.609569549560547,-1.6063920259475708,0.9459521770477295
1773048765,615621682,world,cf231,-2.608963966369629,-1.5998525619506836,0.9608801603317261
1773048765,615621682,world,cf231_leg,-2.609692335128784,-1.6064059734344482,0.9461013078689575
1773048765,620561280,world,cf231,-2.609381675720215,-1.5999733209609985,0.9610087871551514
1773048765,620561280,world,cf231_leg,-2.6098763942718506,-1.606246829032898,0.9461046457290649
1773048765,625670058,world,cf231,-2.6097583770751953,-1.5999572277069092,0.9611492156982422
1773048765,625670058,world,cf231_leg,-2.6101033687591553,-1.6063311100006104,0.9461950063705444
1773048765,630688440,world,cf231,-2.6100690364837646,-1.5998902320861816,0.9611897468566895
1773048765,630688440,world,cf231_leg,-2.6102614402770996,-1.606293797492981,0.9462286233901978
1773048765,636104721,world,cf231,-2.6103596687316895,-1.5999462604522705,0.9611892700195312
1773048765,636104721,world,cf231_leg,-2.6104586124420166,-1.6061996221542358,0.9462788105010986
1773048765,640566373,world,cf231,-2.6107065677642822,-1.5999424457550049,0.9612574577331543
1773048765,640566373,world,cf231_leg,-2.61065673828125,-1.6062949895858765,0.9462987184524536
1773048765,645424476,world,cf231,-2.6108901500701904,-1.5997804403305054,0.9613170623779297
1773048765,645424476,world,cf231_leg,-2.610776901245117,-1.6061962842941284,0.9463299512863159
1773048765,650628030,world,cf231,-2.6111392974853516,-1.5998212099075317,0.9613091945648193
1773048765,650628030,world,cf231_leg,-2.6108877658843994,-1.6061441898345947,0.9464123249053955
1773048765,655544028,world,cf231,-2.6115126609802246,-1.5999271869659424,0.9614567756652832
1773048765,655544028,world,cf231_leg,-2.611222982406616,-1.6061855554580688,0.9464657306671143
1773048765,660967972,world,cf231,-2.6118006706237793,-1.5998817682266235,0.9616361856460571
1773048765,660967972,world,cf231_leg,-2.6112587451934814,-1.6061276197433472,0.9465091228485107
1773048765,665464252,world,cf231,-2.6119463443756104,-1.5998491048812866,0.9616450071334839
1773048765,665464252,world,cf231_leg,-2.6115269660949707,-1.6061573028564453,0.946608304977417
1773048765,670683134,world,cf231,-2.6122827529907227,-1.5998913049697876,0.9617669582366943
1773048765,670683134,world,cf231_leg,-2.6115453243255615,-1.6061052083969116,0.9466407299041748
1773048765,675731419,world,cf231,-2.612480401992798,-1.5998746156692505,0.9616972208023071
1773048765,675731419,world,cf231_leg,-2.6118016242980957,-1.6061402559280396,0.9466812610626221
1773048765,680525102,world,cf231,-2.6126983165740967,-1.5998495817184448,0.9617997407913208
1773048765,680525102,world,cf231_leg,-2.6119778156280518,-1.6061700582504272,0.9467296600341797
1773048765,686824940,world,cf231,-2.6130776405334473,-1.5999517440795898,0.9618748426437378
1773048765,686824940,world,cf231_leg,-2.6121115684509277,-1.6061846017837524,0.9467804431915283
1773048765,690585906,world,cf231,-2.6132912635803223,-1.5998836755752563,0.9618691205978394
1773048765,690585906,world,cf231_leg,-2.612243413925171,-1.6061996221542358,0.946853518486023
1773048765,695650559,world,cf231,-2.6136233806610107,-1.59992516040802,0.9620212316513062
1773048765,695650559,world,cf231_leg,-2.6123948097229004,-1.6062086820602417,0.9469144344329834
1773048765,700746490,world,cf231,-2.6139514446258545,-1.600045919418335,0.962043285369873
1773048765,700746490,world,cf231_leg,-2.612567663192749,-1.606285810470581,0.9469630718231201
1773048765,705576093,world,cf231,-2.6142423152923584,-1.6000723838806152,0.9621874094009399
1773048765,705576093,world,cf231_leg,-2.61273193359375,-1.6063625812530518,0.9470860958099365
1773048765,710504673,world,cf231,-2.6144940853118896,-1.5999939441680908,0.9621924161911011
1773048765,710504673,world,cf231_leg,-2.6127376556396484,-1.6061956882476807,0.9470797777175903
1773048765,715680709,world,cf231,-2.6147005558013916,-1.6001359224319458,0.9623309373855591
1773048765,715680709,world,cf231_leg,-2.6129181385040283,-1.6063158512115479,0.9472081661224365
1773048765,720575537,world,cf231,-2.6150121688842773,-1.6002612113952637,0.9623209238052368
1773048765,720575537,world,cf231_leg,-2.6129939556121826,-1.6062718629837036,0.9472546577453613
1773048765,725512127,world,cf231,-2.615212917327881,-1.6001678705215454,0.9624017477035522
1773048765,725512127,world,cf231_leg,-2.6131069660186768,-1.606338620185852,0.9472967386245728
1773048765,730603149,world,cf231,-2.615422010421753,-1.6003094911575317,0.9625132083892822
1773048765,730603149,world,cf231_leg,-2.6133124828338623,-1.6064773797988892,0.9473949670791626
1773048765,735931897,world,cf231,-2.6155550479888916,-1.6001794338226318,0.962615966796875
1773048765,735931897,world,cf231_leg,-2.613480567932129,-1.6064833402633667,0.9474831819534302
1773048765,740518079,world,cf231,-2.615809440612793,-1.6003366708755493,0.962705135345459
1773048765,740518079,world,cf231_leg,-2.6135549545288086,-1.6066291332244873,0.9475231170654297
1773048765,745461944,world,cf231,-2.6159727573394775,-1.6003432273864746,0.96288001537323
1773048765,745461944,world,cf231_leg,-2.6136529445648193,-1.606553316116333,0.94769287109375
1773048765,750574466,world,cf231,-2.616132974624634,-1.6004266738891602,0.9629034996032715
1773048765,750574466,world,cf231_leg,-2.6137359142303467,-1.6066304445266724,0.9476670026779175
1773048765,755381163,world,cf231,-2.61635684967041,-1.6005198955535889,0.9629122018814087
1773048765,755381163,world,cf231_leg,-2.614055871963501,-1.6068347692489624,0.9477869272232056
1773048765,760491989,world,cf231,-2.6165151596069336,-1.6006466150283813,0.9630991220474243
1773048765,760491989,world,cf231_leg,-2.614130973815918,-1.6068336963653564,0.9479855298995972
1773048765,765619404,world,cf231,-2.6166112422943115,-1.6006771326065063,0.9630012512207031
1773048765,765619404,world,cf231_leg,-2.6142923831939697,-1.6069577932357788,0.9481080770492554
1773048765,770399888,world,cf231,-2.6166915893554688,-1.6007250547409058,0.9631551504135132
1773048765,770399888,world,cf231_leg,-2.614354372024536,-1.606967806816101,0.9480918645858765
1773048765,775896490,world,cf231,-2.616945743560791,-1.6008822917938232,0.9632441997528076
1773048765,775896490,world,cf231_leg,-2.6145315170288086,-1.6070369482040405,0.9482555389404297
1773048765,780670971,world,cf231,-2.6171298027038574,-1.6010761260986328,0.9633721113204956
1773048765,780670971,world,cf231_leg,-2.6146240234375,-1.60715651512146,0.9482872486114502
1773048765,785737202,world,cf231,-2.617232084274292,-1.6011021137237549,0.96338951587677
1773048765,785737202,world,cf231_leg,-2.6147308349609375,-1.6072230339050293,0.948378324508667
1773048765,790579622,world,cf231,-2.617382526397705,-1.6012319326400757,0.9634653329849243
1773048765,790579622,world,cf231_leg,-2.614765167236328,-1.6072834730148315,0.9484075307846069
1773048765,795641680,world,cf231,-2.6173999309539795,-1.6013007164001465,0.963485836982727
1773048765,795641680,world,cf231_leg,-2.615002393722534,-1.607483148574829,0.9485571384429932
1773048765,800501160,world,cf231,-2.6176023483276367,-1.601488471031189,0.9636217355728149
1773048765,800501160,world,cf231_leg,-2.615032196044922,-1.6074727773666382,0.9486249685287476
1773048765,805730807,world,cf231,-2.6178486347198486,-1.6017667055130005,0.9637477397918701
1773048765,805730807,world,cf231_leg,-2.615145683288574,-1.6075811386108398,0.9487988948822021
1773048765,810577321,world,cf231,-2.6178903579711914,-1.601828694343567,0.9637225866317749
1773048765,810577321,world,cf231_leg,-2.615220546722412,-1.607655644416809,0.9488301277160645
1773048765,815774338,world,cf231,-2.617938756942749,-1.6019587516784668,0.9638031721115112
1773048765,815774338,world,cf231_leg,-2.615271806716919,-1.6077848672866821,0.9488921165466309
1773048765,820755455,world,cf231,-2.6181652545928955,-1.6022876501083374,0.9638952016830444
1773048765,820755455,world,cf231_leg,-2.6153671741485596,-1.6079739332199097,0.9488894939422607
1773048765,825605770,world,cf231,-2.618204116821289,-1.6023499965667725,0.963896632194519
1773048765,825605770,world,cf231_leg,-2.615382671356201,-1.6079692840576172,0.9489213228225708
1773048765,830682982,world,cf231,-2.618196487426758,-1.602471113204956,0.9639337062835693
1773048765,830682982,world,cf231_leg,-2.615406036376953,-1.6080774068832397,0.9490224123001099
1773048765,835549349,world,cf231,-2.6183478832244873,-1.602674126625061,0.9639984369277954
1773048765,835549349,world,cf231_leg,-2.615471124649048,-1.6082005500793457,0.949121356010437
1773048765,841245052,world,cf231,-2.618499279022217,-1.6028770208358765,0.9640628099441528
1773048765,841245052,world,cf231_leg,-2.6154685020446777,-1.6082006692886353,0.9491451978683472
1773048765,845401515,world,cf231,-2.6183605194091797,-1.6029819250106812,0.9639905691146851
1773048765,845401515,world,cf231_leg,-2.615499258041382,-1.6083757877349854,0.9493566751480103
1773048765,850765089,world,cf231,-2.6185238361358643,-1.6031793355941772,0.9641174077987671
1773048765,850765089,world,cf231_leg,-2.615541458129883,-1.6085082292556763,0.94931960105896
1773048765,855593207,world,cf231,-2.618631601333618,-1.6033680438995361,0.9642000198364258
1773048765,855593207,world,cf231_leg,-2.6155648231506348,-1.608551263809204,0.9492545127868652
1773048765,860352177,world,cf231,-2.618669271469116,-1.6036956310272217,0.9641677141189575
1773048765,860352177,world,cf231_leg,-2.6157431602478027,-1.6089262962341309,0.949540376663208
1773048765,865513886,world,cf231,-2.618830919265747,-1.6038223505020142,0.9643254280090332
1773048765,865513886,world,cf231_leg,-2.6156654357910156,-1.6089208126068115,0.9495251178741455
1773048765,870460550,world,cf231,-2.6189544200897217,-1.6040359735488892,0.9642950296401978
1773048765,870460550,world,cf231_leg,-2.6156818866729736,-1.6091057062149048,0.9495265483856201
1773048765,876057397,world,cf231,-2.6189043521881104,-1.6041405200958252,0.9643290042877197
1773048765,876057397,world,cf231_leg,-2.6157538890838623,-1.6092909574508667,0.9498239755630493
1773048765,880588167,world,cf231,-2.6190671920776367,-1.6044594049453735,0.9644359350204468
1773048765,880588167,world,cf231_leg,-2.615734338760376,-1.6093941926956177,0.9496845006942749
1773048765,885632386,world,cf231,-2.6190102100372314,-1.6044493913650513,0.9643956422805786
1773048765,885632386,world,cf231_leg,-2.6155996322631836,-1.6094982624053955,0.9496186971664429
1773048765,890567484,world,cf231,-2.619144916534424,-1.604778528213501,0.9644080400466919
1773048765,890567484,world,cf231_leg,-2.615652561187744,-1.6097502708435059,0.9494664669036865
1773048765,895610640,world,cf231,-2.61918306350708,-1.6050041913986206,0.9645287990570068
1773048765,895610640,world,cf231_leg,-2.6156444549560547,-1.6098629236221313,0.9496796131134033
1773048765,900496035,world,cf231,-2.6191983222961426,-1.6051923036575317,0.964535117149353
1773048765,900496035,world,cf231_leg,-2.6156692504882812,-1.6100962162017822,0.9495816230773926
1773048765,905601104,world,cf231,-2.6193976402282715,-1.6054526567459106,0.9646884202957153
1773048765,905601104,world,cf231_leg,-2.615663766860962,-1.6101434230804443,0.94960618019104
1773048765,910581183,world,cf231,-2.6192610263824463,-1.6054840087890625,0.9646003246307373
1773048765,910581183,world,cf231_leg,-2.61562180519104,-1.6103888750076294,0.9495863914489746
1773048765,915441043,world,cf231,-2.6193366050720215,-1.6056822538375854,0.9646186828613281
1773048765,915441043,world,cf231_leg,-2.615654230117798,-1.6106865406036377,0.9495843648910522
1773048765,920662035,world,cf231,-2.6193902492523193,-1.6059744358062744,0.9647654294967651
1773048765,920662035,world,cf231_leg,-2.6156506538391113,-1.6108050346374512,0.9495930671691895
1773048765,925834900,world,cf231,-2.6195008754730225,-1.606235146522522,0.9648127555847168
1773048765,925834900,world,cf231_leg,-2.6156651973724365,-1.6109882593154907,0.9496002197265625
1773048765,932123194,world,cf231,-2.61946177482605,-1.606526494026184,0.9648845195770264
1773048765,932123194,world,cf231_leg,-2.615638494491577,-1.6112005710601807,0.9497567415237427
1773048765,935657141,world,cf231,-2.6194727420806885,-1.6066418886184692,0.964928388595581
1773048765,935657141,world,cf231_leg,-2.6156060695648193,-1.611327886581421,0.949678897857666
1773048765,940449127,world,cf231,-2.6193697452545166,-1.6068089008331299,0.9648855924606323
1773048765,940449127,world,cf231_leg,-2.6155858039855957,-1.6115692853927612,0.9496413469314575
1773048765,945632488,world,cf231,-2.619243621826172,-1.607010841369629,0.9647204875946045
1773048765,945632488,world,cf231_leg,-2.6156280040740967,-1.611742377281189,0.9497387409210205
1773048765,950730379,world,cf231,-2.619314432144165,-1.6074897050857544,0.9648500680923462
1773048765,950730379,world,cf231_leg,-2.615525245666504,-1.6119072437286377,0.9497253894805908
1773048765,955520805,world,cf231,-2.6193361282348633,-1.6077498197555542,0.9647932052612305
1773048765,955520805,world,cf231_leg,-2.615445375442505,-1.6119500398635864,0.9497072696685791
1773048765,961570006,world,cf231,-2.6191468238830566,-1.6078397035598755,0.9647973775863647
1773048765,961570006,world,cf231_leg,-2.6153712272644043,-1.612170934677124,0.9499465227127075
1773048765,965476451,world,cf231,-2.6190600395202637,-1.608074426651001,0.964777946472168
1773048765,965476451,world,cf231_leg,-2.6153407096862793,-1.6121807098388672,0.949880838394165
1773048765,970511784,world,cf231,-2.6189537048339844,-1.6082416772842407,0.9647626876831055
1773048765,970511784,world,cf231_leg,-2.6151583194732666,-1.6123883724212646,0.9498494863510132
1773048765,975698981,world,cf231,-2.61892032623291,-1.6086540222167969,0.964760422706604
1773048765,975698981,world,cf231_leg,-2.615079879760742,-1.612501621246338,0.9498189687728882
1773048765,980712678,world,cf231,-2.6186347007751465,-1.6088616847991943,0.9646785259246826
1773048765,980712678,world,cf231_leg,-2.615065574645996,-1.612784743309021,0.9498642683029175
1773048765,985627774,world,cf231,-2.618497610092163,-1.6091278791427612,0.9647037982940674
1773048765,985627774,world,cf231_leg,-2.6149537563323975,-1.6128793954849243,0.9499356746673584
1773048765,990694338,world,cf231,-2.618222236633301,-1.609289526939392,0.9645686149597168
1773048765,990694338,world,cf231_leg,-2.6149840354919434,-1.6131771802902222,0.9499564170837402
1773048765,996859296,world,cf231,-2.6180710792541504,-1.6096349954605103,0.9645476341247559
1773048765,996859296,world,cf231_leg,-2.6149046421051025,-1.6133440732955933,0.9497445821762085
1773048766,598330,world,cf231,-2.617760181427002,-1.6097763776779175,0.9645222425460815
1773048766,598330,world,cf231_leg,-2.6148595809936523,-1.6135605573654175,0.9498946666717529
1773048766,5589963,world,cf231,-2.6176345348358154,-1.6102304458618164,0.9645825624465942
1773048766,5589963,world,cf231_leg,-2.614722490310669,-1.6136647462844849,0.9498529434204102
1773048766,11143046,world,cf231,-2.6174886226654053,-1.6104559898376465,0.9645493030548096
1773048766,11143046,world,cf231_leg,-2.6146292686462402,-1.6138718128204346,0.9498975276947021
1773048766,15583372,world,cf231,-2.61724591255188,-1.6107985973358154,0.9644320011138916
1773048766,15583372,world,cf231_leg,-2.614607095718384,-1.6139944791793823,0.9498997926712036
1773048766,20549951,world,cf231,-2.6171083450317383,-1.6109462976455688,0.9644962549209595
1773048766,20549951,world,cf231_leg,-2.6145076751708984,-1.6142792701721191,0.9498426914215088
1773048766,26246589,world,cf231,-2.6169886589050293,-1.6113533973693848,0.9645344018936157
1773048766,26246589,world,cf231_leg,-2.6143875122070312,-1.6145379543304443,0.9499289989471436
1773048766,31839106,world,cf231,-2.6167516708374023,-1.6115047931671143,0.9644100666046143
1773048766,31839106,world,cf231_leg,-2.614274501800537,-1.6145905256271362,0.9498699903488159
1773048766,35977754,world,cf231,-2.6165318489074707,-1.6117662191390991,0.9644463062286377
1773048766,35977754,world,cf231_leg,-2.614208936691284,-1.614863395690918,0.9498378038406372
1773048766,40715192,world,cf231,-2.6162874698638916,-1.6120386123657227,0.9643595218658447
1773048766,40715192,world,cf231_leg,-2.6141183376312256,-1.6149344444274902,0.9497727155685425
1773048766,45740277,world,cf231,-2.616030216217041,-1.6123576164245605,0.9643516540527344
1773048766,45740277,world,cf231_leg,-2.6140804290771484,-1.615149736404419,0.949854850769043
1773048766,51751219,world,cf231,-2.6157925128936768,-1.6126716136932373,0.9643492698669434
1773048766,51751219,world,cf231_leg,-2.6140222549438477,-1.615329623222351,0.9498159885406494
1773048766,55468280,world,cf231,-2.6154556274414062,-1.6128222942352295,0.9642060995101929
1773048766,55468280,world,cf231_leg,-2.6138837337493896,-1.6155283451080322,0.9498165845870972
1773048766,60568299,world,cf231,-2.61506724357605,-1.613006830215454,0.9641286134719849
1773048766,60568299,world,cf231_leg,-2.6137945652008057,-1.6155809164047241,0.9495420455932617
1773048766,65548209,world,cf231,-2.614823579788208,-1.613351821899414,0.9640332460403442
1773048766,65548209,world,cf231_leg,-2.6136093139648438,-1.6157647371292114,0.9495924711227417
1773048766,70652237,world,cf231,-2.6146421432495117,-1.61362886428833,0.9641032218933105
1773048766,70652237,world,cf231_leg,-2.613636016845703,-1.6158843040466309,0.949333906173706
1773048766,78950678,world,cf231,-2.6144051551818848,-1.613852620124817,0.9639712572097778
1773048766,78950678,world,cf231_leg,-2.613473892211914,-1.6159874200820923,0.9495124816894531
1773048766,81174569,world,cf231,-2.6141531467437744,-1.6140519380569458,0.9639514684677124
1773048766,81174569,world,cf231_leg,-2.613447904586792,-1.6162281036376953,0.9495252370834351
1773048766,86114380,world,cf231,-2.613920211791992,-1.6143178939819336,0.9639296531677246
1773048766,86114380,world,cf231_leg,-2.6133065223693848,-1.6164500713348389,0.9494953155517578
1773048766,90549669,world,cf231,-2.6136105060577393,-1.6145784854888916,0.9638649225234985
1773048766,90549669,world,cf231_leg,-2.6131486892700195,-1.6165701150894165,0.9491367340087891
1773048766,95738502,world,cf231,-2.613234519958496,-1.6148937940597534,0.963566780090332
1773048766,95738502,world,cf231_leg,-2.6130783557891846,-1.6166359186172485,0.9490580558776855
1773048766,100664986,world,cf231,-2.6128249168395996,-1.6150096654891968,0.963497519493103
1773048766,100664986,world,cf231_leg,-2.6129848957061768,-1.6168018579483032,0.9489697217941284
1773048766,105557255,world,cf231,-2.612546920776367,-1.6151880025863647,0.9635056257247925
1773048766,105557255,world,cf231_leg,-2.613025188446045,-1.6170947551727295,0.9490721225738525
1773048766,110470458,world,cf231,-2.6122517585754395,-1.615445613861084,0.9634956121444702
1773048766,110470458,world,cf231_leg,-2.6129066944122314,-1.6171945333480835,0.9490379095077515
1773048766,115673939,world,cf231,-2.612119197845459,-1.6157128810882568,0.9634914398193359
1773048766,115673939,world,cf231_leg,-2.6128156185150146,-1.6173127889633179,0.9489504098892212
1773048766,120505921,world,cf231,-2.611910820007324,-1.6158545017242432,0.9634603261947632
1773048766,120505921,world,cf231_leg,-2.6126697063446045,-1.6174635887145996,0.9489604234695435
1773048766,125415386,world,cf231,-2.6118249893188477,-1.6160894632339478,0.9634418487548828
1773048766,125415386,world,cf231_leg,-2.612673759460449,-1.6176533699035645,0.9489052295684814
1773048766,130884629,world,cf231,-2.6115152835845947,-1.6162323951721191,0.9634138345718384
1773048766,130884629,world,cf231_leg,-2.612544536590576,-1.617638349533081,0.9488099813461304
1773048766,135761977,world,cf231,-2.611372947692871,-1.6164132356643677,0.9631960391998291
1773048766,135761977,world,cf231_leg,-2.6125917434692383,-1.618049144744873,0.9488271474838257
1773048766,140538157,world,cf231,-2.611203908920288,-1.6165709495544434,0.9631969928741455
1773048766,140538157,world,cf231_leg,-2.6125030517578125,-1.6179313659667969,0.948766827583313
1773048766,145475948,world,cf231,-2.6110148429870605,-1.6167335510253906,0.9631935358047485
1773048766,145475948,world,cf231_leg,-2.612367630004883,-1.618153691291809,0.948688268661499
1773048766,150645912,world,cf231,-2.6106667518615723,-1.6169325113296509,0.9631266593933105
1773048766,150645912,world,cf231_leg,-2.6122875213623047,-1.6181961297988892,0.9486719369888306
1773048766,155541461,world,cf231,-2.6105074882507324,-1.6169689893722534,0.9630627632141113
1773048766,155541461,world,cf231_leg,-2.612226724624634,-1.6183112859725952,0.9484919309616089
1773048766,160687230,world,cf231,-2.610173225402832,-1.6170473098754883,0.9629013538360596
1773048766,160687230,world,cf231_leg,-2.612217903137207,-1.618433952331543,0.94837486743927
1773048766,165773143,world,cf231,-2.6100997924804688,-1.6172771453857422,0.9629440307617188
1773048766,165773143,world,cf231_leg,-2.6122238636016846,-1.618666172027588,0.9484487771987915
1773048766,170580808,world,cf231,-2.6098361015319824,-1.6172428131103516,0.9629182815551758
1773048766,170580808,world,cf231_leg,-2.612189531326294,-1.618672251701355,0.948395848274231
1773048766,175432933,world,cf231,-2.6096882820129395,-1.6174248456954956,0.9627528190612793
1773048766,175432933,world,cf231_leg,-2.612093210220337,-1.6187187433242798,0.9483500719070435
1773048766,180606552,world,cf231,-2.609501361846924,-1.6175141334533691,0.9627323150634766
1773048766,180606552,world,cf231_leg,-2.612081289291382,-1.6188433170318604,0.9482744932174683
1773048766,185665609,world,cf231,-2.6094248294830322,-1.6177023649215698,0.9626628160476685
1773048766,185665609,world,cf231_leg,-2.6119282245635986,-1.618835210800171,0.9482358694076538
1773048766,191962632,world,cf231,-2.6093578338623047,-1.6179319620132446,0.9626507759094238
1773048766,191962632,world,cf231_leg,-2.6119508743286133,-1.6190179586410522,0.9481726884841919
1773048766,195578024,world,cf231,-2.609117269515991,-1.6178022623062134,0.9624724388122559
1773048766,195578024,world,cf231_leg,-2.6119577884674072,-1.6190886497497559,0.9481111764907837
1773048766,200417887,world,cf231,-2.609236717224121,-1.618105411529541,0.9626011848449707
1773048766,200417887,world,cf231_leg,-2.611886978149414,-1.6190851926803589,0.9480421543121338
1773048766,205654866,world,cf231,-2.6090593338012695,-1.6179851293563843,0.9624087810516357
1773048766,205654866,world,cf231_leg,-2.611706495285034,-1.6191848516464233,0.9477609395980835
1773048766,210611715,world,cf231,-2.6090445518493652,-1.6181092262268066,0.9623360633850098
1773048766,210611715,world,cf231_leg,-2.6117889881134033,-1.6192612648010254,0.9477370977401733
1773048766,215508594,world,cf231,-2.6090548038482666,-1.6182984113693237,0.9623960256576538
1773048766,215508594,world,cf231_leg,-2.6117734909057617,-1.6192659139633179,0.947704553604126
1773048766,220536991,world,cf231,-2.6089508533477783,-1.6181837320327759,0.9622734785079956
1773048766,220536991,world,cf231_leg,-2.6117377281188965,-1.6193233728408813,0.9476633071899414
1773048766,225561077,world,cf231,-2.6089940071105957,-1.6183645725250244,0.96220862865448
1773048766,225561077,world,cf231_leg,-2.6116979122161865,-1.6194077730178833,0.9475067853927612
1773048766,230546011,world,cf231,-2.6089982986450195,-1.6184378862380981,0.9621704816818237
1773048766,230546011,world,cf231_leg,-2.611637592315674,-1.6193565130233765,0.9473669528961182
1773048766,235892687,world,cf231,-2.6089391708374023,-1.61850106716156,0.9621481895446777
1773048766,235892687,world,cf231_leg,-2.6117470264434814,-1.6194939613342285,0.947441577911377
1773048766,240773464,world,cf231,-2.6089131832122803,-1.6185106039047241,0.962029218673706
1773048766,240773464,world,cf231_leg,-2.611680030822754,-1.6194888353347778,0.947330117225647
1773048766,245750032,world,cf231,-2.609004497528076,-1.6184676885604858,0.9619698524475098
1773048766,245750032,world,cf231_leg,-2.6117451190948486,-1.6195704936981201,0.9472962617874146
1773048766,250691698,world,cf231,-2.6091299057006836,-1.6186530590057373,0.9618948698043823
1773048766,250691698,world,cf231_leg,-2.611701011657715,-1.619584560394287,0.9471768140792847
1773048766,257236332,world,cf231,-2.6090128421783447,-1.6185427904129028,0.961713433265686
1773048766,257236332,world,cf231_leg,-2.611752986907959,-1.6196709871292114,0.9470870494842529
1773048766,260789227,world,cf231,-2.60909104347229,-1.6186213493347168,0.961746335029602
1773048766,260789227,world,cf231_leg,-2.611778736114502,-1.61961829662323,0.9470486640930176
1773048766,265846610,world,cf231,-2.6090824604034424,-1.618505835533142,0.961674690246582
1773048766,265846610,world,cf231_leg,-2.6119017601013184,-1.619799256324768,0.9471526145935059
1773048766,271776939,world,cf231,-2.609248638153076,-1.618633508682251,0.961615800857544
1773048766,271776939,world,cf231_leg,-2.611891031265259,-1.6197559833526611,0.9470990896224976
1773048766,275753702,world,cf231,-2.6092658042907715,-1.6185389757156372,0.9615161418914795
1773048766,275753702,world,cf231_leg,-2.611919403076172,-1.6197031736373901,0.947036623954773
1773048766,281037342,world,cf231,-2.609400749206543,-1.6184380054473877,0.9614460468292236
1773048766,281037342,world,cf231_leg,-2.612067699432373,-1.6198313236236572,0.9471035003662109
1773048766,286041232,world,cf231,-2.609476089477539,-1.6183959245681763,0.9615230560302734
1773048766,286041232,world,cf231_leg,-2.6121203899383545,-1.6197988986968994,0.9470294713973999
1773048766,290732892,world,cf231,-2.6097006797790527,-1.6183260679244995,0.9614084959030151
1773048766,290732892,world,cf231_leg,-2.6122639179229736,-1.6198841333389282,0.9469922780990601
1773048766,296245225,world,cf231,-2.6098337173461914,-1.6182222366333008,0.9615308046340942
1773048766,296245225,world,cf231_leg,-2.612277030944824,-1.6198797225952148,0.9470473527908325
1773048766,301004659,world,cf231,-2.6099326610565186,-1.618177056312561,0.9613949060440063
1773048766,301004659,world,cf231_leg,-2.6123414039611816,-1.6198419332504272,0.9470319747924805
1773048766,306263023,world,cf231,-2.6101865768432617,-1.6180516481399536,0.9614012241363525
1773048766,306263023,world,cf231_leg,-2.6124184131622314,-1.6198463439941406,0.9470499753952026
1773048766,310927360,world,cf231,-2.6103765964508057,-1.6179622411727905,0.9613939523696899
1773048766,310927360,world,cf231_leg,-2.6125357151031494,-1.6199837923049927,0.9470528364181519
1773048766,315692473,world,cf231,-2.6105384826660156,-1.6179251670837402,0.961431622505188
1773048766,315692473,world,cf231_leg,-2.6126577854156494,-1.6198846101760864,0.9470601081848145
1773048766,320752139,world,cf231,-2.6107277870178223,-1.6177165508270264,0.961464524269104
1773048766,320752139,world,cf231_leg,-2.6126978397369385,-1.620017170906067,0.9470467567443848
1773048766,325889893,world,cf231,-2.610950231552124,-1.6175422668457031,0.9615098237991333
1773048766,325889893,world,cf231_leg,-2.6128554344177246,-1.6199795007705688,0.9470796585083008
1773048766,330875343,world,cf231,-2.61128830909729,-1.6175074577331543,0.9615930318832397
1773048766,330875343,world,cf231_leg,-2.6130154132843018,-1.6199415922164917,0.9470889568328857
1773048766,335684899,world,cf231,-2.6113827228546143,-1.6172281503677368,0.9615801572799683
1773048766,335684899,world,cf231_leg,-2.6131722927093506,-1.6200228929519653,0.9471052885055542
1773048766,340499762,world,cf231,-2.6116998195648193,-1.6173166036605835,0.9618334770202637
1773048766,340499762,world,cf231_leg,-2.6132659912109375,-1.6200214624404907,0.9471352100372314
1773048766,345556164,world,cf231,-2.6117923259735107,-1.617081642150879,0.9617961645126343
1773048766,345556164,world,cf231_leg,-2.613312005996704,-1.6199185848236084,0.9471225738525391
1773048766,350671772,world,cf231,-2.611961603164673,-1.6169542074203491,0.9616489410400391
1773048766,350671772,world,cf231_leg,-2.6135215759277344,-1.6200083494186401,0.9471989870071411
1773048766,355725320,world,cf231,-2.6121506690979004,-1.6167153120040894,0.9618288278579712
1773048766,355725320,world,cf231_leg,-2.613651990890503,-1.6201413869857788,0.9472566843032837
1773048766,360406540,world,cf231,-2.6125118732452393,-1.6167020797729492,0.9619104862213135
1773048766,360406540,world,cf231_leg,-2.6137616634368896,-1.6200474500656128,0.9472067356109619
1773048766,365591046,world,cf231,-2.6127877235412598,-1.6166125535964966,0.9620355367660522
1773048766,365591046,world,cf231_leg,-2.6139109134674072,-1.6200569868087769,0.9472882747650146
1773048766,370555052,world,cf231,-2.6131205558776855,-1.616491436958313,0.9620610475540161
1773048766,370555052,world,cf231_leg,-2.6139843463897705,-1.620060682296753,0.9473327398300171
1773048766,375736512,world,cf231,-2.6134493350982666,-1.6163434982299805,0.9620938301086426
1773048766,375736512,world,cf231_leg,-2.61425518989563,-1.6199710369110107,0.9474217891693115
1773048766,381108165,world,cf231,-2.613807439804077,-1.6163336038589478,0.9622207880020142
1773048766,381108165,world,cf231_leg,-2.6141982078552246,-1.620032548904419,0.9473981857299805
1773048766,385588947,world,cf231,-2.6141200065612793,-1.6161447763442993,0.9622509479522705
1773048766,385588947,world,cf231_leg,-2.614511251449585,-1.620046615600586,0.947594165802002
1773048766,390469869,world,cf231,-2.6144707202911377,-1.6161803007125854,0.9624056816101074
1773048766,390469869,world,cf231_leg,-2.6145718097686768,-1.6199383735656738,0.9476161003112793
1773048766,395572201,world,cf231,-2.6146421432495117,-1.616025686264038,0.9622119665145874
1773048766,395572201,world,cf231_leg,-2.614630937576294,-1.619948148727417,0.9476239681243896
1773048766,400807558,world,cf231,-2.6149632930755615,-1.61599862575531,0.9622825384140015
1773048766,400807558,world,cf231_leg,-2.6149044036865234,-1.6200182437896729,0.9478063583374023
1773048766,405415533,world,cf231,-2.6152329444885254,-1.615761637687683,0.962645411491394
1773048766,405415533,world,cf231_leg,-2.6149988174438477,-1.6199005842208862,0.9478675127029419
1773048766,410325401,world,cf231,-2.615422010421753,-1.6156002283096313,0.9624615907669067
1773048766,410325401,world,cf231_leg,-2.6151845455169678,-1.620042085647583,0.9479610919952393
1773048766,415545879,world,cf231,-2.6156516075134277,-1.6154061555862427,0.9625042676925659
1773048766,415545879,world,cf231_leg,-2.6151819229125977,-1.6199703216552734,0.9479787349700928
1773048766,420374810,world,cf231,-2.616051197052002,-1.6154087781906128,0.9626184701919556
1773048766,420374810,world,cf231_leg,-2.6153674125671387,-1.6199233531951904,0.9480991363525391
1773048766,425426106,world,cf231,-2.6163785457611084,-1.6153286695480347,0.9626296758651733
1773048766,425426106,world,cf231_leg,-2.6155667304992676,-1.619989275932312,0.9482392072677612
1773048766,430552796,world,cf231,-2.616750955581665,-1.6153876781463623,0.9628039598464966
1773048766,430552796,world,cf231_leg,-2.6156821250915527,-1.6199079751968384,0.9484175443649292
1773048766,435827136,world,cf231,-2.6170971393585205,-1.615145206451416,0.9627382755279541
1773048766,435827136,world,cf231_leg,-2.615792989730835,-1.6198559999465942,0.9484978914260864
1773048766,440584228,world,cf231,-2.6173970699310303,-1.6151247024536133,0.9628282785415649
1773048766,440584228,world,cf231_leg,-2.6159260272979736,-1.6198697090148926,0.9485495090484619
1773048766,445499421,world,cf231,-2.617708206176758,-1.6150593757629395,0.9628610610961914
1773048766,445499421,world,cf231_leg,-2.6160519123077393,-1.619931936264038,0.9486446380615234
1773048766,450481512,world,cf231,-2.6180214881896973,-1.6148794889450073,0.9631574153900146
1773048766,450481512,world,cf231_leg,-2.6162962913513184,-1.6198915243148804,0.9487596750259399
1773048766,455702551,world,cf231,-2.6184258460998535,-1.6150437593460083,0.9633404016494751
1773048766,455702551,world,cf231_leg,-2.616384267807007,-1.6198925971984863,0.9488534927368164
1773048766,460425932,world,cf231,-2.6185457706451416,-1.6148298978805542,0.9634597301483154
1773048766,460425932,world,cf231_leg,-2.6164867877960205,-1.6199159622192383,0.9488399028778076
1773048766,465508837,world,cf231,-2.618851661682129,-1.614804744720459,0.9636645317077637
1773048766,465508837,world,cf231_leg,-2.6166739463806152,-1.6198680400848389,0.9489396810531616
1773048766,470631460,world,cf231,-2.6190590858459473,-1.6147582530975342,0.9636545181274414
1773048766,470631460,world,cf231_leg,-2.6167681217193604,-1.6199389696121216,0.9489737749099731
1773048766,475650577,world,cf231,-2.61942195892334,-1.6147395372390747,0.9638816118240356
1773048766,475650577,world,cf231_leg,-2.6169815063476562,-1.619910717010498,0.9490395784378052
1773048766,480716302,world,cf231,-2.6197140216827393,-1.6147644519805908,0.9639987945556641
1773048766,480716302,world,cf231_leg,-2.617041826248169,-1.619962215423584,0.9491783380508423
1773048766,485496792,world,cf231,-2.620067834854126,-1.614518642425537,0.9640443325042725
1773048766,485496792,world,cf231_leg,-2.6172404289245605,-1.6199864149093628,0.9491872787475586
1773048766,490703706,world,cf231,-2.6203384399414062,-1.6145495176315308,0.9641817808151245
1773048766,490703706,world,cf231_leg,-2.617332935333252,-1.6199390888214111,0.9492602348327637
1773048766,495573104,world,cf231,-2.620677947998047,-1.6145892143249512,0.9642511606216431
1773048766,495573104,world,cf231_leg,-2.617480754852295,-1.6199474334716797,0.9493451118469238
1773048766,500604434,world,cf231,-2.6207640171051025,-1.6144295930862427,0.9642816781997681
1773048766,500604434,world,cf231_leg,-2.6175687313079834,-1.6199486255645752,0.9494383335113525
1773048766,505579359,world,cf231,-2.6211321353912354,-1.6145344972610474,0.9644540548324585
1773048766,505579359,world,cf231_leg,-2.617718458175659,-1.620028018951416,0.9495083093643188
1773048766,511853763,world,cf231,-2.6213860511779785,-1.6144979000091553,0.9645677804946899
1773048766,511853763,world,cf231_leg,-2.6178760528564453,-1.6199909448623657,0.9495394229888916
1773048766,515653559,world,cf231,-2.6216063499450684,-1.6144726276397705,0.9646402597427368
1773048766,515653559,world,cf231_leg,-2.61797833442688,-1.6201051473617554,0.9496510028839111
1773048766,520504769,world,cf231,-2.6217103004455566,-1.6144667863845825,0.9647797346115112
1773048766,520504769,world,cf231_leg,-2.6180150508880615,-1.6200486421585083,0.9496901035308838
1773048766,525611008,world,cf231,-2.621884822845459,-1.6144251823425293,0.9648771286010742
1773048766,525611008,world,cf231_leg,-2.6181118488311768,-1.620119333267212,0.9497005939483643
1773048766,530419012,world,cf231,-2.622129440307617,-1.6144654750823975,0.9648957252502441
1773048766,530419012,world,cf231_leg,-2.6182193756103516,-1.6200670003890991,0.9498064517974854
1773048766,535678452,world,cf231,-2.6222569942474365,-1.6144098043441772,0.9650384187698364
1773048766,535678452,world,cf231_leg,-2.6183340549468994,-1.6202046871185303,0.9498316049575806
1773048766,540672106,world,cf231,-2.6224706172943115,-1.6144007444381714,0.9652812480926514
1773048766,540672106,world,cf231_leg,-2.618359327316284,-1.620123028755188,0.9499384164810181
1773048766,545631027,world,cf231,-2.622530221939087,-1.614410161972046,0.9652950763702393
1773048766,545631027,world,cf231_leg,-2.6184189319610596,-1.6201331615447998,0.949945330619812
1773048766,550624985,world,cf231,-2.6227545738220215,-1.6145458221435547,0.9654375314712524
1773048766,550624985,world,cf231_leg,-2.618621587753296,-1.6202716827392578,0.9500641822814941
1773048766,555711525,world,cf231,-2.6227169036865234,-1.6143630743026733,0.9654541015625
1773048766,555711525,world,cf231_leg,-2.618647336959839,-1.620219349861145,0.950025200843811
1773048766,560696699,world,cf231,-2.6229634284973145,-1.614565134048462,0.9655669927597046
1773048766,560696699,world,cf231_leg,-2.61872935295105,-1.6203795671463013,0.950284481048584
1773048766,565737083,world,cf231,-2.6230456829071045,-1.6145656108856201,0.9657257795333862
1773048766,565737083,world,cf231_leg,-2.6187756061553955,-1.6203935146331787,0.9502382278442383
1773048766,570652451,world,cf231,-2.6231284141540527,-1.614524245262146,0.9657456874847412
1773048766,570652451,world,cf231_leg,-2.618901252746582,-1.6204556226730347,0.9503337144851685
1773048766,575522088,world,cf231,-2.6232025623321533,-1.6146490573883057,0.965774416923523
1773048766,575522088,world,cf231_leg,-2.6189725399017334,-1.6205792427062988,0.9503816366195679
1773048766,580483703,world,cf231,-2.6233115196228027,-1.61471688747406,0.965873122215271
1773048766,580483703,world,cf231_leg,-2.619016647338867,-1.6206305027008057,0.9506640434265137
1773048766,586015892,world,cf231,-2.6233251094818115,-1.6147128343582153,0.9659301042556763
1773048766,586015892,world,cf231_leg,-2.6191225051879883,-1.6206549406051636,0.9506233930587769
1773048766,590803198,world,cf231,-2.6234066486358643,-1.6149059534072876,0.9660627841949463
1773048766,590803198,world,cf231_leg,-2.6191391944885254,-1.6208802461624146,0.9507588148117065
1773048766,595563416,world,cf231,-2.6234257221221924,-1.6149007081985474,0.9660685062408447
1773048766,595563416,world,cf231_leg,-2.619274377822876,-1.6209371089935303,0.9509352445602417
1773048766,600803529,world,cf231,-2.6235005855560303,-1.6150215864181519,0.9662647247314453
1773048766,600803529,world,cf231_leg,-2.6193315982818604,-1.620916724205017,0.9510917663574219
1773048766,605788843,world,cf231,-2.623538017272949,-1.6150827407836914,0.9662688970565796
1773048766,605788843,world,cf231_leg,-2.619330644607544,-1.6209940910339355,0.9509435892105103
1773048766,610732919,world,cf231,-2.623594045639038,-1.615213394165039,0.9662905931472778
1773048766,610732919,world,cf231_leg,-2.6193647384643555,-1.6211258172988892,0.950979471206665
1773048766,615550496,world,cf231,-2.6236660480499268,-1.6154520511627197,0.9666610956192017
1773048766,615550496,world,cf231_leg,-2.6194121837615967,-1.6211947202682495,0.951337456703186
1773048766,620835328,world,cf231,-2.623739719390869,-1.6155762672424316,0.9666913747787476
1773048766,620835328,world,cf231_leg,-2.6193385124206543,-1.6211904287338257,0.9512952566146851
1773048766,625634127,world,cf231,-2.62374210357666,-1.6156924962997437,0.9668146371841431
1773048766,625634127,world,cf231_leg,-2.6195147037506104,-1.621525764465332,0.9512780904769897
1773048766,630568193,world,cf231,-2.623666286468506,-1.615687608718872,0.9667705297470093
1773048766,630568193,world,cf231_leg,-2.6195192337036133,-1.6214205026626587,0.9515433311462402
1773048766,635743601,world,cf231,-2.623692035675049,-1.6157968044281006,0.9668494462966919
1773048766,635743601,world,cf231_leg,-2.6195082664489746,-1.6215869188308716,0.9515972137451172
1773048766,640486351,world,cf231,-2.6237356662750244,-1.6159740686416626,0.9669489860534668
1773048766,640486351,world,cf231_leg,-2.6195363998413086,-1.6217654943466187,0.9516587257385254
1773048766,645595986,world,cf231,-2.6237306594848633,-1.6160938739776611,0.966961145401001
1773048766,645595986,world,cf231_leg,-2.619532346725464,-1.6218832731246948,0.9516687393188477
1773048766,650718342,world,cf231,-2.6238837242126465,-1.6164582967758179,0.9671177864074707
1773048766,650718342,world,cf231_leg,-2.6195924282073975,-1.6219346523284912,0.9518072605133057
1773048766,656058728,world,cf231,-2.6237733364105225,-1.6165523529052734,0.9671411514282227
1773048766,656058728,world,cf231_leg,-2.619466781616211,-1.6221320629119873,0.9516923427581787
1773048766,661457224,world,cf231,-2.623699903488159,-1.616546630859375,0.9670716524124146
1773048766,661457224,world,cf231_leg,-2.6195309162139893,-1.622204065322876,0.9519202709197998
1773048766,665864985,world,cf231,-2.6237599849700928,-1.616837739944458,0.9671632051467896
1773048766,665864985,world,cf231_leg,-2.6194546222686768,-1.6222971677780151,0.9517502784729004
1773048766,672731228,world,cf231,-2.6237833499908447,-1.617140769958496,0.9672400951385498
1773048766,672731228,world,cf231_leg,-2.6194310188293457,-1.6225091218948364,0.9518818855285645
1773048766,675655172,world,cf231,-2.623659372329712,-1.617120623588562,0.9672451019287109
1773048766,675655172,world,cf231_leg,-2.6193625926971436,-1.6226171255111694,0.9519323110580444
1773048766,680488004,world,cf231,-2.6236648559570312,-1.6173546314239502,0.9673032760620117
1773048766,680488004,world,cf231_leg,-2.6192471981048584,-1.6225981712341309,0.9518910646438599
1773048766,686565537,world,cf231,-2.623666763305664,-1.6175165176391602,0.9673972129821777
1773048766,686565537,world,cf231_leg,-2.619349241256714,-1.622828722000122,0.9519696235656738
1773048766,691304908,world,cf231,-2.623567581176758,-1.61775541305542,0.9673198461532593
1773048766,691304908,world,cf231_leg,-2.619203567504883,-1.6229315996170044,0.9520044326782227
1773048766,696469549,world,cf231,-2.6235389709472656,-1.6179704666137695,0.9674832820892334
1773048766,696469549,world,cf231_leg,-2.6192095279693604,-1.622972846031189,0.9520882368087769
1773048766,700725178,world,cf231,-2.6232635974884033,-1.6180591583251953,0.9673597812652588
1773048766,700725178,world,cf231_leg,-2.619227647781372,-1.6231279373168945,0.9522122144699097
1773048766,705580686,world,cf231,-2.623166799545288,-1.6181789636611938,0.96729576587677
1773048766,705580686,world,cf231_leg,-2.61910080909729,-1.6233676671981812,0.9522497653961182
1773048766,711587218,world,cf231,-2.623209238052368,-1.6185905933380127,0.9675083160400391
1773048766,711587218,world,cf231_leg,-2.619105577468872,-1.6233386993408203,0.9523465633392334
1773048766,716367214,world,cf231,-2.6229732036590576,-1.6187838315963745,0.9675227403640747
1773048766,716367214,world,cf231_leg,-2.6188840866088867,-1.623514175415039,0.9521933794021606
1773048766,720463918,world,cf231,-2.6228420734405518,-1.6190024614334106,0.9675265550613403
1773048766,720463918,world,cf231_leg,-2.61887788772583,-1.6235321760177612,0.9523627758026123
1773048766,725556378,world,cf231,-2.6227078437805176,-1.6192213296890259,0.9675575494766235
1773048766,725556378,world,cf231_leg,-2.6187856197357178,-1.6237874031066895,0.9524680376052856
1773048766,730607099,world,cf231,-2.6225619316101074,-1.6194462776184082,0.9675256013870239
1773048766,730607099,world,cf231_leg,-2.6187026500701904,-1.62382972240448,0.9524766206741333
1773048766,735597009,world,cf231,-2.6224679946899414,-1.6197288036346436,0.9675534963607788
1773048766,735597009,world,cf231_leg,-2.618715763092041,-1.623984932899475,0.9526470899581909
1773048766,740543689,world,cf231,-2.6222727298736572,-1.6200581789016724,0.9675551652908325
1773048766,740543689,world,cf231_leg,-2.61860990524292,-1.6241079568862915,0.9525277614593506
1773048766,745717137,world,cf231,-2.622166633605957,-1.620224952697754,0.9675414562225342
1773048766,745717137,world,cf231_leg,-2.618586301803589,-1.6241599321365356,0.9525442123413086
1773048766,751706959,world,cf231,-2.622020721435547,-1.6204495429992676,0.9675103425979614
1773048766,751706959,world,cf231_leg,-2.6185944080352783,-1.6243911981582642,0.9525951147079468
1773048766,755890282,world,cf231,-2.621990442276001,-1.62086021900177,0.967483639717102
1773048766,755890282,world,cf231_leg,-2.618509531021118,-1.6245936155319214,0.9527420997619629
1773048766,760548932,world,cf231,-2.621838331222534,-1.621085286140442,0.9675068855285645
1773048766,760548932,world,cf231_leg,-2.618457794189453,-1.6246548891067505,0.9526710510253906
1773048766,766609154,world,cf231,-2.6217904090881348,-1.6213812828063965,0.9674910306930542
1773048766,766609154,world,cf231_leg,-2.6184325218200684,-1.624776840209961,0.9526990652084351
1773048766,770572234,world,cf231,-2.621605634689331,-1.621543526649475,0.9674597978591919
1773048766,770572234,world,cf231_leg,-2.6184158325195312,-1.6249256134033203,0.9526129961013794
1773048766,775879230,world,cf231,-2.6214122772216797,-1.6218713521957397,0.9674394130706787
1773048766,775879230,world,cf231_leg,-2.6183581352233887,-1.625050663948059,0.9527578353881836
1773048766,780264986,world,cf231,-2.621098518371582,-1.6221332550048828,0.9674257040023804
1773048766,780264986,world,cf231_leg,-2.6181800365448,-1.6251399517059326,0.9527187347412109
1773048766,785614318,world,cf231,-2.6209115982055664,-1.622520089149475,0.9672461748123169
1773048766,785614318,world,cf231_leg,-2.6181068420410156,-1.62541925907135,0.9525997638702393
1773048766,790478263,world,cf231,-2.6206181049346924,-1.6227028369903564,0.9672238826751709
1773048766,790478263,world,cf231_leg,-2.6180429458618164,-1.6255220174789429,0.9527789354324341
1773048766,795599254,world,cf231,-2.6204988956451416,-1.6230366230010986,0.9672716856002808
1773048766,795599254,world,cf231_leg,-2.6179401874542236,-1.6256215572357178,0.9526032209396362
1773048766,800554965,world,cf231,-2.620187520980835,-1.6232258081436157,0.9672410488128662
1773048766,800554965,world,cf231_leg,-2.6178648471832275,-1.6258468627929688,0.9526896476745605
1773048766,805448053,world,cf231,-2.6200971603393555,-1.6235500574111938,0.9673795700073242
1773048766,805448053,world,cf231_leg,-2.6177799701690674,-1.6259372234344482,0.9526960849761963
1773048766,810626655,world,cf231,-2.619964122772217,-1.623769760131836,0.9674087762832642
1773048766,810626655,world,cf231_leg,-2.617650270462036,-1.625992774963379,0.952612042427063
1773048766,815323023,world,cf231,-2.6198244094848633,-1.6239938735961914,0.9673246145248413
1773048766,815323023,world,cf231_leg,-2.6176023483276367,-1.6262149810791016,0.9526294469833374
1773048766,820416314,world,cf231,-2.6196813583374023,-1.6242181062698364,0.9672678709030151
1773048766,820416314,world,cf231_leg,-2.617461919784546,-1.6262892484664917,0.9527603387832642
1773048766,825414336,world,cf231,-2.6195554733276367,-1.6245102882385254,0.9672333002090454
1773048766,825414336,world,cf231_leg,-2.6173532009124756,-1.626412034034729,0.9526659250259399
1773048766,830602114,world,cf231,-2.619333267211914,-1.6247297525405884,0.9671601057052612
1773048766,830602114,world,cf231_leg,-2.6171514987945557,-1.6265534162521362,0.9526433944702148
1773048766,835556405,world,cf231,-2.6192102432250977,-1.6250214576721191,0.9670989513397217
1773048766,835556405,world,cf231_leg,-2.6170709133148193,-1.6267071962356567,0.952770471572876
1773048766,840568873,world,cf231,-2.6190290451049805,-1.6252256631851196,0.9671785831451416
1773048766,840568873,world,cf231_leg,-2.6169228553771973,-1.626693844795227,0.9528619050979614
1773048766,845538810,world,cf231,-2.6188225746154785,-1.6254398822784424,0.9671382904052734
1773048766,845538810,world,cf231_leg,-2.6168129444122314,-1.6267915964126587,0.9527401924133301
1773048766,850537779,world,cf231,-2.6185975074768066,-1.6256598234176636,0.9670920372009277
1773048766,850537779,world,cf231_leg,-2.6167736053466797,-1.626962423324585,0.9528822898864746
1773048766,855468688,world,cf231,-2.6183016300201416,-1.6258434057235718,0.9670960903167725
1773048766,855468688,world,cf231_leg,-2.6165871620178223,-1.6269391775131226,0.9527760744094849
1773048766,861717056,world,cf231,-2.618079900741577,-1.626063346862793,0.9670218229293823
1773048766,861717056,world,cf231_leg,-2.616537094116211,-1.6270428895950317,0.9528331756591797
1773048766,865539668,world,cf231,-2.6178336143493652,-1.6263357400894165,0.9669643640518188
1773048766,865539668,world,cf231_leg,-2.616459846496582,-1.6271569728851318,0.9528002738952637
1773048766,870727942,world,cf231,-2.617779493331909,-1.6265597343444824,0.9670120477676392
1773048766,870727942,world,cf231_leg,-2.616267204284668,-1.6271330118179321,0.9527441263198853
1773048766,875405888,world,cf231,-2.6176466941833496,-1.6267797946929932,0.9670407772064209
1773048766,875405888,world,cf231_leg,-2.6161720752716064,-1.6271802186965942,0.9526963233947754
1773048766,880466730,world,cf231,-2.617377996444702,-1.6268227100372314,0.9668936729431152
1773048766,880466730,world,cf231_leg,-2.616056442260742,-1.6272324323654175,0.9526638984680176
1773048766,885634786,world,cf231,-2.6172726154327393,-1.6269899606704712,0.9668796062469482
1773048766,885634786,world,cf231_leg,-2.6160473823547363,-1.6272786855697632,0.952715277671814
1773048766,890645104,world,cf231,-2.6172091960906982,-1.6272189617156982,0.9668396711349487
1773048766,890645104,world,cf231_leg,-2.6159839630126953,-1.6274175643920898,0.952591061592102
1773048766,895515222,world,cf231,-2.617004871368408,-1.6273142099380493,0.9668130874633789
1773048766,895515222,world,cf231_leg,-2.6158270835876465,-1.627455472946167,0.9525588750839233
1773048766,900706421,world,cf231,-2.6168668270111084,-1.627419114112854,0.9667435884475708
1773048766,900706421,world,cf231_leg,-2.615715503692627,-1.6275495290756226,0.9526318311691284
1773048766,905599601,world,cf231,-2.616788864135742,-1.6275334358215332,0.9666863679885864
1773048766,905599601,world,cf231_leg,-2.6156105995178223,-1.6274830102920532,0.9525203704833984
1773048766,910746653,world,cf231,-2.6164965629577637,-1.6277016401290894,0.9665464162826538
1773048766,910746653,world,cf231_leg,-2.615420341491699,-1.6275303363800049,0.9524480104446411
1773048766,915633464,world,cf231,-2.6164071559906006,-1.6278637647628784,0.9665650129318237
1773048766,915633464,world,cf231_leg,-2.6153295040130615,-1.6276201009750366,0.9525043964385986
1773048766,920349828,world,cf231,-2.6162431240081787,-1.6279475688934326,0.9665241241455078
1773048766,920349828,world,cf231_leg,-2.6153430938720703,-1.6276445388793945,0.952414870262146
1773048766,925512410,world,cf231,-2.6160659790039062,-1.6279900074005127,0.966454029083252
1773048766,925512410,world,cf231_leg,-2.615177869796753,-1.6277291774749756,0.9524317979812622
1773048766,931068664,world,cf231,-2.615858316421509,-1.62813138961792,0.9664249420166016
1773048766,931068664,world,cf231_leg,-2.615090847015381,-1.6277008056640625,0.9524787664413452
1773048766,936281723,world,cf231,-2.6156325340270996,-1.6280401945114136,0.9664431810379028
1773048766,936281723,world,cf231_leg,-2.6148786544799805,-1.6276400089263916,0.9522840976715088
1773048766,940726219,world,cf231,-2.6155104637145996,-1.6281397342681885,0.9664063453674316
1773048766,940726219,world,cf231_leg,-2.614802360534668,-1.6276359558105469,0.9522653818130493
1773048766,945468240,world,cf231,-2.6153652667999268,-1.6281721591949463,0.9664011001586914
1773048766,945468240,world,cf231_leg,-2.6147408485412598,-1.6277145147323608,0.9523909091949463
1773048766,950575678,world,cf231,-2.6152167320251465,-1.6282044649124146,0.9664233922958374
1773048766,950575678,world,cf231_leg,-2.614680528640747,-1.6277350187301636,0.952258825302124
1773048766,955568081,world,cf231,-2.6150777339935303,-1.628190279006958,0.9663941860198975
1773048766,955568081,world,cf231_leg,-2.6146605014801025,-1.6276684999465942,0.9522660970687866
1773048766,960505840,world,cf231,-2.614932060241699,-1.6282227039337158,0.9663891792297363
1773048766,960505840,world,cf231_leg,-2.614464521408081,-1.6277344226837158,0.9523619413375854
1773048766,965604337,world,cf231,-2.6147842407226562,-1.6282553672790527,0.9664103984832764
1773048766,965604337,world,cf231_leg,-2.6144039630889893,-1.6276358366012573,0.9522472620010376
1773048766,971016247,world,cf231,-2.6146039962768555,-1.6282265186309814,0.9663735628128052
1773048766,971016247,world,cf231_leg,-2.614206314086914,-1.6275404691696167,0.9522314071655273
1773048766,975683096,world,cf231,-2.6145009994506836,-1.628153920173645,0.9663906097412109
1773048766,975683096,world,cf231_leg,-2.6142489910125732,-1.627644419670105,0.9523364305496216
1773048766,980437807,world,cf231,-2.6144139766693115,-1.628081202507019,0.9662694931030273
1773048766,980437807,world,cf231_leg,-2.614198923110962,-1.6274696588516235,0.952293872833252
1773048766,985552896,world,cf231,-2.614206552505493,-1.6279839277267456,0.9662953615188599
1773048766,985552896,world,cf231_leg,-2.6140432357788086,-1.6273897886276245,0.9522745609283447
1773048766,990453815,world,cf231,-2.6140472888946533,-1.6279022693634033,0.9662703275680542
1773048766,990453815,world,cf231_leg,-2.614011764526367,-1.6273890733718872,0.9524753093719482
1773048766,995672136,world,cf231,-2.613863468170166,-1.6277518272399902,0.9662812948226929
1773048766,995672136,world,cf231_leg,-2.6138782501220703,-1.6271967887878418,0.9521892070770264
1773048767,692326,world,cf231,-2.6139278411865234,-1.6277623176574707,0.9662631750106812
1773048767,692326,world,cf231_leg,-2.6138007640838623,-1.6271198987960815,0.9521678686141968
1773048767,5503590,world,cf231,-2.6137804985046387,-1.6276750564575195,0.9663001298904419
1773048767,5503590,world,cf231_leg,-2.6138346195220947,-1.6271228790283203,0.9524832963943481
1773048767,10376049,world,cf231,-2.613673686981201,-1.6273679733276367,0.9662314653396606
1773048767,10376049,world,cf231_leg,-2.613644599914551,-1.6270397901535034,0.9521490335464478
1773048767,15740601,world,cf231,-2.613497018814087,-1.6272181272506714,0.9661848545074463
1773048767,15740601,world,cf231_leg,-2.613697052001953,-1.6269787549972534,0.9522186517715454
1773048767,20719921,world,cf231,-2.6134049892425537,-1.6269952058792114,0.9662798643112183
1773048767,20719921,world,cf231_leg,-2.6136481761932373,-1.6268620491027832,0.9524104595184326
1773048767,25537932,world,cf231,-2.6133246421813965,-1.626871943473816,0.9663023948669434
1773048767,25537932,world,cf231_leg,-2.613633155822754,-1.6268672943115234,0.9523769617080688
1773048767,30781872,world,cf231,-2.6133010387420654,-1.6266571283340454,0.9663313627243042
1773048767,30781872,world,cf231_leg,-2.6136536598205566,-1.6266270875930786,0.9524108171463013
1773048767,35641765,world,cf231,-2.6132302284240723,-1.6264125108718872,0.9662902355194092
1773048767,35641765,world,cf231_leg,-2.613579034805298,-1.626710057258606,0.9524818658828735
1773048767,40508611,world,cf231,-2.613145112991333,-1.6262614727020264,0.966322660446167
1773048767,40508611,world,cf231_leg,-2.6135687828063965,-1.6265509128570557,0.9524588584899902
1773048767,45534625,world,cf231,-2.6131396293640137,-1.6261416673660278,0.9663925170898438
1773048767,45534625,world,cf231_leg,-2.613511323928833,-1.6264240741729736,0.952461838722229
1773048767,50862691,world,cf231,-2.613077402114868,-1.6258652210235596,0.9664191007614136
1773048767,50862691,world,cf231_leg,-2.613487720489502,-1.6264045238494873,0.9524717330932617
1773048767,56132715,world,cf231,-2.613008499145508,-1.625622272491455,0.9663723707199097
1773048767,56132715,world,cf231_leg,-2.6135447025299072,-1.6262954473495483,0.9525198936462402
1773048767,60464443,world,cf231,-2.6129415035247803,-1.6253474950790405,0.9664490222930908
1773048767,60464443,world,cf231_leg,-2.6135470867156982,-1.6262952089309692,0.9524964094161987
1773048767,65471150,world,cf231,-2.6130008697509766,-1.6251636743545532,0.9664883613586426
1773048767,65471150,world,cf231_leg,-2.6135032176971436,-1.6261645555496216,0.9525525569915771
1773048767,70507969,world,cf231,-2.61291241645813,-1.6248533725738525,0.966445803642273
1773048767,70507969,world,cf231_leg,-2.613434076309204,-1.6260406970977783,0.9524815082550049
1773048767,75394711,world,cf231,-2.6127383708953857,-1.6244639158248901,0.9664286375045776
1773048767,75394711,world,cf231_leg,-2.6134610176086426,-1.625754475593567,0.9524871110916138
1773048767,80752738,world,cf231,-2.6127798557281494,-1.624286413192749,0.9664597511291504
1773048767,80752738,world,cf231_leg,-2.6133928298950195,-1.6256744861602783,0.9525635242462158
1773048767,85620608,world,cf231,-2.6128158569335938,-1.6240381002426147,0.9665493965148926
1773048767,85620608,world,cf231_leg,-2.6134538650512695,-1.6255671977996826,0.9525820016860962
1773048767,90716927,world,cf231,-2.6129281520843506,-1.6236892938613892,0.9668185710906982
1773048767,90716927,world,cf231_leg,-2.613464117050171,-1.6253315210342407,0.9525371789932251
1773048767,95641173,world,cf231,-2.6129660606384277,-1.6235098838806152,0.9670655727386475
1773048767,95641173,world,cf231_leg,-2.6134400367736816,-1.625264048576355,0.9525721073150635
1773048767,107525104,world,cf231,-2.6129677295684814,-1.6232740879058838,0.9669287204742432
1773048767,107525104,world,cf231_leg,-2.6134650707244873,-1.6250944137573242,0.9525680541992188
1773048767,107706255,world,cf231,-2.6130547523498535,-1.6229910850524902,0.966955304145813
1773048767,107706255,world,cf231_leg,-2.6134116649627686,-1.6248500347137451,0.9525598287582397
1773048767,110542245,world,cf231,-2.613163471221924,-1.6227071285247803,0.9667915105819702
1773048767,110542245,world,cf231_leg,-2.613347053527832,-1.624609351158142,0.9524751901626587
1773048767,115477756,world,cf231,-2.6132028102874756,-1.6224857568740845,0.966690182685852
1773048767,115477756,world,cf231_leg,-2.61352276802063,-1.6245677471160889,0.9525133371353149
1773048767,120504058,world,cf231,-2.6132102012634277,-1.6221230030059814,0.9666892290115356
1773048767,120504058,world,cf231_leg,-2.6134471893310547,-1.624326229095459,0.9525264501571655
1773048767,125851326,world,cf231,-2.613223075866699,-1.6217150688171387,0.9668706655502319
1773048767,125851326,world,cf231_leg,-2.6134281158447266,-1.6240299940109253,0.9524059295654297
1773048767,130452126,world,cf231,-2.6132423877716064,-1.6215460300445557,0.9669418334960938
1773048767,130452126,world,cf231_leg,-2.6133902072906494,-1.6238497495651245,0.9524210691452026
1773048767,135645667,world,cf231,-2.6134772300720215,-1.621279239654541,0.9669373035430908
1773048767,135645667,world,cf231_leg,-2.6135220527648926,-1.6237457990646362,0.9525080919265747
1773048767,140676909,world,cf231,-2.613602876663208,-1.6208045482635498,0.9672849178314209
1773048767,140676909,world,cf231_leg,-2.613464117050171,-1.6234993934631348,0.9525305032730103
1773048767,145466612,world,cf231,-2.613731861114502,-1.6205869913101196,0.9673032760620117
1773048767,145466612,world,cf231_leg,-2.613558292388916,-1.6233104467391968,0.9525842666625977
1773048767,152260534,world,cf231,-2.6138150691986084,-1.6203532218933105,0.9673464298248291
1773048767,152260534,world,cf231_leg,-2.6137070655822754,-1.6232006549835205,0.9526828527450562
1773048767,155444577,world,cf231,-2.6138556003570557,-1.61998450756073,0.9674255847930908
1773048767,155444577,world,cf231_leg,-2.6138036251068115,-1.6230831146240234,0.9527201652526855
1773048767,161758318,world,cf231,-2.6139683723449707,-1.6196962594985962,0.9674026966094971
1773048767,161758318,world,cf231_leg,-2.613884210586548,-1.6228506565093994,0.9527444839477539
1773048767,165528543,world,cf231,-2.6139976978302,-1.6194478273391724,0.9675488471984863
1773048767,165528543,world,cf231_leg,-2.613922357559204,-1.6227240562438965,0.9527716636657715
1773048767,170391199,world,cf231,-2.6141254901885986,-1.6192289590835571,0.967571496963501
1773048767,170391199,world,cf231_leg,-2.613976240158081,-1.6226146221160889,0.9528448581695557
1773048767,175372644,world,cf231,-2.6141531467437744,-1.6188606023788452,0.9677608013153076
1773048767,175372644,world,cf231_leg,-2.6139895915985107,-1.622419834136963,0.9529093503952026
1773048767,180398532,world,cf231,-2.6142578125,-1.6185741424560547,0.9678158760070801
1773048767,180398532,world,cf231_leg,-2.6140525341033936,-1.6221261024475098,0.9529485702514648
1773048767,185715536,world,cf231,-2.614400625228882,-1.618319034576416,0.9680197238922119
1773048767,185715536,world,cf231_leg,-2.614147186279297,-1.6220780611038208,0.9529988765716553
1773048767,190602423,world,cf231,-2.614502429962158,-1.617916226387024,0.9679515361785889
1773048767,190602423,world,cf231_leg,-2.614212989807129,-1.6219419240951538,0.9531147480010986
1773048767,196262410,world,cf231,-2.61468505859375,-1.6175916194915771,0.967888355255127
1773048767,196262410,world,cf231_leg,-2.614304304122925,-1.6215955018997192,0.9530913829803467
1773048767,203464732,world,cf231,-2.614788293838501,-1.6174250841140747,0.9679285287857056
1773048767,203464732,world,cf231_leg,-2.614323616027832,-1.6214730739593506,0.9531124830245972
1773048767,205514772,world,cf231,-2.614917278289795,-1.61704421043396,0.9678287506103516
1773048767,205514772,world,cf231_leg,-2.6144027709960938,-1.6213605403900146,0.9531407356262207
1773048767,211775728,world,cf231,-2.6150095462799072,-1.6167631149291992,0.9678232669830322
1773048767,211775728,world,cf231_leg,-2.6144111156463623,-1.6210063695907593,0.95313560962677
1773048767,215596405,world,cf231,-2.6153154373168945,-1.6165035963058472,0.9677284955978394
1773048767,215596405,world,cf231_leg,-2.6144399642944336,-1.6207876205444336,0.953113317489624
1773048767,220590963,world,cf231,-2.6154465675354004,-1.6162843704223633,0.9677249193191528
1773048767,220590963,world,cf231_leg,-2.614408493041992,-1.620605707168579,0.9530622959136963
1773048767,225733333,world,cf231,-2.615732431411743,-1.6160441637039185,0.9679304361343384
1773048767,225733333,world,cf231_leg,-2.6145994663238525,-1.6203992366790771,0.9530168771743774
1773048767,231823104,world,cf231,-2.615856409072876,-1.6157065629959106,0.9680209159851074
1773048767,231823104,world,cf231_leg,-2.6146774291992188,-1.6201190948486328,0.9530900716781616
1773048767,235872478,world,cf231,-2.6160359382629395,-1.6155449151992798,0.968105673789978
1773048767,235872478,world,cf231_leg,-2.614711046218872,-1.620062232017517,0.9531536102294922
1773048767,240999569,world,cf231,-2.616199016571045,-1.6151988506317139,0.9680173397064209
1773048767,240999569,world,cf231_leg,-2.614837169647217,-1.6198499202728271,0.9529763460159302
1773048767,245484849,world,cf231,-2.6162922382354736,-1.614914059638977,0.9681789875030518
1773048767,245484849,world,cf231_leg,-2.6150028705596924,-1.6196463108062744,0.9529769420623779
1773048767,250534505,world,cf231,-2.6163699626922607,-1.6145637035369873,0.9681272506713867
1773048767,250534505,world,cf231_leg,-2.6150474548339844,-1.6194705963134766,0.9529620409011841
1773048767,255763208,world,cf231,-2.616549253463745,-1.6144020557403564,0.9682122468948364
1773048767,255763208,world,cf231_leg,-2.6151273250579834,-1.619428038597107,0.9529781341552734
1773048767,261891283,world,cf231,-2.6167962551116943,-1.6140875816345215,0.9681339263916016
1773048767,261891283,world,cf231_leg,-2.6153252124786377,-1.6192635297775269,0.9530156850814819
1773048767,265737384,world,cf231,-2.6169683933258057,-1.6137362718582153,0.9681339263916016
1773048767,265737384,world,cf231_leg,-2.615307092666626,-1.6189892292022705,0.9529087543487549
1773048767,270535262,world,cf231,-2.6171703338623047,-1.6135234832763672,0.9682265520095825
1773048767,270535262,world,cf231_leg,-2.615450620651245,-1.618955373764038,0.9528884887695312
1773048767,275591238,world,cf231,-2.617428779602051,-1.6132068634033203,0.9680432081222534
1773048767,275591238,world,cf231_leg,-2.6156303882598877,-1.61886727809906,0.9529238939285278
1773048767,281032304,world,cf231,-2.6176514625549316,-1.6129451990127563,0.9679803848266602
1773048767,281032304,world,cf231_leg,-2.6157479286193848,-1.618657112121582,0.9528350830078125
1773048767,285643049,world,cf231,-2.6178174018859863,-1.6127458810806274,0.9678695201873779
1773048767,285643049,world,cf231_leg,-2.6157686710357666,-1.6186050176620483,0.952843189239502
1773048767,290483139,world,cf231,-2.617981433868408,-1.612589716911316,0.9679207801818848
1773048767,290483139,world,cf231_leg,-2.6158580780029297,-1.6184474229812622,0.9528157711029053
1773048767,296432058,world,cf231,-2.6181561946868896,-1.6123130321502686,0.9679063558578491
1773048767,296432058,world,cf231_leg,-2.616006374359131,-1.6182963848114014,0.9527833461761475
1773048767,300629220,world,cf231,-2.618387222290039,-1.6121666431427002,0.9679149389266968
1773048767,300629220,world,cf231_leg,-2.6160049438476562,-1.6180663108825684,0.9526798725128174
1773048767,305557551,world,cf231,-2.618499517440796,-1.6118056774139404,0.9679031372070312
1773048767,305557551,world,cf231_leg,-2.61604905128479,-1.6180806159973145,0.9526557922363281
1773048767,310598486,world,cf231,-2.6186885833740234,-1.6117154359817505,0.9678997993469238
1773048767,310598486,world,cf231_leg,-2.6160805225372314,-1.6177928447723389,0.952619194984436
1773048767,315340358,world,cf231,-2.618706226348877,-1.6113090515136719,0.9678666591644287
1773048767,315340358,world,cf231_leg,-2.61611270904541,-1.617574691772461,0.9525713920593262
1773048767,321713073,world,cf231,-2.618922233581543,-1.611169457435608,0.9676541090011597
1773048767,321713073,world,cf231_leg,-2.616189956665039,-1.6175388097763062,0.9524540901184082
1773048767,325744977,world,cf231,-2.6190130710601807,-1.610844612121582,0.9675160646438599
1773048767,325744977,world,cf231_leg,-2.6162381172180176,-1.6174330711364746,0.9524033069610596
1773048767,330605741,world,cf231,-2.619325876235962,-1.6107743978500366,0.9675090312957764
1773048767,330605741,world,cf231_leg,-2.6163735389709473,-1.617169976234436,0.9523487091064453
1773048767,335895636,world,cf231,-2.6194870471954346,-1.6105766296386719,0.9674490690231323
1773048767,335895636,world,cf231_leg,-2.616382360458374,-1.6170514822006226,0.9522925615310669
1773048767,340432348,world,cf231,-2.619521379470825,-1.6102417707443237,0.967271089553833
1773048767,340432348,world,cf231_leg,-2.6165554523468018,-1.6170380115509033,0.952212929725647
1773048767,345679804,world,cf231,-2.6196253299713135,-1.6100338697433472,0.967172384262085
1773048767,345679804,world,cf231_leg,-2.61669659614563,-1.616844654083252,0.9520994424819946
1773048767,351298280,world,cf231,-2.6198973655700684,-1.609948992729187,0.967157244682312
1773048767,351298280,world,cf231_leg,-2.616823434829712,-1.6167452335357666,0.9520612955093384
1773048767,355682917,world,cf231,-2.6200335025787354,-1.609761118888855,0.9669771194458008
1773048767,355682917,world,cf231_leg,-2.6168882846832275,-1.616707444190979,0.952045202255249
1773048767,362959517,world,cf231,-2.620274305343628,-1.6097289323806763,0.9670331478118896
1773048767,362959517,world,cf231_leg,-2.616952896118164,-1.6165980100631714,0.9520238637924194
1773048767,366283388,world,cf231,-2.6204051971435547,-1.6096352338790894,0.9668421745300293
1773048767,366283388,world,cf231_leg,-2.6170356273651123,-1.616395354270935,0.9519006013870239
1773048767,370617952,world,cf231,-2.620459794998169,-1.6094822883605957,0.9667900800704956
1773048767,370617952,world,cf231_leg,-2.6170098781585693,-1.6162853240966797,0.9518074989318848
1773048767,375518500,world,cf231,-2.620558023452759,-1.609393835067749,0.9667049646377563
1773048767,375518500,world,cf231_leg,-2.6172268390655518,-1.616257905960083,0.9518475532531738
1773048767,381151665,world,cf231,-2.620555877685547,-1.609277367591858,0.9665812253952026
1773048767,381151665,world,cf231_leg,-2.617396593093872,-1.6161748170852661,0.9518027305603027
1773048767,387386808,world,cf231,-2.6206185817718506,-1.6091680526733398,0.9666070938110352
1773048767,387386808,world,cf231_leg,-2.617431402206421,-1.6160037517547607,0.9517084360122681
1773048767,391789242,world,cf231,-2.6206774711608887,-1.609062671661377,0.9664924144744873
1773048767,391789242,world,cf231_leg,-2.617563009262085,-1.6160472631454468,0.9516360759735107
1773048767,395640378,world,cf231,-2.6207923889160156,-1.6090879440307617,0.9663999080657959
1773048767,395640378,world,cf231_leg,-2.6176280975341797,-1.6159383058547974,0.9516128301620483
1773048767,400435415,world,cf231,-2.6208996772766113,-1.6089937686920166,0.9664046764373779
1773048767,400435415,world,cf231_leg,-2.6177122592926025,-1.6159255504608154,0.9514580965042114
1773048767,405742203,world,cf231,-2.6209020614624023,-1.6088324785232544,0.9662799835205078
1773048767,405742203,world,cf231_leg,-2.6176981925964355,-1.6158597469329834,0.9514155387878418
1773048767,410311411,world,cf231,-2.6209909915924072,-1.6089088916778564,0.96620774269104
1773048767,410311411,world,cf231_leg,-2.6178507804870605,-1.615826964378357,0.9513204097747803
1773048767,415884195,world,cf231,-2.6209967136383057,-1.6088618040084839,0.9661856889724731
1773048767,415884195,world,cf231_leg,-2.6178832054138184,-1.6157350540161133,0.9510955810546875
1773048767,428585929,world,cf231,-2.6210663318634033,-1.6088247299194336,0.9661476612091064
1773048767,428585929,world,cf231_leg,-2.6179866790771484,-1.6157571077346802,0.9510633945465088
1773048767,428850085,world,cf231,-2.6210427284240723,-1.608832836151123,0.9660048484802246
1773048767,428850085,world,cf231_leg,-2.618051290512085,-1.6157666444778442,0.9510239362716675
1773048767,430641256,world,cf231,-2.6211817264556885,-1.6089686155319214,0.9660156965255737
1773048767,430641256,world,cf231_leg,-2.6180827617645264,-1.6156694889068604,0.9509764909744263
1773048767,436848641,world,cf231,-2.621314764022827,-1.608941674232483,0.9659616947174072
1773048767,436848641,world,cf231_leg,-2.6180968284606934,-1.615510106086731,0.9507389068603516
1773048767,440630850,world,cf231,-2.6212210655212402,-1.60893976688385,0.9658899307250977
1773048767,440630850,world,cf231_leg,-2.6181259155273438,-1.615530014038086,0.9506804943084717
1773048767,445925474,world,cf231,-2.6213290691375732,-1.6090114116668701,0.9658222198486328
1773048767,445925474,world,cf231_leg,-2.618263006210327,-1.615501880645752,0.9505536556243896
1773048767,450891150,world,cf231,-2.6213903427124023,-1.6090943813323975,0.9658236503601074
1773048767,450891150,world,cf231_leg,-2.618178606033325,-1.6153850555419922,0.9504663944244385
1773048767,455524301,world,cf231,-2.621342182159424,-1.609096884727478,0.9654432535171509
1773048767,455524301,world,cf231_leg,-2.6183242797851562,-1.6154701709747314,0.9504061937332153
1773048767,463570814,world,cf231,-2.6213490962982178,-1.6091692447662354,0.9653795957565308
1773048767,463570814,world,cf231_leg,-2.618410110473633,-1.61542809009552,0.9503738880157471
1773048767,466295167,world,cf231,-2.621225595474243,-1.6091794967651367,0.9652366638183594
1773048767,466295167,world,cf231_leg,-2.618401050567627,-1.6153144836425781,0.950309157371521
1773048767,470495598,world,cf231,-2.621284008026123,-1.6093093156814575,0.965233325958252
1773048767,470495598,world,cf231_leg,-2.618497848510742,-1.6153961420059204,0.9499878883361816
1773048767,475737386,world,cf231,-2.6213138103485107,-1.609449028968811,0.9651378393173218
1773048767,475737386,world,cf231_leg,-2.6186957359313965,-1.6154917478561401,0.9500045776367188
1773048767,480406958,world,cf231,-2.6213295459747314,-1.6094740629196167,0.9650241136550903
1773048767,480406958,world,cf231_leg,-2.6185526847839355,-1.6153115034103394,0.9500899314880371
1773048767,485626922,world,cf231,-2.621368408203125,-1.6096127033233643,0.9648483991622925
1773048767,485626922,world,cf231_leg,-2.6187000274658203,-1.6154024600982666,0.94985032081604
1773048767,490513001,world,cf231,-2.6214210987091064,-1.6096259355545044,0.9647495746612549
1773048767,490513001,world,cf231_leg,-2.6187584400177,-1.615411400794983,0.9498610496520996
1773048767,497543695,world,cf231,-2.6214354038238525,-1.6097710132598877,0.9646205902099609
1773048767,497543695,world,cf231_leg,-2.6188528537750244,-1.6153223514556885,0.9497790336608887
1773048767,500576120,world,cf231,-2.6213815212249756,-1.609832763671875,0.9645460844039917
1773048767,500576120,world,cf231_leg,-2.6188387870788574,-1.615447759628296,0.9497243165969849
1773048767,505495726,world,cf231,-2.621366262435913,-1.6099145412445068,0.9643352031707764
1773048767,505495726,world,cf231_leg,-2.618924617767334,-1.6154030561447144,0.9496763944625854
1773048767,510620190,world,cf231,-2.6214115619659424,-1.6100491285324097,0.9642727375030518
1773048767,510620190,world,cf231_leg,-2.6189095973968506,-1.6154080629348755,0.9496433734893799
1773048767,515726561,world,cf231,-2.621427297592163,-1.6101793050765991,0.9640246629714966
1773048767,515726561,world,cf231_leg,-2.6188957691192627,-1.6152946949005127,0.9496257305145264
1773048767,520736883,world,cf231,-2.6213786602020264,-1.6102557182312012,0.9640141725540161
1773048767,520736883,world,cf231_leg,-2.619006872177124,-1.615318775177002,0.9495382308959961
1773048767,525582109,world,cf231,-2.621385097503662,-1.6103696823120117,0.9640897512435913
1773048767,525582109,world,cf231_leg,-2.61911678314209,-1.615413784980774,0.9494600296020508
1773048767,530679825,world,cf231,-2.621297597885132,-1.6104010343551636,0.9638350009918213
1773048767,530679825,world,cf231_leg,-2.6190967559814453,-1.6153758764266968,0.9493244886398315
1773048767,535875588,world,cf231,-2.6213395595550537,-1.610463261604309,0.9638084173202515
1773048767,535875588,world,cf231_leg,-2.6191611289978027,-1.6154286861419678,0.949434757232666
1773048767,540525648,world,cf231,-2.621264934539795,-1.6105778217315674,0.963721513748169
1773048767,540525648,world,cf231_leg,-2.61922287940979,-1.615466594696045,0.9492764472961426
1773048767,545920563,world,cf231,-2.6213130950927734,-1.6107535362243652,0.9637718200683594
1773048767,545920563,world,cf231_leg,-2.619258403778076,-1.6154372692108154,0.949176549911499
1773048767,550604225,world,cf231,-2.621350049972534,-1.610893964767456,0.9636187553405762
1773048767,550604225,world,cf231_leg,-2.619277000427246,-1.615552544593811,0.9491636753082275
1773048767,555481626,world,cf231,-2.621286153793335,-1.6108835935592651,0.9636355638504028
1773048767,555481626,world,cf231_leg,-2.619244337081909,-1.615443468093872,0.9491397142410278
1773048767,560924809,world,cf231,-2.621206283569336,-1.6110923290252686,0.9635375738143921
1773048767,560924809,world,cf231_leg,-2.6192965507507324,-1.6155271530151367,0.949034571647644
1773048767,565705079,world,cf231,-2.621344566345215,-1.6112993955612183,0.9635425806045532
1773048767,565705079,world,cf231_leg,-2.6193289756774902,-1.615519404411316,0.9490928649902344
1773048767,570513948,world,cf231,-2.621284246444702,-1.611285924911499,0.9635136127471924
1773048767,570513948,world,cf231_leg,-2.6194980144500732,-1.615623950958252,0.9490234851837158
1773048767,575600177,world,cf231,-2.6213185787200928,-1.6115410327911377,0.9635167121887207
1773048767,575600177,world,cf231_leg,-2.6194169521331787,-1.6155767440795898,0.948901891708374
1773048767,580457655,world,cf231,-2.6212425231933594,-1.611535906791687,0.9634724855422974
1773048767,580457655,world,cf231_leg,-2.6195216178894043,-1.6155718564987183,0.9490079879760742
1773048767,585528353,world,cf231,-2.6212801933288574,-1.6115974187850952,0.9634760618209839
1773048767,585528353,world,cf231_leg,-2.619478702545166,-1.6155864000320435,0.9488862752914429
1773048767,590652161,world,cf231,-2.6212425231933594,-1.611756443977356,0.963280200958252
1773048767,590652161,world,cf231_leg,-2.6195623874664307,-1.6155450344085693,0.9488757848739624
1773048767,595515170,world,cf231,-2.6211600303649902,-1.6118735074996948,0.9632693529129028
1773048767,595515170,world,cf231_leg,-2.6195967197418213,-1.6156055927276611,0.9489040374755859
1773048767,600565053,world,cf231,-2.621187448501587,-1.611942172050476,0.9632062911987305
1773048767,600565053,world,cf231_leg,-2.6196236610412598,-1.6157426834106445,0.9488345384597778
1773048767,605431703,world,cf231,-2.6212241649627686,-1.6120777130126953,0.9632236957550049
1773048767,605431703,world,cf231_leg,-2.619633913040161,-1.615578055381775,0.9487981796264648
1773048767,610523843,world,cf231,-2.621298313140869,-1.612202525138855,0.9632532596588135
1773048767,610523843,world,cf231_leg,-2.6196157932281494,-1.615671157836914,0.9488992691040039
1773048767,615629787,world,cf231,-2.6212408542633057,-1.6122639179229736,0.9632076025009155
1773048767,615629787,world,cf231_leg,-2.6197237968444824,-1.6157664060592651,0.9488439559936523
1773048767,620570011,world,cf231,-2.6212775707244873,-1.6123274564743042,0.9632326364517212
1773048767,620570011,world,cf231_leg,-2.619750738143921,-1.6157150268554688,0.9488019943237305
1773048767,625669037,world,cf231,-2.621356964111328,-1.6124045848846436,0.9632420539855957
1773048767,625669037,world,cf231_leg,-2.619784116744995,-1.6157054901123047,0.9488422870635986
1773048767,630595400,world,cf231,-2.621270179748535,-1.6124064922332764,0.9631314277648926
1773048767,630595400,world,cf231_leg,-2.619765520095825,-1.615709900856018,0.9488353729248047
1773048767,635574969,world,cf231,-2.6212728023529053,-1.61251962184906,0.9632368087768555
1773048767,635574969,world,cf231_leg,-2.619752883911133,-1.6157145500183105,0.9487797021865845
1773048767,640605858,world,cf231,-2.6213371753692627,-1.6125303506851196,0.9632186889648438
1773048767,640605858,world,cf231_leg,-2.6198935508728027,-1.6157242059707642,0.9489336013793945
1773048767,645482438,world,cf231,-2.621356248855591,-1.6125973463058472,0.9632165431976318
1773048767,645482438,world,cf231_leg,-2.6198787689208984,-1.6157772541046143,0.9488742351531982
1773048767,650739487,world,cf231,-2.6214683055877686,-1.6127867698669434,0.9632672071456909
1773048767,650739487,world,cf231_leg,-2.619879961013794,-1.6156589984893799,0.9488890171051025
1773048767,655578702,world,cf231,-2.6215128898620605,-1.6128020286560059,0.9632459878921509
1773048767,655578702,world,cf231_leg,-2.619882106781006,-1.6156582832336426,0.9488674402236938
1773048767,660531248,world,cf231,-2.6215438842773438,-1.6127910614013672,0.9633139371871948
1773048767,660531248,world,cf231_leg,-2.6198155879974365,-1.6156493425369263,0.9489283561706543
1773048767,665616184,world,cf231,-2.6215403079986572,-1.6129122972488403,0.9633219242095947
1773048767,665616184,world,cf231_leg,-2.6200037002563477,-1.6157190799713135,0.9489920139312744
1773048767,670576501,world,cf231,-2.6216704845428467,-1.6129276752471924,0.9634325504302979
1773048767,670576501,world,cf231_leg,-2.619999408721924,-1.6156485080718994,0.9490296840667725
1773048767,675473585,world,cf231,-2.6217052936553955,-1.6129895448684692,0.9634630680084229
1773048767,675473585,world,cf231_leg,-2.620107889175415,-1.6157852411270142,0.9491064548492432
1773048767,680646224,world,cf231,-2.6216821670532227,-1.6128798723220825,0.9633572101593018
1773048767,680646224,world,cf231_leg,-2.6201183795928955,-1.6157093048095703,0.9491782188415527
1773048767,685582213,world,cf231,-2.6217453479766846,-1.6130530834197998,0.9634600877761841
1773048767,685582213,world,cf231_leg,-2.620147943496704,-1.6157013177871704,0.9492616653442383
1773048767,690659777,world,cf231,-2.6218202114105225,-1.6130567789077759,0.9635083675384521
1773048767,690659777,world,cf231_leg,-2.620065450668335,-1.6155837774276733,0.9491533041000366
1773048767,695647872,world,cf231,-2.621833324432373,-1.6129801273345947,0.9635751247406006
1773048767,695647872,world,cf231_leg,-2.6202456951141357,-1.6156537532806396,0.9492874145507812
1773048767,700657211,world,cf231,-2.6219522953033447,-1.6130740642547607,0.9636131525039673
1773048767,700657211,world,cf231_leg,-2.620194435119629,-1.6155680418014526,0.9493752717971802
1773048767,705467607,world,cf231,-2.6219682693481445,-1.6130691766738892,0.9636454582214355
1773048767,705467607,world,cf231_leg,-2.620286464691162,-1.6156399250030518,0.9494310617446899
1773048767,710502647,world,cf231,-2.622169017791748,-1.613136887550354,0.9638221263885498
1773048767,710502647,world,cf231_leg,-2.6202645301818848,-1.6155741214752197,0.9494601488113403
1773048767,715476200,world,cf231,-2.6221346855163574,-1.6130757331848145,0.9637899398803711
1773048767,715476200,world,cf231_leg,-2.6203060150146484,-1.615517020225525,0.9494533538818359
1773048767,720662234,world,cf231,-2.6222004890441895,-1.6130242347717285,0.9640415906906128
1773048767,720662234,world,cf231_leg,-2.620333433151245,-1.615506887435913,0.9495434761047363
1773048767,725461355,world,cf231,-2.622238874435425,-1.612967848777771,0.9640821218490601
1773048767,725461355,world,cf231_leg,-2.6203746795654297,-1.6154932975769043,0.9496859312057495
1773048767,730405201,world,cf231,-2.6223549842834473,-1.6129114627838135,0.9641269445419312
1773048767,730405201,world,cf231_leg,-2.6204237937927246,-1.6153218746185303,0.9496572017669678
1773048767,735877262,world,cf231,-2.622446298599243,-1.6129862070083618,0.9642157554626465
1773048767,735877262,world,cf231_leg,-2.620407819747925,-1.6153233051300049,0.9496117830276489
1773048767,740410188,world,cf231,-2.6223957538604736,-1.612854242324829,0.9641424417495728
1773048767,740410188,world,cf231_leg,-2.620504379272461,-1.615368366241455,0.9497811794281006
1773048767,745618179,world,cf231,-2.622520685195923,-1.6127570867538452,0.9641733169555664
1773048767,745618179,world,cf231_leg,-2.6205663681030273,-1.6153782606124878,0.9497648477554321
1773048767,750624179,world,cf231,-2.622579336166382,-1.6127655506134033,0.9641902446746826
1773048767,750624179,world,cf231_leg,-2.620528221130371,-1.6151974201202393,0.9497826099395752
1773048767,755868712,world,cf231,-2.6226165294647217,-1.6127078533172607,0.964234471321106
1773048767,755868712,world,cf231_leg,-2.6205379962921143,-1.6151922941207886,0.9498641490936279
1773048767,760716106,world,cf231,-2.6226577758789062,-1.6126511096954346,0.964248776435852
1773048767,760716106,world,cf231_leg,-2.620612144470215,-1.615196943283081,0.9499050378799438
1773048767,766542637,world,cf231,-2.6226954460144043,-1.6125942468643188,0.964290976524353
1773048767,766542637,world,cf231_leg,-2.62050461769104,-1.6149442195892334,0.9498604536056519
1773048767,770650542,world,cf231,-2.6227192878723145,-1.612540602684021,0.9642776250839233
1773048767,770650542,world,cf231_leg,-2.620565176010132,-1.6149961948394775,0.9499976634979248
1773048767,775580662,world,cf231,-2.6227102279663086,-1.6124664545059204,0.9643476009368896
1773048767,775580662,world,cf231_leg,-2.6206650733947754,-1.614948034286499,0.9500019550323486
1773048767,780445041,world,cf231,-2.6227610111236572,-1.6123627424240112,0.9643112421035767
1773048767,780445041,world,cf231_leg,-2.620551586151123,-1.614811658859253,0.9499719142913818
1773048767,785743781,world,cf231,-2.622857093811035,-1.612313985824585,0.9643709659576416
1773048767,785743781,world,cf231_leg,-2.6205718517303467,-1.6147587299346924,0.9499826431274414
1773048767,790558317,world,cf231,-2.622955083847046,-1.612267017364502,0.9644254446029663
1773048767,790558317,world,cf231_leg,-2.620640754699707,-1.6147634983062744,0.9500719308853149
1773048767,795748418,world,cf231,-2.6228859424591064,-1.6121408939361572,0.9643449783325195
1773048767,795748418,world,cf231_leg,-2.62056303024292,-1.614521861076355,0.9501101970672607
1773048767,800520142,world,cf231,-2.622925043106079,-1.6120381355285645,0.9646010398864746
1773048767,800520142,world,cf231_leg,-2.6205852031707764,-1.614518404006958,0.9500899314880371
1773048767,805449222,world,cf231,-2.6230618953704834,-1.6119792461395264,0.964458703994751
1773048767,805449222,world,cf231_leg,-2.6206109523773193,-1.6144376993179321,0.9501943588256836
1773048767,810609589,world,cf231,-2.622957468032837,-1.6117470264434814,0.9645847082138062
1773048767,810609589,world,cf231_leg,-2.6205997467041016,-1.6142768859863281,0.9501771926879883
1773048767,815479457,world,cf231,-2.6230156421661377,-1.6116399765014648,0.9646598100662231
1773048767,815479457,world,cf231_leg,-2.620560884475708,-1.614214539527893,0.9501785039901733
1773048767,820480705,world,cf231,-2.623246431350708,-1.6116539239883423,0.9647682905197144
1773048767,820480705,world,cf231_leg,-2.6205029487609863,-1.614086389541626,0.950186014175415
1773048767,825570718,world,cf231,-2.6232213973999023,-1.6113641262054443,0.9649981260299683
1773048767,825570718,world,cf231_leg,-2.620565414428711,-1.613977313041687,0.950187087059021
1773048767,830567883,world,cf231,-2.623281955718994,-1.6112990379333496,0.9649990797042847
1773048767,830567883,world,cf231_leg,-2.6205780506134033,-1.6139036417007446,0.9502518177032471
1773048767,835739699,world,cf231,-2.623246908187866,-1.6111187934875488,0.965008020401001
1773048767,835739699,world,cf231_leg,-2.620556116104126,-1.613794207572937,0.9501326084136963
1773048767,840597281,world,cf231,-2.6234047412872314,-1.6108912229537964,0.9651215076446533
1773048767,840597281,world,cf231_leg,-2.6204681396484375,-1.613669753074646,0.9502310752868652
1773048767,845365026,world,cf231,-2.623412847518921,-1.6107707023620605,0.9650832414627075
1773048767,845365026,world,cf231_leg,-2.6204469203948975,-1.6135330200195312,0.9502514600753784
1773048767,850606206,world,cf231,-2.623431444168091,-1.6106468439102173,0.9651286602020264
1773048767,850606206,world,cf231_leg,-2.620496988296509,-1.6134289503097534,0.9501957893371582
1773048767,855451788,world,cf231,-2.6235299110412598,-1.610600471496582,0.9651812314987183
1773048767,855451788,world,cf231_leg,-2.620450258255005,-1.6134145259857178,0.9502435922622681
1773048767,860472322,world,cf231,-2.623534917831421,-1.61036217212677,0.9652081727981567
1773048767,860472322,world,cf231_leg,-2.6204209327697754,-1.613186240196228,0.9502133131027222
1773048767,865498639,world,cf231,-2.6235203742980957,-1.6101746559143066,0.9652007818222046
1773048767,865498639,world,cf231_leg,-2.6205484867095947,-1.6131788492202759,0.9502965211868286
1773048767,870665045,world,cf231,-2.623685359954834,-1.6101378202438354,0.9652115106582642
1773048767,870665045,world,cf231_leg,-2.6204636096954346,-1.6129109859466553,0.9503580331802368
1773048767,875462093,world,cf231,-2.623600482940674,-1.6099867820739746,0.9652438163757324
1773048767,875462093,world,cf231_leg,-2.620512008666992,-1.6129271984100342,0.9503041505813599
1773048767,880657060,world,cf231,-2.623612880706787,-1.6098212003707886,0.9652056694030762
1773048767,880657060,world,cf231_leg,-2.6204874515533447,-1.61275315284729,0.9500432014465332
1773048767,885708138,world,cf231,-2.62373948097229,-1.6097644567489624,0.9653524160385132
1773048767,885708138,world,cf231_leg,-2.6204640865325928,-1.6126751899719238,0.9504096508026123
1773048767,892762865,world,cf231,-2.6236701011657715,-1.609519600868225,0.9653115272521973
1773048767,892762865,world,cf231_leg,-2.6205527782440186,-1.612687587738037,0.9501692056655884
1773048767,895621064,world,cf231,-2.6236963272094727,-1.6094684600830078,0.9652913808822632
1773048767,895621064,world,cf231_leg,-2.620614767074585,-1.6125472784042358,0.9502996206283569
1773048767,900473536,world,cf231,-2.623756170272827,-1.6093555688858032,0.9655122756958008
1773048767,900473536,world,cf231_leg,-2.620492696762085,-1.6124340295791626,0.9503751993179321
1773048767,905616887,world,cf231,-2.623690605163574,-1.6090399026870728,0.9652633666992188
1773048767,905616887,world,cf231_leg,-2.620598793029785,-1.6123830080032349,0.9505016803741455
1773048767,910452902,world,cf231,-2.6236324310302734,-1.6089099645614624,0.9652673006057739
1773048767,910452902,world,cf231_leg,-2.6205804347991943,-1.6122095584869385,0.9501904249191284
1773048767,915750053,world,cf231,-2.623593330383301,-1.6086528301239014,0.9654827117919922
1773048767,915750053,world,cf231_leg,-2.620687484741211,-1.612152338027954,0.9504735469818115
1773048767,920454041,world,cf231,-2.623676061630249,-1.6086115837097168,0.9655029773712158
1773048767,920454041,world,cf231_leg,-2.6205546855926514,-1.611830472946167,0.9504686594009399
1773048767,925517669,world,cf231,-2.6235930919647217,-1.6082983016967773,0.9654133319854736
1773048767,925517669,world,cf231_leg,-2.6206560134887695,-1.6119033098220825,0.9504489898681641
1773048767,930746270,world,cf231,-2.6235926151275635,-1.6081794500350952,0.9654537439346313
1773048767,930746270,world,cf231_leg,-2.620678424835205,-1.6116137504577637,0.9504903554916382
1773048767,935613243,world,cf231,-2.6234934329986572,-1.6077693700790405,0.9652996063232422
1773048767,935613243,world,cf231_leg,-2.6205737590789795,-1.6113736629486084,0.950697660446167
1773048767,940465088,world,cf231,-2.623574733734131,-1.607725977897644,0.9655109643936157
1773048767,940465088,world,cf231_leg,-2.6206297874450684,-1.611370325088501,0.950454592704773
1773048767,945455332,world,cf231,-2.6235928535461426,-1.607601523399353,0.9655578136444092
1773048767,945455332,world,cf231_leg,-2.6206178665161133,-1.611039400100708,0.950586199760437
1773048767,950776841,world,cf231,-2.623472213745117,-1.6073493957519531,0.9652563333511353
1773048767,950776841,world,cf231_leg,-2.6205484867095947,-1.6109174489974976,0.9505323171615601
1773048767,956650804,world,cf231,-2.623436212539673,-1.6071640253067017,0.9654369354248047
1773048767,956650804,world,cf231_leg,-2.620621919631958,-1.6109215021133423,0.9505763053894043
1773048767,960475513,world,cf231,-2.6234564781188965,-1.6070423126220703,0.965290904045105
1773048767,960475513,world,cf231_leg,-2.6205155849456787,-1.6106189489364624,0.9505382776260376
1773048767,965756614,world,cf231,-2.6233043670654297,-1.6066780090332031,0.9651315212249756
1773048767,965756614,world,cf231_leg,-2.6205668449401855,-1.6105133295059204,0.9504640102386475
1773048767,971659314,world,cf231,-2.62328839302063,-1.6066066026687622,0.9652764797210693
1773048767,971659314,world,cf231_leg,-2.620527744293213,-1.6104533672332764,0.9504814147949219
1773048767,975440270,world,cf231,-2.6231067180633545,-1.6062971353530884,0.9649965763092041
1773048767,975440270,world,cf231_leg,-2.620457649230957,-1.610098123550415,0.9503099918365479
1773048767,980516961,world,cf231,-2.6230998039245605,-1.6061787605285645,0.9650912284851074
1773048767,980516961,world,cf231_leg,-2.620415210723877,-1.6099655628204346,0.9503481388092041
1773048767,985554674,world,cf231,-2.622948169708252,-1.6059755086898804,0.9650288820266724
1773048767,985554674,world,cf231_leg,-2.6203033924102783,-1.6098995208740234,0.9503045082092285
1773048767,991271755,world,cf231,-2.622905731201172,-1.6058404445648193,0.9650650024414062
1773048767,991271755,world,cf231_leg,-2.6204700469970703,-1.6097439527511597,0.9502805471420288
1773048767,995459398,world,cf231,-2.6227850914001465,-1.60553777217865,0.9649637937545776
1773048767,995459398,world,cf231_leg,-2.620422124862671,-1.609570026397705,0.9502344131469727
1773048768,504959,world,cf231,-2.622835159301758,-1.6054333448410034,0.9649299383163452
1773048768,504959,world,cf231_leg,-2.620328903198242,-1.6093776226043701,0.950201153755188
1773048768,5366577,world,cf231,-2.622561454772949,-1.6050901412963867,0.9648863077163696
1773048768,5366577,world,cf231_leg,-2.6203954219818115,-1.6092698574066162,0.95017409324646
1773048768,10326767,world,cf231,-2.6224162578582764,-1.6048399209976196,0.9648007154464722
1773048768,10326767,world,cf231_leg,-2.6203205585479736,-1.6090317964553833,0.9500149488449097
1773048768,15577728,world,cf231,-2.6224024295806885,-1.604695200920105,0.9649293422698975
1773048768,15577728,world,cf231_leg,-2.6203579902648926,-1.6090481281280518,0.9500575065612793
1773048768,20680096,world,cf231,-2.6222429275512695,-1.6043763160705566,0.9647953510284424
1773048768,20680096,world,cf231_leg,-2.6203460693359375,-1.608933925628662,0.9500181674957275
1773048768,25463587,world,cf231,-2.6221861839294434,-1.6041724681854248,0.9647841453552246
1773048768,25463587,world,cf231_leg,-2.620394229888916,-1.6088101863861084,0.9497796297073364
1773048768,30728832,world,cf231,-2.622018337249756,-1.6038551330566406,0.9647291898727417
1773048768,30728832,world,cf231_leg,-2.6203441619873047,-1.6087536811828613,0.949721097946167
1773048768,35716695,world,cf231,-2.6219074726104736,-1.603594183921814,0.9646828174591064
1773048768,35716695,world,cf231_leg,-2.6203904151916504,-1.6086509227752686,0.9497084617614746
1773048768,40583479,world,cf231,-2.621870517730713,-1.603339672088623,0.9647054672241211
1773048768,40583479,world,cf231_leg,-2.620267391204834,-1.6083998680114746,0.9496163129806519
1773048768,45555393,world,cf231,-2.621706008911133,-1.603140950202942,0.9645832777023315
1773048768,45555393,world,cf231_leg,-2.6203091144561768,-1.60834538936615,0.9496250152587891
1773048768,50527778,world,cf231,-2.6216561794281006,-1.6028908491134644,0.9645466804504395
1773048768,50527778,world,cf231_leg,-2.6203553676605225,-1.60830819606781,0.949776291847229
1773048768,55615104,world,cf231,-2.6215620040893555,-1.6026979684829712,0.9645226001739502
1773048768,55615104,world,cf231_leg,-2.620242118835449,-1.60801100730896,0.9496320486068726
1773048768,60596465,world,cf231,-2.621370553970337,-1.6023164987564087,0.9643319845199585
1773048768,60596465,world,cf231_leg,-2.620340347290039,-1.6080870628356934,0.9494650363922119
1773048768,65590841,world,cf231,-2.6213014125823975,-1.6021897792816162,0.9642517566680908
1773048768,65590841,world,cf231_leg,-2.6202104091644287,-1.607950210571289,0.9495800733566284
1773048768,71739817,world,cf231,-2.6211631298065186,-1.6019819974899292,0.9642475843429565
1773048768,71739817,world,cf231_leg,-2.6202917098999023,-1.607789158821106,0.9496129751205444
1773048768,75486340,world,cf231,-2.6210813522338867,-1.6017417907714844,0.9641458988189697
1773048768,75486340,world,cf231_leg,-2.620173215866089,-1.6076594591140747,0.9494717121124268
1773048768,81692589,world,cf231,-2.6210312843322754,-1.6014913320541382,0.964110255241394
1773048768,81692589,world,cf231_leg,-2.620084047317505,-1.607540249824524,0.9494150876998901
1773048768,85614644,world,cf231,-2.6209449768066406,-1.6014143228530884,0.964155912399292
1773048768,85614644,world,cf231_leg,-2.620029926300049,-1.6072524785995483,0.9492802619934082
1773048768,90522671,world,cf231,-2.62076997756958,-1.6011425256729126,0.9641269445419312
1773048768,90522671,world,cf231_leg,-2.6200225353240967,-1.607140064239502,0.949210524559021
1773048768,95588542,world,cf231,-2.620650291442871,-1.6009591817855835,0.9639825820922852
1773048768,95588542,world,cf231_leg,-2.6200430393218994,-1.60708749294281,0.9492205381393433
1773048768,100561054,world,cf231,-2.620607614517212,-1.6008241176605225,0.9640188217163086
1773048768,100561054,world,cf231_leg,-2.6200196743011475,-1.6069097518920898,0.9491307735443115
1773048768,105514261,world,cf231,-2.6205687522888184,-1.6007615327835083,0.9640185832977295
1773048768,105514261,world,cf231_leg,-2.6198995113372803,-1.606727957725525,0.9490044116973877
1773048768,110617890,world,cf231,-2.620345115661621,-1.6004317998886108,0.963901162147522
1773048768,110617890,world,cf231_leg,-2.619870185852051,-1.606666922569275,0.9489293098449707
1773048768,115444783,world,cf231,-2.6203787326812744,-1.6004955768585205,0.9639537334442139
1773048768,115444783,world,cf231_leg,-2.619823455810547,-1.606380820274353,0.9487403631210327
1773048768,120378054,world,cf231,-2.620276689529419,-1.6003056764602661,0.9638190269470215
1773048768,120378054,world,cf231_leg,-2.6197316646575928,-1.6063028573989868,0.9488412141799927
1773048768,125590510,world,cf231,-2.6202445030212402,-1.6002429723739624,0.963762640953064
1773048768,125590510,world,cf231_leg,-2.6197071075439453,-1.606200098991394,0.9485862255096436
1773048768,130649711,world,cf231,-2.6201765537261963,-1.6000713109970093,0.9637094736099243
1773048768,130649711,world,cf231_leg,-2.6197164058685303,-1.6060338020324707,0.9485548734664917
1773048768,135456306,world,cf231,-2.620084047317505,-1.599804162979126,0.9636706113815308
1773048768,135456306,world,cf231_leg,-2.6196751594543457,-1.6058584451675415,0.948440432548523
1773048768,140658678,world,cf231,-2.6200010776519775,-1.5997568368911743,0.9635430574417114
1773048768,140658678,world,cf231_leg,-2.6196279525756836,-1.6058433055877686,0.9484903812408447
1773048768,145546359,world,cf231,-2.6198744773864746,-1.5996198654174805,0.9634227752685547
1773048768,145546359,world,cf231_leg,-2.6196987628936768,-1.6058059930801392,0.9484258890151978
1773048768,150774090,world,cf231,-2.6197245121002197,-1.5995324850082397,0.9634848833084106
1773048768,150774090,world,cf231_leg,-2.6195614337921143,-1.6055604219436646,0.9482976198196411
1773048768,155385720,world,cf231,-2.6197292804718018,-1.5994880199432373,0.9632968902587891
1773048768,155385720,world,cf231_leg,-2.6196420192718506,-1.605635404586792,0.9482792615890503
1773048768,160663601,world,cf231,-2.61967134475708,-1.5993585586547852,0.9632984399795532
1773048768,160663601,world,cf231_leg,-2.6196234226226807,-1.605447769165039,0.9482866525650024
1773048768,165711643,world,cf231,-2.6195948123931885,-1.5993529558181763,0.9632548093795776
1773048768,165711643,world,cf231_leg,-2.6194424629211426,-1.6052597761154175,0.9481874704360962
1773048768,170580573,world,cf231,-2.619575262069702,-1.5992854833602905,0.9632582664489746
1773048768,170580573,world,cf231_leg,-2.619563102722168,-1.605278730392456,0.9481825828552246
1773048768,175533245,world,cf231,-2.619565725326538,-1.5992437601089478,0.9632023572921753
1773048768,175533245,world,cf231_leg,-2.619499921798706,-1.6052266359329224,0.9480681419372559
1773048768,180652447,world,cf231,-2.6193602085113525,-1.5991020202636719,0.9630634784698486
1773048768,180652447,world,cf231_leg,-2.61946439743042,-1.6051645278930664,0.9480446577072144
1773048768,185632291,world,cf231,-2.619407892227173,-1.5991170406341553,0.9630153179168701
1773048768,185632291,world,cf231_leg,-2.6195430755615234,-1.6050513982772827,0.9480760097503662
1773048768,190749598,world,cf231,-2.6193037033081055,-1.5989280939102173,0.9629048109054565
1773048768,190749598,world,cf231_leg,-2.619489908218384,-1.6050422191619873,0.9480172395706177
1773048768,196083802,world,cf231,-2.619300603866577,-1.5989285707473755,0.9629313945770264
1773048768,196083802,world,cf231_leg,-2.619530439376831,-1.6049391031265259,0.9480545520782471
1773048768,200485216,world,cf231,-2.6193394660949707,-1.5989910364151,0.9629325866699219
1773048768,200485216,world,cf231_leg,-2.6195003986358643,-1.60487699508667,0.9479820728302002
1773048768,205479590,world,cf231,-2.6192128658294678,-1.5988538265228271,0.9628125429153442
1773048768,205479590,world,cf231_leg,-2.6194727420806885,-1.6048870086669922,0.947891354560852
1773048768,210486295,world,cf231,-2.6191539764404297,-1.598680853843689,0.9626786708831787
1773048768,210486295,world,cf231_leg,-2.619487762451172,-1.604764699935913,0.947960376739502
1773048768,215298552,world,cf231,-2.619267225265503,-1.5988224744796753,0.9627400636672974
1773048768,215298552,world,cf231_leg,-2.6194751262664795,-1.6047694683074951,0.9479036331176758
1773048768,220503483,world,cf231,-2.619269847869873,-1.5987027883529663,0.9627547264099121
1773048768,220503483,world,cf231_leg,-2.619386911392212,-1.6046513319015503,0.9478437900543213
1773048768,225431757,world,cf231,-2.6192376613616943,-1.5987589359283447,0.9626584053039551
1773048768,225431757,world,cf231_leg,-2.619515895843506,-1.6045945882797241,0.9479345083236694
1773048768,230300498,world,cf231,-2.6192467212677,-1.5987117290496826,0.9626085758209229
1773048768,230300498,world,cf231_leg,-2.6194677352905273,-1.6045373678207397,0.9478535652160645
1773048768,235365454,world,cf231,-2.619079113006592,-1.5985126495361328,0.9625129699707031
1773048768,235365454,world,cf231_leg,-2.619429349899292,-1.6044753789901733,0.9478540420532227
1773048768,240360728,world,cf231,-2.619236469268799,-1.5985968112945557,0.9625626802444458
1773048768,240360728,world,cf231_leg,-2.619446277618408,-1.604472041130066,0.9478813409805298
1773048768,245521377,world,cf231,-2.6193766593933105,-1.5986119508743286,0.962592363357544
1773048768,245521377,world,cf231_leg,-2.6194863319396973,-1.604374885559082,0.9477616548538208
1773048768,250758090,world,cf231,-2.6193737983703613,-1.5986124277114868,0.9626190662384033
1773048768,250758090,world,cf231_leg,-2.6193273067474365,-1.6042938232421875,0.9477664232254028
1773048768,255345850,world,cf231,-2.6195011138916016,-1.5986326932907104,0.9625875949859619
1773048768,255345850,world,cf231_leg,-2.6194565296173096,-1.6043065786361694,0.9478472471237183
1773048768,260467783,world,cf231,-2.619553804397583,-1.5985732078552246,0.9624979496002197
1773048768,260467783,world,cf231_leg,-2.619398593902588,-1.6040680408477783,0.9477287530899048
1773048768,265340899,world,cf231,-2.6195597648620605,-1.5985262393951416,0.9624756574630737
1773048768,265340899,world,cf231_leg,-2.619394302368164,-1.6041862964630127,0.9477386474609375
1773048768,270544920,world,cf231,-2.619642734527588,-1.5984848737716675,0.9624963998794556
1773048768,270544920,world,cf231_leg,-2.619415521621704,-1.6040621995925903,0.9477407932281494
1773048768,275731250,world,cf231,-2.619719982147217,-1.598490834236145,0.9625389575958252
1773048768,275731250,world,cf231_leg,-2.619405508041382,-1.6039496660232544,0.9476957321166992
1773048768,280570643,world,cf231,-2.6198947429656982,-1.5985255241394043,0.9624614715576172
1773048768,280570643,world,cf231_leg,-2.619441509246826,-1.6040124893188477,0.947717547416687
1773048768,287235534,world,cf231,-2.6200180053710938,-1.5985442399978638,0.9626483917236328
1773048768,287235534,world,cf231_leg,-2.619515895843506,-1.6040170192718506,0.9477601051330566
1773048768,290848133,world,cf231,-2.6200122833251953,-1.5984735488891602,0.9625219106674194
1773048768,290848133,world,cf231_leg,-2.619413375854492,-1.603832483291626,0.9476587772369385
1773048768,295728616,world,cf231,-2.62011456489563,-1.598427176475525,0.962547779083252
1773048768,295728616,world,cf231_leg,-2.6194264888763428,-1.6038281917572021,0.9477136135101318
1773048768,300560915,world,cf231,-2.6203348636627197,-1.5985205173492432,0.9625841379165649
1773048768,300560915,world,cf231_leg,-2.619497537612915,-1.603832483291626,0.9477813243865967
1773048768,305323355,world,cf231,-2.620375871658325,-1.5984631776809692,0.9626001119613647
1773048768,305323355,world,cf231_leg,-2.6194887161254883,-1.603718638420105,0.947716474533081
1773048768,310402142,world,cf231,-2.620433807373047,-1.5984742641448975,0.9626375436782837
1773048768,310402142,world,cf231_leg,-2.6194424629211426,-1.603704571723938,0.9477628469467163
1773048768,315268630,world,cf231,-2.6205036640167236,-1.5984073877334595,0.9627457857131958
1773048768,315268630,world,cf231_leg,-2.6195554733276367,-1.603771686553955,0.9478036165237427
1773048768,320281948,world,cf231,-2.6206905841827393,-1.598435878753662,0.962917685508728
1773048768,320281948,world,cf231_leg,-2.6195075511932373,-1.6035974025726318,0.9477578401565552
1773048768,325447282,world,cf231,-2.6206862926483154,-1.59843909740448,0.9627784490585327
1773048768,325447282,world,cf231_leg,-2.619506597518921,-1.6037575006484985,0.9478745460510254
1773048768,330537014,world,cf231,-2.620807647705078,-1.5984597206115723,0.9628020524978638
1773048768,330537014,world,cf231_leg,-2.6195855140686035,-1.6036444902420044,0.9479055404663086
1773048768,335667466,world,cf231,-2.6208548545837402,-1.5984442234039307,0.9629018306732178
1773048768,335667466,world,cf231_leg,-2.619555950164795,-1.6035350561141968,0.9478574991226196
1773048768,340510684,world,cf231,-2.620898723602295,-1.5984582901000977,0.9630700349807739
1773048768,340510684,world,cf231_leg,-2.6195461750030518,-1.6035839319229126,0.9479249715805054
1773048768,345621883,world,cf231,-2.6210360527038574,-1.5984742641448975,0.963125467300415
1773048768,345621883,world,cf231_leg,-2.619658946990967,-1.6036005020141602,0.9479765892028809
1773048768,350597184,world,cf231,-2.621095895767212,-1.5984114408493042,0.9631472826004028
1773048768,350597184,world,cf231_leg,-2.619628429412842,-1.6034210920333862,0.9479397535324097
1773048768,355492089,world,cf231,-2.6212399005889893,-1.598546028137207,0.9631072282791138
1773048768,355492089,world,cf231_leg,-2.619577407836914,-1.6034553050994873,0.9480074644088745
1773048768,360446710,world,cf231,-2.621227741241455,-1.598547339439392,0.9632153511047363
1773048768,360446710,world,cf231_leg,-2.6196396350860596,-1.6035348176956177,0.9479813575744629
1773048768,365575635,world,cf231,-2.6211695671081543,-1.5984174013137817,0.9632182121276855
1773048768,365575635,world,cf231_leg,-2.6196961402893066,-1.6033552885055542,0.948043704032898
1773048768,370824517,world,cf231,-2.621201276779175,-1.5984071493148804,0.9632843732833862
1773048768,370824517,world,cf231_leg,-2.6196353435516357,-1.603346824645996,0.9480549097061157
1773048768,375555777,world,cf231,-2.621307134628296,-1.5984333753585815,0.9632734060287476
1773048768,375555777,world,cf231_leg,-2.6197376251220703,-1.6034114360809326,0.9481761455535889
1773048768,380471121,world,cf231,-2.621363878250122,-1.5983710289001465,0.9633222818374634
1773048768,380471121,world,cf231_leg,-2.6197078227996826,-1.603232741355896,0.9481377601623535
1773048768,385580907,world,cf231,-2.6213877201080322,-1.5984818935394287,0.9634252786636353
1773048768,385580907,world,cf231_leg,-2.6197304725646973,-1.6032923460006714,0.9482663869857788
1773048768,390375930,world,cf231,-2.6214287281036377,-1.5984244346618652,0.9634416103363037
1773048768,390375930,world,cf231_leg,-2.6197988986968994,-1.6033447980880737,0.948331356048584
1773048768,395712612,world,cf231,-2.621396064758301,-1.598403811454773,0.9635242223739624
1773048768,395712612,world,cf231_leg,-2.619843006134033,-1.6031224727630615,0.9483628273010254
1773048768,400811613,world,cf231,-2.621457576751709,-1.5984150171279907,0.9635335206985474
1773048768,400811613,world,cf231_leg,-2.619643449783325,-1.603144645690918,0.9483295679092407
1773048768,405451828,world,cf231,-2.621582508087158,-1.5984786748886108,0.9636651277542114
1773048768,405451828,world,cf231_leg,-2.619817018508911,-1.603216290473938,0.9485342502593994
1773048768,410383379,world,cf231,-2.621485710144043,-1.5984046459197998,0.9636280536651611
1773048768,410383379,world,cf231_leg,-2.6198244094848633,-1.6030983924865723,0.948499321937561
1773048768,415762454,world,cf231,-2.6215829849243164,-1.5984790325164795,0.9636640548706055
1773048768,415762454,world,cf231_leg,-2.619816780090332,-1.6031467914581299,0.9485437870025635
1773048768,420325033,world,cf231,-2.6216442584991455,-1.5985323190689087,0.9638115167617798
1773048768,420325033,world,cf231_leg,-2.6199400424957275,-1.6031593084335327,0.948674201965332
1773048768,425981054,world,cf231,-2.6215338706970215,-1.5983904600143433,0.9637236595153809
1773048768,425981054,world,cf231_leg,-2.6198177337646484,-1.603021502494812,0.9487197399139404
1773048768,430743775,world,cf231,-2.621825695037842,-1.598490595817566,0.9638559818267822
1773048768,430743775,world,cf231_leg,-2.6199495792388916,-1.6029236316680908,0.9486525058746338
1773048768,436058006,world,cf231,-2.6217944622039795,-1.598543643951416,0.9639263153076172
1773048768,436058006,world,cf231_leg,-2.6199371814727783,-1.6030830144882202,0.9488682746887207
1773048768,440351723,world,cf231,-2.621793508529663,-1.5984703302383423,0.963937520980835
1773048768,440351723,world,cf231_leg,-2.620060682296753,-1.602885127067566,0.9490102529525757
1773048768,445467974,world,cf231,-2.621767520904541,-1.5984033346176147,0.963996171951294
1773048768,445467974,world,cf231_leg,-2.6199474334716797,-1.6027004718780518,0.9490060806274414
1773048768,450762242,world,cf231,-2.62188720703125,-1.5985445976257324,0.9640020132064819
1773048768,450762242,world,cf231_leg,-2.6200945377349854,-1.6029894351959229,0.949188232421875
1773048768,455311540,world,cf231,-2.6219606399536133,-1.5985503196716309,0.9640730619430542
1773048768,455311540,world,cf231_leg,-2.6200692653656006,-1.602733850479126,0.9492732286453247
1773048768,460381625,world,cf231,-2.6219608783721924,-1.59855055809021,0.964072585105896
1773048768,460381625,world,cf231_leg,-2.6200952529907227,-1.6026811599731445,0.9492354393005371
1773048768,465251156,world,cf231,-2.6220595836639404,-1.5985926389694214,0.9642332792282104
1773048768,465251156,world,cf231_leg,-2.6200497150421143,-1.6026675701141357,0.9492799043655396
1773048768,470373653,world,cf231,-2.6220815181732178,-1.5985406637191772,0.9642436504364014
1773048768,470373653,world,cf231_leg,-2.620161533355713,-1.6025580167770386,0.9496294260025024
1773048768,475559622,world,cf231,-2.6222426891326904,-1.5986676216125488,0.9644016027450562
1773048768,475559622,world,cf231_leg,-2.6201531887054443,-1.6025859117507935,0.949559211730957
1773048768,480402528,world,cf231,-2.622143030166626,-1.598551869392395,0.9642527103424072
1773048768,480402528,world,cf231_leg,-2.620229482650757,-1.6026057004928589,0.9498711824417114
1773048768,485477392,world,cf231,-2.6221861839294434,-1.5984935760498047,0.9642436504364014
1773048768,485477392,world,cf231_leg,-2.6201717853546143,-1.6024709939956665,0.9500366449356079
1773048768,490519540,world,cf231,-2.622312068939209,-1.598557710647583,0.9643734693527222
1773048768,490519540,world,cf231_leg,-2.6202197074890137,-1.6023670434951782,0.9500041007995605
1773048768,495501281,world,cf231,-2.6222829818725586,-1.598490834236145,0.9644596576690674
1773048768,495501281,world,cf231_leg,-2.6202280521392822,-1.602480411529541,0.9500707387924194
1773048768,500407336,world,cf231,-2.622450113296509,-1.598689317703247,0.9645556211471558
1773048768,500407336,world,cf231_leg,-2.620185136795044,-1.6023473739624023,0.9501097202301025
1773048768,505452550,world,cf231,-2.622426748275757,-1.5985065698623657,0.9644595384597778
1773048768,505452550,world,cf231_leg,-2.620145320892334,-1.6022144556045532,0.9501248598098755
1773048768,510422036,world,cf231,-2.6225295066833496,-1.5985755920410156,0.9646130800247192
1773048768,510422036,world,cf231_leg,-2.620145797729492,-1.6022146940231323,0.9501240253448486
1773048768,515353588,world,cf231,-2.6225242614746094,-1.5983399152755737,0.9645575284957886
1773048768,515353588,world,cf231_leg,-2.620241641998291,-1.602329134941101,0.950285792350769
1773048768,520449546,world,cf231,-2.6225461959838867,-1.5982880592346191,0.9645674228668213
1773048768,520449546,world,cf231_leg,-2.620126962661743,-1.6020296812057495,0.9501473903656006
1773048768,525478738,world,cf231,-2.6226258277893066,-1.5982931852340698,0.9645845890045166
1773048768,525478738,world,cf231_leg,-2.620074987411499,-1.602062702178955,0.9502182006835938
1773048768,530492753,world,cf231,-2.6227245330810547,-1.5982468128204346,0.964638352394104
1773048768,530492753,world,cf231_leg,-2.620166540145874,-1.6021342277526855,0.950276255607605
1773048768,535533351,world,cf231,-2.622816324234009,-1.5981744527816772,0.964725136756897
1773048768,535533351,world,cf231_leg,-2.620138645172119,-1.601834774017334,0.9502365589141846
1773048768,540338930,world,cf231,-2.6228740215301514,-1.598112940788269,0.9647717475891113
1773048768,540338930,world,cf231_leg,-2.620051145553589,-1.6018781661987305,0.9502881765365601
1773048768,545485724,world,cf231,-2.6227636337280273,-1.5979245901107788,0.9647159576416016
1773048768,545485724,world,cf231_leg,-2.620004653930664,-1.6018636226654053,0.950336217880249
1773048768,550431137,world,cf231,-2.62287974357605,-1.5980356931686401,0.964896559715271
1773048768,550431137,world,cf231_leg,-2.6199491024017334,-1.601735234260559,0.9503191709518433
1773048768,555447895,world,cf231,-2.622910261154175,-1.5978633165359497,0.9648677110671997
1773048768,555447895,world,cf231_leg,-2.6198930740356445,-1.601606011390686,0.9503046274185181
1773048768,561137240,world,cf231,-2.6230225563049316,-1.5979316234588623,0.9649394750595093
1773048768,561137240,world,cf231_leg,-2.619915246963501,-1.601716160774231,0.9504231214523315
1773048768,565459722,world,cf231,-2.6230409145355225,-1.5978072881698608,0.9649859666824341
1773048768,565459722,world,cf231_leg,-2.6198487281799316,-1.6014740467071533,0.9503644704818726
1773048768,570480846,world,cf231,-2.623032808303833,-1.5976909399032593,0.9649171829223633
1773048768,570480846,world,cf231_leg,-2.6197681427001953,-1.6013964414596558,0.9503680467605591
1773048768,576833255,world,cf231,-2.623075246810913,-1.5976777076721191,0.9650659561157227
1773048768,576833255,world,cf231_leg,-2.6197781562805176,-1.6015117168426514,0.9504278898239136
1773048768,580434743,world,cf231,-2.6231160163879395,-1.5976201295852661,0.9650828838348389
1773048768,580434743,world,cf231_leg,-2.619744062423706,-1.6013312339782715,0.9504194259643555
1773048768,585585184,world,cf231,-2.6231138706207275,-1.5974271297454834,0.9651371240615845
1773048768,585585184,world,cf231_leg,-2.6197586059570312,-1.6013257503509521,0.9504541158676147
1773048768,590296715,world,cf231,-2.623117685317993,-1.5974276065826416,0.9651076793670654
1773048768,590296715,world,cf231_leg,-2.6195991039276123,-1.6011747121810913,0.950471043586731
1773048768,595974090,world,cf231,-2.6231164932250977,-1.5973076820373535,0.9651509523391724
1773048768,595974090,world,cf231_leg,-2.6196203231811523,-1.6011226177215576,0.9504790306091309
1773048768,600455600,world,cf231,-2.623051166534424,-1.5972238779067993,0.9651793241500854
1773048768,600455600,world,cf231_leg,-2.6196157932281494,-1.6010514497756958,0.9505188465118408
1773048768,605618576,world,cf231,-2.6231539249420166,-1.5971779823303223,0.9652040004730225
1773048768,605618576,world,cf231_leg,-2.6195483207702637,-1.601041316986084,0.9505833387374878
1773048768,610431352,world,cf231,-2.62323260307312,-1.5971523523330688,0.965369701385498
1773048768,610431352,world,cf231_leg,-2.619493007659912,-1.6009132862091064,0.9505652189254761
1773048768,615628871,world,cf231,-2.6231048107147217,-1.596970558166504,0.9653043746948242
1773048768,615628871,world,cf231_leg,-2.619370460510254,-1.6008228063583374,0.9505863189697266
1773048768,620427481,world,cf231,-2.623084783554077,-1.5969023704528809,0.9653104543685913
1773048768,620427481,world,cf231_leg,-2.619351863861084,-1.6007580757141113,0.9505884647369385
1773048768,625491898,world,cf231,-2.6229238510131836,-1.5966237783432007,0.9653195142745972
1773048768,625491898,world,cf231_leg,-2.619232416152954,-1.60073721408844,0.9505751132965088
1773048768,630371677,world,cf231,-2.622920274734497,-1.5966733694076538,0.965334415435791
1773048768,630371677,world,cf231_leg,-2.619232177734375,-1.6006196737289429,0.9506112337112427
1773048768,637396710,world,cf231,-2.6229090690612793,-1.5966001749038696,0.9654289484024048
1773048768,637396710,world,cf231_leg,-2.619096040725708,-1.6004161834716797,0.9506126642227173
1773048768,641107532,world,cf231,-2.6228299140930176,-1.5965230464935303,0.9654191732406616
1773048768,641107532,world,cf231_leg,-2.6190505027770996,-1.6004027128219604,0.9506571292877197
1773048768,645422852,world,cf231,-2.6227080821990967,-1.5963795185089111,0.965420126914978
1773048768,645422852,world,cf231_leg,-2.6190333366394043,-1.6002885103225708,0.9506655931472778
1773048768,650473892,world,cf231,-2.6226863861083984,-1.596240758895874,0.9654573202133179
1773048768,650473892,world,cf231_leg,-2.6189396381378174,-1.6002657413482666,0.9506030082702637
1773048768,655427108,world,cf231,-2.6225194931030273,-1.596157431602478,0.9654889106750488
1773048768,655427108,world,cf231_leg,-2.6187875270843506,-1.6000183820724487,0.9506003856658936
1773048768,661333347,world,cf231,-2.622462511062622,-1.5960748195648193,0.9654579162597656
1773048768,661333347,world,cf231_leg,-2.6187963485717773,-1.5999910831451416,0.9506686925888062
1773048768,665313198,world,cf231,-2.6222798824310303,-1.5959209203720093,0.9654473066329956
1773048768,665313198,world,cf231_leg,-2.6188058853149414,-1.599957823753357,0.950893759727478
1773048768,670552684,world,cf231,-2.6221377849578857,-1.5956692695617676,0.9655213356018066
1773048768,670552684,world,cf231_leg,-2.618649959564209,-1.599716067314148,0.9507592916488647
1773048768,675612078,world,cf231,-2.621999979019165,-1.5955768823623657,0.9656440019607544
1773048768,675612078,world,cf231_leg,-2.6184799671173096,-1.5995690822601318,0.9506968259811401
1773048768,680635608,world,cf231,-2.621992826461792,-1.5956228971481323,0.9656696319580078
1773048768,680635608,world,cf231_leg,-2.618513822555542,-1.5995123386383057,0.9507616758346558
1773048768,685759867,world,cf231,-2.621835231781006,-1.5954197645187378,0.965660572052002
1773048768,685759867,world,cf231_leg,-2.61834454536438,-1.5992463827133179,0.9507161378860474
1773048768,690476980,world,cf231,-2.6216955184936523,-1.5951380729675293,0.9656689167022705
1773048768,690476980,world,cf231_leg,-2.618321180343628,-1.5992708206176758,0.9508737325668335
1773048768,695568342,world,cf231,-2.6215295791625977,-1.595055341720581,0.9656985998153687
1773048768,695568342,world,cf231_leg,-2.6182632446289062,-1.5991014242172241,0.9507461786270142
1773048768,701586882,world,cf231,-2.621417284011841,-1.594910740852356,0.9658041000366211
1773048768,701586882,world,cf231_leg,-2.618091106414795,-1.5988349914550781,0.9507265090942383
1773048768,705650551,world,cf231,-2.6213595867156982,-1.5947812795639038,0.9658052921295166
1773048768,705650551,world,cf231_leg,-2.6180059909820557,-1.5986382961273193,0.9507946968078613
1773048768,710362036,world,cf231,-2.6211061477661133,-1.5946241617202759,0.9657154083251953
1773048768,710362036,world,cf231_leg,-2.6178336143493652,-1.5984917879104614,0.9507546424865723
1773048768,715474090,world,cf231,-2.621016502380371,-1.5945467948913574,0.9657896757125854
1773048768,715474090,world,cf231_leg,-2.617745876312256,-1.5983455181121826,0.9508368968963623
1773048768,720220657,world,cf231,-2.620842218399048,-1.5943479537963867,0.9657498598098755
1773048768,720220657,world,cf231_leg,-2.6175758838653564,-1.5981005430221558,0.950809121131897
1773048768,725209663,world,cf231,-2.6206235885620117,-1.5941338539123535,0.9657304286956787
1773048768,725209663,world,cf231_leg,-2.617479085922241,-1.5980772972106934,0.9507721662521362
1773048768,730352337,world,cf231,-2.6205127239227295,-1.5939911603927612,0.9656444787979126
1773048768,730352337,world,cf231_leg,-2.6174731254577637,-1.5978871583938599,0.9508523941040039
1773048768,735798769,world,cf231,-2.620406150817871,-1.5938458442687988,0.9656962156295776
1773048768,735798769,world,cf231_leg,-2.61726975440979,-1.597564697265625,0.9506028890609741
1773048768,740930457,world,cf231,-2.6203012466430664,-1.5937738418579102,0.9657366275787354
1773048768,740930457,world,cf231_leg,-2.617237091064453,-1.5975401401519775,0.9508620500564575
1773048768,745644781,world,cf231,-2.6200146675109863,-1.5934343338012695,0.9656323194503784
1773048768,745644781,world,cf231_leg,-2.6170828342437744,-1.597297191619873,0.9507061243057251
1773048768,750482459,world,cf231,-2.6198313236236572,-1.59328293800354,0.9656411409378052
1773048768,750482459,world,cf231_leg,-2.6169593334198,-1.5972126722335815,0.9505702257156372
1773048768,755559628,world,cf231,-2.619661808013916,-1.5930815935134888,0.96573805809021
1773048768,755559628,world,cf231_leg,-2.6168055534362793,-1.5969980955123901,0.9508655071258545
1773048768,760826775,world,cf231,-2.6195907592773438,-1.5929559469223022,0.965681791305542
1773048768,760826775,world,cf231_leg,-2.616783857345581,-1.59687340259552,0.950570821762085
1773048768,765655971,world,cf231,-2.6193394660949707,-1.5926786661148071,0.965606689453125
1773048768,765655971,world,cf231_leg,-2.6166775226593018,-1.596728801727295,0.9506304264068604
1773048768,770774272,world,cf231,-2.61922025680542,-1.5925378799438477,0.9655989408493042
1773048768,770774272,world,cf231_leg,-2.616579294204712,-1.5966562032699585,0.9506235122680664
1773048768,776971415,world,cf231,-2.618971347808838,-1.5921411514282227,0.9655379056930542
1773048768,776971415,world,cf231_leg,-2.616433620452881,-1.5964574813842773,0.9505436420440674
1773048768,780475091,world,cf231,-2.618858814239502,-1.592072606086731,0.965465784072876
1773048768,780475091,world,cf231_leg,-2.6163666248321533,-1.5963939428329468,0.950789213180542
1773048768,785531887,world,cf231,-2.618630886077881,-1.591905951499939,0.9654951095581055
1773048768,785531887,world,cf231_leg,-2.616281032562256,-1.5962471961975098,0.9508488178253174
1773048768,790522728,world,cf231,-2.6184401512145996,-1.5915335416793823,0.9655680656433105
1773048768,790522728,world,cf231_leg,-2.6160693168640137,-1.5959960222244263,0.9506782293319702
1773048768,795285911,world,cf231,-2.6181509494781494,-1.5913132429122925,0.9654495716094971
1773048768,795285911,world,cf231_leg,-2.6160316467285156,-1.595865249633789,0.9506856203079224
1773048768,800407291,world,cf231,-2.618065118789673,-1.5909994840621948,0.9653856754302979
1773048768,800407291,world,cf231_leg,-2.615863800048828,-1.5956698656082153,0.9506251811981201
1773048768,805917383,world,cf231,-2.6178555488586426,-1.5908268690109253,0.9654227495193481
1773048768,805917383,world,cf231_leg,-2.6156654357910156,-1.5954054594039917,0.9506527185440063
1773048768,810462126,world,cf231,-2.6176581382751465,-1.5906068086624146,0.9653823375701904
1773048768,810462126,world,cf231_leg,-2.61559796333313,-1.595402479171753,0.9505561590194702
1773048768,815473137,world,cf231,-2.6174073219299316,-1.5903300046920776,0.9653054475784302
1773048768,815473137,world,cf231_leg,-2.615412712097168,-1.5950229167938232,0.9505149126052856
1773048768,821357160,world,cf231,-2.6171491146087646,-1.5900993347167969,0.9652531147003174
1773048768,821357160,world,cf231_leg,-2.6151795387268066,-1.5947039127349854,0.9503554105758667
1773048768,825370770,world,cf231,-2.6168246269226074,-1.589816927909851,0.9651036262512207
1773048768,825370770,world,cf231_leg,-2.6151273250579834,-1.594689130783081,0.9504523277282715
1773048768,830493353,world,cf231,-2.6165339946746826,-1.5894765853881836,0.9650275707244873
1773048768,830493353,world,cf231_leg,-2.6150035858154297,-1.5943191051483154,0.9503971338272095
1773048768,836117457,world,cf231,-2.616279363632202,-1.5892459154129028,0.9649472236633301
1773048768,836117457,world,cf231_leg,-2.614750385284424,-1.5941226482391357,0.9502159357070923
1773048768,842091185,world,cf231,-2.6160247325897217,-1.5889687538146973,0.9648984670639038
1773048768,842091185,world,cf231_leg,-2.6146857738494873,-1.5939929485321045,0.9502748250961304
1773048768,846006311,world,cf231,-2.615846633911133,-1.5886973142623901,0.9648935794830322
1773048768,846006311,world,cf231_leg,-2.614572048187256,-1.5937420129776,0.9501054286956787
1773048768,851221955,world,cf231,-2.6156301498413086,-1.5884820222854614,0.9648475646972656
1773048768,851221955,world,cf231_leg,-2.6144332885742188,-1.5935531854629517,0.9503062963485718
1773048768,855806612,world,cf231,-2.615414619445801,-1.5882678031921387,0.9647985696792603
1773048768,855806612,world,cf231_leg,-2.6143341064453125,-1.5934102535247803,0.9503116607666016
1773048768,861654830,world,cf231,-2.615215539932251,-1.5880460739135742,0.9647625684738159
1773048768,861654830,world,cf231_leg,-2.614179849624634,-1.5931670665740967,0.9501547813415527
1773048768,866007401,world,cf231,-2.615058660507202,-1.5878435373306274,0.9647496938705444
1773048768,866007401,world,cf231_leg,-2.6140894889831543,-1.5929769277572632,0.9501110315322876
1773048768,870686151,world,cf231,-2.6147825717926025,-1.5876158475875854,0.9646698236465454
1773048768,870686151,world,cf231_leg,-2.6139495372772217,-1.5927722454071045,0.9501392841339111
1773048768,875916395,world,cf231,-2.6145572662353516,-1.587283730506897,0.9645547866821289
1773048768,875916395,world,cf231_leg,-2.6138229370117188,-1.5925294160842896,0.9497388601303101
1773048768,880398081,world,cf231,-2.614320993423462,-1.5870007276535034,0.9645129442214966
1773048768,880398081,world,cf231_leg,-2.6138222217559814,-1.5924113988876343,0.949776291847229
1773048768,885428696,world,cf231,-2.614105701446533,-1.5867868661880493,0.9644620418548584
1773048768,885428696,world,cf231_leg,-2.613664388656616,-1.5923289060592651,0.9497600793838501
1773048768,891830619,world,cf231,-2.6138722896575928,-1.586503267288208,0.9643933773040771
1773048768,891830619,world,cf231_leg,-2.6135830879211426,-1.592022180557251,0.9496756792068481
1773048768,895518090,world,cf231,-2.613621234893799,-1.5862265825271606,0.9643139839172363
1773048768,895518090,world,cf231_leg,-2.613574981689453,-1.5918604135513306,0.9496355056762695
1773048768,900360660,world,cf231,-2.613429069519043,-1.5860804319381714,0.9642311334609985
1773048768,900360660,world,cf231_leg,-2.6134631633758545,-1.5917222499847412,0.9495832920074463
1773048768,905569427,world,cf231,-2.613250255584717,-1.5858079195022583,0.9642285108566284
1773048768,905569427,world,cf231_leg,-2.6133317947387695,-1.59135901927948,0.9494388103485107
1773048768,910771791,world,cf231,-2.612985134124756,-1.5855345726013184,0.9640922546386719
1773048768,910771791,world,cf231_leg,-2.613262891769409,-1.5911861658096313,0.9493931531906128
1773048768,915394263,world,cf231,-2.612715244293213,-1.5852599143981934,0.9639880657196045
1773048768,915394263,world,cf231_leg,-2.6131162643432617,-1.5909868478775024,0.9493131637573242
1773048768,920301290,world,cf231,-2.612551689147949,-1.5851041078567505,0.9639981985092163
1773048768,920301290,world,cf231_leg,-2.6130425930023193,-1.5906314849853516,0.9491838216781616
1773048768,925576456,world,cf231,-2.6122052669525146,-1.5847941637039185,0.9639954566955566
1773048768,925576456,world,cf231_leg,-2.612880229949951,-1.5904295444488525,0.9492332935333252
1773048768,930562889,world,cf231,-2.6120498180389404,-1.5845470428466797,0.9638206958770752
1773048768,930562889,world,cf231_leg,-2.6128649711608887,-1.590203046798706,0.9490965604782104
1773048768,935350565,world,cf231,-2.611766815185547,-1.5842467546463013,0.9638038873672485
1773048768,935350565,world,cf231_leg,-2.612799644470215,-1.590024709701538,0.9491833448410034
1773048768,941344232,world,cf231,-2.6115691661834717,-1.5840561389923096,0.9636152982711792
1773048768,941344232,world,cf231_leg,-2.612712860107422,-1.5897279977798462,0.9488126039505005
1773048768,945276286,world,cf231,-2.611443519592285,-1.5837671756744385,0.9636597633361816
1773048768,945276286,world,cf231_leg,-2.612675905227661,-1.5895403623580933,0.9489883184432983
1773048768,950467243,world,cf231,-2.6111714839935303,-1.583417534828186,0.9635703563690186
1773048768,950467243,world,cf231_leg,-2.6125588417053223,-1.5892404317855835,0.9488706588745117
1773048768,955295665,world,cf231,-2.61116623878479,-1.5833040475845337,0.9634908437728882
1773048768,955295665,world,cf231_leg,-2.6125717163085938,-1.5890743732452393,0.9488129615783691
1773048768,960382616,world,cf231,-2.6108949184417725,-1.5830278396606445,0.9633899927139282
1773048768,960382616,world,cf231_leg,-2.612502098083496,-1.5888241529464722,0.948251485824585
1773048768,965596259,world,cf231,-2.610710382461548,-1.5827100276947021,0.9632829427719116
1773048768,965596259,world,cf231_leg,-2.6125380992889404,-1.5887144804000854,0.9484968185424805
1773048768,970171587,world,cf231,-2.610586166381836,-1.5824525356292725,0.9631751775741577
1773048768,970171587,world,cf231_leg,-2.6125619411468506,-1.5885523557662964,0.9481661319732666
1773048768,975383892,world,cf231,-2.610412120819092,-1.5821387767791748,0.9629998207092285
1773048768,975383892,world,cf231_leg,-2.6124753952026367,-1.5883631706237793,0.9480937719345093
1773048768,980337164,world,cf231,-2.6104989051818848,-1.5820249319076538,0.9630016088485718
1773048768,980337164,world,cf231_leg,-2.6125686168670654,-1.5882048606872559,0.9480447769165039
1773048768,986371766,world,cf231,-2.6102206707000732,-1.5816364288330078,0.9628443717956543
1773048768,986371766,world,cf231_leg,-2.6124753952026367,-1.5879729986190796,0.9478904008865356
1773048768,990359674,world,cf231,-2.610206127166748,-1.581400990486145,0.96286940574646
1773048768,990359674,world,cf231_leg,-2.6124603748321533,-1.5877881050109863,0.9478871822357178
1773048768,995942882,world,cf231,-2.6101348400115967,-1.5811599493026733,0.9626808166503906
1773048768,995942882,world,cf231_leg,-2.612414836883545,-1.5875167846679688,0.9478693008422852
1773048769,819819,world,cf231,-2.6100587844848633,-1.5809136629104614,0.9626941680908203
1773048769,819819,world,cf231_leg,-2.612339735031128,-1.587280035018921,0.9477237462997437
1773048769,6063435,world,cf231,-2.6100339889526367,-1.5805667638778687,0.9625023603439331
1773048769,6063435,world,cf231_leg,-2.612321376800537,-1.587094783782959,0.9477455615997314
1773048769,11773174,world,cf231,-2.6100034713745117,-1.5802174806594849,0.9623458385467529
1773048769,11773174,world,cf231_leg,-2.6121933460235596,-1.5866808891296387,0.9475855827331543
1773048769,15756015,world,cf231,-2.6099181175231934,-1.5800226926803589,0.9622386693954468
1773048769,15756015,world,cf231_leg,-2.6122357845306396,-1.5865825414657593,0.9474436044692993
1773048769,20462369,world,cf231,-2.6098856925964355,-1.5796749591827393,0.962105393409729
1773048769,20462369,world,cf231_leg,-2.6123037338256836,-1.5862411260604858,0.9472954273223877
1773048769,25936449,world,cf231,-2.61006760597229,-1.5794708728790283,0.9620543718338013
1773048769,25936449,world,cf231_leg,-2.612359046936035,-1.5860460996627808,0.9470857381820679
1773048769,30382987,world,cf231,-2.6101911067962646,-1.5793282985687256,0.9619566202163696
1773048769,30382987,world,cf231_leg,-2.612412929534912,-1.585780143737793,0.9468907117843628
1773048769,35667917,world,cf231,-2.6101434230804443,-1.5790324211120605,0.9617573022842407
1773048769,35667917,world,cf231_leg,-2.6125223636627197,-1.5856401920318604,0.9466986656188965
1773048769,40542657,world,cf231,-2.6100783348083496,-1.5786513090133667,0.9614200592041016
1773048769,40542657,world,cf231_leg,-2.6125495433807373,-1.5855052471160889,0.9463887214660645
1773048769,45691897,world,cf231,-2.61014986038208,-1.5783346891403198,0.9611315727233887
1773048769,45691897,world,cf231_leg,-2.6125988960266113,-1.5852652788162231,0.9460811614990234
1773048769,50794477,world,cf231,-2.610227108001709,-1.5780894756317139,0.9607816934585571
1773048769,50794477,world,cf231_leg,-2.612727642059326,-1.5851529836654663,0.9457632303237915
1773048769,55317523,world,cf231,-2.610093593597412,-1.5777604579925537,0.960025429725647
1773048769,55317523,world,cf231_leg,-2.6128435134887695,-1.5850311517715454,0.945112943649292
1773048769,60240754,world,cf231,-2.610201120376587,-1.5774953365325928,0.9590997695922852
1773048769,60240754,world,cf231_leg,-2.612900972366333,-1.584793210029602,0.944148063659668
1773048769,65396940,world,cf231,-2.6103670597076416,-1.5772745609283447,0.9580836296081543
1773048769,65396940,world,cf231_leg,-2.612917900085449,-1.5846805572509766,0.9431601762771606
1773048769,71107845,world,cf231,-2.6106555461883545,-1.5771477222442627,0.9572697877883911
1773048769,71107845,world,cf231_leg,-2.6127750873565674,-1.58428955078125,0.9423671960830688
1773048769,75497173,world,cf231,-2.6107118129730225,-1.5766878128051758,0.9563952684402466
1773048769,75497173,world,cf231_leg,-2.612816572189331,-1.5841186046600342,0.9415225982666016
1773048769,80508937,world,cf231,-2.6109204292297363,-1.5766031742095947,0.9551527500152588
1773048769,80508937,world,cf231_leg,-2.6128089427948,-1.583882212638855,0.9401588439941406
1773048769,85805163,world,cf231,-2.610825300216675,-1.5762845277786255,0.9536119699478149
1773048769,85805163,world,cf231_leg,-2.612988233566284,-1.5836533308029175,0.938733696937561
1773048769,90338160,world,cf231,-2.610806703567505,-1.575897455215454,0.9525051116943359
1773048769,90338160,world,cf231_leg,-2.613081932067871,-1.5834324359893799,0.9375247955322266
1773048769,95723534,world,cf231,-2.6110599040985107,-1.5757253170013428,0.9506586790084839
1773048769,95723534,world,cf231_leg,-2.6131272315979004,-1.5832067728042603,0.9354462623596191
1773048769,100474487,world,cf231,-2.6112773418426514,-1.5754501819610596,0.9488515853881836
1773048769,100474487,world,cf231_leg,-2.6131553649902344,-1.5829817056655884,0.934116005897522
1773048769,105451178,world,cf231,-2.6113736629486084,-1.575104832649231,0.9470294713973999
1773048769,105451178,world,cf231_leg,-2.6131715774536133,-1.5829126834869385,0.9317835569381714
1773048769,110619942,world,cf231,-2.611346960067749,-1.574817180633545,0.9448331594467163
1773048769,110619942,world,cf231_leg,-2.613215923309326,-1.5827116966247559,0.9303388595581055
1773048769,115539749,world,cf231,-2.6115050315856934,-1.5747946500778198,0.9427406787872314
1773048769,115539749,world,cf231_leg,-2.6134350299835205,-1.5824915170669556,0.9277912378311157
1773048769,120358451,world,cf231,-2.611776113510132,-1.5743999481201172,0.9405845403671265
1773048769,120358451,world,cf231_leg,-2.6134583950042725,-1.5822014808654785,0.9256365299224854
1773048769,125828756,world,cf231,-2.611992120742798,-1.5742194652557373,0.9376096725463867
1773048769,125828756,world,cf231_leg,-2.613349676132202,-1.581841230392456,0.9229114055633545
1773048769,130530432,world,cf231,-2.611919641494751,-1.573928952217102,0.9353578090667725
1773048769,130530432,world,cf231_leg,-2.6133193969726562,-1.5817382335662842,0.9203851222991943
1773048769,135871312,world,cf231,-2.6121058464050293,-1.5736873149871826,0.9325048923492432
1773048769,135871312,world,cf231_leg,-2.6134912967681885,-1.5815595388412476,0.9173983335494995
1773048769,140726699,world,cf231,-2.6122684478759766,-1.5734635591506958,0.9292219877243042
1773048769,140726699,world,cf231_leg,-2.6136884689331055,-1.5814664363861084,0.914470911026001
1773048769,146433182,world,cf231,-2.6124868392944336,-1.5733449459075928,0.9261277914047241
1773048769,146433182,world,cf231_leg,-2.6137964725494385,-1.5814027786254883,0.911314845085144
1773048769,150826061,world,cf231,-2.6122653484344482,-1.5728960037231445,0.922997236251831
1773048769,150826061,world,cf231_leg,-2.6138410568237305,-1.581005334854126,0.9079626798629761
1773048769,156044008,world,cf231,-2.612602710723877,-1.5727120637893677,0.9194812774658203
1773048769,156044008,world,cf231_leg,-2.613942861557007,-1.580784559249878,0.9046579599380493
1773048769,160442877,world,cf231,-2.6126463413238525,-1.5724132061004639,0.9155312776565552
1773048769,160442877,world,cf231_leg,-2.6138181686401367,-1.5805305242538452,0.9008439779281616
1773048769,166053742,world,cf231,-2.6126632690429688,-1.572166085243225,0.9115958213806152
1773048769,166053742,world,cf231_leg,-2.61405873298645,-1.5804803371429443,0.8970357179641724
1773048769,170634296,world,cf231,-2.6130192279815674,-1.5719958543777466,0.9076613187789917
1773048769,170634296,world,cf231_leg,-2.6142423152923584,-1.5804781913757324,0.892634928226471
1773048769,175844848,world,cf231,-2.612926721572876,-1.5717406272888184,0.9033139944076538
1773048769,175844848,world,cf231_leg,-2.6141695976257324,-1.5802559852600098,0.888499915599823
1773048769,181870136,world,cf231,-2.613041877746582,-1.571499228477478,0.8986877202987671
1773048769,181870136,world,cf231_leg,-2.6143078804016113,-1.5799274444580078,0.8838531374931335
1773048769,186410313,world,cf231,-2.613264799118042,-1.5712230205535889,0.8941502571105957
1773048769,186410313,world,cf231_leg,-2.614173173904419,-1.5796054601669312,0.8792170882225037
1773048769,191415654,world,cf231,-2.613243818283081,-1.5709630250930786,0.889230489730835
1773048769,191415654,world,cf231_leg,-2.61438250541687,-1.5795403718948364,0.8745788335800171
1773048769,196037240,world,cf231,-2.6135590076446533,-1.5706617832183838,0.8840125799179077
1773048769,196037240,world,cf231_leg,-2.6144800186157227,-1.5795655250549316,0.8695518374443054
1773048769,200770652,world,cf231,-2.6135149002075195,-1.5705158710479736,0.8789663314819336
1773048769,200770652,world,cf231_leg,-2.6145033836364746,-1.5792511701583862,0.8643166422843933
1773048769,205800326,world,cf231,-2.613762378692627,-1.5703188180923462,0.8738555908203125
1773048769,205800326,world,cf231_leg,-2.614511251449585,-1.579026699066162,0.858787477016449
1773048769,210815365,world,cf231,-2.613633394241333,-1.5699610710144043,0.8676233291625977
1773048769,210815365,world,cf231_leg,-2.6144933700561523,-1.5786998271942139,0.8534196615219116
1773048769,216196482,world,cf231,-2.6138832569122314,-1.5696712732315063,0.8621693849563599
1773048769,216196482,world,cf231_leg,-2.6147968769073486,-1.5787311792373657,0.8474346995353699
1773048769,220751524,world,cf231,-2.613861322402954,-1.5695298910140991,0.8558423519134521
1773048769,220751524,world,cf231_leg,-2.6148009300231934,-1.5784640312194824,0.8417722582817078
1773048769,225857889,world,cf231,-2.6141443252563477,-1.5693767070770264,0.8499939441680908
1773048769,225857889,world,cf231_leg,-2.6147620677948,-1.5781357288360596,0.8351578116416931
1773048769,231196120,world,cf231,-2.614030122756958,-1.5691142082214355,0.8435447216033936
1773048769,231196120,world,cf231_leg,-2.614867925643921,-1.5780725479125977,0.8289787173271179
1773048769,236285716,world,cf231,-2.6141855716705322,-1.5688343048095703,0.8368833065032959
1773048769,236285716,world,cf231_leg,-2.614978313446045,-1.5780619382858276,0.8225589394569397
1773048769,240545879,world,cf231,-2.6142826080322266,-1.568658471107483,0.8299590349197388
1773048769,240545879,world,cf231_leg,-2.6151983737945557,-1.577878713607788,0.8156817555427551
1773048769,246358479,world,cf231,-2.614394187927246,-1.5684034824371338,0.8231796026229858
1773048769,246358479,world,cf231_leg,-2.6150054931640625,-1.5775038003921509,0.8087015748023987
1773048769,251183486,world,cf231,-2.6145081520080566,-1.568101167678833,0.8160731792449951
1773048769,251183486,world,cf231_leg,-2.6152305603027344,-1.5774469375610352,0.8014300465583801
1773048769,258154109,world,cf231,-2.6144983768463135,-1.5678741931915283,0.8082867860794067
1773048769,258154109,world,cf231_leg,-2.615056276321411,-1.5772234201431274,0.7939011454582214
1773048769,262381033,world,cf231,-2.614755630493164,-1.5679187774658203,0.8006293773651123
1773048769,262381033,world,cf231_leg,-2.6152091026306152,-1.577007532119751,0.7862727046012878
1773048769,266086148,world,cf231,-2.614655017852783,-1.5674937963485718,0.7928751707077026
1773048769,266086148,world,cf231_leg,-2.615398645401001,-1.5769511461257935,0.7788450121879578
1773048769,271623696,world,cf231,-2.614722728729248,-1.5671501159667969,0.7850875854492188
1773048769,271623696,world,cf231_leg,-2.615457534790039,-1.5769102573394775,0.7703770399093628
1773048769,277601062,world,cf231,-2.6149096488952637,-1.567105770111084,0.7770025730133057
1773048769,277601062,world,cf231_leg,-2.615318536758423,-1.5765401124954224,0.7621299624443054
1773048769,281041900,world,cf231,-2.6149353981018066,-1.5667659044265747,0.768589973449707
1773048769,281041900,world,cf231_leg,-2.6155283451080322,-1.5763057470321655,0.7540807127952576
1773048769,287242711,world,cf231,-2.6150379180908203,-1.566579818725586,0.7597630023956299
1773048769,287242711,world,cf231_leg,-2.615553379058838,-1.5763105154037476,0.7451907396316528
1773048769,291053692,world,cf231,-2.6150875091552734,-1.5664561986923218,0.7508044242858887
1773048769,291053692,world,cf231_leg,-2.615407705307007,-1.5760356187820435,0.73613041639328
1773048769,296480236,world,cf231,-2.6149227619171143,-1.5660933256149292,0.7414251565933228
1773048769,296480236,world,cf231_leg,-2.615602493286133,-1.575751543045044,0.7271724343299866
1773048769,300463294,world,cf231,-2.6149709224700928,-1.5657566785812378,0.7320423126220703
1773048769,300463294,world,cf231_leg,-2.615878105163574,-1.5759106874465942,0.7179272770881653
1773048769,305385330,world,cf231,-2.615244150161743,-1.5658818483352661,0.7226517200469971
1773048769,305385330,world,cf231_leg,-2.6158368587493896,-1.5754687786102295,0.7086725831031799
1773048769,310583970,world,cf231,-2.615112781524658,-1.5654653310775757,0.7130728960037231
1773048769,310583970,world,cf231_leg,-2.6155993938446045,-1.5754265785217285,0.6984834671020508
1773048769,315418119,world,cf231,-2.6149685382843018,-1.5651980638504028,0.7029008865356445
1773048769,315418119,world,cf231_leg,-2.616008996963501,-1.5754791498184204,0.6888796091079712
1773048769,320416688,world,cf231,-2.615241050720215,-1.5652263164520264,0.69279944896698
1773048769,320416688,world,cf231_leg,-2.6159794330596924,-1.5750418901443481,0.6787045001983643
1773048769,325508343,world,cf231,-2.615239143371582,-1.5648572444915771,0.6824547052383423
1773048769,325508343,world,cf231_leg,-2.615980386734009,-1.5750044584274292,0.6679099798202515
1773048769,330360426,world,cf231,-2.6152360439300537,-1.5646575689315796,0.6715908050537109
1773048769,330360426,world,cf231_leg,-2.616081714630127,-1.5748696327209473,0.6576526761054993
1773048769,337063475,world,cf231,-2.6151554584503174,-1.5646119117736816,0.6610593795776367
1773048769,337063475,world,cf231_leg,-2.615989923477173,-1.574574589729309,0.6470054388046265
1773048769,340258999,world,cf231,-2.615006446838379,-1.5641416311264038,0.6494932174682617
1773048769,340258999,world,cf231_leg,-2.6161715984344482,-1.5746495723724365,0.6359800100326538
1773048769,346003494,world,cf231,-2.6151812076568604,-1.5641003847122192,0.638822078704834
1773048769,346003494,world,cf231_leg,-2.616086006164551,-1.5744158029556274,0.6246539950370789
1773048769,350522440,world,cf231,-2.6153030395507812,-1.5639564990997314,0.6270956993103027
1773048769,350522440,world,cf231_leg,-2.616222858428955,-1.574258804321289,0.612906277179718
1773048769,355515001,world,cf231,-2.6150834560394287,-1.5635838508605957,0.6157052516937256
1773048769,355515001,world,cf231_leg,-2.616346597671509,-1.5742107629776,0.6015677452087402
1773048769,360343330,world,cf231,-2.615200996398926,-1.563726544380188,0.6036500930786133
1773048769,360343330,world,cf231_leg,-2.616121530532837,-1.573821783065796,0.5895649790763855
1773048769,365484139,world,cf231,-2.614961862564087,-1.563199520111084,0.5910217761993408
1773048769,365484139,world,cf231_leg,-2.616363763809204,-1.5740286111831665,0.5777325630187988
1773048769,370501598,world,cf231,-2.615020990371704,-1.5633119344711304,0.5787390470504761
1773048769,370501598,world,cf231_leg,-2.6161980628967285,-1.573485016822815,0.5652008652687073
1773048769,375487795,world,cf231,-2.61498761177063,-1.5631359815597534,0.5664635896682739
1773048769,375487795,world,cf231_leg,-2.616415023803711,-1.5735208988189697,0.5527846217155457
1773048769,380473416,world,cf231,-2.614926815032959,-1.562743902206421,0.5537713766098022
1773048769,380473416,world,cf231_leg,-2.6163432598114014,-1.5732955932617188,0.5398615002632141
1773048769,385478015,world,cf231,-2.6151280403137207,-1.562749981880188,0.5408684015274048
1773048769,385478015,world,cf231_leg,-2.616121768951416,-1.5732327699661255,0.5263517498970032
1773048769,390355021,world,cf231,-2.6151368618011475,-1.5624784231185913,0.5276907682418823
1773048769,390355021,world,cf231_leg,-2.6162376403808594,-1.5730899572372437,0.5136379599571228
1773048769,395832907,world,cf231,-2.615065336227417,-1.5625139474868774,0.5142363905906677
1773048769,395832907,world,cf231_leg,-2.6163136959075928,-1.5726944208145142,0.5002802610397339
1773048769,400416116,world,cf231,-2.6149723529815674,-1.5621538162231445,0.5003933906555176
1773048769,400416116,world,cf231_leg,-2.6162655353546143,-1.5729668140411377,0.4864007532596588
1773048769,405328934,world,cf231,-2.6149020195007324,-1.56199049949646,0.486625611782074
1773048769,405328934,world,cf231_leg,-2.6162221431732178,-1.572437047958374,0.47287026047706604
1773048769,410464812,world,cf231,-2.6150262355804443,-1.561909794807434,0.47285592555999756
1773048769,410464812,world,cf231_leg,-2.6162567138671875,-1.5724931955337524,0.4587502181529999
1773048769,415495506,world,cf231,-2.614895820617676,-1.5616428852081299,0.4583247900009155
1773048769,415495506,world,cf231_leg,-2.6161861419677734,-1.572114109992981,0.44426098465919495
1773048769,420356664,world,cf231,-2.614960193634033,-1.561711311340332,0.4436684250831604
1773048769,420356664,world,cf231_leg,-2.6164743900299072,-1.5722970962524414,0.42994245886802673
1773048769,425319879,world,cf231,-2.6148884296417236,-1.5612163543701172,0.428896427154541
1773048769,425319879,world,cf231_leg,-2.6162831783294678,-1.571790337562561,0.41529330611228943
1773048769,430369194,world,cf231,-2.614901065826416,-1.561432957649231,0.4139297902584076
1773048769,430369194,world,cf231_leg,-2.616436243057251,-1.5719006061553955,0.4002355635166168
1773048769,435655876,world,cf231,-2.61484956741333,-1.5611768960952759,0.398798406124115
1773048769,435655876,world,cf231_leg,-2.616518497467041,-1.5714904069900513,0.38518449664115906
1773048769,440552124,world,cf231,-2.6149978637695312,-1.5613654851913452,0.38381728529930115
1773048769,440552124,world,cf231_leg,-2.6165616512298584,-1.571729302406311,0.3701278567314148
1773048769,445546637,world,cf231,-2.614851951599121,-1.5609993934631348,0.3675838112831116
1773048769,445546637,world,cf231_leg,-2.616405487060547,-1.5712108612060547,0.3537094295024872
1773048769,450327038,world,cf231,-2.614917755126953,-1.5611578226089478,0.3520454168319702
1773048769,450327038,world,cf231_leg,-2.616676092147827,-1.5714750289916992,0.33876118063926697
1773048769,455434602,world,cf231,-2.6149370670318604,-1.5608731508255005,0.33556872606277466
1773048769,455434602,world,cf231_leg,-2.6162798404693604,-1.5709114074707031,0.32209163904190063
1773048769,460798287,world,cf231,-2.6149189472198486,-1.5608549118041992,0.3195212483406067
1773048769,460798287,world,cf231_leg,-2.6164493560791016,-1.571099042892456,0.306382417678833
1773048769,466185478,world,cf231,-2.6149191856384277,-1.5608553886413574,0.3027980625629425
1773048769,466185478,world,cf231_leg,-2.616102933883667,-1.5706677436828613,0.28915566205978394
1773048769,470478760,world,cf231,-2.61491060256958,-1.5607742071151733,0.28629809617996216
1773048769,470478760,world,cf231_leg,-2.6161270141601562,-1.5705944299697876,0.2726902961730957
1773048769,475368629,world,cf231,-2.61480450630188,-1.560664415359497,0.26904296875
1773048769,475368629,world,cf231_leg,-2.616089105606079,-1.5701076984405518,0.2559567391872406
1773048769,480357851,world,cf231,-2.6147916316986084,-1.5606144666671753,0.2522527575492859
1773048769,480357851,world,cf231_leg,-2.6164302825927734,-1.5704065561294556,0.23879802227020264
1773048769,485470424,world,cf231,-2.6148457527160645,-1.5605731010437012,0.23475675284862518
1773048769,485470424,world,cf231_leg,-2.616285800933838,-1.5698676109313965,0.22146925330162048
1773048769,490612952,world,cf231,-2.6148900985717773,-1.5605039596557617,0.2170717418193817
1773048769,490612952,world,cf231_leg,-2.6164395809173584,-1.5701241493225098,0.20411905646324158
1773048769,495363346,world,cf231,-2.614945650100708,-1.5606861114501953,0.19932256639003754
1773048769,495363346,world,cf231_leg,-2.6160457134246826,-1.5696470737457275,0.18621444702148438
1773048769,500474913,world,cf231,-2.615037202835083,-1.560550570487976,0.18105857074260712
1773048769,500474913,world,cf231_leg,-2.616166114807129,-1.5696762800216675,0.1681218147277832
1773048769,506671544,world,cf231,-2.615234613418579,-1.5607730150222778,0.16296187043190002
1773048769,506671544,world,cf231_leg,-2.616177797317505,-1.5695388317108154,0.14977681636810303
1773048769,510284843,world,cf231,-2.6149983406066895,-1.560451626777649,0.14429225027561188
1773048769,510284843,world,cf231_leg,-2.61625337600708,-1.5695074796676636,0.13146626949310303
1773048769,515390185,world,cf231,-2.61517596244812,-1.5608007907867432,0.1261616349220276
1773048769,515390185,world,cf231_leg,-2.6161534786224365,-1.5692212581634521,0.11298621445894241
1773048769,520406394,world,cf231,-2.6150193214416504,-1.5606144666671753,0.1068352535367012
1773048769,520406394,world,cf231_leg,-2.6159403324127197,-1.568835973739624,0.09415406733751297
1773048769,525421013,world,cf231,-2.6152827739715576,-1.560843586921692,0.08791959285736084
1773048769,525421013,world,cf231_leg,-2.616189956665039,-1.5689761638641357,0.07552433758974075
1773048769,530328695,world,cf231,-2.6151537895202637,-1.5605621337890625,0.06857092678546906
1773048769,530328695,world,cf231_leg,-2.6160433292388916,-1.5686416625976562,0.056267671287059784
1773048769,535420111,world,cf231,-2.615379810333252,-1.561116337776184,0.05079794302582741
1773048769,535420111,world,cf231_leg,-2.616041421890259,-1.568711280822754,0.03651026636362076
1773048769,540415107,world,cf231,-2.616459369659424,-1.5608667135238647,0.04849604517221451
1773048769,540415107,world,cf231_leg,-2.6159861087799072,-1.5686500072479248,0.019314251840114594
1773048769,545529987,world,cf231,-2.61853289604187,-1.560954213142395,0.049645956605672836
1773048769,545529987,world,cf231_leg,-2.616732597351074,-1.571179747581482,0.021591074764728546
1773048769,550650974,world,cf231,-2.6162500381469727,-1.5615757703781128,0.050999924540519714
1773048769,550650974,world,cf231_leg,-2.6182057857513428,-1.5739593505859375,0.03215143829584122
1773048769,555320514,world,cf231,-2.61659836769104,-1.5629984140396118,0.05497230589389801
1773048769,555320514,world,cf231_leg,-2.61973237991333,-1.5759116411209106,0.04166465252637863
1773048769,560573591,world,cf231,-2.617846727371216,-1.5660430192947388,0.06537170708179474
1773048769,560573591,world,cf231_leg,-2.6214230060577393,-1.5785317420959473,0.05207834392786026
1773048769,565778224,world,cf231,-2.615079879760742,-1.5688389539718628,0.07481712102890015
1773048769,565778224,world,cf231_leg,-2.622976303100586,-1.5814231634140015,0.061214469373226166
1773048769,570440118,world,cf231,-2.612504005432129,-1.5713329315185547,0.08486837148666382
1773048769,570440118,world,cf231_leg,-2.623810291290283,-1.584147334098816,0.07021831721067429
1773048769,575377593,world,cf231,-2.611593008041382,-1.573970079421997,0.09367707371711731
1773048769,575377593,world,cf231_leg,-2.6256072521209717,-1.5867904424667358,0.07984892278909683
1773048769,580419628,world,cf231,-2.611591339111328,-1.5767275094985962,0.10266933590173721
1773048769,580419628,world,cf231_leg,-2.6268668174743652,-1.5892068147659302,0.08764883130788803
1773048769,585447768,world,cf231,-2.6112799644470215,-1.5797526836395264,0.11068332195281982
1773048769,585447768,world,cf231_leg,-2.6283960342407227,-1.5917943716049194,0.09636304527521133
1773048769,590444241,world,cf231,-2.6106138229370117,-1.5825750827789307,0.11894433945417404
1773048769,590444241,world,cf231_leg,-2.6300833225250244,-1.5945948362350464,0.10435137897729874
1773048769,595336021,world,cf231,-2.609560251235962,-1.5851155519485474,0.12746578454971313
1773048769,595336021,world,cf231_leg,-2.631322145462036,-1.5973798036575317,0.11196135729551315
1773048769,600742698,world,cf231,-2.6083359718322754,-1.587284803390503,0.135147824883461
1773048769,600742698,world,cf231_leg,-2.63274884223938,-1.5999388694763184,0.11988041549921036
1773048769,605352550,world,cf231,-2.607252836227417,-1.589677095413208,0.14269575476646423
1773048769,605352550,world,cf231_leg,-2.6340901851654053,-1.6020203828811646,0.12696439027786255
1773048769,610261640,world,cf231,-2.606337785720825,-1.5924677848815918,0.14976760745048523
1773048769,610261640,world,cf231_leg,-2.6355676651000977,-1.6048152446746826,0.13376042246818542
1773048769,615398974,world,cf231,-2.6054792404174805,-1.5950820446014404,0.1571509838104248
1773048769,615398974,world,cf231_leg,-2.6371171474456787,-1.6076440811157227,0.14081025123596191
1773048769,620497243,world,cf231,-2.6049420833587646,-1.5977286100387573,0.1643829345703125
1773048769,620497243,world,cf231_leg,-2.638308048248291,-1.6100610494613647,0.14705181121826172
1773048769,625354523,world,cf231,-2.604081153869629,-1.6002888679504395,0.17065086960792542
1773048769,625354523,world,cf231_leg,-2.639371156692505,-1.612360954284668,0.15305137634277344
1773048769,630554031,world,cf231,-2.6029603481292725,-1.6026160717010498,0.177582249045372
1773048769,630554031,world,cf231_leg,-2.641021490097046,-1.6150954961776733,0.15899714827537537
1773048769,635275037,world,cf231,-2.602004289627075,-1.6051442623138428,0.1836155503988266
1773048769,635275037,world,cf231_leg,-2.642547130584717,-1.6178960800170898,0.16483312845230103
1773048769,640479540,world,cf231,-2.601041078567505,-1.607764482498169,0.18956327438354492
1773048769,640479540,world,cf231_leg,-2.6435508728027344,-1.6201566457748413,0.16983407735824585
1773048769,645480346,world,cf231,-2.600403070449829,-1.6105395555496216,0.19540007412433624
1773048769,645480346,world,cf231_leg,-2.644916296005249,-1.6227672100067139,0.17483305931091309
1773048769,650502146,world,cf231,-2.5996038913726807,-1.6128654479980469,0.20128560066223145
1773048769,650502146,world,cf231_leg,-2.64662504196167,-1.6256414651870728,0.18044790625572205
1773048769,655338082,world,cf231,-2.598588705062866,-1.6152946949005127,0.20672205090522766
1773048769,655338082,world,cf231_leg,-2.6477060317993164,-1.6280122995376587,0.18481603264808655
1773048769,660513702,world,cf231,-2.597764492034912,-1.6179845333099365,0.21194149553775787
1773048769,660513702,world,cf231_leg,-2.6488468647003174,-1.6304080486297607,0.18907710909843445
1773048769,665659274,world,cf231,-2.5969932079315186,-1.6206481456756592,0.21697132289409637
1773048769,665659274,world,cf231_leg,-2.6503548622131348,-1.6331602334976196,0.19331946969032288
1773048769,670493905,world,cf231,-2.5962729454040527,-1.6231517791748047,0.22191202640533447
1773048769,670493905,world,cf231_leg,-2.6516897678375244,-1.6357262134552002,0.1973661482334137
1773048769,675673369,world,cf231,-2.5953140258789062,-1.6254829168319702,0.22586925327777863
1773048769,675673369,world,cf231_leg,-2.652892827987671,-1.6381053924560547,0.20056962966918945
1773048769,680328090,world,cf231,-2.594606637954712,-1.627976417541504,0.2302011400461197
1773048769,680328090,world,cf231_leg,-2.6543853282928467,-1.6409283876419067,0.2047801911830902
1773048769,685497741,world,cf231,-2.593803882598877,-1.6307401657104492,0.2341901957988739
1773048769,685497741,world,cf231_leg,-2.6555798053741455,-1.6434078216552734,0.2072344720363617
1773048769,690835823,world,cf231,-2.5932254791259766,-1.6332114934921265,0.23850847780704498
1773048769,690835823,world,cf231_leg,-2.656689167022705,-1.6457860469818115,0.20988091826438904
1773048769,695482489,world,cf231,-2.5921120643615723,-1.635576605796814,0.24185112118721008
1773048769,695482489,world,cf231_leg,-2.6582541465759277,-1.6486544609069824,0.2131778597831726
1773048769,700375675,world,cf231,-2.5914571285247803,-1.6381337642669678,0.24500834941864014
1773048769,700375675,world,cf231_leg,-2.659421443939209,-1.650926113128662,0.21517351269721985
1773048769,705314489,world,cf231,-2.591017246246338,-1.6408551931381226,0.2486167550086975
1773048769,705314489,world,cf231_leg,-2.660747528076172,-1.6534286737442017,0.2170340120792389
1773048769,711996315,world,cf231,-2.5901079177856445,-1.6433582305908203,0.25174325704574585
1773048769,711996315,world,cf231_leg,-2.6619138717651367,-1.6560535430908203,0.2191600203514099
1773048769,715645294,world,cf231,-2.589329719543457,-1.6458261013031006,0.2539481520652771
1773048769,715645294,world,cf231_leg,-2.6630818843841553,-1.6584489345550537,0.2207234501838684
1773048769,720460070,world,cf231,-2.588839530944824,-1.6484984159469604,0.2567465305328369
1773048769,720460070,world,cf231_leg,-2.6644039154052734,-1.6612201929092407,0.22224828600883484
1773048769,726701145,world,cf231,-2.587740421295166,-1.650526762008667,0.2587158977985382
1773048769,726701145,world,cf231_leg,-2.6656606197357178,-1.6636908054351807,0.22330066561698914
1773048769,730516122,world,cf231,-2.5873665809631348,-1.6534174680709839,0.26094263792037964
1773048769,730516122,world,cf231_leg,-2.6668570041656494,-1.6660109758377075,0.22397315502166748
1773048769,735324372,world,cf231,-2.5855586528778076,-1.6540948152542114,0.26166751980781555
1773048769,735324372,world,cf231_leg,-2.668372869491577,-1.6687798500061035,0.22503146529197693
1773048769,740285897,world,cf231,-2.5863420963287354,-1.658735752105713,0.26482927799224854
1773048769,740285897,world,cf231_leg,-2.669468641281128,-1.6711782217025757,0.22494712471961975
1773048769,746958496,world,cf231_leg,-2.6708970069885254,-1.6739603281021118,0.22549042105674744
1773048769,750502386,world,cf231,-2.5849509239196777,-1.6636148691177368,0.26716625690460205
1773048769,750502386,world,cf231_leg,-2.6720118522644043,-1.6762969493865967,0.22522416710853577
1773048769,755387969,world,cf231_leg,-2.673279285430908,-1.6788825988769531,0.22476667165756226
1773048769,760242992,world,cf231,-2.5836377143859863,-1.6681828498840332,0.26860278844833374
1773048769,760242992,world,cf231_leg,-2.6744444370269775,-1.6813719272613525,0.22419968247413635
1773048769,765308447,world,cf231_leg,-2.6757395267486572,-1.6838433742523193,0.22348374128341675
1773048769,770499094,world,cf231_leg,-2.6768105030059814,-1.6864935159683228,0.22213047742843628
1773048769,775495130,world,cf231_leg,-2.6778764724731445,-1.6889015436172485,0.22067323327064514
1773048769,780470943,world,cf231_leg,-2.679365634918213,-1.6917096376419067,0.21941235661506653
1773048769,785703990,world,cf231_leg,-2.680708408355713,-1.693920373916626,0.21727913618087769
1773048769,790279700,world,cf231,-2.5800130367279053,-1.6826109886169434,0.2682749927043915
1773048769,790279700,world,cf231_leg,-2.6813907623291016,-1.6960351467132568,0.21471348404884338
1773048769,795235907,world,cf231,-2.5805580615997314,-1.6867408752441406,0.2693943679332733
1773048769,795235907,world,cf231_leg,-2.6822867393493652,-1.6983939409255981,0.21258333325386047
1773048769,800357013,world,cf231_leg,-2.684183120727539,-1.7015938758850098,0.21065416932106018
1773048769,805192634,world,cf231,-2.5798799991607666,-1.692076563835144,0.2663835883140564
1773048769,805192634,world,cf231_leg,-2.6847691535949707,-1.7034810781478882,0.2066892683506012
1773048769,810323850,world,cf231,-2.5794997215270996,-1.6947489976882935,0.26538002490997314
1773048769,810323850,world,cf231_leg,-2.6865394115448,-1.7066818475723267,0.20462855696678162
1773048769,815177198,world,cf231,-2.579221487045288,-1.6971555948257446,0.26343977451324463
1773048769,815177198,world,cf231_leg,-2.6871531009674072,-1.7086549997329712,0.2000349760055542
1773048769,820622267,world,cf231,-2.578982353210449,-1.6999096870422363,0.26206672191619873
1773048769,820622267,world,cf231_leg,-2.6884021759033203,-1.7113460302352905,0.19708335399627686
1773048769,826881957,world,cf231_leg,-2.689542055130005,-1.7136688232421875,0.19293898344039917
1773048769,830437800,world,cf231_leg,-2.6907265186309814,-1.7164185047149658,0.18913790583610535
1773048769,835373990,world,cf231_leg,-2.6911871433258057,-1.7169668674468994,0.18448102474212646
1773048769,840709559,world,cf231_leg,-2.6923131942749023,-1.7194173336029053,0.17941001057624817
1773048769,845446595,world,cf231_leg,-2.693735122680664,-1.7227270603179932,0.1756833791732788
1773048769,850255001,world,cf231_leg,-2.694776773452759,-1.7251777648925781,0.17013922333717346
1773048769,855604348,world,cf231_leg,-2.6957101821899414,-1.7271586656570435,0.16477182507514954
1773048769,860409750,world,cf231_leg,-2.698045015335083,-1.7316672801971436,0.1606864333152771
1773048769,865475150,world,cf231_leg,-2.698255777359009,-1.7328370809555054,0.15454542636871338
1773048769,870411344,world,cf231_leg,-2.6994364261627197,-1.7356828451156616,0.14878496527671814
1773048769,875573781,world,cf231,-2.581502914428711,-1.7372143268585205,0.2431715428829193
1773048769,875573781,world,cf231_leg,-2.700866460800171,-1.7391175031661987,0.14190545678138733
1773048769,880571886,world,cf231_leg,-2.701854944229126,-1.7412716150283813,0.13534033298492432
1773048769,885518863,world,cf231_leg,-2.702866554260254,-1.7436892986297607,0.12866076827049255
1773048769,890337769,world,cf231_leg,-2.7045741081237793,-1.7471733093261719,0.12231612950563431
1773048769,895465117,world,cf231_leg,-2.7046144008636475,-1.7474623918533325,0.11353040486574173
1773048769,901785143,world,cf231_leg,-2.706381320953369,-1.7516226768493652,0.10675366967916489
1773048769,905670853,world,cf231_leg,-2.7076621055603027,-1.7543106079101562,0.09920839220285416
1773048769,910349720,world,cf231_leg,-2.708641767501831,-1.7568804025650024,0.0911400243639946
1773048769,915363019,world,cf231_leg,-2.7094926834106445,-1.7590758800506592,0.0825703963637352
1773048769,920533690,world,cf231_leg,-2.71095871925354,-1.7619240283966064,0.07440141588449478
1773048769,925490350,world,cf231_leg,-2.7117719650268555,-1.7646275758743286,0.06579231470823288
1773048769,930369503,world,cf231_leg,-2.7126760482788086,-1.7665607929229736,0.056594692170619965
1773048769,935546086,world,cf231_leg,-2.713931083679199,-1.7696596384048462,0.04793132096529007
1773048769,940447072,world,cf231_leg,-2.714620590209961,-1.7717887163162231,0.03831972926855087
1773048769,945507883,world,cf231_leg,-2.7160279750823975,-1.7745678424835205,0.028468899428844452
1773048769,950401568,world,cf231_leg,-2.7168736457824707,-1.7766978740692139,0.018404521048069
1773048769,955350590,world,cf231_leg,-2.718147039413452,-1.7796181440353394,0.00907987356185913
1773048769,960583566,world,cf231_leg,-2.719085216522217,-1.7821600437164307,-0.0018423721194267273
1773048769,965394951,world,cf231_leg,-2.7197928428649902,-1.7842538356781006,-0.0125393345952034
1773048769,970397295,world,cf231_leg,-2.7206687927246094,-1.7864694595336914,-0.023954138159751892
1773048769,975699801,world,cf231_leg,-2.7218995094299316,-1.7894560098648071,-0.03411033749580383
1773048769,980392374,world,cf231_leg,-2.722943067550659,-1.7918449640274048,-0.04592965543270111
1773048769,985563183,world,cf231_leg,-2.723851442337036,-1.794240951538086,-0.057084571570158005
1773048769,990428857,world,cf231_leg,-2.7246334552764893,-1.7967655658721924,-0.06943568587303162
1773048769,995484013,world,cf231_leg,-2.7256979942321777,-1.799248456954956,-0.0817144513130188
1773048770,244606,world,cf231_leg,-2.726552963256836,-1.8019996881484985,-0.09317576140165329
1773048770,5340931,world,cf231_leg,-2.7278263568878174,-1.803491234779358,-0.09721250832080841
1773048770,10268405,world,cf231_leg,-2.7294156551361084,-1.806363821029663,-0.09360040724277496
1773048770,15412047,world,cf231_leg,-2.7296676635742188,-1.808217167854309,-0.09046509116888046
1773048770,20213165,world,cf231_leg,-2.7302660942077637,-1.8106260299682617,-0.08721068501472473
1773048770,25423719,world,cf231_leg,-2.7313029766082764,-1.8139842748641968,-0.08376666158437729
1773048770,30320931,world,cf231_leg,-2.7320454120635986,-1.8166693449020386,-0.08297650516033173
1773048770,35495393,world,cf231_leg,-2.7335774898529053,-1.8198137283325195,-0.08158326148986816
1773048770,40325254,world,cf231_leg,-2.734990119934082,-1.8228693008422852,-0.08078280091285706
1773048770,45413511,world,cf231_leg,-2.7362236976623535,-1.8256629705429077,-0.08021087944507599
1773048770,50470458,world,cf231_leg,-2.7384018898010254,-1.829564094543457,-0.0786377340555191
1773048770,55791253,world,cf231_leg,-2.738797426223755,-1.8318310976028442,-0.07872798293828964
1773048770,60346594,world,cf231,-2.605332136154175,-1.8121540546417236,0.04294595122337341
1773048770,60346594,world,cf231_leg,-2.7405478954315186,-1.8349740505218506,-0.07890878617763519
1773048770,65313184,world,cf231,-2.6057703495025635,-1.8126415014266968,0.04504460096359253
1773048770,65313184,world,cf231_leg,-2.741865634918213,-1.8382620811462402,-0.07883654534816742
1773048770,71482419,world,cf231,-2.6067917346954346,-1.8145688772201538,0.047134850174188614
1773048770,71482419,world,cf231_leg,-2.7429656982421875,-1.8410089015960693,-0.07939063012599945
1773048770,75448002,world,cf231,-2.607598304748535,-1.816076397895813,0.04921781271696091
1773048770,75448002,world,cf231_leg,-2.7442588806152344,-1.8439403772354126,-0.08054067194461823
1773048770,80220531,world,cf231,-2.6082403659820557,-1.817250370979309,0.050510577857494354
1773048770,80220531,world,cf231_leg,-2.7454214096069336,-1.846975564956665,-0.08129709959030151
1773048770,87142340,world,cf231,-2.6092584133148193,-1.818865180015564,0.052543509751558304
1773048770,87142340,world,cf231_leg,-2.7462470531463623,-1.8495385646820068,-0.08315909653902054
1773048770,90550334,world,cf231,-2.610121488571167,-1.8201539516448975,0.05417806655168533
1773048770,90550334,world,cf231_leg,-2.7474637031555176,-1.8527867794036865,-0.08437079191207886
1773048770,95404481,world,cf231,-2.6110239028930664,-1.8216361999511719,0.055512476712465286
1773048770,95404481,world,cf231_leg,-2.748459577560425,-1.8555384874343872,-0.08638189733028412
1773048770,100607909,world,cf231,-2.6121137142181396,-1.8233741521835327,0.056309774518013
1773048770,100607909,world,cf231_leg,-2.749638080596924,-1.8584153652191162,-0.08858110010623932
1773048770,105883599,world,cf231,-2.6133649349212646,-1.8242734670639038,0.057032737880945206
1773048770,105883599,world,cf231_leg,-2.7507383823394775,-1.8613133430480957,-0.09091761708259583
1773048770,110699048,world,cf231,-2.615304470062256,-1.8238211870193481,0.057636894285678864
1773048770,110699048,world,cf231_leg,-2.7516329288482666,-1.863818883895874,-0.09264706820249557
1773048770,116192783,world,cf231,-2.617119312286377,-1.8234739303588867,0.057962816208601
1773048770,116192783,world,cf231_leg,-2.752699851989746,-1.8657047748565674,-0.0928085669875145
1773048770,120417069,world,cf231,-2.6188738346099854,-1.8235419988632202,0.055761996656656265
1773048770,120417069,world,cf231_leg,-2.7538089752197266,-1.86738920211792,-0.09249773621559143
1773048770,126654828,world,cf231,-2.6213324069976807,-1.8240866661071777,0.05260805785655975
1773048770,126654828,world,cf231_leg,-2.7544329166412354,-1.868818998336792,-0.09267468750476837
1773048770,130366247,world,cf231,-2.6237144470214844,-1.8248326778411865,0.04969530925154686
1773048770,130366247,world,cf231_leg,-2.7554805278778076,-1.870857834815979,-0.09239780902862549
1773048770,135375168,world,cf231,-2.6259353160858154,-1.8253194093704224,0.04718387871980667
1773048770,135375168,world,cf231_leg,-2.7564830780029297,-1.872521162033081,-0.0925528034567833
1773048770,140257804,world,cf231,-2.627946138381958,-1.8252841234207153,0.04429555684328079
1773048770,140257804,world,cf231_leg,-2.7571582794189453,-1.8738453388214111,-0.09331582486629486
1773048770,145221590,world,cf231,-2.630025863647461,-1.8257068395614624,0.04117678478360176
1773048770,145221590,world,cf231_leg,-2.758517265319824,-1.875776767730713,-0.09357213228940964
1773048770,150519169,world,cf231,-2.6322021484375,-1.8259074687957764,0.03815973177552223
1773048770,150519169,world,cf231_leg,-2.7595901489257812,-1.8766480684280396,-0.09346628934144974
1773048770,155362538,world,cf231,-2.6342835426330566,-1.8251594305038452,0.03688468784093857
1773048770,155362538,world,cf231_leg,-2.7605791091918945,-1.8770999908447266,-0.09292709082365036
1773048770,160530149,world,cf231,-2.635976552963257,-1.8230127096176147,0.03622772544622421
1773048770,160530149,world,cf231_leg,-2.7614479064941406,-1.8773616552352905,-0.0921577587723732
1773048770,165358889,world,cf231,-2.637636661529541,-1.8213704824447632,0.03597051277756691
1773048770,165358889,world,cf231_leg,-2.762108325958252,-1.877684235572815,-0.09166761487722397
1773048770,170456732,world,cf231,-2.6392264366149902,-1.8204991817474365,0.034534573554992676
1773048770,170456732,world,cf231_leg,-2.7627875804901123,-1.8781929016113281,-0.09118872880935669
1773048770,175555849,world,cf231,-2.6408047676086426,-1.820130467414856,0.03261366859078407
1773048770,175555849,world,cf231_leg,-2.763699769973755,-1.8789700269699097,-0.09076202660799026
1773048770,180284263,world,cf231,-2.6425883769989014,-1.8195234537124634,0.03151766210794449
1773048770,180284263,world,cf231_leg,-2.7645256519317627,-1.8795918226242065,-0.0906398668885231
1773048770,185493805,world,cf231,-2.644249677658081,-1.8188852071762085,0.030133865773677826
1773048770,185493805,world,cf231_leg,-2.765268564224243,-1.8803679943084717,-0.09095384180545807
1773048770,190348257,world,cf231,-2.646036148071289,-1.8177404403686523,0.028346244245767593
1773048770,190348257,world,cf231_leg,-2.7660088539123535,-1.8809916973114014,-0.09139703959226608
1773048770,195302164,world,cf231,-2.6476802825927734,-1.8170061111450195,0.026269247755408287
1773048770,195302164,world,cf231_leg,-2.7665908336639404,-1.8813762664794922,-0.09227826446294785
1773048770,200309874,world,cf231,-2.6493608951568604,-1.8163888454437256,0.02450813166797161
1773048770,200309874,world,cf231_leg,-2.7670884132385254,-1.8820627927780151,-0.09293540567159653
1773048770,205371172,world,cf231,-2.650496244430542,-1.815779447555542,0.023402400314807892
1773048770,205371172,world,cf231_leg,-2.767310857772827,-1.8825831413269043,-0.09339260309934616
1773048770,211646881,world,cf231,-2.650787115097046,-1.8157646656036377,0.023797165602445602
1773048770,211646881,world,cf231_leg,-2.767310857772827,-1.8832447528839111,-0.09322124719619751
1773048770,215317084,world,cf231,-2.651198387145996,-1.8156607151031494,0.024791497737169266
1773048770,215317084,world,cf231_leg,-2.7671637535095215,-1.8839645385742188,-0.09282679855823517
1773048770,221689738,world,cf231,-2.6514177322387695,-1.8149933815002441,0.026919126510620117
1773048770,221689738,world,cf231_leg,-2.7670700550079346,-1.8847101926803589,-0.09245546907186508
1773048770,225397842,world,cf231,-2.6519124507904053,-1.8143032789230347,0.027828017249703407
1773048770,225397842,world,cf231_leg,-2.7669003009796143,-1.8853305578231812,-0.0921679362654686
1773048770,230346346,world,cf231,-2.6520872116088867,-1.8136903047561646,0.028904413804411888
1773048770,230346346,world,cf231_leg,-2.7667882442474365,-1.8859081268310547,-0.09220758080482483
1773048770,235486767,world,cf231,-2.6527514457702637,-1.8134572505950928,0.03008497692644596
1773048770,235486767,world,cf231_leg,-2.7664072513580322,-1.8863153457641602,-0.09262335300445557
1773048770,240536290,world,cf231,-2.6529741287231445,-1.8133543729782104,0.030164135619997978
1773048770,240536290,world,cf231_leg,-2.765920400619507,-1.887009859085083,-0.0936235561966896
1773048770,245411360,world,cf231,-2.653432607650757,-1.8129706382751465,0.029596921056509018
1773048770,245411360,world,cf231_leg,-2.7657463550567627,-1.8876680135726929,-0.09383269399404526
1773048770,250280385,world,cf231,-2.6540255546569824,-1.812640905380249,0.029455848038196564
1773048770,250280385,world,cf231_leg,-2.7656502723693848,-1.8886640071868896,-0.09378615021705627
1773048770,255480422,world,cf231,-2.6543896198272705,-1.8124946355819702,0.02943146415054798
1773048770,255480422,world,cf231_leg,-2.7654619216918945,-1.8897008895874023,-0.0936930924654007
1773048770,260522722,world,cf231,-2.654768943786621,-1.8124884366989136,0.029567472636699677
1773048770,260522722,world,cf231_leg,-2.7650225162506104,-1.8903083801269531,-0.09413927793502808
1773048770,265417070,world,cf231,-2.6549081802368164,-1.8121740818023682,0.029777830466628075
1773048770,265417070,world,cf231_leg,-2.7644245624542236,-1.8911283016204834,-0.09483703970909119
1773048770,270508449,world,cf231,-2.6548845767974854,-1.8120464086532593,0.030117131769657135
1773048770,270508449,world,cf231_leg,-2.7638847827911377,-1.8918530941009521,-0.09528865665197372
1773048770,275434990,world,cf231,-2.6548988819122314,-1.811903715133667,0.03052474372088909
1773048770,275434990,world,cf231_leg,-2.7632861137390137,-1.892871379852295,-0.09535745531320572
1773048770,280512139,world,cf231,-2.655043125152588,-1.8119772672653198,0.031295888125896454
1773048770,280512139,world,cf231_leg,-2.762809991836548,-1.8936331272125244,-0.09566093981266022
1773048770,285430617,world,cf231,-2.654860258102417,-1.8118098974227905,0.031268857419490814
1773048770,285430617,world,cf231_leg,-2.7623097896575928,-1.8944698572158813,-0.09561607241630554
1773048770,290526927,world,cf231,-2.6549742221832275,-1.8119640350341797,0.03127538412809372
1773048770,290526927,world,cf231_leg,-2.761761426925659,-1.895037293434143,-0.09611380100250244
1773048770,295466253,world,cf231,-2.6550381183624268,-1.812036156654358,0.030654754489660263
1773048770,295466253,world,cf231_leg,-2.761188268661499,-1.8954421281814575,-0.09595392644405365
1773048770,300423582,world,cf231,-2.6551754474639893,-1.812231183052063,0.0299591775983572
1773048770,300423582,world,cf231_leg,-2.7608392238616943,-1.8959832191467285,-0.0949435606598854
1773048770,305406296,world,cf231,-2.6551930904388428,-1.8125146627426147,0.02870151773095131
1773048770,305406296,world,cf231_leg,-2.760359764099121,-1.8962035179138184,-0.09438753128051758
1773048770,310350835,world,cf231,-2.6553702354431152,-1.8127256631851196,0.02747661992907524
1773048770,310350835,world,cf231_leg,-2.7601161003112793,-1.8965660333633423,-0.09388502687215805
1773048770,315561978,world,cf231,-2.655574083328247,-1.8127840757369995,0.025941943749785423
1773048770,315561978,world,cf231_leg,-2.759697198867798,-1.896728277206421,-0.09373363852500916
1773048770,320347550,world,cf231,-2.656067371368408,-1.812995433807373,0.024688901379704475
1773048770,320347550,world,cf231_leg,-2.7593038082122803,-1.8968632221221924,-0.09333314001560211
1773048770,325294258,world,cf231,-2.6557958126068115,-1.813040018081665,0.02244691364467144
1773048770,325294258,world,cf231_leg,-2.7585716247558594,-1.8969932794570923,-0.09375611692667007
1773048770,330436909,world,cf231,-2.6560990810394287,-1.8126682043075562,0.021185453981161118
1773048770,330436909,world,cf231_leg,-2.7581193447113037,-1.8969563245773315,-0.09373756498098373
1773048770,335623616,world,cf231,-2.6559650897979736,-1.812566876411438,0.01964433491230011
1773048770,335623616,world,cf231_leg,-2.7576217651367188,-1.896876335144043,-0.0938129648566246
1773048770,340275352,world,cf231_leg,-2.757300615310669,-1.896856665611267,-0.09378750622272491
1773048770,345456547,world,cf231,-2.6563429832458496,-1.8123066425323486,0.0184902623295784
1773048770,345456547,world,cf231_leg,-2.757035493850708,-1.8968396186828613,-0.09389233589172363
1773048770,350724169,world,cf231,-2.6567223072052,-1.811893343925476,0.01963045820593834
1773048770,350724169,world,cf231_leg,-2.7568507194519043,-1.8969316482543945,-0.09382458031177521
1773048770,355442493,world,cf231,-2.656677007675171,-1.811909794807434,0.019976157695055008
1773048770,355442493,world,cf231_leg,-2.756657123565674,-1.8969320058822632,-0.09375427663326263
1773048770,360616278,world,cf231,-2.656628370285034,-1.8119417428970337,0.019838549196720123
1773048770,360616278,world,cf231_leg,-2.7566182613372803,-1.8969215154647827,-0.093568354845047
1773048770,365452620,world,cf231,-2.6566386222839355,-1.8121287822723389,0.01968114823102951
1773048770,365452620,world,cf231_leg,-2.756516218185425,-1.8968679904937744,-0.09356094151735306
1773048770,370369099,world,cf231_leg,-2.7564239501953125,-1.8968859910964966,-0.0932694673538208
1773048770,375741584,world,cf231,-2.65655255317688,-1.8119285106658936,0.019683774560689926
1773048770,375741584,world,cf231_leg,-2.7563509941101074,-1.8967446088790894,-0.09345342218875885
1773048770,381680141,world,cf231,-2.6562726497650146,-1.8116412162780762,0.019525788724422455
1773048770,381680141,world,cf231_leg,-2.7563655376434326,-1.8967007398605347,-0.09354924410581589
1773048770,385626518,world,cf231,-2.6561648845672607,-1.811636209487915,0.019226539880037308
1773048770,385626518,world,cf231_leg,-2.756287097930908,-1.8965067863464355,-0.09394113719463348
1773048770,390384084,world,cf231,-2.655984878540039,-1.8113330602645874,0.019138582050800323
1773048770,390384084,world,cf231_leg,-2.756281614303589,-1.8963769674301147,-0.09374847263097763
1773048770,395443508,world,cf231,-2.655864715576172,-1.8112192153930664,0.01917175203561783
1773048770,395443508,world,cf231_leg,-2.756283760070801,-1.8960330486297607,-0.0938369482755661
1773048770,400756835,world,cf231_leg,-2.7563416957855225,-1.895750641822815,-0.09379662573337555
1773048770,405503072,world,cf231,-2.6558005809783936,-1.8107900619506836,0.019333794713020325
1773048770,405503072,world,cf231_leg,-2.756166458129883,-1.8952109813690186,-0.09420260787010193
1773048770,410405623,world,cf231,-2.6556501388549805,-1.8105679750442505,0.01924196630716324
1773048770,410405623,world,cf231_leg,-2.7561519145965576,-1.8947880268096924,-0.09434784948825836
1773048770,415179853,world,cf231,-2.655550479888916,-1.81037437915802,0.019167713820934296
1773048770,415179853,world,cf231_leg,-2.7560648918151855,-1.894243597984314,-0.09458357095718384
1773048770,420297046,world,cf231,-2.6552860736846924,-1.8102009296417236,0.01904067024588585
1773048770,420297046,world,cf231_leg,-2.756253719329834,-1.8937959671020508,-0.0948047861456871
1773048770,425501406,world,cf231,-2.655172824859619,-1.8100206851959229,0.01890316605567932
1773048770,425501406,world,cf231_leg,-2.756397247314453,-1.8934468030929565,-0.09484793245792389
1773048770,430361784,world,cf231_leg,-2.756653070449829,-1.8931869268417358,-0.09464678913354874
1773048770,435559385,world,cf231,-2.654777765274048,-1.8094347715377808,0.01884344592690468
1773048770,435559385,world,cf231_leg,-2.756722927093506,-1.8928372859954834,-0.09479036182165146
1773048770,440265413,world,cf231,-2.654369831085205,-1.8092765808105469,0.018693383783102036
1773048770,440265413,world,cf231_leg,-2.756852149963379,-1.8927675485610962,-0.0942426472902298
1773048770,445450826,world,cf231,-2.6540324687957764,-1.8093438148498535,0.018385838717222214
1773048770,445450826,world,cf231_leg,-2.757077693939209,-1.8926646709442139,-0.094064861536026
1773048770,450239973,world,cf231,-2.6540191173553467,-1.8092454671859741,0.01839655637741089
1773048770,450239973,world,cf231_leg,-2.757343053817749,-1.8924204111099243,-0.09368209540843964
1773048770,455369466,world,cf231,-2.6540675163269043,-1.8092783689498901,0.018450211733579636
1773048770,455369466,world,cf231_leg,-2.757441759109497,-1.8921430110931396,-0.0936955139040947
1773048770,460462187,world,cf231,-2.6540138721466064,-1.809312343597412,0.018174707889556885
1773048770,460462187,world,cf231_leg,-2.7576842308044434,-1.8920738697052002,-0.09365785866975784
1773048770,465379368,world,cf231_leg,-2.757689952850342,-1.8920469284057617,-0.09380129724740982
1773048770,470583493,world,cf231,-2.6542630195617676,-1.8095237016677856,0.01837189495563507
1773048770,470583493,world,cf231_leg,-2.757897138595581,-1.892264723777771,-0.09372735023498535
1773048770,475526745,world,cf231,-2.6543915271759033,-1.8095537424087524,0.018495764583349228
1773048770,475526745,world,cf231_leg,-2.757880449295044,-1.8923633098602295,-0.0939069390296936
1773048770,480225393,world,cf231,-2.6544806957244873,-1.8096253871917725,0.018465083092451096
1773048770,480225393,world,cf231_leg,-2.7578284740448,-1.8925118446350098,-0.09418544918298721
1773048770,485337310,world,cf231,-2.65439510345459,-1.8095709085464478,0.01853495091199875
1773048770,485337310,world,cf231_leg,-2.757887840270996,-1.8926321268081665,-0.09419702738523483
1773048770,490558037,world,cf231,-2.654458999633789,-1.8095921277999878,0.018629834055900574
1773048770,490558037,world,cf231_leg,-2.7578091621398926,-1.8926950693130493,-0.0943601131439209
1773048770,495600482,world,cf231,-2.6545825004577637,-1.809624433517456,0.018597029149532318
1773048770,495600482,world,cf231_leg,-2.7576076984405518,-1.8927212953567505,-0.09428712725639343
1773048770,500529461,world,cf231_leg,-2.757469892501831,-1.892785906791687,-0.09444993734359741
1773048770,505312740,world,cf231,-2.6544530391693115,-1.8095861673355103,0.018640395253896713
1773048770,505312740,world,cf231_leg,-2.757253408432007,-1.8927829265594482,-0.09460128843784332
1773048770,510304839,world,cf231,-2.654613494873047,-1.8095544576644897,0.01866912841796875
1773048770,510304839,world,cf231_leg,-2.7572007179260254,-1.892757773399353,-0.09457919001579285
1773048770,515288799,world,cf231,-2.6545464992523193,-1.809543251991272,0.018644575029611588
1773048770,515288799,world,cf231_leg,-2.7570037841796875,-1.8928159475326538,-0.09439034759998322
1773048770,520475686,world,cf231,-2.6547048091888428,-1.8095096349716187,0.018676672130823135
1773048770,520475686,world,cf231_leg,-2.7570536136627197,-1.892872929573059,-0.09463436901569366
1773048770,525300837,world,cf231,-2.6547396183013916,-1.809562087059021,0.01870020106434822
1773048770,525300837,world,cf231_leg,-2.7569310665130615,-1.892918586730957,-0.09440822154283524
1773048770,530372932,world,cf231,-2.654778003692627,-1.809499979019165,0.018758762627840042
1773048770,530372932,world,cf231_leg,-2.756983518600464,-1.8927545547485352,-0.09473010152578354
1773048770,535716843,world,cf231,-2.6547024250030518,-1.8094937801361084,0.018616478890180588
1773048770,535716843,world,cf231_leg,-2.757059335708618,-1.8927501440048218,-0.0946640893816948
1773048770,540314564,world,cf231_leg,-2.757065534591675,-1.8928035497665405,-0.0944574624300003
1773048770,545348180,world,cf231,-2.654444932937622,-1.809485912322998,0.018629148602485657
1773048770,545348180,world,cf231_leg,-2.7571656703948975,-1.8926987648010254,-0.09462730586528778
1773048770,550395693,world,cf231,-2.654639720916748,-1.8095066547393799,0.018681496381759644
1773048770,550395693,world,cf231_leg,-2.7571635246276855,-1.8926899433135986,-0.09465482085943222
1773048770,555443380,world,cf231,-2.6546835899353027,-1.809463620185852,0.018775932490825653
1773048770,555443380,world,cf231_leg,-2.757328510284424,-1.8927781581878662,-0.09453485906124115
1773048770,560525509,world,cf231,-2.654531478881836,-1.8094230890274048,0.018580041825771332
1773048770,560525509,world,cf231_leg,-2.7573938369750977,-1.892789602279663,-0.09451475739479065
1773048770,565430494,world,cf231,-2.6545932292938232,-1.8094894886016846,0.018688324838876724
1773048770,565430494,world,cf231_leg,-2.757242441177368,-1.8926405906677246,-0.0944298729300499
1773048770,570345068,world,cf231,-2.654648780822754,-1.809516191482544,0.0186462365090847
1773048770,570345068,world,cf231_leg,-2.7574753761291504,-1.8926494121551514,-0.09454140812158585
1773048770,575389808,world,cf231,-2.6545772552490234,-1.809486985206604,0.01858387142419815
1773048770,575389808,world,cf231_leg,-2.7573843002319336,-1.8926643133163452,-0.09464409947395325
1773048770,580515935,world,cf231,-2.654609441757202,-1.8095437288284302,0.018643971532583237
1773048770,580515935,world,cf231_leg,-2.757422924041748,-1.8927274942398071,-0.09460318833589554
1773048770,585500736,world,cf231_leg,-2.757328987121582,-1.892730474472046,-0.09437090903520584
1773048770,590617132,world,cf231,-2.6547060012817383,-1.8095042705535889,0.01864210143685341
1773048770,590617132,world,cf231_leg,-2.757434606552124,-1.8927128314971924,-0.09455938637256622
1773048770,595536478,world,cf231,-2.6546761989593506,-1.8095744848251343,0.018766332417726517
1773048770,595536478,world,cf231_leg,-2.757309675216675,-1.892749547958374,-0.09436064958572388
1773048770,600472643,world,cf231,-2.6546287536621094,-1.8094240427017212,0.018752742558717728
1773048770,600472643,world,cf231_leg,-2.7573909759521484,-1.8927733898162842,-0.09457219392061234
1773048770,605448077,world,cf231,-2.6546874046325684,-1.8095390796661377,0.01871737837791443
1773048770,605448077,world,cf231_leg,-2.7573812007904053,-1.892796516418457,-0.09458784759044647
1773048770,610374051,world,cf231,-2.6546249389648438,-1.809505581855774,0.018574297428131104
1773048770,610374051,world,cf231_leg,-2.757380485534668,-1.8927890062332153,-0.09461772441864014
1773048770,615561141,world,cf231,-2.6547060012817383,-1.8095442056655884,0.01881733164191246
1773048770,615561141,world,cf231_leg,-2.7572786808013916,-1.8927100896835327,-0.09471388161182404
1773048770,620409275,world,cf231,-2.654572010040283,-1.8094947338104248,0.018658041954040527
1773048770,620409275,world,cf231_leg,-2.7573113441467285,-1.892767071723938,-0.09466227889060974
1773048770,625256347,world,cf231,-2.654468297958374,-1.809415578842163,0.01854899525642395
1773048770,625256347,world,cf231_leg,-2.7573280334472656,-1.8927642107009888,-0.09459608793258667
1773048770,630224714,world,cf231,-2.6569466590881348,-1.8096343278884888,0.020134080201387405
1773048770,630224714,world,cf231_leg,-2.7573647499084473,-1.8927834033966064,-0.09435506910085678
1773048770,635499643,world,cf231,-2.652728319168091,-1.8093534708023071,0.017607275396585464
1773048770,635499643,world,cf231_leg,-2.7573814392089844,-1.8927968740463257,-0.09458833187818527
1773048770,640431483,world,cf231,-2.65462589263916,-1.8095334768295288,0.018682993948459625
1773048770,640431483,world,cf231_leg,-2.757385492324829,-1.8926655054092407,-0.09464626759290695
1773048770,645428379,world,cf231,-2.6547346115112305,-1.8094791173934937,0.01872808113694191
1773048770,645428379,world,cf231_leg,-2.7573909759521484,-1.8927252292633057,-0.09440754354000092
1773048770,650451799,world,cf231,-2.654604434967041,-1.8094205856323242,0.01849691942334175
1773048770,650451799,world,cf231_leg,-2.7574682235717773,-1.892777442932129,-0.094478078186512
1773048770,655536248,world,cf231,-2.654719591140747,-1.8095039129257202,0.018751613795757294
1773048770,655536248,world,cf231_leg,-2.7573623657226562,-1.8927743434906006,-0.09438230842351913
1773048770,660655233,world,cf231,-2.654744863510132,-1.80958092212677,0.018755320459604263
1773048770,660655233,world,cf231_leg,-2.7572975158691406,-1.8927632570266724,-0.09440292418003082
1773048770,665241898,world,cf231,-2.654639482498169,-1.809499979019165,0.01864926517009735
1773048770,665241898,world,cf231_leg,-2.7573444843292236,-1.8927286863327026,-0.09466364234685898
1773048770,670460436,world,cf231,-2.6546897888183594,-1.8095479011535645,0.018745921552181244
1773048770,670460436,world,cf231_leg,-2.7573812007904053,-1.892796516418457,-0.09458784759044647
1773048770,675385343,world,cf231,-2.6546106338500977,-1.8095581531524658,0.01870681717991829
1773048770,675385343,world,cf231_leg,-2.757251501083374,-1.8927741050720215,-0.09462898224592209
1773048770,680382923,world,cf231,-2.6546807289123535,-1.8095593452453613,0.018660806119441986
1773048770,680382923,world,cf231_leg,-2.757380485534668,-1.8927890062332153,-0.09461772441864014
1773048770,685417784,world,cf231,-2.6566531658172607,-1.809556245803833,0.0200498104095459
1773048770,685417784,world,cf231_leg,-2.7573819160461426,-1.8928039073944092,-0.09455796331167221
1773048770,690395242,world,cf231_leg,-2.757356643676758,-1.8927215337753296,-0.09459004551172256
1773048770,696603692,world,cf231,-2.654664993286133,-1.8095836639404297,0.01868525892496109
1773048770,696603692,world,cf231_leg,-2.757298231124878,-1.8927708864212036,-0.09437325596809387
1773048770,700356719,world,cf231,-2.6545915603637695,-1.8094346523284912,0.018451187759637833
1773048770,700356719,world,cf231_leg,-2.757275104522705,-1.8927931785583496,-0.09449135512113571
1773048770,705635693,world,cf231,-2.65470552444458,-1.8095436096191406,0.0188184455037117
1773048770,705635693,world,cf231_leg,-2.757399320602417,-1.8926602602005005,-0.09457594156265259
1773048770,710273890,world,cf231,-2.6547129154205322,-1.8095378875732422,0.018740590661764145
1773048770,710273890,world,cf231_leg,-2.75736403465271,-1.8927828073501587,-0.09435397386550903
1773048770,715201750,world,cf231,-2.654691219329834,-1.8095428943634033,0.0187106654047966
1773048770,715201750,world,cf231_leg,-2.7574188709259033,-1.8927232027053833,-0.09459595382213593
1773048770,720436403,world,cf231,-2.654611825942993,-1.809552788734436,0.01867213472723961
1773048770,720436403,world,cf231_leg,-2.757336139678955,-1.8928329944610596,-0.09433036297559738
1773048770,725519160,world,cf231,-2.654691457748413,-1.8095495700836182,0.018742918968200684
1773048770,725519160,world,cf231_leg,-2.757314443588257,-1.8927676677703857,-0.09430641680955887
1773048770,730420941,world,cf231,-2.65463924407959,-1.8094996213912964,0.018649805337190628
1773048770,730420941,world,cf231_leg,-2.7574150562286377,-1.8927993774414062,-0.0944041758775711
1773048770,735872649,world,cf231,-2.654552936553955,-1.809417963027954,0.018610097467899323
1773048770,735872649,world,cf231_leg,-2.7573869228363037,-1.8928558826446533,-0.09434875100851059
1773048770,740480277,world,cf231,-2.6547813415527344,-1.8096351623535156,0.018775835633277893
1773048770,740480277,world,cf231_leg,-2.7572879791259766,-1.8927867412567139,-0.09441904723644257
1773048770,745957133,world,cf231,-2.6547646522521973,-1.809573769569397,0.018788836896419525
1773048770,745957133,world,cf231_leg,-2.757218360900879,-1.892723798751831,-0.09464938938617706
1773048770,750692575,world,cf231,-2.6558139324188232,-1.8096574544906616,0.019584733992815018
1773048770,750692575,world,cf231_leg,-2.7572827339172363,-1.8927208185195923,-0.09468971937894821
1773048770,756115723,world,cf231_leg,-2.7572786808013916,-1.8927100896835327,-0.09471388161182404
1773048770,760595177,world,cf231,-2.653608798980713,-1.8094342947006226,0.018129784613847733
1773048770,760595177,world,cf231_leg,-2.7573719024658203,-1.8927041292190552,-0.0945838913321495
1773048770,765676305,world,cf231,-2.654691696166992,-1.8095499277114868,0.01874236762523651
1773048770,765676305,world,cf231_leg,-2.7574265003204346,-1.892784595489502,-0.09436014294624329
1773048770,771003383,world,cf231,-2.654545783996582,-1.809403896331787,0.01859062910079956
1773048770,771003383,world,cf231_leg,-2.757368326187134,-1.8927003145217896,-0.09457754343748093
1773048770,775541845,world,cf231,-2.654587745666504,-1.8094770908355713,0.01866605132818222
1773048770,775541845,world,cf231_leg,-2.757361888885498,-1.8927674293518066,-0.0944129005074501
1773048770,780680967,world,cf231,-2.6545066833496094,-1.8094851970672607,0.018630601465702057
1773048770,780680967,world,cf231_leg,-2.7573020458221436,-1.8927745819091797,-0.09437955170869827
1773048770,785483565,world,cf231,-2.6546568870544434,-1.80949068069458,0.018686525523662567
1773048770,785483565,world,cf231_leg,-2.757357358932495,-1.8927291631698608,-0.09456031769514084
1773048770,790318796,world,cf231,-2.6547465324401855,-1.8095824718475342,0.018752481788396835
1773048770,790318796,world,cf231_leg,-2.757328748703003,-1.8927717208862305,-0.09456627070903778
1773048770,795427070,world,cf231,-2.6546127796173096,-1.8094151020050049,0.018615182489156723
1773048770,795427070,world,cf231_leg,-2.757359027862549,-1.8927173614501953,-0.09462542831897736
1773048770,800447041,world,cf231,-2.654571533203125,-1.8094810247421265,0.018594123423099518
1773048770,800447041,world,cf231_leg,-2.757352828979492,-1.8928112983703613,-0.0943361297249794
1773048770,805197646,world,cf231,-2.6546504497528076,-1.80949068069458,0.018730521202087402
1773048770,805197646,world,cf231_leg,-2.7573928833007812,-1.892775535583496,-0.09457562118768692
1773048770,810404434,world,cf231,-2.6546638011932373,-1.8095823526382446,0.018687553703784943
1773048770,810404434,world,cf231_leg,-2.7573769092559814,-1.8927695751190186,-0.0943126454949379
1773048770,815243009,world,cf231,-2.6546740531921387,-1.809565782546997,0.018737580627202988
1773048770,815243009,world,cf231_leg,-2.7573490142822266,-1.8927804231643677,-0.09445388615131378
1773048770,820290020,world,cf231,-2.654679298400879,-1.8095709085464478,0.018728457391262054
1773048770,820290020,world,cf231_leg,-2.7573533058166504,-1.8928048610687256,-0.09436792135238647
1773048770,825565957,world,cf231,-2.6547491550445557,-1.8095721006393433,0.01868278905749321
1773048770,825565957,world,cf231_leg,-2.7573468685150146,-1.8927313089370728,-0.09466797113418579
1773048770,830292128,world,cf231,-2.6546168327331543,-1.8095513582229614,0.018630504608154297
1773048770,830292128,world,cf231_leg,-2.7573180198669434,-1.8927937746047974,-0.09458018094301224
1773048770,835528094,world,cf231,-2.6545262336730957,-1.8095228672027588,0.018502000719308853
1773048770,835528094,world,cf231_leg,-2.757366895675659,-1.8927055597305298,-0.0945439338684082
1773048770,840388481,world,cf231,-2.6563024520874023,-1.8094879388809204,0.019994303584098816
1773048770,840388481,world,cf231_leg,-2.7572813034057617,-1.8927263021469116,-0.09465653449296951
1773048770,845617326,world,cf231_leg,-2.757228136062622,-1.8926939964294434,-0.09466463327407837
1773048770,850625171,world,cf231_leg,-2.7573301792144775,-1.8927249908447266,-0.09440422058105469
1773048770,856769794,world,cf231,-2.6538758277893066,-1.8094576597213745,0.018330957740545273
1773048770,856769794,world,cf231_leg,-2.757310628890991,-1.89267098903656,-0.09471389651298523
1773048770,860721618,world,cf231,-2.6547248363494873,-1.8095093965530396,0.01874198392033577
1773048770,860721618,world,cf231_leg,-2.7574563026428223,-1.8927781581878662,-0.09458328783512115
1773048770,865292966,world,cf231,-2.654569387435913,-1.809478998184204,0.018597744405269623
1773048770,865292966,world,cf231_leg,-2.757288694381714,-1.8927809000015259,-0.09445156902074814
1773048770,870352260,world,cf231,-2.6546311378479004,-1.8094067573547363,0.01865113154053688
1773048770,870352260,world,cf231_leg,-2.757380485534668,-1.8927890062332153,-0.09461772441864014
1773048770,875360013,world,cf231,-2.6545701026916504,-1.8094865083694458,0.018628757447004318
1773048770,875360013,world,cf231_leg,-2.7572875022888184,-1.8927794694900513,-0.09444927424192429
1773048770,880474151,world,cf231,-2.65460467338562,-1.8094407320022583,0.01859360560774803
1773048770,880474151,world,cf231_leg,-2.7573652267456055,-1.8927839994430542,-0.09435616433620453
1773048770,885323606,world,cf231,-2.6546521186828613,-1.8094923496246338,0.018727660179138184
1773048770,885323606,world,cf231_leg,-2.7572383880615234,-1.8927258253097534,-0.09456786513328552
1773048770,890314717,world,cf231,-2.65466046333313,-1.8094877004623413,0.018647868186235428
1773048770,890314717,world,cf231_leg,-2.7572569847106934,-1.8926447629928589,-0.09469005465507507
1773048770,895262241,world,cf231,-2.6547603607177734,-1.8095629215240479,0.01876390352845192
1773048770,895262241,world,cf231_leg,-2.75728440284729,-1.8927358388900757,-0.09463027119636536
1773048770,900226906,world,cf231,-2.654656410217285,-1.8094900846481323,0.018687542527914047
1773048770,900226906,world,cf231_leg,-2.7572996616363525,-1.8927724361419678,-0.09437583386898041
1773048770,905187807,world,cf231,-2.6547064781188965,-1.8095111846923828,0.018673792481422424
1773048770,905187807,world,cf231_leg,-2.757399082183838,-1.8928489685058594,-0.09427540004253387
1773048770,910148096,world,cf231,-2.654663324356079,-1.8095887899398804,0.018701568245887756
1773048770,910148096,world,cf231_leg,-2.7573938369750977,-1.8927828073501587,-0.09454574435949326
1773048770,915367085,world,cf231,-2.654653787612915,-1.8094940185546875,0.018724769353866577
1773048770,915367085,world,cf231_leg,-2.7573561668395996,-1.8927143812179565,-0.09462030977010727
1773048770,920258493,world,cf231,-2.6547603607177734,-1.8095629215240479,0.01876390352845192
1773048770,920258493,world,cf231_leg,-2.7573082447052,-1.8927075862884521,-0.09454455226659775
1773048770,925236578,world,cf231,-2.6546828746795654,-1.8095746040344238,0.018722154200077057
1773048770,925236578,world,cf231_leg,-2.757301092147827,-1.8927805423736572,-0.09434705972671509
1773048770,930264070,world,cf231,-2.654644250869751,-1.8094981908798218,0.018608447164297104
1773048770,930264070,world,cf231_leg,-2.7573444843292236,-1.8927286863327026,-0.09466364234685898
1773048770,935372052,world,cf231,-2.6546409130096436,-1.80950129032135,0.018646862357854843
1773048770,935372052,world,cf231_leg,-2.757362127304077,-1.8927676677703857,-0.09441328793764114
1773048770,940573024,world,cf231,-2.6547176837921143,-1.8094823360443115,0.018657412379980087
1773048770,940573024,world,cf231_leg,-2.7573978900909424,-1.892834186553955,-0.09433536976575851
1773048770,945254536,world,cf231,-2.654707431793213,-1.809545636177063,0.018814869225025177
1773048770,945254536,world,cf231_leg,-2.757340431213379,-1.892695665359497,-0.09442050009965897
1773048770,950312013,world,cf231,-2.6547696590423584,-1.8095121383666992,0.018672510981559753
1773048770,950312013,world,cf231_leg,-2.757362127304077,-1.8927676677703857,-0.09441328793764114
1773048770,955289814,world,cf231,-2.654630184173584,-1.8095109462738037,0.018564924597740173
1773048770,955289814,world,cf231_leg,-2.7572996616363525,-1.8927656412124634,-0.0944068431854248
1773048770,960718976,world,cf231,-2.654707908630371,-1.8095061779022217,0.018638581037521362
1773048770,960718976,world,cf231_leg,-2.7573578357696533,-1.8927228450775146,-0.09459218382835388
1773048770,965461407,world,cf231,-2.6547257900238037,-1.8095886707305908,0.01872078701853752
1773048770,965461407,world,cf231_leg,-2.7572524547576904,-1.8927202224731445,-0.09449701011180878
1773048770,970739934,world,cf231,-2.6547441482543945,-1.809566855430603,0.01869194209575653
1773048770,970739934,world,cf231_leg,-2.757300615310669,-1.8927732706069946,-0.0943772941827774
1773048770,975453958,world,cf231,-2.654702663421631,-1.8095471858978271,0.01885591819882393
1773048770,975453958,world,cf231_leg,-2.757363796234131,-1.8927690982818604,-0.09441576153039932
1773048770,980192484,world,cf231,-2.6546642780303955,-1.8094775676727295,0.01877453178167343
1773048770,980192484,world,cf231_leg,-2.7573599815368652,-1.8927251100540161,-0.09459596127271652
1773048770,985533180,world,cf231,-2.6546924114227295,-1.8095239400863647,0.01863051950931549
1773048770,985533180,world,cf231_leg,-2.757392168045044,-1.8927680253982544,-0.09460550546646118
1773048770,990479346,world,cf231,-2.654637336730957,-1.8094980716705322,0.018652714788913727
1773048770,990479346,world,cf231_leg,-2.7573165893554688,-1.8927788734436035,-0.09463994204998016
1773048770,995775387,world,cf231,-2.654691696166992,-1.8095499277114868,0.01874236762523651
1773048770,995775387,world,cf231_leg,-2.7572240829467773,-1.8927700519561768,-0.09447266906499863
1773048771,187892,world,cf231,-2.6547353267669678,-1.8096249103546143,0.018814504146575928
1773048771,187892,world,cf231_leg,-2.7573163509368896,-1.8927370309829712,-0.09444355964660645
1773048771,5277900,world,cf231,-2.6546106338500977,-1.8095581531524658,0.01870681717991829
1773048771,5277900,world,cf231_leg,-2.75738263130188,-1.8927980661392212,-0.09459040313959122
1773048771,10279781,world,cf231,-2.654690980911255,-1.8095223903656006,0.01863332837820053
1773048771,10279781,world,cf231_leg,-2.757328987121582,-1.8927719593048096,-0.09456679224967957
1773048771,15258739,world,cf231,-2.654709815979004,-1.809507966041565,0.018635574728250504
1773048771,15258739,world,cf231_leg,-2.7573611736297607,-1.8927667140960693,-0.09441167116165161
1773048771,20431458,world,cf231,-2.6545493602752686,-1.8094074726104736,0.018584448844194412
1773048771,20431458,world,cf231_leg,-2.757364511489868,-1.8927699327468872,-0.0944170132279396
1773048771,25207633,world,cf231,-2.6546735763549805,-1.809558629989624,0.018706079572439194
1773048771,25207633,world,cf231_leg,-2.7573983669281006,-1.8928414583206177,-0.09430520236492157
1773048771,30435220,world,cf231,-2.654613733291626,-1.8095613718032837,0.018701013177633286
1773048771,30435220,world,cf231_leg,-2.757286787033081,-1.8927855491638184,-0.09441691637039185
1773048771,35544167,world,cf231,-2.654676914215088,-1.8095555305480957,0.018667396157979965
1773048771,35544167,world,cf231_leg,-2.7572214603424072,-1.892767071723938,-0.09446769207715988
1773048771,40315181,world,cf231,-2.6546037197113037,-1.8094666004180908,0.018705595284700394
1773048771,40315181,world,cf231_leg,-2.7573797702789307,-1.8927817344665527,-0.0946476086974144
1773048771,45310990,world,cf231,-2.6546638011932373,-1.8094772100448608,0.01877513900399208
1773048771,45310990,world,cf231_leg,-2.7573156356811523,-1.892777919769287,-0.09463824331760406
1773048771,50136511,world,cf231,-2.6545441150665283,-1.809540867805481,0.018648643046617508
1773048771,50136511,world,cf231_leg,-2.7572834491729736,-1.8927350044250488,-0.0946287214756012
1773048771,55249300,world,cf231,-2.6546361446380615,-1.809483528137207,0.018590107560157776
1773048771,55249300,world,cf231_leg,-2.7573280334472656,-1.8927642107009888,-0.09459608793258667
1773048771,60348834,world,cf231,-2.6545591354370117,-1.8095022439956665,0.018580153584480286
1773048771,60348834,world,cf231_leg,-2.757378339767456,-1.8927868604660034,-0.09461387246847153
1773048771,65342577,world,cf231,-2.6547467708587646,-1.8095827102661133,0.018751978874206543
1773048771,65342577,world,cf231_leg,-2.7573635578155518,-1.8927756547927856,-0.09438427537679672
1773048771,70331289,world,cf231,-2.654717445373535,-1.809640645980835,0.018810056149959564
1773048771,70331289,world,cf231_leg,-2.75728440284729,-1.8927358388900757,-0.09463027119636536
1773048771,75472603,world,cf231,-2.6546287536621094,-1.8095159530639648,0.01860027387738228
1773048771,75472603,world,cf231_leg,-2.757321357727051,-1.8928444385528564,-0.09436880052089691
1773048771,80630426,world,cf231,-2.654679298400879,-1.8095775842666626,0.018760740756988525
1773048771,80630426,world,cf231_leg,-2.7573041915893555,-1.8927925825119019,-0.09468204528093338
1773048771,85326286,world,cf231,-2.6546168327331543,-1.8094260692596436,0.018640246242284775
1773048771,85326286,world,cf231_leg,-2.757293939590454,-1.8927125930786133,-0.09461437165737152
1773048771,90307367,world,cf231,-2.654670000076294,-1.8094499111175537,0.018621578812599182
1773048771,90307367,world,cf231_leg,-2.7573928833007812,-1.892782211303711,-0.09454459697008133
1773048771,95375315,world,cf231,-2.6547348499298096,-1.8094857931137085,0.01876033842563629
1773048771,95375315,world,cf231_leg,-2.7573165893554688,-1.8927788734436035,-0.09463994204998016
1773048771,100463587,world,cf231,-2.654625177383423,-1.809512734413147,0.018606003373861313
1773048771,100463587,world,cf231_leg,-2.7573795318603516,-1.892788052558899,-0.09461605548858643
1773048771,105578166,world,cf231,-2.6545865535736084,-1.8094427585601807,0.01852498948574066
1773048771,105578166,world,cf231_leg,-2.7573766708374023,-1.8927782773971558,-0.09464187920093536
1773048771,110334878,world,cf231,-2.654571533203125,-1.8094878196716309,0.018626369535923004
1773048771,110334878,world,cf231_leg,-2.7573513984680176,-1.8928446769714355,-0.09456083178520203
