sec,nanosec,frame_id,name,position.x,position.y,position.z
1773048841,729215749,world,cf231,-2.6559321880340576,-1.8741466999053955,0.0903732031583786
1773048841,729215749,world,cf231_leg,-2.665391206741333,-1.8635567426681519,0.0771004781126976
1773048841,732490493,world,cf231,-2.6561410427093506,-1.8742247819900513,0.09114782512187958
1773048841,732490493,world,cf231_leg,-2.665726900100708,-1.8631060123443604,0.07846545428037643
1773048841,737589144,world,cf231,-2.6561663150787354,-1.874245285987854,0.09185288101434708
1773048841,737589144,world,cf231_leg,-2.66599178314209,-1.8626823425292969,0.07984483987092972
1773048841,744204703,world,cf231,-2.656088352203369,-1.8739254474639893,0.09288990497589111
1773048841,744204703,world,cf231_leg,-2.666203260421753,-1.8622382879257202,0.0803568884730339
1773048841,747488809,world,cf231,-2.6563003063201904,-1.8735179901123047,0.09418462961912155
1773048841,747488809,world,cf231_leg,-2.666515827178955,-1.8615442514419556,0.08145586401224136
1773048841,752890706,world,cf231,-2.656430959701538,-1.873603105545044,0.09532254934310913
1773048841,752890706,world,cf231_leg,-2.6667137145996094,-1.8608040809631348,0.08250895887613297
1773048841,757604008,world,cf231,-2.656464099884033,-1.8737592697143555,0.09621235728263855
1773048841,757604008,world,cf231_leg,-2.6669552326202393,-1.8601977825164795,0.08342758566141129
1773048841,762639992,world,cf231,-2.6567537784576416,-1.8736939430236816,0.09749497473239899
1773048841,762639992,world,cf231_leg,-2.6672496795654297,-1.8594032526016235,0.08490899950265884
1773048841,769186039,world,cf231,-2.656980037689209,-1.873409628868103,0.09888528287410736
1773048841,769186039,world,cf231_leg,-2.667508363723755,-1.8587790727615356,0.08592206984758377
1773048841,774166668,world,cf231,-2.656991481781006,-1.8733904361724854,0.09986566007137299
1773048841,774166668,world,cf231_leg,-2.6679043769836426,-1.8581581115722656,0.08702338486909866
1773048841,779173477,world,cf231,-2.6572422981262207,-1.873401165008545,0.10158681869506836
1773048841,779173477,world,cf231_leg,-2.66843318939209,-1.8576714992523193,0.08906107395887375
1773048841,782522553,world,cf231,-2.6574583053588867,-1.873171329498291,0.1030995100736618
1773048841,782522553,world,cf231_leg,-2.6687209606170654,-1.856990098953247,0.09002674371004105
1773048841,788088042,world,cf231,-2.6574878692626953,-1.8730353116989136,0.10416397452354431
1773048841,788088042,world,cf231_leg,-2.6692886352539062,-1.856076955795288,0.09161145240068436
1773048841,793324818,world,cf231,-2.6574923992156982,-1.8727449178695679,0.10581229627132416
1773048841,793324818,world,cf231_leg,-2.6695261001586914,-1.855239987373352,0.0924251452088356
1773048841,798049430,world,cf231,-2.6577634811401367,-1.8726036548614502,0.10759682208299637
1773048841,798049430,world,cf231_leg,-2.670053243637085,-1.8543031215667725,0.09440264850854874
1773048841,802687082,world,cf231,-2.657893419265747,-1.8721657991409302,0.10853034257888794
1773048841,802687082,world,cf231_leg,-2.67057204246521,-1.8536027669906616,0.09549257904291153
1773048841,807718158,world,cf231,-2.6582257747650146,-1.8717232942581177,0.11043623834848404
1773048841,807718158,world,cf231_leg,-2.6712193489074707,-1.8528143167495728,0.09716504067182541
1773048841,813236122,world,cf231,-2.6586062908172607,-1.8716336488723755,0.11218535155057907
1773048841,813236122,world,cf231_leg,-2.671858549118042,-1.8522422313690186,0.09906496852636337
1773048841,818293360,world,cf231,-2.659050226211548,-1.8712730407714844,0.11376578360795975
1773048841,818293360,world,cf231_leg,-2.672358512878418,-1.8510127067565918,0.10055511444807053
1773048841,822624967,world,cf231,-2.65940523147583,-1.870519995689392,0.11542769521474838
1773048841,822624967,world,cf231_leg,-2.672645330429077,-1.8497779369354248,0.10156000405550003
1773048841,827548739,world,cf231,-2.6599667072296143,-1.8700003623962402,0.1170809268951416
1773048841,827548739,world,cf231_leg,-2.6733243465423584,-1.848906397819519,0.10395876318216324
1773048841,832813390,world,cf231,-2.6607792377471924,-1.869206190109253,0.11889944970607758
1773048841,832813390,world,cf231_leg,-2.6738269329071045,-1.8480888605117798,0.10534689575433731
1773048841,839151369,world,cf231,-2.6619203090667725,-1.868445873260498,0.12074659764766693
1773048841,839151369,world,cf231_leg,-2.6748101711273193,-1.8472555875778198,0.10729069262742996
1773048841,842719409,world,cf231,-2.6630494594573975,-1.8673157691955566,0.12267609685659409
1773048841,842719409,world,cf231_leg,-2.675395965576172,-1.846248745918274,0.10931972414255142
1773048841,849275208,world,cf231,-2.663726806640625,-1.8653663396835327,0.12430964410305023
1773048841,849275208,world,cf231_leg,-2.6760094165802,-1.8451545238494873,0.11076369136571884
1773048841,852658714,world,cf231,-2.6650257110595703,-1.864212989807129,0.1260046660900116
1773048841,852658714,world,cf231_leg,-2.6764988899230957,-1.8439379930496216,0.11274617165327072
1773048841,857684196,world,cf231,-2.6663460731506348,-1.8624578714370728,0.12801015377044678
1773048841,857684196,world,cf231_leg,-2.677232027053833,-1.8430366516113281,0.11486869305372238
1773048841,864204408,world,cf231,-2.667299270629883,-1.86020028591156,0.12971489131450653
1773048841,864204408,world,cf231_leg,-2.6779778003692627,-1.8421326875686646,0.11665821820497513
1773048841,868406151,world,cf231,-2.6690146923065186,-1.8583415746688843,0.13176468014717102
1773048841,868406151,world,cf231_leg,-2.678849220275879,-1.841138243675232,0.11894693225622177
1773048841,872877003,world,cf231,-2.6702046394348145,-1.8559216260910034,0.133377343416214
1773048841,872877003,world,cf231_leg,-2.6794886589050293,-1.839866042137146,0.12070130556821823
1773048841,877774606,world,cf231,-2.6717779636383057,-1.8538548946380615,0.13524235785007477
1773048841,877774606,world,cf231_leg,-2.680253028869629,-1.838703989982605,0.12248007208108902
1773048841,882674267,world,cf231,-2.673257827758789,-1.8513340950012207,0.1375509798526764
1773048841,882674267,world,cf231_leg,-2.6810593605041504,-1.8377043008804321,0.12513083219528198
1773048841,887693765,world,cf231,-2.6746604442596436,-1.848568081855774,0.13949909806251526
1773048841,887693765,world,cf231_leg,-2.6818923950195312,-1.836787223815918,0.12702292203903198
1773048841,892908879,world,cf231,-2.676173210144043,-1.8459575176239014,0.14158129692077637
1773048841,892908879,world,cf231_leg,-2.682560920715332,-1.8355687856674194,0.1291848123073578
1773048841,897898775,world,cf231,-2.6779284477233887,-1.8431369066238403,0.14389166235923767
1773048841,897898775,world,cf231_leg,-2.6833395957946777,-1.8340497016906738,0.13142859935760498
1773048841,902712489,world,cf231,-2.6794369220733643,-1.8403730392456055,0.1460893750190735
1773048841,902712489,world,cf231_leg,-2.6842496395111084,-1.833089828491211,0.13322612643241882
1773048841,907641022,world,cf231,-2.681412696838379,-1.837740182876587,0.14842437207698822
1773048841,907641022,world,cf231_leg,-2.6852455139160156,-1.8323397636413574,0.13583943247795105
1773048841,912681144,world,cf231,-2.682777166366577,-1.834586262702942,0.15071071684360504
1773048841,912681144,world,cf231_leg,-2.686084508895874,-1.8310996294021606,0.1381913125514984
1773048841,917564031,world,cf231,-2.6845149993896484,-1.8316491842269897,0.1527792513370514
1773048841,917564031,world,cf231_leg,-2.6867480278015137,-1.8295180797576904,0.14069148898124695
1773048841,922675357,world,cf231,-2.686288595199585,-1.8290573358535767,0.15561631321907043
1773048841,922675357,world,cf231_leg,-2.687598943710327,-1.8284406661987305,0.14249512553215027
1773048841,928366816,world,cf231,-2.6877989768981934,-1.8256404399871826,0.15783944725990295
1773048841,928366816,world,cf231_leg,-2.6886208057403564,-1.8275429010391235,0.14516344666481018
1773048841,932782165,world,cf231,-2.6895651817321777,-1.8226178884506226,0.160638689994812
1773048841,932782165,world,cf231_leg,-2.689612865447998,-1.8262743949890137,0.14748981595039368
1773048841,937575751,world,cf231,-2.691194772720337,-1.819861888885498,0.16320306062698364
1773048841,937575751,world,cf231_leg,-2.6902785301208496,-1.8246760368347168,0.14990651607513428
1773048841,942855398,world,cf231,-2.6929967403411865,-1.8170956373214722,0.16599425673484802
1773048841,942855398,world,cf231_leg,-2.6911680698394775,-1.8236548900604248,0.15220776200294495
1773048841,947962840,world,cf231,-2.6943979263305664,-1.8140161037445068,0.1687261462211609
1773048841,947962840,world,cf231_leg,-2.6921887397766113,-1.8226995468139648,0.1551147699356079
1773048841,953523696,world,cf231,-2.696312427520752,-1.8115394115447998,0.17207345366477966
1773048841,953523696,world,cf231_leg,-2.693174362182617,-1.8215060234069824,0.1572873294353485
1773048841,957947181,world,cf231,-2.697477102279663,-1.8085790872573853,0.1742180585861206
1773048841,957947181,world,cf231_leg,-2.6940865516662598,-1.8201435804367065,0.16006013751029968
1773048841,962664517,world,cf231,-2.6990458965301514,-1.8059333562850952,0.1771315038204193
1773048841,962664517,world,cf231_leg,-2.694962739944458,-1.8186707496643066,0.1625741720199585
1773048841,969351907,world,cf231,-2.700481653213501,-1.8035006523132324,0.17972058057785034
1773048841,969351907,world,cf231_leg,-2.6957852840423584,-1.8178200721740723,0.1655021607875824
1773048841,972679627,world,cf231,-2.7018003463745117,-1.8009458780288696,0.1827065497636795
1773048841,972679627,world,cf231_leg,-2.6967711448669434,-1.8167495727539062,0.16780182719230652
1773048841,978271861,world,cf231,-2.703484535217285,-1.7986805438995361,0.18591122329235077
1773048841,978271861,world,cf231_leg,-2.697639226913452,-1.8154256343841553,0.1703452169895172
1773048841,982451973,world,cf231,-2.704683303833008,-1.7960927486419678,0.18889255821704865
1773048841,982451973,world,cf231_leg,-2.69863224029541,-1.8141218423843384,0.17299500107765198
1773048841,987929530,world,cf231,-2.7061781883239746,-1.7941029071807861,0.19228623807430267
1773048841,987929530,world,cf231_leg,-2.699589490890503,-1.8130521774291992,0.1763782799243927
1773048841,992688363,world,cf231,-2.7073307037353516,-1.7917131185531616,0.19492919743061066
1773048841,992688363,world,cf231_leg,-2.7005255222320557,-1.8119823932647705,0.17877662181854248
1773048841,998289495,world,cf231,-2.708634853363037,-1.7898013591766357,0.19833369553089142
1773048841,998289495,world,cf231_leg,-2.7014412879943848,-1.8110638856887817,0.1819952428340912
1773048842,2595688,world,cf231,-2.7098827362060547,-1.787697672843933,0.20106394588947296
1773048842,2595688,world,cf231_leg,-2.702143669128418,-1.809685230255127,0.1846696436405182
1773048842,8575585,world,cf231,-2.7110862731933594,-1.7858728170394897,0.2045295536518097
1773048842,8575585,world,cf231_leg,-2.703054189682007,-1.8086607456207275,0.18743601441383362
1773048842,12589045,world,cf231,-2.712393045425415,-1.7844250202178955,0.20806755125522614
1773048842,12589045,world,cf231_leg,-2.7039906978607178,-1.8077765703201294,0.19052541255950928
1773048842,17586737,world,cf231,-2.7133584022521973,-1.7823203802108765,0.21068115532398224
1773048842,17586737,world,cf231_leg,-2.704998254776001,-1.8067865371704102,0.19326210021972656
1773048842,22529625,world,cf231,-2.7145628929138184,-1.7808493375778198,0.21434186398983002
1773048842,22529625,world,cf231_leg,-2.7060375213623047,-1.8061140775680542,0.19705432653427124
1773048842,28305815,world,cf231,-2.7158548831939697,-1.7795192003250122,0.21750468015670776
1773048842,28305815,world,cf231_leg,-2.7068612575531006,-1.8049466609954834,0.20000922679901123
1773048842,32400089,world,cf231,-2.7167298793792725,-1.7779302597045898,0.2206788957118988
1773048842,32400089,world,cf231_leg,-2.707736015319824,-1.803982138633728,0.2031281292438507
1773048842,39197781,world,cf231,-2.7176713943481445,-1.7764809131622314,0.22403334081172943
1773048842,39197781,world,cf231_leg,-2.7083065509796143,-1.8029592037200928,0.20598551630973816
1773048842,42706610,world,cf231,-2.718878746032715,-1.775292992591858,0.2272086888551712
1773048842,42706610,world,cf231_leg,-2.709120988845825,-1.8020269870758057,0.20910048484802246
1773048842,49196565,world,cf231,-2.7198569774627686,-1.7742804288864136,0.23087358474731445
1773048842,49196565,world,cf231_leg,-2.7100002765655518,-1.8013916015625,0.21238583326339722
1773048842,52577800,world,cf231,-2.7208504676818848,-1.7732304334640503,0.23446865379810333
1773048842,52577800,world,cf231_leg,-2.7108113765716553,-1.8007762432098389,0.21578827500343323
1773048842,58210163,world,cf231,-2.7215662002563477,-1.7717413902282715,0.2371620237827301
1773048842,58210163,world,cf231_leg,-2.7116763591766357,-1.8000836372375488,0.21885013580322266
1773048842,62624236,world,cf231,-2.722588300704956,-1.7709184885025024,0.2409874051809311
1773048842,62624236,world,cf231_leg,-2.712601661682129,-1.7996829748153687,0.22248584032058716
1773048842,67679072,world,cf231,-2.7234981060028076,-1.7700905799865723,0.2445547878742218
1773048842,67679072,world,cf231_leg,-2.71333646774292,-1.7990659475326538,0.22582179307937622
1773048842,73329143,world,cf231,-2.7245395183563232,-1.769405484199524,0.24788817763328552
1773048842,73329143,world,cf231_leg,-2.7142252922058105,-1.7985824346542358,0.22941374778747559
1773048842,77786802,world,cf231,-2.7253735065460205,-1.7687435150146484,0.25167354941368103
1773048842,77786802,world,cf231_leg,-2.7149810791015625,-1.7979525327682495,0.2328227162361145
1773048842,84616362,world,cf231,-2.7262704372406006,-1.7681587934494019,0.25525397062301636
1773048842,84616362,world,cf231_leg,-2.715654134750366,-1.797536015510559,0.23658722639083862
1773048842,89166381,world,cf231,-2.727154016494751,-1.7676894664764404,0.2584710121154785
1773048842,89166381,world,cf231_leg,-2.7163450717926025,-1.7971769571304321,0.23982825875282288
1773048842,94118872,world,cf231,-2.7279160022735596,-1.7671366930007935,0.2622186243534088
1773048842,94118872,world,cf231_leg,-2.717020273208618,-1.7966735363006592,0.2431895136833191
1773048842,98954921,world,cf231,-2.7288732528686523,-1.76673424243927,0.266120046377182
1773048842,98954921,world,cf231_leg,-2.7177538871765137,-1.7964974641799927,0.24707993865013123
1773048842,102778950,world,cf231,-2.7296462059020996,-1.7665963172912598,0.269930899143219
1773048842,102778950,world,cf231_leg,-2.718308687210083,-1.7960822582244873,0.25049635767936707
1773048842,108299799,world,cf231,-2.7303810119628906,-1.7661311626434326,0.2731078863143921
1773048842,108299799,world,cf231_leg,-2.7189579010009766,-1.7957755327224731,0.25412479043006897
1773048842,112567167,world,cf231,-2.731180429458618,-1.7659845352172852,0.2770460844039917
1773048842,112567167,world,cf231_leg,-2.7195308208465576,-1.7956657409667969,0.2576279640197754
1773048842,117680572,world,cf231,-2.7318661212921143,-1.7657766342163086,0.28087592124938965
1773048842,117680572,world,cf231_leg,-2.720109224319458,-1.7954283952713013,0.26146310567855835
1773048842,123207070,world,cf231,-2.732551097869873,-1.7656344175338745,0.2842258810997009
1773048842,123207070,world,cf231_leg,-2.7207367420196533,-1.795271635055542,0.2651141881942749
1773048842,127409417,world,cf231,-2.7331507205963135,-1.7655435800552368,0.2879835367202759
1773048842,127409417,world,cf231_leg,-2.721322536468506,-1.795175552368164,0.2687457501888275
1773048842,133371088,world,cf231,-2.7336764335632324,-1.7655686140060425,0.29177314043045044
1773048842,133371088,world,cf231_leg,-2.72194242477417,-1.7952998876571655,0.27257803082466125
1773048842,138815279,world,cf231,-2.7343344688415527,-1.7657206058502197,0.29563605785369873
1773048842,138815279,world,cf231_leg,-2.72261381149292,-1.7955856323242188,0.2765798270702362
1773048842,143223303,world,cf231,-2.7351908683776855,-1.766128659248352,0.299296498298645
1773048842,143223303,world,cf231_leg,-2.7231874465942383,-1.7956342697143555,0.2803579866886139
1773048842,147649090,world,cf231,-2.735792636871338,-1.7664891481399536,0.3032666742801666
1773048842,147649090,world,cf231_leg,-2.723687171936035,-1.7958282232284546,0.2843007445335388
1773048842,152508628,world,cf231,-2.7364261150360107,-1.7669142484664917,0.30730533599853516
1773048842,152508628,world,cf231_leg,-2.724134922027588,-1.7959712743759155,0.28799861669540405
1773048842,158960699,world,cf231,-2.7368733882904053,-1.7671185731887817,0.31099188327789307
1773048842,158960699,world,cf231_leg,-2.7245068550109863,-1.7959098815917969,0.2916233241558075
1773048842,162900484,world,cf231,-2.737338066101074,-1.7676283121109009,0.314626544713974
1773048842,162900484,world,cf231_leg,-2.725050926208496,-1.796339988708496,0.2957550287246704
1773048842,167608024,world,cf231,-2.7379024028778076,-1.7683244943618774,0.31845149397850037
1773048842,167608024,world,cf231_leg,-2.725569725036621,-1.796748399734497,0.2997395396232605
1773048842,173519799,world,cf231,-2.7384562492370605,-1.7691305875778198,0.3227258324623108
1773048842,173519799,world,cf231_leg,-2.726015567779541,-1.7972491979599,0.30371126532554626
1773048842,177665434,world,cf231,-2.738856315612793,-1.769498348236084,0.3263184428215027
1773048842,177665434,world,cf231_leg,-2.726393938064575,-1.7974573373794556,0.3076813519001007
1773048842,183242676,world,cf231,-2.7393252849578857,-1.7704154253005981,0.33000698685646057
1773048842,183242676,world,cf231_leg,-2.7266368865966797,-1.7976336479187012,0.3114980161190033
1773048842,187943146,world,cf231,-2.7397267818450928,-1.7714145183563232,0.33407294750213623
1773048842,187943146,world,cf231_leg,-2.727118968963623,-1.7982739210128784,0.3155936896800995
1773048842,192698237,world,cf231,-2.74015736579895,-1.7721772193908691,0.33820390701293945
1773048842,192698237,world,cf231_leg,-2.7275774478912354,-1.7990083694458008,0.31974393129348755
1773048842,197768048,world,cf231,-2.740562915802002,-1.773247480392456,0.3421661853790283
1773048842,197768048,world,cf231_leg,-2.7280263900756836,-1.7994108200073242,0.32374307513237
1773048842,202681000,world,cf231,-2.740896701812744,-1.7744110822677612,0.34560173749923706
1773048842,202681000,world,cf231_leg,-2.728149652481079,-1.79983389377594,0.32771116495132446
1773048842,208429386,world,cf231,-2.7412781715393066,-1.7753369808197021,0.349640816450119
1773048842,208429386,world,cf231_leg,-2.7286365032196045,-1.8006691932678223,0.3319012522697449
1773048842,212640621,world,cf231,-2.7418129444122314,-1.7768115997314453,0.3539607524871826
1773048842,212640621,world,cf231_leg,-2.729013681411743,-1.8013246059417725,0.33600693941116333
1773048842,217526206,world,cf231,-2.7419321537017822,-1.7778286933898926,0.35802456736564636
1773048842,217526206,world,cf231_leg,-2.7291362285614014,-1.8016606569290161,0.3396397829055786
1773048842,222626210,world,cf231,-2.7422993183135986,-1.779480218887329,0.3615266680717468
1773048842,222626210,world,cf231_leg,-2.7295994758605957,-1.8026288747787476,0.3441215753555298
1773048842,228332009,world,cf231,-2.7425029277801514,-1.7806642055511475,0.3655640482902527
1773048842,228332009,world,cf231_leg,-2.7299540042877197,-1.8034335374832153,0.3482760787010193
1773048842,232544039,world,cf231,-2.7428653240203857,-1.7822903394699097,0.36979901790618896
1773048842,232544039,world,cf231_leg,-2.7300548553466797,-1.8039302825927734,0.3525353968143463
1773048842,237958162,world,cf231,-2.742816686630249,-1.7836761474609375,0.37337133288383484
1773048842,237958162,world,cf231_leg,-2.7303032875061035,-1.8047800064086914,0.35644543170928955
1773048842,242802558,world,cf231,-2.7431864738464355,-1.7853859663009644,0.3776612877845764
1773048842,242802558,world,cf231_leg,-2.7307398319244385,-1.8057082891464233,0.36076730489730835
1773048842,247668006,world,cf231,-2.743318557739258,-1.7867246866226196,0.3814203143119812
1773048842,247668006,world,cf231_leg,-2.730698585510254,-1.806172251701355,0.36467283964157104
1773048842,252757942,world,cf231,-2.7434816360473633,-1.7886133193969727,0.3854127526283264
1773048842,252757942,world,cf231_leg,-2.7310380935668945,-1.807278037071228,0.3689539432525635
1773048842,259496122,world,cf231,-2.7433857917785645,-1.7900668382644653,0.3894520103931427
1773048842,259496122,world,cf231_leg,-2.73124623298645,-1.8081111907958984,0.37301456928253174
1773048842,262666863,world,cf231,-2.7435970306396484,-1.7920596599578857,0.3938524127006531
1773048842,262666863,world,cf231_leg,-2.73136305809021,-1.8088867664337158,0.3771252930164337
1773048842,269163074,world,cf231,-2.7434637546539307,-1.793709397315979,0.397062212228775
1773048842,269163074,world,cf231_leg,-2.7318012714385986,-1.8098626136779785,0.3815602958202362
1773048842,274130949,world,cf231,-2.7435691356658936,-1.7955076694488525,0.4013151228427887
1773048842,274130949,world,cf231_leg,-2.7317347526550293,-1.810576319694519,0.3854748010635376
1773048842,277410123,world,cf231,-2.743530750274658,-1.7974839210510254,0.40518251061439514
1773048842,277410123,world,cf231_leg,-2.7317850589752197,-1.8114537000656128,0.38955312967300415
1773048842,282488313,world,cf231,-2.7433741092681885,-1.7991600036621094,0.40932169556617737
1773048842,282488313,world,cf231_leg,-2.7322723865509033,-1.8125498294830322,0.39401906728744507
1773048842,289144810,world,cf231,-2.743595838546753,-1.8014143705368042,0.41356217861175537
1773048842,289144810,world,cf231_leg,-2.7321720123291016,-1.8132472038269043,0.39805135130882263
1773048842,292697457,world,cf231,-2.743269443511963,-1.803137183189392,0.4170956611633301
1773048842,292697457,world,cf231_leg,-2.732495069503784,-1.8144121170043945,0.40244951844215393
1773048842,298373565,world,cf231,-2.7432498931884766,-1.8050291538238525,0.42127880454063416
1773048842,298373565,world,cf231_leg,-2.732686758041382,-1.8152928352355957,0.406650573015213
1773048842,302674431,world,cf231,-2.743192672729492,-1.807084321975708,0.42540082335472107
1773048842,302674431,world,cf231_leg,-2.7326242923736572,-1.8161345720291138,0.4105621874332428
1773048842,307513091,world,cf231,-2.7429327964782715,-1.8090269565582275,0.4294391870498657
1773048842,307513091,world,cf231_leg,-2.733044385910034,-1.817443609237671,0.4149456322193146
1773048842,312739449,world,cf231,-2.7428154945373535,-1.811010718345642,0.4337744414806366
1773048842,312739449,world,cf231_leg,-2.7329118251800537,-1.8180599212646484,0.418863445520401
1773048842,318260936,world,cf231,-2.7426047325134277,-1.8131860494613647,0.4373282790184021
1773048842,318260936,world,cf231_leg,-2.733257532119751,-1.8192862272262573,0.42320218682289124
1773048842,324538838,world,cf231,-2.742327928543091,-1.8149287700653076,0.44128724932670593
1773048842,324538838,world,cf231_leg,-2.7334091663360596,-1.820231318473816,0.42740973830223083
1773048842,327929178,world,cf231,-2.742093563079834,-1.8168842792510986,0.44554442167282104
1773048842,327929178,world,cf231_leg,-2.7333037853240967,-1.8209693431854248,0.431447297334671
1773048842,332644511,world,cf231,-2.741858720779419,-1.8189877271652222,0.4495020806789398
1773048842,332644511,world,cf231_leg,-2.733652353286743,-1.822211503982544,0.435973197221756
1773048842,337882209,world,cf231,-2.7415575981140137,-1.820859670639038,0.453822523355484
1773048842,337882209,world,cf231_leg,-2.7335586547851562,-1.8228178024291992,0.44005611538887024
1773048842,344240963,world,cf231,-2.741468667984009,-1.8229315280914307,0.45822614431381226
1773048842,344240963,world,cf231_leg,-2.733771324157715,-1.824030876159668,0.4443005621433258
1773048842,349266618,world,cf231,-2.7410411834716797,-1.8247276544570923,0.4617442786693573
1773048842,349266618,world,cf231_leg,-2.734022855758667,-1.8249951601028442,0.44877156615257263
1773048842,352594864,world,cf231,-2.740851879119873,-1.8265916109085083,0.4658714234828949
1773048842,352594864,world,cf231_leg,-2.733872890472412,-1.82595956325531,0.4525626003742218
1773048842,357630672,world,cf231,-2.740743398666382,-1.8286769390106201,0.4701513350009918
1773048842,357630672,world,cf231_leg,-2.7341578006744385,-1.827020287513733,0.456758052110672
1773048842,363287275,world,cf231,-2.7403483390808105,-1.8305329084396362,0.47407883405685425
1773048842,363287275,world,cf231_leg,-2.7341468334198,-1.8277016878128052,0.46082553267478943
1773048842,369176364,world,cf231,-2.740119457244873,-1.8323109149932861,0.47846856713294983
1773048842,369176364,world,cf231_leg,-2.7343757152557373,-1.8288284540176392,0.46525129675865173
1773048842,372601876,world,cf231,-2.7398619651794434,-1.834105372428894,0.48264291882514954
1773048842,372601876,world,cf231_leg,-2.734532117843628,-1.8297696113586426,0.46935465931892395
1773048842,377755047,world,cf231,-2.739590883255005,-1.835871934890747,0.48665547370910645
1773048842,377755047,world,cf231_leg,-2.7344584465026855,-1.8303807973861694,0.47349026799201965
1773048842,383350162,world,cf231,-2.739335298538208,-1.8375953435897827,0.49100786447525024
1773048842,383350162,world,cf231_leg,-2.7347424030303955,-1.8315937519073486,0.477751225233078
1773048842,387678277,world,cf231,-2.739236354827881,-1.8391212224960327,0.4951152205467224
1773048842,387678277,world,cf231_leg,-2.7347311973571777,-1.8322348594665527,0.48215219378471375
1773048842,392552297,world,cf231,-2.738907814025879,-1.8408442735671997,0.49892669916152954
1773048842,392552297,world,cf231_leg,-2.7348780632019043,-1.8330682516098022,0.486023873090744
1773048842,398357756,world,cf231,-2.738725423812866,-1.842529296875,0.5030884742736816
1773048842,398357756,world,cf231_leg,-2.735008478164673,-1.8340874910354614,0.4902820289134979
1773048842,402780491,world,cf231,-2.738334894180298,-1.8438124656677246,0.5072855949401855
1773048842,402780491,world,cf231_leg,-2.7350265979766846,-1.8347511291503906,0.4943995177745819
1773048842,407566548,world,cf231,-2.738442897796631,-1.8455073833465576,0.511737585067749
1773048842,407566548,world,cf231_leg,-2.73527455329895,-1.835676670074463,0.4985533654689789
1773048842,412643389,world,cf231,-2.738138198852539,-1.846950650215149,0.5158231258392334
1773048842,412643389,world,cf231_leg,-2.735403299331665,-1.836474895477295,0.5027353763580322
1773048842,417605559,world,cf231,-2.737844705581665,-1.848374366760254,0.5199235677719116
1773048842,417605559,world,cf231_leg,-2.7355053424835205,-1.8371247053146362,0.5069260001182556
1773048842,423367762,world,cf231,-2.7376809120178223,-1.8496514558792114,0.5242557525634766
1773048842,423367762,world,cf231_leg,-2.735569953918457,-1.8378292322158813,0.51107257604599
1773048842,427718360,world,cf231,-2.7377541065216064,-1.8510881662368774,0.5286878347396851
1773048842,427718360,world,cf231_leg,-2.7357702255249023,-1.8386980295181274,0.5151125192642212
1773048842,432417755,world,cf231,-2.7375388145446777,-1.8521934747695923,0.5327963829040527
1773048842,432417755,world,cf231_leg,-2.73587703704834,-1.839224934577942,0.5192443132400513
1773048842,437608497,world,cf231,-2.7374391555786133,-1.8533953428268433,0.5368067622184753
1773048842,437608497,world,cf231_leg,-2.736072063446045,-1.8399392366409302,0.5234602689743042
1773048842,442776675,world,cf231,-2.737240791320801,-1.854421615600586,0.5406490564346313
1773048842,442776675,world,cf231_leg,-2.736340284347534,-1.8406178951263428,0.5275396704673767
1773048842,447764348,world,cf231,-2.7372353076934814,-1.8555949926376343,0.5446975231170654
1773048842,447764348,world,cf231_leg,-2.736483335494995,-1.8411145210266113,0.5318268537521362
1773048842,452577072,world,cf231,-2.7371137142181396,-1.8564879894256592,0.5490142703056335
1773048842,452577072,world,cf231_leg,-2.7367167472839355,-1.8417942523956299,0.5361128449440002
1773048842,457564917,world,cf231,-2.7372264862060547,-1.8574490547180176,0.5534018278121948
1773048842,457564917,world,cf231_leg,-2.7369277477264404,-1.8423501253128052,0.5402275323867798
1773048842,462842881,world,cf231,-2.7372677326202393,-1.858278512954712,0.5576702356338501
1773048842,462842881,world,cf231_leg,-2.7371084690093994,-1.842739224433899,0.5443281531333923
1773048842,467816792,world,cf231,-2.737076997756958,-1.8589321374893188,0.5617752075195312
1773048842,467816792,world,cf231_leg,-2.737302780151367,-1.84322988986969,0.5483704209327698
1773048842,472676095,world,cf231,-2.7372705936431885,-1.8596410751342773,0.5661113262176514
1773048842,472676095,world,cf231_leg,-2.737595796585083,-1.8437811136245728,0.5526002049446106
1773048842,477560001,world,cf231,-2.737375020980835,-1.8603965044021606,0.5705052614212036
1773048842,477560001,world,cf231_leg,-2.737769842147827,-1.8441104888916016,0.5567526817321777
1773048842,482584510,world,cf231,-2.7373805046081543,-1.8609557151794434,0.574702262878418
1773048842,482584510,world,cf231_leg,-2.7380008697509766,-1.8444557189941406,0.5609568953514099
1773048842,487582719,world,cf231,-2.737639904022217,-1.8615405559539795,0.5789405107498169
1773048842,487582719,world,cf231_leg,-2.738267183303833,-1.844847321510315,0.5651206970214844
1773048842,493165934,world,cf231,-2.737591505050659,-1.8619393110275269,0.5829683542251587
1773048842,493165934,world,cf231_leg,-2.738680839538574,-1.8453234434127808,0.569405198097229
1773048842,498239834,world,cf231,-2.737847328186035,-1.8625447750091553,0.5873197317123413
1773048842,498239834,world,cf231_leg,-2.7389612197875977,-1.8455699682235718,0.5735479593276978
1773048842,503015649,world,cf231,-2.738140821456909,-1.8628766536712646,0.5915554761886597
1773048842,503015649,world,cf231_leg,-2.739194869995117,-1.8458316326141357,0.5778293609619141
1773048842,507749414,world,cf231,-2.738126277923584,-1.8630625009536743,0.5953272581100464
1773048842,507749414,world,cf231_leg,-2.7396252155303955,-1.846144437789917,0.5819729566574097
1773048842,513403850,world,cf231,-2.7382895946502686,-1.8632723093032837,0.5995380878448486
1773048842,513403850,world,cf231_leg,-2.7399673461914062,-1.8463046550750732,0.586143970489502
1773048842,517575013,world,cf231,-2.738734483718872,-1.863561987876892,0.603837251663208
1773048842,517575013,world,cf231_leg,-2.740237236022949,-1.8464815616607666,0.5903492569923401
1773048842,522481616,world,cf231,-2.738814115524292,-1.8634228706359863,0.6077958345413208
1773048842,522481616,world,cf231_leg,-2.74060320854187,-1.8465968370437622,0.5945090651512146
1773048842,528214547,world,cf231,-2.7390735149383545,-1.8635058403015137,0.6120606660842896
1773048842,528214547,world,cf231_leg,-2.7409934997558594,-1.8466925621032715,0.5987377762794495
1773048842,532589990,world,cf231,-2.739222526550293,-1.8635042905807495,0.6161285638809204
1773048842,532589990,world,cf231_leg,-2.741377115249634,-1.8468891382217407,0.6029711365699768
1773048842,539260563,world,cf231,-2.7395498752593994,-1.8634268045425415,0.6203103065490723
1773048842,539260563,world,cf231_leg,-2.741846799850464,-1.8470195531845093,0.6070339679718018
1773048842,542591600,world,cf231,-2.739924430847168,-1.8633644580841064,0.6244375705718994
1773048842,542591600,world,cf231_leg,-2.742199182510376,-1.8471108675003052,0.6110178828239441
1773048842,549152326,world,cf231,-2.740300178527832,-1.8632898330688477,0.628487229347229
1773048842,549152326,world,cf231_leg,-2.742549419403076,-1.847022294998169,0.6150059700012207
1773048842,552678385,world,cf231,-2.740678548812866,-1.8631396293640137,0.6326800584793091
1773048842,552678385,world,cf231_leg,-2.7429893016815186,-1.8468856811523438,0.6191157102584839
1773048842,559125497,world,cf231,-2.740980625152588,-1.8627914190292358,0.6368131637573242
1773048842,559125497,world,cf231_leg,-2.7433841228485107,-1.8467546701431274,0.6232979893684387
1773048842,562617909,world,cf231,-2.7413265705108643,-1.8625184297561646,0.6407169103622437
1773048842,562617909,world,cf231_leg,-2.743868350982666,-1.8467614650726318,0.6273521184921265
1773048842,568288301,world,cf231,-2.7418460845947266,-1.8620768785476685,0.6450713872909546
1773048842,568288301,world,cf231_leg,-2.744332790374756,-1.8465958833694458,0.6314545273780823
1773048842,572605108,world,cf231,-2.742335557937622,-1.861465573310852,0.6493885517120361
1773048842,572605108,world,cf231_leg,-2.7447752952575684,-1.8463979959487915,0.635672390460968
1773048842,577383103,world,cf231,-2.7428340911865234,-1.8609026670455933,0.6530666351318359
1773048842,577383103,world,cf231_leg,-2.7452552318573,-1.8463811874389648,0.6396616697311401
1773048842,582601857,world,cf231,-2.743319034576416,-1.8603551387786865,0.6567271947860718
1773048842,582601857,world,cf231_leg,-2.7457244396209717,-1.8462647199630737,0.6436362862586975
1773048842,587542234,world,cf231,-2.7438085079193115,-1.8597968816757202,0.6607773303985596
1773048842,587542234,world,cf231_leg,-2.746133327484131,-1.8459128141403198,0.6474802494049072
1773048842,594361017,world,cf231,-2.744396209716797,-1.8593271970748901,0.6646642684936523
1773048842,594361017,world,cf231_leg,-2.746690273284912,-1.8457221984863281,0.6516342163085938
1773048842,597621129,world,cf231,-2.744945526123047,-1.8586345911026,0.6686291694641113
1773048842,597621129,world,cf231_leg,-2.747227907180786,-1.845329761505127,0.6557404398918152
1773048842,602919131,world,cf231,-2.7456390857696533,-1.8578885793685913,0.672911524772644
1773048842,602919131,world,cf231_leg,-2.7476389408111572,-1.8448976278305054,0.6596689224243164
1773048842,607628379,world,cf231,-2.7462286949157715,-1.8570250272750854,0.6768873929977417
1773048842,607628379,world,cf231_leg,-2.74811053276062,-1.8446950912475586,0.6636731624603271
1773048842,612549315,world,cf231,-2.747035264968872,-1.8563389778137207,0.6809207201004028
1773048842,612549315,world,cf231_leg,-2.748739242553711,-1.8443220853805542,0.6676065921783447
1773048842,617618260,world,cf231,-2.747603178024292,-1.855371117591858,0.6847500801086426
1773048842,617618260,world,cf231_leg,-2.7491681575775146,-1.8439266681671143,0.6714231371879578
1773048842,622567210,world,cf231,-2.7483463287353516,-1.854514479637146,0.6884478330612183
1773048842,622567210,world,cf231_leg,-2.749643087387085,-1.8435724973678589,0.6752610802650452
1773048842,628051818,world,cf231,-2.749156951904297,-1.8536816835403442,0.6923283338546753
1773048842,628051818,world,cf231_leg,-2.750105381011963,-1.8431904315948486,0.6789235472679138
1773048842,632549586,world,cf231,-2.749861478805542,-1.8526135683059692,0.6961461305618286
1773048842,632549586,world,cf231_leg,-2.750821352005005,-1.8426138162612915,0.6830015182495117
1773048842,637590810,world,cf231,-2.7508890628814697,-1.8516751527786255,0.700154185295105
1773048842,637590810,world,cf231_leg,-2.751331329345703,-1.842139482498169,0.6868221759796143
1773048842,644190368,world,cf231,-2.751784086227417,-1.8506866693496704,0.7039971351623535
1773048842,644190368,world,cf231_leg,-2.7518463134765625,-1.841609001159668,0.6905981302261353
1773048842,648380117,world,cf231,-2.7524585723876953,-1.849600911140442,0.7076535224914551
1773048842,648380117,world,cf231_leg,-2.752481460571289,-1.8412067890167236,0.6944839954376221
1773048842,652569645,world,cf231,-2.753326177597046,-1.8486504554748535,0.7115018367767334
1773048842,652569645,world,cf231_leg,-2.7530243396759033,-1.840707778930664,0.6982350945472717
1773048842,657506280,world,cf231,-2.754162311553955,-1.8474407196044922,0.7152045965194702
1773048842,657506280,world,cf231_leg,-2.7535557746887207,-1.8402156829833984,0.701923668384552
1773048842,664320701,world,cf231,-2.7551753520965576,-1.846199631690979,0.7191166877746582
1773048842,664320701,world,cf231_leg,-2.7540993690490723,-1.8397157192230225,0.7056429386138916
1773048842,667583451,world,cf231,-2.756054639816284,-1.8450736999511719,0.7225773334503174
1773048842,667583451,world,cf231_leg,-2.7546398639678955,-1.8390241861343384,0.7093622088432312
1773048842,674508156,world,cf231,-2.7568461894989014,-1.843892216682434,0.7262248992919922
1773048842,674508156,world,cf231_leg,-2.755173921585083,-1.8384193181991577,0.7130221724510193
1773048842,679262411,world,cf231,-2.7577314376831055,-1.8425605297088623,0.7298277616500854
1773048842,679262411,world,cf231_leg,-2.755786418914795,-1.837816834449768,0.7166063189506531
1773048842,682729600,world,cf231,-2.758641004562378,-1.8414183855056763,0.7335162162780762
1773048842,682729600,world,cf231_leg,-2.7563650608062744,-1.8370583057403564,0.7202461957931519
1773048842,687649715,world,cf231,-2.7598421573638916,-1.8402436971664429,0.737406849861145
1773048842,687649715,world,cf231_leg,-2.7569077014923096,-1.836493730545044,0.7237172722816467
1773048842,692452881,world,cf231,-2.7608814239501953,-1.8388795852661133,0.7409517765045166
1773048842,692452881,world,cf231_leg,-2.757516622543335,-1.8359614610671997,0.727346658706665
1773048842,697579010,world,cf231,-2.7618448734283447,-1.837573528289795,0.7442750930786133
1773048842,697579010,world,cf231_leg,-2.7580668926239014,-1.8353933095932007,0.7308908700942993
1773048842,702633113,world,cf231,-2.762671709060669,-1.8361974954605103,0.7476887702941895
1773048842,702633113,world,cf231_leg,-2.7585558891296387,-1.8347042798995972,0.7343074083328247
1773048842,707564525,world,cf231,-2.7635602951049805,-1.8348621129989624,0.7513426542282104
1773048842,707564525,world,cf231_leg,-2.7590959072113037,-1.834006905555725,0.7375104427337646
1773048842,712836025,world,cf231,-2.7645275592803955,-1.8336262702941895,0.755050539970398
1773048842,712836025,world,cf231_leg,-2.7596991062164307,-1.8334574699401855,0.7408844828605652
1773048842,718274747,world,cf231,-2.7654762268066406,-1.8321573734283447,0.7583580017089844
1773048842,718274747,world,cf231_leg,-2.7602591514587402,-1.8326973915100098,0.7444695234298706
1773048842,722541286,world,cf231,-2.7666542530059814,-1.8307663202285767,0.7619152069091797
1773048842,722541286,world,cf231_leg,-2.7608931064605713,-1.832005262374878,0.7480416893959045
1773048842,727588782,world,cf231,-2.7675838470458984,-1.8293936252593994,0.7651553153991699
1773048842,727588782,world,cf231_leg,-2.7614340782165527,-1.8314329385757446,0.7514047622680664
1773048842,732555618,world,cf231,-2.768444538116455,-1.8280822038650513,0.7687209844589233
1773048842,732555618,world,cf231_leg,-2.7618508338928223,-1.8306281566619873,0.7545810341835022
1773048842,737551878,world,cf231,-2.7693986892700195,-1.8268284797668457,0.7722574472427368
1773048842,737551878,world,cf231_leg,-2.762566566467285,-1.8299052715301514,0.7579156160354614
1773048842,744185457,world,cf231,-2.770110845565796,-1.8251711130142212,0.7752828598022461
1773048842,744185457,world,cf231_leg,-2.7630417346954346,-1.8292598724365234,0.7613403797149658
1773048842,749264347,world,cf231,-2.771202564239502,-1.8239089250564575,0.778660774230957
1773048842,749264347,world,cf231_leg,-2.7634739875793457,-1.828575849533081,0.7645018696784973
1773048842,752556667,world,cf231,-2.7722201347351074,-1.8224633932113647,0.7822699546813965
1773048842,752556667,world,cf231_leg,-2.764089822769165,-1.8279383182525635,0.7677890658378601
1773048842,759282077,world,cf231,-2.7730653285980225,-1.8210175037384033,0.7855451107025146
1773048842,759282077,world,cf231_leg,-2.7646591663360596,-1.8271108865737915,0.7709565758705139
1773048842,762666426,world,cf231,-2.7739808559417725,-1.819682002067566,0.7887613773345947
1773048842,762666426,world,cf231_leg,-2.7650063037872314,-1.8262733221054077,0.7739428877830505
1773048842,767497461,world,cf231,-2.7747764587402344,-1.8182859420776367,0.7916685342788696
1773048842,767497461,world,cf231_leg,-2.765542507171631,-1.8257843255996704,0.7771602272987366
1773048842,777704728,world,cf231,-2.775617837905884,-1.817092776298523,0.7951067686080933
1773048842,777704728,world,cf231_leg,-2.7660632133483887,-1.8250477313995361,0.780319333076477
1773048842,782477934,world,cf231,-2.777369976043701,-1.8143765926361084,0.8014322519302368
1773048842,782477934,world,cf231_leg,-2.767022132873535,-1.8236591815948486,0.7862269878387451
1773048842,789223817,world,cf231,-2.7782363891601562,-1.8131722211837769,0.8043324947357178
1773048842,789223817,world,cf231_leg,-2.7674739360809326,-1.8230396509170532,0.7893174886703491
1773048842,792699079,world,cf231,-2.779083251953125,-1.81186044216156,0.8077027797698975
1773048842,792699079,world,cf231_leg,-2.7678794860839844,-1.8224018812179565,0.7922662496566772
1773048842,797569453,world,cf231,-2.779874324798584,-1.810519814491272,0.8110017776489258
1773048842,797569453,world,cf231_leg,-2.768454074859619,-1.8217822313308716,0.795200526714325
1773048842,802569129,world,cf231,-2.7805161476135254,-1.8090964555740356,0.8140068054199219
1773048842,802569129,world,cf231_leg,-2.768831968307495,-1.8210407495498657,0.7979093194007874
1773048842,807483867,world,cf231,-2.7812867164611816,-1.8078913688659668,0.8167273998260498
1773048842,807483867,world,cf231_leg,-2.76932692527771,-1.8206626176834106,0.8010644316673279
1773048842,812555127,world,cf231,-2.781921625137329,-1.8065911531448364,0.8199896812438965
1773048842,812555127,world,cf231_leg,-2.769742012023926,-1.8198702335357666,0.8037971258163452
1773048842,817486291,world,cf231,-2.7827229499816895,-1.8053768873214722,0.8229256868362427
1773048842,817486291,world,cf231_leg,-2.7700350284576416,-1.8193007707595825,0.8063861727714539
1773048842,822615406,world,cf231,-2.7835452556610107,-1.8044445514678955,0.8258782625198364
1773048842,822615406,world,cf231_leg,-2.7704262733459473,-1.8186664581298828,0.8092542886734009
1773048842,829111607,world,cf231,-2.7842321395874023,-1.8032153844833374,0.8287879228591919
1773048842,829111607,world,cf231_leg,-2.7708466053009033,-1.8181769847869873,0.8122487664222717
1773048842,832560696,world,cf231,-2.7848870754241943,-1.8021438121795654,0.8319156169891357
1773048842,832560696,world,cf231_leg,-2.7711780071258545,-1.8174173831939697,0.814791738986969
1773048842,838272733,world,cf231,-2.7854721546173096,-1.8011596202850342,0.8346201181411743
1773048842,838272733,world,cf231_leg,-2.7716894149780273,-1.8169007301330566,0.8176785707473755
1773048842,842948261,world,cf231,-2.786081314086914,-1.8001192808151245,0.8373285531997681
1773048842,842948261,world,cf231_leg,-2.771998405456543,-1.8163942098617554,0.8206305503845215
1773048842,847536105,world,cf231,-2.7865326404571533,-1.7991721630096436,0.8400501012802124
1773048842,847536105,world,cf231_leg,-2.772451400756836,-1.8158364295959473,0.8232510685920715
1773048842,852762253,world,cf231,-2.7869677543640137,-1.7982981204986572,0.8427224159240723
1773048842,852762253,world,cf231_leg,-2.772597312927246,-1.815381646156311,0.8256146907806396
1773048842,857520456,world,cf231,-2.7874863147735596,-1.7972885370254517,0.8452749252319336
1773048842,857520456,world,cf231_leg,-2.772941827774048,-1.8148524761199951,0.8282940983772278
1773048842,862482536,world,cf231,-2.7878549098968506,-1.7965565919876099,0.848283052444458
1773048842,862482536,world,cf231_leg,-2.7731282711029053,-1.8142634630203247,0.8307660818099976
1773048842,869189488,world,cf231,-2.7884628772735596,-1.7957285642623901,0.8509914875030518
1773048842,869189488,world,cf231_leg,-2.7734100818634033,-1.8139095306396484,0.8334996104240417
1773048842,874672286,world,cf231,-2.788848638534546,-1.7949728965759277,0.8537071943283081
1773048842,874672286,world,cf231_leg,-2.7736587524414062,-1.8132404088974,0.8361663818359375
1773048842,879293570,world,cf231,-2.789203405380249,-1.7941089868545532,0.8564815521240234
1773048842,879293570,world,cf231_leg,-2.774000644683838,-1.8130509853363037,0.8387753963470459
1773048842,882579393,world,cf231,-2.7896134853363037,-1.7933732271194458,0.8589916229248047
1773048842,882579393,world,cf231_leg,-2.7741036415100098,-1.8125767707824707,0.8411210179328918
1773048842,887539797,world,cf231,-2.7899057865142822,-1.7929341793060303,0.8613306283950806
1773048842,887539797,world,cf231_leg,-2.7743985652923584,-1.812375783920288,0.843590497970581
1773048842,894210672,world,cf231,-2.790149211883545,-1.7921327352523804,0.8638677597045898
1773048842,894210672,world,cf231_leg,-2.774465560913086,-1.8118081092834473,0.8460325002670288
1773048842,897490769,world,cf231,-2.790571689605713,-1.7916762828826904,0.8664830923080444
1773048842,897490769,world,cf231_leg,-2.7748000621795654,-1.8114300966262817,0.8486762642860413
1773048842,903272976,world,cf231,-2.7908856868743896,-1.7910908460617065,0.8690847158432007
1773048842,903272976,world,cf231_leg,-2.774867057800293,-1.8112034797668457,0.8510075211524963
1773048842,909190511,world,cf231,-2.7911376953125,-1.7906051874160767,0.8716479539871216
1773048842,909190511,world,cf231_leg,-2.775007486343384,-1.8109079599380493,0.8531333208084106
1773048842,914230134,world,cf231,-2.791121006011963,-1.790173053741455,0.8735630512237549
1773048842,914230134,world,cf231_leg,-2.775156259536743,-1.8106260299682617,0.8557328581809998
1773048842,919268960,world,cf231,-2.7915210723876953,-1.7898746728897095,0.8762657642364502
1773048842,919268960,world,cf231_leg,-2.7752368450164795,-1.8102368116378784,0.8581731915473938
1773048842,922669408,world,cf231,-2.7916035652160645,-1.7895214557647705,0.8786731958389282
1773048842,922669408,world,cf231_leg,-2.77524733543396,-1.810044765472412,0.8602633476257324
1773048842,928272998,world,cf231,-2.7915282249450684,-1.7892327308654785,0.8808237314224243
1773048842,928272998,world,cf231_leg,-2.7753512859344482,-1.809946060180664,0.8625747561454773
1773048842,932649307,world,cf231,-2.791654586791992,-1.7888085842132568,0.8831394910812378
1773048842,932649307,world,cf231_leg,-2.7755017280578613,-1.8096287250518799,0.864875078201294
1773048842,937717576,world,cf231,-2.7917897701263428,-1.7885407209396362,0.8854342699050903
1773048842,937717576,world,cf231_leg,-2.7755143642425537,-1.809468150138855,0.8671934604644775
1773048842,942477552,world,cf231,-2.7918999195098877,-1.7884782552719116,0.8876277208328247
1773048842,942477552,world,cf231_leg,-2.775513172149658,-1.8093928098678589,0.8691920042037964
1773048842,947565961,world,cf231,-2.792123317718506,-1.788537621498108,0.8897651433944702
1773048842,947565961,world,cf231_leg,-2.775580644607544,-1.8093113899230957,0.8717277646064758
1773048842,952557277,world,cf231,-2.7920777797698975,-1.78817880153656,0.8921316862106323
1773048842,952557277,world,cf231_leg,-2.7754857540130615,-1.8091689348220825,0.8735628128051758
1773048842,957585389,world,cf231,-2.7920305728912354,-1.788193702697754,0.8939094543457031
1773048842,957585389,world,cf231_leg,-2.775428533554077,-1.8090814352035522,0.8757002949714661
1773048842,962613816,world,cf231,-2.791905403137207,-1.7881450653076172,0.8962774276733398
1773048842,962613816,world,cf231_leg,-2.7753899097442627,-1.8090487718582153,0.8778257966041565
1773048842,967532544,world,cf231,-2.7918379306793213,-1.7881901264190674,0.8979531526565552
1773048842,967532544,world,cf231_leg,-2.7752552032470703,-1.8090847730636597,0.8796567320823669
1773048842,975895485,world,cf231,-2.7917208671569824,-1.788187861442566,0.9002009630203247
1773048842,975895485,world,cf231_leg,-2.7753915786743164,-1.8091039657592773,0.8819660544395447
1773048842,977874484,world,cf231,-2.7918450832366943,-1.7883343696594238,0.9022334814071655
1773048842,977874484,world,cf231_leg,-2.775130033493042,-1.8090182542800903,0.8838328123092651
1773048842,995899695,world,cf231,-2.791738271713257,-1.7886512279510498,0.9043715000152588
1773048842,995899695,world,cf231_leg,-2.7750508785247803,-1.809159755706787,0.8859394192695618
1773048842,998590635,world,cf231,-2.7913401126861572,-1.7886301279067993,0.9058589935302734
1773048842,998590635,world,cf231_leg,-2.7750139236450195,-1.8091716766357422,0.8878257274627686
1773048842,999367489,world,cf231,-2.7911455631256104,-1.7888108491897583,0.907913327217102
1773048842,999367489,world,cf231_leg,-2.7748124599456787,-1.8093541860580444,0.889681875705719
1773048842,999706093,world,cf231,-2.7911083698272705,-1.7891409397125244,0.9097121953964233
1773048843,2882131,world,cf231,-2.7908411026000977,-1.789277195930481,0.9114500284194946
1773048843,2882131,world,cf231_leg,-2.7743024826049805,-1.8094689846038818,0.8932234048843384
1773048843,8312333,world,cf231,-2.7904605865478516,-1.7897218465805054,0.9131555557250977
1773048843,8312333,world,cf231_leg,-2.774174690246582,-1.8096332550048828,0.8951833248138428
1773048843,12726126,world,cf231,-2.7901077270507812,-1.7900687456130981,0.9150359630584717
1773048843,12726126,world,cf231_leg,-2.7739131450653076,-1.8097707033157349,0.8967928886413574
1773048843,17875428,world,cf231,-2.789795398712158,-1.790428876876831,0.9165900945663452
1773048843,17875428,world,cf231_leg,-2.7737009525299072,-1.8097946643829346,0.8988363742828369
1773048843,22537690,world,cf231,-2.789684772491455,-1.7909352779388428,0.9185130596160889
1773048843,22537690,world,cf231_leg,-2.7733752727508545,-1.8101131916046143,0.9003551006317139
1773048843,28522359,world,cf231,-2.78905987739563,-1.791303277015686,0.9200894832611084
1773048843,28522359,world,cf231_leg,-2.773139715194702,-1.8103004693984985,0.9020334482192993
1773048843,32511751,world,cf231,-2.7887167930603027,-1.7918975353240967,0.921289324760437
1773048843,32511751,world,cf231_leg,-2.7729737758636475,-1.8106132745742798,0.9037468433380127
1773048843,37617034,world,cf231,-2.788438320159912,-1.7924458980560303,0.9233794212341309
1773048843,37617034,world,cf231_leg,-2.7726218700408936,-1.8108375072479248,0.9054527282714844
1773048843,44111191,world,cf231,-2.787764310836792,-1.7929697036743164,0.924605131149292
1773048843,44111191,world,cf231_leg,-2.7722673416137695,-1.8111275434494019,0.9070266485214233
1773048843,49039128,world,cf231,-2.787386894226074,-1.7937260866165161,0.9260871410369873
1773048843,49039128,world,cf231_leg,-2.7719545364379883,-1.8113988637924194,0.9084569215774536
1773048843,54093197,world,cf231,-2.7870004177093506,-1.7943215370178223,0.9279321432113647
1773048843,54093197,world,cf231_leg,-2.771702289581299,-1.811630129814148,0.910250186920166
1773048843,57415722,world,cf231,-2.786381721496582,-1.795053482055664,0.9289941787719727
1773048843,57415722,world,cf231_leg,-2.7712433338165283,-1.8119206428527832,0.9116225242614746
1773048843,63011413,world,cf231,-2.785719394683838,-1.7957488298416138,0.9304381608963013
1773048843,63011413,world,cf231_leg,-2.7709591388702393,-1.8123583793640137,0.9130990505218506
1773048843,67556762,world,cf231,-2.785313367843628,-1.7966115474700928,0.931958794593811
1773048843,67556762,world,cf231_leg,-2.7705278396606445,-1.8126956224441528,0.9146839380264282
1773048843,72655230,world,cf231,-2.784527540206909,-1.797235131263733,0.9331045150756836
1773048843,72655230,world,cf231_leg,-2.7701761722564697,-1.8130296468734741,0.9159927368164062
1773048843,77408183,world,cf231,-2.784043312072754,-1.7981914281845093,0.9348222017288208
1773048843,77408183,world,cf231_leg,-2.769714117050171,-1.8134560585021973,0.9174500703811646
1773048843,82440990,world,cf231,-2.7833147048950195,-1.7988487482070923,0.935720682144165
1773048843,82440990,world,cf231_leg,-2.769301176071167,-1.8138169050216675,0.9189082384109497
1773048843,89348604,world,cf231,-2.782588481903076,-1.799736499786377,0.9368835687637329
1773048843,89348604,world,cf231_leg,-2.76880145072937,-1.814344048500061,0.9199535846710205
1773048843,92543194,world,cf231,-2.782113552093506,-1.8007569313049316,0.9386608600616455
1773048843,92543194,world,cf231_leg,-2.7684645652770996,-1.814562201499939,0.9215267896652222
1773048843,98323003,world,cf231,-2.7811901569366455,-1.8015514612197876,0.9395407438278198
1773048843,98323003,world,cf231_leg,-2.7679567337036133,-1.815117359161377,0.9229085445404053
1773048843,102633128,world,cf231,-2.7805025577545166,-1.802450180053711,0.9405425786972046
1773048843,102633128,world,cf231_leg,-2.7674782276153564,-1.8156712055206299,0.9239946603775024
1773048843,107586420,world,cf231,-2.779858112335205,-1.803512692451477,0.941981315612793
1773048843,107586420,world,cf231_leg,-2.767056703567505,-1.8160732984542847,0.9253270626068115
1773048843,112552956,world,cf231,-2.7790801525115967,-1.8043440580368042,0.9428019523620605
1773048843,112552956,world,cf231_leg,-2.766552686691284,-1.8164849281311035,0.9266247749328613
1773048843,117703018,world,cf231,-2.7782299518585205,-1.8052549362182617,0.9434797763824463
1773048843,117703018,world,cf231_leg,-2.7660202980041504,-1.8170316219329834,0.9277348518371582
1773048843,124172639,world,cf231,-2.77746844291687,-1.8063572645187378,0.9449291229248047
1773048843,124172639,world,cf231_leg,-2.765671968460083,-1.8176236152648926,0.9288926124572754
1773048843,129208223,world,cf231,-2.776869773864746,-1.807213306427002,0.9462485313415527
1773048843,129208223,world,cf231_leg,-2.765068769454956,-1.8180553913116455,0.9300055503845215
1773048843,132497046,world,cf231,-2.775913953781128,-1.8082150220870972,0.94698166847229
1773048843,132497046,world,cf231_leg,-2.764554500579834,-1.8185416460037231,0.9310847520828247
1773048843,137619862,world,cf231,-2.775219440460205,-1.8093481063842773,0.948046088218689
1773048843,137619862,world,cf231_leg,-2.7640862464904785,-1.8190486431121826,0.9321409463882446
1773048843,144177540,world,cf231,-2.774296522140503,-1.8101757764816284,0.9489080905914307
1773048843,144177540,world,cf231_leg,-2.763437032699585,-1.819703221321106,0.9331469535827637
1773048843,147524355,world,cf231,-2.7734107971191406,-1.8113012313842773,0.9498745203018188
1773048843,147524355,world,cf231_leg,-2.762993574142456,-1.8202704191207886,0.9343090057373047
1773048843,152611605,world,cf231,-2.7726449966430664,-1.812279224395752,0.9504944086074829
1773048843,152611605,world,cf231_leg,-2.7624380588531494,-1.8207117319107056,0.935165524482727
1773048843,157905553,world,cf231,-2.7716336250305176,-1.8133000135421753,0.9515365362167358
1773048843,157905553,world,cf231_leg,-2.761845827102661,-1.8213577270507812,0.9360864162445068
1773048843,162678507,world,cf231,-2.7707479000091553,-1.8142609596252441,0.952431321144104
1773048843,162678507,world,cf231_leg,-2.7614033222198486,-1.8218523263931274,0.9372261762619019
1773048843,167571038,world,cf231,-2.7698428630828857,-1.8154188394546509,0.9531570672988892
1773048843,167571038,world,cf231_leg,-2.7607834339141846,-1.8225232362747192,0.9379892349243164
1773048843,172833223,world,cf231,-2.7690203189849854,-1.8163644075393677,0.9537378549575806
1773048843,172833223,world,cf231_leg,-2.7602663040161133,-1.823170781135559,0.9387263059616089
1773048843,177601954,world,cf231,-2.7681028842926025,-1.8174071311950684,0.9546499252319336
1773048843,177601954,world,cf231_leg,-2.7596657276153564,-1.8236414194107056,0.9397706985473633
1773048843,182875009,world,cf231,-2.7672793865203857,-1.8185964822769165,0.9556137323379517
1773048843,182875009,world,cf231_leg,-2.759115695953369,-1.8242253065109253,0.9406321048736572
1773048843,187568909,world,cf231,-2.76639986038208,-1.81948721408844,0.9562574625015259
1773048843,187568909,world,cf231_leg,-2.758552312850952,-1.824904203414917,0.9413995742797852
1773048843,192528282,world,cf231,-2.765406608581543,-1.820331335067749,0.9568164348602295
1773048843,192528282,world,cf231_leg,-2.7579400539398193,-1.8254200220108032,0.9421865940093994
1773048843,198314888,world,cf231,-2.764613628387451,-1.8215667009353638,0.9576132297515869
1773048843,198314888,world,cf231_leg,-2.7572994232177734,-1.825986385345459,0.9428472518920898
1773048843,202604124,world,cf231,-2.7635562419891357,-1.8223862648010254,0.9582170248031616
1773048843,202604124,world,cf231_leg,-2.756795644760132,-1.8265900611877441,0.9436880350112915
1773048843,207866107,world,cf231,-2.7627880573272705,-1.823506474494934,0.959190845489502
1773048843,207866107,world,cf231_leg,-2.756132125854492,-1.8272099494934082,0.9443992376327515
1773048843,212568035,world,cf231,-2.761725664138794,-1.82443106174469,0.9596080780029297
1773048843,212568035,world,cf231_leg,-2.7555649280548096,-1.8277019262313843,0.9450169801712036
1773048843,218063621,world,cf231,-2.760958433151245,-1.8254181146621704,0.9601724147796631
1773048843,218063621,world,cf231_leg,-2.7549827098846436,-1.828312873840332,0.9457840919494629
1773048843,224226854,world,cf231,-2.7599258422851562,-1.8263822793960571,0.9607917070388794
1773048843,224226854,world,cf231_leg,-2.7544219493865967,-1.8290965557098389,0.94649338722229
1773048843,228219242,world,cf231,-2.7591066360473633,-1.8275591135025024,0.9615421295166016
1773048843,228219242,world,cf231_leg,-2.753950595855713,-1.8295698165893555,0.9471473693847656
1773048843,234204937,world,cf231,-2.7580997943878174,-1.8283956050872803,0.962094783782959
1773048843,234204937,world,cf231_leg,-2.753363609313965,-1.8301491737365723,0.9476943016052246
1773048843,240244633,world,cf231,-2.7571358680725098,-1.829351544380188,0.9625576734542847
1773048843,240244633,world,cf231_leg,-2.7527337074279785,-1.8307908773422241,0.9481511116027832
1773048843,244076633,world,cf231,-2.7562954425811768,-1.8302303552627563,0.9630154371261597
1773048843,244076633,world,cf231_leg,-2.752159357070923,-1.8312876224517822,0.9488693475723267
1773048843,249241565,world,cf231,-2.7552330493927,-1.8310267925262451,0.9634708166122437
1773048843,249241565,world,cf231_leg,-2.7517013549804688,-1.8319759368896484,0.9495159387588501
1773048843,253138081,world,cf231,-2.754363536834717,-1.8319817781448364,0.963910698890686
1773048843,253138081,world,cf231_leg,-2.7510745525360107,-1.832573413848877,0.9499737024307251
1773048843,258214499,world,cf231,-2.7534191608428955,-1.8327443599700928,0.9645544290542603
1773048843,258214499,world,cf231_leg,-2.7504515647888184,-1.833105206489563,0.9505846500396729
1773048843,262681319,world,cf231,-2.7525627613067627,-1.8338024616241455,0.9649988412857056
1773048843,262681319,world,cf231_leg,-2.7498421669006348,-1.833585500717163,0.9508893489837646
1773048843,268692218,world,cf231,-2.7516262531280518,-1.8344851732254028,0.9653186798095703
1773048843,268692218,world,cf231_leg,-2.7494444847106934,-1.8342806100845337,0.9514989852905273
1773048843,272698327,world,cf231,-2.7507741451263428,-1.8352988958358765,0.965735912322998
1773048843,272698327,world,cf231_leg,-2.7489471435546875,-1.8348098993301392,0.951901912689209
1773048843,279232633,world,cf231,-2.749983549118042,-1.8362385034561157,0.9660801887512207
1773048843,279232633,world,cf231_leg,-2.748203992843628,-1.8353662490844727,0.9523530006408691
1773048843,283239696,world,cf231,-2.749159097671509,-1.8369526863098145,0.9666767120361328
1773048843,283239696,world,cf231_leg,-2.747680902481079,-1.8358758687973022,0.9527713060379028
1773048843,288690781,world,cf231,-2.7482213973999023,-1.8375325202941895,0.9670873880386353
1773048843,288690781,world,cf231_leg,-2.7472424507141113,-1.8365235328674316,0.9534875154495239
1773048843,294099104,world,cf231,-2.7474427223205566,-1.8382223844528198,0.9675092697143555
1773048843,294099104,world,cf231_leg,-2.7467470169067383,-1.8370908498764038,0.9538024663925171
1773048843,297533457,world,cf231,-2.7467150688171387,-1.83901047706604,0.9678915739059448
1773048843,297533457,world,cf231_leg,-2.746110677719116,-1.8375880718231201,0.9540797472000122
1773048843,304204212,world,cf231,-2.745882987976074,-1.8396028280258179,0.9681847095489502
1773048843,304204212,world,cf231_leg,-2.7456469535827637,-1.8381683826446533,0.9544795751571655
1773048843,308220969,world,cf231,-2.745168685913086,-1.8402057886123657,0.9684290885925293
1773048843,308220969,world,cf231_leg,-2.7451674938201904,-1.838581919670105,0.9547089338302612
1773048843,312593886,world,cf231,-2.7444467544555664,-1.8408210277557373,0.9687972068786621
1773048843,312593886,world,cf231_leg,-2.7446048259735107,-1.8391540050506592,0.955016016960144
1773048843,317550322,world,cf231,-2.743680000305176,-1.8414191007614136,0.9691967964172363
1773048843,317550322,world,cf231_leg,-2.7440993785858154,-1.839728593826294,0.9554668664932251
1773048843,324078240,world,cf231,-2.743000030517578,-1.84205162525177,0.9695611000061035
1773048843,324078240,world,cf231_leg,-2.7436740398406982,-1.8401830196380615,0.9558135271072388
1773048843,327468316,world,cf231,-2.7424185276031494,-1.8427475690841675,0.9700559377670288
1773048843,327468316,world,cf231_leg,-2.743168354034424,-1.8406463861465454,0.9561048746109009
1773048843,333491586,world,cf231,-2.741640567779541,-1.843234896659851,0.9702260494232178
1773048843,333491586,world,cf231_leg,-2.7426986694335938,-1.8412749767303467,0.9565421342849731
1773048843,337623732,world,cf231,-2.741032600402832,-1.8437432050704956,0.9704002141952515
1773048843,337623732,world,cf231_leg,-2.742154598236084,-1.8415758609771729,0.9567248821258545
1773048843,342594909,world,cf231,-2.7405173778533936,-1.8442844152450562,0.9706602096557617
1773048843,342594909,world,cf231_leg,-2.7417736053466797,-1.842118501663208,0.9568905830383301
1773048843,347528216,world,cf231,-2.739929676055908,-1.8448578119277954,0.9708279371261597
1773048843,347528216,world,cf231_leg,-2.7412424087524414,-1.8426728248596191,0.9569993019104004
1773048843,352404274,world,cf231,-2.7392899990081787,-1.8453447818756104,0.9710842370986938
1773048843,352404274,world,cf231_leg,-2.7409234046936035,-1.8430695533752441,0.9573595523834229
1773048843,357433540,world,cf231,-2.73874568939209,-1.8458257913589478,0.9712743759155273
1773048843,357433540,world,cf231_leg,-2.7404658794403076,-1.8435076475143433,0.9574421644210815
1773048843,362707379,world,cf231,-2.7382023334503174,-1.8461594581604004,0.9713624715805054
1773048843,362707379,world,cf231_leg,-2.739884853363037,-1.8439397811889648,0.9574998617172241
1773048843,367573040,world,cf231,-2.737656831741333,-1.846569538116455,0.9717320203781128
1773048843,367573040,world,cf231_leg,-2.7395718097686768,-1.8443678617477417,0.9577016830444336
1773048843,372582877,world,cf231,-2.736983060836792,-1.8469326496124268,0.9717590808868408
1773048843,372582877,world,cf231_leg,-2.7391624450683594,-1.8447434902191162,0.9578297138214111
1773048843,377582009,world,cf231,-2.736530065536499,-1.847362995147705,0.971975564956665
1773048843,377582009,world,cf231_leg,-2.7387523651123047,-1.8450849056243896,0.958038330078125
1773048843,382639416,world,cf231,-2.7360739707946777,-1.8477593660354614,0.9721057415008545
1773048843,382639416,world,cf231_leg,-2.738405227661133,-1.8455750942230225,0.9582533836364746
1773048843,387951624,world,cf231,-2.7357325553894043,-1.848211407661438,0.9723728895187378
1773048843,387951624,world,cf231_leg,-2.73803973197937,-1.8459625244140625,0.95850670337677
1773048843,392500286,world,cf231,-2.7352843284606934,-1.8487249612808228,0.972624659538269
1773048843,392500286,world,cf231_leg,-2.737647771835327,-1.8463643789291382,0.9585260152816772
1773048843,397522404,world,cf231,-2.7347629070281982,-1.8489292860031128,0.9726513624191284
1773048843,397522404,world,cf231_leg,-2.7372334003448486,-1.846705436706543,0.9585913419723511
1773048843,403188580,world,cf231,-2.7343273162841797,-1.8492016792297363,0.9727563858032227
1773048843,403188580,world,cf231_leg,-2.7369751930236816,-1.8471060991287231,0.958690881729126
1773048843,407678469,world,cf231,-2.7339391708374023,-1.849483609199524,0.9727729558944702
1773048843,407678469,world,cf231_leg,-2.7366724014282227,-1.847348928451538,0.958756685256958
1773048843,412679240,world,cf231,-2.7335872650146484,-1.8497086763381958,0.9728039503097534
1773048843,412679240,world,cf231_leg,-2.7364091873168945,-1.8477920293807983,0.9590528011322021
1773048843,418421908,world,cf231,-2.7332160472869873,-1.850058913230896,0.9728569984436035
1773048843,418421908,world,cf231_leg,-2.736015558242798,-1.8481602668762207,0.9589840173721313
1773048843,422577001,world,cf231,-2.7329909801483154,-1.8504822254180908,0.9729514122009277
1773048843,422577001,world,cf231_leg,-2.7356152534484863,-1.8483470678329468,0.9589650630950928
1773048843,427493885,world,cf231,-2.7325832843780518,-1.8507094383239746,0.9727970361709595
1773048843,427493885,world,cf231_leg,-2.73541522026062,-1.8487528562545776,0.9590318202972412
1773048843,432715127,world,cf231,-2.7321360111236572,-1.850953221321106,0.9727364778518677
1773048843,432715127,world,cf231_leg,-2.7351865768432617,-1.8490657806396484,0.9590961933135986
1773048843,437542134,world,cf231,-2.731938362121582,-1.8512078523635864,0.9727598428726196
1773048843,437542134,world,cf231_leg,-2.7349705696105957,-1.849334716796875,0.9590697288513184
1773048843,442571503,world,cf231,-2.731670379638672,-1.8514302968978882,0.9726502895355225
1773048843,442571503,world,cf231_leg,-2.73466157913208,-1.8495805263519287,0.9590264558792114
1773048843,447471720,world,cf231,-2.73140287399292,-1.851652979850769,0.9725397825241089
1773048843,447471720,world,cf231_leg,-2.734429121017456,-1.8498940467834473,0.9589443206787109
1773048843,452596417,world,cf231,-2.7311604022979736,-1.851859450340271,0.9724990129470825
1773048843,452596417,world,cf231_leg,-2.7341811656951904,-1.8501437902450562,0.9590166807174683
1773048843,458801413,world,cf231,-2.7309107780456543,-1.8519935607910156,0.9724985361099243
1773048843,458801413,world,cf231_leg,-2.734086275100708,-1.8503823280334473,0.9589123725891113
1773048843,464869163,world,cf231,-2.730733633041382,-1.852168083190918,0.9724321365356445
1773048843,464869163,world,cf231_leg,-2.7337374687194824,-1.8507989645004272,0.9589040279388428
1773048843,467664572,world,cf231,-2.7305829524993896,-1.8523248434066772,0.9724141359329224
1773048843,467664572,world,cf231_leg,-2.7335946559906006,-1.8509513139724731,0.9588520526885986
1773048843,472648224,world,cf231,-2.7304694652557373,-1.8524222373962402,0.9723902940750122
1773048843,472648224,world,cf231_leg,-2.7333450317382812,-1.8510199785232544,0.9587188959121704
1773048843,478567543,world,cf231,-2.730343818664551,-1.8525280952453613,0.9723305702209473
1773048843,478567543,world,cf231_leg,-2.7331018447875977,-1.8513392210006714,0.9585855007171631
1773048843,483395987,world,cf231,-2.7301816940307617,-1.8526906967163086,0.9722579717636108
1773048843,483395987,world,cf231_leg,-2.7330617904663086,-1.8516212701797485,0.9586111307144165
1773048843,489303910,world,cf231,-2.7301430702209473,-1.8527518510818481,0.9722847938537598
1773048843,489303910,world,cf231_leg,-2.7329328060150146,-1.851765513420105,0.9585734605789185
1773048843,494561474,world,cf231,-2.7301442623138428,-1.8528228998184204,0.9721062183380127
1773048843,494561474,world,cf231_leg,-2.732734441757202,-1.8520269393920898,0.9583274126052856
1773048843,500549582,world,cf231,-2.7300827503204346,-1.8530062437057495,0.9719953536987305
1773048843,500549582,world,cf231_leg,-2.732699394226074,-1.8522310256958008,0.9584294557571411
1773048843,508135808,world,cf231,-2.7300660610198975,-1.8530203104019165,0.972022294998169
1773048843,508135808,world,cf231_leg,-2.7325828075408936,-1.8524819612503052,0.9582206010818481
1773048843,509683858,world,cf231,-2.729975938796997,-1.8530309200286865,0.9718488454818726
1773048843,509683858,world,cf231_leg,-2.7324347496032715,-1.8524905443191528,0.957939624786377
1773048843,514112344,world,cf231,-2.73002028465271,-1.8531546592712402,0.9717738628387451
1773048843,514112344,world,cf231_leg,-2.7322566509246826,-1.8527737855911255,0.9577411413192749
1773048843,517663055,world,cf231,-2.7300617694854736,-1.8531339168548584,0.9716402292251587
1773048843,517663055,world,cf231_leg,-2.732189655303955,-1.8528492450714111,0.9575681686401367
1773048843,523325962,world,cf231,-2.7300734519958496,-1.853090763092041,0.971564531326294
1773048843,523325962,world,cf231_leg,-2.732100486755371,-1.8529738187789917,0.9574140310287476
1773048843,527988928,world,cf231,-2.730267286300659,-1.8532402515411377,0.9713239669799805
1773048843,527988928,world,cf231_leg,-2.7320117950439453,-1.8532078266143799,0.9572349786758423
1773048843,533251766,world,cf231,-2.7302918434143066,-1.8531514406204224,0.971153736114502
1773048843,533251766,world,cf231_leg,-2.7319302558898926,-1.8532915115356445,0.9570480585098267
1773048843,538178246,world,cf231,-2.730386257171631,-1.8530604839324951,0.9710050821304321
1773048843,538178246,world,cf231_leg,-2.731843948364258,-1.8534135818481445,0.9568568468093872
1773048843,542754232,world,cf231,-2.7305104732513428,-1.853152871131897,0.9707392454147339
1773048843,542754232,world,cf231_leg,-2.731886148452759,-1.853611946105957,0.9566709995269775
1773048843,548345482,world,cf231,-2.73051381111145,-1.8531088829040527,0.9705489873886108
1773048843,548345482,world,cf231_leg,-2.7318027019500732,-1.8536959886550903,0.9565048217773438
1773048843,553795778,world,cf231,-2.7308273315429688,-1.853128433227539,0.9703576564788818
1773048843,553795778,world,cf231_leg,-2.7318646907806396,-1.8538826704025269,0.956444263458252
1773048843,557570008,world,cf231,-2.73088002204895,-1.8531404733657837,0.9700084924697876
1773048843,557570008,world,cf231_leg,-2.7317616939544678,-1.853904128074646,0.956284761428833
1773048843,562662250,world,cf231,-2.7310233116149902,-1.8530192375183105,0.9696214199066162
1773048843,562662250,world,cf231_leg,-2.7317519187927246,-1.8541688919067383,0.9561095237731934
1773048843,567617030,world,cf231,-2.7312257289886475,-1.8529489040374756,0.969551682472229
1773048843,567617030,world,cf231_leg,-2.7317821979522705,-1.8541520833969116,0.955906867980957
1773048843,572588885,world,cf231,-2.731342315673828,-1.8528105020523071,0.9694032669067383
1773048843,572588885,world,cf231_leg,-2.7317636013031006,-1.854311466217041,0.9556667804718018
1773048843,578304232,world,cf231,-2.73160457611084,-1.8527443408966064,0.9692981243133545
1773048843,578304232,world,cf231_leg,-2.7318058013916016,-1.854543924331665,0.9555906057357788
1773048843,582664234,world,cf231,-2.7318601608276367,-1.8527953624725342,0.9692505598068237
1773048843,582664234,world,cf231_leg,-2.7318670749664307,-1.8545866012573242,0.9554463624954224
1773048843,587466468,world,cf231,-2.73225474357605,-1.8528058528900146,0.9691377878189087
1773048843,587466468,world,cf231_leg,-2.7317087650299072,-1.8545663356781006,0.9551738500595093
1773048843,594205933,world,cf231,-2.732501745223999,-1.8526384830474854,0.9690500497817993
1773048843,594205933,world,cf231_leg,-2.7318193912506104,-1.854761004447937,0.9549931287765503
1773048843,597541403,world,cf231,-2.7328176498413086,-1.8525807857513428,0.9689764976501465
1773048843,597541403,world,cf231_leg,-2.7318246364593506,-1.8547191619873047,0.9547948837280273
1773048843,603214252,world,cf231,-2.733175277709961,-1.8526510000228882,0.9688690900802612
1773048843,603214252,world,cf231_leg,-2.7318525314331055,-1.8548169136047363,0.9546189308166504
1773048843,607643011,world,cf231,-2.733424186706543,-1.852484941482544,0.9687774181365967
1773048843,607643011,world,cf231_leg,-2.7319138050079346,-1.8549660444259644,0.9544365406036377
1773048843,612536210,world,cf231,-2.7336533069610596,-1.852362036705017,0.9686444997787476
1773048843,612536210,world,cf231_leg,-2.7319788932800293,-1.8550047874450684,0.954237699508667
1773048843,617829300,world,cf231,-2.7339346408843994,-1.8522651195526123,0.9684017896652222
1773048843,617829300,world,cf231_leg,-2.7319211959838867,-1.8550020456314087,0.953886866569519
1773048843,622596791,world,cf231,-2.734264850616455,-1.8521571159362793,0.9681947231292725
1773048843,622596791,world,cf231_leg,-2.73211932182312,-1.8550692796707153,0.9536784887313843
1773048843,629189836,world,cf231,-2.734531879425049,-1.8519725799560547,0.9680362939834595
1773048843,629189836,world,cf231_leg,-2.732172727584839,-1.8551535606384277,0.9537553787231445
1773048843,632420927,world,cf231,-2.7349064350128174,-1.8518840074539185,0.967818021774292
1773048843,632420927,world,cf231_leg,-2.732224702835083,-1.8551204204559326,0.9534569978713989
1773048843,637480167,world,cf231,-2.7354276180267334,-1.8518972396850586,0.9677164554595947
1773048843,637480167,world,cf231_leg,-2.7322912216186523,-1.8551945686340332,0.9533640146255493
1773048843,642578766,world,cf231,-2.7357594966888428,-1.8517907857894897,0.9675050973892212
1773048843,642578766,world,cf231_leg,-2.7324953079223633,-1.8553392887115479,0.9533491134643555
1773048843,649315192,world,cf231,-2.7360916137695312,-1.8517189025878906,0.9674055576324463
1773048843,649315192,world,cf231_leg,-2.7324700355529785,-1.855283498764038,0.9530472755432129
1773048843,652653466,world,cf231,-2.7363970279693604,-1.8516650199890137,0.9672571420669556
1773048843,652653466,world,cf231_leg,-2.7324750423431396,-1.8554290533065796,0.9528939723968506
1773048843,658300251,world,cf231,-2.736693859100342,-1.8516888618469238,0.9672701358795166
1773048843,658300251,world,cf231_leg,-2.732603073120117,-1.855468511581421,0.9527755975723267
1773048843,662930399,world,cf231,-2.7370431423187256,-1.85154390335083,0.9671398401260376
1773048843,662930399,world,cf231_leg,-2.732677459716797,-1.855501651763916,0.9526492357254028
1773048843,667598237,world,cf231,-2.7373721599578857,-1.8514788150787354,0.9671003818511963
1773048843,667598237,world,cf231_leg,-2.732813835144043,-1.8556491136550903,0.952610969543457
1773048843,672603452,world,cf231,-2.7378549575805664,-1.851442813873291,0.9670544862747192
1773048843,672603452,world,cf231_leg,-2.732820510864258,-1.8556848764419556,0.9524612426757812
1773048843,677755852,world,cf231,-2.7382171154022217,-1.8512898683547974,0.9669593572616577
1773048843,677755852,world,cf231_leg,-2.732952833175659,-1.8557573556900024,0.9524115324020386
1773048843,682474612,world,cf231,-2.738591194152832,-1.85123610496521,0.9668529033660889
1773048843,682474612,world,cf231_leg,-2.7330684661865234,-1.855806589126587,0.9522740840911865
1773048843,687536514,world,cf231,-2.7389297485351562,-1.8512736558914185,0.9668443202972412
1773048843,687536514,world,cf231_leg,-2.7331008911132812,-1.8558235168457031,0.9521598815917969
1773048843,693971628,world,cf231,-2.7391793727874756,-1.8511053323745728,0.9667338132858276
1773048843,693971628,world,cf231_leg,-2.7332394123077393,-1.855970025062561,0.9521015882492065
1773048843,697372682,world,cf231,-2.7396345138549805,-1.8511497974395752,0.966659665107727
1773048843,697372682,world,cf231_leg,-2.7332546710968018,-1.8558481931686401,0.9517093896865845
1773048843,703300000,world,cf231,-2.739885091781616,-1.8510860204696655,0.9664839506149292
1773048843,703300000,world,cf231_leg,-2.73327898979187,-1.8559077978134155,0.951644778251648
1773048843,707696852,world,cf231,-2.7402889728546143,-1.8512033224105835,0.9664180278778076
1773048843,707696852,world,cf231_leg,-2.733400821685791,-1.855989694595337,0.9515546560287476
1773048843,712506622,world,cf231,-2.740708589553833,-1.8510873317718506,0.9664050340652466
1773048843,712506622,world,cf231_leg,-2.733551025390625,-1.8561257123947144,0.9515172243118286
1773048843,718028067,world,cf231,-2.7410924434661865,-1.8511364459991455,0.9663288593292236
1773048843,718028067,world,cf231_leg,-2.7334649562835693,-1.8560274839401245,0.9513587951660156
1773048843,722871886,world,cf231,-2.7414886951446533,-1.8510385751724243,0.9662408828735352
1773048843,722871886,world,cf231_leg,-2.7336513996124268,-1.8562203645706177,0.9513211250305176
1773048843,728268764,world,cf231,-2.741835117340088,-1.8509572744369507,0.9661537408828735
1773048843,728268764,world,cf231_leg,-2.7336297035217285,-1.8561217784881592,0.9512237310409546
1773048843,733470809,world,cf231,-2.7421867847442627,-1.850950002670288,0.9660488367080688
1773048843,733470809,world,cf231_leg,-2.733757495880127,-1.8562724590301514,0.9510968923568726
1773048843,737559650,world,cf231,-2.742462158203125,-1.8509808778762817,0.9659128189086914
1773048843,737559650,world,cf231_leg,-2.733720541000366,-1.856292486190796,0.9509800672531128
1773048843,742650318,world,cf231,-2.742786169052124,-1.851028323173523,0.9658908843994141
1773048843,742650318,world,cf231_leg,-2.7338876724243164,-1.8564229011535645,0.9509483575820923
1773048843,749328683,world,cf231,-2.742952585220337,-1.850980520248413,0.9656964540481567
1773048843,749328683,world,cf231_leg,-2.73397159576416,-1.8564486503601074,0.9508786201477051
1773048843,752872086,world,cf231,-2.743264675140381,-1.8510780334472656,0.9657829999923706
1773048843,752872086,world,cf231_leg,-2.733855724334717,-1.8564400672912598,0.9507731199264526
1773048843,758612674,world,cf231,-2.7435216903686523,-1.8511277437210083,0.965713620185852
1773048843,758612674,world,cf231_leg,-2.734025478363037,-1.8564931154251099,0.9508376121520996
1773048843,763514309,world,cf231,-2.7438509464263916,-1.851097583770752,0.9657844305038452
1773048843,763514309,world,cf231_leg,-2.7341256141662598,-1.8565832376480103,0.9508010149002075
1773048843,767765162,world,cf231,-2.744137763977051,-1.851166844367981,0.9656391143798828
1773048843,767765162,world,cf231_leg,-2.7341132164001465,-1.856774926185608,0.9506088495254517
1773048843,773040536,world,cf231,-2.744417905807495,-1.8512051105499268,0.9656785726547241
1773048843,773040536,world,cf231_leg,-2.7341561317443848,-1.8567900657653809,0.9505782127380371
1773048843,777615749,world,cf231,-2.74460768699646,-1.851287603378296,0.9656573534011841
1773048843,777615749,world,cf231_leg,-2.7340657711029053,-1.8568068742752075,0.9504666328430176
1773048843,784487192,world,cf231,-2.7448296546936035,-1.8512849807739258,0.9656002521514893
1773048843,784487192,world,cf231_leg,-2.7341411113739014,-1.8569090366363525,0.9505574703216553
1773048843,787927643,world,cf231,-2.745086431503296,-1.851369023323059,0.9656425714492798
1773048843,787927643,world,cf231_leg,-2.7341370582580566,-1.8570971488952637,0.9504544734954834
1773048843,794385359,world,cf231,-2.745231866836548,-1.8514385223388672,0.9656671285629272
1773048843,794385359,world,cf231_leg,-2.7341463565826416,-1.8571668863296509,0.9503926038742065
1773048843,797954373,world,cf231,-2.745319366455078,-1.8514671325683594,0.9655948877334595
1773048843,797954373,world,cf231_leg,-2.734015464782715,-1.8571683168411255,0.950290322303772
1773048843,803528485,world,cf231,-2.7455742359161377,-1.8516979217529297,0.9657403230667114
1773048843,803528485,world,cf231_leg,-2.7340543270111084,-1.8574053049087524,0.9502671957015991
1773048843,807967522,world,cf231,-2.7455897331237793,-1.8516992330551147,0.9655745029449463
1773048843,807967522,world,cf231_leg,-2.734055280685425,-1.857366681098938,0.9503355026245117
1773048843,813742051,world,cf231,-2.74581241607666,-1.8518733978271484,0.965691328048706
1773048843,813742051,world,cf231_leg,-2.733957290649414,-1.8574950695037842,0.9502818584442139
1773048843,818197481,world,cf231,-2.7458529472351074,-1.8519656658172607,0.9655483961105347
1773048843,818197481,world,cf231_leg,-2.733985185623169,-1.8577748537063599,0.9503309726715088
1773048843,823164293,world,cf231,-2.7458243370056152,-1.8520609140396118,0.9653822183609009
1773048843,823164293,world,cf231_leg,-2.733872175216675,-1.8576524257659912,0.9501966238021851
1773048843,828870867,world,cf231,-2.7459473609924316,-1.8521770238876343,0.9654072523117065
1773048843,828870867,world,cf231_leg,-2.7337486743927,-1.8577584028244019,0.9501625299453735
1773048843,832961659,world,cf231,-2.7460081577301025,-1.8522615432739258,0.9654150009155273
1773048843,832961659,world,cf231_leg,-2.733761787414551,-1.8579367399215698,0.9502236843109131
1773048843,839594636,world,cf231,-2.746018409729004,-1.8523651361465454,0.9654431343078613
1773048843,839594636,world,cf231_leg,-2.733583927154541,-1.858035922050476,0.9501835107803345
1773048843,842629069,world,cf231,-2.746060848236084,-1.8525248765945435,0.965499997138977
1773048843,842629069,world,cf231_leg,-2.7336227893829346,-1.8583091497421265,0.9502859115600586
1773048843,847573584,world,cf231,-2.7460594177246094,-1.8525995016098022,0.9653630256652832
1773048843,847573584,world,cf231_leg,-2.7334272861480713,-1.8581969738006592,0.9501162767410278
1773048843,853151616,world,cf231,-2.7459940910339355,-1.8527165651321411,0.9654699563980103
1773048843,853151616,world,cf231_leg,-2.7333414554595947,-1.858389973640442,0.9501587152481079
1773048843,857418256,world,cf231,-2.7460381984710693,-1.8528742790222168,0.9655064344406128
1773048843,857418256,world,cf231_leg,-2.733271598815918,-1.8585045337677002,0.950147271156311
1773048843,862509565,world,cf231,-2.7459776401519775,-1.852982759475708,0.9655319452285767
1773048843,862509565,world,cf231_leg,-2.7331435680389404,-1.8586134910583496,0.9501711130142212
1773048843,867769092,world,cf231,-2.7459046840667725,-1.8530994653701782,0.9655224084854126
1773048843,867769092,world,cf231_leg,-2.73300838470459,-1.8588733673095703,0.9502010345458984
1773048843,874073672,world,cf231,-2.745835781097412,-1.853244423866272,0.9655627012252808
1773048843,874073672,world,cf231_leg,-2.732785224914551,-1.8588842153549194,0.95017409324646
1773048843,877543434,world,cf231,-2.7457497119903564,-1.853406548500061,0.9656485319137573
1773048843,877543434,world,cf231_leg,-2.7325401306152344,-1.858949899673462,0.9499849081039429
1773048843,882440392,world,cf231,-2.7456469535827637,-1.8534969091415405,0.9656805992126465
1773048843,882440392,world,cf231_leg,-2.732450485229492,-1.8591465950012207,0.9500836133956909
1773048843,887610078,world,cf231,-2.74552845954895,-1.8537095785140991,0.965691328048706
1773048843,887610078,world,cf231_leg,-2.7321691513061523,-1.859303593635559,0.9500097036361694
1773048843,894139472,world,cf231,-2.7453653812408447,-1.8539085388183594,0.9657493829727173
1773048843,894139472,world,cf231_leg,-2.7320406436920166,-1.8594895601272583,0.950124979019165
1773048843,897624384,world,cf231,-2.7451508045196533,-1.853983998298645,0.9657655954360962
1773048843,897624384,world,cf231_leg,-2.7317326068878174,-1.859477162361145,0.9499742984771729
1773048843,903312923,world,cf231,-2.744908332824707,-1.8541899919509888,0.9657244682312012
1773048843,903312923,world,cf231_leg,-2.7313952445983887,-1.8596696853637695,0.9500689506530762
1773048843,908569676,world,cf231,-2.7447657585144043,-1.8544542789459229,0.965774655342102
1773048843,908569676,world,cf231_leg,-2.7311649322509766,-1.8599129915237427,0.9499210119247437
1773048843,912466498,world,cf231,-2.744438409805298,-1.8544824123382568,0.9656834602355957
1773048843,912466498,world,cf231_leg,-2.73097825050354,-1.859979510307312,0.9500658512115479
1773048843,917561798,world,cf231,-2.744276523590088,-1.8546792268753052,0.9657212495803833
1773048843,917561798,world,cf231_leg,-2.730739116668701,-1.8602648973464966,0.9499696493148804
1773048843,924077781,world,cf231,-2.74410343170166,-1.8548823595046997,0.9657034873962402
1773048843,924077781,world,cf231_leg,-2.730463981628418,-1.8604929447174072,0.9500844478607178
1773048843,927513740,world,cf231,-2.743861436843872,-1.8550885915756226,0.9656620025634766
1773048843,927513740,world,cf231_leg,-2.7302181720733643,-1.860554814338684,0.9500939846038818
1773048843,933037122,world,cf231,-2.7435905933380127,-1.8551596403121948,0.9656879901885986
1773048843,933037122,world,cf231_leg,-2.7299511432647705,-1.8607062101364136,0.9500490427017212
1773048843,937448291,world,cf231,-2.743278741836548,-1.8553686141967773,0.9656240940093994
1773048843,937448291,world,cf231_leg,-2.7296319007873535,-1.860886812210083,0.9501017332077026
1773048843,944086930,world,cf231,-2.7429022789001465,-1.8556064367294312,0.9655677080154419
1773048843,944086930,world,cf231_leg,-2.729278564453125,-1.861121416091919,0.9501255750656128
1773048843,947583480,world,cf231,-2.742534637451172,-1.8558423519134521,0.9656071662902832
1773048843,947583480,world,cf231_leg,-2.7289137840270996,-1.8612533807754517,0.950120210647583
1773048843,954035924,world,cf231,-2.7420194149017334,-1.856055498123169,0.9654090404510498
1773048843,954035924,world,cf231_leg,-2.728476047515869,-1.8614602088928223,0.9499891996383667
1773048843,958283832,world,cf231,-2.7417938709259033,-1.8564742803573608,0.9654883146286011
1773048843,958283832,world,cf231_leg,-2.728208541870117,-1.861722469329834,0.9499377012252808
1773048843,962507574,world,cf231,-2.7413992881774902,-1.856535792350769,0.9654451608657837
1773048843,962507574,world,cf231_leg,-2.7279129028320312,-1.86184823513031,0.9499220848083496
1773048843,967454060,world,cf231,-2.7409188747406006,-1.856690526008606,0.9652649164199829
1773048843,967454060,world,cf231_leg,-2.727611541748047,-1.8619446754455566,0.9498720169067383
1773048843,972846505,world,cf231,-2.740570068359375,-1.857069492340088,0.965178370475769
1773048843,972846505,world,cf231_leg,-2.7271111011505127,-1.8621851205825806,0.9497700929641724
1773048843,977621768,world,cf231,-2.7401106357574463,-1.8573518991470337,0.9651786088943481
1773048843,977621768,world,cf231_leg,-2.7267651557922363,-1.8623839616775513,0.9497907161712646
1773048843,982475329,world,cf231,-2.739375352859497,-1.857566475868225,0.9650166034698486
1773048843,982475329,world,cf231_leg,-2.726285457611084,-1.862431526184082,0.9497948884963989
1773048843,988147764,world,cf231,-2.7389161586761475,-1.8576741218566895,0.964837908744812
1773048843,988147764,world,cf231_leg,-2.725813150405884,-1.8626214265823364,0.9496110677719116
1773048843,992517178,world,cf231,-2.738471031188965,-1.8579158782958984,0.9647567272186279
1773048843,992517178,world,cf231_leg,-2.7254576683044434,-1.8629732131958008,0.9496774673461914
1773048843,997396801,world,cf231,-2.7379355430603027,-1.85813307762146,0.964789628982544
1773048843,997396801,world,cf231_leg,-2.725080966949463,-1.863110899925232,0.9496222734451294
1773048844,2445070,world,cf231,-2.7374825477600098,-1.8582645654678345,0.9646207094192505
1773048844,2445070,world,cf231_leg,-2.7245984077453613,-1.8633137941360474,0.9496009349822998
1773048844,7457394,world,cf231,-2.7368781566619873,-1.8585193157196045,0.9647417068481445
1773048844,7457394,world,cf231_leg,-2.724266290664673,-1.8636131286621094,0.9496138095855713
1773048844,12581155,world,cf231,-2.736262798309326,-1.858853816986084,0.9646480083465576
1773048844,12581155,world,cf231_leg,-2.7238080501556396,-1.8638001680374146,0.9494731426239014
1773048844,17366046,world,cf231,-2.7357707023620605,-1.8591175079345703,0.9647495746612549
1773048844,17366046,world,cf231_leg,-2.7231857776641846,-1.8638890981674194,0.9494346380233765
1773048844,22534765,world,cf231,-2.735239267349243,-1.8592915534973145,0.964591383934021
1773048844,22534765,world,cf231_leg,-2.7226881980895996,-1.864167332649231,0.9492237567901611
1773048844,27511155,world,cf231,-2.7347195148468018,-1.8595447540283203,0.9645700454711914
1773048844,27511155,world,cf231_leg,-2.722264051437378,-1.8644073009490967,0.949263334274292
1773048844,32594215,world,cf231,-2.7340481281280518,-1.8597617149353027,0.9644967317581177
1773048844,32594215,world,cf231_leg,-2.721832275390625,-1.8646876811981201,0.9493374824523926
1773048844,37506400,world,cf231,-2.733276605606079,-1.8599838018417358,0.9641226530075073
1773048844,37506400,world,cf231_leg,-2.7213032245635986,-1.8647234439849854,0.9492626190185547
1773048844,42888196,world,cf231,-2.7327609062194824,-1.860342025756836,0.9640095233917236
1773048844,42888196,world,cf231_leg,-2.720719575881958,-1.8649436235427856,0.9490300416946411
1773048844,47643695,world,cf231,-2.7321362495422363,-1.8605929613113403,0.9641596078872681
1773048844,47643695,world,cf231_leg,-2.7201120853424072,-1.8652068376541138,0.9490218162536621
1773048844,53254164,world,cf231,-2.7314717769622803,-1.860851764678955,0.9639517068862915
1773048844,53254164,world,cf231_leg,-2.7196576595306396,-1.8653885126113892,0.9489995241165161
1773048844,57507830,world,cf231,-2.730726718902588,-1.8611881732940674,0.9638900756835938
1773048844,57507830,world,cf231_leg,-2.7191061973571777,-1.8655539751052856,0.9490295648574829
1773048844,62605116,world,cf231,-2.730013132095337,-1.8613879680633545,0.9638231992721558
1773048844,62605116,world,cf231_leg,-2.718620538711548,-1.8659846782684326,0.9490463733673096
1773048844,67438534,world,cf231,-2.729330539703369,-1.8615015745162964,0.963721752166748
1773048844,67438534,world,cf231_leg,-2.718125343322754,-1.8661178350448608,0.948920726776123
1773048844,72901205,world,cf231,-2.728748083114624,-1.8617830276489258,0.9636853933334351
1773048844,72901205,world,cf231_leg,-2.717315196990967,-1.8662029504776,0.948793888092041
1773048844,77602446,world,cf231,-2.7281816005706787,-1.8619399070739746,0.9636504650115967
1773048844,77602446,world,cf231_leg,-2.7168636322021484,-1.8664939403533936,0.9487262964248657
1773048844,82511307,world,cf231,-2.7272934913635254,-1.8622380495071411,0.9636348485946655
1773048844,82511307,world,cf231_leg,-2.716315746307373,-1.8668426275253296,0.948749303817749
1773048844,87534568,world,cf231,-2.7265851497650146,-1.8625153303146362,0.9635676145553589
1773048844,87534568,world,cf231_leg,-2.7157630920410156,-1.8670824766159058,0.9486490488052368
1773048844,92586738,world,cf231,-2.7260372638702393,-1.862779140472412,0.9636964797973633
1773048844,92586738,world,cf231_leg,-2.7151384353637695,-1.8670634031295776,0.9484647512435913
1773048844,97397724,world,cf231,-2.7253472805023193,-1.863128900527954,0.9636814594268799
1773048844,97397724,world,cf231_leg,-2.7144765853881836,-1.8675130605697632,0.9485275745391846
1773048844,102657369,world,cf231,-2.724458694458008,-1.8633931875228882,0.9635534286499023
1773048844,102657369,world,cf231_leg,-2.713984727859497,-1.8676371574401855,0.948318600654602
1773048844,108117028,world,cf231,-2.7237000465393066,-1.8635426759719849,0.963403582572937
1773048844,108117028,world,cf231_leg,-2.713282585144043,-1.8678137063980103,0.9482754468917847
1773048844,112549068,world,cf231,-2.7230122089385986,-1.8638486862182617,0.9631984233856201
1773048844,112549068,world,cf231_leg,-2.712815284729004,-1.8681498765945435,0.9483414888381958
1773048844,117640615,world,cf231,-2.7221622467041016,-1.8640493154525757,0.9630240201950073
1773048844,117640615,world,cf231_leg,-2.7121808528900146,-1.8682429790496826,0.9482378959655762
1773048844,122393813,world,cf231,-2.72129487991333,-1.864376425743103,0.9628702402114868
1773048844,122393813,world,cf231_leg,-2.7114946842193604,-1.8684862852096558,0.9480540752410889
1773048844,127529007,world,cf231,-2.7205023765563965,-1.8645797967910767,0.9626649618148804
1773048844,127529007,world,cf231_leg,-2.7107510566711426,-1.8685741424560547,0.9479812383651733
1773048844,134114883,world,cf231,-2.7197699546813965,-1.8649095296859741,0.9626384973526001
1773048844,134114883,world,cf231_leg,-2.710261583328247,-1.868890643119812,0.9478275775909424
1773048844,137533506,world,cf231,-2.7190353870391846,-1.8651928901672363,0.9626823663711548
1773048844,137533506,world,cf231_leg,-2.7096736431121826,-1.8691140413284302,0.9478650093078613
1773048844,143135336,world,cf231,-2.7180495262145996,-1.865317940711975,0.9625402688980103
1773048844,143135336,world,cf231_leg,-2.7089858055114746,-1.8692853450775146,0.947850227355957
1773048844,147577578,world,cf231,-2.717149496078491,-1.8655070066452026,0.9624620676040649
1773048844,147577578,world,cf231_leg,-2.7084014415740967,-1.8697271347045898,0.9478205442428589
1773048844,152666644,world,cf231,-2.716446876525879,-1.865699052810669,0.9624329805374146
1773048844,152666644,world,cf231_leg,-2.7078285217285156,-1.8698269128799438,0.947846531867981
1773048844,157648952,world,cf231,-2.715536594390869,-1.866042971611023,0.9624006748199463
1773048844,157648952,world,cf231_leg,-2.707111358642578,-1.8700475692749023,0.9477293491363525
1773048844,162764456,world,cf231,-2.7145750522613525,-1.866234540939331,0.9622231721878052
1773048844,162764456,world,cf231_leg,-2.7064528465270996,-1.8703070878982544,0.9476900100708008
1773048844,167469273,world,cf231,-2.713918685913086,-1.866606593132019,0.9625258445739746
1773048844,167469273,world,cf231_leg,-2.7058815956115723,-1.870559573173523,0.9476330280303955
1773048844,172533737,world,cf231,-2.7129392623901367,-1.8666977882385254,0.9623885154724121
1773048844,172533737,world,cf231_leg,-2.705204725265503,-1.8707200288772583,0.947641134262085
1773048844,177580241,world,cf231,-2.711820363998413,-1.8670191764831543,0.9621686935424805
1773048844,177580241,world,cf231_leg,-2.7044718265533447,-1.8709100484848022,0.9473708868026733
1773048844,182455958,world,cf231,-2.7109644412994385,-1.8672289848327637,0.9620774984359741
1773048844,182455958,world,cf231_leg,-2.703916549682617,-1.87118661403656,0.9474219083786011
1773048844,187701205,world,cf231,-2.710059642791748,-1.8675073385238647,0.9619561433792114
1773048844,187701205,world,cf231_leg,-2.70334529876709,-1.8712888956069946,0.9474413394927979
1773048844,192291208,world,cf231,-2.7091586589813232,-1.8678169250488281,0.9619042873382568
1773048844,192291208,world,cf231_leg,-2.702608108520508,-1.8714855909347534,0.9474726915359497
1773048844,197507159,world,cf231,-2.708177328109741,-1.8680237531661987,0.9617792367935181
1773048844,197507159,world,cf231_leg,-2.7020680904388428,-1.871870756149292,0.9477497339248657
1773048844,202764123,world,cf231,-2.7073512077331543,-1.8684501647949219,0.961919903755188
1773048844,202764123,world,cf231_leg,-2.7014455795288086,-1.8719642162322998,0.947493314743042
1773048844,207513144,world,cf231,-2.7064995765686035,-1.868688702583313,0.961880087852478
1773048844,207513144,world,cf231_leg,-2.700883388519287,-1.872131586074829,0.9476544857025146
1773048844,213134129,world,cf231,-2.7055604457855225,-1.8690096139907837,0.9618855714797974
1773048844,213134129,world,cf231_leg,-2.700267791748047,-1.8724466562271118,0.9475122690200806
1773048844,217558111,world,cf231,-2.704590082168579,-1.869170904159546,0.9616662263870239
1773048844,217558111,world,cf231_leg,-2.6995439529418945,-1.8725966215133667,0.9474167823791504
1773048844,222347759,world,cf231,-2.703843832015991,-1.869462013244629,0.961655855178833
1773048844,222347759,world,cf231_leg,-2.699009418487549,-1.8728259801864624,0.947465181350708
1773048844,227637586,world,cf231,-2.702697515487671,-1.8696763515472412,0.9615569114685059
1773048844,227637586,world,cf231_leg,-2.6983907222747803,-1.8729900121688843,0.947424054145813
1773048844,232565242,world,cf231,-2.7017757892608643,-1.8699193000793457,0.961492657661438
1773048844,232565242,world,cf231_leg,-2.697801113128662,-1.8732484579086304,0.9474055767059326
1773048844,238302255,world,cf231,-2.701049327850342,-1.8701649904251099,0.9615041017532349
1773048844,238302255,world,cf231_leg,-2.697221279144287,-1.8733952045440674,0.9472622871398926
1773048844,243236027,world,cf231,-2.7000107765197754,-1.8704725503921509,0.9613286256790161
1773048844,243236027,world,cf231_leg,-2.696514368057251,-1.8737210035324097,0.947195291519165
1773048844,247777706,world,cf231,-2.699110746383667,-1.8707423210144043,0.9611043930053711
1773048844,247777706,world,cf231_leg,-2.6959962844848633,-1.873826265335083,0.9472113847732544
1773048844,252359647,world,cf231,-2.698323965072632,-1.8709803819656372,0.961135983467102
1773048844,252359647,world,cf231_leg,-2.695359230041504,-1.873924732208252,0.9471406936645508
1773048844,257582814,world,cf231,-2.6974406242370605,-1.871207356452942,0.96097731590271
1773048844,257582814,world,cf231_leg,-2.6947519779205322,-1.8740473985671997,0.9470230340957642
1773048844,262357670,world,cf231,-2.6964073181152344,-1.8715344667434692,0.9610490798950195
1773048844,262357670,world,cf231_leg,-2.6942806243896484,-1.8742824792861938,0.9469922780990601
1773048844,267695927,world,cf231,-2.695664167404175,-1.8717615604400635,0.9609718322753906
1773048844,267695927,world,cf231_leg,-2.693608522415161,-1.8744417428970337,0.9469407796859741
1773048844,272405654,world,cf231,-2.6948869228363037,-1.8720813989639282,0.9609925746917725
1773048844,272405654,world,cf231_leg,-2.693077564239502,-1.8745548725128174,0.9469223022460938
1773048844,277529964,world,cf231,-2.6940841674804688,-1.8722339868545532,0.9611270427703857
1773048844,277529964,world,cf231_leg,-2.6925265789031982,-1.8748340606689453,0.9467142820358276
1773048844,282383124,world,cf231,-2.6931591033935547,-1.8723945617675781,0.9610012769699097
1773048844,282383124,world,cf231_leg,-2.6919796466827393,-1.8750348091125488,0.946814775466919
1773048844,287450050,world,cf231,-2.692439079284668,-1.8726060390472412,0.9610182046890259
1773048844,287450050,world,cf231_leg,-2.6915526390075684,-1.875203251838684,0.9468396902084351
1773048844,292526049,world,cf231,-2.6917777061462402,-1.8728212118148804,0.9610018730163574
1773048844,292526049,world,cf231_leg,-2.690950393676758,-1.8753234148025513,0.9468523263931274
1773048844,297410718,world,cf231,-2.6910746097564697,-1.873016595840454,0.9609713554382324
1773048844,297410718,world,cf231_leg,-2.6904826164245605,-1.875590205192566,0.9468967914581299
1773048844,302641277,world,cf231,-2.6902549266815186,-1.8732061386108398,0.9610060453414917
1773048844,302641277,world,cf231_leg,-2.690044641494751,-1.875760555267334,0.94683837890625
1773048844,308256690,world,cf231,-2.689549207687378,-1.8734053373336792,0.9610179662704468
1773048844,308256690,world,cf231_leg,-2.689575433731079,-1.8758794069290161,0.9469519853591919
1773048844,312758099,world,cf231,-2.6889357566833496,-1.8735119104385376,0.9608817100524902
1773048844,312758099,world,cf231_leg,-2.689148426055908,-1.876047968864441,0.9469770193099976
1773048844,317539414,world,cf231,-2.6885106563568115,-1.8738584518432617,0.960934042930603
1773048844,317539414,world,cf231_leg,-2.688632011413574,-1.876268982887268,0.9467651844024658
1773048844,322686129,world,cf231,-2.6877052783966064,-1.8739993572235107,0.9608286619186401
1773048844,322686129,world,cf231_leg,-2.6880691051483154,-1.8763266801834106,0.9465094804763794
1773048844,327379343,world,cf231,-2.6870481967926025,-1.8740969896316528,0.9607537984848022
1773048844,327379343,world,cf231_leg,-2.6876232624053955,-1.8763951063156128,0.9467726945877075
1773048844,332529843,world,cf231,-2.6864426136016846,-1.8742033243179321,0.9607354402542114
1773048844,332529843,world,cf231_leg,-2.687135696411133,-1.8766347169876099,0.9467194080352783
1773048844,338263195,world,cf231,-2.6860008239746094,-1.8743699789047241,0.9607530832290649
1773048844,338263195,world,cf231_leg,-2.686681032180786,-1.8767056465148926,0.9466865062713623
1773048844,343245583,world,cf231,-2.685422420501709,-1.8744251728057861,0.9606657028198242
1773048844,343245583,world,cf231_leg,-2.6863505840301514,-1.8768635988235474,0.9467817544937134
1773048844,347705417,world,cf231,-2.684901237487793,-1.8746458292007446,0.9605129957199097
1773048844,347705417,world,cf231_leg,-2.685899019241333,-1.876932978630066,0.9467087984085083
1773048844,354262917,world,cf231,-2.6842167377471924,-1.8747622966766357,0.9603885412216187
1773048844,354262917,world,cf231_leg,-2.685535192489624,-1.8771791458129883,0.946698784828186
1773048844,359064526,world,cf231,-2.6837432384490967,-1.8748422861099243,0.960445761680603
1773048844,359064526,world,cf231_leg,-2.68510365486145,-1.8772004842758179,0.9466238021850586
1773048844,362520987,world,cf231,-2.6833112239837646,-1.8749650716781616,0.96038818359375
1773048844,362520987,world,cf231_leg,-2.6846930980682373,-1.877285122871399,0.9465420246124268
1773048844,367529581,world,cf231,-2.6828370094299316,-1.8751215934753418,0.9603058099746704
1773048844,367529581,world,cf231_leg,-2.6843533515930176,-1.877517580986023,0.9466186761856079
1773048844,372559292,world,cf231,-2.682342052459717,-1.8752844333648682,0.9600508213043213
1773048844,372559292,world,cf231_leg,-2.68403959274292,-1.8776222467422485,0.9465162754058838
1773048844,377616490,world,cf231,-2.6819417476654053,-1.8753581047058105,0.9600875377655029
1773048844,377616490,world,cf231_leg,-2.683638334274292,-1.8776639699935913,0.9463616609573364
1773048844,382403392,world,cf231,-2.6816017627716064,-1.875430703163147,0.960051417350769
1773048844,382403392,world,cf231_leg,-2.683288097381592,-1.8777881860733032,0.9463555812835693
1773048844,387521541,world,cf231,-2.6812021732330322,-1.8755022287368774,0.9600682258605957
1773048844,387521541,world,cf231_leg,-2.683004379272461,-1.8779126405715942,0.9464080333709717
1773048844,392545342,world,cf231,-2.680814504623413,-1.8755253553390503,0.9599695205688477
1773048844,392545342,world,cf231_leg,-2.6827454566955566,-1.8780241012573242,0.9463111162185669
1773048844,397544840,world,cf231,-2.6804847717285156,-1.8757060766220093,0.9600056409835815
1773048844,397544840,world,cf231_leg,-2.6823909282684326,-1.8781143426895142,0.9462162256240845
1773048844,403218175,world,cf231,-2.6802213191986084,-1.875739574432373,0.9599989652633667
1773048844,403218175,world,cf231_leg,-2.682190179824829,-1.8782676458358765,0.9462332725524902
1773048844,407617893,world,cf231,-2.6799943447113037,-1.8758231401443481,0.9599627256393433
1773048844,407617893,world,cf231_leg,-2.681802988052368,-1.8783005475997925,0.9460937976837158
1773048844,412467965,world,cf231,-2.679751396179199,-1.875927209854126,0.9599877595901489
1773048844,412467965,world,cf231_leg,-2.681522846221924,-1.878461480140686,0.9460173845291138
1773048844,417455273,world,cf231,-2.6794991493225098,-1.8760281801223755,0.9598791599273682
1773048844,417455273,world,cf231_leg,-2.6813275814056396,-1.8785351514816284,0.9460910558700562
1773048844,423127169,world,cf231,-2.6793267726898193,-1.8761259317398071,0.9599097967147827
1773048844,423127169,world,cf231_leg,-2.681230306625366,-1.8787407875061035,0.946137547492981
1773048844,427557814,world,cf231,-2.6791090965270996,-1.876058578491211,0.9598392248153687
1773048844,427557814,world,cf231_leg,-2.6808629035949707,-1.8786123991012573,0.9459842443466187
1773048844,433108739,world,cf231,-2.6790072917938232,-1.8761532306671143,0.9598926305770874
1773048844,433108739,world,cf231_leg,-2.680678367614746,-1.8787546157836914,0.9459792375564575
1773048844,437349720,world,cf231,-2.678948163986206,-1.8763784170150757,0.9599342346191406
1773048844,437349720,world,cf231_leg,-2.680511474609375,-1.8788509368896484,0.9460098743438721
1773048844,443726139,world,cf231,-2.6787004470825195,-1.8762816190719604,0.9598890542984009
1773048844,443726139,world,cf231_leg,-2.6803877353668213,-1.8788468837738037,0.9459817409515381
1773048844,447490196,world,cf231,-2.67852783203125,-1.876227617263794,0.959770917892456
1773048844,447490196,world,cf231_leg,-2.6801958084106445,-1.8789165019989014,0.9460008144378662
1773048844,453089770,world,cf231,-2.6785292625427246,-1.8763747215270996,0.9598804712295532
1773048844,453089770,world,cf231_leg,-2.680025100708008,-1.8789771795272827,0.945925235748291
1773048844,459053566,world,cf231,-2.6782991886138916,-1.8763186931610107,0.9597923755645752
1773048844,459053566,world,cf231_leg,-2.6799368858337402,-1.8790284395217896,0.9459033012390137
1773048844,462531913,world,cf231,-2.6782419681549072,-1.8764238357543945,0.9597806930541992
1773048844,462531913,world,cf231_leg,-2.679840564727783,-1.8791192770004272,0.945920467376709
1773048844,467369146,world,cf231,-2.678252935409546,-1.8764907121658325,0.9596798419952393
1773048844,467369146,world,cf231_leg,-2.6797311305999756,-1.8792197704315186,0.9459195137023926
1773048844,472705374,world,cf231,-2.67806077003479,-1.8764032125473022,0.959662914276123
1773048844,472705374,world,cf231_leg,-2.6794989109039307,-1.8792023658752441,0.9458588361740112
1773048844,477489968,world,cf231,-2.6781058311462402,-1.876416802406311,0.9596153497695923
1773048844,477489968,world,cf231_leg,-2.6793887615203857,-1.8791922330856323,0.9456272125244141
1773048844,483192102,world,cf231,-2.6781270503997803,-1.876484990119934,0.9596273899078369
1773048844,483192102,world,cf231_leg,-2.6793017387390137,-1.8793550729751587,0.9455999135971069
1773048844,489005983,world,cf231,-2.6782071590423584,-1.876434564590454,0.9595577716827393
1773048844,489005983,world,cf231_leg,-2.6792876720428467,-1.8794769048690796,0.9455975294113159
1773048844,492580038,world,cf231,-2.6782777309417725,-1.8764283657073975,0.9595630168914795
1773048844,492580038,world,cf231_leg,-2.679204225540161,-1.879447340965271,0.9456354379653931
1773048844,497562917,world,cf231,-2.678283929824829,-1.8764698505401611,0.9594273567199707
1773048844,497562917,world,cf231_leg,-2.6790037155151367,-1.8794490098953247,0.9454759359359741
1773048844,502605428,world,cf231,-2.6782844066619873,-1.8763574361801147,0.9594314098358154
1773048844,502605428,world,cf231_leg,-2.678976058959961,-1.8794665336608887,0.94544517993927
1773048844,508234179,world,cf231,-2.6784791946411133,-1.876435399055481,0.9593698978424072
1773048844,508234179,world,cf231_leg,-2.6789560317993164,-1.8795146942138672,0.9454468488693237
1773048844,512667623,world,cf231,-2.6785929203033447,-1.8764474391937256,0.9593669176101685
1773048844,512667623,world,cf231_leg,-2.6788673400878906,-1.8794525861740112,0.9454134702682495
1773048844,517643090,world,cf231,-2.6787290573120117,-1.8764123916625977,0.9593613147735596
1773048844,517643090,world,cf231_leg,-2.678887367248535,-1.8795173168182373,0.9454245567321777
1773048844,522621175,world,cf231,-2.678948163986206,-1.8764722347259521,0.959374189376831
1773048844,522621175,world,cf231_leg,-2.678851842880249,-1.8795379400253296,0.9452844858169556
1773048844,527488490,world,cf231,-2.6790120601654053,-1.8763103485107422,0.9590728282928467
1773048844,527488490,world,cf231_leg,-2.6787962913513184,-1.8795312643051147,0.9452791213989258
1773048844,533260450,world,cf231,-2.6790714263916016,-1.8761814832687378,0.9591881036758423
1773048844,533260450,world,cf231_leg,-2.678729772567749,-1.8795311450958252,0.9452205896377563
1773048844,537492096,world,cf231,-2.6793131828308105,-1.876307725906372,0.9591922760009766
1773048844,537492096,world,cf231_leg,-2.6787991523742676,-1.8795291185379028,0.9452407360076904
1773048844,542391411,world,cf231,-2.679579734802246,-1.8763777017593384,0.9591150283813477
1773048844,542391411,world,cf231_leg,-2.678806781768799,-1.879449486732483,0.9450420141220093
1773048844,547479429,world,cf231,-2.6797373294830322,-1.8762890100479126,0.9590731859207153
1773048844,547479429,world,cf231_leg,-2.678729772567749,-1.8794937133789062,0.9450743198394775
1773048844,554072603,world,cf231,-2.679863452911377,-1.8762563467025757,0.9589706659317017
1773048844,554072603,world,cf231_leg,-2.678903818130493,-1.8795828819274902,0.9450334310531616
1773048844,559175147,world,cf231,-2.680112838745117,-1.8762357234954834,0.9589811563491821
1773048844,559175147,world,cf231_leg,-2.6789066791534424,-1.8794654607772827,0.9449670314788818
1773048844,564203847,world,cf231,-2.6803598403930664,-1.8761833906173706,0.9588967561721802
1773048844,564203847,world,cf231_leg,-2.678863763809204,-1.8794158697128296,0.9448655843734741
1773048844,567310682,world,cf231,-2.680567741394043,-1.8761403560638428,0.9588750600814819
1773048844,567310682,world,cf231_leg,-2.678962469100952,-1.879433274269104,0.9448084831237793
1773048844,573253761,world,cf231,-2.680976152420044,-1.8761816024780273,0.9589700698852539
1773048844,573253761,world,cf231_leg,-2.6789166927337646,-1.8793833255767822,0.9447307586669922
1773048844,577518924,world,cf231,-2.6811904907226562,-1.876064658164978,0.9587992429733276
1773048844,577518924,world,cf231_leg,-2.6789629459381104,-1.8792814016342163,0.9446321725845337
1773048844,583283140,world,cf231,-2.6815097332000732,-1.876043677330017,0.9588514566421509
1773048844,583283140,world,cf231_leg,-2.678985595703125,-1.8793436288833618,0.9446060657501221
1773048844,587490209,world,cf231,-2.6818361282348633,-1.875978946685791,0.9588538408279419
1773048844,587490209,world,cf231_leg,-2.6790924072265625,-1.8793584108352661,0.9446574449539185
1773048844,592505368,world,cf231,-2.682098865509033,-1.8758318424224854,0.9588680267333984
1773048844,592505368,world,cf231_leg,-2.679104804992676,-1.8792003393173218,0.9445327520370483
1773048844,598320390,world,cf231,-2.6823837757110596,-1.8758635520935059,0.9588686227798462
1773048844,598320390,world,cf231_leg,-2.6791603565216064,-1.8792047500610352,0.9445228576660156
1773048844,602567026,world,cf231,-2.682678699493408,-1.8758511543273926,0.958794116973877
1773048844,602567026,world,cf231_leg,-2.6792361736297607,-1.8791614770889282,0.9445091485977173
1773048844,607332717,world,cf231,-2.6829051971435547,-1.8757673501968384,0.958831787109375
1773048844,607332717,world,cf231_leg,-2.6792373657226562,-1.8790100812911987,0.944331169128418
1773048844,612554700,world,cf231,-2.6831324100494385,-1.8756420612335205,0.958696722984314
1773048844,612554700,world,cf231_leg,-2.679358959197998,-1.8791296482086182,0.9444088935852051
1773048844,617417103,world,cf231,-2.6834518909454346,-1.8756152391433716,0.9587129354476929
1773048844,617417103,world,cf231_leg,-2.6794369220733643,-1.8789705038070679,0.94434654712677
1773048844,623136915,world,cf231,-2.68375825881958,-1.8754833936691284,0.9587006568908691
1773048844,623136915,world,cf231_leg,-2.679439067840576,-1.8788572549819946,0.9443119764328003
1773048844,627454189,world,cf231,-2.6841559410095215,-1.8754165172576904,0.9587239027023315
1773048844,627454189,world,cf231_leg,-2.679553985595703,-1.8789427280426025,0.9443231821060181
1773048844,632341510,world,cf231,-2.684584856033325,-1.8754128217697144,0.9588369131088257
1773048844,632341510,world,cf231_leg,-2.679689407348633,-1.8789031505584717,0.944257378578186
1773048844,637617474,world,cf231,-2.684915781021118,-1.875340223312378,0.9587570428848267
1773048844,637617474,world,cf231_leg,-2.679652214050293,-1.8787356615066528,0.9442580938339233
1773048844,642401204,world,cf231,-2.6852219104766846,-1.875211477279663,0.9587630033493042
1773048844,642401204,world,cf231_leg,-2.6797714233398438,-1.8786649703979492,0.9442716836929321
1773048844,647530703,world,cf231,-2.6854958534240723,-1.8752864599227905,0.9588406085968018
1773048844,647530703,world,cf231_leg,-2.6798346042633057,-1.878629207611084,0.9442243576049805
1773048844,652465953,world,cf231,-2.685779571533203,-1.8752074241638184,0.9588671922683716
1773048844,652465953,world,cf231_leg,-2.6799304485321045,-1.8785377740859985,0.9442088603973389
1773048844,657307028,world,cf231,-2.68593168258667,-1.8750001192092896,0.9586520195007324
1773048844,657307028,world,cf231_leg,-2.6799874305725098,-1.878428339958191,0.9441665410995483
1773048844,663251341,world,cf231,-2.686222791671753,-1.875038981437683,0.9588284492492676
1773048844,663251341,world,cf231_leg,-2.6800546646118164,-1.8784290552139282,0.9442235231399536
1773048844,667401751,world,cf231,-2.6865315437316895,-1.8748327493667603,0.9589509963989258
1773048844,667401751,world,cf231_leg,-2.6801202297210693,-1.8782778978347778,0.9441258907318115
1773048844,672570169,world,cf231,-2.6867475509643555,-1.8747504949569702,0.9588941335678101
1773048844,672570169,world,cf231_leg,-2.680086135864258,-1.8782217502593994,0.9440997838973999
1773048844,677582762,world,cf231,-2.686951160430908,-1.8745671510696411,0.9588245153427124
1773048844,677582762,world,cf231_leg,-2.680229425430298,-1.8781769275665283,0.9441279172897339
1773048844,682539117,world,cf231,-2.687190294265747,-1.8744745254516602,0.9588989019393921
1773048844,682539117,world,cf231_leg,-2.6803271770477295,-1.8780848979949951,0.9440921545028687
1773048844,687630061,world,cf231,-2.6874725818634033,-1.8742529153823853,0.9585821628570557
1773048844,687630061,world,cf231_leg,-2.6803879737854004,-1.8780114650726318,0.9441554546356201
1773048844,693177548,world,cf231,-2.687711715698242,-1.8741636276245117,0.9586739540100098
1773048844,693177548,world,cf231_leg,-2.680507183074951,-1.877981185913086,0.9440948963165283
1773048844,697662066,world,cf231,-2.6878929138183594,-1.874026894569397,0.9586076736450195
1773048844,697662066,world,cf231_leg,-2.680515766143799,-1.8778239488601685,0.9440124034881592
1773048844,702257557,world,cf231,-2.6881754398345947,-1.8740659952163696,0.9586668014526367
1773048844,702257557,world,cf231_leg,-2.6805131435394287,-1.8777128458023071,0.9440383911132812
1773048844,707454617,world,cf231,-2.688249111175537,-1.8738274574279785,0.9586226940155029
1773048844,707454617,world,cf231_leg,-2.680574893951416,-1.8776382207870483,0.9440834522247314
1773048844,713319271,world,cf231,-2.6883862018585205,-1.8735650777816772,0.9586080312728882
1773048844,713319271,world,cf231_leg,-2.6806139945983887,-1.8773903846740723,0.9439233541488647
1773048844,717517806,world,cf231,-2.6886837482452393,-1.8735857009887695,0.9586256742477417
1773048844,717517806,world,cf231_leg,-2.680736541748047,-1.8775087594985962,0.943982720375061
1773048844,723192085,world,cf231,-2.688732147216797,-1.8733675479888916,0.9585274457931519
1773048844,723192085,world,cf231_leg,-2.6808457374572754,-1.877447247505188,0.9441471099853516
1773048844,728302223,world,cf231,-2.6889660358428955,-1.873121738433838,0.958740234375
1773048844,728302223,world,cf231_leg,-2.6808643341064453,-1.8772047758102417,0.9440485239028931
1773048844,732409038,world,cf231,-2.6891045570373535,-1.872967004776001,0.9586812257766724
1773048844,732409038,world,cf231_leg,-2.680856227874756,-1.877173900604248,0.9440164566040039
1773048844,737500464,world,cf231,-2.6892647743225098,-1.8729177713394165,0.9587663412094116
1773048844,737500464,world,cf231_leg,-2.680900812149048,-1.876996636390686,0.9440726041793823
1773048844,742655744,world,cf231,-2.689349889755249,-1.8726787567138672,0.9588147401809692
1773048844,742655744,world,cf231_leg,-2.6809134483337402,-1.8768360614776611,0.9439334869384766
1773048844,747362651,world,cf231,-2.689565896987915,-1.8725963830947876,0.9587582349777222
1773048844,747362651,world,cf231_leg,-2.6810407638549805,-1.8769161701202393,0.9439946413040161
1773048844,752392970,world,cf231,-2.689725875854492,-1.8724335432052612,0.9588514566421509
1773048844,752392970,world,cf231_leg,-2.681023120880127,-1.876659631729126,0.9440685510635376
1773048844,757454888,world,cf231,-2.6899797916412354,-1.8723286390304565,0.9589202404022217
1773048844,757454888,world,cf231_leg,-2.681077718734741,-1.876664161682129,0.9438691139221191
1773048844,762286386,world,cf231,-2.690248966217041,-1.8721351623535156,0.9591226577758789
1773048844,762286386,world,cf231_leg,-2.681056499481201,-1.8764041662216187,0.943954348564148
1773048844,767423265,world,cf231,-2.690377950668335,-1.8720251321792603,0.9591370820999146
1773048844,767423265,world,cf231_leg,-2.6810696125030518,-1.876399040222168,0.9440029859542847
1773048844,773321843,world,cf231,-2.6904690265655518,-1.8718574047088623,0.9591506719589233
1773048844,773321843,world,cf231_leg,-2.681171417236328,-1.8763362169265747,0.9440269470214844
1773048844,777667032,world,cf231,-2.690563201904297,-1.8716868162155151,0.9591202735900879
1773048844,777667032,world,cf231_leg,-2.6811437606811523,-1.8762434720993042,0.9439969062805176
1773048844,782520338,world,cf231,-2.6905834674835205,-1.8715342283248901,0.9591823816299438
1773048844,782520338,world,cf231_leg,-2.6812045574188232,-1.8762807846069336,0.9440582990646362
1773048844,787911084,world,cf231,-2.6906113624572754,-1.871281385421753,0.9591888189315796
1773048844,787911084,world,cf231_leg,-2.6811933517456055,-1.8760660886764526,0.9440088272094727
1773048844,793207122,world,cf231,-2.6906917095184326,-1.8711206912994385,0.9591445922851562
1773048844,793207122,world,cf231_leg,-2.680983543395996,-1.875890851020813,0.9441335201263428
1773048844,797468464,world,cf231,-2.690829277038574,-1.8711209297180176,0.9592511653900146
1773048844,797468464,world,cf231_leg,-2.6811158657073975,-1.875966191291809,0.9441196918487549
1773048844,802694630,world,cf231,-2.6906814575195312,-1.8707863092422485,0.9590862989425659
1773048844,802694630,world,cf231_leg,-2.6809823513031006,-1.8757790327072144,0.9441392421722412
1773048844,808283875,world,cf231,-2.6907718181610107,-1.8707401752471924,0.9591482877731323
1773048844,808283875,world,cf231_leg,-2.6810009479522705,-1.8757315874099731,0.9441574811935425
1773048844,812539472,world,cf231,-2.690751075744629,-1.8705624341964722,0.9591596126556396
1773048844,812539472,world,cf231_leg,-2.680990695953369,-1.8756262063980103,0.9440881013870239
1773048844,817581838,world,cf231,-2.6908206939697266,-1.870558738708496,0.9591840505599976
1773048844,817581838,world,cf231_leg,-2.680868148803711,-1.875432014465332,0.9441624879837036
1773048844,822387053,world,cf231,-2.690777063369751,-1.8702839612960815,0.9591065645217896
1773048844,822387053,world,cf231_leg,-2.680788040161133,-1.875327706336975,0.9440748691558838
1773048844,827338348,world,cf231,-2.69067645072937,-1.870147705078125,0.9591324329376221
1773048844,827338348,world,cf231_leg,-2.6806981563568115,-1.875266671180725,0.944060206413269
1773048844,832393940,world,cf231,-2.690720558166504,-1.8700565099716187,0.9591469764709473
1773048844,832393940,world,cf231_leg,-2.6806957721710205,-1.875118374824524,0.9441728591918945
1773048844,837478666,world,cf231,-2.690680980682373,-1.8698065280914307,0.9591048955917358
1773048844,837478666,world,cf231_leg,-2.6805472373962402,-1.874938726425171,0.9441807270050049
1773048844,843249282,world,cf231,-2.6905438899993896,-1.8695839643478394,0.9590264558792114
1773048844,843249282,world,cf231_leg,-2.6804850101470947,-1.8749730587005615,0.9442100524902344
1773048844,847490260,world,cf231,-2.690455913543701,-1.869442343711853,0.9591058492660522
1773048844,847490260,world,cf231_leg,-2.6804375648498535,-1.8746997117996216,0.9441424608230591
1773048844,852395658,world,cf231,-2.6904759407043457,-1.8693996667861938,0.9591444730758667
1773048844,852395658,world,cf231_leg,-2.680217981338501,-1.8745585680007935,0.9440886974334717
1773048844,857474046,world,cf231,-2.6903302669525146,-1.8692134618759155,0.9590833187103271
1773048844,857474046,world,cf231_leg,-2.6801321506500244,-1.8744207620620728,0.9441660642623901
1773048844,862400927,world,cf231,-2.690333843231201,-1.869133710861206,0.959180474281311
1773048844,862400927,world,cf231_leg,-2.6800966262817383,-1.8743653297424316,0.944159984588623
1773048844,867530732,world,cf231,-2.6901726722717285,-1.868962287902832,0.9591450691223145
1773048844,867530732,world,cf231_leg,-2.679992914199829,-1.8742374181747437,0.944263219833374
1773048844,872606704,world,cf231,-2.6900181770324707,-1.8688150644302368,0.9591202735900879
1773048844,872606704,world,cf231_leg,-2.6797547340393066,-1.8741459846496582,0.944206714630127
1773048844,877495693,world,cf231,-2.689955711364746,-1.8688209056854248,0.9592331647872925
1773048844,877495693,world,cf231_leg,-2.67972993850708,-1.8740859031677246,0.9442704916000366
1773048844,882560408,world,cf231,-2.689755439758301,-1.8686622381210327,0.9592761993408203
1773048844,882560408,world,cf231_leg,-2.679483652114868,-1.8738478422164917,0.9441546201705933
1773048844,887376030,world,cf231,-2.68957257270813,-1.8685382604599,0.9592416286468506
1773048844,887376030,world,cf231_leg,-2.6793367862701416,-1.8738192319869995,0.9441078901290894
1773048844,892483654,world,cf231,-2.6894607543945312,-1.8684086799621582,0.9592102766036987
1773048844,892483654,world,cf231_leg,-2.679213762283325,-1.8737393617630005,0.9444031715393066
1773048844,897273850,world,cf231,-2.689225435256958,-1.8681954145431519,0.9592441320419312
1773048844,897273850,world,cf231_leg,-2.679047107696533,-1.8736072778701782,0.9443920850753784
1773048844,902261033,world,cf231,-2.688974142074585,-1.8679572343826294,0.9591515064239502
1773048844,902261033,world,cf231_leg,-2.678969621658325,-1.8736517429351807,0.9444242715835571
1773048844,908131944,world,cf231,-2.688868761062622,-1.8677810430526733,0.9593085050582886
1773048844,908131944,world,cf231_leg,-2.6787261962890625,-1.8734490871429443,0.9444160461425781
1773048844,912812865,world,cf231,-2.688645124435425,-1.8676743507385254,0.9593920707702637
1773048844,912812865,world,cf231_leg,-2.6785483360290527,-1.8733261823654175,0.9443662166595459
1773048844,918152560,world,cf231,-2.6884078979492188,-1.8675363063812256,0.9592889547348022
1773048844,918152560,world,cf231_leg,-2.6783924102783203,-1.8731874227523804,0.944408655166626
1773048844,923352497,world,cf231,-2.6881930828094482,-1.867390513420105,0.9593361616134644
1773048844,923352497,world,cf231_leg,-2.6781084537506104,-1.8730833530426025,0.9444202184677124
1773048844,927501655,world,cf231,-2.687913179397583,-1.8672739267349243,0.9593925476074219
1773048844,927501655,world,cf231_leg,-2.67803955078125,-1.8729722499847412,0.9443864822387695
1773048844,932282764,world,cf231,-2.687587022781372,-1.8672224283218384,0.9593766927719116
1773048844,932282764,world,cf231_leg,-2.6778295040130615,-1.8728278875350952,0.9444200992584229
1773048844,937468423,world,cf231,-2.6872215270996094,-1.8669687509536743,0.9592694044113159
1773048844,937468423,world,cf231_leg,-2.6775524616241455,-1.8727961778640747,0.9444088935852051
1773048844,942473510,world,cf231,-2.686929225921631,-1.866861343383789,0.9592883586883545
1773048844,942473510,world,cf231_leg,-2.6773579120635986,-1.872641682624817,0.9444395303726196
1773048844,948153264,world,cf231,-2.6866674423217773,-1.866774082183838,0.9592289924621582
1773048844,948153264,world,cf231_leg,-2.6772141456604004,-1.8725730180740356,0.9443994760513306
1773048844,952573207,world,cf231,-2.6863880157470703,-1.8666578531265259,0.9592841863632202
1773048844,952573207,world,cf231_leg,-2.67697811126709,-1.8725566864013672,0.9443778991699219
1773048844,957510432,world,cf231,-2.6860804557800293,-1.8664430379867554,0.9592807292938232
1773048844,957510432,world,cf231_leg,-2.6767213344573975,-1.8723610639572144,0.9443371295928955
1773048844,962527800,world,cf231,-2.685737133026123,-1.8662408590316772,0.9593307971954346
1773048844,962527800,world,cf231_leg,-2.6764376163482666,-1.8722575902938843,0.9443467855453491
1773048844,967476234,world,cf231,-2.685518264770508,-1.8663272857666016,0.9594279527664185
1773048844,967476234,world,cf231_leg,-2.6762919425964355,-1.872304916381836,0.9443551301956177
1773048844,972602393,world,cf231,-2.685077428817749,-1.865997314453125,0.9592756032943726
1773048844,972602393,world,cf231_leg,-2.676069736480713,-1.8721662759780884,0.9443374872207642
1773048844,977600954,world,cf231,-2.684735059738159,-1.8659604787826538,0.9592850208282471
1773048844,977600954,world,cf231_leg,-2.6757688522338867,-1.8720358610153198,0.9442243576049805
1773048844,983184356,world,cf231,-2.6843152046203613,-1.8658090829849243,0.9591199159622192
1773048844,983184356,world,cf231_leg,-2.6755659580230713,-1.8720394372940063,0.9443362951278687
1773048844,988169767,world,cf231,-2.6839258670806885,-1.865753412246704,0.9591652154922485
1773048844,988169767,world,cf231_leg,-2.6753053665161133,-1.8719234466552734,0.9442157745361328
1773048844,992551160,world,cf231,-2.683499336242676,-1.8656688928604126,0.9593650102615356
1773048844,992551160,world,cf231_leg,-2.675042152404785,-1.871769666671753,0.9442074298858643
1773048844,997610897,world,cf231,-2.682994842529297,-1.8656444549560547,0.9591548442840576
1773048844,997610897,world,cf231_leg,-2.674729585647583,-1.8717986345291138,0.9442154169082642
1773048845,2613942,world,cf231,-2.6826319694519043,-1.8655762672424316,0.9592857360839844
1773048845,2613942,world,cf231_leg,-2.6745123863220215,-1.8716927766799927,0.9442697763442993
1773048845,7540481,world,cf231,-2.6821279525756836,-1.8653258085250854,0.9590864181518555
1773048845,7540481,world,cf231_leg,-2.6741867065429688,-1.8715782165527344,0.944084882736206
1773048845,12528423,world,cf231,-2.681767225265503,-1.8652536869049072,0.9591755867004395
1773048845,12528423,world,cf231_leg,-2.6739001274108887,-1.8714768886566162,0.9441325664520264
1773048845,17585334,world,cf231,-2.6813764572143555,-1.8651729822158813,0.9591587781906128
1773048845,17585334,world,cf231_leg,-2.673633575439453,-1.8714054822921753,0.9440587759017944
1773048845,22545146,world,cf231,-2.6809327602386475,-1.8651129007339478,0.9591875076293945
1773048845,22545146,world,cf231_leg,-2.6734585762023926,-1.8713135719299316,0.9440854787826538
1773048845,27593554,world,cf231,-2.6805179119110107,-1.865196943283081,0.9592074155807495
1773048845,27593554,world,cf231_leg,-2.673170328140259,-1.8712913990020752,0.944033145904541
1773048845,32362679,world,cf231,-2.680111885070801,-1.8651996850967407,0.9590188264846802
1773048845,32362679,world,cf231_leg,-2.672811269760132,-1.8712646961212158,0.9439351558685303
1773048845,37503997,world,cf231,-2.6795191764831543,-1.8650699853897095,0.959022045135498
1773048845,37503997,world,cf231_leg,-2.6726906299591064,-1.8711832761764526,0.9440000057220459
1773048845,43282242,world,cf231,-2.6790168285369873,-1.8649647235870361,0.9589108228683472
1773048845,43282242,world,cf231_leg,-2.672224521636963,-1.87100088596344,0.9439398050308228
1773048845,47483577,world,cf231,-2.678548812866211,-1.8649168014526367,0.9588289260864258
1773048845,47483577,world,cf231_leg,-2.6721277236938477,-1.871093988418579,0.9439725875854492
1773048845,52645861,world,cf231,-2.6782138347625732,-1.8648279905319214,0.9589886665344238
1773048845,52645861,world,cf231_leg,-2.671721935272217,-1.8709466457366943,0.9437686204910278
1773048845,57327052,world,cf231,-2.6778483390808105,-1.8648380041122437,0.9590005874633789
1773048845,57327052,world,cf231_leg,-2.6713907718658447,-1.8709102869033813,0.9437448978424072
1773048845,62898570,world,cf231,-2.677334785461426,-1.864736795425415,0.9588136672973633
1773048845,62898570,world,cf231_leg,-2.6711108684539795,-1.870841145515442,0.9436080455780029
1773048845,67373241,world,cf231,-2.6768834590911865,-1.8647260665893555,0.958672046661377
1773048845,67373241,world,cf231_leg,-2.670830011367798,-1.8707396984100342,0.9438005685806274
1773048845,72541987,world,cf231,-2.67631196975708,-1.8646197319030762,0.9584966897964478
1773048845,72541987,world,cf231_leg,-2.6705241203308105,-1.870722770690918,0.9437432289123535
1773048845,77552467,world,cf231,-2.6758217811584473,-1.8646221160888672,0.9584341049194336
1773048845,77552467,world,cf231_leg,-2.6701910495758057,-1.870684266090393,0.9437257051467896
1773048845,82462031,world,cf231,-2.6754438877105713,-1.8646379709243774,0.9583914279937744
1773048845,82462031,world,cf231_leg,-2.6699323654174805,-1.87060546875,0.9437302350997925
1773048845,87338714,world,cf231,-2.6749088764190674,-1.8645110130310059,0.9583624601364136
1773048845,87338714,world,cf231_leg,-2.6696393489837646,-1.870470404624939,0.943708062171936
1773048845,93151874,world,cf231,-2.6746468544006348,-1.8645375967025757,0.9582946300506592
1773048845,93151874,world,cf231_leg,-2.669466495513916,-1.8706049919128418,0.9437384605407715
1773048845,97694090,world,cf231,-2.674086332321167,-1.8644275665283203,0.9581940174102783
1773048845,97694090,world,cf231_leg,-2.669128656387329,-1.8704208135604858,0.9436348676681519
1773048845,102577237,world,cf231,-2.673687219619751,-1.8643782138824463,0.9581565856933594
1773048845,102577237,world,cf231_leg,-2.668837785720825,-1.8703964948654175,0.9435887336730957
1773048845,107638385,world,cf231,-2.6732280254364014,-1.8644016981124878,0.9580127000808716
1773048845,107638385,world,cf231_leg,-2.668458938598633,-1.8703105449676514,0.9435064792633057
1773048845,112609029,world,cf231,-2.6727378368377686,-1.8642916679382324,0.9579535722732544
1773048845,112609029,world,cf231_leg,-2.6681809425354004,-1.8702809810638428,0.9435100555419922
1773048845,117647985,world,cf231,-2.672255277633667,-1.8642512559890747,0.9578374624252319
1773048845,117647985,world,cf231_leg,-2.6678755283355713,-1.8701517581939697,0.9434365034103394
1773048845,122578441,world,cf231,-2.6716437339782715,-1.8642116785049438,0.9577280282974243
1773048845,122578441,world,cf231_leg,-2.6677300930023193,-1.8703107833862305,0.9434407949447632
1773048845,127541753,world,cf231,-2.6713168621063232,-1.8641546964645386,0.9576740264892578
1773048845,127541753,world,cf231_leg,-2.6673099994659424,-1.8700963258743286,0.9433540105819702
1773048845,133246814,world,cf231,-2.6709842681884766,-1.8642209768295288,0.9577184915542603
1773048845,133246814,world,cf231_leg,-2.6669812202453613,-1.8700191974639893,0.9433382749557495
1773048845,137543731,world,cf231,-2.670393943786621,-1.8642076253890991,0.9574487209320068
1773048845,137543731,world,cf231_leg,-2.666717767715454,-1.8700923919677734,0.9433536529541016
1773048845,142640693,world,cf231,-2.6699748039245605,-1.864184856414795,0.9575351476669312
1773048845,142640693,world,cf231_leg,-2.6664376258850098,-1.8699105978012085,0.9432010650634766
1773048845,147961090,world,cf231,-2.669553518295288,-1.8641828298568726,0.9574992656707764
1773048845,147961090,world,cf231_leg,-2.666224241256714,-1.8699945211410522,0.9432996511459351
1773048845,152422658,world,cf231,-2.669121265411377,-1.8641142845153809,0.9575634002685547
1773048845,152422658,world,cf231_leg,-2.6660027503967285,-1.869968295097351,0.9432748556137085
1773048845,157543912,world,cf231,-2.6686599254608154,-1.864142656326294,0.9574583768844604
1773048845,157543912,world,cf231_leg,-2.6656980514526367,-1.8699923753738403,0.943375825881958
1773048845,162448043,world,cf231,-2.668238639831543,-1.864069938659668,0.9575995206832886
1773048845,162448043,world,cf231_leg,-2.6655073165893555,-1.869873046875,0.9432570934295654
1773048845,167413632,world,cf231,-2.6677873134613037,-1.8640543222427368,0.9574184417724609
1773048845,167413632,world,cf231_leg,-2.665158748626709,-1.8698450326919556,0.943240761756897
1773048845,172512461,world,cf231,-2.6673853397369385,-1.8640090227127075,0.9574217796325684
1773048845,172512461,world,cf231_leg,-2.664971113204956,-1.869876742362976,0.9432597160339355
1773048845,177547572,world,cf231,-2.6670498847961426,-1.8640459775924683,0.9573893547058105
1773048845,177547572,world,cf231_leg,-2.66471529006958,-1.8697938919067383,0.9432088136672974
1773048845,182479842,world,cf231,-2.666621446609497,-1.864139199256897,0.9573720693588257
1773048845,182479842,world,cf231_leg,-2.6643691062927246,-1.8697658777236938,0.943170428276062
1773048845,187544414,world,cf231,-2.6662914752960205,-1.8640860319137573,0.9573594331741333
1773048845,187544414,world,cf231_leg,-2.6642656326293945,-1.869825005531311,0.9431353807449341
1773048845,192802789,world,cf231,-2.6658759117126465,-1.863983392715454,0.9575424194335938
1773048845,192802789,world,cf231_leg,-2.6639909744262695,-1.869792103767395,0.9430822134017944
1773048845,197338326,world,cf231,-2.665555000305176,-1.8640044927597046,0.9574874639511108
1773048845,197338326,world,cf231_leg,-2.6637473106384277,-1.8698166608810425,0.9430967569351196
1773048845,202878438,world,cf231,-2.6651322841644287,-1.8640050888061523,0.9574710130691528
1773048845,202878438,world,cf231_leg,-2.663479804992676,-1.869740605354309,0.9429916143417358
1773048845,207642305,world,cf231,-2.6647324562072754,-1.8639562129974365,0.9574321508407593
1773048845,207642305,world,cf231_leg,-2.663274049758911,-1.8697843551635742,0.9430516958236694
1773048845,212538811,world,cf231,-2.6644468307495117,-1.8640350103378296,0.9574053287506104
1773048845,212538811,world,cf231_leg,-2.6630594730377197,-1.8697901964187622,0.9430789947509766
1773048845,217657970,world,cf231,-2.6640682220458984,-1.8639382123947144,0.9573657512664795
1773048845,217657970,world,cf231_leg,-2.6629130840301514,-1.8698375225067139,0.9430875778198242
1773048845,222634420,world,cf231,-2.663803815841675,-1.863969326019287,0.9573382139205933
1773048845,222634420,world,cf231_leg,-2.662743330001831,-1.8697818517684937,0.942961573600769
1773048845,228140960,world,cf231,-2.663482427597046,-1.8639932870864868,0.9573019742965698
1773048845,228140960,world,cf231_leg,-2.662477970123291,-1.8697423934936523,0.9429842233657837
1773048845,232430211,world,cf231,-2.663196325302124,-1.863958716392517,0.9572806358337402
1773048845,232430211,world,cf231_leg,-2.6623308658599854,-1.8697892427444458,0.9429939985275269
1773048845,238256969,world,cf231,-2.662909507751465,-1.8640397787094116,0.9572741985321045
1773048845,238256969,world,cf231_leg,-2.6621017456054688,-1.869692325592041,0.9430087804794312
1773048845,242772527,world,cf231,-2.6626017093658447,-1.8639370203018188,0.9572397470474243
1773048845,242772527,world,cf231_leg,-2.6619911193847656,-1.8697924613952637,0.9430102109909058
1773048845,247599615,world,cf231,-2.6624414920806885,-1.8641430139541626,0.957318902015686
1773048845,247599615,world,cf231_leg,-2.661869525909424,-1.8698238134384155,0.9430903196334839
1773048845,252443830,world,cf231,-2.6621432304382324,-1.863998532295227,0.9572278261184692
1773048845,252443830,world,cf231_leg,-2.661562204360962,-1.8696584701538086,0.9428865909576416
1773048845,258187198,world,cf231,-2.6618568897247314,-1.8640801906585693,0.9572199583053589
1773048845,258187198,world,cf231_leg,-2.6613402366638184,-1.869747519493103,0.9428914785385132
1773048845,262456350,world,cf231,-2.661515474319458,-1.8640340566635132,0.9571496248245239
1773048845,262456350,world,cf231_leg,-2.661379814147949,-1.8698389530181885,0.9430059194564819
1773048845,268080418,world,cf231,-2.6612765789031982,-1.8640483617782593,0.9571939706802368
1773048845,268080418,world,cf231_leg,-2.661123037338257,-1.8697576522827148,0.9429726600646973
1773048845,272533490,world,cf231,-2.6610567569732666,-1.8640955686569214,0.9571378231048584
1773048845,272533490,world,cf231_leg,-2.6609652042388916,-1.869809627532959,0.9429113864898682
1773048845,277372646,world,cf231,-2.6608972549438477,-1.8640671968460083,0.9571694135665894
1773048845,277372646,world,cf231_leg,-2.6608762741088867,-1.8698607683181763,0.9428900480270386
1773048845,282428791,world,cf231,-2.660738945007324,-1.864037036895752,0.9571794271469116
1773048845,282428791,world,cf231_leg,-2.660722494125366,-1.869835376739502,0.9429221153259277
1773048845,287394229,world,cf231,-2.6606104373931885,-1.8641486167907715,0.957162618637085
1773048845,287394229,world,cf231_leg,-2.660654067993164,-1.8698362112045288,0.9428825378417969
1773048845,292684816,world,cf231,-2.6604268550872803,-1.864132285118103,0.9570825099945068
1773048845,292684816,world,cf231_leg,-2.6604537963867188,-1.8698761463165283,0.9428647756576538
1773048845,297684061,world,cf231,-2.6602892875671387,-1.864169955253601,0.9571070671081543
1773048845,297684061,world,cf231_leg,-2.6603753566741943,-1.8698066473007202,0.9428858757019043
1773048845,302495051,world,cf231,-2.6601521968841553,-1.8642076253890991,0.9571313858032227
1773048845,302495051,world,cf231_leg,-2.6602659225463867,-1.8699058294296265,0.9428678750991821
1773048845,307409661,world,cf231,-2.6601033210754395,-1.8642768859863281,0.957100510597229
1773048845,307409661,world,cf231_leg,-2.660132884979248,-1.8699458837509155,0.942909836769104
1773048845,312507346,world,cf231,-2.6599929332733154,-1.864295482635498,0.9571762084960938
1773048845,312507346,world,cf231_leg,-2.6600561141967773,-1.8698731660842896,0.9428961277008057
1773048845,317468527,world,cf231,-2.6598875522613525,-1.8642386198043823,0.9571042060852051
1773048845,317468527,world,cf231_leg,-2.6599531173706055,-1.8699332475662231,0.9428586959838867
1773048845,322653213,world,cf231,-2.659797191619873,-1.864285945892334,0.9570397138595581
1773048845,322653213,world,cf231_leg,-2.6599347591400146,-1.870017647743225,0.9429904222488403
1773048845,329132757,world,cf231,-2.6598215103149414,-1.8643896579742432,0.9571654796600342
1773048845,329132757,world,cf231_leg,-2.6597788333892822,-1.8699556589126587,0.9428952932357788
1773048845,332501578,world,cf231,-2.659844398498535,-1.8644565343856812,0.9571559429168701
1773048845,332501578,world,cf231_leg,-2.659811496734619,-1.8700125217437744,0.9429423809051514
1773048845,338275364,world,cf231,-2.6597371101379395,-1.8644006252288818,0.9571073055267334
1773048845,338275364,world,cf231_leg,-2.659665584564209,-1.870058298110962,0.9429335594177246
1773048845,342605887,world,cf231,-2.6596932411193848,-1.8643854856491089,0.9571330547332764
1773048845,342605887,world,cf231_leg,-2.659677028656006,-1.8700515031814575,0.9429882764816284
1773048845,347375715,world,cf231,-2.659623861312866,-1.8643841743469238,0.9570696353912354
1773048845,347375715,world,cf231_leg,-2.6596450805664062,-1.8701062202453613,0.9429374933242798
1773048845,352456587,world,cf231,-2.65970516204834,-1.8644981384277344,0.957221508026123
1773048845,352456587,world,cf231_leg,-2.659546136856079,-1.870086669921875,0.9429783821105957
1773048845,357664665,world,cf231,-2.659820318222046,-1.8646240234375,0.9572137594223022
1773048845,357664665,world,cf231_leg,-2.6595332622528076,-1.8700942993164062,0.9429434537887573
1773048845,362457327,world,cf231,-2.6597838401794434,-1.8645679950714111,0.9572064876556396
1773048845,362457327,world,cf231_leg,-2.659468650817871,-1.8700180053710938,0.9429961442947388
1773048845,369167053,world,cf231,-2.65975022315979,-1.8645086288452148,0.9571561813354492
1773048845,369167053,world,cf231_leg,-2.6594367027282715,-1.8701857328414917,0.9429606199264526
1773048845,372653027,world,cf231,-2.659820795059204,-1.864624261856079,0.9572128057479858
1773048845,372653027,world,cf231_leg,-2.659421443939209,-1.870193600654602,0.9429481029510498
1773048845,377551185,world,cf231,-2.6597847938537598,-1.8645660877227783,0.9571857452392578
1773048845,377551185,world,cf231_leg,-2.659392833709717,-1.870285987854004,0.9430222511291504
1773048845,382510757,world,cf231,-2.6599924564361572,-1.8646438121795654,0.9572185277938843
1773048845,382510757,world,cf231_leg,-2.6593799591064453,-1.8701804876327515,0.9429730176925659
1773048845,387510856,world,cf231,-2.660060405731201,-1.864762544631958,0.9573185443878174
1773048845,387510856,world,cf231_leg,-2.659337043762207,-1.8702791929244995,0.943016767501831
1773048845,392561681,world,cf231,-2.6602113246917725,-1.8647146224975586,0.9573092460632324
1773048845,392561681,world,cf231_leg,-2.6593165397644043,-1.87032949924469,0.9430357217788696
1773048845,397469443,world,cf231,-2.660231590270996,-1.864784836769104,0.9573431015014648
1773048845,397469443,world,cf231_leg,-2.6593589782714844,-1.870343565940857,0.9430075883865356
1773048845,402678356,world,cf231,-2.6602907180786133,-1.8647879362106323,0.9573103189468384
1773048845,402678356,world,cf231_leg,-2.6592953205108643,-1.870378851890564,0.9430572986602783
1773048845,407428318,world,cf231,-2.6603477001190186,-1.864795207977295,0.9573192596435547
1773048845,407428318,world,cf231_leg,-2.659324884414673,-1.8704006671905518,0.9429944753646851
1773048845,412530879,world,cf231,-2.660569906234741,-1.8648600578308105,0.9573472738265991
1773048845,412530879,world,cf231_leg,-2.6592414379119873,-1.870485544204712,0.9428068399429321
1773048845,417683294,world,cf231,-2.6606686115264893,-1.8648868799209595,0.9573702812194824
1773048845,417683294,world,cf231_leg,-2.659273862838745,-1.8705447912216187,0.9428690671920776
1773048845,424302766,world,cf231,-2.6607747077941895,-1.864941120147705,0.9574233293533325
1773048845,424302766,world,cf231_leg,-2.6594085693359375,-1.8705053329467773,0.9430612325668335
1773048845,427554427,world,cf231,-2.660888195037842,-1.8649582862854004,0.9574593305587769
1773048845,427554427,world,cf231_leg,-2.659301996231079,-1.8706427812576294,0.9429301023483276
1773048845,432449145,world,cf231,-2.6609911918640137,-1.8649768829345703,0.957399845123291
1773048845,432449145,world,cf231_leg,-2.6594393253326416,-1.8706414699554443,0.9430093765258789
1773048845,438212000,world,cf231,-2.6611645221710205,-1.8650338649749756,0.9575390815734863
1773048845,438212000,world,cf231_leg,-2.6592979431152344,-1.870606541633606,0.9428237676620483
1773048845,443137990,world,cf231,-2.661339044570923,-1.865166187286377,0.9575152397155762
1773048845,443137990,world,cf231_leg,-2.659379720687866,-1.8707118034362793,0.9429110288619995
1773048845,448237592,world,cf231,-2.661484479904175,-1.8651303052902222,0.9576293230056763
1773048845,448237592,world,cf231_leg,-2.659458637237549,-1.870781660079956,0.9428887367248535
1773048845,453099862,world,cf231,-2.6615653038024902,-1.8651992082595825,0.9575903415679932
1773048845,453099862,world,cf231_leg,-2.6594197750091553,-1.8707282543182373,0.942920446395874
1773048845,457742172,world,cf231,-2.6617939472198486,-1.865342140197754,0.9576181173324585
1773048845,457742172,world,cf231_leg,-2.65954852104187,-1.8708447217941284,0.9429216384887695
1773048845,462566227,world,cf231,-2.661874532699585,-1.865297555923462,0.9575842618942261
1773048845,462566227,world,cf231_leg,-2.659546375274658,-1.8708471059799194,0.9429585933685303
1773048845,469170859,world,cf231,-2.662137508392334,-1.8653812408447266,0.9576292037963867
1773048845,469170859,world,cf231_leg,-2.6596364974975586,-1.870910406112671,0.9429904222488403
1773048845,472454602,world,cf231,-2.6622393131256104,-1.8654019832611084,0.9575902223587036
1773048845,472454602,world,cf231_leg,-2.659605026245117,-1.8709654808044434,0.942939043045044
1773048845,477548632,world,cf231,-2.662388324737549,-1.8654741048812866,0.9576356410980225
1773048845,477548632,world,cf231_leg,-2.659695863723755,-1.8710272312164307,0.9429529905319214
1773048845,482558797,world,cf231,-2.662778854370117,-1.865796685218811,0.9577592611312866
1773048845,482558797,world,cf231_leg,-2.6597585678100586,-1.8711061477661133,0.9429365396499634
1773048845,487366802,world,cf231,-2.662719249725342,-1.8655219078063965,0.9576102495193481
1773048845,487366802,world,cf231_leg,-2.65980863571167,-1.8711552619934082,0.9429744482040405
1773048845,492582923,world,cf231,-2.6630446910858154,-1.8657609224319458,0.9577468633651733
1773048845,492582923,world,cf231_leg,-2.659855604171753,-1.8712036609649658,0.9430363178253174
1773048845,497540577,world,cf231,-2.66318941116333,-1.865799069404602,0.9577018022537231
1773048845,497540577,world,cf231_leg,-2.659864664077759,-1.8712732791900635,0.9429776668548584
1773048845,502564148,world,cf231,-2.6633167266845703,-1.865918755531311,0.9577491283416748
1773048845,502564148,world,cf231_leg,-2.6599197387695312,-1.8712819814682007,0.9429997205734253
1773048845,508112802,world,cf231,-2.6633377075195312,-1.865870475769043,0.9577493667602539
1773048845,508112802,world,cf231_leg,-2.6600096225738525,-1.871344804763794,0.9430328607559204
1773048845,512643216,world,cf231,-2.6635184288024902,-1.8659640550613403,0.9577126502990723
1773048845,512643216,world,cf231_leg,-2.660074472427368,-1.871423602104187,0.9429945945739746
1773048845,517510999,world,cf231,-2.6636204719543457,-1.8659851551055908,0.9576730728149414
1773048845,517510999,world,cf231_leg,-2.6601786613464355,-1.8714756965637207,0.9430269002914429
1773048845,523269789,world,cf231,-2.6638739109039307,-1.8661134243011475,0.9577921628952026
1773048845,523269789,world,cf231_leg,-2.66028094291687,-1.8715330362319946,0.9431103467941284
1773048845,527452350,world,cf231,-2.663919687271118,-1.8661246299743652,0.957724928855896
1773048845,527452350,world,cf231_leg,-2.660250425338745,-1.871588945388794,0.9430559873580933
1773048845,533061076,world,cf231,-2.664090156555176,-1.8662619590759277,0.9577652215957642
1773048845,533061076,world,cf231_leg,-2.660327672958374,-1.8716596364974976,0.9430538415908813
1773048845,538407264,world,cf231,-2.6642396450042725,-1.8663318157196045,0.9577909708023071
1773048845,538407264,world,cf231_leg,-2.660409688949585,-1.87176513671875,0.9431405067443848
1773048845,542579906,world,cf231,-2.664422035217285,-1.8664629459381104,0.9578874111175537
1773048845,542579906,world,cf231_leg,-2.6604859828948975,-1.8717193603515625,0.9431114196777344
1773048845,547572372,world,cf231,-2.6645801067352295,-1.8664933443069458,0.957876443862915
1773048845,547572372,world,cf231_leg,-2.6605889797210693,-1.8720039129257202,0.943220853805542
1773048845,553010613,world,cf231,-2.6647636890411377,-1.8666224479675293,0.9579519033432007
1773048845,553010613,world,cf231_leg,-2.66064715385437,-1.872008204460144,0.9431890249252319
1773048845,557583234,world,cf231,-2.6648223400115967,-1.8666253089904785,0.9579198360443115
1773048845,557583234,world,cf231_leg,-2.6606285572052,-1.87201988697052,0.9432315826416016
1773048845,562458727,world,cf231,-2.6650171279907227,-1.8668218851089478,0.9578932523727417
1773048845,562458727,world,cf231_leg,-2.660688638687134,-1.8721369504928589,0.9431929588317871
1773048845,567663690,world,cf231,-2.665292739868164,-1.8670133352279663,0.95798659324646
1773048845,567663690,world,cf231_leg,-2.660824775695801,-1.8722500801086426,0.9433043003082275
1773048845,573181789,world,cf231,-2.6654179096221924,-1.8669819831848145,0.9579061269760132
1773048845,573181789,world,cf231_leg,-2.6608331203460693,-1.8722081184387207,0.9432487487792969
1773048845,577515678,world,cf231,-2.665567398071289,-1.867051601409912,0.9579321146011353
1773048845,577515678,world,cf231_leg,-2.6609580516815186,-1.8723254203796387,0.9432917833328247
1773048845,582555281,world,cf231,-2.6657373905181885,-1.8671886920928955,0.9579730033874512
1773048845,582555281,world,cf231_leg,-2.660903215408325,-1.8723195791244507,0.9432834386825562
1773048845,587452168,world,cf231,-2.665968656539917,-1.8673641681671143,0.9580943584442139
1773048845,587452168,world,cf231_leg,-2.6609256267547607,-1.8723821640014648,0.9432574510574341
1773048845,593913625,world,cf231,-2.6661155223846436,-1.867511510848999,0.9580035209655762
1773048845,593913625,world,cf231_leg,-2.6609718799591064,-1.8725476264953613,0.943366289138794
1773048845,597651098,world,cf231,-2.6663124561309814,-1.8675168752670288,0.9580988883972168
1773048845,597651098,world,cf231_leg,-2.6611101627349854,-1.8726580142974854,0.9434411525726318
1773048845,603186998,world,cf231,-2.6665258407592773,-1.8677881956100464,0.9581449031829834
1773048845,603186998,world,cf231_leg,-2.6609723567962646,-1.872545599937439,0.943350076675415
1773048845,607583620,world,cf231,-2.6666665077209473,-1.8677809238433838,0.9581947326660156
1773048845,607583620,world,cf231_leg,-2.6610629558563232,-1.8727223873138428,0.943394660949707
1773048845,614164542,world,cf231,-2.666749954223633,-1.8679450750350952,0.9582904577255249
1773048845,614164542,world,cf231_leg,-2.6610958576202393,-1.8727796077728271,0.9434407949447632
1773048845,619027553,world,cf231,-2.666961193084717,-1.868005394935608,0.9581872224807739
1773048845,619027553,world,cf231_leg,-2.6611108779907227,-1.8727718591690063,0.9434534311294556
1773048845,622408158,world,cf231,-2.6670424938201904,-1.868065595626831,0.9580934047698975
1773048845,622408158,world,cf231_leg,-2.6610512733459473,-1.872957468032837,0.943385124206543
1773048845,629260172,world,cf231,-2.667168378829956,-1.8681901693344116,0.9581787586212158
1773048845,629260172,world,cf231_leg,-2.6610355377197266,-1.8728135824203491,0.9434499740600586
1773048845,632336503,world,cf231,-2.667248010635376,-1.8681448698043823,0.9581471681594849
1773048845,632336503,world,cf231_leg,-2.661186456680298,-1.8730695247650146,0.9434994459152222
1773048845,637609624,world,cf231,-2.6673994064331055,-1.8683233261108398,0.9581277370452881
1773048845,637609624,world,cf231_leg,-2.661137342453003,-1.8730968236923218,0.9435627460479736
1773048845,642668564,world,cf231,-2.6675028800964355,-1.8684978485107422,0.9582343101501465
1773048845,642668564,world,cf231_leg,-2.661123514175415,-1.873105525970459,0.9435470104217529
1773048845,647535401,world,cf231,-2.6676719188690186,-1.8686399459838867,0.9583133459091187
1773048845,647535401,world,cf231_leg,-2.661109209060669,-1.8731144666671753,0.9435310363769531
1773048845,652343066,world,cf231,-2.667788505554199,-1.8687611818313599,0.9582643508911133
1773048845,652343066,world,cf231_leg,-2.661081075668335,-1.8732047080993652,0.9435890913009644
1773048845,657502611,world,cf231,-2.667891502380371,-1.8689379692077637,0.9583902359008789
1773048845,657502611,world,cf231_leg,-2.660991668701172,-1.8732553720474243,0.9435694217681885
1773048845,664069688,world,cf231,-2.6677424907684326,-1.8688656091690063,0.9583461284637451
1773048845,664069688,world,cf231_leg,-2.6610167026519775,-1.873241901397705,0.9436553716659546
1773048845,667540985,world,cf231,-2.6680169105529785,-1.8691749572753906,0.9584730863571167
1773048845,667540985,world,cf231_leg,-2.6609866619110107,-1.8734482526779175,0.943763256072998
1773048845,673277416,world,cf231,-2.6680521965026855,-1.869230031967163,0.9584822654724121
1773048845,673277416,world,cf231_leg,-2.6610076427459717,-1.8733984231948853,0.9437428712844849
1773048845,677421546,world,cf231,-2.668087959289551,-1.8692880868911743,0.9585089683532715
1773048845,677421546,world,cf231_leg,-2.6609270572662354,-1.8734054565429688,0.9436506032943726
1773048845,683223801,world,cf231,-2.668100595474243,-1.8693925142288208,0.958540678024292
1773048845,683223801,world,cf231_leg,-2.660942316055298,-1.8735500574111938,0.943841814994812
1773048845,687587910,world,cf231,-2.6681673526763916,-1.869516372680664,0.9586777687072754
1773048845,687587910,world,cf231_leg,-2.660977840423584,-1.8736052513122559,0.9438495635986328
1773048845,692464404,world,cf231,-2.6681442260742188,-1.8695658445358276,0.9587002992630005
1773048845,692464404,world,cf231_leg,-2.6609203815460205,-1.8737142086029053,0.9438948631286621
1773048845,697508649,world,cf231,-2.668179750442505,-1.869620680809021,0.9587098360061646
1773048845,697508649,world,cf231_leg,-2.6607816219329834,-1.8736763000488281,0.9439101219177246
1773048845,702556190,world,cf231,-2.668086528778076,-1.8696763515472412,0.9587262868881226
1773048845,702556190,world,cf231_leg,-2.660705327987671,-1.8736085891723633,0.9439254999160767
1773048845,707720192,world,cf231,-2.6681320667266846,-1.8697293996810913,0.9588319063186646
1773048845,707720192,world,cf231_leg,-2.6607604026794434,-1.8737305402755737,0.9439612627029419
1773048845,713356340,world,cf231,-2.667997360229492,-1.8697601556777954,0.9587970972061157
1773048845,713356340,world,cf231_leg,-2.660627603530884,-1.8737660646438599,0.943973183631897
1773048845,718959346,world,cf231,-2.668008327484131,-1.8699880838394165,0.958899974822998
1773048845,718959346,world,cf231_leg,-2.6606736183166504,-1.873815655708313,0.9440536499023438
1773048845,722484468,world,cf231,-2.6677985191345215,-1.8698780536651611,0.9587739706039429
1773048845,722484468,world,cf231_leg,-2.6605265140533447,-1.8738600015640259,0.9440498352050781
1773048845,727504590,world,cf231,-2.6678264141082764,-1.8700149059295654,0.9589906930923462
1773048845,727504590,world,cf231_leg,-2.660388469696045,-1.8738272190093994,0.9440937042236328
1773048845,733153238,world,cf231,-2.66774582862854,-1.8700593709945679,0.9590247869491577
1773048845,733153238,world,cf231_leg,-2.6602888107299805,-1.8738071918487549,0.9441362619400024
1773048845,737545564,world,cf231,-2.6676297187805176,-1.8700515031814575,0.9590679407119751
1773048845,737545564,world,cf231_leg,-2.6602532863616943,-1.8738654851913452,0.9441418647766113
1773048845,744301127,world,cf231,-2.6675374507904053,-1.8701022863388062,0.9590458869934082
1773048845,744301127,world,cf231_leg,-2.6601803302764893,-1.8739440441131592,0.9442653656005859
1773048845,747734189,world,cf231,-2.6673946380615234,-1.8701014518737793,0.9592242240905762
1773048845,747734189,world,cf231_leg,-2.6600732803344727,-1.8738510608673096,0.9443322420120239
1773048845,753237474,world,cf231,-2.6671996116638184,-1.8701337575912476,0.9592615365982056
1773048845,753237474,world,cf231_leg,-2.659963846206665,-1.8739604949951172,0.9445832967758179
1773048845,758124407,world,cf231,-2.6672115325927734,-1.8702431917190552,0.9593315124511719
1773048845,758124407,world,cf231_leg,-2.6597700119018555,-1.8739209175109863,0.9446223974227905
1773048845,763048765,world,cf231,-2.667165517807007,-1.8703895807266235,0.9595860242843628
1773048845,763048765,world,cf231_leg,-2.6597039699554443,-1.8739588260650635,0.9447087049484253
1773048845,767491513,world,cf231,-2.6669249534606934,-1.8703688383102417,0.959517240524292
1773048845,767491513,world,cf231_leg,-2.6595451831817627,-1.8738985061645508,0.9446530342102051
1773048845,773298237,world,cf231,-2.6668002605438232,-1.870400309562683,0.9595977067947388
1773048845,773298237,world,cf231_leg,-2.659367084503174,-1.8739244937896729,0.9447458982467651
1773048845,777454314,world,cf231,-2.666621208190918,-1.870417833328247,0.9596096277236938
1773048845,777454314,world,cf231_leg,-2.659298896789551,-1.8739649057388306,0.9448692798614502
1773048845,783187860,world,cf231,-2.6665961742401123,-1.8704742193222046,0.9596911668777466
1773048845,783187860,world,cf231_leg,-2.6590750217437744,-1.8739433288574219,0.9448972940444946
1773048845,787507716,world,cf231,-2.666506290435791,-1.8705631494522095,0.9598002433776855
1773048845,787507716,world,cf231_leg,-2.6589605808258057,-1.8740063905715942,0.9450312852859497
1773048845,793171542,world,cf231,-2.666290521621704,-1.8706434965133667,0.9598371982574463
1773048845,793171542,world,cf231_leg,-2.6589064598083496,-1.8739988803863525,0.9450058937072754
1773048845,797410528,world,cf231,-2.666062355041504,-1.8706170320510864,0.9598236083984375
1773048845,797410528,world,cf231_leg,-2.6586945056915283,-1.8739689588546753,0.9450708627700806
1773048845,802582961,world,cf231,-2.66579008102417,-1.8705748319625854,0.9598373174667358
1773048845,802582961,world,cf231_leg,-2.6585826873779297,-1.8739570379257202,0.9450775384902954
1773048845,807378540,world,cf231,-2.665468215942383,-1.870600938796997,0.959822416305542
1773048845,807378540,world,cf231_leg,-2.6584532260894775,-1.8739993572235107,0.9453021287918091
1773048845,813104962,world,cf231,-2.6653151512145996,-1.870602011680603,0.9599050283432007
1773048845,813104962,world,cf231_leg,-2.658311605453491,-1.8740808963775635,0.9454013109207153
1773048845,820596977,world,cf231,-2.6650850772857666,-1.8705796003341675,0.9599322080612183
1773048845,820596977,world,cf231_leg,-2.658128499984741,-1.8740317821502686,0.9454807043075562
1773048845,824156737,world,cf231,-2.6647424697875977,-1.8705410957336426,0.9599208831787109
1773048845,824156737,world,cf231_leg,-2.657952308654785,-1.8739439249038696,0.9455392360687256
1773048845,827392158,world,cf231,-2.6644694805145264,-1.8704981803894043,0.9599367380142212
1773048845,827392158,world,cf231_leg,-2.657841920852661,-1.8740466833114624,0.9455553293228149
1773048845,832250172,world,cf231,-2.664222478866577,-1.8705517053604126,0.9600189924240112
1773048845,832250172,world,cf231_leg,-2.6576664447784424,-1.874070405960083,0.9456106424331665
1773048845,837399828,world,cf231,-2.6639585494995117,-1.8704699277877808,0.9599965810775757
1773048845,837399828,world,cf231_leg,-2.6574888229370117,-1.8739814758300781,0.945672869682312
1773048845,842448061,world,cf231,-2.6637208461761475,-1.8704822063446045,0.9600213766098022
1773048845,842448061,world,cf231_leg,-2.6572682857513428,-1.873956322669983,0.9456453323364258
1773048845,847497937,world,cf231,-2.663536787033081,-1.8705099821090698,0.9601355791091919
1773048845,847497937,world,cf231_leg,-2.657036781311035,-1.8739773035049438,0.9457271099090576
1773048845,852267969,world,cf231,-2.663259267807007,-1.8704805374145508,0.9602704048156738
1773048845,852267969,world,cf231_leg,-2.6569290161132812,-1.8738842010498047,0.9457944631576538
1773048845,858188055,world,cf231,-2.6629278659820557,-1.8704354763031006,0.9603164196014404
1773048845,858188055,world,cf231_leg,-2.656672239303589,-1.8739211559295654,0.9458054304122925
1773048845,862397771,world,cf231,-2.662675619125366,-1.8703501224517822,0.960368275642395
1773048845,862397771,world,cf231_leg,-2.6565113067626953,-1.8739365339279175,0.9458755254745483
1773048845,868083266,world,cf231,-2.6622867584228516,-1.8701870441436768,0.9604295492172241
1773048845,868083266,world,cf231_leg,-2.6563076972961426,-1.8737494945526123,0.9458540678024292
1773048845,872374884,world,cf231,-2.6620583534240723,-1.8703150749206543,0.9605854749679565
1773048845,872374884,world,cf231_leg,-2.656093120574951,-1.8738731145858765,0.945927619934082
1773048845,879170390,world,cf231,-2.661621332168579,-1.8701056241989136,0.9606010913848877
1773048845,879170390,world,cf231_leg,-2.655921459197998,-1.8738172054290771,0.9460611343383789
1773048845,882312031,world,cf231,-2.6612818241119385,-1.8700999021530151,0.9606834650039673
1773048845,882312031,world,cf231_leg,-2.655709981918335,-1.873785376548767,0.9461102485656738
1773048845,887431545,world,cf231,-2.661107063293457,-1.8701311349868774,0.9609313011169434
1773048845,887431545,world,cf231_leg,-2.6555497646331787,-1.8738394975662231,0.9460873603820801
1773048845,892362661,world,cf231,-2.6607766151428223,-1.8700834512710571,0.960957407951355
1773048845,892362661,world,cf231_leg,-2.6553218364715576,-1.8737789392471313,0.9462316036224365
1773048845,897511060,world,cf231,-2.6604340076446533,-1.8699265718460083,0.9609130620956421
1773048845,897511060,world,cf231_leg,-2.6551568508148193,-1.873760461807251,0.9462096691131592
1773048845,902566245,world,cf231,-2.6601595878601074,-1.869888424873352,0.9609676599502563
1773048845,902566245,world,cf231_leg,-2.6549229621887207,-1.8736640214920044,0.9462682008743286
1773048845,908234066,world,cf231,-2.659808874130249,-1.8697710037231445,0.9609596729278564
1773048845,908234066,world,cf231_leg,-2.654802083969116,-1.8738526105880737,0.946556568145752
1773048845,912239956,world,cf231,-2.659534454345703,-1.8697328567504883,0.9610140323638916
1773048845,912239956,world,cf231_leg,-2.654576301574707,-1.8737163543701172,0.9465750455856323
1773048845,917413380,world,cf231,-2.6591107845306396,-1.869623064994812,0.9610227346420288
1773048845,917413380,world,cf231_leg,-2.654356002807617,-1.8736892938613892,0.9465312957763672
1773048845,923392994,world,cf231,-2.6588306427001953,-1.8695051670074463,0.9610569477081299
1773048845,923392994,world,cf231_leg,-2.6541643142700195,-1.873844861984253,0.9468768835067749
1773048845,927522881,world,cf231,-2.658446788787842,-1.8692548274993896,0.9611560106277466
1773048845,927522881,world,cf231_leg,-2.654073476791382,-1.8738173246383667,0.9467872381210327
1773048845,933238964,world,cf231,-2.6581077575683594,-1.8692469596862793,0.9612187147140503
1773048845,933238964,world,cf231_leg,-2.6537270545959473,-1.8737925291061401,0.9469726085662842
1773048845,938189214,world,cf231,-2.657658100128174,-1.8690379858016968,0.9611413478851318
1773048845,938189214,world,cf231_leg,-2.6535792350769043,-1.8738006353378296,0.9470760822296143
1773048845,942503898,world,cf231,-2.657414436340332,-1.869011640548706,0.9613207578659058
1773048845,942503898,world,cf231_leg,-2.653369665145874,-1.8737685680389404,0.9471036195755005
1773048845,947449168,world,cf231,-2.657233715057373,-1.868920922279358,0.9613757133483887
1773048845,947449168,world,cf231_leg,-2.653136968612671,-1.8736732006072998,0.947158694267273
1773048845,952375927,world,cf231,-2.656831979751587,-1.8687994480133057,0.9615194797515869
1773048845,952375927,world,cf231_leg,-2.653031826019287,-1.8738110065460205,0.9472633600234985
1773048845,957281160,world,cf231,-2.6564207077026367,-1.8685674667358398,0.9615689516067505
1773048845,957281160,world,cf231_leg,-2.6528408527374268,-1.8737292289733887,0.9472919702529907
1773048845,962314234,world,cf231,-2.656162738800049,-1.8685544729232788,0.9617513418197632
1773048845,962314234,world,cf231_leg,-2.652552604675293,-1.8736274242401123,0.947340726852417
1773048845,967426787,world,cf231,-2.655796527862549,-1.868377685546875,0.9619265794754028
1773048845,967426787,world,cf231_leg,-2.6522889137268066,-1.8737032413482666,0.9473729133605957
1773048845,973195657,world,cf231,-2.6554744243621826,-1.8682879209518433,0.9618970155715942
1773048845,973195657,world,cf231_leg,-2.6521332263946533,-1.873563289642334,0.9473952054977417
1773048845,977655114,world,cf231,-2.6551780700683594,-1.868300437927246,0.9619712829589844
1773048845,977655114,world,cf231_leg,-2.6519510746002197,-1.8735554218292236,0.9473967552185059
1773048845,983161836,world,cf231,-2.6545772552490234,-1.8681367635726929,0.9618843793869019
1773048845,983161836,world,cf231_leg,-2.651761293411255,-1.8736629486083984,0.9475420713424683
1773048845,988143537,world,cf231,-2.654245615005493,-1.8679786920547485,0.961932897567749
1773048845,988143537,world,cf231_leg,-2.651646137237549,-1.873613715171814,0.947422981262207
1773048845,992519308,world,cf231,-2.653932809829712,-1.8680051565170288,0.9620338678359985
1773048845,992519308,world,cf231_leg,-2.651475429534912,-1.8735589981079102,0.9475535154342651
1773048845,997497718,world,cf231,-2.6535227298736572,-1.867884635925293,0.9620577096939087
1773048845,997497718,world,cf231_leg,-2.65132999420166,-1.8736050128936768,0.9475445747375488
1773048846,4127152,world,cf231,-2.6532959938049316,-1.8678956031799316,0.9621769189834595
1773048846,4127152,world,cf231_leg,-2.6511330604553223,-1.8735673427581787,0.9476222991943359
1773048846,7934158,world,cf231,-2.652894973754883,-1.8677308559417725,0.9621250629425049
1773048846,7934158,world,cf231_leg,-2.6509737968444824,-1.8735072612762451,0.9475656747817993
1773048846,12327495,world,cf231,-2.6525866985321045,-1.867630958557129,0.9621098041534424
1773048846,12327495,world,cf231_leg,-2.6507997512817383,-1.8735302686691284,0.9476016759872437
1773048846,18158803,world,cf231,-2.652312994003296,-1.8675912618637085,0.9621424674987793
1773048846,18158803,world,cf231_leg,-2.6505966186523438,-1.8735722303390503,0.9476234912872314
1773048846,23130285,world,cf231,-2.6520836353302,-1.8675644397735596,0.9621294736862183
1773048846,23130285,world,cf231_leg,-2.6504127979278564,-1.873486042022705,0.9475547075271606
1773048846,28238956,world,cf231,-2.651737928390503,-1.867526888847351,0.9621411561965942
1773048846,28238956,world,cf231_leg,-2.650209665298462,-1.873528003692627,0.9475762844085693
1773048846,32460221,world,cf231,-2.6515119075775146,-1.8674942255020142,0.9620658159255981
1773048846,32460221,world,cf231_leg,-2.6500415802001953,-1.873509407043457,0.9475773572921753
1773048846,37234978,world,cf231,-2.6511309146881104,-1.8674019575119019,0.9620668888092041
1773048846,37234978,world,cf231_leg,-2.649919271469116,-1.8735053539276123,0.947526216506958
1773048846,42382900,world,cf231,-2.6508235931396484,-1.8673003911972046,0.962030291557312
1773048846,42382900,world,cf231_leg,-2.6497890949249268,-1.8735414743423462,0.9475148916244507
1773048846,47338934,world,cf231,-2.65059494972229,-1.8672713041305542,0.9619972705841064
1773048846,47338934,world,cf231_leg,-2.649522542953491,-1.8735398054122925,0.9474486112594604
1773048846,52441344,world,cf231,-2.650291919708252,-1.8672511577606201,0.9620028734207153
1773048846,52441344,world,cf231_leg,-2.6493701934814453,-1.8735138177871704,0.9474612474441528
1773048846,57431642,world,cf231,-2.6500988006591797,-1.867163896560669,0.9619828462600708
1773048846,57431642,world,cf231_leg,-2.6492815017700195,-1.8735650777816772,0.9474402666091919
1773048846,62380190,world,cf231,-2.6497292518615723,-1.867020606994629,0.9618481397628784
1773048846,62380190,world,cf231_leg,-2.6491241455078125,-1.8736155033111572,0.9473625421524048
1773048846,67277082,world,cf231,-2.6496505737304688,-1.8670613765716553,0.9618412256240845
1773048846,67277082,world,cf231_leg,-2.648965358734131,-1.8735531568527222,0.9472905397415161
1773048846,74130476,world,cf231,-2.6493852138519287,-1.8669790029525757,0.961819052696228
1773048846,74130476,world,cf231_leg,-2.6488754749298096,-1.8736060857772827,0.9472867250442505
1773048846,77405680,world,cf231,-2.6492605209350586,-1.867008090019226,0.9618808031082153
1773048846,77405680,world,cf231_leg,-2.648683786392212,-1.8736001253128052,0.947182297706604
1773048846,83002296,world,cf231,-2.6491196155548096,-1.8670127391815186,0.9618120193481445
1773048846,83002296,world,cf231_leg,-2.6486904621124268,-1.8737492561340332,0.9472827911376953
1773048846,87281706,world,cf231,-2.648949384689331,-1.8669863939285278,0.9617471694946289
1773048846,87281706,world,cf231_leg,-2.648519515991211,-1.8736956119537354,0.947172999382019
1773048846,92470887,world,cf231,-2.648822546005249,-1.866980791091919,0.961693525314331
1773048846,92470887,world,cf231_leg,-2.6483843326568604,-1.8736952543258667,0.9470551013946533
1773048846,97433067,world,cf231,-2.6486945152282715,-1.8669739961624146,0.961642861366272
1773048846,97433067,world,cf231_leg,-2.6483089923858643,-1.8737372159957886,0.9470521211624146
1773048846,102464443,world,cf231,-2.648559331893921,-1.867007851600647,0.9616266489028931
1773048846,102464443,world,cf231_leg,-2.6482834815979004,-1.8738678693771362,0.9470129013061523
1773048846,109007096,world,cf231,-2.648359537124634,-1.8668878078460693,0.9615381956100464
1773048846,109007096,world,cf231_leg,-2.6481752395629883,-1.8738147020339966,0.9470057487487793
1773048846,113194011,world,cf231,-2.648404836654663,-1.8670175075531006,0.9615054130554199
1773048846,113194011,world,cf231_leg,-2.648045063018799,-1.8740426301956177,0.9468898773193359
1773048846,119074960,world,cf231,-2.648242235183716,-1.867072582244873,0.9614567756652832
1773048846,119074960,world,cf231_leg,-2.648031711578369,-1.8740496635437012,0.9468568563461304
1773048846,122510625,world,cf231,-2.648115396499634,-1.8670644760131836,0.9613840579986572
1773048846,122510625,world,cf231_leg,-2.6478750705718994,-1.8739855289459229,0.9467464685440063
1773048846,127518791,world,cf231,-2.6480324268341064,-1.8671870231628418,0.9613010883331299
1773048846,127518791,world,cf231_leg,-2.6478168964385986,-1.874172329902649,0.9466757774353027
1773048846,132431896,world,cf231,-2.6480226516723633,-1.867231011390686,0.9613782167434692
1773048846,132431896,world,cf231_leg,-2.64778208732605,-1.8741161823272705,0.9466482400894165
1773048846,137497460,world,cf231,-2.6478564739227295,-1.8672503232955933,0.9612172842025757
1773048846,137497460,world,cf231_leg,-2.6476588249206543,-1.8742244243621826,0.9466148614883423
1773048846,142349925,world,cf231,-2.6477580070495605,-1.8674626350402832,0.9609981775283813
1773048846,142349925,world,cf231_leg,-2.6476993560791016,-1.8743151426315308,0.9464734792709351
1773048846,147365957,world,cf231,-2.6477577686309814,-1.867462396621704,0.9609988927841187
1773048846,147365957,world,cf231_leg,-2.6475770473480225,-1.8744244575500488,0.9464373588562012
1773048846,152515403,world,cf231,-2.6476852893829346,-1.8675390481948853,0.9608182907104492
1773048846,152515403,world,cf231_leg,-2.6476049423217773,-1.8744466304779053,0.9463951587677002
1773048846,157344404,world,cf231,-2.647552013397217,-1.8676193952560425,0.9607294797897339
1773048846,157344404,world,cf231_leg,-2.6474714279174805,-1.8745604753494263,0.9462889432907104
1773048846,164038960,world,cf231,-2.647395372390747,-1.86770761013031,0.9604892730712891
1773048846,164038960,world,cf231_leg,-2.647571086883545,-1.874693512916565,0.9462625980377197
1773048846,167379695,world,cf231,-2.6474053859710693,-1.8677797317504883,0.960426926612854
1773048846,167379695,world,cf231_leg,-2.6474969387054443,-1.874659538269043,0.9461334943771362
1773048846,172388210,world,cf231,-2.6474053859710693,-1.8680115938186646,0.9604576826095581
1773048846,172388210,world,cf231_leg,-2.6473822593688965,-1.8748003244400024,0.9458932876586914
1773048846,177205516,world,cf231,-2.647381067276001,-1.868024468421936,0.9603449106216431
1773048846,177205516,world,cf231_leg,-2.647456645965576,-1.8749878406524658,0.9459612369537354
1773048846,183152147,world,cf231,-2.647486686706543,-1.8681964874267578,0.9604339599609375
1773048846,183152147,world,cf231_leg,-2.6474101543426514,-1.8749380111694336,0.945881724357605
1773048846,187457957,world,cf231,-2.6474127769470215,-1.8682777881622314,0.9602929353713989
1773048846,187457957,world,cf231_leg,-2.6474149227142334,-1.8750486373901367,0.9458374977111816
1773048846,193130148,world,cf231,-2.647399663925171,-1.868402123451233,0.9602726697921753
1773048846,193130148,world,cf231_leg,-2.6474506855010986,-1.8752187490463257,0.9458779096603394
1773048846,197430750,world,cf231,-2.647536039352417,-1.8684823513031006,0.9602832794189453
1773048846,197430750,world,cf231_leg,-2.6474661827087402,-1.8752833604812622,0.945724368095398
1773048846,202526899,world,cf231,-2.6474552154541016,-1.8684853315353394,0.9601432085037231
1773048846,202526899,world,cf231_leg,-2.647505283355713,-1.8753010034561157,0.9457513093948364
1773048846,207381992,world,cf231,-2.6475565433502197,-1.8686240911483765,0.960139274597168
1773048846,207381992,world,cf231_leg,-2.647566795349121,-1.8755320310592651,0.9457265138626099
1773048846,212417036,world,cf231,-2.6476845741271973,-1.8688623905181885,0.9602212905883789
1773048846,212417036,world,cf231_leg,-2.647639513015747,-1.8756026029586792,0.9455586671829224
1773048846,217468100,world,cf231,-2.647717237472534,-1.8689980506896973,0.9601330757141113
1773048846,217468100,world,cf231_leg,-2.647650718688965,-1.8756695985794067,0.9454638957977295
1773048846,222922310,world,cf231,-2.647705316543579,-1.8691202402114868,0.960092306137085
1773048846,222922310,world,cf231_leg,-2.6476502418518066,-1.8758995532989502,0.9455276727676392
1773048846,228272463,world,cf231,-2.647759437561035,-1.8692080974578857,0.9600021839141846
1773048846,228272463,world,cf231_leg,-2.6477372646331787,-1.8759249448776245,0.9454351663589478
1773048846,232448609,world,cf231,-2.6478769779205322,-1.8693956136703491,0.9597400426864624
1773048846,232448609,world,cf231_leg,-2.6476423740386963,-1.8760099411010742,0.9449375867843628
1773048846,239169617,world,cf231,-2.647939682006836,-1.8694941997528076,0.9598417282104492
1773048846,239169617,world,cf231_leg,-2.647712230682373,-1.8762046098709106,0.9450948238372803
1773048846,242912692,world,cf231,-2.648013114929199,-1.8695472478866577,0.95957350730896
1773048846,242912692,world,cf231_leg,-2.647761583328247,-1.8762855529785156,0.9448059797286987
1773048846,247598475,world,cf231,-2.6481049060821533,-1.8696860074996948,0.959452748298645
1773048846,247598475,world,cf231_leg,-2.6478071212768555,-1.876376986503601,0.9448287487030029
1773048846,254061594,world,cf231,-2.6482419967651367,-1.869763970375061,0.9594438076019287
1773048846,254061594,world,cf231_leg,-2.647860050201416,-1.8764934539794922,0.9446487426757812
1773048846,257567195,world,cf231,-2.6483471393585205,-1.8700103759765625,0.9593734741210938
1773048846,257567195,world,cf231_leg,-2.647899866104126,-1.8765860795974731,0.9445242881774902
1773048846,263294520,world,cf231,-2.648416757583618,-1.8700833320617676,0.9592591524124146
1773048846,263294520,world,cf231_leg,-2.648013114929199,-1.8767139911651611,0.9445458650588989
1773048846,269463341,world,cf231,-2.64865779876709,-1.8704872131347656,0.9590585231781006
1773048846,269463341,world,cf231_leg,-2.647876739501953,-1.8767931461334229,0.9443281888961792
1773048846,273475230,world,cf231,-2.6486260890960693,-1.8705466985702515,0.9587559700012207
1773048846,273475230,world,cf231_leg,-2.6479885578155518,-1.877113938331604,0.9442650079727173
1773048846,277684443,world,cf231,-2.648895740509033,-1.8709064722061157,0.9587123394012451
1773048846,277684443,world,cf231_leg,-2.648074150085449,-1.8771402835845947,0.9441919326782227
1773048846,282735945,world,cf231,-2.6489357948303223,-1.871004343032837,0.9586079120635986
1773048846,282735945,world,cf231_leg,-2.648177146911621,-1.8773869276046753,0.9441560506820679
1773048846,287924431,world,cf231,-2.6491193771362305,-1.8712072372436523,0.9585264921188354
1773048846,287924431,world,cf231_leg,-2.6482250690460205,-1.877665400505066,0.9440231323242188
1773048846,292519597,world,cf231,-2.649351119995117,-1.8714648485183716,0.9585464000701904
1773048846,292519597,world,cf231_leg,-2.6483500003814697,-1.8777459859848022,0.9439166784286499
1773048846,297532132,world,cf231,-2.649449348449707,-1.8714466094970703,0.9583775997161865
1773048846,297532132,world,cf231_leg,-2.648505449295044,-1.8780006170272827,0.9439269304275513
1773048846,302513609,world,cf231,-2.6497364044189453,-1.8718284368515015,0.9584439992904663
1773048846,302513609,world,cf231_leg,-2.648712635040283,-1.8783007860183716,0.9439412355422974
1773048846,307596759,world,cf231,-2.6499671936035156,-1.8720853328704834,0.9584658145904541
1773048846,307596759,world,cf231_leg,-2.648784875869751,-1.8784115314483643,0.9439563751220703
1773048846,312586260,world,cf231,-2.6501832008361816,-1.8723515272140503,0.9584751129150391
1773048846,312586260,world,cf231_leg,-2.648911714553833,-1.8785682916641235,0.9439042806625366
1773048846,317429606,world,cf231,-2.650388240814209,-1.8726223707199097,0.9584072828292847
1773048846,317429606,world,cf231_leg,-2.6489925384521484,-1.8788632154464722,0.9438941478729248
1773048846,323143787,world,cf231,-2.650639533996582,-1.872830867767334,0.9584288597106934
1773048846,323143787,world,cf231_leg,-2.649181604385376,-1.8789451122283936,0.9438868761062622
1773048846,327550061,world,cf231,-2.6508562564849854,-1.8730946779251099,0.9584183692932129
1773048846,327550061,world,cf231_leg,-2.6492624282836914,-1.8791272640228271,0.9438602924346924
1773048846,332422363,world,cf231,-2.6511054039001465,-1.8733811378479004,0.9583227634429932
1773048846,332422363,world,cf231_leg,-2.6494717597961426,-1.8795782327651978,0.9437782764434814
1773048846,337543844,world,cf231,-2.6512861251831055,-1.8735930919647217,0.9583200216293335
1773048846,337543844,world,cf231_leg,-2.649535655975342,-1.8797321319580078,0.9436092376708984
1773048846,342510708,world,cf231,-2.6514394283294678,-1.8738980293273926,0.9581078290939331
1773048846,342510708,world,cf231_leg,-2.6496007442474365,-1.8799238204956055,0.9435868263244629
1773048846,347663174,world,cf231,-2.651641368865967,-1.8742491006851196,0.9579421281814575
1773048846,347663174,world,cf231_leg,-2.6496989727020264,-1.8801337480545044,0.9434456825256348
1773048846,353120411,world,cf231,-2.651885986328125,-1.8745639324188232,0.9577833414077759
1773048846,353120411,world,cf231_leg,-2.649824619293213,-1.8803253173828125,0.94333815574646
1773048846,357418661,world,cf231,-2.652080774307251,-1.8747185468673706,0.957584023475647
1773048846,357418661,world,cf231_leg,-2.6499555110931396,-1.8804792165756226,0.9432286024093628
1773048846,362543561,world,cf231,-2.652297019958496,-1.8750598430633545,0.9574316740036011
1773048846,362543561,world,cf231_leg,-2.6499640941619873,-1.8806679248809814,0.9432334899902344
1773048846,367267404,world,cf231,-2.652477264404297,-1.8753455877304077,0.9572708606719971
1773048846,367267404,world,cf231_leg,-2.6501505374908447,-1.8808594942092896,0.9430407285690308
1773048846,373147989,world,cf231,-2.652939796447754,-1.8756194114685059,0.9572266340255737
1773048846,373147989,world,cf231_leg,-2.6502270698547363,-1.8810077905654907,0.9429223537445068
1773048846,377381094,world,cf231,-2.653268814086914,-1.876020908355713,0.957304835319519
1773048846,377381094,world,cf231_leg,-2.650275945663452,-1.8812470436096191,0.9428608417510986
1773048846,382463295,world,cf231,-2.6534321308135986,-1.8762695789337158,0.9572033882141113
1773048846,382463295,world,cf231_leg,-2.6504130363464355,-1.8815556764602661,0.9428541660308838
1773048846,388199438,world,cf231,-2.653750419616699,-1.876554012298584,0.9571529626846313
1773048846,388199438,world,cf231_leg,-2.6504809856414795,-1.8816251754760742,0.9425214529037476
1773048846,392400268,world,cf231,-2.6540825366973877,-1.8769463300704956,0.9571516513824463
1773048846,392400268,world,cf231_leg,-2.650575876235962,-1.881913661956787,0.9425411224365234
1773048846,397526990,world,cf231,-2.6543900966644287,-1.8773890733718872,0.9571965932846069
1773048846,397526990,world,cf231_leg,-2.6507818698883057,-1.882214903831482,0.9425733089447021
1773048846,403084654,world,cf231,-2.654585123062134,-1.877587914466858,0.9571890830993652
1773048846,403084654,world,cf231_leg,-2.650938034057617,-1.8824676275253296,0.9425663948059082
1773048846,407516408,world,cf231,-2.6547532081604004,-1.8779181241989136,0.9571292400360107
1773048846,407516408,world,cf231_leg,-2.651095151901245,-1.882642388343811,0.9424654245376587
1773048846,412313474,world,cf231,-2.6551096439361572,-1.8782978057861328,0.9572387933731079
1773048846,412313474,world,cf231_leg,-2.6512062549591064,-1.8829598426818848,0.9423893690109253
1773048846,417592212,world,cf231,-2.6553709506988525,-1.8785779476165771,0.9571976661682129
1773048846,417592212,world,cf231_leg,-2.651362180709839,-1.8832123279571533,0.9423823356628418
1773048846,422374184,world,cf231,-2.6554956436157227,-1.8789029121398926,0.956957221031189
1773048846,422374184,world,cf231_leg,-2.6514861583709717,-1.8834091424942017,0.9423254728317261
1773048846,427819629,world,cf231,-2.655700206756592,-1.8792890310287476,0.9569038152694702
1773048846,427819629,world,cf231_leg,-2.6515777111053467,-1.883698582649231,0.942386269569397
1773048846,433083525,world,cf231,-2.6558618545532227,-1.8796669244766235,0.9566526412963867
1773048846,433083525,world,cf231_leg,-2.6516709327697754,-1.8837976455688477,0.9422899484634399
1773048846,437455195,world,cf231,-2.6561481952667236,-1.8800450563430786,0.9566996097564697
1773048846,437455195,world,cf231_leg,-2.651798725128174,-1.884137749671936,0.9423272609710693
1773048846,442587036,world,cf231,-2.6563174724578857,-1.880260705947876,0.9566206932067871
1773048846,442587036,world,cf231_leg,-2.6519408226013184,-1.8843995332717896,0.9423035383224487
1773048846,447239497,world,cf231,-2.656572103500366,-1.88057279586792,0.956558108329773
1773048846,447239497,world,cf231_leg,-2.651987314224243,-1.8845255374908447,0.9422494173049927
1773048846,452422281,world,cf231,-2.6567702293395996,-1.8809911012649536,0.9564825296401978
1773048846,452422281,world,cf231_leg,-2.652033567428589,-1.8847664594650269,0.9422264099121094
1773048846,459086664,world,cf231,-2.6570470333099365,-1.8812944889068604,0.9565726518630981
1773048846,459086664,world,cf231_leg,-2.652141571044922,-1.8848572969436646,0.942143440246582
1773048846,462925666,world,cf231,-2.6572413444519043,-1.881723403930664,0.9565979242324829
1773048846,462925666,world,cf231_leg,-2.652237892150879,-1.8851468563079834,0.9421592950820923
1773048846,467658354,world,cf231,-2.6574461460113525,-1.8819876909255981,0.9564934968948364
1773048846,467658354,world,cf231_leg,-2.6523597240448,-1.8853436708450317,0.9421237707138062
1773048846,472497087,world,cf231,-2.657590627670288,-1.8821909427642822,0.9564203023910522
1773048846,472497087,world,cf231_leg,-2.6524994373321533,-1.885569453239441,0.9422277212142944
1773048846,477264184,world,cf231,-2.657867431640625,-1.8825807571411133,0.9564214944839478
1773048846,477264184,world,cf231_leg,-2.6526083946228027,-1.8858888149261475,0.9421896934509277
1773048846,483183468,world,cf231,-2.658097743988037,-1.8829551935195923,0.9564756155014038
1773048846,483183468,world,cf231_leg,-2.6526081562042236,-1.8860799074172974,0.9420871734619141
1773048846,487444840,world,cf231,-2.6582350730895996,-1.8831461668014526,0.9564611911773682
1773048846,487444840,world,cf231_leg,-2.6527211666107178,-1.8863199949264526,0.9421250820159912
1773048846,493013022,world,cf231,-2.658407688140869,-1.8835216760635376,0.9565625190734863
1773048846,493013022,world,cf231_leg,-2.652775526046753,-1.886516809463501,0.9420312643051147
1773048846,497409743,world,cf231,-2.658526659011841,-1.883917212486267,0.9564554691314697
1773048846,497409743,world,cf231_leg,-2.652935266494751,-1.886921763420105,0.9421795606613159
1773048846,503130555,world,cf231,-2.6587204933166504,-1.8842332363128662,0.9564834833145142
1773048846,503130555,world,cf231_leg,-2.6530067920684814,-1.887071967124939,0.9421217441558838
1773048846,507408458,world,cf231,-2.658865451812744,-1.8845025300979614,0.9564672708511353
1773048846,507408458,world,cf231_leg,-2.6530673503875732,-1.8873016834259033,0.94209885597229
1773048846,513200119,world,cf231,-2.659003973007202,-1.8848069906234741,0.9564474821090698
1773048846,513200119,world,cf231_leg,-2.653186559677124,-1.8875747919082642,0.9422080516815186
1773048846,517481276,world,cf231,-2.6590917110443115,-1.8850687742233276,0.9564241170883179
1773048846,517481276,world,cf231_leg,-2.6532700061798096,-1.8877931833267212,0.9423085451126099
1773048846,523173403,world,cf231,-2.6592302322387695,-1.8853759765625,0.9564223289489746
1773048846,523173403,world,cf231_leg,-2.653273344039917,-1.8880194425582886,0.9423158168792725
1773048846,527377785,world,cf231,-2.65926194190979,-1.8856257200241089,0.9563521146774292
1773048846,527377785,world,cf231_leg,-2.6534197330474854,-1.8883166313171387,0.9423993825912476
1773048846,532460385,world,cf231,-2.659304618835449,-1.8858739137649536,0.9563770294189453
1773048846,532460385,world,cf231_leg,-2.6533849239349365,-1.8883341550827026,0.9422245025634766
1773048846,538188321,world,cf231,-2.6595675945281982,-1.8861844539642334,0.9564332962036133
1773048846,538188321,world,cf231_leg,-2.653374671936035,-1.888495683670044,0.9423633813858032
1773048846,542458695,world,cf231,-2.6595094203948975,-1.8864127397537231,0.9564957618713379
1773048846,542458695,world,cf231_leg,-2.6534600257873535,-1.8887112140655518,0.9424278736114502
1773048846,547490668,world,cf231,-2.659625768661499,-1.8866541385650635,0.9565004110336304
1773048846,547490668,world,cf231_leg,-2.6534664630889893,-1.888861060142517,0.942290186882019
1773048846,553139315,world,cf231,-2.659823417663574,-1.8870060443878174,0.9566380977630615
1773048846,553139315,world,cf231_leg,-2.653538227081299,-1.8892030715942383,0.942383885383606
1773048846,557505898,world,cf231,-2.659846782684326,-1.887184977531433,0.9566268920898438
1773048846,557505898,world,cf231_leg,-2.653595447540283,-1.8893218040466309,0.9426412582397461
1773048846,563077722,world,cf231,-2.6597890853881836,-1.8872953653335571,0.9566541910171509
1773048846,563077722,world,cf231_leg,-2.6536309719085693,-1.889567494392395,0.9425476789474487
1773048846,567331321,world,cf231,-2.659949779510498,-1.887590765953064,0.9567868709564209
1773048846,567331321,world,cf231_leg,-2.653660774230957,-1.8898191452026367,0.942547082901001
1773048846,573191821,world,cf231,-2.659986734390259,-1.8877594470977783,0.9567900896072388
1773048846,573191821,world,cf231_leg,-2.6537604331970215,-1.8901430368423462,0.9426735639572144
1773048846,577474224,world,cf231,-2.660012722015381,-1.8879731893539429,0.9568917751312256
1773048846,577474224,world,cf231_leg,-2.6537318229675293,-1.890160322189331,0.942643404006958
1773048846,582344912,world,cf231,-2.660104990005493,-1.8882683515548706,0.9569592475891113
1773048846,582344912,world,cf231_leg,-2.653660297393799,-1.8904305696487427,0.9426630735397339
1773048846,587535844,world,cf231,-2.660024404525757,-1.8884305953979492,0.9570292234420776
1773048846,587535844,world,cf231_leg,-2.6538119316101074,-1.8907619714736938,0.942835807800293
1773048846,592450793,world,cf231,-2.6601526737213135,-1.888662338256836,0.9570717811584473
1773048846,592450793,world,cf231_leg,-2.6537604331970215,-1.8908672332763672,0.9428043365478516
1773048846,597525689,world,cf231,-2.6601080894470215,-1.8887676000595093,0.9571517705917358
1773048846,597525689,world,cf231_leg,-2.653747797012329,-1.891064167022705,0.942907452583313
1773048846,602433835,world,cf231,-2.6601898670196533,-1.8891026973724365,0.957280158996582
1773048846,602433835,world,cf231_leg,-2.653770685195923,-1.8913562297821045,0.9429445266723633
1773048846,607175656,world,cf231,-2.6601133346557617,-1.8891444206237793,0.9572703838348389
1773048846,607175656,world,cf231_leg,-2.6537728309631348,-1.8914684057235718,0.9429397583007812
1773048846,612458558,world,cf231,-2.660179853439331,-1.8893764019012451,0.9573894739151001
1773048846,612458558,world,cf231_leg,-2.6537606716156006,-1.891744613647461,0.9431320428848267
1773048846,617526820,world,cf231,-2.660031795501709,-1.8895392417907715,0.9573919773101807
1773048846,617526820,world,cf231_leg,-2.6536877155303955,-1.891900897026062,0.9431397914886475
1773048846,622546912,world,cf231,-2.6600143909454346,-1.8896194696426392,0.9574863910675049
1773048846,622546912,world,cf231_leg,-2.653625011444092,-1.8919367790222168,0.9431883096694946
1773048846,628200346,world,cf231,-2.6600236892700195,-1.8898439407348633,0.9575986862182617
1773048846,628200346,world,cf231_leg,-2.6536266803741455,-1.8921654224395752,0.9432317018508911
1773048846,632541558,world,cf231,-2.660017728805542,-1.8901159763336182,0.9576606750488281
1773048846,632541558,world,cf231_leg,-2.6535162925720215,-1.8923463821411133,0.9433877468109131
1773048846,637572503,world,cf231,-2.66001033782959,-1.8902738094329834,0.957729697227478
1773048846,637572503,world,cf231_leg,-2.653559684753418,-1.892473816871643,0.9433727264404297
1773048846,644496025,world,cf231,-2.6597912311553955,-1.8903247117996216,0.9576941728591919
1773048846,644496025,world,cf231_leg,-2.6534218788146973,-1.892668604850769,0.9434657096862793
1773048846,647481108,world,cf231,-2.6597723960876465,-1.8905247449874878,0.9578437805175781
1773048846,647481108,world,cf231_leg,-2.6534671783447266,-1.892910122871399,0.9434617757797241
1773048846,652706649,world,cf231,-2.6596155166625977,-1.890610933303833,0.9578694105148315
1773048846,652706649,world,cf231_leg,-2.653341054916382,-1.8929836750030518,0.9435757398605347
1773048846,657447023,world,cf231,-2.659480333328247,-1.8907650709152222,0.9579081535339355
1773048846,657447023,world,cf231_leg,-2.6533362865448,-1.8931386470794678,0.9436233043670654
1773048846,662400024,world,cf231,-2.6593258380889893,-1.8908538818359375,0.9579262733459473
1773048846,662400024,world,cf231_leg,-2.6532680988311768,-1.8934454917907715,0.943769097328186
1773048846,667856535,world,cf231,-2.659288167953491,-1.8910740613937378,0.9581648111343384
1773048846,667856535,world,cf231_leg,-2.653233766555786,-1.8935045003890991,0.9437730312347412
1773048846,673129710,world,cf231,-2.659238815307617,-1.8912982940673828,0.9583280086517334
1773048846,673129710,world,cf231_leg,-2.6531929969787598,-1.8938333988189697,0.9438776969909668
1773048846,677560726,world,cf231,-2.6590495109558105,-1.8913240432739258,0.9582816362380981
1773048846,677560726,world,cf231_leg,-2.6531732082366943,-1.8939961194992065,0.9439131021499634
1773048846,682339680,world,cf231,-2.658933639526367,-1.8914289474487305,0.9583232402801514
1773048846,682339680,world,cf231_leg,-2.6531448364257812,-1.89420485496521,0.9440356492996216
1773048846,687297536,world,cf231,-2.658902645111084,-1.891637921333313,0.9584362506866455
1773048846,687297536,world,cf231_leg,-2.653012752532959,-1.8942431211471558,0.9440630674362183
1773048846,692557657,world,cf231,-2.6587915420532227,-1.891776442527771,0.9585680961608887
1773048846,692557657,world,cf231_leg,-2.6529529094696045,-1.8945062160491943,0.9441373348236084
1773048846,697387477,world,cf231,-2.6586756706237793,-1.8918843269348145,0.9586275815963745
1773048846,697387477,world,cf231_leg,-2.652923583984375,-1.8947111368179321,0.9442490339279175
1773048846,702570653,world,cf231,-2.6586086750030518,-1.892038345336914,0.9587318897247314
1773048846,702570653,world,cf231_leg,-2.6527891159057617,-1.8947160243988037,0.9441623687744141
1773048846,707650455,world,cf231,-2.6584389209747314,-1.8921301364898682,0.9587041139602661
1773048846,707650455,world,cf231_leg,-2.6527137756347656,-1.8949843645095825,0.9442100524902344
1773048846,712610638,world,cf231,-2.658371925354004,-1.892287015914917,0.9588265419006348
1773048846,712610638,world,cf231_leg,-2.6526596546173096,-1.8950934410095215,0.9442332983016968
1773048846,717717569,world,cf231,-2.658212900161743,-1.8924919366836548,0.958910346031189
1773048846,717717569,world,cf231_leg,-2.652407169342041,-1.895127534866333,0.9441906213760376
1773048846,723174296,world,cf231,-2.6581461429595947,-1.8926435708999634,0.9589953422546387
1773048846,723174296,world,cf231_leg,-2.6524009704589844,-1.8952833414077759,0.9442582130432129
1773048846,727457759,world,cf231,-2.6579854488372803,-1.8928147554397583,0.9589633941650391
1773048846,727457759,world,cf231_leg,-2.652186632156372,-1.895405888557434,0.944337010383606
1773048846,733245975,world,cf231,-2.6577353477478027,-1.8929563760757446,0.9590075016021729
1773048846,733245975,world,cf231_leg,-2.6521403789520264,-1.8954734802246094,0.9443038702011108
1773048846,737734219,world,cf231,-2.65755033493042,-1.8931185007095337,0.9592690467834473
1773048846,737734219,world,cf231_leg,-2.6519076824188232,-1.8955693244934082,0.9442596435546875
1773048846,743232632,world,cf231,-2.657287836074829,-1.8931515216827393,0.9592418670654297
1773048846,743232632,world,cf231_leg,-2.651860237121582,-1.8958309888839722,0.9444148540496826
1773048846,747706282,world,cf231,-2.6570959091186523,-1.8932956457138062,0.9592547416687012
1773048846,747706282,world,cf231_leg,-2.651794195175171,-1.8959444761276245,0.9443707466125488
1773048846,753064528,world,cf231,-2.656881809234619,-1.893492341041565,0.9593081474304199
1773048846,753064528,world,cf231_leg,-2.6516640186309814,-1.89609694480896,0.9444093704223633
1773048846,758274999,world,cf231,-2.6567113399505615,-1.8935891389846802,0.9593188762664795
1773048846,758274999,world,cf231_leg,-2.6516289710998535,-1.896350383758545,0.9446005821228027
1773048846,762646354,world,cf231,-2.656489372253418,-1.8937071561813354,0.9593747854232788
1773048846,762646354,world,cf231_leg,-2.6515626907348633,-1.8965014219284058,0.94472336769104
1773048846,767335091,world,cf231,-2.6563403606414795,-1.8937538862228394,0.9593642950057983
1773048846,767335091,world,cf231_leg,-2.6513514518737793,-1.8965083360671997,0.9444742202758789
1773048846,773152967,world,cf231,-2.6561837196350098,-1.893958330154419,0.9594235420227051
1773048846,773152967,world,cf231_leg,-2.651366949081421,-1.8968843221664429,0.9447640180587769
1773048846,777549101,world,cf231,-2.6560847759246826,-1.8941644430160522,0.959453821182251
1773048846,777549101,world,cf231_leg,-2.651228904724121,-1.8969261646270752,0.9446603059768677
1773048846,782407970,world,cf231,-2.655857563018799,-1.8942546844482422,0.9594553709030151
1773048846,782407970,world,cf231_leg,-2.651184320449829,-1.897143006324768,0.9447911977767944
1773048846,788202792,world,cf231,-2.655566692352295,-1.8943849802017212,0.9592607021331787
1773048846,788202792,world,cf231_leg,-2.6509361267089844,-1.8972846269607544,0.9446920156478882
1773048846,792607565,world,cf231,-2.655256748199463,-1.8944851160049438,0.9591840505599976
1773048846,792607565,world,cf231_leg,-2.6507840156555176,-1.8974899053573608,0.9445308446884155
1773048846,798145991,world,cf231,-2.6551921367645264,-1.8947504758834839,0.9592632055282593
1773048846,798145991,world,cf231_leg,-2.6507411003112793,-1.8975536823272705,0.9446989297866821
1773048846,802694575,world,cf231,-2.654895544052124,-1.8948421478271484,0.959221601486206
1773048846,802694575,world,cf231_leg,-2.6507160663604736,-1.8978699445724487,0.9447863101959229
1773048846,807594758,world,cf231,-2.6546337604522705,-1.8949908018112183,0.959209680557251
1773048846,807594758,world,cf231_leg,-2.6506547927856445,-1.8980216979980469,0.9448630809783936
1773048846,812353918,world,cf231,-2.6544077396392822,-1.8950790166854858,0.959191083908081
1773048846,812353918,world,cf231_leg,-2.6504125595092773,-1.8980501890182495,0.9446372985839844
1773048846,817717305,world,cf231,-2.65425705909729,-1.8952449560165405,0.9592376947402954
1773048846,817717305,world,cf231_leg,-2.650282859802246,-1.898200511932373,0.9446604251861572
1773048846,822329749,world,cf231,-2.653970241546631,-1.895290493965149,0.959100604057312
1773048846,822329749,world,cf231_leg,-2.6501569747924805,-1.8983838558197021,0.9447774887084961
1773048846,827349321,world,cf231,-2.653872489929199,-1.8955384492874146,0.959302544593811
1773048846,827349321,world,cf231_leg,-2.650023937225342,-1.8985017538070679,0.944705605506897
1773048846,832492948,world,cf231,-2.653695583343506,-1.8957982063293457,0.9591398239135742
1773048846,832492948,world,cf231_leg,-2.649780750274658,-1.8985247611999512,0.9447082281112671
1773048846,837492942,world,cf231,-2.653385639190674,-1.8957806825637817,0.9590280055999756
1773048846,837492942,world,cf231_leg,-2.6496522426605225,-1.8986766338348389,0.9447271823883057
1773048846,842749219,world,cf231,-2.6533117294311523,-1.8960896730422974,0.9591844081878662
1773048846,842749219,world,cf231_leg,-2.64943265914917,-1.8986910581588745,0.9446098804473877
1773048846,847521879,world,cf231,-2.652909755706787,-1.8960107564926147,0.9590545892715454
1773048846,847521879,world,cf231_leg,-2.649351119995117,-1.8988901376724243,0.9446926116943359
1773048846,852502685,world,cf231,-2.652719020843506,-1.896153211593628,0.9590469598770142
1773048846,852502685,world,cf231_leg,-2.6492245197296143,-1.8990436792373657,0.9447065591812134
1773048846,857525525,world,cf231,-2.652653694152832,-1.8964207172393799,0.9591466188430786
1773048846,857525525,world,cf231_leg,-2.649200439453125,-1.8991369009017944,0.9449645280838013
1773048846,863061579,world,cf231,-2.6523702144622803,-1.8963863849639893,0.9591054916381836
1773048846,863061579,world,cf231_leg,-2.649083375930786,-1.8993985652923584,0.9448293447494507
1773048846,868185678,world,cf231,-2.652123212814331,-1.8966405391693115,0.959122896194458
1773048846,868185678,world,cf231_leg,-2.6489906311035156,-1.8996068239212036,0.944873571395874
1773048846,872726407,world,cf231,-2.6517343521118164,-1.8966681957244873,0.9590448141098022
1773048846,872726407,world,cf231_leg,-2.64882493019104,-1.8997045755386353,0.944904088973999
1773048846,877537885,world,cf231,-2.6516358852386475,-1.8968749046325684,0.9590741395950317
1773048846,877537885,world,cf231_leg,-2.648758888244629,-1.899817943572998,0.9448599815368652
1773048846,883295931,world,cf231,-2.65140962600708,-1.8970807790756226,0.959091067314148
1773048846,883295931,world,cf231_leg,-2.64859676361084,-1.900029182434082,0.9448821544647217
1773048846,887443517,world,cf231,-2.651156425476074,-1.8970701694488525,0.9589879512786865
1773048846,887443517,world,cf231_leg,-2.6485798358917236,-1.9001919031143188,0.94489586353302
1773048846,893222790,world,cf231,-2.6509180068969727,-1.8972822427749634,0.958950400352478
1773048846,893222790,world,cf231_leg,-2.6484453678131104,-1.9003088474273682,0.9448273181915283
1773048846,897503744,world,cf231,-2.6507954597473145,-1.8974274396896362,0.9590266942977905
1773048846,897503744,world,cf231_leg,-2.6483047008514404,-1.9005829095840454,0.9448446035385132
1773048846,903109459,world,cf231,-2.6507186889648438,-1.8977018594741821,0.9590698480606079
1773048846,903109459,world,cf231_leg,-2.6482512950897217,-1.9006906747817993,0.9448504447937012
1773048846,907548992,world,cf231,-2.650480270385742,-1.8977992534637451,0.9590151309967041
1773048846,907548992,world,cf231_leg,-2.6480963230133057,-1.900856614112854,0.9448047876358032
1773048846,913160673,world,cf231,-2.6502742767333984,-1.8979564905166626,0.9590327739715576
1773048846,913160673,world,cf231_leg,-2.6480464935302734,-1.9010776281356812,0.94480299949646
1773048846,917457836,world,cf231,-2.650142192840576,-1.8982195854187012,0.9590283632278442
1773048846,917457836,world,cf231_leg,-2.648005962371826,-1.901289463043213,0.944652795791626
1773048846,922477910,world,cf231,-2.6498212814331055,-1.8982502222061157,0.9590336084365845
1773048846,922477910,world,cf231_leg,-2.6478676795959473,-1.9013348817825317,0.9447907209396362
1773048846,927392418,world,cf231,-2.6495392322540283,-1.8984473943710327,0.9590224027633667
1773048846,927392418,world,cf231_leg,-2.6477489471435547,-1.9015542268753052,0.9447367191314697
1773048846,932506030,world,cf231,-2.649287462234497,-1.8985499143600464,0.9589154720306396
1773048846,932506030,world,cf231_leg,-2.647648811340332,-1.901686191558838,0.9445161819458008
1773048846,937527380,world,cf231,-2.6490960121154785,-1.8986974954605103,0.9589465856552124
1773048846,937527380,world,cf231_leg,-2.6475398540496826,-1.9016730785369873,0.9444843530654907
1773048846,942352773,world,cf231,-2.6488535404205322,-1.8988741636276245,0.9587979316711426
1773048846,942352773,world,cf231_leg,-2.64743971824646,-1.9019569158554077,0.9444642066955566
1773048846,947511430,world,cf231,-2.6485633850097656,-1.8989256620407104,0.9587229490280151
1773048846,947511430,world,cf231_leg,-2.6473851203918457,-1.902065634727478,0.9444893598556519
1773048846,953143970,world,cf231,-2.648451805114746,-1.899140477180481,0.9587182998657227
1773048846,953143970,world,cf231_leg,-2.6472387313842773,-1.9021910429000854,0.9443848133087158
1773048846,957394567,world,cf231,-2.648303985595703,-1.8992973566055298,0.9586875438690186
1773048846,957394567,world,cf231_leg,-2.647075891494751,-1.9022847414016724,0.9443620443344116
1773048846,963936599,world,cf231,-2.6480166912078857,-1.8994663953781128,0.9586225748062134
1773048846,963936599,world,cf231_leg,-2.646994113922119,-1.902488112449646,0.9442205429077148
1773048846,967478414,world,cf231,-2.6478333473205566,-1.899569034576416,0.9585803747177124
1773048846,967478414,world,cf231_leg,-2.6469717025756836,-1.9026166200637817,0.944144606590271
1773048846,973234077,world,cf231,-2.6476969718933105,-1.8998051881790161,0.958519458770752
1773048846,973234077,world,cf231_leg,-2.646851062774658,-1.902726650238037,0.9441083669662476
1773048846,977701842,world,cf231,-2.647392749786377,-1.8999446630477905,0.9582892656326294
1773048846,977701842,world,cf231_leg,-2.646801710128784,-1.9029477834701538,0.9441064596176147
1773048846,982414649,world,cf231,-2.647233486175537,-1.8999940156936646,0.9581828117370605
1773048846,982414649,world,cf231_leg,-2.6467859745025635,-1.9030715227127075,0.9441440105438232
1773048846,987404433,world,cf231,-2.647063732147217,-1.9000916481018066,0.9581927061080933
1773048846,987404433,world,cf231_leg,-2.646782159805298,-1.9033429622650146,0.9442399740219116
1773048846,993143578,world,cf231,-2.646925210952759,-1.9002110958099365,0.9581196308135986
1773048846,993143578,world,cf231_leg,-2.646770715713501,-1.903502106666565,0.9441770315170288
1773048846,997534257,world,cf231,-2.6468629837036133,-1.9003604650497437,0.9581600427627563
1773048846,997534257,world,cf231_leg,-2.6467719078063965,-1.9036149978637695,0.9441921710968018
1773048847,2454301,world,cf231,-2.6466751098632812,-1.9004300832748413,0.9580259323120117
1773048847,2454301,world,cf231_leg,-2.6467103958129883,-1.9038444757461548,0.9441536664962769
1773048847,7486271,world,cf231,-2.646449089050293,-1.9005184173583984,0.9580081701278687
1773048847,7486271,world,cf231_leg,-2.6466708183288574,-1.9040569067001343,0.9442105293273926
1773048847,12583630,world,cf231,-2.646314859390259,-1.9006706476211548,0.9580281972885132
1773048847,12583630,world,cf231_leg,-2.6466307640075684,-1.9043477773666382,0.9438942670822144
1773048847,17439186,world,cf231,-2.6463027000427246,-1.9007946252822876,0.9580085277557373
1773048847,17439186,world,cf231_leg,-2.6466174125671387,-1.9044712781906128,0.9439104795455933
1773048847,23033121,world,cf231,-2.6462481021881104,-1.9010193347930908,0.9580304622650146
1773048847,23033121,world,cf231_leg,-2.6465413570404053,-1.9047069549560547,0.9438427686691284
1773048847,27521653,world,cf231,-2.646178722381592,-1.9011361598968506,0.9580036401748657
1773048847,27521653,world,cf231_leg,-2.6465671062469482,-1.9048815965652466,0.943812370300293
1773048847,33329488,world,cf231,-2.646054983139038,-1.9012424945831299,0.9579265117645264
1773048847,33329488,world,cf231_leg,-2.646486520767212,-1.9050052165985107,0.9437708854675293
1773048847,37490064,world,cf231,-2.6460659503936768,-1.9014300107955933,0.9578806161880493
1773048847,37490064,world,cf231_leg,-2.646596908569336,-1.905397653579712,0.943840742111206
1773048847,42520513,world,cf231,-2.6459882259368896,-1.9015883207321167,0.9579106569290161
1773048847,42520513,world,cf231_leg,-2.646559476852417,-1.905534029006958,0.9437527656555176
1773048847,47503080,world,cf231,-2.6459286212921143,-1.9016622304916382,0.9578050374984741
1773048847,47503080,world,cf231_leg,-2.6464812755584717,-1.905655860900879,0.9436732530593872
1773048847,52398627,world,cf231,-2.645986795425415,-1.9018996953964233,0.9578456878662109
1773048847,52398627,world,cf231_leg,-2.646413564682007,-1.9057339429855347,0.943498969078064
1773048847,57400720,world,cf231,-2.646010637283325,-1.9020782709121704,0.9578361511230469
1773048847,57400720,world,cf231_leg,-2.6464247703552246,-1.9059170484542847,0.9434545040130615
1773048847,62495959,world,cf231,-2.6460211277008057,-1.9022680521011353,0.9578096866607666
1773048847,62495959,world,cf231_leg,-2.646415948867798,-1.906038522720337,0.9434108734130859
1773048847,68170967,world,cf231,-2.6459884643554688,-1.9024399518966675,0.9577916860580444
1773048847,68170967,world,cf231_leg,-2.646341323852539,-1.9062751531600952,0.9433403015136719
1773048847,73284093,world,cf231,-2.646090269088745,-1.9026927947998047,0.9578050374984741
1773048847,73284093,world,cf231_leg,-2.646456480026245,-1.9065136909484863,0.9433592557907104
1773048847,77554454,world,cf231,-2.646070718765259,-1.9028640985488892,0.9575968980789185
1773048847,77554454,world,cf231_leg,-2.6463797092437744,-1.906558871269226,0.9431365728378296
1773048847,82396608,world,cf231,-2.646090507507324,-1.9030102491378784,0.957493782043457
1773048847,82396608,world,cf231_leg,-2.646470069885254,-1.9068869352340698,0.9431933164596558
1773048847,88144645,world,cf231,-2.6461238861083984,-1.9032655954360962,0.9574612379074097
1773048847,88144645,world,cf231_leg,-2.64658260345459,-1.907127022743225,0.9432511329650879
1773048847,92683800,world,cf231,-2.6461708545684814,-1.9035077095031738,0.9574252367019653
1773048847,92683800,world,cf231_leg,-2.6464710235595703,-1.9071921110153198,0.9431252479553223
1773048847,97468711,world,cf231,-2.646090507507324,-1.9036426544189453,0.957133412361145
1773048847,97468711,world,cf231_leg,-2.6466691493988037,-1.9075344800949097,0.9432319402694702
1773048847,102909635,world,cf231,-2.646219253540039,-1.9038761854171753,0.9571976661682129
1773048847,102909635,world,cf231_leg,-2.646656036376953,-1.9077343940734863,0.9431153535842896
1773048847,108209716,world,cf231,-2.6463816165924072,-1.9042450189590454,0.9571741819381714
1773048847,108209716,world,cf231_leg,-2.6467418670654297,-1.9078751802444458,0.9430732727050781
1773048847,112643220,world,cf231,-2.6463589668273926,-1.9043713808059692,0.9570586681365967
1773048847,112643220,world,cf231_leg,-2.6467907428741455,-1.9082286357879639,0.943065881729126
1773048847,117491808,world,cf231,-2.6465671062469482,-1.904677391052246,0.9571241140365601
1773048847,117491808,world,cf231_leg,-2.646824359893799,-1.9083616733551025,0.9429787397384644
1773048847,122644312,world,cf231,-2.646559476852417,-1.9047884941101074,0.9569841623306274
1773048847,122644312,world,cf231_leg,-2.6469314098358154,-1.9084514379501343,0.9428983926773071
1773048847,127501798,world,cf231,-2.6466403007507324,-1.904974102973938,0.9569820165634155
1773048847,127501798,world,cf231_leg,-2.647029399871826,-1.9088517427444458,0.9429328441619873
1773048847,132667569,world,cf231,-2.646803140640259,-1.90522301197052,0.9569026231765747
1773048847,132667569,world,cf231_leg,-2.6471447944641113,-1.9089736938476562,0.9429031610488892
1773048847,137738489,world,cf231,-2.6468348503112793,-1.905362606048584,0.9568554162979126
1773048847,137738489,world,cf231_leg,-2.647250175476074,-1.9092161655426025,0.9428328275680542
1773048847,142812797,world,cf231,-2.6470565795898438,-1.9056576490402222,0.9569369554519653
1773048847,142812797,world,cf231_leg,-2.647339344024658,-1.909469485282898,0.9427852630615234
1773048847,147393870,world,cf231,-2.647104263305664,-1.9057793617248535,0.9568459987640381
1773048847,147393870,world,cf231_leg,-2.647359848022461,-1.909650206565857,0.9428462982177734
1773048847,153020443,world,cf231,-2.6472809314727783,-1.9061353206634521,0.9568172693252563
1773048847,153020443,world,cf231_leg,-2.6474859714508057,-1.9097247123718262,0.9426896572113037
1773048847,158270905,world,cf231,-2.6474170684814453,-1.9063291549682617,0.9568454027175903
1773048847,158270905,world,cf231_leg,-2.6474320888519287,-1.9099098443984985,0.9425817728042603
1773048847,162649927,world,cf231,-2.6477339267730713,-1.9066333770751953,0.9566715955734253
1773048847,162649927,world,cf231_leg,-2.6476118564605713,-1.9101096391677856,0.9425156116485596
1773048847,167457420,world,cf231,-2.6479403972625732,-1.9069405794143677,0.9567593336105347
1773048847,167457420,world,cf231_leg,-2.6476731300354004,-1.9102267026901245,0.9424761533737183
1773048847,173112021,world,cf231,-2.64797043800354,-1.9071584939956665,0.9565950632095337
1773048847,173112021,world,cf231_leg,-2.647819757461548,-1.910488486289978,0.9426357746124268
1773048847,177711634,world,cf231,-2.6480369567871094,-1.9073538780212402,0.9565798044204712
1773048847,177711634,world,cf231_leg,-2.6478800773620605,-1.9107205867767334,0.9426487684249878
1773048847,182464178,world,cf231,-2.648240804672241,-1.9075098037719727,0.9565156698226929
1773048847,182464178,world,cf231_leg,-2.647991895675659,-1.9108459949493408,0.9426743984222412
1773048847,188011711,world,cf231,-2.6484594345092773,-1.9078935384750366,0.9565544128417969
1773048847,188011711,world,cf231_leg,-2.648209571838379,-1.9111380577087402,0.9425519704818726
1773048847,193624371,world,cf231,-2.6486778259277344,-1.9081567525863647,0.9565401077270508
1773048847,193624371,world,cf231_leg,-2.6483066082000732,-1.9112714529037476,0.9425649642944336
1773048847,197515653,world,cf231,-2.6488037109375,-1.908355951309204,0.956488847732544
1773048847,197515653,world,cf231_leg,-2.6483964920043945,-1.9114094972610474,0.9424651861190796
1773048847,203312819,world,cf231,-2.6490066051483154,-1.9086309671401978,0.95648193359375
1773048847,203312819,world,cf231_leg,-2.648576498031616,-1.9116853475570679,0.9425203800201416
1773048847,207488833,world,cf231,-2.6493306159973145,-1.9090642929077148,0.9565564393997192
1773048847,207488833,world,cf231_leg,-2.6488027572631836,-1.9120100736618042,0.9424017667770386
1773048847,212437455,world,cf231,-2.6495110988616943,-1.9092711210250854,0.9565373659133911
1773048847,212437455,world,cf231_leg,-2.6489720344543457,-1.9121395349502563,0.9423953294754028
1773048847,217513150,world,cf231,-2.649585723876953,-1.9094277620315552,0.9564836025238037
1773048847,217513150,world,cf231_leg,-2.649047374725342,-1.9123990535736084,0.9425719976425171
1773048847,223194680,world,cf231,-2.649977922439575,-1.909740686416626,0.9565683603286743
1773048847,223194680,world,cf231_leg,-2.649291753768921,-1.9126003980636597,0.9426010847091675
1773048847,227563048,world,cf231,-2.650233745574951,-1.910096526145935,0.9567182064056396
1773048847,227563048,world,cf231_leg,-2.6494390964508057,-1.9127802848815918,0.9426355361938477
1773048847,232336778,world,cf231,-2.6506686210632324,-1.9104267358779907,0.9567960500717163
1773048847,232336778,world,cf231_leg,-2.6494760513305664,-1.912947177886963,0.9426602125167847
1773048847,237603168,world,cf231,-2.6508731842041016,-1.9106202125549316,0.9568880796432495
1773048847,237603168,world,cf231_leg,-2.649689197540283,-1.9131252765655518,0.9427562952041626
1773048847,243262222,world,cf231,-2.6512510776519775,-1.9109430313110352,0.9569593667984009
1773048847,243262222,world,cf231_leg,-2.6498286724090576,-1.9133483171463013,0.9428631067276001
1773048847,247281249,world,cf231,-2.6514782905578613,-1.9110852479934692,0.9570075273513794
1773048847,247281249,world,cf231_leg,-2.649963140487671,-1.9134196043014526,0.9428153038024902
1773048847,252407588,world,cf231,-2.6517555713653564,-1.9113885164260864,0.9571164846420288
1773048847,252407588,world,cf231_leg,-2.650088310241699,-1.913651466369629,0.9429068565368652
1773048847,257288667,world,cf231,-2.652076244354248,-1.9117069244384766,0.9571986198425293
1773048847,257288667,world,cf231_leg,-2.6502301692962646,-1.9137184619903564,0.9429701566696167
1773048847,262575614,world,cf231,-2.652374029159546,-1.9119625091552734,0.9573053121566772
1773048847,262575614,world,cf231_leg,-2.650282382965088,-1.9138802289962769,0.9430208206176758
1773048847,268121410,world,cf231,-2.652569055557251,-1.912156581878662,0.9572796821594238
1773048847,268121410,world,cf231_leg,-2.650540351867676,-1.9140727519989014,0.94306480884552
1773048847,272458752,world,cf231,-2.6529011726379395,-1.9124709367752075,0.9574363231658936
1773048847,272458752,world,cf231_leg,-2.6506452560424805,-1.9142422676086426,0.943159818649292
1773048847,278097377,world,cf231,-2.653129816055298,-1.9126085042953491,0.9574445486068726
1773048847,278097377,world,cf231_leg,-2.6508283615112305,-1.9144786596298218,0.9432178735733032
1773048847,282456787,world,cf231,-2.6533985137939453,-1.9129531383514404,0.9576092958450317
1773048847,282456787,world,cf231_leg,-2.6508541107177734,-1.9144607782363892,0.9432708024978638
1773048847,288157804,world,cf231,-2.6536481380462646,-1.9131579399108887,0.9576324224472046
1773048847,288157804,world,cf231_leg,-2.651102304458618,-1.9147014617919922,0.943437933921814
1773048847,292601750,world,cf231,-2.6539523601531982,-1.9134396314620972,0.9577711820602417
1773048847,292601750,world,cf231_leg,-2.651350498199463,-1.9150515794754028,0.9436085224151611
1773048847,297438722,world,cf231,-2.6541924476623535,-1.9136900901794434,0.957890510559082
1773048847,297438722,world,cf231_leg,-2.651475429534912,-1.9151692390441895,0.943666934967041
1773048847,303056081,world,cf231,-2.6544981002807617,-1.913903832435608,0.9579412937164307
1773048847,303056081,world,cf231_leg,-2.6515681743621826,-1.9153434038162231,0.9436938762664795
1773048847,307483711,world,cf231,-2.6546599864959717,-1.9140801429748535,0.9580380916595459
1773048847,307483711,world,cf231_leg,-2.6517722606658936,-1.9155657291412354,0.9438803195953369
1773048847,312554261,world,cf231,-2.6549570560455322,-1.9143352508544922,0.9581453800201416
1773048847,312554261,world,cf231_leg,-2.6519358158111572,-1.915736436843872,0.9439082145690918
1773048847,317344115,world,cf231,-2.655197858810425,-1.914583444595337,0.9582445621490479
1773048847,317344115,world,cf231_leg,-2.6519906520843506,-1.91574227809906,0.943914532661438
1773048847,322593730,world,cf231,-2.6555347442626953,-1.9149250984191895,0.9584541320800781
1773048847,322593730,world,cf231_leg,-2.6521084308624268,-1.916018009185791,0.9440758228302002
1773048847,327400958,world,cf231,-2.6558306217193604,-1.915184736251831,0.9586001634597778
1773048847,327400958,world,cf231_leg,-2.6522676944732666,-1.9160754680633545,0.9441121816635132
1773048847,332467560,world,cf231,-2.6561412811279297,-1.9154261350631714,0.9587037563323975
1773048847,332467560,world,cf231_leg,-2.652451992034912,-1.9163458347320557,0.9443024396896362
1773048847,337403639,world,cf231,-2.6563799381256104,-1.9155640602111816,0.9588254690170288
1773048847,337403639,world,cf231_leg,-2.6525206565856934,-1.9164562225341797,0.9443585872650146
1773048847,342489989,world,cf231,-2.656585693359375,-1.9157532453536987,0.9588755369186401
1773048847,342489989,world,cf231_leg,-2.652675151824951,-1.9165959358215332,0.9443533420562744
1773048847,347424306,world,cf231,-2.6569740772247314,-1.9159541130065918,0.9589842557907104
1773048847,347424306,world,cf231_leg,-2.6527793407440186,-1.9167625904083252,0.944434642791748
1773048847,352477309,world,cf231,-2.6572484970092773,-1.916143536567688,0.959097146987915
1773048847,352477309,world,cf231_leg,-2.652928590774536,-1.9168637990951538,0.944563627243042
1773048847,359017019,world,cf231,-2.6574325561523438,-1.9162653684616089,0.9591330289840698
1773048847,359017019,world,cf231_leg,-2.653104066848755,-1.9169856309890747,0.9446556568145752
1773048847,362576512,world,cf231,-2.6577906608581543,-1.9165568351745605,0.9593201875686646
1773048847,362576512,world,cf231_leg,-2.653154134750366,-1.9171470403671265,0.9447281360626221
1773048847,368117637,world,cf231,-2.6580147743225098,-1.9165879487991333,0.9593924283981323
1773048847,368117637,world,cf231_leg,-2.6531999111175537,-1.917193055152893,0.9447944164276123
1773048847,373929838,world,cf231,-2.6583597660064697,-1.9167708158493042,0.9595087766647339
1773048847,373929838,world,cf231_leg,-2.653287172317505,-1.9172568321228027,0.9448642730712891
1773048847,377503661,world,cf231,-2.658507823944092,-1.9169577360153198,0.9595900774002075
1773048847,377503661,world,cf231_leg,-2.6533572673797607,-1.9173688888549805,0.9449155330657959
1773048847,382343827,world,cf231,-2.6587605476379395,-1.9170798063278198,0.9596885442733765
1773048847,382343827,world,cf231_leg,-2.6534852981567383,-1.9174895286560059,0.9451723098754883
1773048847,387446542,world,cf231,-2.658921718597412,-1.917138695716858,0.9597498178482056
1773048847,387446542,world,cf231_leg,-2.6536452770233154,-1.9176630973815918,0.9452561140060425
1773048847,392308190,world,cf231,-2.659106969833374,-1.9172558784484863,0.9597463607788086
1773048847,392308190,world,cf231_leg,-2.653506278991699,-1.917629599571228,0.9453064203262329
1773048847,397452506,world,cf231,-2.659302234649658,-1.917375922203064,0.9598754644393921
1773048847,397452506,world,cf231_leg,-2.653684139251709,-1.9177560806274414,0.9454053640365601
1773048847,402485712,world,cf231,-2.6594512462615967,-1.9174411296844482,0.9598817825317383
1773048847,402485712,world,cf231_leg,-2.6537601947784424,-1.9178270101547241,0.9454214572906494
1773048847,407438924,world,cf231,-2.659621000289917,-1.9176216125488281,0.9601327180862427
1773048847,407438924,world,cf231_leg,-2.6539084911346436,-1.918044924736023,0.9456180334091187
1773048847,412519946,world,cf231,-2.659679651260376,-1.9176217317581177,0.9600809812545776
1773048847,412519946,world,cf231_leg,-2.6539766788482666,-1.918041467666626,0.9456406831741333
1773048847,417453630,world,cf231,-2.659900665283203,-1.9178388118743896,0.9602980613708496
1773048847,417453630,world,cf231_leg,-2.6541006565093994,-1.9181599617004395,0.9459711313247681
1773048847,423125835,world,cf231,-2.659935712814331,-1.917778491973877,0.9602913856506348
1773048847,423125835,world,cf231_leg,-2.654247999191284,-1.9183437824249268,0.946243166923523
1773048847,427469577,world,cf231,-2.6600255966186523,-1.9178459644317627,0.9603681564331055
1773048847,427469577,world,cf231_leg,-2.654285430908203,-1.9183213710784912,0.9463638067245483
1773048847,432563490,world,cf231,-2.6601295471191406,-1.9179002046585083,0.9604414701461792
1773048847,432563490,world,cf231_leg,-2.654287338256836,-1.9184346199035645,0.9463764429092407
1773048847,437291591,world,cf231,-2.6602120399475098,-1.9180042743682861,0.9605361223220825
1773048847,437291591,world,cf231_leg,-2.654367446899414,-1.918540358543396,0.9465005397796631
1773048847,442472131,world,cf231,-2.6603126525878906,-1.91806960105896,0.9607082605361938
1773048847,442472131,world,cf231_leg,-2.6545004844665527,-1.9185348749160767,0.9463783502578735
1773048847,448103927,world,cf231,-2.6603126525878906,-1.9180697202682495,0.9607080221176147
1773048847,448103927,world,cf231_leg,-2.654433250427246,-1.9186145067214966,0.9466836452484131
1773048847,452508881,world,cf231,-2.660463809967041,-1.918173909187317,0.9608654975891113
1773048847,452508881,world,cf231_leg,-2.6545798778533936,-1.9187194108963013,0.9468661546707153
1773048847,457381558,world,cf231,-2.6604623794555664,-1.9181782007217407,0.9609051942825317
1773048847,457381558,world,cf231_leg,-2.6546566486358643,-1.9187889099121094,0.9468643665313721
1773048847,462338994,world,cf231,-2.6605100631713867,-1.9182260036468506,0.9609700441360474
1773048847,462338994,world,cf231_leg,-2.6546900272369385,-1.918845534324646,0.9469099044799805
1773048847,467402492,world,cf231,-2.6605920791625977,-1.9183323383331299,0.9610840082168579
1773048847,467402492,world,cf231_leg,-2.6546366214752197,-1.9188742637634277,0.9468271732330322
1773048847,473064174,world,cf231,-2.6605570316314697,-1.9182759523391724,0.9610545635223389
1773048847,473064174,world,cf231_leg,-2.654672622680664,-1.9188172817230225,0.9470244646072388
1773048847,477404996,world,cf231,-2.6606733798980713,-1.9184409379959106,0.961217999458313
1773048847,477404996,world,cf231_leg,-2.6546645164489746,-1.9188604354858398,0.9470967054367065
1773048847,482192981,world,cf231,-2.660637378692627,-1.918386459350586,0.9612089395523071
1773048847,482192981,world,cf231_leg,-2.6547672748565674,-1.9190282821655273,0.9471955299377441
1773048847,487422331,world,cf231,-2.6606411933898926,-1.9184212684631348,0.9613202810287476
1773048847,487422331,world,cf231_leg,-2.6546967029571533,-1.9189181327819824,0.9471607208251953
1773048847,492301627,world,cf231,-2.6605827808380127,-1.9183757305145264,0.9611605405807495
1773048847,492301627,world,cf231_leg,-2.6546566486358643,-1.9189374446868896,0.9470949172973633
1773048847,497462587,world,cf231,-2.6606204509735107,-1.9184688329696655,0.9613218307495117
1773048847,497462587,world,cf231_leg,-2.654742956161499,-1.9190422296524048,0.9473636150360107
1773048847,502539355,world,cf231,-2.6606760025024414,-1.9185948371887207,0.9613851308822632
1773048847,502539355,world,cf231_leg,-2.654721736907959,-1.9189773797988892,0.9473532438278198
1773048847,507644686,world,cf231,-2.6605632305145264,-1.9184644222259521,0.9613336324691772
1773048847,507644686,world,cf231_leg,-2.654766798019409,-1.9191030263900757,0.9473203420639038
1773048847,512556893,world,cf231,-2.660576105117798,-1.9185729026794434,0.9614043235778809
1773048847,512556893,world,cf231_leg,-2.6546878814697266,-1.919151782989502,0.9474071264266968
1773048847,517485299,world,cf231,-2.6604840755462646,-1.918511986732483,0.9613867998123169
1773048847,517485299,world,cf231_leg,-2.6547205448150635,-1.919094204902649,0.9474209547042847
1773048847,522459065,world,cf231,-2.6604185104370117,-1.9184316396713257,0.9614195823669434
1773048847,522459065,world,cf231_leg,-2.654665946960449,-1.9190882444381714,0.9474148750305176
1773048847,527443638,world,cf231,-2.660327434539795,-1.9184857606887817,0.9614176750183105
1773048847,527443638,world,cf231_leg,-2.6546332836151123,-1.9191460609436035,0.9474004507064819
1773048847,532254733,world,cf231,-2.660226583480835,-1.918349027633667,0.961421012878418
1773048847,532254733,world,cf231_leg,-2.6546123027801514,-1.919081211090088,0.9473905563354492
1773048847,537577188,world,cf231,-2.6602838039398193,-1.9183534383773804,0.961409330368042
1773048847,537577188,world,cf231_leg,-2.654601573944092,-1.919126272201538,0.9475008249282837
1773048847,542620946,world,cf231,-2.6601481437683105,-1.9183943271636963,0.9614542722702026
1773048847,542620946,world,cf231_leg,-2.6545610427856445,-1.9191120862960815,0.9475089311599731
1773048847,547518785,world,cf231,-2.6600911617279053,-1.918389916419983,0.9614661931991577
1773048847,547518785,world,cf231_leg,-2.6544978618621826,-1.9191490411758423,0.9475760459899902
1773048847,552449851,world,cf231,-2.6598310470581055,-1.9181902408599854,0.9613684415817261
1773048847,552449851,world,cf231_leg,-2.654360771179199,-1.9190397262573242,0.9474829435348511
1773048847,557499418,world,cf231,-2.659808874130249,-1.91824209690094,0.9614100456237793
1773048847,557499418,world,cf231_leg,-2.654397964477539,-1.9192090034484863,0.9475212097167969
1773048847,562472248,world,cf231,-2.659700870513916,-1.918144941329956,0.9614483118057251
1773048847,562472248,world,cf231_leg,-2.6543617248535156,-1.9190382957458496,0.9474654197692871
1773048847,567526730,world,cf231,-2.65958309173584,-1.9181009531021118,0.9613611698150635
1773048847,567526730,world,cf231_leg,-2.6541855335235596,-1.9190292358398438,0.9474107027053833
1773048847,572229734,world,cf231,-2.6594693660736084,-1.9180898666381836,0.9613649845123291
1773048847,572229734,world,cf231_leg,-2.654165267944336,-1.9190788269042969,0.9474315643310547
1773048847,577275297,world,cf231,-2.6593129634857178,-1.9179470539093018,0.9613591432571411
1773048847,577275297,world,cf231_leg,-2.654165744781494,-1.9190791845321655,0.9474303722381592
1773048847,583107113,world,cf231,-2.6592564582824707,-1.9179401397705078,0.9613513946533203
1773048847,583107113,world,cf231_leg,-2.654027223587036,-1.9189709424972534,0.9473562240600586
1773048847,587429859,world,cf231,-2.6591947078704834,-1.9178953170776367,0.9614943265914917
1773048847,587429859,world,cf231_leg,-2.6539862155914307,-1.9190716743469238,0.9474148750305176
1773048847,595567300,world,cf231,-2.6588289737701416,-1.91764235496521,0.961345911026001
1773048847,595567300,world,cf231_leg,-2.653942823410034,-1.918945074081421,0.9474290609359741
1773048847,598204426,world,cf231,-2.6587724685668945,-1.9176386594772339,0.9613555669784546
1773048847,598204426,world,cf231_leg,-2.6537654399871826,-1.9188194274902344,0.9473278522491455
1773048847,603129460,world,cf231,-2.658418655395508,-1.917379379272461,0.9612618684768677
1773048847,603129460,world,cf231_leg,-2.6537599563598633,-1.9189764261245728,0.9474116563796997
1773048847,607514410,world,cf231,-2.6582610607147217,-1.9173551797866821,0.9613126516342163
1773048847,607514410,world,cf231_leg,-2.653674602508545,-1.918760895729065,0.947330117225647
1773048847,612419815,world,cf231,-2.658057689666748,-1.9173938035964966,0.9612749814987183
1773048847,612419815,world,cf231_leg,-2.653498411178589,-1.9187496900558472,0.9472599029541016
1773048847,617561256,world,cf231,-2.657923936843872,-1.917199730873108,0.961225152015686
1773048847,617561256,world,cf231_leg,-2.6534311771392822,-1.9187519550323486,0.9472187757492065
1773048847,623108338,world,cf231,-2.6576602458953857,-1.917005181312561,0.9611902236938477
1773048847,623108338,world,cf231_leg,-2.6533539295196533,-1.9186820983886719,0.9472216367721558
1773048847,627328221,world,cf231,-2.6574995517730713,-1.91706120967865,0.9611450433731079
1773048847,627328221,world,cf231_leg,-2.6532163619995117,-1.9185746908187866,0.9471445083618164
1773048847,632275818,world,cf231,-2.6573071479797363,-1.9169780015945435,0.9611473083496094
1773048847,632275818,world,cf231_leg,-2.6531269550323486,-1.9186265468597412,0.9471458196640015
1773048847,637600346,world,cf231,-2.657066583633423,-1.9167298078536987,0.9610490798950195
1773048847,637600346,world,cf231_leg,-2.6529953479766846,-1.9184379577636719,0.9471069574356079
1773048847,643119070,world,cf231,-2.6569526195526123,-1.9168380498886108,0.9611084461212158
1773048847,643119070,world,cf231_leg,-2.652803897857666,-1.918323040008545,0.9470062255859375
1773048847,647431925,world,cf231,-2.6566977500915527,-1.9166769981384277,0.9608581066131592
1773048847,647431925,world,cf231_leg,-2.6527888774871826,-1.9184064865112305,0.9471167325973511
1773048847,653175929,world,cf231,-2.6565043926239014,-1.9164681434631348,0.9610496759414673
1773048847,653175929,world,cf231_leg,-2.6526379585266113,-1.9181901216506958,0.9469591379165649
1773048847,657454312,world,cf231,-2.6561388969421387,-1.9164578914642334,0.9607471227645874
1773048847,657454312,world,cf231_leg,-2.6525282859802246,-1.9181784391403198,0.9469466209411621
1773048847,662468591,world,cf231,-2.6559886932373047,-1.916266918182373,0.9609297513961792
1773048847,662468591,world,cf231_leg,-2.652472496032715,-1.918173909187317,0.9469581842422485
1773048847,667456545,world,cf231,-2.6557278633117676,-1.9161837100982666,0.9608688354492188
1773048847,667456545,world,cf231_leg,-2.6523208618164062,-1.9180729389190674,0.9468511343002319
1773048847,674113656,world,cf231,-2.6554415225982666,-1.9160009622573853,0.9606999158859253
1773048847,674113656,world,cf231_leg,-2.652230739593506,-1.9180105924606323,0.9468207359313965
1773048847,677278660,world,cf231,-2.6552557945251465,-1.9159234762191772,0.960878849029541
1773048847,677278660,world,cf231_leg,-2.652153730392456,-1.9179412126541138,0.9468221664428711
1773048847,682273078,world,cf231,-2.6549770832061768,-1.9157620668411255,0.96070396900177
1773048847,682273078,world,cf231_leg,-2.6520159244537354,-1.9178334474563599,0.9467456340789795
1773048847,687403644,world,cf231,-2.6547720432281494,-1.9156908988952637,0.9606872797012329
1773048847,687403644,world,cf231_leg,-2.651906967163086,-1.9178200960159302,0.9467166662216187
1773048847,692378906,world,cf231,-2.6544384956359863,-1.9153783321380615,0.9605545997619629
1773048847,692378906,world,cf231_leg,-2.651837110519409,-1.917708396911621,0.9466643333435059
1773048847,698130814,world,cf231,-2.654266834259033,-1.915361762046814,0.9605724811553955
1773048847,698130814,world,cf231_leg,-2.651746988296509,-1.9176462888717651,0.946632981300354
1773048847,702374774,world,cf231,-2.6540133953094482,-1.915116548538208,0.9604024887084961
1773048847,702374774,world,cf231_leg,-2.651512622833252,-1.9175169467926025,0.9465624094009399
1773048847,707444656,world,cf231,-2.653761625289917,-1.9150868654251099,0.9607225656509399
1773048847,707444656,world,cf231_leg,-2.6514766216278076,-1.9174624681472778,0.9465539455413818
1773048847,712496515,world,cf231,-2.6533594131469727,-1.914779782295227,0.960561990737915
1773048847,712496515,world,cf231_leg,-2.6512985229492188,-1.9173381328582764,0.9464702606201172
1773048847,717477268,world,cf231,-2.653167724609375,-1.9148117303848267,0.9605792760848999
1773048847,717477268,world,cf231_leg,-2.6512303352355957,-1.917339563369751,0.9464315176010132
1773048847,722310746,world,cf231,-2.6528689861297607,-1.9144439697265625,0.960476279258728
1773048847,722310746,world,cf231_leg,-2.65114164352417,-1.9172765016555786,0.9463815689086914
1773048847,727491169,world,cf231,-2.6527881622314453,-1.9143787622451782,0.9605331420898438
1773048847,727491169,world,cf231_leg,-2.651003122329712,-1.9171704053878784,0.9463214874267578
1773048847,732215050,world,cf231,-2.652548313140869,-1.9142428636550903,0.9604315757751465
1773048847,732215050,world,cf231_leg,-2.6509292125701904,-1.917210578918457,0.9463033676147461
1773048847,737369186,world,cf231,-2.6523399353027344,-1.9140626192092896,0.9604595899581909
1773048847,737369186,world,cf231_leg,-2.6508328914642334,-1.917116403579712,0.9461991786956787
1773048847,742482859,world,cf231,-2.6521270275115967,-1.913907766342163,0.9604077339172363
1773048847,742482859,world,cf231_leg,-2.6506545543670654,-1.9169915914535522,0.94611656665802
1773048847,747525435,world,cf231,-2.651883363723755,-1.913668155670166,0.9603874683380127
1773048847,747525435,world,cf231_leg,-2.6506128311157227,-1.916978120803833,0.946143627166748
1773048847,752473151,world,cf231,-2.651691198348999,-1.9134626388549805,0.9603157043457031
1773048847,752473151,world,cf231_leg,-2.650542974472046,-1.9168667793273926,0.9460903406143188
1773048847,757535641,world,cf231,-2.651506185531616,-1.9132262468338013,0.9602618217468262
1773048847,757535641,world,cf231_leg,-2.6504411697387695,-1.9169273376464844,0.94605553150177
1773048847,762547429,world,cf231,-2.6512503623962402,-1.913096308708191,0.9604111909866333
1773048847,762547429,world,cf231_leg,-2.6503653526306152,-1.9168565273284912,0.9460387229919434
1773048847,767428501,world,cf231,-2.6511361598968506,-1.912970781326294,0.9603966474533081
1773048847,767428501,world,cf231_leg,-2.650203227996826,-1.9167615175247192,0.9458587169647217
1773048847,772998414,world,cf231,-2.650994062423706,-1.9128659963607788,0.9603539705276489
1773048847,772998414,world,cf231_leg,-2.6501173973083496,-1.9167367219924927,0.9459507465362549
1773048847,777583448,world,cf231,-2.65069580078125,-1.912612795829773,0.9602669477462769
1773048847,777583448,world,cf231_leg,-2.6499743461608887,-1.9166661500930786,0.9458770751953125
1773048847,782230669,world,cf231,-2.650639295578003,-1.9126063585281372,0.9602583646774292
1773048847,782230669,world,cf231_leg,-2.650048017501831,-1.916625738143921,0.9458960294723511
1773048847,787128506,world,cf231,-2.650411367416382,-1.9124666452407837,0.9602298736572266
1773048847,787128506,world,cf231_leg,-2.649824857711792,-1.916565179824829,0.9457472562789917
1773048847,794870477,world,cf231,-2.6501901149749756,-1.9122895002365112,0.9601854085922241
1773048847,794870477,world,cf231_leg,-2.6498239040374756,-1.9165664911270142,0.9457651376724243
1773048847,797508193,world,cf231,-2.6500916481018066,-1.9122631549835205,0.9601647853851318
1773048847,797508193,world,cf231_leg,-2.6496646404266357,-1.9163936376571655,0.9456783533096313
1773048847,803078361,world,cf231,-2.6498591899871826,-1.91209077835083,0.9600439071655273
1773048847,803078361,world,cf231_leg,-2.649660348892212,-1.9164745807647705,0.9456193447113037
1773048847,807490102,world,cf231,-2.6497225761413574,-1.912014126777649,0.9600539207458496
1773048847,807490102,world,cf231_leg,-2.6495280265808105,-1.9162850379943848,0.9455820322036743
1773048847,812356765,world,cf231,-2.649604082107544,-1.9118527173995972,0.9599300622940063
1773048847,812356765,world,cf231_leg,-2.649484157562256,-1.9163475036621094,0.9454994201660156
1773048847,817158983,world,cf231,-2.649340867996216,-1.9117733240127563,0.9599083662033081
1773048847,817158983,world,cf231_leg,-2.6493818759918213,-1.9162942171096802,0.945431113243103
1773048847,822999425,world,cf231,-2.649203300476074,-1.9115816354751587,0.9599020481109619
1773048847,822999425,world,cf231_leg,-2.649256467819214,-1.9161783456802368,0.945388913154602
1773048847,827493808,world,cf231,-2.649020195007324,-1.9115723371505737,0.9598621129989624
1773048847,827493808,world,cf231_leg,-2.6491878032684326,-1.9160658121109009,0.9453170299530029
1773048847,832348650,world,cf231,-2.648872137069702,-1.9114998579025269,0.9597970247268677
1773048847,832348650,world,cf231_leg,-2.649179458618164,-1.9161086082458496,0.9453908205032349
1773048847,837670000,world,cf231,-2.6487314701080322,-1.9113906621932983,0.9597141742706299
1773048847,837670000,world,cf231_leg,-2.649233341217041,-1.9161158800125122,0.9454149007797241
1773048847,842563051,world,cf231,-2.6487231254577637,-1.911432147026062,0.959770679473877
1773048847,842563051,world,cf231_leg,-2.6490304470062256,-1.9160059690475464,0.9452440738677979
1773048847,847549093,world,cf231,-2.6485180854797363,-1.9113554954528809,0.9597163200378418
1773048847,847549093,world,cf231_leg,-2.6490092277526855,-1.9160569906234741,0.9452828168869019
1773048847,854284067,world,cf231,-2.648369073867798,-1.9112850427627563,0.9596714973449707
1773048847,854284067,world,cf231_leg,-2.6489059925079346,-1.9158889055252075,0.945183515548706
1773048847,857590659,world,cf231,-2.6482996940612793,-1.9112870693206787,0.9596277475357056
1773048847,857590659,world,cf231_leg,-2.6489405632019043,-1.9159444570541382,0.9452108144760132
1773048847,862523428,world,cf231,-2.6482765674591064,-1.9112238883972168,0.9596536159515381
1773048847,862523428,world,cf231_leg,-2.6488752365112305,-1.9159845113754272,0.9450591802597046
1773048847,867532531,world,cf231,-2.6481363773345947,-1.9111123085021973,0.9595509767532349
1773048847,867532531,world,cf231_leg,-2.6488242149353027,-1.915899634361267,0.9451279640197754
1773048847,873081871,world,cf231,-2.6480114459991455,-1.9111028909683228,0.9594603776931763
1773048847,873081871,world,cf231_leg,-2.6487693786621094,-1.915893793106079,0.9451215267181396
1773048847,877373148,world,cf231,-2.6479227542877197,-1.9110767841339111,0.9595543146133423
1773048847,877373148,world,cf231_leg,-2.6487693786621094,-1.915893793106079,0.9451216459274292
1773048847,882375471,world,cf231,-2.6479060649871826,-1.9110504388809204,0.9594067335128784
1773048847,882375471,world,cf231_leg,-2.64870285987854,-1.9158192873001099,0.9449386596679688
1773048847,887635879,world,cf231,-2.647836923599243,-1.9110525846481323,0.9593626260757446
1773048847,887635879,world,cf231_leg,-2.648627996444702,-1.915863275527954,0.9449527263641357
1773048847,892711227,world,cf231,-2.6478230953216553,-1.911063313484192,0.9593473672866821
1773048847,892711227,world,cf231_leg,-2.6487748622894287,-1.915928602218628,0.9449549913406372
1773048847,897307888,world,cf231,-2.6477227210998535,-1.9110411405563354,0.959367036819458
1773048847,897307888,world,cf231_leg,-2.6486012935638428,-1.9157642126083374,0.9448535442352295
1773048847,902392669,world,cf231,-2.6476762294769287,-1.9111063480377197,0.9592974185943604
1773048847,902392669,world,cf231_leg,-2.6487185955047607,-1.9159235954284668,0.9449677467346191
1773048847,908170630,world,cf231,-2.6477906703948975,-1.9112352132797241,0.9593290090560913
1773048847,908170630,world,cf231_leg,-2.6486735343933105,-1.915873646736145,0.9448690414428711
1773048847,912408912,world,cf231,-2.6477348804473877,-1.9112262725830078,0.9593009948730469
1773048847,912408912,world,cf231_leg,-2.6487271785736084,-1.915880560874939,0.9448943138122559
1773048847,917366040,world,cf231,-2.6477437019348145,-1.9113024473190308,0.9592796564102173
1773048847,917366040,world,cf231_leg,-2.648742437362671,-1.91598641872406,0.9449405670166016
1773048847,923103308,world,cf231,-2.6478030681610107,-1.9114203453063965,0.9592630863189697
1773048847,923103308,world,cf231_leg,-2.6487295627593994,-1.9158785343170166,0.9448566436767578
1773048847,927600561,world,cf231,-2.6477110385894775,-1.9113569259643555,0.9592255353927612
1773048847,927600561,world,cf231_leg,-2.6486806869506836,-1.9158315658569336,0.9448148012161255
1773048847,933766784,world,cf231,-2.6477556228637695,-1.9114875793457031,0.9592138528823853
1773048847,933766784,world,cf231_leg,-2.6487526893615723,-1.9159408807754517,0.9448305368423462
1773048847,937412299,world,cf231,-2.647813558578491,-1.9116096496582031,0.959237813949585
1773048847,937412299,world,cf231_leg,-2.6487529277801514,-1.9159411191940308,0.944830060005188
1773048847,942313310,world,cf231,-2.6478934288024902,-1.9116793870925903,0.9592200517654419
1773048847,942313310,world,cf231_leg,-2.6488399505615234,-1.9160046577453613,0.9449013471603394
1773048847,947445010,world,cf231,-2.6479265689849854,-1.9118144512176514,0.9591331481933594
1773048847,947445010,world,cf231_leg,-2.6488122940063477,-1.9160583019256592,0.9448117017745972
1773048847,953102021,world,cf231,-2.6479618549346924,-1.9118711948394775,0.9591624736785889
1773048847,953102021,world,cf231_leg,-2.648939371109009,-1.9160223007202148,0.9448413848876953
1773048847,958171861,world,cf231,-2.648014783859253,-1.911960244178772,0.9590950012207031
1773048847,958171861,world,cf231_leg,-2.649007558822632,-1.9161343574523926,0.9449149370193481
1773048847,962425140,world,cf231,-2.648073434829712,-1.91208016872406,0.9590983390808105
1773048847,962425140,world,cf231_leg,-2.6489627361297607,-1.916084885597229,0.944814920425415
1773048847,967549286,world,cf231,-2.6482458114624023,-1.9122114181518555,0.9590981006622314
1773048847,967549286,world,cf231_leg,-2.649160861968994,-1.9163082838058472,0.9448566436767578
1773048847,972447908,world,cf231,-2.6483914852142334,-1.9123618602752686,0.959047794342041
1773048847,972447908,world,cf231_leg,-2.6491284370422363,-1.9161012172698975,0.9448161125183105
1773048847,978331810,world,cf231,-2.648437261581421,-1.9124902486801147,0.9590164422988892
1773048847,978331810,world,cf231_leg,-2.649146556854248,-1.916319489479065,0.9448564052581787
1773048847,982384589,world,cf231,-2.648528575897217,-1.9125105142593384,0.9588609933853149
1773048847,982384589,world,cf231_leg,-2.6492552757263184,-1.9162163734436035,0.944838285446167
1773048847,988745100,world,cf231,-2.6485962867736816,-1.9125868082046509,0.9587880373001099
1773048847,988745100,world,cf231_leg,-2.6492440700531006,-1.9162214994430542,0.9447684288024902
1773048847,992518399,world,cf231,-2.6487913131713867,-1.9126636981964111,0.958726167678833
1773048847,992518399,world,cf231_leg,-2.649372100830078,-1.9163354635238647,0.9447727203369141
1773048847,997318467,world,cf231,-2.6489315032958984,-1.9127751588821411,0.9588288068771362
1773048847,997318467,world,cf231_leg,-2.6494691371917725,-1.9163552522659302,0.9447504281997681
1773048848,2428883,world,cf231,-2.649188756942749,-1.9130173921585083,0.9586776494979858
1773048848,2428883,world,cf231_leg,-2.649512529373169,-1.916368007659912,0.944703221321106
1773048848,7489795,world,cf231,-2.6492247581481934,-1.9130719900131226,0.9586867094039917
1773048848,7489795,world,cf231_leg,-2.6496033668518066,-1.916428565979004,0.9447176456451416
1773048848,12459069,world,cf231,-2.6494414806365967,-1.913216233253479,0.9586398601531982
1773048848,12459069,world,cf231_leg,-2.6496593952178955,-1.916433334350586,0.9447052478790283
1773048848,17695651,world,cf231,-2.649649143218994,-1.9134039878845215,0.9586690664291382
1773048848,17695651,world,cf231_leg,-2.649750232696533,-1.9164938926696777,0.9447195529937744
1773048848,22312000,world,cf231,-2.6497738361358643,-1.913484811782837,0.958584189414978
1773048848,22312000,world,cf231_leg,-2.649883985519409,-1.9165666103363037,0.9446883201599121
1773048848,27482823,world,cf231,-2.6499946117401123,-1.913661241531372,0.9586304426193237
1773048848,27482823,world,cf231_leg,-2.649899959564209,-1.9165197610855103,0.9447247982025146
1773048848,32491929,world,cf231,-2.6500918865203857,-1.9137660264968872,0.9585341215133667
1773048848,32491929,world,cf231_leg,-2.6500368118286133,-1.9165889024734497,0.9446390867233276
1773048848,37368061,world,cf231,-2.6503262519836426,-1.9138890504837036,0.9584012031555176
1773048848,37368061,world,cf231_leg,-2.650054454803467,-1.9166195392608643,0.944538950920105
1773048848,43139421,world,cf231,-2.6504969596862793,-1.9140186309814453,0.9584051370620728
1773048848,43139421,world,cf231_leg,-2.6501729488372803,-1.9165863990783691,0.9444615840911865
1773048848,47431137,world,cf231,-2.6506896018981934,-1.9142189025878906,0.9584401845932007
1773048848,47431137,world,cf231_leg,-2.6502416133880615,-1.9166990518569946,0.9445332288742065
1773048848,53084191,world,cf231,-2.6508493423461914,-1.9142446517944336,0.9583853483200073
1773048848,53084191,world,cf231_leg,-2.6504740715026855,-1.9167882204055786,0.9447000026702881
1773048848,57502739,world,cf231,-2.6509647369384766,-1.9143657684326172,0.9583603143692017
1773048848,57502739,world,cf231_leg,-2.6505091190338135,-1.916731357574463,0.944435715675354
1773048848,63242962,world,cf231,-2.6511776447296143,-1.9145176410675049,0.9583948850631714
1773048848,63242962,world,cf231_leg,-2.650620698928833,-1.9167404174804688,0.944412350654602
1773048848,67403306,world,cf231,-2.6513357162475586,-1.9145417213439941,0.9583448171615601
1773048848,67403306,world,cf231_leg,-2.650697946548462,-1.916808009147644,0.9443948268890381
1773048848,72615721,world,cf231,-2.651599884033203,-1.914742112159729,0.9584171772003174
1773048848,72615721,world,cf231_leg,-2.650845766067505,-1.9167208671569824,0.9441781044006348
1773048848,77319382,world,cf231,-2.6518476009368896,-1.9149442911148071,0.9584468603134155
1773048848,77319382,world,cf231_leg,-2.650897979736328,-1.916802167892456,0.9440761804580688
1773048848,82245521,world,cf231,-2.6519620418548584,-1.9150367975234985,0.9583185911178589
1773048848,82245521,world,cf231_leg,-2.6511552333831787,-1.9168802499771118,0.9440879821777344
1773048848,87369942,world,cf231,-2.6522786617279053,-1.9151220321655273,0.9583753347396851
1773048848,87369942,world,cf231_leg,-2.6512393951416016,-1.9169057607650757,0.9440157413482666
1773048848,92363194,world,cf231,-2.6524343490600586,-1.9153499603271484,0.9582991600036621
1773048848,92363194,world,cf231_leg,-2.6513166427612305,-1.9169777631759644,0.9440286159515381
1773048848,98203787,world,cf231,-2.652622938156128,-1.9153980016708374,0.9581863880157471
1773048848,98203787,world,cf231_leg,-2.6514804363250732,-1.9168812036514282,0.9440152645111084
1773048848,102427937,world,cf231,-2.6528384685516357,-1.9155466556549072,0.9581781625747681
1773048848,102427937,world,cf231_leg,-2.6515398025512695,-1.916922926902771,0.9438732862472534
1773048848,107507882,world,cf231,-2.65311336517334,-1.9156190156936646,0.958255410194397
1773048848,107507882,world,cf231_leg,-2.6517040729522705,-1.916940689086914,0.9438921213150024
1773048848,112375954,world,cf231,-2.6533679962158203,-1.9157477617263794,0.9581091403961182
1773048848,112375954,world,cf231_leg,-2.6518657207489014,-1.9170337915420532,0.9438023567199707
1773048848,117409211,world,cf231,-2.653639078140259,-1.9157854318618774,0.9580744504928589
1773048848,117409211,world,cf231_leg,-2.652064323425293,-1.9169929027557373,0.9438157081604004
1773048848,122496429,world,cf231,-2.653897523880005,-1.9158316850662231,0.958004355430603
1773048848,122496429,world,cf231_leg,-2.652073860168457,-1.9170622825622559,0.9437580108642578
1773048848,127431257,world,cf231,-2.6540892124176025,-1.9159170389175415,0.9580227136611938
1773048848,127431257,world,cf231_leg,-2.652294158935547,-1.916973352432251,0.9437456130981445
1773048848,132347923,world,cf231,-2.654256820678711,-1.9160152673721313,0.9579305648803711
1773048848,132347923,world,cf231_leg,-2.6522889137268066,-1.916937232017517,0.9436407089233398
1773048848,138616213,world,cf231,-2.654484272003174,-1.9160375595092773,0.9579226970672607
1773048848,138616213,world,cf231_leg,-2.652522325515747,-1.9170658588409424,0.9437143802642822
1773048848,142503317,world,cf231,-2.6547491550445557,-1.9161787033081055,0.9576907157897949
1773048848,142503317,world,cf231_leg,-2.652661085128784,-1.916985273361206,0.943631649017334
1773048848,148237905,world,cf231,-2.6549594402313232,-1.9161771535873413,0.9575555324554443
1773048848,148237905,world,cf231_leg,-2.6527371406555176,-1.916938304901123,0.9435828924179077
1773048848,152894943,world,cf231,-2.6552186012268066,-1.9162211418151855,0.957465648651123
1773048848,152894943,world,cf231_leg,-2.652895212173462,-1.9169986248016357,0.9436540603637695
1773048848,157296200,world,cf231,-2.655421257019043,-1.916256070137024,0.9573485851287842
1773048848,157296200,world,cf231_leg,-2.6530325412750244,-1.9169169664382935,0.9435745477676392
1773048848,162367343,world,cf231,-2.655672788619995,-1.9163397550582886,0.9572939872741699
1773048848,162367343,world,cf231_leg,-2.653097629547119,-1.916879415512085,0.9434870481491089
1773048848,167363916,world,cf231,-2.6559200286865234,-1.9163368940353394,0.9571593999862671
1773048848,167363916,world,cf231_leg,-2.6532506942749023,-1.91690194606781,0.9434366226196289
1773048848,173994766,world,cf231,-2.6560070514678955,-1.916250467300415,0.9570688009262085
1773048848,173994766,world,cf231_leg,-2.653376340866089,-1.9168291091918945,0.9433205127716064
1773048848,177247561,world,cf231,-2.6561601161956787,-1.9162415266036987,0.9569275379180908
1773048848,177247561,world,cf231_leg,-2.65356183052063,-1.9169118404388428,0.9433490037918091
1773048848,183646708,world,cf231,-2.6562678813934326,-1.9162213802337646,0.956853985786438
1773048848,183646708,world,cf231_leg,-2.65360426902771,-1.9168099164962769,0.9432715177536011
1773048848,187341203,world,cf231,-2.656726598739624,-1.9163012504577637,0.9569495916366577
1773048848,187341203,world,cf231_leg,-2.653810977935791,-1.916841745376587,0.9432611465454102
1773048848,193219106,world,cf231,-2.656914710998535,-1.9163517951965332,0.9568557739257812
1773048848,193219106,world,cf231_leg,-2.6538941860198975,-1.9167548418045044,0.9431737661361694
1773048848,197734177,world,cf231,-2.6570582389831543,-1.916271686553955,0.956774115562439
1773048848,197734177,world,cf231_leg,-2.6541144847869873,-1.9167771339416504,0.9431806802749634
1773048848,202617940,world,cf231,-2.6572046279907227,-1.916225790977478,0.9568063020706177
1773048848,202617940,world,cf231_leg,-2.6541237831115723,-1.9166189432144165,0.9430559873580933
1773048848,208071274,world,cf231,-2.657383441925049,-1.9162026643753052,0.9567530155181885
1773048848,208071274,world,cf231_leg,-2.6544108390808105,-1.9167547225952148,0.943153977394104
1773048848,212354569,world,cf231,-2.6575753688812256,-1.9161680936813354,0.956716775894165
1773048848,212354569,world,cf231_leg,-2.654580593109131,-1.9166171550750732,0.9431054592132568
1773048848,217472168,world,cf231,-2.6576738357543945,-1.916074275970459,0.9566842317581177
1773048848,217472168,world,cf231_leg,-2.6546449661254883,-1.9165788888931274,0.9430201053619385
1773048848,225383915,world,cf231,-2.657991886138916,-1.916164755821228,0.9567523002624512
1773048848,225383915,world,cf231_leg,-2.6548407077789307,-1.9165400266647339,0.9430716037750244
1773048848,229440195,world,cf231,-2.6580209732055664,-1.9158415794372559,0.9566226005554199
1773048848,229440195,world,cf231_leg,-2.6549623012542725,-1.9165053367614746,0.9429548978805542
1773048848,232482918,world,cf231,-2.6581552028656006,-1.9158051013946533,0.9566173553466797
1773048848,232482918,world,cf231_leg,-2.655080556869507,-1.9163981676101685,0.9430261850357056
1773048848,238135464,world,cf231,-2.6583023071289062,-1.915759801864624,0.9566477537155151
1773048848,238135464,world,cf231_leg,-2.6552329063415527,-1.9164224863052368,0.9429928064346313
1773048848,243180865,world,cf231,-2.6585066318511963,-1.9157191514968872,0.9566656351089478
1773048848,243180865,world,cf231_leg,-2.655365467071533,-1.916266679763794,0.9428974390029907
1773048848,249039827,world,cf231,-2.658701181411743,-1.915607213973999,0.9567438364028931
1773048848,249039827,world,cf231_leg,-2.65547251701355,-1.9162808656692505,0.942947268486023
1773048848,252641008,world,cf231,-2.6587584018707275,-1.9154945611953735,0.9566962718963623
1773048848,252641008,world,cf231_leg,-2.655568838119507,-1.9161860942840576,0.9428939819335938
1773048848,258188304,world,cf231,-2.6588706970214844,-1.9153929948806763,0.9566962718963623
1773048848,258188304,world,cf231_leg,-2.655745029449463,-1.916081428527832,0.9429159164428711
1773048848,262406700,world,cf231,-2.6590442657470703,-1.9153285026550293,0.95677649974823
1773048848,262406700,world,cf231_leg,-2.6557979583740234,-1.9159741401672363,0.9429090023040771
1773048848,270824185,world,cf231,-2.6591780185699463,-1.9152941703796387,0.9567911624908447
1773048848,270824185,world,cf231_leg,-2.656022787094116,-1.916032075881958,0.9430220127105713
1773048848,273119516,world,cf231,-2.659233570098877,-1.9150688648223877,0.95674729347229
1773048848,273119516,world,cf231_leg,-2.6561052799224854,-1.9158304929733276,0.9429038763046265
1773048848,278184477,world,cf231,-2.6594018936157227,-1.914973497390747,0.9567569494247437
1773048848,278184477,world,cf231_leg,-2.6561601161956787,-1.9158364534378052,0.9429101943969727
1773048848,283999009,world,cf231,-2.6595282554626465,-1.91474449634552,0.9567354917526245
1773048848,283999009,world,cf231_leg,-2.6563494205474854,-1.9157243967056274,0.9429649114608765
1773048848,287423661,world,cf231,-2.6596391201019287,-1.9146443605422974,0.9567575454711914
1773048848,287423661,world,cf231_leg,-2.656432628631592,-1.9156370162963867,0.9428787231445312
1773048848,292414025,world,cf231,-2.6597862243652344,-1.9144818782806396,0.9567524194717407
1773048848,292414025,world,cf231_leg,-2.6566174030303955,-1.9156053066253662,0.9428764581680298
1773048848,297464979,world,cf231,-2.6599090099334717,-1.9142581224441528,0.9567941427230835
1773048848,297464979,world,cf231_leg,-2.6566712856292725,-1.9154969453811646,0.942851185798645
1773048848,302542999,world,cf231,-2.660068988800049,-1.914204716682434,0.9568588733673096
1773048848,302542999,world,cf231_leg,-2.6568350791931152,-1.9154002666473389,0.9428383111953735
1773048848,307393402,world,cf231,-2.6602444648742676,-1.9138271808624268,0.9569858312606812
1773048848,307393402,world,cf231_leg,-2.656942844390869,-1.915298581123352,0.9428386688232422
1773048848,312301325,world,cf231,-2.6602981090545654,-1.9137227535247803,0.957019567489624
1773048848,312301325,world,cf231_leg,-2.6571505069732666,-1.9152534008026123,0.9429421424865723
1773048848,317524965,world,cf231,-2.660423517227173,-1.9136101007461548,0.9570358991622925
1773048848,317524965,world,cf231_leg,-2.657113790512085,-1.9149633646011353,0.9426162242889404
1773048848,323262882,world,cf231,-2.6604301929473877,-1.9133410453796387,0.956967830657959
1773048848,323262882,world,cf231_leg,-2.657207489013672,-1.9148683547973633,0.9425861835479736
1773048848,327325025,world,cf231,-2.660613775253296,-1.9133483171463013,0.9569873809814453
1773048848,327325025,world,cf231_leg,-2.6574392318725586,-1.9148865938186646,0.9426602125167847
1773048848,332490368,world,cf231,-2.6606674194335938,-1.9131264686584473,0.9569859504699707
1773048848,332490368,world,cf231_leg,-2.6575112342834473,-1.9147281646728516,0.9426373243331909
1773048848,338187185,world,cf231,-2.6606650352478027,-1.912898063659668,0.956976056098938
1773048848,338187185,world,cf231_leg,-2.657705307006836,-1.9147276878356934,0.9426664113998413
1773048848,342559205,world,cf231,-2.66072940826416,-1.9127455949783325,0.9568939208984375
1773048848,342559205,world,cf231_leg,-2.6578733921051025,-1.914586067199707,0.9428619146347046
1773048848,348090119,world,cf231,-2.66078782081604,-1.9125598669052124,0.9570012092590332
1773048848,348090119,world,cf231_leg,-2.657991886138916,-1.914481282234192,0.9429481029510498
1773048848,352362486,world,cf231,-2.660965919494629,-1.9124186038970947,0.9569152593612671
1773048848,352362486,world,cf231_leg,-2.658034086227417,-1.9143723249435425,0.9426175355911255
1773048848,357466081,world,cf231,-2.661034107208252,-1.912186861038208,0.956926703453064
1773048848,357466081,world,cf231_leg,-2.658153533935547,-1.914261817932129,0.9426549673080444
1773048848,362493250,world,cf231,-2.6611599922180176,-1.9120773077011108,0.956960916519165
1773048848,362493250,world,cf231_leg,-2.658287763595581,-1.9142333269119263,0.9428713321685791
1773048848,368141276,world,cf231,-2.6611576080322266,-1.911852240562439,0.9569677114486694
1773048848,368141276,world,cf231_leg,-2.658364772796631,-1.9141868352890015,0.9428212642669678
1773048848,372435705,world,cf231,-2.6612789630889893,-1.9117069244384766,0.9568928480148315
1773048848,372435705,world,cf231_leg,-2.6584725379943848,-1.9140877723693848,0.9428359270095825
1773048848,377539228,world,cf231,-2.6614742279052734,-1.9115926027297974,0.9569523334503174
1773048848,377539228,world,cf231_leg,-2.6586132049560547,-1.9139288663864136,0.9428493976593018
1773048848,383150296,world,cf231,-2.6616289615631104,-1.9113937616348267,0.9569295644760132
1773048848,383150296,world,cf231_leg,-2.658668279647827,-1.9139350652694702,0.9428547620773315
1773048848,387781651,world,cf231,-2.6616971492767334,-1.9112763404846191,0.956958532333374
1773048848,387781651,world,cf231_leg,-2.6587975025177,-1.9137828350067139,0.9428155422210693
1773048848,392320543,world,cf231,-2.66168212890625,-1.9109424352645874,0.9568958282470703
1773048848,392320543,world,cf231_leg,-2.658780574798584,-1.9135658740997314,0.942772388458252
1773048848,397249703,world,cf231,-2.6617934703826904,-1.9108428955078125,0.9569168090820312
1773048848,397249703,world,cf231_leg,-2.658905029296875,-1.9135695695877075,0.942798376083374
1773048848,402411144,world,cf231,-2.6619296073913574,-1.9106849431991577,0.9568361043930054
1773048848,402411144,world,cf231_leg,-2.659050226211548,-1.9134459495544434,0.9429185390472412
1773048848,407505664,world,cf231,-2.6619627475738525,-1.9105135202407837,0.9568547010421753
1773048848,407505664,world,cf231_leg,-2.6591298580169678,-1.9132484197616577,0.9428553581237793
1773048848,414055886,world,cf231,-2.66200590133667,-1.9102965593338013,0.9567766189575195
1773048848,414055886,world,cf231_leg,-2.6592178344726562,-1.9131972789764404,0.9428738355636597
1773048848,417467746,world,cf231,-2.662081241607666,-1.910142421722412,0.9567888975143433
1773048848,417467746,world,cf231_leg,-2.6593611240386963,-1.9131495952606201,0.9428837299346924
1773048848,423189532,world,cf231,-2.662080764770508,-1.9100275039672852,0.9567732810974121
1773048848,423189532,world,cf231_leg,-2.659458637237549,-1.9129782915115356,0.9429434537887573
1773048848,427588059,world,cf231,-2.662385940551758,-1.9098047018051147,0.9570795297622681
1773048848,427588059,world,cf231_leg,-2.6595118045806885,-1.9127570390701294,0.942903995513916
1773048848,432170015,world,cf231,-2.6625216007232666,-1.9097663164138794,0.9570541381835938
1773048848,432170015,world,cf231_leg,-2.6596763134002686,-1.9127750396728516,0.9429224729537964
1773048848,437422227,world,cf231,-2.6626486778259277,-1.9096955060958862,0.9572415351867676
1773048848,437422227,world,cf231_leg,-2.6596927642822266,-1.9124984741210938,0.9428775310516357
1773048848,443670817,world,cf231,-2.6627042293548584,-1.9094666242599487,0.9571816921234131
1773048848,443670817,world,cf231_leg,-2.65976881980896,-1.912453293800354,0.9428455829620361
1773048848,447473054,world,cf231,-2.6627039909362793,-1.9093520641326904,0.9571652412414551
1773048848,447473054,world,cf231_leg,-2.6598808765411377,-1.9123870134353638,0.9429528713226318
1773048848,452476791,world,cf231,-2.6628634929656982,-1.909300684928894,0.9572508335113525
1773048848,452476791,world,cf231_leg,-2.6600139141082764,-1.9122697114944458,0.9430222511291504
1773048848,458049227,world,cf231,-2.6629536151885986,-1.9091306924819946,0.9572402238845825
1773048848,458049227,world,cf231_leg,-2.660112142562866,-1.912172555923462,0.9429327249526978
1773048848,462383029,world,cf231,-2.6629624366760254,-1.9089720249176025,0.9571486711502075
1773048848,462383029,world,cf231_leg,-2.6601998805999756,-1.912125587463379,0.9431920051574707
1773048848,467426168,world,cf231,-2.6631131172180176,-1.9088475704193115,0.9572733640670776
1773048848,467426168,world,cf231_leg,-2.6602942943573,-1.9119175672531128,0.9431267976760864
1773048848,472508231,world,cf231,-2.663135290145874,-1.9086806774139404,0.9572160243988037
1773048848,472508231,world,cf231_leg,-2.6602985858917236,-1.911758303642273,0.9428408145904541
1773048848,477314602,world,cf231,-2.66324782371521,-1.9085793495178223,0.9572162628173828
1773048848,477314602,world,cf231_leg,-2.660374879837036,-1.911635398864746,0.9429248571395874
1773048848,482301737,world,cf231,-2.6633541584014893,-1.9084389209747314,0.9573696851730347
1773048848,482301737,world,cf231_leg,-2.660588264465332,-1.9115886688232422,0.9429666996002197
1773048848,487360143,world,cf231,-2.663522720336914,-1.9083466529846191,0.9573978185653687
1773048848,487360143,world,cf231_leg,-2.660557270050049,-1.9113733768463135,0.9428646564483643
1773048848,493003910,world,cf231,-2.6635324954986572,-1.908188819885254,0.9573040008544922
1773048848,493003910,world,cf231_leg,-2.6607279777526855,-1.9114265441894531,0.9429687261581421
1773048848,497282901,world,cf231,-2.6636006832122803,-1.9080713987350464,0.9573336839675903
1773048848,497282901,world,cf231_leg,-2.660712718963623,-1.9112061262130737,0.9428919553756714
1773048848,503076692,world,cf231,-2.66371488571167,-1.9079687595367432,0.9573116302490234
1773048848,503076692,world,cf231_leg,-2.660841464996338,-1.9111695289611816,0.9429029226303101
1773048848,507331350,world,cf231,-2.6637580394744873,-1.90786612033844,0.9572510719299316
1773048848,507331350,world,cf231_leg,-2.6609389781951904,-1.911106824874878,0.9427582025527954
1773048848,513177145,world,cf231,-2.663940191268921,-1.9077633619308472,0.9572937488555908
1773048848,513177145,world,cf231_leg,-2.6610519886016846,-1.9110392332077026,0.9428473711013794
1773048848,517643221,world,cf231,-2.6640512943267822,-1.907663345336914,0.9573163986206055
1773048848,517643221,world,cf231_leg,-2.6611902713775635,-1.9109607934951782,0.9427816867828369
1773048848,522410318,world,cf231,-2.6640384197235107,-1.9075571298599243,0.9572650194168091
1773048848,522410318,world,cf231_leg,-2.6612348556518555,-1.9108607769012451,0.9426987171173096
1773048848,527453062,world,cf231,-2.6640944480895996,-1.9073315858840942,0.9572227001190186
1773048848,527453062,world,cf231_leg,-2.661388874053955,-1.9108085632324219,0.9427775144577026
1773048848,532555332,world,cf231,-2.6641509532928467,-1.907338261604309,0.9572309255599976
1773048848,532555332,world,cf231_leg,-2.6614527702331543,-1.9106603860855103,0.9426919221878052
1773048848,537419120,world,cf231,-2.6642513275146484,-1.9072428941726685,0.9571770429611206
1773048848,537419120,world,cf231_leg,-2.661431312561035,-1.9105969667434692,0.9426988363265991
1773048848,542401183,world,cf231,-2.664238929748535,-1.9070172309875488,0.9570707082748413
1773048848,542401183,world,cf231_leg,-2.6616063117980957,-1.9104958772659302,0.9427553415298462
1773048848,547448499,world,cf231,-2.664280652999878,-1.9069217443466187,0.9570683240890503
1773048848,547448499,world,cf231_leg,-2.6616625785827637,-1.9103513956069946,0.9427682161331177
1773048848,553117681,world,cf231,-2.6643245220184326,-1.9068197011947632,0.9570063352584839
1773048848,553117681,world,cf231_leg,-2.6617984771728516,-1.9103082418441772,0.9426665306091309
1773048848,557496716,world,cf231,-2.664555549621582,-1.9069925546646118,0.9571256637573242
1773048848,557496716,world,cf231_leg,-2.661888360977173,-1.910253882408142,0.9426509141921997
1773048848,562412249,world,cf231,-2.6645538806915283,-1.9067643880844116,0.9571155309677124
1773048848,562412249,world,cf231_leg,-2.662001371383667,-1.910112977027893,0.9426335096359253
1773048848,567330210,world,cf231,-2.664492130279541,-1.9066121578216553,0.9570200443267822
1773048848,567330210,world,cf231_leg,-2.6619961261749268,-1.9100029468536377,0.9426777362823486
1773048848,572454334,world,cf231,-2.6645493507385254,-1.9065018892288208,0.9569922685623169
1773048848,572454334,world,cf231_leg,-2.66208815574646,-1.9099464416503906,0.9426244497299194
1773048848,578210935,world,cf231,-2.6645913124084473,-1.90640389919281,0.9569708108901978
1773048848,578210935,world,cf231_leg,-2.6621627807617188,-1.9097903966903687,0.9425947666168213
1773048848,582231636,world,cf231,-2.664716958999634,-1.9064087867736816,0.9570226669311523
1773048848,582231636,world,cf231_leg,-2.6622707843780518,-1.9096890687942505,0.9425950050354004
1773048848,588106633,world,cf231,-2.6647744178771973,-1.9062960147857666,0.9569759368896484
1773048848,588106633,world,cf231_leg,-2.6623034477233887,-1.9096312522888184,0.9426096677780151
1773048848,592336967,world,cf231,-2.6648874282836914,-1.9063098430633545,0.9569916725158691
1773048848,592336967,world,cf231_leg,-2.662405252456665,-1.9094188213348389,0.9426567554473877
1773048848,597504610,world,cf231,-2.664978265762329,-1.9062581062316895,0.9570142030715942
1773048848,597504610,world,cf231_leg,-2.6623635292053223,-1.909367322921753,0.942518949508667
1773048848,603179771,world,cf231,-2.6650216579437256,-1.9061585664749146,0.9569711685180664
1773048848,603179771,world,cf231_leg,-2.6625571250915527,-1.90933096408844,0.9426079988479614
1773048848,607397819,world,cf231,-2.665112257003784,-1.90610671043396,0.9569940567016602
1773048848,607397819,world,cf231_leg,-2.6626274585723877,-1.9092130661010742,0.9425778388977051
1773048848,612543802,world,cf231,-2.6652348041534424,-1.9060767889022827,0.9569339752197266
1773048848,612543802,world,cf231_leg,-2.662618637084961,-1.908951997756958,0.9424654245376587
1773048848,617310672,world,cf231,-2.665303945541382,-1.9059600830078125,0.9569616317749023
1773048848,617310672,world,cf231_leg,-2.6626784801483154,-1.908989429473877,0.9425462484359741
1773048848,622237718,world,cf231,-2.665369987487793,-1.9059234857559204,0.9568932056427002
1773048848,622237718,world,cf231_leg,-2.6628036499023438,-1.9088042974472046,0.9424155950546265
1773048848,627186491,world,cf231,-2.6654605865478516,-1.905871868133545,0.9569154977798462
1773048848,627186491,world,cf231_leg,-2.6628143787384033,-1.9086849689483643,0.9424539804458618
1773048848,633125368,world,cf231,-2.6654906272888184,-1.9057831764221191,0.9568568468093872
1773048848,633125368,world,cf231_leg,-2.662858724594116,-1.9086965322494507,0.9423887729644775
1773048848,637338123,world,cf231,-2.665616512298584,-1.9057880640029907,0.9569088220596313
1773048848,637338123,world,cf231_leg,-2.6629445552825928,-1.9085288047790527,0.9423831701278687
1773048848,643159453,world,cf231,-2.6658084392547607,-1.9057564735412598,0.9568918943405151
1773048848,643159453,world,cf231_leg,-2.663039207458496,-1.908436894416809,0.9423664808273315
1773048848,647324756,world,cf231,-2.66580867767334,-1.9056391716003418,0.9568568468093872
1773048848,647324756,world,cf231_leg,-2.6631436347961426,-1.9084887504577637,0.9423955678939819
1773048848,652515106,world,cf231,-2.665886640548706,-1.9055962562561035,0.9568432569503784
1773048848,652515106,world,cf231_leg,-2.6632723808288574,-1.908337950706482,0.9423743486404419
1773048848,658068368,world,cf231,-2.6660478115081787,-1.9056553840637207,0.9569052457809448
1773048848,658068368,world,cf231_leg,-2.663217306137085,-1.9082176685333252,0.9423370361328125
1773048848,662931691,world,cf231,-2.6660337448120117,-1.9054361581802368,0.9568588733673096
1773048848,662931691,world,cf231_leg,-2.6634044647216797,-1.9082978963851929,0.9423297643661499
1773048848,667430784,world,cf231,-2.6660776138305664,-1.9053343534469604,0.9567965269088745
1773048848,667430784,world,cf231_leg,-2.6634697914123535,-1.9081844091415405,0.9423750638961792
1773048848,673095219,world,cf231,-2.666156768798828,-1.9052891731262207,0.9567632675170898
1773048848,673095219,world,cf231_leg,-2.6635477542877197,-1.9079846143722534,0.9423189163208008
1773048848,677261069,world,cf231,-2.666268825531006,-1.905305027961731,0.9567995071411133
1773048848,677261069,world,cf231_leg,-2.6635918617248535,-1.9079959392547607,0.9422546625137329
1773048848,682317547,world,cf231,-2.6662437915802,-1.9050874710083008,0.9566586017608643
1773048848,682317547,world,cf231_leg,-2.6638071537017822,-1.9079848527908325,0.9424258470535278
1773048848,687500402,world,cf231,-2.6663222312927246,-1.9050447940826416,0.9566447734832764
1773048848,687500402,world,cf231_leg,-2.6639347076416016,-1.907833218574524,0.9424078464508057
1773048848,692541354,world,cf231,-2.6663525104522705,-1.9049534797668457,0.9565677642822266
1773048848,692541354,world,cf231_leg,-2.664024591445923,-1.907893180847168,0.9424237012863159
1773048848,698055517,world,cf231,-2.666379451751709,-1.9047733545303345,0.9563909769058228
1773048848,698055517,world,cf231_leg,-2.6640658378601074,-1.9077919721603394,0.9423668384552002
1773048848,702220443,world,cf231,-2.666468858718872,-1.9047260284423828,0.9564529657363892
1773048848,702220443,world,cf231_leg,-2.6641955375671387,-1.9076422452926636,0.9423428773880005
1773048848,708060277,world,cf231,-2.6664881706237793,-1.904682993888855,0.9564914703369141
1773048848,708060277,world,cf231_leg,-2.664215326309204,-1.9075944423675537,0.9423388242721558
1773048848,712410150,world,cf231,-2.666592836380005,-1.9045768976211548,0.9563373327255249
1773048848,712410150,world,cf231_leg,-2.6642684936523438,-1.907486915588379,0.9423333406448364
1773048848,717201487,world,cf231,-2.666670083999634,-1.9045361280441284,0.9563443660736084
1773048848,717201487,world,cf231_leg,-2.6643526554107666,-1.9074029922485352,0.9422601461410522
1773048848,722351286,world,cf231,-2.6668198108673096,-1.9044846296310425,0.9563148021697998
1773048848,722351286,world,cf231_leg,-2.6644954681396484,-1.9073554277420044,0.9422708749771118
1773048848,727340021,world,cf231,-2.6668052673339844,-1.9043827056884766,0.9563040733337402
1773048848,727340021,world,cf231_leg,-2.6645519733428955,-1.907360553741455,0.9422577619552612
1773048848,732265092,world,cf231,-2.6669411659240723,-1.9043420553207397,0.9562592506408691
1773048848,732265092,world,cf231_leg,-2.6647138595581055,-1.9072667360305786,0.9422820806503296
1773048848,738096827,world,cf231,-2.6669886112213135,-1.9042750597000122,0.9563084840774536
1773048848,738096827,world,cf231_leg,-2.6647093296051025,-1.9071166515350342,0.9421446323394775
1773048848,742730930,world,cf231,-2.667078971862793,-1.9041820764541626,0.9561587572097778
1773048848,742730930,world,cf231_leg,-2.664743661880493,-1.9070605039596558,0.9421548843383789
1773048848,747838960,world,cf231,-2.667181968688965,-1.90412437915802,0.9562356472015381
1773048848,747838960,world,cf231_leg,-2.664839029312134,-1.9069671630859375,0.9421206712722778
1773048848,752547933,world,cf231,-2.6673290729522705,-1.9040791988372803,0.9562669992446899
1773048848,752547933,world,cf231_leg,-2.664858102798462,-1.9068042039871216,0.9420877695083618
1773048848,757751028,world,cf231,-2.6674325466156006,-1.9040930271148682,0.9561671018600464
1773048848,757751028,world,cf231_leg,-2.6649768352508545,-1.9067734479904175,0.9420268535614014
1773048848,762631608,world,cf231,-2.6675236225128174,-1.9040415287017822,0.9561891555786133
1773048848,762631608,world,cf231_leg,-2.665118932723999,-1.9067275524139404,0.9420543909072876
1773048848,767586253,world,cf231,-2.6675667762756348,-1.9039417505264282,0.9561469554901123
1773048848,767586253,world,cf231_leg,-2.6650490760803223,-1.9065032005310059,0.9419877529144287
1773048848,772580933,world,cf231,-2.6677043437957764,-1.9040141105651855,0.956096887588501
1773048848,772580933,world,cf231_leg,-2.665182113647461,-1.9064615964889526,0.9419255256652832
1773048848,777558736,world,cf231,-2.66782808303833,-1.9040231704711914,0.9561898708343506
1773048848,777558736,world,cf231_leg,-2.665275812149048,-1.9063713550567627,0.9419265985488892
1773048848,783219968,world,cf231,-2.6678593158721924,-1.9038150310516357,0.9560765027999878
1773048848,783219968,world,cf231_leg,-2.6654183864593506,-1.9062113761901855,0.9419219493865967
1773048848,787646924,world,cf231,-2.6679165363311768,-1.9038195610046387,0.9560648202896118
1773048848,787646924,world,cf231_leg,-2.6654791831970215,-1.9061381816864014,0.941982626914978
1773048848,792771372,world,cf231,-2.6680309772491455,-1.9038289785385132,0.9560407400131226
1773048848,792771372,world,cf231_leg,-2.665634870529175,-1.9060852527618408,0.9420419931411743
1773048848,798338906,world,cf231,-2.668224334716797,-1.9038363695144653,0.9561765193939209
1773048848,798338906,world,cf231_leg,-2.6656742095947266,-1.9058725833892822,0.9419897794723511
1773048848,802764671,world,cf231,-2.6683921813964844,-1.9038177728652954,0.9560490846633911
1773048848,802764671,world,cf231_leg,-2.6656954288482666,-1.905821442604065,0.9419516324996948
1773048848,807460270,world,cf231,-2.6685736179351807,-1.903831958770752,0.956128716468811
1773048848,807460270,world,cf231_leg,-2.6658451557159424,-1.9057358503341675,0.9419406652450562
1773048848,812545371,world,cf231,-2.668562889099121,-1.9037188291549683,0.9560179710388184
1773048848,812545371,world,cf231_leg,-2.66601300239563,-1.9055602550506592,0.942004919052124
1773048848,817497526,world,cf231,-2.6686995029449463,-1.9036785364151,0.9559725522994995
1773048848,817497526,world,cf231_leg,-2.666106939315796,-1.9054675102233887,0.9419910907745361
1773048848,822916969,world,cf231,-2.668802261352539,-1.9037352800369263,0.956066370010376
1773048848,822916969,world,cf231_leg,-2.6662063598632812,-1.905409574508667,0.9420639276504517
1773048848,828386416,world,cf231,-2.6689844131469727,-1.903747320175171,0.9561259746551514
1773048848,828386416,world,cf231_leg,-2.6662588119506836,-1.9051868915557861,0.9420298337936401
1773048848,832648316,world,cf231,-2.6690051555633545,-1.903540849685669,0.9559178352355957
1773048848,832648316,world,cf231_leg,-2.666389226913452,-1.9051475524902344,0.9420053958892822
1773048848,837740456,world,cf231,-2.66912841796875,-1.9035526514053345,0.9560295343399048
1773048848,837740456,world,cf231_leg,-2.666463851928711,-1.905105471611023,0.9420089721679688
1773048848,843560024,world,cf231,-2.6692211627960205,-1.9034502506256104,0.9558013677597046
1773048848,843560024,world,cf231_leg,-2.66660475730896,-1.9049460887908936,0.942024827003479
1773048848,847505683,world,cf231,-2.6692869663238525,-1.903344988822937,0.9559283256530762
1773048848,847505683,world,cf231_leg,-2.6666910648345947,-1.904781460762024,0.9420328140258789
1773048848,852472699,world,cf231,-2.669421911239624,-1.9033061265945435,0.9559046030044556
1773048848,852472699,world,cf231_leg,-2.66672420501709,-1.9047216176986694,0.9420316219329834
1773048848,857506344,world,cf231,-2.6695597171783447,-1.9031873941421509,0.9559770822525024
1773048848,857506344,world,cf231_leg,-2.6668753623962402,-1.904634952545166,0.9420020580291748
1773048848,862494719,world,cf231,-2.669640302658081,-1.9032557010650635,0.955937385559082
1773048848,862494719,world,cf231_leg,-2.666933536529541,-1.9045614004135132,0.9420857429504395
1773048848,867306493,world,cf231,-2.6698617935180664,-1.9030780792236328,0.9558579921722412
1773048848,867306493,world,cf231_leg,-2.667118787765503,-1.9045305252075195,0.9420828819274902
1773048848,872423032,world,cf231,-2.6699299812316895,-1.9029604196548462,0.9558886289596558
1773048848,872423032,world,cf231_leg,-2.6672186851501465,-1.9043561220169067,0.9421083927154541
1773048848,877413355,world,cf231,-2.67002010345459,-1.9029080867767334,0.9559134244918823
1773048848,877413355,world,cf231_leg,-2.667313575744629,-1.9042644500732422,0.9420915842056274
1773048848,882977146,world,cf231,-2.6702044010162354,-1.9029163122177124,0.9559314250946045
1773048848,882977146,world,cf231_leg,-2.6674838066101074,-1.9042010307312012,0.9421497583389282
1773048848,887412234,world,cf231,-2.6702475547790527,-1.9028195142745972,0.9559074640274048
1773048848,887412234,world,cf231_leg,-2.667522430419922,-1.9039942026138306,0.9421454668045044
1773048848,892406376,world,cf231,-2.670325517654419,-1.902658224105835,0.9558619260787964
1773048848,892406376,world,cf231_leg,-2.6675631999969482,-1.9037805795669556,0.9420738220214844
1773048848,897423436,world,cf231,-2.6704258918762207,-1.9025659561157227,0.9558266401290894
1773048848,897423436,world,cf231_leg,-2.66768479347229,-1.9036719799041748,0.9421073198318481
1773048848,902475032,world,cf231,-2.6704955101013184,-1.9024468660354614,0.9558351039886475
1773048848,902475032,world,cf231_leg,-2.6678497791290283,-1.9036887884140015,0.9421083927154541
1773048848,907464036,world,cf231,-2.6707003116607666,-1.9024097919464111,0.9558714628219604
1773048848,907464036,world,cf231_leg,-2.667931079864502,-1.9033775329589844,0.9420129060745239
1773048848,912337381,world,cf231,-2.670870304107666,-1.9021953344345093,0.9558273553848267
1773048848,912337381,world,cf231_leg,-2.6679527759552,-1.9033266305923462,0.941974401473999
1773048848,917312056,world,cf231,-2.6709935665130615,-1.9021693468093872,0.9557830095291138
1773048848,917312056,world,cf231_leg,-2.66814923286438,-1.9031744003295898,0.9419941902160645
1773048848,922360024,world,cf231,-2.6711537837982178,-1.9020041227340698,0.9558511972427368
1773048848,922360024,world,cf231_leg,-2.6682465076446533,-1.902965784072876,0.9419095516204834
1773048848,927534250,world,cf231,-2.6713263988494873,-1.9019359350204468,0.9559178352355957
1773048848,927534250,world,cf231_leg,-2.668361186981201,-1.902823805809021,0.9418745040893555
1773048848,932271516,world,cf231,-2.671459436416626,-1.9018694162368774,0.9558150768280029
1773048848,932271516,world,cf231_leg,-2.6684160232543945,-1.9027154445648193,0.941849946975708
1773048848,937510875,world,cf231,-2.6715426445007324,-1.901627540588379,0.9558415412902832
1773048848,937510875,world,cf231_leg,-2.668550729751587,-1.9024827480316162,0.9418703317642212
1773048848,943069044,world,cf231,-2.671664237976074,-1.9014849662780762,0.9557864665985107
1773048848,943069044,world,cf231_leg,-2.6687347888946533,-1.9023386240005493,0.9418551921844482
1773048848,947389088,world,cf231,-2.671861171722412,-1.901407241821289,0.9559811353683472
1773048848,947389088,world,cf231_leg,-2.6688084602355957,-1.9021812677383423,0.9418303966522217
1773048848,953063290,world,cf231,-2.6719741821289062,-1.9013031721115112,0.9559634923934937
1773048848,953063290,world,cf231_leg,-2.6688833236694336,-1.9020228385925293,0.9417867660522461
1773048848,957511805,world,cf231,-2.672064781188965,-1.9011423587799072,0.9560073614120483
1773048848,957511805,world,cf231_leg,-2.669010877609253,-1.9017586708068848,0.9417551755905151
1773048848,962321639,world,cf231,-2.672118663787842,-1.9009968042373657,0.9558695554733276
1773048848,962321639,world,cf231_leg,-2.66903018951416,-1.9015955924987793,0.9417229890823364
1773048848,967342407,world,cf231,-2.672232151031494,-1.9007813930511475,0.9558534622192383
1773048848,967342407,world,cf231_leg,-2.669180154800415,-1.9015101194381714,0.9417122602462769
1773048848,972320986,world,cf231,-2.6723530292510986,-1.9007560014724731,0.9558334350585938
1773048848,972320986,world,cf231_leg,-2.6692662239074707,-1.9013471603393555,0.9417374134063721
1773048848,977347606,world,cf231,-2.6723780632019043,-1.9004675149917603,0.955701470375061
1773048848,977347606,world,cf231_leg,-2.669402837753296,-1.9012260437011719,0.9417531490325928
1773048848,982367881,world,cf231,-2.6725692749023438,-1.9004415273666382,0.9557223320007324
1773048848,982367881,world,cf231_leg,-2.6695823669433594,-1.9010462760925293,0.9418858289718628
1773048848,988059337,world,cf231,-2.672646999359131,-1.9001649618148804,0.9556629657745361
1773048848,988059337,world,cf231_leg,-2.66957426071167,-1.900748372077942,0.9416271448135376
1773048848,992271574,world,cf231,-2.6728267669677734,-1.9000276327133179,0.9555946588516235
1773048848,992271574,world,cf231_leg,-2.6697330474853516,-1.900579571723938,0.9416167736053467
1773048848,997402726,world,cf231,-2.6729159355163574,-1.89986252784729,0.9556241035461426
1773048848,997402726,world,cf231_leg,-2.6698858737945557,-1.900377631187439,0.9415366649627686
1773048849,2644987,world,cf231,-2.6730992794036865,-1.8997548818588257,0.9556295871734619
1773048849,2644987,world,cf231_leg,-2.670064687728882,-1.9002751111984253,0.9415549039840698
1773048849,7458243,world,cf231,-2.6731765270233154,-1.8995988368988037,0.9556224346160889
1773048849,7458243,world,cf231_leg,-2.670149803161621,-1.899960994720459,0.9416123628616333
1773048849,12588342,world,cf231,-2.6733341217041016,-1.8993961811065674,0.9555603265762329
1773048849,12588342,world,cf231_leg,-2.670196056365967,-1.8998217582702637,0.9415566921234131
1773048849,17530487,world,cf231,-2.673525094985962,-1.8991366624832153,0.9555345773696899
1773048849,17530487,world,cf231_leg,-2.670452833175659,-1.8995956182479858,0.9416401386260986
1773048849,23259657,world,cf231,-2.6735823154449463,-1.8989113569259644,0.9554924964904785
1773048849,23259657,world,cf231_leg,-2.670501947402954,-1.8993399143218994,0.941514253616333
1773048849,27351328,world,cf231,-2.6737375259399414,-1.8987152576446533,0.9554910659790039
1773048849,27351328,world,cf231_leg,-2.6705353260040283,-1.8991680145263672,0.9414973258972168
1773048849,32358617,world,cf231,-2.673830032348633,-1.8985472917556763,0.9554767608642578
1773048849,32358617,world,cf231_leg,-2.6707653999328613,-1.898958444595337,0.941531777381897
1773048849,37432477,world,cf231,-2.673861026763916,-1.898341178894043,0.9553840160369873
1773048849,37432477,world,cf231_leg,-2.6707751750946045,-1.8986109495162964,0.9415287971496582
1773048849,43085641,world,cf231,-2.6740105152130127,-1.8980622291564941,0.9553443193435669
1773048849,43085641,world,cf231_leg,-2.670924663543701,-1.8985251188278198,0.9415198564529419
1773048849,47465215,world,cf231,-2.6741366386413574,-1.8978379964828491,0.9553642272949219
1773048849,47465215,world,cf231_leg,-2.6709985733032227,-1.898140549659729,0.9414503574371338
1773048849,52428696,world,cf231,-2.6743509769439697,-1.8976424932479858,0.9553102254867554
1773048849,52428696,world,cf231_leg,-2.671187162399292,-1.8980302810668945,0.9415253400802612
1773048849,57418640,world,cf231,-2.674360990524292,-1.8972535133361816,0.9551894664764404
1773048849,57418640,world,cf231_leg,-2.6713969707489014,-1.897870421409607,0.9415796995162964
1773048849,62479935,world,cf231,-2.6745448112487793,-1.8970754146575928,0.9553700685501099
1773048849,62479935,world,cf231_leg,-2.671456813812256,-1.8976426124572754,0.9414505958557129
1773048849,67241861,world,cf231,-2.6747026443481445,-1.8968725204467773,0.9553089141845703
1773048849,67241861,world,cf231_leg,-2.671475410461426,-1.897254228591919,0.9413900375366211
1773048849,73110328,world,cf231,-2.675001382827759,-1.8965859413146973,0.955432653427124
1773048849,73110328,world,cf231_leg,-2.671631097793579,-1.8970887660980225,0.941436767578125
1773048849,77510620,world,cf231,-2.6753172874450684,-1.8964492082595825,0.9554935693740845
1773048849,77510620,world,cf231_leg,-2.6717801094055176,-1.8968143463134766,0.9415470361709595
1773048849,83900352,world,cf231,-2.675550699234009,-1.8961971998214722,0.9556649923324585
1773048849,83900352,world,cf231_leg,-2.6719117164611816,-1.8965487480163574,0.9414752721786499
1773048849,87418427,world,cf231,-2.6756856441497803,-1.895927906036377,0.9556131362915039
1773048849,87418427,world,cf231_leg,-2.6720588207244873,-1.8963892459869385,0.9416377544403076
1773048849,92259632,world,cf231,-2.675949811935425,-1.8955875635147095,0.955725908279419
1773048849,92259632,world,cf231_leg,-2.672182083129883,-1.8961652517318726,0.9416218996047974
1773048849,97525478,world,cf231,-2.676196575164795,-1.8953274488449097,0.955931544303894
1773048849,97525478,world,cf231_leg,-2.67228364944458,-1.8957293033599854,0.9416598081588745
1773048849,102377687,world,cf231,-2.676356792449951,-1.8950470685958862,0.9559862613677979
1773048849,102377687,world,cf231_leg,-2.67246413230896,-1.895507574081421,0.9418493509292603
1773048849,108046594,world,cf231,-2.676515817642212,-1.8947303295135498,0.9559073448181152
1773048849,108046594,world,cf231_leg,-2.6726062297821045,-1.8953492641448975,0.9418641328811646
1773048849,112397735,world,cf231,-2.6766774654388428,-1.8944451808929443,0.955923318862915
1773048849,112397735,world,cf231_leg,-2.672595977783203,-1.89497709274292,0.9417775869369507
1773048849,117309362,world,cf231,-2.676764726638794,-1.8941333293914795,0.955844521522522
1773048849,117309362,world,cf231_leg,-2.6726059913635254,-1.8946293592453003,0.9417754411697388
1773048849,122510313,world,cf231,-2.676985740661621,-1.8938933610916138,0.9559974670410156
1773048849,122510313,world,cf231_leg,-2.6727676391601562,-1.8944228887557983,0.9417880773544312
1773048849,127348342,world,cf231,-2.6772561073303223,-1.8935885429382324,0.9559407234191895
1773048849,127348342,world,cf231_leg,-2.6729795932769775,-1.8941867351531982,0.9419549703598022
1773048849,132306241,world,cf231,-2.6774048805236816,-1.8931993246078491,0.955925703048706
1773048849,132306241,world,cf231_leg,-2.673062562942505,-1.8939458131790161,0.9419317245483398
1773048849,137228735,world,cf231,-2.677642822265625,-1.8929905891418457,0.9559848308563232
1773048849,137228735,world,cf231_leg,-2.6731364727020264,-1.893716812133789,0.9420725107192993
1773048849,142381488,world,cf231,-2.677859306335449,-1.8928320407867432,0.956063985824585
1773048849,142381488,world,cf231_leg,-2.673179864883423,-1.893314242362976,0.9420992136001587
1773048849,147262259,world,cf231,-2.677985429763794,-1.8924918174743652,0.9560724496841431
1773048849,147262259,world,cf231_leg,-2.6732892990112305,-1.893025279045105,0.9422173500061035
1773048849,152395266,world,cf231,-2.678314447402954,-1.892346978187561,0.9561690092086792
1773048849,152395266,world,cf231_leg,-2.6732802391052246,-1.8926137685775757,0.9422012567520142
1773048849,157276676,world,cf231,-2.678450584411621,-1.8917616605758667,0.9564288854598999
1773048849,157276676,world,cf231_leg,-2.6734485626220703,-1.892213225364685,0.9422379732131958
1773048849,162371373,world,cf231,-2.678650379180908,-1.8914597034454346,0.9566056728363037
1773048849,162371373,world,cf231_leg,-2.6735799312591553,-1.8920987844467163,0.942346453666687
1773048849,167317085,world,cf231,-2.678744316101074,-1.8910622596740723,0.9565608501434326
1773048849,167317085,world,cf231_leg,-2.6737520694732666,-1.8917337656021118,0.9424899816513062
1773048849,172289298,world,cf231,-2.678896903991699,-1.890747308731079,0.9568103551864624
1773048849,172289298,world,cf231_leg,-2.6738314628601074,-1.8913075923919678,0.9426428079605103
1773048849,177532739,world,cf231,-2.678910255432129,-1.8902454376220703,0.956669807434082
1773048849,177532739,world,cf231_leg,-2.673861265182495,-1.891023874282837,0.9426542520523071
1773048849,182304596,world,cf231,-2.6791651248931885,-1.8899458646774292,0.9568417072296143
1773048849,182304596,world,cf231_leg,-2.673898458480835,-1.8906972408294678,0.9426141977310181
1773048849,187191036,world,cf231,-2.679368495941162,-1.889680027961731,0.9568732976913452
1773048849,187191036,world,cf231_leg,-2.6739509105682373,-1.8904783725738525,0.9426138401031494
1773048849,193082696,world,cf231,-2.6795432567596436,-1.8892771005630493,0.9569470882415771
1773048849,193082696,world,cf231_leg,-2.6741347312927246,-1.8902194499969482,0.942825436592102
1773048849,197462786,world,cf231,-2.6795995235443115,-1.8889378309249878,0.9569143056869507
1773048849,197462786,world,cf231_leg,-2.674170732498169,-1.8898614645004272,0.9429206848144531
1773048849,202316427,world,cf231,-2.679715871810913,-1.888641119003296,0.9569997787475586
1773048849,202316427,world,cf231_leg,-2.674241542816162,-1.8894445896148682,0.9430123567581177
1773048849,207500402,world,cf231,-2.679806709289551,-1.8882458209991455,0.9570010900497437
1773048849,207500402,world,cf231_leg,-2.674264907836914,-1.8892016410827637,0.9430595636367798
1773048849,212528427,world,cf231,-2.6800055503845215,-1.887872338294983,0.9573568105697632
1773048849,212528427,world,cf231_leg,-2.6743061542510986,-1.888803243637085,0.9431403875350952
1773048849,217559370,world,cf231,-2.6801095008850098,-1.8874012231826782,0.9575861692428589
1773048849,217559370,world,cf231_leg,-2.674265146255493,-1.8883360624313354,0.9432860612869263
1773048849,222376282,world,cf231,-2.6803057193756104,-1.8870506286621094,0.957839846611023
1773048849,222376282,world,cf231_leg,-2.6742513179779053,-1.8879263401031494,0.9433310031890869
1773048849,227980070,world,cf231,-2.680373191833496,-1.886597752571106,0.9579048156738281
1773048849,227980070,world,cf231_leg,-2.674407482147217,-1.8876854181289673,0.9435114860534668
1773048849,232367253,world,cf231,-2.680466413497925,-1.8863558769226074,0.9580501317977905
1773048849,232367253,world,cf231_leg,-2.674362897872925,-1.8872183561325073,0.9434901475906372
1773048849,237379040,world,cf231,-2.6806480884552,-1.8861432075500488,0.9581197500228882
1773048849,237379040,world,cf231_leg,-2.67443585395813,-1.8869858980178833,0.9436193704605103
1773048849,242273964,world,cf231,-2.6807756423950195,-1.885732889175415,0.9583033323287964
1773048849,242273964,world,cf231_leg,-2.6744842529296875,-1.8866169452667236,0.9437371492385864
1773048849,247357309,world,cf231,-2.6808407306671143,-1.8854020833969116,0.9584424495697021
1773048849,247357309,world,cf231_leg,-2.6745665073394775,-1.8863083124160767,0.9439116716384888
1773048849,252965000,world,cf231,-2.6808979511260986,-1.8849565982818604,0.9584492444992065
1773048849,252965000,world,cf231_leg,-2.6745996475219727,-1.8859515190124512,0.944048285484314
1773048849,257720492,world,cf231,-2.6809825897216797,-1.884484052658081,0.958450198173523
1773048849,257720492,world,cf231_leg,-2.6746678352355957,-1.8856468200683594,0.9441781044006348
1773048849,263170859,world,cf231,-2.6810901165008545,-1.884003758430481,0.9586005210876465
1773048849,263170859,world,cf231_leg,-2.674607276916504,-1.8850759267807007,0.9441494941711426
1773048849,267854623,world,cf231,-2.681288480758667,-1.8837003707885742,0.9587832689285278
1773048849,267854623,world,cf231_leg,-2.6746397018432617,-1.8848310708999634,0.9443022012710571
1773048849,272334860,world,cf231,-2.681389808654785,-1.8832554817199707,0.958928108215332
1773048849,272334860,world,cf231_leg,-2.6746976375579834,-1.8845351934432983,0.9445837736129761
1773048849,277346392,world,cf231,-2.6814677715301514,-1.8827494382858276,0.9591202735900879
1773048849,277346392,world,cf231_leg,-2.6746535301208496,-1.8840680122375488,0.944562554359436
1773048849,282143922,world,cf231,-2.6815378665924072,-1.8824049234390259,0.9591403007507324
1773048849,282143922,world,cf231_leg,-2.674665689468384,-1.8837581872940063,0.9447050094604492
1773048849,287620722,world,cf231,-2.681507110595703,-1.881927728652954,0.9592032432556152
1773048849,287620722,world,cf231_leg,-2.6747195720672607,-1.883349061012268,0.9448070526123047
1773048849,292416390,world,cf231,-2.6815671920776367,-1.881626844406128,0.9592994451522827
1773048849,292416390,world,cf231_leg,-2.6747307777404785,-1.8829957246780396,0.9450112581253052
1773048849,298101254,world,cf231,-2.6815106868743896,-1.8812787532806396,0.9592876434326172
1773048849,298101254,world,cf231_leg,-2.6746935844421387,-1.8827177286148071,0.9450126886367798
1773048849,302337030,world,cf231,-2.681593656539917,-1.8809257745742798,0.959343433380127
1773048849,302337030,world,cf231_leg,-2.6746137142181396,-1.8823128938674927,0.9450290203094482
1773048849,307254504,world,cf231,-2.6815783977508545,-1.8804365396499634,0.9593994617462158
1773048849,307254504,world,cf231_leg,-2.6747279167175293,-1.88190495967865,0.9452975988388062
1773048849,312153038,world,cf231,-2.68168044090271,-1.8800276517868042,0.9596799612045288
1773048849,312153038,world,cf231_leg,-2.674539804458618,-1.8814862966537476,0.9452823400497437
1773048849,317299689,world,cf231,-2.681572437286377,-1.879481554031372,0.9597572088241577
1773048849,317299689,world,cf231_leg,-2.674654483795166,-1.881116509437561,0.9454612731933594
1773048849,322410427,world,cf231,-2.681516170501709,-1.8790117502212524,0.9599523544311523
1773048849,322410427,world,cf231_leg,-2.6745851039886475,-1.880664587020874,0.9453721046447754
1773048849,327393358,world,cf231,-2.6814632415771484,-1.8785806894302368,0.9600197076797485
1773048849,327393358,world,cf231_leg,-2.6744844913482666,-1.8803435564041138,0.9455410242080688
1773048849,332188491,world,cf231,-2.6814587116241455,-1.8781964778900146,0.9601300954818726
1773048849,332188491,world,cf231_leg,-2.6744332313537598,-1.8798035383224487,0.9455442428588867
1773048849,337357188,world,cf231,-2.681288719177246,-1.8777176141738892,0.9600907564163208
1773048849,337357188,world,cf231_leg,-2.674309253692627,-1.87949538230896,0.945608377456665
1773048849,342563207,world,cf231,-2.6814332008361816,-1.8774058818817139,0.9602434635162354
1773048849,342563207,world,cf231_leg,-2.674323558807373,-1.8790647983551025,0.9456727504730225
1773048849,347406677,world,cf231,-2.681185483932495,-1.8768377304077148,0.9603649377822876
1773048849,347406677,world,cf231_leg,-2.6742351055145264,-1.8788138628005981,0.9457590579986572
1773048849,352425814,world,cf231,-2.6810500621795654,-1.87642502784729,0.9604073762893677
1773048849,352425814,world,cf231_leg,-2.674175262451172,-1.8784046173095703,0.9459652900695801
1773048849,357342251,world,cf231,-2.6809444427490234,-1.875913143157959,0.9605982303619385
1773048849,357342251,world,cf231_leg,-2.6741995811462402,-1.8782016038894653,0.9461729526519775
1773048849,362691082,world,cf231,-2.680856704711914,-1.8754305839538574,0.9606733322143555
1773048849,362691082,world,cf231_leg,-2.674086809158325,-1.8776628971099854,0.9462794065475464
1773048849,367335815,world,cf231,-2.680821180343628,-1.8750253915786743,0.9608638286590576
1773048849,367335815,world,cf231_leg,-2.673877239227295,-1.8771798610687256,0.9462730884552002
1773048849,372510909,world,cf231,-2.680837392807007,-1.8746373653411865,0.9611656665802002
1773048849,372510909,world,cf231_leg,-2.6738455295562744,-1.8768565654754639,0.946463942527771
1773048849,377397460,world,cf231,-2.6807143688201904,-1.8740997314453125,0.9612325429916382
1773048849,377397460,world,cf231_leg,-2.6737427711486816,-1.8763855695724487,0.9464943408966064
1773048849,382422982,world,cf231,-2.680501699447632,-1.873721718788147,0.9612305164337158
1773048849,382422982,world,cf231_leg,-2.673780679702759,-1.876139521598816,0.9467952251434326
1773048849,387393924,world,cf231,-2.6803677082061768,-1.8733007907867432,0.9612168073654175
1773048849,387393924,world,cf231_leg,-2.673535108566284,-1.8755961656570435,0.9467527866363525
1773048849,392196873,world,cf231,-2.6802375316619873,-1.8729103803634644,0.9612753391265869
1773048849,392196873,world,cf231_leg,-2.67352294921875,-1.8753020763397217,0.9468249082565308
1773048849,397397354,world,cf231,-2.680117130279541,-1.8725919723510742,0.9612712860107422
1773048849,397397354,world,cf231_leg,-2.6735095977783203,-1.8750405311584473,0.9468250274658203
1773048849,402262827,world,cf231,-2.679814338684082,-1.8721505403518677,0.9612293243408203
1773048849,402262827,world,cf231_leg,-2.673370361328125,-1.8747063875198364,0.946996808052063
1773048849,407316071,world,cf231,-2.679672956466675,-1.871656894683838,0.9612536430358887
1773048849,407316071,world,cf231_leg,-2.6732892990112305,-1.8741885423660278,0.9470202922821045
1773048849,412427466,world,cf231,-2.679450035095215,-1.8712096214294434,0.9613325595855713
1773048849,412427466,world,cf231_leg,-2.6730847358703613,-1.8738912343978882,0.9470243453979492
1773048849,417270571,world,cf231,-2.679229259490967,-1.8707553148269653,0.9613523483276367
1773048849,417270571,world,cf231_leg,-2.6730031967163086,-1.8734458684921265,0.9471365213394165
1773048849,422282697,world,cf231,-2.6790480613708496,-1.870276927947998,0.9614756107330322
1773048849,422282697,world,cf231_leg,-2.6728034019470215,-1.8729171752929688,0.9470406770706177
1773048849,427440181,world,cf231,-2.6788899898529053,-1.8699067831039429,0.9615054130554199
1773048849,427440181,world,cf231_leg,-2.6727163791656494,-1.8725496530532837,0.9470797777175903
1773048849,432638564,world,cf231,-2.6787402629852295,-1.86948561668396,0.9616832733154297
1773048849,432638564,world,cf231_leg,-2.6725263595581055,-1.8721282482147217,0.9470698833465576
1773048849,437421763,world,cf231,-2.6785144805908203,-1.8691091537475586,0.9616115093231201
1773048849,437421763,world,cf231_leg,-2.672457695007324,-1.8717105388641357,0.9471124410629272
1773048849,442376655,world,cf231,-2.678253412246704,-1.8687139749526978,0.9616659879684448
1773048849,442376655,world,cf231_leg,-2.6723544597625732,-1.8714271783828735,0.9472603797912598
1773048849,447265845,world,cf231,-2.6779990196228027,-1.8683018684387207,0.9618303775787354
1773048849,447265845,world,cf231_leg,-2.672333240509033,-1.8711717128753662,0.9473749399185181
1773048849,452381833,world,cf231,-2.6777522563934326,-1.8679087162017822,0.961969256401062
1773048849,452381833,world,cf231_leg,-2.6721456050872803,-1.8706395626068115,0.9473446607589722
1773048849,457335418,world,cf231,-2.6774370670318604,-1.8673595190048218,0.961877703666687
1773048849,457335418,world,cf231_leg,-2.6720054149627686,-1.8703826665878296,0.9473998546600342
1773048849,462400742,world,cf231,-2.6771738529205322,-1.867093563079834,0.9620381593704224
1773048849,462400742,world,cf231_leg,-2.671919107437134,-1.8700131177902222,0.9474225044250488
1773048849,467369075,world,cf231,-2.676908493041992,-1.8667893409729004,0.9620683193206787
1773048849,467369075,world,cf231_leg,-2.671671152114868,-1.8694401979446411,0.9475069046020508
1773048849,472518900,world,cf231,-2.6766374111175537,-1.866291880607605,0.9620847702026367
1773048849,472518900,world,cf231_leg,-2.671518087387085,-1.8691121339797974,0.9476479291915894
1773048849,477513530,world,cf231,-2.676485300064087,-1.865951418876648,0.9621623754501343
1773048849,477513530,world,cf231_leg,-2.671353816986084,-1.86871337890625,0.947616696357727
1773048849,482246584,world,cf231,-2.676239252090454,-1.8655527830123901,0.9622637033462524
1773048849,482246584,world,cf231_leg,-2.6712570190429688,-1.8682749271392822,0.9477180242538452
1773048849,487941842,world,cf231,-2.675938129425049,-1.8651424646377563,0.9623162746429443
1773048849,487941842,world,cf231_leg,-2.671027183532715,-1.8679503202438354,0.9477109909057617
1773048849,492230122,world,cf231,-2.6757001876831055,-1.8646891117095947,0.9625506401062012
1773048849,492230122,world,cf231_leg,-2.6710216999053955,-1.8675380945205688,0.9478846788406372
1773048849,497291252,world,cf231,-2.6753616333007812,-1.8643019199371338,0.9624757766723633
1773048849,497291252,world,cf231_leg,-2.670825481414795,-1.8671183586120605,0.947745680809021
1773048849,502160437,world,cf231,-2.6751158237457275,-1.8638612031936646,0.9624044895172119
1773048849,502160437,world,cf231_leg,-2.670689105987549,-1.8668570518493652,0.9479365348815918
1773048849,507467104,world,cf231,-2.6748578548431396,-1.8634718656539917,0.9624665975570679
1773048849,507467104,world,cf231_leg,-2.670609951019287,-1.8664486408233643,0.947938084602356
1773048849,512394146,world,cf231,-2.6744577884674072,-1.8630456924438477,0.9623128175735474
1773048849,512394146,world,cf231_leg,-2.6704156398773193,-1.8660691976547241,0.9481486082077026
1773048849,518094404,world,cf231,-2.6742334365844727,-1.862709641456604,0.9623887538909912
1773048849,518094404,world,cf231_leg,-2.6702044010162354,-1.8656971454620361,0.9481586217880249
1773048849,522470537,world,cf231,-2.6737661361694336,-1.8622065782546997,0.9623079299926758
1773048849,522470537,world,cf231_leg,-2.6700093746185303,-1.8652020692825317,0.9481513500213623
1773048849,528079707,world,cf231,-2.6734981536865234,-1.8618130683898926,0.9622381925582886
1773048849,528079707,world,cf231_leg,-2.6698415279388428,-1.864842414855957,0.9481159448623657
1773048849,532231695,world,cf231,-2.6732850074768066,-1.8614306449890137,0.9622182846069336
1773048849,532231695,world,cf231_leg,-2.669677495956421,-1.8644055128097534,0.9481738805770874
1773048849,538049089,world,cf231,-2.67294979095459,-1.8610531091690063,0.96236252784729
1773048849,538049089,world,cf231_leg,-2.669617176055908,-1.864022970199585,0.9482799768447876
1773048849,542316975,world,cf231,-2.6726491451263428,-1.860690712928772,0.9623638391494751
1773048849,542316975,world,cf231_leg,-2.6693918704986572,-1.863656759262085,0.9482598304748535
1773048849,547381192,world,cf231,-2.6724166870117188,-1.8603204488754272,0.9626338481903076
1773048849,547381192,world,cf231_leg,-2.6692445278167725,-1.863360047340393,0.9482182264328003
1773048849,553029814,world,cf231,-2.6721866130828857,-1.859790563583374,0.9626963138580322
1773048849,553029814,world,cf231_leg,-2.669170379638672,-1.8629889488220215,0.9483222961425781
1773048849,557345452,world,cf231,-2.6719307899475098,-1.8593229055404663,0.9628759622573853
1773048849,557345452,world,cf231_leg,-2.6689488887786865,-1.8626240491867065,0.9482756853103638
1773048849,562287539,world,cf231,-2.671556234359741,-1.8588764667510986,0.9627748727798462
1773048849,562287539,world,cf231_leg,-2.668818712234497,-1.8622431755065918,0.9483603239059448
1773048849,567336271,world,cf231,-2.6713056564331055,-1.8584853410720825,0.9629573822021484
1773048849,567336271,world,cf231_leg,-2.668706178665161,-1.8617786169052124,0.9483336210250854
1773048849,572297149,world,cf231,-2.6711008548736572,-1.8582929372787476,0.9629074335098267
1773048849,572297149,world,cf231_leg,-2.6685268878936768,-1.8614624738693237,0.9483920335769653
1773048849,577281205,world,cf231,-2.670806407928467,-1.8578439950942993,0.962944746017456
1773048849,577281205,world,cf231_leg,-2.66837215423584,-1.8609817028045654,0.9483774900436401
1773048849,582249599,world,cf231,-2.6705262660980225,-1.8574985265731812,0.962990403175354
1773048849,582249599,world,cf231_leg,-2.668194055557251,-1.8605529069900513,0.9484202861785889
1773048849,587568611,world,cf231,-2.6702969074249268,-1.8571301698684692,0.9629958868026733
1773048849,587568611,world,cf231_leg,-2.668031692504883,-1.8601101636886597,0.9484285116195679
1773048849,592308867,world,cf231,-2.6701061725616455,-1.8568111658096313,0.9629483222961426
1773048849,592308867,world,cf231_leg,-2.6678874492645264,-1.859811544418335,0.9483479261398315
1773048849,597911833,world,cf231,-2.669869899749756,-1.8563644886016846,0.9629552364349365
1773048849,597911833,world,cf231_leg,-2.667809009552002,-1.859438180923462,0.9484803676605225
1773048849,606448088,world,cf231,-2.669574737548828,-1.85598886013031,0.962834358215332
1773048849,606448088,world,cf231_leg,-2.667701005935669,-1.8591195344924927,0.9485397338867188
1773048849,607407644,world,cf231,-2.6693484783172607,-1.855617642402649,0.9627946615219116
1773048849,607407644,world,cf231_leg,-2.6676766872406006,-1.8587982654571533,0.9488896131515503
1773048849,612280008,world,cf231,-2.669157028198242,-1.8553009033203125,0.9627662897109985
1773048849,612280008,world,cf231_leg,-2.667410373687744,-1.858231782913208,0.9487928152084351
1773048849,617415302,world,cf231,-2.669071674346924,-1.8550785779953003,0.962943434715271
1773048849,617415302,world,cf231_leg,-2.667252779006958,-1.8579800128936768,0.9488412141799927
1773048849,622352857,world,cf231,-2.6688027381896973,-1.854573130607605,0.9628981351852417
1773048849,622352857,world,cf231_leg,-2.6671502590179443,-1.8575071096420288,0.9488726854324341
1773048849,627260229,world,cf231,-2.6686811447143555,-1.8542946577072144,0.9630682468414307
1773048849,627260229,world,cf231_leg,-2.6670053005218506,-1.8570971488952637,0.9490058422088623
1773048849,633134007,world,cf231,-2.66848087310791,-1.8538644313812256,0.9629279375076294
1773048849,633134007,world,cf231_leg,-2.666933059692383,-1.856720209121704,0.9490596055984497
1773048849,637611408,world,cf231,-2.6683671474456787,-1.8536115884780884,0.9631078243255615
1773048849,637611408,world,cf231_leg,-2.666757106781006,-1.8564022779464722,0.949077844619751
1773048849,642323705,world,cf231,-2.6681606769561768,-1.8531872034072876,0.9630553722381592
1773048849,642323705,world,cf231_leg,-2.6666650772094727,-1.8558839559555054,0.9490190744400024
1773048849,647518007,world,cf231,-2.6678662300109863,-1.8528484106063843,0.9630684852600098
1773048849,647518007,world,cf231_leg,-2.6664907932281494,-1.8556032180786133,0.949163556098938
1773048849,653119204,world,cf231,-2.6677169799804688,-1.8525424003601074,0.9629999399185181
1773048849,653119204,world,cf231_leg,-2.6664884090423584,-1.8552643060684204,0.9491647481918335
1773048849,657508401,world,cf231,-2.667477607727051,-1.852211833000183,0.9630450010299683
1773048849,657508401,world,cf231_leg,-2.6663882732391357,-1.8547909259796143,0.9491742849349976
1773048849,662928862,world,cf231,-2.6673717498779297,-1.8519785404205322,0.9632107019424438
1773048849,662928862,world,cf231_leg,-2.666266441345215,-1.8543670177459717,0.9492049217224121
1773048849,667491704,world,cf231,-2.667234182357788,-1.8515642881393433,0.9632754325866699
1773048849,667491704,world,cf231_leg,-2.666226625442505,-1.853895664215088,0.9493840932846069
1773048849,672334986,world,cf231,-2.6669936180114746,-1.8511998653411865,0.9632031917572021
1773048849,672334986,world,cf231_leg,-2.666081666946411,-1.8534843921661377,0.9493086338043213
1773048849,678086891,world,cf231,-2.666785717010498,-1.8508998155593872,0.9632188081741333
1773048849,678086891,world,cf231_leg,-2.6659533977508545,-1.8530257940292358,0.9492717981338501
1773048849,682246373,world,cf231,-2.6666624546051025,-1.8505859375,0.9632750749588013
1773048849,682246373,world,cf231_leg,-2.6658413410186768,-1.8526721000671387,0.9492413997650146
1773048849,687188878,world,cf231,-2.666525363922119,-1.8502800464630127,0.96329665184021
1773048849,687188878,world,cf231_leg,-2.6656529903411865,-1.8521692752838135,0.9490944147109985
1773048849,692917338,world,cf231,-2.6665046215057373,-1.849984884262085,0.963294267654419
1773048849,692917338,world,cf231_leg,-2.665560483932495,-1.8518801927566528,0.9490761756896973
1773048849,697973455,world,cf231,-2.666346549987793,-1.849726915359497,0.9633160829544067
1773048849,697973455,world,cf231_leg,-2.6656017303466797,-1.8514400720596313,0.9492566585540771
1773048849,702288695,world,cf231,-2.666194438934326,-1.8494330644607544,0.9633435010910034
1773048849,702288695,world,cf231_leg,-2.6655538082122803,-1.851013422012329,0.9492671489715576
1773048849,707501580,world,cf231,-2.6661369800567627,-1.8490761518478394,0.9635571241378784
1773048849,707501580,world,cf231_leg,-2.665438652038574,-1.850661039352417,0.9492766857147217
1773048849,712287732,world,cf231,-2.66599178314209,-1.8486961126327515,0.9636205434799194
1773048849,712287732,world,cf231_leg,-2.6654767990112305,-1.8502987623214722,0.9493610858917236
1773048849,717227703,world,cf231,-2.6659579277038574,-1.8482840061187744,0.9637753963470459
1773048849,717227703,world,cf231_leg,-2.6652677059173584,-1.8496971130371094,0.9493255615234375
1773048849,722350120,world,cf231,-2.6657874584198,-1.8479183912277222,0.963747501373291
1773048849,722350120,world,cf231_leg,-2.6652212142944336,-1.849341869354248,0.9493603706359863
1773048849,727372579,world,cf231,-2.6656997203826904,-1.8476601839065552,0.9638118743896484
1773048849,727372579,world,cf231_leg,-2.6650924682617188,-1.8486933708190918,0.9492554664611816
1773048849,732357134,world,cf231,-2.6655900478363037,-1.8471826314926147,0.9637349843978882
1773048849,732357134,world,cf231_leg,-2.665008306503296,-1.8482803106307983,0.9492897987365723
1773048849,738115344,world,cf231,-2.665410041809082,-1.8468164205551147,0.9635902643203735
1773048849,738115344,world,cf231_leg,-2.6650333404541016,-1.848036527633667,0.9493378400802612
1773048849,742272643,world,cf231,-2.66534686088562,-1.846389889717102,0.9635998010635376
1773048849,742272643,world,cf231_leg,-2.665001392364502,-1.8475638628005981,0.9494049549102783
1773048849,747413412,world,cf231,-2.665234088897705,-1.8460322618484497,0.9635781049728394
1773048849,747413412,world,cf231_leg,-2.6650149822235107,-1.8472198247909546,0.9494322538375854
1773048849,752298431,world,cf231,-2.6651570796966553,-1.84561288356781,0.9635545015335083
1773048849,752298431,world,cf231_leg,-2.6649158000946045,-1.8468215465545654,0.949498176574707
1773048849,757214191,world,cf231,-2.66510009765625,-1.8452612161636353,0.9635452032089233
1773048849,757214191,world,cf231_leg,-2.6648106575012207,-1.8463116884231567,0.9494210481643677
1773048849,762944037,world,cf231,-2.665012836456299,-1.8448864221572876,0.9635970592498779
1773048849,762944037,world,cf231_leg,-2.664858341217041,-1.845831274986267,0.9495850801467896
1773048849,767438368,world,cf231,-2.6649582386016846,-1.8445309400558472,0.9635462760925293
1773048849,767438368,world,cf231_leg,-2.6647024154663086,-1.8453495502471924,0.9495910406112671
1773048849,772463016,world,cf231,-2.664870262145996,-1.8440049886703491,0.9634689092636108
1773048849,772463016,world,cf231_leg,-2.664705276489258,-1.8448925018310547,0.9497145414352417
1773048849,777414225,world,cf231,-2.6649715900421143,-1.843642234802246,0.9635356664657593
1773048849,777414225,world,cf231_leg,-2.6647019386291504,-1.8444738388061523,0.9496482610702515
1773048849,782399026,world,cf231,-2.6649668216705322,-1.8432576656341553,0.9636697769165039
1773048849,782399026,world,cf231_leg,-2.664827823638916,-1.8441749811172485,0.9497880935668945
1773048849,787396950,world,cf231,-2.664915084838867,-1.842827320098877,0.9637547731399536
1773048849,787396950,world,cf231_leg,-2.664705991744995,-1.8436003923416138,0.9496762752532959
1773048849,792080229,world,cf231,-2.6649794578552246,-1.8424073457717896,0.9638171195983887
1773048849,792080229,world,cf231_leg,-2.6646597385406494,-1.8431333303451538,0.949714183807373
1773048849,797431777,world,cf231,-2.6649959087371826,-1.8419348001480103,0.9637973308563232
1773048849,797431777,world,cf231_leg,-2.664750576019287,-1.8426645994186401,0.9498348236083984
1773048849,803147120,world,cf231,-2.6649904251098633,-1.8415127992630005,0.9637967348098755
1773048849,803147120,world,cf231_leg,-2.6647043228149414,-1.842123031616211,0.9500254392623901
1773048849,807366577,world,cf231,-2.665013313293457,-1.840994954109192,0.9637296199798584
1773048849,807366577,world,cf231_leg,-2.664703845977783,-1.8416681289672852,0.9499971866607666
1773048849,812495649,world,cf231,-2.6650168895721436,-1.8405333757400513,0.9636926651000977
1773048849,812495649,world,cf231_leg,-2.6646337509155273,-1.8412126302719116,0.9499304294586182
1773048849,817275493,world,cf231,-2.6649632453918457,-1.8400640487670898,0.9636467695236206
1773048849,817275493,world,cf231_leg,-2.6645517349243164,-1.8406511545181274,0.9498155117034912
1773048849,822913138,world,cf231,-2.664975166320801,-1.8396797180175781,0.963584303855896
1773048849,822913138,world,cf231_leg,-2.664576768875122,-1.8402953147888184,0.9498682022094727
1773048849,827424929,world,cf231,-2.6650583744049072,-1.839106798171997,0.9637320041656494
1773048849,827424929,world,cf231_leg,-2.664696216583252,-1.8398116827011108,0.9500367641448975
1773048849,832406446,world,cf231,-2.6650049686431885,-1.8386377096176147,0.9636856317520142
1773048849,832406446,world,cf231_leg,-2.664689064025879,-1.8391698598861694,0.9500198364257812
1773048849,837938081,world,cf231,-2.6650798320770264,-1.838173508644104,0.9636720418930054
1773048849,837938081,world,cf231_leg,-2.6646463871002197,-1.8387006521224976,0.9500188827514648
1773048849,842305422,world,cf231,-2.6651690006256104,-1.837624430656433,0.9638352394104004
1773048849,842305422,world,cf231_leg,-2.664771795272827,-1.838250994682312,0.9500187635421753
1773048849,847316359,world,cf231,-2.6651883125305176,-1.8370730876922607,0.9639358520507812
1773048849,847316359,world,cf231_leg,-2.6645917892456055,-1.8375533819198608,0.9499155282974243
1773048849,852477561,world,cf231,-2.6653404235839844,-1.8365870714187622,0.9637904167175293
1773048849,852477561,world,cf231_leg,-2.6646366119384766,-1.8371479511260986,0.9499696493148804
1773048849,857212996,world,cf231,-2.665364980697632,-1.8360202312469482,0.9640220403671265
1773048849,857212996,world,cf231_leg,-2.664684772491455,-1.836626410484314,0.9499729871749878
1773048849,863163540,world,cf231,-2.6654834747314453,-1.835459589958191,0.9640086889266968
1773048849,863163540,world,cf231_leg,-2.664768695831299,-1.8360892534255981,0.9501500129699707
1773048849,867274020,world,cf231,-2.665534019470215,-1.8350491523742676,0.9640576839447021
1773048849,867274020,world,cf231_leg,-2.6647918224334717,-1.8355830907821655,0.9500823020935059
1773048849,872365966,world,cf231,-2.6656668186187744,-1.8345928192138672,0.9640524387359619
1773048849,872365966,world,cf231_leg,-2.6647675037384033,-1.8350270986557007,0.9499548673629761
1773048849,877283439,world,cf231,-2.6657681465148926,-1.8340908288955688,0.9642586708068848
1773048849,877283439,world,cf231_leg,-2.6647744178771973,-1.834377646446228,0.9499726295471191
1773048849,883228461,world,cf231,-2.665905475616455,-1.833565592765808,0.9641635417938232
1773048849,883228461,world,cf231_leg,-2.66471529006958,-1.8338022232055664,0.9499679803848267
1773048849,887261321,world,cf231,-2.6660213470458984,-1.833028793334961,0.9640474319458008
1773048849,887261321,world,cf231_leg,-2.66479754447937,-1.8332198858261108,0.949974775314331
1773048849,892393400,world,cf231,-2.665985345840454,-1.832314372062683,0.9639697074890137
1773048849,892393400,world,cf231_leg,-2.6649508476257324,-1.8327946662902832,0.9501874446868896
1773048849,897152593,world,cf231,-2.6661264896392822,-1.8316978216171265,0.9641609191894531
1773048849,897152593,world,cf231_leg,-2.6649599075317383,-1.8322992324829102,0.9501194953918457
1773048849,902265540,world,cf231,-2.666250705718994,-1.8311697244644165,0.9642176628112793
1773048849,902265540,world,cf231_leg,-2.6650609970092773,-1.8317126035690308,0.9501286745071411
1773048849,907189155,world,cf231,-2.666508197784424,-1.8307689428329468,0.9645006656646729
1773048849,907189155,world,cf231_leg,-2.664994955062866,-1.8311785459518433,0.9501594305038452
1773048849,912302393,world,cf231,-2.666663646697998,-1.8301500082015991,0.9645029306411743
1773048849,912302393,world,cf231_leg,-2.665005683898926,-1.8303381204605103,0.9500411748886108
1773048849,917328096,world,cf231,-2.6668105125427246,-1.82957124710083,0.9645406007766724
1773048849,917328096,world,cf231_leg,-2.6649749279022217,-1.8297468423843384,0.9500859975814819
1773048849,922360421,world,cf231,-2.6668953895568848,-1.8290667533874512,0.9644919633865356
1773048849,922360421,world,cf231_leg,-2.665088415145874,-1.8293014764785767,0.9500380754470825
1773048849,927264887,world,cf231,-2.6670053005218506,-1.8283936977386475,0.9643888473510742
1773048849,927264887,world,cf231_leg,-2.6651954650878906,-1.8288272619247437,0.950188398361206
1773048849,932264832,world,cf231,-2.667095899581909,-1.827764868736267,0.9642443656921387
1773048849,932264832,world,cf231_leg,-2.665186882019043,-1.828150749206543,0.9500794410705566
1773048849,937271992,world,cf231,-2.6673099994659424,-1.8273059129714966,0.9643815755844116
1773048849,937271992,world,cf231_leg,-2.665172815322876,-1.8275140523910522,0.9501800537109375
1773048849,942292865,world,cf231,-2.6674976348876953,-1.8265892267227173,0.9645323753356934
1773048849,942292865,world,cf231_leg,-2.6651837825775146,-1.826823353767395,0.95020592212677
1773048849,947236440,world,cf231,-2.667587995529175,-1.8260027170181274,0.9645615816116333
1773048849,947236440,world,cf231_leg,-2.66530179977417,-1.826185941696167,0.9502429962158203
1773048849,952498779,world,cf231,-2.6677188873291016,-1.8252761363983154,0.9646836519241333
1773048849,952498779,world,cf231_leg,-2.665337085723877,-1.8257018327713013,0.9501255750656128
1773048849,957362947,world,cf231,-2.667694330215454,-1.8245222568511963,0.9645681381225586
1773048849,957362947,world,cf231_leg,-2.6653761863708496,-1.82508385181427,0.950330376625061
1773048849,962564766,world,cf231,-2.6679704189300537,-1.8240658044815063,0.9646506309509277
1773048849,962564766,world,cf231_leg,-2.6653904914855957,-1.824508547782898,0.9503418207168579
1773048849,968042817,world,cf231,-2.668111801147461,-1.8233013153076172,0.9644948244094849
1773048849,968042817,world,cf231_leg,-2.6653475761413574,-1.8238122463226318,0.9503567218780518
1773048849,972524317,world,cf231,-2.668142795562744,-1.8227107524871826,0.9645578861236572
1773048849,972524317,world,cf231_leg,-2.6653566360473633,-1.8230851888656616,0.9502735137939453
1773048849,977436209,world,cf231,-2.6683108806610107,-1.8221591711044312,0.964457631111145
1773048849,977436209,world,cf231_leg,-2.6654069423675537,-1.8225653171539307,0.9504852294921875
1773048849,982238097,world,cf231,-2.6684036254882812,-1.821456789970398,0.9644725322723389
1773048849,982238097,world,cf231_leg,-2.6655473709106445,-1.8219144344329834,0.9504413604736328
1773048849,987414407,world,cf231,-2.668625831604004,-1.8207600116729736,0.9645195007324219
1773048849,987414407,world,cf231_leg,-2.6655213832855225,-1.821324348449707,0.9504594802856445
1773048849,992467669,world,cf231,-2.668745756149292,-1.820042371749878,0.9646039009094238
1773048849,992467669,world,cf231_leg,-2.6654865741729736,-1.8205839395523071,0.9504232406616211
1773048849,997343961,world,cf231,-2.668808937072754,-1.8191990852355957,0.964669942855835
1773048849,997343961,world,cf231_leg,-2.665618658065796,-1.819941759109497,0.950509786605835
1773048850,3020167,world,cf231,-2.669001579284668,-1.8187503814697266,0.9646749496459961
1773048850,3020167,world,cf231_leg,-2.6656243801116943,-1.8192564249038696,0.9506301879882812
1773048850,7247256,world,cf231,-2.6691384315490723,-1.8179450035095215,0.9646563529968262
1773048850,7247256,world,cf231_leg,-2.6656296253204346,-1.8185265064239502,0.9506057500839233
1773048850,12407555,world,cf231,-2.6692967414855957,-1.8172893524169922,0.9645216464996338
1773048850,12407555,world,cf231_leg,-2.6656272411346436,-1.8179223537445068,0.9504941701889038
1773048850,17329867,world,cf231,-2.6692936420440674,-1.8164881467819214,0.9644291400909424
1773048850,17329867,world,cf231_leg,-2.6657068729400635,-1.8173109292984009,0.9504587650299072
1773048850,22413547,world,cf231,-2.669398307800293,-1.815740942955017,0.9643689393997192
1773048850,22413547,world,cf231_leg,-2.665703773498535,-1.8166316747665405,0.9505029916763306
1773048850,27464518,world,cf231,-2.6695120334625244,-1.8151029348373413,0.9643820524215698
1773048850,27464518,world,cf231_leg,-2.6656417846679688,-1.815830111503601,0.9503625631332397
1773048850,32957675,world,cf231,-2.6695220470428467,-1.8142857551574707,0.9645320177078247
1773048850,32957675,world,cf231_leg,-2.6655642986297607,-1.8151893615722656,0.9503657817840576
1773048850,37559647,world,cf231,-2.669668674468994,-1.8135201930999756,0.9645898342132568
1773048850,37559647,world,cf231_leg,-2.6657562255859375,-1.8145884275436401,0.9505519866943359
1773048850,42430616,world,cf231,-2.669848680496216,-1.812889814376831,0.9647312164306641
1773048850,42430616,world,cf231_leg,-2.665656328201294,-1.8138480186462402,0.9504513740539551
1773048850,49084665,world,cf231,-2.6699092388153076,-1.8120887279510498,0.9645634889602661
1773048850,49084665,world,cf231_leg,-2.665739059448242,-1.8132723569869995,0.9505264759063721
1773048850,53217784,world,cf231,-2.6699326038360596,-1.8113822937011719,0.9645190238952637
1773048850,53217784,world,cf231_leg,-2.6657087802886963,-1.8123382329940796,0.9503864049911499
1773048850,57442516,world,cf231,-2.669950485229492,-1.810642123222351,0.9644073247909546
1773048850,57442516,world,cf231_leg,-2.6655876636505127,-1.8115687370300293,0.9504282474517822
1773048850,63543629,world,cf231,-2.670037269592285,-1.809918999671936,0.9644501209259033
1773048850,63543629,world,cf231_leg,-2.6655638217926025,-1.8110089302062988,0.9503078460693359
1773048850,67419970,world,cf231,-2.6700756549835205,-1.8090938329696655,0.964464545249939
1773048850,67419970,world,cf231_leg,-2.665576934814453,-1.810282826423645,0.9502195119857788
1773048850,72336065,world,cf231,-2.670212507247925,-1.8083629608154297,0.9645472764968872
1773048850,72336065,world,cf231_leg,-2.66555118560791,-1.8095778226852417,0.9502478837966919
1773048850,77358748,world,cf231,-2.670241594314575,-1.8075650930404663,0.9645286798477173
1773048850,77358748,world,cf231_leg,-2.6655972003936768,-1.8088704347610474,0.9502806663513184
1773048850,83044641,world,cf231,-2.6702184677124023,-1.8067493438720703,0.9646693468093872
1773048850,83044641,world,cf231_leg,-2.66554856300354,-1.808059811592102,0.9501783847808838
1773048850,87186056,world,cf231,-2.6702182292938232,-1.8059483766555786,0.9645751714706421
1773048850,87186056,world,cf231_leg,-2.665402412414551,-1.807300090789795,0.9501179456710815
1773048850,92625942,world,cf231,-2.6702170372009277,-1.8051457405090332,0.9644850492477417
1773048850,92625942,world,cf231_leg,-2.6654763221740723,-1.8067322969436646,0.9501333236694336
1773048850,97228851,world,cf231,-2.670379161834717,-1.8044072389602661,0.9644577503204346
1773048850,97228851,world,cf231_leg,-2.665375232696533,-1.8059539794921875,0.9501454830169678
1773048850,102160422,world,cf231,-2.6702828407287598,-1.8036564588546753,0.9643645286560059
1773048850,102160422,world,cf231_leg,-2.6653506755828857,-1.8051337003707886,0.9501645565032959
1773048850,107230341,world,cf231,-2.6702167987823486,-1.8027721643447876,0.9643065929412842
1773048850,107230341,world,cf231_leg,-2.665260076522827,-1.8042277097702026,0.9499744176864624
1773048850,112291169,world,cf231,-2.670166254043579,-1.8019167184829712,0.9643964767456055
1773048850,112291169,world,cf231_leg,-2.6650583744049072,-1.8035343885421753,0.9497544765472412
1773048850,117379989,world,cf231,-2.6702563762664795,-1.801063060760498,0.9645974636077881
1773048850,117379989,world,cf231_leg,-2.665081024169922,-1.8030321598052979,0.9497603178024292
1773048850,122486045,world,cf231,-2.6704366207122803,-1.800443410873413,0.9648157358169556
1773048850,122486045,world,cf231_leg,-2.66512131690979,-1.802140712738037,0.9498398303985596
1773048850,127426355,world,cf231,-2.670315742492676,-1.7995024919509888,0.9645372629165649
1773048850,127426355,world,cf231_leg,-2.6650335788726807,-1.8014308214187622,0.9499430656433105
1773048850,132375753,world,cf231,-2.6702139377593994,-1.7986760139465332,0.9644637107849121
1773048850,132375753,world,cf231_leg,-2.6649389266967773,-1.80056893825531,0.9497795104980469
1773048850,137376213,world,cf231,-2.6701107025146484,-1.7978510856628418,0.9644122123718262
1773048850,137376213,world,cf231_leg,-2.6648261547088623,-1.7997853755950928,0.9496810436248779
1773048850,142316869,world,cf231,-2.6699583530426025,-1.7970892190933228,0.9642902612686157
1773048850,142316869,world,cf231_leg,-2.6647815704345703,-1.7991342544555664,0.9497377872467041
1773048850,147487336,world,cf231,-2.6700048446655273,-1.7963387966156006,0.9642857313156128
1773048850,147487336,world,cf231_leg,-2.6645724773406982,-1.7982254028320312,0.9496752023696899
1773048850,152213406,world,cf231,-2.67000412940979,-1.7952587604522705,0.9645272493362427
1773048850,152213406,world,cf231_leg,-2.6643998622894287,-1.797447681427002,0.9496855735778809
1773048850,157318887,world,cf231,-2.669929027557373,-1.7943748235702515,0.9643728733062744
1773048850,157318887,world,cf231_leg,-2.664355754852295,-1.7967073917388916,0.9495854377746582
1773048850,163011994,world,cf231,-2.6697351932525635,-1.7934805154800415,0.9642637968063354
1773048850,163011994,world,cf231_leg,-2.6643104553222656,-1.7960474491119385,0.9496011734008789
1773048850,167396348,world,cf231,-2.6696674823760986,-1.792710781097412,0.9642220735549927
1773048850,167396348,world,cf231_leg,-2.6642651557922363,-1.7953131198883057,0.9495497941970825
1773048850,172505187,world,cf231,-2.669496536254883,-1.7917652130126953,0.9640940427780151
1773048850,172505187,world,cf231_leg,-2.663997173309326,-1.794472336769104,0.9495874643325806
1773048850,178001444,world,cf231,-2.669503927230835,-1.790993094444275,0.9640519618988037
1773048850,178001444,world,cf231_leg,-2.663914680480957,-1.7936034202575684,0.9494788646697998
1773048850,182355823,world,cf231,-2.6692402362823486,-1.7900954484939575,0.9638775587081909
1773048850,182355823,world,cf231_leg,-2.6637868881225586,-1.7928329706192017,0.9494138956069946
1773048850,188224497,world,cf231,-2.669010877609253,-1.7892560958862305,0.9637328386306763
1773048850,188224497,world,cf231_leg,-2.663688898086548,-1.7921262979507446,0.9494466781616211
1773048850,192334725,world,cf231,-2.668921709060669,-1.788299798965454,0.9639335870742798
1773048850,192334725,world,cf231_leg,-2.663510799407959,-1.7911616563796997,0.9494879245758057
1773048850,197238693,world,cf231,-2.6687676906585693,-1.7874962091445923,0.9639230966567993
1773048850,197238693,world,cf231_leg,-2.663402795791626,-1.790575623512268,0.9494543075561523
1773048850,202257027,world,cf231,-2.6686336994171143,-1.7866137027740479,0.963835597038269
1773048850,202257027,world,cf231_leg,-2.663270950317383,-1.7897344827651978,0.9493775367736816
1773048850,208023766,world,cf231,-2.6683616638183594,-1.7856403589248657,0.9637062549591064
1773048850,208023766,world,cf231_leg,-2.6630680561065674,-1.7889306545257568,0.9492160081863403
1773048850,212383067,world,cf231,-2.6681339740753174,-1.7846823930740356,0.9635509252548218
1773048850,212383067,world,cf231_leg,-2.662976026535034,-1.7882928848266602,0.9492411613464355
1773048850,217299038,world,cf231,-2.6679985523223877,-1.7839421033859253,0.9635410308837891
1773048850,217299038,world,cf231_leg,-2.662777900695801,-1.7874144315719604,0.9491891860961914
1773048850,222390488,world,cf231,-2.6676690578460693,-1.7830519676208496,0.9635215997695923
1773048850,222390488,world,cf231_leg,-2.662548542022705,-1.7866287231445312,0.9492121934890747
1773048850,227335394,world,cf231,-2.6674840450286865,-1.7821556329727173,0.9635326862335205
1773048850,227335394,world,cf231_leg,-2.662445306777954,-1.78580904006958,0.9491219520568848
1773048850,232325356,world,cf231,-2.667405605316162,-1.7813093662261963,0.9638044834136963
1773048850,232325356,world,cf231_leg,-2.662217140197754,-1.7850170135498047,0.9490959644317627
1773048850,237189924,world,cf231,-2.667203426361084,-1.7803337574005127,0.9637250900268555
1773048850,237189924,world,cf231_leg,-2.662106513977051,-1.7842789888381958,0.9491865634918213
1773048850,242551212,world,cf231,-2.6668927669525146,-1.7794249057769775,0.9636377096176147
1773048850,242551212,world,cf231_leg,-2.6619391441345215,-1.7835354804992676,0.9490629434585571
1773048850,247204997,world,cf231,-2.666659116744995,-1.7785980701446533,0.9636116027832031
1773048850,247204997,world,cf231_leg,-2.6615662574768066,-1.782632827758789,0.9488433599472046
1773048850,252780327,world,cf231,-2.666378974914551,-1.7777528762817383,0.9636181592941284
1773048850,252780327,world,cf231_leg,-2.661397695541382,-1.7818853855133057,0.9487087726593018
1773048850,257313453,world,cf231,-2.6660914421081543,-1.7767925262451172,0.963512659072876
1773048850,257313453,world,cf231_leg,-2.6610918045043945,-1.781053900718689,0.9485801458358765
1773048850,262379411,world,cf231,-2.6658987998962402,-1.7760461568832397,0.9635108709335327
1773048850,262379411,world,cf231_leg,-2.6609690189361572,-1.7803233861923218,0.9486333131790161
1773048850,267353770,world,cf231,-2.665630578994751,-1.7751057147979736,0.963472843170166
1773048850,267353770,world,cf231_leg,-2.660757064819336,-1.7796449661254883,0.9486550092697144
1773048850,273166560,world,cf231,-2.6652417182922363,-1.7741093635559082,0.9635515213012695
1773048850,273166560,world,cf231_leg,-2.660517692565918,-1.7786301374435425,0.948590874671936
1773048850,277235967,world,cf231,-2.6650233268737793,-1.7732627391815186,0.9634864330291748
1773048850,277235967,world,cf231_leg,-2.660290002822876,-1.777836561203003,0.9485658407211304
1773048850,282600515,world,cf231,-2.6648378372192383,-1.7725893259048462,0.9634437561035156
1773048850,282600515,world,cf231_leg,-2.6601319313049316,-1.777078628540039,0.9486989974975586
1773048850,287265192,world,cf231,-2.664411783218384,-1.77165949344635,0.9633185863494873
1773048850,287265192,world,cf231_leg,-2.659982919692993,-1.7763265371322632,0.9485654830932617
1773048850,292312909,world,cf231,-2.6640572547912598,-1.7706882953643799,0.9630855321884155
1773048850,292312909,world,cf231_leg,-2.6597390174865723,-1.77573561668396,0.9486043453216553
1773048850,297460630,world,cf231,-2.6637487411499023,-1.7698112726211548,0.9630941152572632
1773048850,297460630,world,cf231_leg,-2.6594173908233643,-1.774766206741333,0.9483844041824341
1773048850,302929997,world,cf231,-2.6634433269500732,-1.7690848112106323,0.962942361831665
1773048850,302929997,world,cf231_leg,-2.6590359210968018,-1.7739769220352173,0.9482425451278687
1773048850,307396273,world,cf231,-2.6631968021392822,-1.7682452201843262,0.963015079498291
1773048850,307396273,world,cf231_leg,-2.6589791774749756,-1.7733981609344482,0.9482797384262085
1773048850,312277661,world,cf231,-2.662902355194092,-1.7674055099487305,0.9632288217544556
1773048850,312277661,world,cf231_leg,-2.65875244140625,-1.7725701332092285,0.948358416557312
1773048850,317136788,world,cf231,-2.6626014709472656,-1.7666021585464478,0.9631938934326172
1773048850,317136788,world,cf231_leg,-2.6585335731506348,-1.7717769145965576,0.9484562873840332
1773048850,323229205,world,cf231,-2.662302255630493,-1.765793800354004,0.963119387626648
1773048850,323229205,world,cf231_leg,-2.6582565307617188,-1.7710514068603516,0.9486068487167358
1773048850,327202005,world,cf231,-2.661870002746582,-1.764975905418396,0.9630171060562134
1773048850,327202005,world,cf231_leg,-2.6580026149749756,-1.7701565027236938,0.9485193490982056
1773048850,332293016,world,cf231,-2.6616220474243164,-1.7643015384674072,0.9630471467971802
1773048850,332293016,world,cf231_leg,-2.657719135284424,-1.769386887550354,0.9483910799026489
1773048850,337402669,world,cf231,-2.661216974258423,-1.7633260488510132,0.9629617929458618
1773048850,337402669,world,cf231_leg,-2.657562494277954,-1.7687900066375732,0.9484802484512329
1773048850,342637079,world,cf231,-2.6609866619110107,-1.7626382112503052,0.9629634618759155
1773048850,342637079,world,cf231_leg,-2.6572072505950928,-1.7679157257080078,0.9483698606491089
1773048850,347444157,world,cf231,-2.6606080532073975,-1.761953353881836,0.9629408121109009
1773048850,347444157,world,cf231_leg,-2.6569063663482666,-1.7671985626220703,0.9482009410858154
1773048850,352450170,world,cf231,-2.6601481437683105,-1.7609261274337769,0.9630860090255737
1773048850,352450170,world,cf231_leg,-2.656712770462036,-1.7663490772247314,0.9482265710830688
1773048850,357625071,world,cf231,-2.6599323749542236,-1.7603771686553955,0.9631921052932739
1773048850,357625071,world,cf231_leg,-2.6563565731048584,-1.7656601667404175,0.9481632709503174
1773048850,362197233,world,cf231,-2.6596338748931885,-1.759568214416504,0.9631153345108032
1773048850,362197233,world,cf231_leg,-2.656210422515869,-1.764978289604187,0.9482572078704834
1773048850,367384741,world,cf231,-2.6592350006103516,-1.7587281465530396,0.9629939794540405
1773048850,367384741,world,cf231_leg,-2.6558473110198975,-1.764068365097046,0.948127031326294
1773048850,373199737,world,cf231,-2.658942699432373,-1.7579950094223022,0.9628957509994507
1773048850,373199737,world,cf231_leg,-2.6557412147521973,-1.7634429931640625,0.9481832981109619
1773048850,377697622,world,cf231,-2.658566951751709,-1.7573026418685913,0.9628114700317383
1773048850,377697622,world,cf231_leg,-2.655278444290161,-1.7624657154083252,0.9480917453765869
1773048850,382929960,world,cf231,-2.658205270767212,-1.7566001415252686,0.9627434015274048
1773048850,382929960,world,cf231_leg,-2.6550545692443848,-1.76173996925354,0.9480501413345337
1773048850,387442230,world,cf231,-2.657855749130249,-1.7558560371398926,0.9626142978668213
1773048850,387442230,world,cf231_leg,-2.6549172401428223,-1.7612454891204834,0.9480869770050049
1773048850,392316132,world,cf231,-2.6574957370758057,-1.755041241645813,0.9625707864761353
1773048850,392316132,world,cf231_leg,-2.6546499729156494,-1.7604752779006958,0.9479842185974121
1773048850,397380907,world,cf231,-2.6572279930114746,-1.754249095916748,0.9626386165618896
1773048850,397380907,world,cf231_leg,-2.6542959213256836,-1.75967276096344,0.9479235410690308
1773048850,402309204,world,cf231,-2.656867742538452,-1.7535828351974487,0.9626854658126831
1773048850,402309204,world,cf231_leg,-2.6539223194122314,-1.7588039636611938,0.9480478763580322
1773048850,407188222,world,cf231,-2.6564738750457764,-1.752851963043213,0.9626649618148804
1773048850,407188222,world,cf231_leg,-2.6537046432495117,-1.758116364479065,0.9480888843536377
1773048850,412430705,world,cf231,-2.6560401916503906,-1.7521264553070068,0.9626991748809814
1773048850,412430705,world,cf231_leg,-2.6533989906311035,-1.7574350833892822,0.9480968713760376
1773048850,417221992,world,cf231,-2.6557741165161133,-1.7513797283172607,0.9626915454864502
1773048850,417221992,world,cf231_leg,-2.653287887573242,-1.7569284439086914,0.9482203722000122
1773048850,422214816,world,cf231,-2.6553964614868164,-1.7506910562515259,0.9626461267471313
1773048850,422214816,world,cf231_leg,-2.6529407501220703,-1.7560101747512817,0.9482977390289307
1773048850,427375029,world,cf231,-2.6551036834716797,-1.7501089572906494,0.9626537561416626
1773048850,427375029,world,cf231_leg,-2.6526527404785156,-1.755398154258728,0.9483518600463867
1773048850,432120917,world,cf231,-2.654707431793213,-1.749477505683899,0.9628109931945801
1773048850,432120917,world,cf231_leg,-2.652278184890747,-1.7545621395111084,0.948174238204956
1773048850,437249704,world,cf231,-2.654404640197754,-1.7486720085144043,0.9627978801727295
1773048850,437249704,world,cf231_leg,-2.6520676612854004,-1.7539478540420532,0.9481884241104126
1773048850,442411959,world,cf231,-2.6540606021881104,-1.7479939460754395,0.962836503982544
1773048850,442411959,world,cf231_leg,-2.6517624855041504,-1.753343939781189,0.9480512142181396
1773048850,447337905,world,cf231,-2.653792142868042,-1.7472003698349,0.9629048109054565
1773048850,447337905,world,cf231_leg,-2.6515109539031982,-1.7524877786636353,0.9481039047241211
1773048850,452169159,world,cf231,-2.653395175933838,-1.7465503215789795,0.9627768993377686
1773048850,452169159,world,cf231_leg,-2.6511008739471436,-1.7517892122268677,0.9480069875717163
1773048850,457363553,world,cf231,-2.6530582904815674,-1.7458351850509644,0.962821364402771
1773048850,457363553,world,cf231_leg,-2.6509220600128174,-1.751043677330017,0.9480394124984741
1773048850,463027358,world,cf231,-2.652646780014038,-1.745080590248108,0.9627076387405396
1773048850,463027358,world,cf231_leg,-2.6505746841430664,-1.7502334117889404,0.9480788707733154
1773048850,467350104,world,cf231,-2.6524205207824707,-1.744578242301941,0.9626622200012207
1773048850,467350104,world,cf231_leg,-2.6504600048065186,-1.7497172355651855,0.948184609413147
1773048850,472332134,world,cf231,-2.652083158493042,-1.7438595294952393,0.9626891613006592
1773048850,472332134,world,cf231_leg,-2.6501805782318115,-1.7489562034606934,0.948283314704895
1773048850,477330647,world,cf231,-2.651639461517334,-1.7431584596633911,0.962490439414978
1773048850,477330647,world,cf231_leg,-2.6499123573303223,-1.7482974529266357,0.9481736421585083
1773048850,482127146,world,cf231,-2.6512632369995117,-1.7425060272216797,0.9625574350357056
1773048850,482127146,world,cf231_leg,-2.649632215499878,-1.7476800680160522,0.9481260776519775
1773048850,487293303,world,cf231,-2.6509203910827637,-1.741710901260376,0.9626044034957886
1773048850,487293303,world,cf231_leg,-2.6491189002990723,-1.746721863746643,0.9478358030319214
1773048850,492298298,world,cf231,-2.650632619857788,-1.7410385608673096,0.9626582860946655
1773048850,492298298,world,cf231_leg,-2.648916006088257,-1.7461764812469482,0.9477899074554443
1773048850,499060874,world,cf231,-2.6503288745880127,-1.7403419017791748,0.9625978469848633
1773048850,499060874,world,cf231_leg,-2.648688793182373,-1.7455332279205322,0.947900652885437
1773048850,502899084,world,cf231,-2.649968147277832,-1.7396490573883057,0.9627741575241089
1773048850,502899084,world,cf231_leg,-2.6484851837158203,-1.7449575662612915,0.9479947090148926
1773048850,508085859,world,cf231,-2.6496946811676025,-1.7390263080596924,0.9628620147705078
1773048850,508085859,world,cf231_leg,-2.6482126712799072,-1.7442646026611328,0.9482338428497314
1773048850,512254589,world,cf231,-2.6492714881896973,-1.738316297531128,0.9628230333328247
1773048850,512254589,world,cf231_leg,-2.6480109691619873,-1.7435303926467896,0.9483518600463867
1773048850,517160983,world,cf231,-2.6490321159362793,-1.7378637790679932,0.9628931283950806
1773048850,517160983,world,cf231_leg,-2.6477620601654053,-1.742897629737854,0.9485291242599487
1773048850,523421155,world,cf231,-2.6487812995910645,-1.7371855974197388,0.9629470109939575
1773048850,523421155,world,cf231_leg,-2.647495746612549,-1.7421549558639526,0.9485113620758057
1773048850,527329365,world,cf231,-2.6484954357147217,-1.7365615367889404,0.9629418849945068
1773048850,527329365,world,cf231_leg,-2.6471357345581055,-1.741538405418396,0.9483281373977661
1773048850,532313388,world,cf231,-2.6481335163116455,-1.7358530759811401,0.9628511667251587
1773048850,532313388,world,cf231_leg,-2.646921396255493,-1.7408884763717651,0.9482653141021729
1773048850,538040357,world,cf231,-2.647880792617798,-1.7352460622787476,0.9629683494567871
1773048850,538040357,world,cf231_leg,-2.646684408187866,-1.7403247356414795,0.9483388662338257
1773048850,542242418,world,cf231,-2.647656202316284,-1.734582781791687,0.9630006551742554
1773048850,542242418,world,cf231_leg,-2.6463778018951416,-1.7396048307418823,0.9482288360595703
1773048850,547294756,world,cf231,-2.6473662853240967,-1.7338777780532837,0.962975263595581
1773048850,547294756,world,cf231_leg,-2.646152973175049,-1.7388447523117065,0.9483287334442139
1773048850,552213789,world,cf231,-2.647106885910034,-1.7331956624984741,0.9628889560699463
1773048850,552213789,world,cf231_leg,-2.6458561420440674,-1.7381949424743652,0.9483639001846313
1773048850,557119963,world,cf231,-2.6469051837921143,-1.7326778173446655,0.9629400968551636
1773048850,557119963,world,cf231_leg,-2.645705223083496,-1.7376246452331543,0.9484946727752686
1773048850,562400296,world,cf231,-2.646671772003174,-1.7320966720581055,0.9629181623458862
1773048850,562400296,world,cf231_leg,-2.6455905437469482,-1.7370803356170654,0.9487550258636475
1773048850,567285572,world,cf231,-2.646423816680908,-1.7315255403518677,0.9628794193267822
1773048850,567285572,world,cf231_leg,-2.6452109813690186,-1.736283540725708,0.9485856294631958
1773048850,572317502,world,cf231,-2.6460719108581543,-1.730889916419983,0.9627199172973633
1773048850,572317502,world,cf231_leg,-2.644941568374634,-1.7355064153671265,0.9484888315200806
1773048850,577280560,world,cf231,-2.645834445953369,-1.7301639318466187,0.9626727104187012
1773048850,577280560,world,cf231_leg,-2.6447060108184814,-1.7349002361297607,0.9483946561813354
1773048850,582273746,world,cf231,-2.6455843448638916,-1.7296357154846191,0.9628130197525024
1773048850,582273746,world,cf231_leg,-2.644411325454712,-1.7341657876968384,0.9482954740524292
1773048850,587315895,world,cf231,-2.645408868789673,-1.7291079759597778,0.9629753828048706
1773048850,587315895,world,cf231_leg,-2.6442649364471436,-1.7337442636489868,0.9482628107070923
1773048850,592301126,world,cf231,-2.645172119140625,-1.7284400463104248,0.9628963470458984
1773048850,592301126,world,cf231_leg,-2.6440887451171875,-1.733150601387024,0.9481840133666992
1773048850,597221538,world,cf231,-2.6448798179626465,-1.7277284860610962,0.962860107421875
1773048850,597221538,world,cf231_leg,-2.6438701152801514,-1.7325037717819214,0.9484068155288696
1773048850,602462681,world,cf231,-2.6447129249572754,-1.7273659706115723,0.963077187538147
1773048850,602462681,world,cf231_leg,-2.6435837745666504,-1.7317724227905273,0.9484483003616333
1773048850,607958729,world,cf231,-2.6443703174591064,-1.7266197204589844,0.9630844593048096
1773048850,607958729,world,cf231_leg,-2.6434824466705322,-1.7311393022537231,0.9486479759216309
1773048850,612291439,world,cf231,-2.6442294120788574,-1.7261120080947876,0.963139533996582
1773048850,612291439,world,cf231_leg,-2.643223285675049,-1.7303141355514526,0.9486907720565796
1773048850,617513673,world,cf231,-2.643977165222168,-1.7255483865737915,0.9631842374801636
1773048850,617513673,world,cf231_leg,-2.6430585384368896,-1.7298624515533447,0.948762059211731
1773048850,622374755,world,cf231,-2.643726348876953,-1.7249799966812134,0.9631880521774292
1773048850,622374755,world,cf231_leg,-2.6429271697998047,-1.7293223142623901,0.948785662651062
1773048850,628164218,world,cf231,-2.643441915512085,-1.7243496179580688,0.963141679763794
1773048850,628164218,world,cf231_leg,-2.6426522731781006,-1.7286615371704102,0.9487408399581909
1773048850,632366535,world,cf231,-2.6433005332946777,-1.7238410711288452,0.963198184967041
1773048850,632366535,world,cf231_leg,-2.6424317359924316,-1.7280112504959106,0.9487417936325073
1773048850,637282045,world,cf231,-2.643181324005127,-1.7232390642166138,0.963329553604126
1773048850,637282045,world,cf231_leg,-2.6421618461608887,-1.7273449897766113,0.9486210346221924
1773048850,642295445,world,cf231,-2.64288592338562,-1.7226120233535767,0.963202953338623
1773048850,642295445,world,cf231_leg,-2.6418545246124268,-1.7266221046447754,0.9485127925872803
1773048850,647349416,world,cf231,-2.6427018642425537,-1.7220829725265503,0.9632440805435181
1773048850,647349416,world,cf231_leg,-2.641756534576416,-1.7261364459991455,0.9485522508621216
1773048850,652274426,world,cf231,-2.6425046920776367,-1.7215585708618164,0.9632295370101929
1773048850,652274426,world,cf231_leg,-2.641757011413574,-1.7256028652191162,0.9487975835800171
1773048850,657246592,world,cf231,-2.6423416137695312,-1.7208279371261597,0.9631884098052979
1773048850,657246592,world,cf231_leg,-2.6415202617645264,-1.7248486280441284,0.948858380317688
1773048850,662378627,world,cf231,-2.642256259918213,-1.7204467058181763,0.9632666110992432
1773048850,662378627,world,cf231_leg,-2.6413843631744385,-1.7242307662963867,0.9488723278045654
1773048850,667120008,world,cf231,-2.641993522644043,-1.719876766204834,0.9631767272949219
1773048850,667120008,world,cf231_leg,-2.6412041187286377,-1.7235562801361084,0.9487687349319458
1773048850,672340370,world,cf231,-2.6418046951293945,-1.7193098068237305,0.9631290435791016
1773048850,672340370,world,cf231_leg,-2.64095139503479,-1.7228813171386719,0.9488404989242554
1773048850,677369908,world,cf231,-2.641618013381958,-1.7187448740005493,0.9630752801895142
1773048850,677369908,world,cf231_leg,-2.6407439708709717,-1.722255825996399,0.9487838745117188
1773048850,682268886,world,cf231,-2.6414873600006104,-1.7181956768035889,0.9630923271179199
1773048850,682268886,world,cf231_leg,-2.640655755996704,-1.7217285633087158,0.9487833976745605
1773048850,687300695,world,cf231,-2.6413121223449707,-1.7176241874694824,0.963099479675293
1773048850,687300695,world,cf231_leg,-2.640540599822998,-1.7212942838668823,0.9487930536270142
1773048850,692437006,world,cf231,-2.6411874294281006,-1.7169468402862549,0.9630241394042969
1773048850,692437006,world,cf231_leg,-2.6404433250427246,-1.72053861618042,0.9487205743789673
1773048850,697291797,world,cf231,-2.6410293579101562,-1.7164007425308228,0.9631438255310059
1773048850,697291797,world,cf231_leg,-2.6402029991149902,-1.719857931137085,0.9486474990844727
1773048850,702930182,world,cf231,-2.6408095359802246,-1.715808391571045,0.9629127979278564
1773048850,702930182,world,cf231_leg,-2.6399641036987305,-1.7191005945205688,0.9487154483795166
1773048850,707241246,world,cf231,-2.640840768814087,-1.7153266668319702,0.9632753133773804
1773048850,707241246,world,cf231_leg,-2.6398022174835205,-1.7183724641799927,0.9486230611801147
1773048850,712174301,world,cf231,-2.640575408935547,-1.7146188020706177,0.963191032409668
1773048850,712174301,world,cf231_leg,-2.6398165225982666,-1.7179844379425049,0.9487993717193604
1773048850,717420525,world,cf231,-2.640432596206665,-1.7140024900436401,0.9633369445800781
1773048850,717420525,world,cf231_leg,-2.639740228652954,-1.7173806428909302,0.9488470554351807
1773048850,722504836,world,cf231,-2.640413761138916,-1.7135053873062134,0.9633488655090332
1773048850,722504836,world,cf231_leg,-2.6395914554595947,-1.7167692184448242,0.9490228891372681
1773048850,727258876,world,cf231,-2.640221118927002,-1.7129466533660889,0.9633833169937134
1773048850,727258876,world,cf231_leg,-2.6393988132476807,-1.7162175178527832,0.9490681886672974
1773048850,732380659,world,cf231,-2.6401195526123047,-1.7123521566390991,0.9635674953460693
1773048850,732380659,world,cf231_leg,-2.639183282852173,-1.7154438495635986,0.9490060806274414
1773048850,737288316,world,cf231,-2.6399455070495605,-1.7117350101470947,0.9633986949920654
1773048850,737288316,world,cf231_leg,-2.6389575004577637,-1.7147908210754395,0.9490561485290527
1773048850,742210098,world,cf231,-2.639971971511841,-1.7112540006637573,0.9633840322494507
1773048850,742210098,world,cf231_leg,-2.6388657093048096,-1.7142589092254639,0.948868989944458
1773048850,747227517,world,cf231,-2.6398727893829346,-1.710525393486023,0.9632880687713623
1773048850,747227517,world,cf231_leg,-2.6388497352600098,-1.7138445377349854,0.9488672018051147
1773048850,752394372,world,cf231,-2.639740467071533,-1.7099732160568237,0.9633114337921143
1773048850,752394372,world,cf231_leg,-2.6386570930480957,-1.7129875421524048,0.9489121437072754
1773048850,757995792,world,cf231,-2.639733076095581,-1.7094321250915527,0.963491678237915
1773048850,757995792,world,cf231_leg,-2.6384639739990234,-1.712476134300232,0.9491069316864014
1773048850,762486425,world,cf231,-2.6396267414093018,-1.7087119817733765,0.9635055065155029
1773048850,762486425,world,cf231_leg,-2.6384639739990234,-1.7117468118667603,0.9491039514541626
1773048850,767340075,world,cf231,-2.6395323276519775,-1.7082163095474243,0.963515043258667
1773048850,767340075,world,cf231_leg,-2.63840389251709,-1.710934042930603,0.9492770433425903
1773048850,772247323,world,cf231,-2.639479160308838,-1.7075406312942505,0.9635108709335327
1773048850,772247323,world,cf231_leg,-2.638293743133545,-1.7104518413543701,0.949264645576477
1773048850,777254812,world,cf231,-2.639334201812744,-1.70679771900177,0.9634609222412109
1773048850,777254812,world,cf231_leg,-2.638258218765259,-1.7099727392196655,0.949268102645874
1773048850,782238668,world,cf231,-2.6392180919647217,-1.7061940431594849,0.9633417129516602
1773048850,782238668,world,cf231_leg,-2.638087034225464,-1.7093318700790405,0.949181318283081
1773048850,787889266,world,cf231,-2.6392245292663574,-1.7055306434631348,0.9633650779724121
1773048850,787889266,world,cf231_leg,-2.6379456520080566,-1.7086337804794312,0.9489797353744507
1773048850,793232085,world,cf231,-2.6391100883483887,-1.7048099040985107,0.9632555246353149
1773048850,793232085,world,cf231_leg,-2.637773275375366,-1.7079133987426758,0.948843240737915
1773048850,797501207,world,cf231,-2.6391007900238037,-1.7042701244354248,0.9632337093353271
1773048850,797501207,world,cf231_leg,-2.6377429962158203,-1.707276701927185,0.9488641023635864
1773048850,804007044,world,cf231,-2.6390440464019775,-1.7035555839538574,0.9633677005767822
1773048850,804007044,world,cf231_leg,-2.637632369995117,-1.706601619720459,0.9488273859024048
1773048850,808011454,world,cf231,-2.6389386653900146,-1.702911138534546,0.9632090330123901
1773048850,808011454,world,cf231_leg,-2.637643337249756,-1.7060614824295044,0.9489425420761108
1773048850,812365472,world,cf231,-2.6390106678009033,-1.702292799949646,0.963309645652771
1773048850,812365472,world,cf231_leg,-2.6376030445098877,-1.7055091857910156,0.9489691257476807
1773048850,817213024,world,cf231,-2.639019727706909,-1.7016280889511108,0.9633097648620605
1773048850,817213024,world,cf231_leg,-2.6374995708465576,-1.7047953605651855,0.9489290714263916
1773048850,822362681,world,cf231,-2.6388845443725586,-1.700835943222046,0.9631900787353516
1773048850,822362681,world,cf231_leg,-2.637355089187622,-1.704064130783081,0.9488781690597534
1773048850,827079617,world,cf231,-2.6389477252960205,-1.7003000974655151,0.9632359743118286
1773048850,827079617,world,cf231_leg,-2.637233018875122,-1.703317403793335,0.9489297866821289
1773048850,832980813,world,cf231,-2.6388065814971924,-1.6996303796768188,0.9631718397140503
1773048850,832980813,world,cf231_leg,-2.6371254920959473,-1.702717661857605,0.948907732963562
1773048850,839619189,world,cf231,-2.638861656188965,-1.6991407871246338,0.9632673263549805
1773048850,839619189,world,cf231_leg,-2.6369996070861816,-1.7021691799163818,0.9488568305969238
1773048850,842267178,world,cf231,-2.6387393474578857,-1.6983129978179932,0.963120698928833
1773048850,842267178,world,cf231_leg,-2.637031316757202,-1.701655387878418,0.94883131980896
1773048850,847155084,world,cf231,-2.638622999191284,-1.697635531425476,0.9631916284561157
1773048850,847155084,world,cf231_leg,-2.6367156505584717,-1.7008153200149536,0.9486386775970459
1773048850,852391637,world,cf231,-2.6386966705322266,-1.6970078945159912,0.9632376432418823
1773048850,852391637,world,cf231_leg,-2.6366777420043945,-1.70029616355896,0.9487348794937134
1773048850,857171694,world,cf231,-2.638648748397827,-1.6963253021240234,0.9631701707839966
1773048850,857171694,world,cf231_leg,-2.636544942855835,-1.6994357109069824,0.9485256671905518
1773048850,862361454,world,cf231,-2.638579845428467,-1.6956560611724854,0.9631568193435669
1773048850,862361454,world,cf231_leg,-2.6366312503814697,-1.698895812034607,0.9488433599472046
1773048850,867295140,world,cf231,-2.638524055480957,-1.6948825120925903,0.9633206129074097
1773048850,867295140,world,cf231_leg,-2.6366536617279053,-1.6984620094299316,0.9487916231155396
1773048850,872313750,world,cf231,-2.638610363006592,-1.6943031549453735,0.9634065628051758
1773048850,872313750,world,cf231_leg,-2.636639356613159,-1.697746753692627,0.949020266532898
1773048850,877435125,world,cf231,-2.638594627380371,-1.6936877965927124,0.9634295701980591
1773048850,877435125,world,cf231_leg,-2.6365339756011963,-1.6970733404159546,0.9491535425186157
1773048850,883015110,world,cf231,-2.638622522354126,-1.6930932998657227,0.9634675979614258
1773048850,883015110,world,cf231_leg,-2.6364758014678955,-1.6963714361190796,0.9490702152252197
1773048850,887284555,world,cf231,-2.638559579849243,-1.6923069953918457,0.9634357690811157
1773048850,887284555,world,cf231_leg,-2.63637113571167,-1.6956158876419067,0.9491045475006104
1773048850,893119178,world,cf231,-2.6384754180908203,-1.6917712688446045,0.96342933177948
1773048850,893119178,world,cf231_leg,-2.6364030838012695,-1.6951347589492798,0.9489845037460327
1773048850,897364993,world,cf231,-2.6384880542755127,-1.6909892559051514,0.9634377956390381
1773048850,897364993,world,cf231_leg,-2.6364150047302246,-1.6945551633834839,0.9489665031433105
1773048850,902084745,world,cf231,-2.6385247707366943,-1.6903983354568481,0.9636170864105225
1773048850,902084745,world,cf231_leg,-2.636232376098633,-1.693800687789917,0.9488387107849121
1773048850,907432137,world,cf231,-2.6384761333465576,-1.689720630645752,0.9635883569717407
1773048850,907432137,world,cf231_leg,-2.636112689971924,-1.6931740045547485,0.9490878582000732
1773048850,912259019,world,cf231,-2.638356924057007,-1.6889642477035522,0.9636588096618652
1773048850,912259019,world,cf231_leg,-2.636134624481201,-1.692510724067688,0.9490952491760254
1773048850,917485411,world,cf231,-2.638331651687622,-1.6882368326187134,0.9636334180831909
1773048850,917485411,world,cf231_leg,-2.6359705924987793,-1.691785454750061,0.9490760564804077
1773048850,923142505,world,cf231,-2.6382503509521484,-1.687581181526184,0.9636170864105225
1773048850,923142505,world,cf231_leg,-2.6359267234802246,-1.6912322044372559,0.949149489402771
1773048850,927322000,world,cf231,-2.638373374938965,-1.6869722604751587,0.9636298418045044
1773048850,927322000,world,cf231_leg,-2.6360466480255127,-1.6907151937484741,0.9494112730026245
1773048850,932331776,world,cf231,-2.6384551525115967,-1.6862692832946777,0.9635647535324097
1773048850,932331776,world,cf231_leg,-2.635873794555664,-1.6898397207260132,0.9491914510726929
1773048850,937326832,world,cf231,-2.63838791847229,-1.6856062412261963,0.963585376739502
1773048850,937326832,world,cf231_leg,-2.635862350463867,-1.6893072128295898,0.9491803646087646
1773048850,942281311,world,cf231,-2.6384544372558594,-1.6849117279052734,0.9637336730957031
1773048850,942281311,world,cf231_leg,-2.635883331298828,-1.688564658164978,0.9491262435913086
1773048850,948017830,world,cf231,-2.638552188873291,-1.6843968629837036,0.9636961221694946
1773048850,948017830,world,cf231_leg,-2.635758876800537,-1.6879322528839111,0.9489784240722656
1773048850,952316190,world,cf231,-2.6384267807006836,-1.6836785078048706,0.9635308980941772
1773048850,952316190,world,cf231_leg,-2.6357173919677734,-1.6873759031295776,0.9490139484405518
1773048850,957412633,world,cf231,-2.638495922088623,-1.6828700304031372,0.9637070894241333
1773048850,957412633,world,cf231_leg,-2.635777473449707,-1.6866916418075562,0.9489433765411377
1773048850,962374152,world,cf231,-2.6384096145629883,-1.682093620300293,0.9635577201843262
1773048850,962374152,world,cf231_leg,-2.6357226371765137,-1.6859958171844482,0.9490975141525269
1773048850,967243677,world,cf231,-2.6384899616241455,-1.681551218032837,0.963638186454773
1773048850,967243677,world,cf231_leg,-2.635647773742676,-1.6852662563323975,0.9491325616836548
1773048850,973019830,world,cf231,-2.638561725616455,-1.680891990661621,0.9636297225952148
1773048850,973019830,world,cf231_leg,-2.635711431503296,-1.6846189498901367,0.9491548538208008
1773048850,977240015,world,cf231,-2.6385583877563477,-1.6802318096160889,0.9635975360870361
1773048850,977240015,world,cf231_leg,-2.635666608810425,-1.6838736534118652,0.9492238759994507
1773048850,982309361,world,cf231,-2.6385562419891357,-1.679572582244873,0.9635622501373291
1773048850,982309361,world,cf231_leg,-2.63570237159729,-1.6833951473236084,0.9492956399917603
1773048850,987184946,world,cf231,-2.6385927200317383,-1.678855299949646,0.9635436534881592
1773048850,987184946,world,cf231_leg,-2.635643243789673,-1.6828118562698364,0.9492363929748535
1773048850,993033474,world,cf231,-2.63862943649292,-1.6781749725341797,0.9636458158493042
1773048850,993033474,world,cf231_leg,-2.635507583618164,-1.6821503639221191,0.9491428136825562
1773048850,997290195,world,cf231,-2.638685703277588,-1.6774835586547852,0.9634866714477539
1773048850,997290195,world,cf231_leg,-2.63543438911438,-1.6814532279968262,0.9490482807159424
1773048851,2967007,world,cf231,-2.6387476921081543,-1.676786184310913,0.9636709690093994
1773048851,2967007,world,cf231_leg,-2.635230779647827,-1.6805508136749268,0.948881983757019
1773048851,8980053,world,cf231,-2.6388676166534424,-1.6761484146118164,0.9636485576629639
1773048851,8980053,world,cf231_leg,-2.6352412700653076,-1.680006504058838,0.9490076303482056
1773048851,12261723,world,cf231,-2.6388895511627197,-1.6754400730133057,0.963614821434021
1773048851,12261723,world,cf231_leg,-2.635354518890381,-1.6795248985290527,0.9490468502044678
1773048851,17263020,world,cf231,-2.6390106678009033,-1.6748404502868652,0.963709831237793
1773048851,17263020,world,cf231_leg,-2.6353695392608643,-1.678828477859497,0.9490395784378052
1773048851,23403547,world,cf231,-2.6390490531921387,-1.6740801334381104,0.9635339975357056
1773048851,23403547,world,cf231_leg,-2.635395050048828,-1.6782838106155396,0.9492287635803223
1773048851,27155960,world,cf231,-2.6389658451080322,-1.6733416318893433,0.9635001420974731
1773048851,27155960,world,cf231_leg,-2.635251522064209,-1.677433729171753,0.9492120742797852
1773048851,33212661,world,cf231,-2.6389973163604736,-1.6727406978607178,0.9635012149810791
1773048851,33212661,world,cf231_leg,-2.635279655456543,-1.6767268180847168,0.9492297172546387
1773048851,37370859,world,cf231,-2.639099597930908,-1.6722251176834106,0.9634381532669067
1773048851,37370859,world,cf231_leg,-2.635215997695923,-1.6761378049850464,0.9491881132125854
1773048851,42550717,world,cf231,-2.6391408443450928,-1.6714000701904297,0.9636635780334473
1773048851,42550717,world,cf231_leg,-2.6351723670959473,-1.675539493560791,0.9489177465438843
1773048851,47381682,world,cf231,-2.6391921043395996,-1.6706748008728027,0.96368408203125
1773048851,47381682,world,cf231_leg,-2.6351611614227295,-1.6748623847961426,0.9490667581558228
1773048851,53030644,world,cf231,-2.639333486557007,-1.6701382398605347,0.9637588262557983
1773048851,53030644,world,cf231_leg,-2.635108232498169,-1.674346923828125,0.9489527940750122
1773048851,57376427,world,cf231,-2.6394262313842773,-1.669453501701355,0.963650107383728
1773048851,57376427,world,cf231_leg,-2.6349828243255615,-1.6736793518066406,0.9489381313323975
1773048851,62998019,world,cf231,-2.6395726203918457,-1.6687769889831543,0.9638615846633911
1773048851,62998019,world,cf231_leg,-2.634915828704834,-1.6730214357376099,0.9491317272186279
1773048851,67353548,world,cf231,-2.6394922733306885,-1.6679996252059937,0.9636846780776978
1773048851,67353548,world,cf231_leg,-2.6348536014556885,-1.6722809076309204,0.949010968208313
1773048851,72248635,world,cf231,-2.6395339965820312,-1.667363166809082,0.9636859893798828
1773048851,72248635,world,cf231_leg,-2.63486909866333,-1.671737551689148,0.949109673500061
1773048851,77238307,world,cf231,-2.6396167278289795,-1.6666635274887085,0.9636644124984741
1773048851,77238307,world,cf231_leg,-2.634915351867676,-1.6709885597229004,0.9492319822311401
1773048851,82257683,world,cf231,-2.6395609378814697,-1.666069746017456,0.9636002779006958
1773048851,82257683,world,cf231_leg,-2.6348283290863037,-1.670452356338501,0.9492249488830566
1773048851,87411715,world,cf231,-2.639448404312134,-1.665320873260498,0.963880181312561
1773048851,87411715,world,cf231_leg,-2.634772539138794,-1.6697111129760742,0.9492273330688477
1773048851,92239438,world,cf231,-2.6395206451416016,-1.6647754907608032,0.9638437032699585
1773048851,92239438,world,cf231_leg,-2.6346020698547363,-1.6689841747283936,0.9490969181060791
1773048851,97215539,world,cf231,-2.6395034790039062,-1.6638836860656738,0.9636515378952026
1773048851,97215539,world,cf231_leg,-2.6346917152404785,-1.6684768199920654,0.94910728931427
1773048851,102378889,world,cf231,-2.639573812484741,-1.6633871793746948,0.9638106822967529
1773048851,102378889,world,cf231_leg,-2.6345889568328857,-1.667755126953125,0.948878288269043
1773048851,107526802,world,cf231,-2.6395583152770996,-1.6627323627471924,0.9637442827224731
1773048851,107526802,world,cf231_leg,-2.634467601776123,-1.6671640872955322,0.9488743543624878
1773048851,112377934,world,cf231,-2.639674425125122,-1.6620980501174927,0.9637941122055054
1773048851,112377934,world,cf231_leg,-2.6345458030700684,-1.6665469408035278,0.9488586187362671
1773048851,117620730,world,cf231,-2.6396584510803223,-1.661446213722229,0.9637465476989746
1773048851,117620730,world,cf231_leg,-2.634434700012207,-1.665987253189087,0.9488494396209717
1773048851,122406674,world,cf231,-2.639694929122925,-1.660841464996338,0.9637027978897095
1773048851,122406674,world,cf231_leg,-2.634430170059204,-1.665219783782959,0.9488404989242554
1773048851,127288323,world,cf231,-2.639565944671631,-1.6600459814071655,0.9635820388793945
1773048851,127288323,world,cf231_leg,-2.634373426437378,-1.6646703481674194,0.9488823413848877
1773048851,132213058,world,cf231,-2.6395180225372314,-1.6594830751419067,0.9635460376739502
1773048851,132213058,world,cf231_leg,-2.634408950805664,-1.664115309715271,0.948939323425293
1773048851,137911983,world,cf231,-2.6395249366760254,-1.6587836742401123,0.9635226726531982
1773048851,137911983,world,cf231_leg,-2.6342499256134033,-1.6634318828582764,0.9490607976913452
1773048851,142293940,world,cf231,-2.6395390033721924,-1.6581157445907593,0.9635269641876221
1773048851,142293940,world,cf231_leg,-2.634182929992676,-1.6628128290176392,0.9490041732788086
1773048851,148255524,world,cf231,-2.6395769119262695,-1.6575942039489746,0.9637535810470581
1773048851,148255524,world,cf231_leg,-2.634031295776367,-1.6619964838027954,0.9487853050231934
1773048851,152148635,world,cf231,-2.6394612789154053,-1.6569477319717407,0.9635459184646606
1773048851,152148635,world,cf231_leg,-2.6340181827545166,-1.6615790128707886,0.9487869739532471
1773048851,158080153,world,cf231,-2.639385938644409,-1.6562447547912598,0.9635801315307617
1773048851,158080153,world,cf231_leg,-2.6340322494506836,-1.6608747243881226,0.9487776756286621
1773048851,162234720,world,cf231,-2.6393215656280518,-1.6556923389434814,0.9635511636734009
1773048851,162234720,world,cf231_leg,-2.6339714527130127,-1.6604012250900269,0.9487005472183228
1773048851,167563068,world,cf231,-2.639202117919922,-1.6550079584121704,0.963481068611145
1773048851,167563068,world,cf231_leg,-2.633854866027832,-1.6598083972930908,0.9486528635025024
1773048851,172407834,world,cf231,-2.639223337173462,-1.6542977094650269,0.9634774923324585
1773048851,172407834,world,cf231_leg,-2.633902072906494,-1.6592435836791992,0.9485406875610352
1773048851,177206588,world,cf231,-2.63919734954834,-1.6536861658096313,0.9634689092636108
1773048851,177206588,world,cf231_leg,-2.63374400138855,-1.6585147380828857,0.9484977722167969
1773048851,182882059,world,cf231,-2.6392767429351807,-1.6532589197158813,0.963545560836792
1773048851,182882059,world,cf231_leg,-2.6338553428649902,-1.657853364944458,0.9488495588302612
1773048851,187533579,world,cf231,-2.639228105545044,-1.652546763420105,0.9636949300765991
1773048851,187533579,world,cf231_leg,-2.633774995803833,-1.657196044921875,0.9487950801849365
1773048851,193068520,world,cf231,-2.639025926589966,-1.651945948600769,0.9635361433029175
1773048851,193068520,world,cf231_leg,-2.6337966918945312,-1.6566835641860962,0.9489368200302124
1773048851,197407118,world,cf231,-2.6388981342315674,-1.6513415575027466,0.9633888006210327
1773048851,197407118,world,cf231_leg,-2.633796215057373,-1.6562258005142212,0.9488924741744995
1773048851,202965068,world,cf231,-2.6389660835266113,-1.6507627964019775,0.9635319709777832
1773048851,202965068,world,cf231_leg,-2.6336209774017334,-1.6555099487304688,0.9488853216171265
1773048851,207331299,world,cf231,-2.6388638019561768,-1.6501452922821045,0.9634840488433838
1773048851,207331299,world,cf231_leg,-2.6335363388061523,-1.6549737453460693,0.9488749504089355
1773048851,213002969,world,cf231,-2.638784170150757,-1.6496388912200928,0.9635598659515381
1773048851,213002969,world,cf231_leg,-2.633465528488159,-1.6543912887573242,0.9487670660018921
1773048851,218013386,world,cf231,-2.6387252807617188,-1.6489707231521606,0.963534951210022
1773048851,218013386,world,cf231_leg,-2.6332664489746094,-1.6536003351211548,0.9487501382827759
1773048851,222379445,world,cf231,-2.638545036315918,-1.6485209465026855,0.9636400938034058
1773048851,222379445,world,cf231_leg,-2.6330556869506836,-1.653084397315979,0.9485447406768799
1773048851,228025557,world,cf231,-2.6383492946624756,-1.64772629737854,0.963638186454773
1773048851,228025557,world,cf231_leg,-2.6331629753112793,-1.6527291536331177,0.9488873481750488
1773048851,232108312,world,cf231,-2.63838529586792,-1.647283911705017,0.9637361764907837
1773048851,232108312,world,cf231_leg,-2.6329493522644043,-1.6520665884017944,0.9488509893417358
1773048851,237892485,world,cf231,-2.6381490230560303,-1.6466561555862427,0.9636489152908325
1773048851,237892485,world,cf231_leg,-2.6328837871551514,-1.6514897346496582,0.9489409923553467
1773048851,242588376,world,cf231,-2.6380577087402344,-1.6460416316986084,0.9637176990509033
1773048851,242588376,world,cf231_leg,-2.632768154144287,-1.6508158445358276,0.9490262269973755
1773048851,247576821,world,cf231,-2.6378684043884277,-1.645472764968872,0.9637378454208374
1773048851,247576821,world,cf231_leg,-2.632749557495117,-1.650177001953125,0.9494175910949707
1773048851,252392285,world,cf231,-2.637803792953491,-1.644966721534729,0.9638841152191162
1773048851,252392285,world,cf231_leg,-2.632641553878784,-1.6496890783309937,0.9494097232818604
1773048851,257461288,world,cf231,-2.637692928314209,-1.6443989276885986,0.963902473449707
1773048851,257461288,world,cf231_leg,-2.6325032711029053,-1.649024248123169,0.9493626356124878
1773048851,262598704,world,cf231,-2.637439250946045,-1.643743872642517,0.9639325141906738
1773048851,262598704,world,cf231_leg,-2.632490873336792,-1.6485291719436646,0.9493286609649658
1773048851,267475426,world,cf231,-2.6373684406280518,-1.643355369567871,0.9640954732894897
1773048851,267475426,world,cf231_leg,-2.632324457168579,-1.6479943990707397,0.9491946697235107
1773048851,273160742,world,cf231,-2.6371827125549316,-1.6426693201065063,0.9641240835189819
1773048851,273160742,world,cf231_leg,-2.6322929859161377,-1.6474717855453491,0.9492712020874023
1773048851,277437082,world,cf231,-2.6371426582336426,-1.642221450805664,0.9641815423965454
1773048851,277437082,world,cf231_leg,-2.632145404815674,-1.6468522548675537,0.9492762088775635
1773048851,282508603,world,cf231,-2.6369099617004395,-1.6416312456130981,0.964185357093811
1773048851,282508603,world,cf231_leg,-2.6319565773010254,-1.6462488174438477,0.9491581916809082
1773048851,287614769,world,cf231,-2.636834144592285,-1.6411243677139282,0.9642333984375
1773048851,287614769,world,cf231_leg,-2.6320364475250244,-1.6455999612808228,0.9494850635528564
1773048851,292299150,world,cf231,-2.636650323867798,-1.6405503749847412,0.9641846418380737
1773048851,292299150,world,cf231_leg,-2.6320440769195557,-1.6450974941253662,0.9496252536773682
1773048851,297213066,world,cf231,-2.636559009552002,-1.640166163444519,0.9641629457473755
1773048851,297213066,world,cf231_leg,-2.6319382190704346,-1.644577145576477,0.9497230052947998
1773048851,302367593,world,cf231,-2.6364378929138184,-1.6395256519317627,0.9642734527587891
1773048851,302367593,world,cf231_leg,-2.6318509578704834,-1.6439683437347412,0.9497309923171997
1773048851,307578035,world,cf231,-2.6362497806549072,-1.6388720273971558,0.9642269611358643
1773048851,307578035,world,cf231_leg,-2.6317174434661865,-1.6434606313705444,0.9497553110122681
1773048851,312923274,world,cf231,-2.6362552642822266,-1.638481855392456,0.964396595954895
1773048851,312923274,world,cf231_leg,-2.6317362785339355,-1.6429166793823242,0.9498534202575684
1773048851,318009635,world,cf231,-2.6361377239227295,-1.6380301713943481,0.9644351005554199
1773048851,318009635,world,cf231_leg,-2.631383180618286,-1.642120122909546,0.9496538639068604
1773048851,322325560,world,cf231,-2.6359283924102783,-1.6373862028121948,0.9644256830215454
1773048851,322325560,world,cf231_leg,-2.6313910484313965,-1.6416511535644531,0.9496830701828003
1773048851,327253757,world,cf231,-2.63590145111084,-1.6369365453720093,0.9645596742630005
1773048851,327253757,world,cf231_leg,-2.631319761276245,-1.6412222385406494,0.9496805667877197
1773048851,332362491,world,cf231,-2.635709524154663,-1.6362507343292236,0.9644581079483032
1773048851,332362491,world,cf231_leg,-2.631347179412842,-1.6407161951065063,0.9498239755630493
1773048851,338045545,world,cf231,-2.6356232166290283,-1.635756492614746,0.9646611213684082
1773048851,338045545,world,cf231_leg,-2.631187677383423,-1.6402641534805298,0.950104832649231
1773048851,342702625,world,cf231,-2.6354246139526367,-1.6351879835128784,0.9645776748657227
1773048851,342702625,world,cf231_leg,-2.6312386989593506,-1.6397806406021118,0.950252890586853
1773048851,347247022,world,cf231,-2.635425090789795,-1.6346513032913208,0.9649807214736938
1773048851,347247022,world,cf231_leg,-2.6309902667999268,-1.63905930519104,0.9504218101501465
1773048851,352237812,world,cf231,-2.6351912021636963,-1.6340402364730835,0.9651591777801514
1773048851,352237812,world,cf231_leg,-2.6308581829071045,-1.6384336948394775,0.9504605531692505
1773048851,357245817,world,cf231,-2.635087013244629,-1.6336116790771484,0.9649075269699097
1773048851,357245817,world,cf231_leg,-2.6308159828186035,-1.6378791332244873,0.9507602453231812
1773048851,362267798,world,cf231,-2.6350653171539307,-1.6331195831298828,0.9652665853500366
1773048851,362267798,world,cf231_leg,-2.6305418014526367,-1.637316107749939,0.9506765604019165
1773048851,367615666,world,cf231,-2.6348326206207275,-1.6324896812438965,0.9651525020599365
1773048851,367615666,world,cf231_leg,-2.6306331157684326,-1.6370807886123657,0.9507765769958496
1773048851,373116885,world,cf231,-2.634807825088501,-1.6319242715835571,0.9653180837631226
1773048851,373116885,world,cf231_leg,-2.6304678916931152,-1.6364660263061523,0.9505887031555176
1773048851,377286129,world,cf231,-2.6347317695617676,-1.6314159631729126,0.9653688669204712
1773048851,377286129,world,cf231_leg,-2.630192756652832,-1.635791540145874,0.9505704641342163
1773048851,382239947,world,cf231,-2.6346516609191895,-1.6308718919754028,0.9653480052947998
1773048851,382239947,world,cf231_leg,-2.6300716400146484,-1.6353518962860107,0.9506738185882568
1773048851,387233908,world,cf231,-2.634685754776001,-1.6304714679718018,0.9656094312667847
1773048851,387233908,world,cf231_leg,-2.6299703121185303,-1.6347112655639648,0.9507447481155396
1773048851,392565630,world,cf231,-2.634537935256958,-1.6297993659973145,0.9654890298843384
1773048851,392565630,world,cf231_leg,-2.6298649311065674,-1.6340714693069458,0.950860857963562
1773048851,397350838,world,cf231,-2.6344974040985107,-1.6293529272079468,0.965567946434021
1773048851,397350838,world,cf231_leg,-2.6298389434814453,-1.6335151195526123,0.9512186050415039
1773048851,402309416,world,cf231,-2.634326219558716,-1.628769040107727,0.9655622243881226
1773048851,402309416,world,cf231_leg,-2.6298940181732178,-1.633060336112976,0.9511996507644653
1773048851,408998913,world,cf231,-2.634263277053833,-1.6282175779342651,0.9655519723892212
1773048851,408998913,world,cf231_leg,-2.62983775138855,-1.632628321647644,0.9512456655502319
1773048851,412280472,world,cf231,-2.6343624591827393,-1.6278218030929565,0.9657576084136963
1773048851,412280472,world,cf231_leg,-2.6296613216400146,-1.632136583328247,0.9511668682098389
1773048851,417286296,world,cf231,-2.6342413425445557,-1.627140998840332,0.9657515287399292
1773048851,417286296,world,cf231_leg,-2.6295969486236572,-1.6315916776657104,0.9511475563049316
1773048851,422484527,world,cf231,-2.634183645248413,-1.6266192197799683,0.9657760858535767
1773048851,422484527,world,cf231_leg,-2.6294209957122803,-1.6309843063354492,0.9510995149612427
1773048851,427460560,world,cf231,-2.6341919898986816,-1.62618887424469,0.9658032655715942
1773048851,427460560,world,cf231_leg,-2.6292970180511475,-1.6304266452789307,0.951059103012085
1773048851,432756918,world,cf231,-2.6339571475982666,-1.625480055809021,0.9658704996109009
1773048851,432756918,world,cf231_leg,-2.6292428970336914,-1.629874587059021,0.9511027336120605
1773048851,439264430,world,cf231,-2.6339807510375977,-1.6250406503677368,0.965914249420166
1773048851,439264430,world,cf231_leg,-2.6291065216064453,-1.6293935775756836,0.9510113000869751
1773048851,442358164,world,cf231,-2.633854627609253,-1.6245968341827393,0.9658820629119873
1773048851,442358164,world,cf231_leg,-2.629055976867676,-1.629032850265503,0.951015830039978
1773048851,447239652,world,cf231,-2.633681058883667,-1.6239092350006104,0.9660093784332275
1773048851,447239652,world,cf231_leg,-2.629082679748535,-1.628495216369629,0.9514943361282349
1773048851,453088699,world,cf231,-2.633669137954712,-1.6234525442123413,0.9661808013916016
1773048851,453088699,world,cf231_leg,-2.6291470527648926,-1.6281228065490723,0.9516656398773193
1773048851,457283859,world,cf231,-2.6335787773132324,-1.62302827835083,0.966224193572998
1773048851,457283859,world,cf231_leg,-2.628923177719116,-1.627501368522644,0.951687216758728
1773048851,462378960,world,cf231,-2.633298873901367,-1.6222643852233887,0.9661962985992432
1773048851,462378960,world,cf231_leg,-2.6288349628448486,-1.6268548965454102,0.9518163204193115
1773048851,467379882,world,cf231,-2.633331775665283,-1.6218398809432983,0.9666174650192261
1773048851,467379882,world,cf231_leg,-2.628722906112671,-1.6263275146484375,0.9517372846603394
1773048851,473391320,world,cf231,-2.6331841945648193,-1.6211884021759033,0.9663450717926025
1773048851,473391320,world,cf231_leg,-2.62857723236084,-1.625898838043213,0.9519301652908325
1773048851,477632659,world,cf231,-2.633101224899292,-1.6208035945892334,0.9664499759674072
1773048851,477632659,world,cf231_leg,-2.6285817623138428,-1.6253513097763062,0.9517669677734375
1773048851,482259043,world,cf231,-2.6329400539398193,-1.6202244758605957,0.9665830135345459
1773048851,482259043,world,cf231_leg,-2.628448963165283,-1.6249165534973145,0.9518122673034668
1773048851,487226236,world,cf231,-2.632876396179199,-1.61967134475708,0.966576337814331
1773048851,487226236,world,cf231_leg,-2.6284232139587402,-1.6245075464248657,0.9518126249313354
1773048851,492241243,world,cf231,-2.63289475440979,-1.6192394495010376,0.9667078256607056
1773048851,492241243,world,cf231_leg,-2.628275156021118,-1.6238865852355957,0.951839804649353
1773048851,497384325,world,cf231,-2.6326982975006104,-1.618552803993225,0.9666582345962524
1773048851,497384325,world,cf231_leg,-2.628208637237549,-1.623425841331482,0.9521234035491943
1773048851,502608115,world,cf231,-2.6326074600219727,-1.6180509328842163,0.9669053554534912
1773048851,502608115,world,cf231_leg,-2.628054618835449,-1.6228798627853394,0.952033281326294
1773048851,507339424,world,cf231,-2.6324877738952637,-1.6175634860992432,0.9668678045272827
1773048851,507339424,world,cf231_leg,-2.6279232501983643,-1.622249960899353,0.9520577192306519
1773048851,512289753,world,cf231,-2.6323580741882324,-1.6171151399612427,0.96684730052948
1773048851,512289753,world,cf231_leg,-2.627794027328491,-1.6216940879821777,0.952080488204956
1773048851,519033266,world,cf231,-2.632319927215576,-1.6168209314346313,0.9667562246322632
1773048851,519033266,world,cf231_leg,-2.6278083324432373,-1.621347188949585,0.9522757530212402
1773048851,522488152,world,cf231,-2.6321470737457275,-1.6161985397338867,0.9666551351547241
1773048851,522488152,world,cf231_leg,-2.6278445720672607,-1.620983362197876,0.9523618221282959
1773048851,527302492,world,cf231,-2.6321921348571777,-1.6156727075576782,0.9668389558792114
1773048851,527302492,world,cf231_leg,-2.627596855163574,-1.620371699333191,0.952268123626709
1773048851,532278385,world,cf231,-2.6319010257720947,-1.6149104833602905,0.9667302370071411
1773048851,532278385,world,cf231_leg,-2.6275405883789062,-1.6198973655700684,0.9521844387054443
1773048851,538000650,world,cf231,-2.6318533420562744,-1.6143901348114014,0.9668771028518677
1773048851,538000650,world,cf231_leg,-2.6274402141571045,-1.6194052696228027,0.9521113634109497
1773048851,542266673,world,cf231,-2.631746530532837,-1.6140087842941284,0.9668247699737549
1773048851,542266673,world,cf231_leg,-2.627286911010742,-1.6188565492630005,0.9520047903060913
1773048851,548400567,world,cf231,-2.6315996646881104,-1.6133735179901123,0.9668236970901489
1773048851,548400567,world,cf231_leg,-2.627143144607544,-1.6183083057403564,0.9520083665847778
1773048851,553356923,world,cf231,-2.6315762996673584,-1.6129553318023682,0.9668060541152954
1773048851,553356923,world,cf231_leg,-2.627084255218506,-1.6178306341171265,0.9519346952438354
1773048851,558231422,world,cf231,-2.6314566135406494,-1.612387776374817,0.9667431116104126
1773048851,558231422,world,cf231_leg,-2.6269919872283936,-1.6173347234725952,0.951961874961853
1773048851,562259467,world,cf231,-2.6313343048095703,-1.6118637323379517,0.9668415784835815
1773048851,562259467,world,cf231_leg,-2.6269311904907227,-1.6170181035995483,0.9520227909088135
1773048851,567280488,world,cf231,-2.631174087524414,-1.6111968755722046,0.9666810035705566
1773048851,567280488,world,cf231_leg,-2.6269547939300537,-1.6166203022003174,0.9519364833831787
1773048851,572687995,world,cf231,-2.6311726570129395,-1.610850214958191,0.9668822288513184
1773048851,572687995,world,cf231_leg,-2.626870632171631,-1.6159738302230835,0.9520391225814819
1773048851,579320420,world,cf231,-2.631140947341919,-1.6102732419967651,0.966660737991333
1773048851,579320420,world,cf231_leg,-2.626889228820801,-1.6155427694320679,0.9521119594573975
1773048851,582219093,world,cf231,-2.6309053897857666,-1.6096758842468262,0.9666757583618164
1773048851,582219093,world,cf231_leg,-2.626786947250366,-1.6147841215133667,0.9522415399551392
1773048851,587499509,world,cf231,-2.6308748722076416,-1.6092994213104248,0.9666674137115479
1773048851,587499509,world,cf231_leg,-2.626649856567383,-1.6143052577972412,0.9521859884262085
1773048851,592735457,world,cf231,-2.630680561065674,-1.6087380647659302,0.9667931795120239
1773048851,592735457,world,cf231_leg,-2.6266143321990967,-1.613861083984375,0.9521900415420532
1773048851,597156959,world,cf231,-2.6306447982788086,-1.6082873344421387,0.9668270349502563
1773048851,597156959,world,cf231_leg,-2.626574993133545,-1.6134488582611084,0.9521108865737915
1773048851,602157514,world,cf231,-2.6306240558624268,-1.60775625705719,0.9668593406677246
1773048851,602157514,world,cf231_leg,-2.6266703605651855,-1.6131696701049805,0.9520401954650879
1773048851,607488704,world,cf231,-2.6304595470428467,-1.607248306274414,0.9668278694152832
1773048851,607488704,world,cf231_leg,-2.6265246868133545,-1.6127407550811768,0.9520473480224609
1773048851,612200010,world,cf231,-2.630405902862549,-1.6068073511123657,0.9668701887130737
1773048851,612200010,world,cf231_leg,-2.626532554626465,-1.6122791767120361,0.9521437883377075
1773048851,617290784,world,cf231,-2.6302690505981445,-1.6062428951263428,0.9667792320251465
1773048851,617290784,world,cf231_leg,-2.626288414001465,-1.6117361783981323,0.9520143270492554
1773048851,622236328,world,cf231,-2.630039930343628,-1.6057274341583252,0.9667835235595703
1773048851,622236328,world,cf231_leg,-2.6262216567993164,-1.6113054752349854,0.951987624168396
1773048851,627479259,world,cf231,-2.629962682723999,-1.6053069829940796,0.9669409990310669
1773048851,627479259,world,cf231_leg,-2.626117706298828,-1.6106562614440918,0.951859712600708
1773048851,632252895,world,cf231,-2.629835844039917,-1.6047253608703613,0.9666786193847656
1773048851,632252895,world,cf231_leg,-2.6259877681732178,-1.6102148294448853,0.9518519639968872
1773048851,637315282,world,cf231,-2.6298186779022217,-1.6041501760482788,0.9667595624923706
1773048851,637315282,world,cf231_leg,-2.6258890628814697,-1.6097538471221924,0.9516470432281494
1773048851,642621219,world,cf231,-2.629589080810547,-1.6036373376846313,0.966782808303833
1773048851,642621219,world,cf231_leg,-2.6259257793426514,-1.6093847751617432,0.9515179395675659
1773048851,647362615,world,cf231,-2.6295206546783447,-1.603242039680481,0.9666973352432251
1773048851,647362615,world,cf231_leg,-2.6258482933044434,-1.609009027481079,0.9517937898635864
1773048851,652227104,world,cf231,-2.6295390129089355,-1.6027660369873047,0.9666959047317505
1773048851,652227104,world,cf231_leg,-2.6258506774902344,-1.608697772026062,0.9518049955368042
1773048851,658168275,world,cf231,-2.6293933391571045,-1.6022852659225464,0.9665429592132568
1773048851,658168275,world,cf231_leg,-2.6257147789001465,-1.608147382736206,0.9517403841018677
1773048851,662178713,world,cf231,-2.629302978515625,-1.6017831563949585,0.9665799140930176
1773048851,662178713,world,cf231_leg,-2.625617504119873,-1.6076120138168335,0.9516986608505249
1773048851,667499219,world,cf231,-2.629312515258789,-1.6013479232788086,0.9665911197662354
1773048851,667499219,world,cf231_leg,-2.6254982948303223,-1.60713529586792,0.951897144317627
1773048851,672287677,world,cf231,-2.62919282913208,-1.6010125875473022,0.9666169881820679
1773048851,672287677,world,cf231_leg,-2.6255242824554443,-1.6067348718643188,0.9519791603088379
1773048851,677281546,world,cf231,-2.629159688949585,-1.6003990173339844,0.9665299654006958
1773048851,677281546,world,cf231_leg,-2.6253559589385986,-1.606191873550415,0.951856255531311
1773048851,683153215,world,cf231,-2.6291654109954834,-1.5999277830123901,0.9664685726165771
1773048851,683153215,world,cf231_leg,-2.6253209114074707,-1.605814814567566,0.9516472816467285
1773048851,687433024,world,cf231,-2.6290674209594727,-1.599421501159668,0.9663604497909546
1773048851,687433024,world,cf231_leg,-2.6253304481506348,-1.605462670326233,0.9516611099243164
1773048851,692938702,world,cf231,-2.629061460494995,-1.5989947319030762,0.9663562774658203
1773048851,692938702,world,cf231_leg,-2.6252598762512207,-1.6051088571548462,0.9515093564987183
1773048851,697519046,world,cf231,-2.629054069519043,-1.598569631576538,0.9663747549057007
1773048851,697519046,world,cf231_leg,-2.6252918243408203,-1.6047085523605347,0.9515419006347656
1773048851,702388471,world,cf231,-2.62892484664917,-1.5981230735778809,0.9663721323013306
1773048851,702388471,world,cf231_leg,-2.6251955032348633,-1.60429048538208,0.951462984085083
1773048851,707240079,world,cf231,-2.6288845539093018,-1.5976310968399048,0.96631920337677
1773048851,707240079,world,cf231_leg,-2.6251220703125,-1.6038193702697754,0.9513716697692871
1773048851,712895872,world,cf231,-2.628885269165039,-1.597279667854309,0.9662693738937378
1773048851,712895872,world,cf231_leg,-2.624974250793457,-1.6033127307891846,0.9513658285140991
1773048851,717289847,world,cf231,-2.6288812160491943,-1.5968509912490845,0.9662425518035889
1773048851,717289847,world,cf231_leg,-2.6250791549682617,-1.6029906272888184,0.9514654874801636
1773048851,722221011,world,cf231,-2.6287238597869873,-1.5964144468307495,0.9661461114883423
1773048851,722221011,world,cf231_leg,-2.624866008758545,-1.602390170097351,0.9512375593185425
1773048851,727275843,world,cf231,-2.6286702156066895,-1.595929741859436,0.9660534858703613
1773048851,727275843,world,cf231_leg,-2.624969959259033,-1.602223515510559,0.9512346982955933
1773048851,732294931,world,cf231,-2.6286890506744385,-1.5955685377120972,0.9659944772720337
1773048851,732294931,world,cf231_leg,-2.6248674392700195,-1.6018027067184448,0.9510029554367065
1773048851,737188600,world,cf231,-2.628584623336792,-1.595069169998169,0.9659758806228638
1773048851,737188600,world,cf231_leg,-2.624877452850342,-1.6014504432678223,0.9510160684585571
1773048851,743029880,world,cf231,-2.628570795059204,-1.5947235822677612,0.9658901691436768
1773048851,743029880,world,cf231_leg,-2.624844789505005,-1.6010825634002686,0.9510325193405151
1773048851,747119625,world,cf231,-2.628474712371826,-1.5942578315734863,0.965896487236023
1773048851,747119625,world,cf231_leg,-2.624793291091919,-1.6006793975830078,0.950927734375
1773048851,752410449,world,cf231,-2.628310441970825,-1.5937449932098389,0.9658476114273071
1773048851,752410449,world,cf231_leg,-2.624790906906128,-1.6001815795898438,0.9510316848754883
1773048851,757245573,world,cf231,-2.6283154487609863,-1.593429684638977,0.9658697843551636
1773048851,757245573,world,cf231_leg,-2.62473464012146,-1.5998231172561646,0.9511207342147827
1773048851,762483573,world,cf231,-2.628328561782837,-1.5930728912353516,0.9658808708190918
1773048851,762483573,world,cf231_leg,-2.62471342086792,-1.5993740558624268,0.9511789083480835
1773048851,768062070,world,cf231,-2.6282460689544678,-1.5925639867782593,0.965825080871582
1773048851,768062070,world,cf231_leg,-2.6245718002319336,-1.5989367961883545,0.9511133432388306
1773048851,772325344,world,cf231,-2.628159999847412,-1.5922526121139526,0.9657845497131348
1773048851,772325344,world,cf231_leg,-2.624600648880005,-1.5986167192459106,0.9512344598770142
1773048851,778427547,world,cf231,-2.6280922889709473,-1.5918134450912476,0.9657732248306274
1773048851,778427547,world,cf231_leg,-2.624577522277832,-1.598198652267456,0.9511874914169312
1773048851,784559672,world,cf231,-2.6280124187469482,-1.5913794040679932,0.9657008647918701
1773048851,784559672,world,cf231_leg,-2.624506711959839,-1.5978854894638062,0.9511697292327881
1773048851,787073371,world,cf231,-2.628026008605957,-1.5910227298736572,0.965711236000061
1773048851,787073371,world,cf231_leg,-2.6244914531707764,-1.5975836515426636,0.9512040615081787
1773048851,792310500,world,cf231,-2.6281533241271973,-1.5907292366027832,0.9657537937164307
1773048851,792310500,world,cf231_leg,-2.624490737915039,-1.5972375869750977,0.9511556625366211
1773048851,797828036,world,cf231,-2.628108263015747,-1.5903571844100952,0.9657114744186401
1773048851,797828036,world,cf231_leg,-2.624361515045166,-1.5967979431152344,0.9511623382568359
1773048851,802220882,world,cf231,-2.6281867027282715,-1.5900477170944214,0.9658048152923584
1773048851,802220882,world,cf231_leg,-2.6243371963500977,-1.5964986085891724,0.9510986804962158
1773048851,807068301,world,cf231,-2.628206253051758,-1.5895705223083496,0.9660155773162842
1773048851,807068301,world,cf231_leg,-2.6242213249206543,-1.5960135459899902,0.9510269165039062
1773048851,812860436,world,cf231,-2.628192663192749,-1.5892177820205688,0.9658946990966797
1773048851,812860436,world,cf231_leg,-2.624178647994995,-1.5957214832305908,0.9509701728820801
1773048851,817266627,world,cf231,-2.6281497478485107,-1.5888512134552002,0.965863823890686
1773048851,817266627,world,cf231_leg,-2.624192476272583,-1.5954087972640991,0.9510742425918579
1773048851,822452233,world,cf231,-2.628220558166504,-1.5886270999908447,0.9658913612365723
1773048851,822452233,world,cf231_leg,-2.6241562366485596,-1.5949972867965698,0.9509881734848022
1773048851,827881222,world,cf231,-2.628187894821167,-1.5882073640823364,0.9657727479934692
1773048851,827881222,world,cf231_leg,-2.6241295337677,-1.5946985483169556,0.9509466886520386
1773048851,832361524,world,cf231,-2.628084182739258,-1.5879056453704834,0.965740442276001
1773048851,832361524,world,cf231_leg,-2.6241047382354736,-1.5942814350128174,0.9509203433990479
1773048851,837150374,world,cf231,-2.6280481815338135,-1.5874959230422974,0.9657031297683716
1773048851,837150374,world,cf231_leg,-2.624099016189575,-1.5940502882003784,0.9508676528930664
1773048851,842416307,world,cf231,-2.6281931400299072,-1.5872349739074707,0.9658757448196411
1773048851,842416307,world,cf231_leg,-2.6241941452026367,-1.593813180923462,0.9509508609771729
1773048851,848466377,world,cf231,-2.6282379627227783,-1.5868642330169678,0.9659363031387329
1773048851,848466377,world,cf231_leg,-2.6241559982299805,-1.5935640335083008,0.9509979486465454
1773048851,852320840,world,cf231,-2.628098249435425,-1.5864161252975464,0.9658342599868774
1773048851,852320840,world,cf231_leg,-2.6241908073425293,-1.5931626558303833,0.9510092735290527
1773048851,858545796,world,cf231,-2.6282200813293457,-1.5862858295440674,0.9660247564315796
1773048851,858545796,world,cf231_leg,-2.624230146408081,-1.5928802490234375,0.951155424118042
1773048851,862437033,world,cf231,-2.62815523147583,-1.5858385562896729,0.9659538269042969
1773048851,862437033,world,cf231_leg,-2.6242105960845947,-1.5925071239471436,0.9512289762496948
1773048851,867149390,world,cf231,-2.62821626663208,-1.5855423212051392,0.9660729169845581
1773048851,867149390,world,cf231_leg,-2.6242170333862305,-1.59208083152771,0.9512673616409302
1773048851,872243043,world,cf231,-2.6282496452331543,-1.5853686332702637,0.9660208225250244
1773048851,872243043,world,cf231_leg,-2.6242690086364746,-1.5918272733688354,0.9513564109802246
1773048851,877308855,world,cf231,-2.6282224655151367,-1.5850327014923096,0.9661258459091187
1773048851,877308855,world,cf231_leg,-2.624202013015747,-1.5913944244384766,0.9513336420059204
1773048851,882395044,world,cf231,-2.628194570541382,-1.5846270322799683,0.9662338495254517
1773048851,882395044,world,cf231_leg,-2.6241846084594727,-1.5910176038742065,0.9513715505599976
1773048851,887442896,world,cf231,-2.6280934810638428,-1.5843639373779297,0.9662947654724121
1773048851,887442896,world,cf231_leg,-2.6242058277130127,-1.5907756090164185,0.9514122009277344
1773048851,892362375,world,cf231,-2.628060817718506,-1.5839931964874268,0.9663501977920532
1773048851,892362375,world,cf231_leg,-2.6241869926452637,-1.590428113937378,0.951326847076416
1773048851,898129355,world,cf231,-2.628060817718506,-1.5837982892990112,0.9663823843002319
1773048851,898129355,world,cf231_leg,-2.624228000640869,-1.5902583599090576,0.9513894319534302
1773048851,902255812,world,cf231,-2.6280908584594727,-1.583516001701355,0.9664521217346191
1773048851,902255812,world,cf231_leg,-2.6242573261260986,-1.5901329517364502,0.9515104293823242
1773048851,907241769,world,cf231,-2.6280863285064697,-1.583287000656128,0.9666438102722168
1773048851,907241769,world,cf231_leg,-2.6242527961730957,-1.589713215827942,0.9514853954315186
1773048851,913901210,world,cf231,-2.6280226707458496,-1.5829265117645264,0.9666318893432617
1773048851,913901210,world,cf231_leg,-2.6243438720703125,-1.5895947217941284,0.9515771865844727
1773048851,917445630,world,cf231,-2.6281020641326904,-1.5828157663345337,0.9667094945907593
1773048851,917445630,world,cf231_leg,-2.6242942810058594,-1.5893512964248657,0.9515641927719116
1773048851,922568037,world,cf231,-2.628063201904297,-1.5825614929199219,0.9667593240737915
1773048851,922568037,world,cf231_leg,-2.6242482662200928,-1.5889885425567627,0.9515453577041626
1773048851,927311349,world,cf231,-2.628037929534912,-1.582190752029419,0.966944694519043
1773048851,927311349,world,cf231_leg,-2.6241977214813232,-1.5887432098388672,0.9517242908477783
1773048851,932152101,world,cf231,-2.628145694732666,-1.5820242166519165,0.9669609069824219
1773048851,932152101,world,cf231_leg,-2.6241681575775146,-1.5884132385253906,0.9518368244171143
1773048851,937269933,world,cf231,-2.6280593872070312,-1.5817548036575317,0.967058539390564
1773048851,937269933,world,cf231_leg,-2.6241016387939453,-1.5880556106567383,0.9518321752548218
1773048851,942269997,world,cf231,-2.628197193145752,-1.581573247909546,0.9671280384063721
1773048851,942269997,world,cf231_leg,-2.624042272567749,-1.5877797603607178,0.952025294303894
1773048851,947255689,world,cf231,-2.628159284591675,-1.5813192129135132,0.9671770334243774
1773048851,947255689,world,cf231_leg,-2.6241211891174316,-1.5874851942062378,0.9523358345031738
1773048851,953117753,world,cf231,-2.62821888923645,-1.5811371803283691,0.9672418832778931
1773048851,953117753,world,cf231_leg,-2.6241042613983154,-1.5871855020523071,0.9525967836380005
1773048851,957335348,world,cf231,-2.6283340454101562,-1.5808912515640259,0.9673621654510498
1773048851,957335348,world,cf231_leg,-2.6240832805633545,-1.5869611501693726,0.9525279998779297
1773048851,962262820,world,cf231,-2.6284830570220947,-1.5806673765182495,0.9673951864242554
1773048851,962262820,world,cf231_leg,-2.6241142749786377,-1.586634635925293,0.9524116516113281
1773048851,967175347,world,cf231,-2.628481388092041,-1.5804741382598877,0.9674506187438965
1773048851,967175347,world,cf231_leg,-2.6241374015808105,-1.5864741802215576,0.9526852369308472
1773048851,972376837,world,cf231,-2.62854266166687,-1.5802900791168213,0.9674941301345825
1773048851,972376837,world,cf231_leg,-2.6240861415863037,-1.586266279220581,0.9525904655456543
1773048851,977686288,world,cf231,-2.6285951137542725,-1.5799919366836548,0.96748948097229
1773048851,977686288,world,cf231_leg,-2.6241064071655273,-1.5860258340835571,0.9526506662368774
1773048851,983006655,world,cf231,-2.6287200450897217,-1.5798609256744385,0.967654824256897
1773048851,983006655,world,cf231_leg,-2.6240949630737305,-1.585721492767334,0.9526437520980835
1773048851,988203771,world,cf231,-2.628704309463501,-1.5796743631362915,0.9676723480224609
1773048851,988203771,world,cf231_leg,-2.6241462230682373,-1.5856621265411377,0.9527355432510376
1773048851,992495089,world,cf231,-2.628679037094116,-1.579372763633728,0.967644214630127
1773048851,992495089,world,cf231_leg,-2.624082088470459,-1.5853066444396973,0.9527233839035034
1773048851,997333120,world,cf231,-2.6286678314208984,-1.5792231559753418,0.9677326679229736
1773048851,997333120,world,cf231_leg,-2.624022960662842,-1.5849891901016235,0.9527835845947266
1773048852,2968716,world,cf231,-2.6287803649902344,-1.578981637954712,0.9678956270217896
1773048852,2968716,world,cf231_leg,-2.624168872833252,-1.5848844051361084,0.9529447555541992
1773048852,7238989,world,cf231,-2.6288137435913086,-1.5788509845733643,0.9679803848266602
1773048852,7238989,world,cf231_leg,-2.624133825302124,-1.5847073793411255,0.9529727697372437
1773048852,12917770,world,cf231,-2.6289076805114746,-1.5786911249160767,0.9679583311080933
1773048852,12917770,world,cf231_leg,-2.6241791248321533,-1.5844160318374634,0.9530134201049805
1773048852,17141855,world,cf231,-2.628830671310425,-1.5784895420074463,0.9679492712020874
1773048852,17141855,world,cf231_leg,-2.624107599258423,-1.5842185020446777,0.9529637098312378
1773048852,22319902,world,cf231,-2.6288843154907227,-1.5782719850540161,0.96796715259552
1773048852,22319902,world,cf231_leg,-2.6240200996398926,-1.5839099884033203,0.9529354572296143
1773048852,29205942,world,cf231,-2.628931999206543,-1.5780915021896362,0.9679535627365112
1773048852,29205942,world,cf231_leg,-2.6240549087524414,-1.5836223363876343,0.952898383140564
1773048852,32296323,world,cf231,-2.6291897296905518,-1.5780954360961914,0.9681640863418579
1773048852,32296323,world,cf231_leg,-2.624023675918579,-1.5834856033325195,0.9530152082443237
1773048852,37163686,world,cf231,-2.629054069519043,-1.5777660608291626,0.9681789875030518
1773048852,37163686,world,cf231_leg,-2.6242077350616455,-1.583214282989502,0.9532917737960815
1773048852,42408341,world,cf231,-2.6291768550872803,-1.5775936841964722,0.9682314395904541
1773048852,42408341,world,cf231_leg,-2.624032735824585,-1.582916259765625,0.9534262418746948
1773048852,47317461,world,cf231,-2.6291236877441406,-1.5773451328277588,0.9682453870773315
1773048852,47317461,world,cf231_leg,-2.6241886615753174,-1.5826568603515625,0.9536293745040894
1773048852,53011413,world,cf231,-2.6292481422424316,-1.5771740674972534,0.9682937860488892
1773048852,53011413,world,cf231_leg,-2.624119281768799,-1.5825642347335815,0.953449010848999
1773048852,57257819,world,cf231,-2.6292827129364014,-1.5770411491394043,0.9683574438095093
1773048852,57257819,world,cf231_leg,-2.6241977214813232,-1.5823018550872803,0.953650951385498
1773048852,63126531,world,cf231,-2.6293437480926514,-1.5768601894378662,0.9684195518493652
1773048852,63126531,world,cf231_leg,-2.624192953109741,-1.5822277069091797,0.9536765813827515
1773048852,67373260,world,cf231,-2.6292967796325684,-1.5766078233718872,0.9683616161346436
1773048852,67373260,world,cf231_leg,-2.6243298053741455,-1.5821254253387451,0.953740119934082
1773048852,72215567,world,cf231,-2.629329204559326,-1.5764790773391724,0.968468189239502
1773048852,72215567,world,cf231_leg,-2.6242785453796387,-1.58187997341156,0.9537333250045776
1773048852,77100093,world,cf231,-2.6293482780456543,-1.5761996507644653,0.9684551954269409
1773048852,77100093,world,cf231_leg,-2.624272346496582,-1.581807017326355,0.9537798166275024
1773048852,82319488,world,cf231,-2.629321336746216,-1.5760583877563477,0.9685285091400146
1773048852,82319488,world,cf231_leg,-2.62436580657959,-1.5815339088439941,0.9537845849990845
1773048852,87298521,world,cf231,-2.629349946975708,-1.575810432434082,0.9685187339782715
1773048852,87298521,world,cf231_leg,-2.624264717102051,-1.5813910961151123,0.9538135528564453
1773048852,93022651,world,cf231,-2.6293797492980957,-1.5756396055221558,0.9685139656066895
1773048852,93022651,world,cf231_leg,-2.624295473098755,-1.5812644958496094,0.953914999961853
1773048852,97243694,world,cf231,-2.629413366317749,-1.5755093097686768,0.9685980081558228
1773048852,97243694,world,cf231_leg,-2.624324321746826,-1.5810548067092896,0.9537737369537354
1773048852,102286796,world,cf231,-2.629462480545044,-1.5753300189971924,0.968580961227417
1773048852,102286796,world,cf231_leg,-2.6242191791534424,-1.5808382034301758,0.9538273811340332
1773048852,107477203,world,cf231,-2.629422187805176,-1.5751930475234985,0.968595027923584
1773048852,107477203,world,cf231_leg,-2.624187469482422,-1.5806589126586914,0.9538141489028931
1773048852,112260798,world,cf231,-2.629350423812866,-1.5748704671859741,0.9685767889022827
1773048852,112260798,world,cf231_leg,-2.6241888999938965,-1.5805007219314575,0.9537144899368286
1773048852,118006903,world,cf231,-2.6294472217559814,-1.5747860670089722,0.9685368537902832
1773048852,118006903,world,cf231_leg,-2.6240172386169434,-1.5802308320999146,0.9536800384521484
1773048852,122387025,world,cf231,-2.6294586658477783,-1.574544906616211,0.9685162305831909
1773048852,122387025,world,cf231_leg,-2.6240649223327637,-1.5801314115524292,0.9536813497543335
1773048852,127113522,world,cf231,-2.6295299530029297,-1.5744398832321167,0.9687151908874512
1773048852,127113522,world,cf231_leg,-2.624022960662842,-1.5798053741455078,0.9537385702133179
1773048852,132843387,world,cf231,-2.629495620727539,-1.5742584466934204,0.9687269926071167
1773048852,132843387,world,cf231_leg,-2.6240036487579346,-1.5797393321990967,0.953744649887085
1773048852,137329129,world,cf231,-2.629544496536255,-1.574079155921936,0.96871018409729
1773048852,137329129,world,cf231_leg,-2.6240994930267334,-1.5796531438827515,0.9536787271499634
1773048852,142888410,world,cf231,-2.629448890686035,-1.5738831758499146,0.9686934947967529
1773048852,142888410,world,cf231_leg,-2.6239166259765625,-1.5792713165283203,0.9536203145980835
1773048852,147263114,world,cf231,-2.6294755935668945,-1.5738284587860107,0.9686563014984131
1773048852,147263114,world,cf231_leg,-2.6239733695983887,-1.5792089700698853,0.9536494016647339
1773048852,153047710,world,cf231,-2.6294362545013428,-1.5735729932785034,0.9687099456787109
1773048852,153047710,world,cf231_leg,-2.6238813400268555,-1.5790188312530518,0.9536299705505371
1773048852,157277151,world,cf231,-2.6293389797210693,-1.5735013484954834,0.9686918258666992
1773048852,157277151,world,cf231_leg,-2.6238439083099365,-1.5788002014160156,0.9535483121871948
1773048852,162254760,world,cf231,-2.629366636276245,-1.5734477043151855,0.968651294708252
1773048852,162254760,world,cf231_leg,-2.6237213611602783,-1.5787012577056885,0.9535229206085205
1773048852,167309556,world,cf231,-2.629368782043457,-1.5733307600021362,0.9686862230300903
1773048852,167309556,world,cf231_leg,-2.623764753341675,-1.5786001682281494,0.9535542726516724
1773048852,172264080,world,cf231,-2.6292481422424316,-1.5730712413787842,0.9685589075088501
1773048852,172264080,world,cf231_leg,-2.6237566471099854,-1.5784528255462646,0.95360267162323
1773048852,177461019,world,cf231,-2.629105567932129,-1.572951078414917,0.968665599822998
1773048852,177461019,world,cf231_leg,-2.6236138343811035,-1.5783673524856567,0.9536365270614624
1773048852,182191642,world,cf231,-2.6289844512939453,-1.5728178024291992,0.9687175750732422
1773048852,182191642,world,cf231_leg,-2.6236774921417236,-1.5782610177993774,0.9536542892456055
1773048852,187319727,world,cf231,-2.629061460494995,-1.5728204250335693,0.9687438011169434
1773048852,187319727,world,cf231_leg,-2.6237034797668457,-1.5782079696655273,0.9536174535751343
1773048852,192591248,world,cf231,-2.6287624835968018,-1.572486400604248,0.9686006307601929
1773048852,192591248,world,cf231_leg,-2.6236774921417236,-1.5780681371688843,0.9536722898483276
1773048852,197432657,world,cf231,-2.6287503242492676,-1.5723357200622559,0.9686923027038574
1773048852,197432657,world,cf231_leg,-2.6236202716827393,-1.5779424905776978,0.9536932706832886
1773048852,202223105,world,cf231,-2.628636360168457,-1.5722321271896362,0.9685412645339966
1773048852,202223105,world,cf231_leg,-2.623626947402954,-1.5778230428695679,0.95366370677948
1773048852,207865982,world,cf231,-2.628549098968506,-1.5721169710159302,0.9687024354934692
1773048852,207865982,world,cf231_leg,-2.6234869956970215,-1.577737808227539,0.9536724090576172
1773048852,212308109,world,cf231,-2.628368616104126,-1.571967363357544,0.9687033891677856
1773048852,212308109,world,cf231_leg,-2.6236133575439453,-1.577641487121582,0.9538618326187134
1773048852,217888160,world,cf231,-2.628432512283325,-1.571861743927002,0.9687482118606567
1773048852,217888160,world,cf231_leg,-2.623514413833618,-1.5775700807571411,0.9538737535476685
1773048852,222914372,world,cf231,-2.628227949142456,-1.5717589855194092,0.9687261581420898
1773048852,222914372,world,cf231_leg,-2.6234171390533447,-1.5774258375167847,0.9538589715957642
1773048852,227296629,world,cf231,-2.6281917095184326,-1.5716981887817383,0.9687191247940063
1773048852,227296629,world,cf231_leg,-2.623455286026001,-1.577255368232727,0.9539487361907959
1773048852,233051963,world,cf231,-2.628113031387329,-1.5716973543167114,0.9687153100967407
1773048852,233051963,world,cf231_leg,-2.6232762336730957,-1.5771491527557373,0.9539049863815308
1773048852,237109830,world,cf231,-2.6279330253601074,-1.5715447664260864,0.9686973094940186
1773048852,237109830,world,cf231_leg,-2.6233043670654297,-1.5770224332809448,0.9540311098098755
1773048852,242176754,world,cf231,-2.6278295516967773,-1.5713979005813599,0.9687244892120361
1773048852,242176754,world,cf231_leg,-2.6232502460479736,-1.5768522024154663,0.9538799524307251
1773048852,247221760,world,cf231,-2.627793550491333,-1.5713340044021606,0.9686992168426514
1773048852,247221760,world,cf231_leg,-2.6231613159179688,-1.5767346620559692,0.9538390636444092
1773048852,252064823,world,cf231,-2.6277456283569336,-1.5713189840316772,0.9687471389770508
1773048852,252064823,world,cf231_leg,-2.6231741905212402,-1.5767303705215454,0.953895092010498
1773048852,257240426,world,cf231,-2.6276333332061768,-1.5712531805038452,0.9686927795410156
1773048852,257240426,world,cf231_leg,-2.623032569885254,-1.5764836072921753,0.9538143873214722
1773048852,262261755,world,cf231,-2.6275510787963867,-1.5711725950241089,0.9686915874481201
1773048852,262261755,world,cf231_leg,-2.623028039932251,-1.5764119625091553,0.9538562297821045
1773048852,268473082,world,cf231,-2.627443313598633,-1.5711443424224854,0.9687075614929199
1773048852,268473082,world,cf231_leg,-2.6230432987213135,-1.5764799118041992,0.953892707824707
1773048852,273273160,world,cf231,-2.6273391246795654,-1.5710798501968384,0.9687795639038086
1773048852,273273160,world,cf231_leg,-2.6229021549224854,-1.5761581659317017,0.9537919759750366
1773048852,277162451,world,cf231,-2.6273081302642822,-1.5710105895996094,0.9686861038208008
1773048852,277162451,world,cf231_leg,-2.6228744983673096,-1.5762124061584473,0.9538488388061523
1773048852,282454440,world,cf231,-2.627239465713501,-1.5710093975067139,0.9687858819961548
1773048852,282454440,world,cf231_leg,-2.6228349208831787,-1.5760761499404907,0.9538499116897583
1773048852,288176003,world,cf231,-2.6271488666534424,-1.5709705352783203,0.9687954187393188
1773048852,288176003,world,cf231_leg,-2.6227805614471436,-1.575947642326355,0.9538320302963257
1773048852,292404300,world,cf231,-2.6270651817321777,-1.5709316730499268,0.9687234163284302
1773048852,292404300,world,cf231_leg,-2.6227433681488037,-1.5759308338165283,0.9539763927459717
1773048852,297330017,world,cf231,-2.6269478797912598,-1.5708317756652832,0.9688295125961304
1773048852,297330017,world,cf231_leg,-2.622749090194702,-1.5758107900619507,0.9539490938186646
1773048852,303126318,world,cf231,-2.626896619796753,-1.5708461999893188,0.9685722589492798
1773048852,303126318,world,cf231_leg,-2.622634172439575,-1.5756711959838867,0.9539248943328857
1773048852,307330012,world,cf231,-2.626845359802246,-1.5708779096603394,0.9688020944595337
1773048852,307330012,world,cf231_leg,-2.62264084815979,-1.5755517482757568,0.9538953304290771
1773048852,312187579,world,cf231,-2.6267077922821045,-1.5708611011505127,0.9687463045120239
1773048852,312187579,world,cf231_leg,-2.622568368911743,-1.5756210088729858,0.953850269317627
1773048852,317364399,world,cf231,-2.6265907287597656,-1.5707179307937622,0.9687156677246094
1773048852,317364399,world,cf231_leg,-2.622488021850586,-1.575383186340332,0.9537580013275146
1773048852,323174835,world,cf231,-2.626499652862549,-1.5706353187561035,0.9685897827148438
1773048852,323174835,world,cf231_leg,-2.6224524974823,-1.5754804611206055,0.9538294076919556
1773048852,327288730,world,cf231,-2.626495599746704,-1.5706416368484497,0.9686554670333862
1773048852,327288730,world,cf231_leg,-2.622419595718384,-1.575304627418518,0.954039454460144
1773048852,333013389,world,cf231,-2.626375198364258,-1.5706976652145386,0.9686356782913208
1773048852,333013389,world,cf231_leg,-2.622401237487793,-1.5752366781234741,0.9540274143218994
1773048852,337287680,world,cf231,-2.6262800693511963,-1.570621371269226,0.9685753583908081
1773048852,337287680,world,cf231_leg,-2.6223597526550293,-1.5752942562103271,0.9540314674377441
1773048852,342347807,world,cf231,-2.626194953918457,-1.570544958114624,0.9686176776885986
1773048852,342347807,world,cf231_leg,-2.622333526611328,-1.5751118659973145,0.9539549350738525
1773048852,347160812,world,cf231,-2.626108407974243,-1.5705395936965942,0.9684690237045288
1773048852,347160812,world,cf231_leg,-2.6221764087677,-1.5750294923782349,0.9539364576339722
1773048852,352215424,world,cf231,-2.6260733604431152,-1.5705199241638184,0.9685769081115723
1773048852,352215424,world,cf231_leg,-2.622164011001587,-1.575034260749817,0.9538792371749878
1773048852,357266049,world,cf231,-2.625906229019165,-1.570515513420105,0.9684470891952515
1773048852,357266049,world,cf231_leg,-2.622133731842041,-1.5748536586761475,0.953845739364624
1773048852,362252931,world,cf231,-2.6259210109710693,-1.5705093145370483,0.9684841632843018
1773048852,362252931,world,cf231_leg,-2.6220638751983643,-1.5748894214630127,0.9538898468017578
1773048852,367083512,world,cf231,-2.625859260559082,-1.5704978704452515,0.968474268913269
1773048852,367083512,world,cf231_leg,-2.622135877609253,-1.5748950242996216,0.9539557695388794
1773048852,372262551,world,cf231,-2.6257407665252686,-1.5703566074371338,0.96846604347229
1773048852,372262551,world,cf231_leg,-2.621978759765625,-1.5747699737548828,0.9538066387176514
1773048852,377920261,world,cf231,-2.6256861686706543,-1.570418119430542,0.9683899879455566
1773048852,377920261,world,cf231_leg,-2.6219773292541504,-1.5747712850570679,0.9538264274597168
1773048852,382191270,world,cf231,-2.6255621910095215,-1.5703942775726318,0.9681611061096191
1773048852,382191270,world,cf231_leg,-2.6220591068267822,-1.5748480558395386,0.9538040161132812
1773048852,386993226,world,cf231,-2.625540018081665,-1.5703305006027222,0.9684222936630249
1773048852,386993226,world,cf231_leg,-2.621889352798462,-1.5745749473571777,0.9535425901412964
1773048852,392314330,world,cf231,-2.625453472137451,-1.5703682899475098,0.9684100151062012
1773048852,392314330,world,cf231_leg,-2.6219029426574707,-1.5747665166854858,0.9537825584411621
1773048852,397549628,world,cf231,-2.6254286766052246,-1.5702621936798096,0.9683469533920288
1773048852,397549628,world,cf231_leg,-2.621861696243286,-1.5746265649795532,0.9535839557647705
1773048852,402538971,world,cf231,-2.6253409385681152,-1.5702989101409912,0.9681258201599121
1773048852,402538971,world,cf231_leg,-2.6218204498291016,-1.574689269065857,0.9538068771362305
1773048852,408064824,world,cf231,-2.6253466606140137,-1.5701816082000732,0.9683456420898438
1773048852,408064824,world,cf231_leg,-2.621831178665161,-1.5747586488723755,0.9537001848220825
1773048852,412309423,world,cf231,-2.625336170196533,-1.5702248811721802,0.9683799743652344
1773048852,412309423,world,cf231_leg,-2.6218273639678955,-1.5745623111724854,0.9535418748855591
1773048852,417100489,world,cf231,-2.625243902206421,-1.5702277421951294,0.9683182239532471
1773048852,417100489,world,cf231_leg,-2.6217200756073,-1.5746924877166748,0.9536528587341309
1773048852,422184851,world,cf231,-2.6251814365386963,-1.5702154636383057,0.9680992364883423
1773048852,422184851,world,cf231_leg,-2.621727466583252,-1.5746158361434937,0.9537526369094849
1773048852,427304439,world,cf231,-2.625196933746338,-1.570210337638855,0.9683452844619751
1773048852,427304439,world,cf231_leg,-2.621666669845581,-1.574554681777954,0.9533811807632446
1773048852,433058826,world,cf231,-2.6251883506774902,-1.5700957775115967,0.9682978391647339
1773048852,433058826,world,cf231_leg,-2.6216468811035156,-1.574537754058838,0.9537556171417236
1773048852,437214176,world,cf231,-2.6251368522644043,-1.5701967477798462,0.9683138132095337
1773048852,437214176,world,cf231_leg,-2.6215882301330566,-1.5745254755020142,0.9537292718887329
1773048852,445529673,world,cf231,-2.6250901222229004,-1.570023536682129,0.9682812690734863
1773048852,445529673,world,cf231_leg,-2.6216111183166504,-1.574469804763794,0.9535140991210938
1773048852,447198666,world,cf231,-2.625065803527832,-1.5700702667236328,0.9682583808898926
1773048852,447198666,world,cf231_leg,-2.6215405464172363,-1.574505090713501,0.9535605907440186
1773048852,452297276,world,cf231,-2.6250648498535156,-1.5700727701187134,0.968279242515564
1773048852,452297276,world,cf231_leg,-2.621549606323242,-1.5744603872299194,0.9535268545150757
1773048852,457287152,world,cf231,-2.6250193119049072,-1.5700531005859375,0.9682848453521729
1773048852,457287152,world,cf231_leg,-2.6215386390686035,-1.5744688510894775,0.9536685943603516
1773048852,462266879,world,cf231,-2.6251001358032227,-1.5701358318328857,0.968307375907898
1773048852,462266879,world,cf231_leg,-2.6215038299560547,-1.574600100517273,0.9536247253417969
1773048852,467169684,world,cf231,-2.624906063079834,-1.5699864625930786,0.9680204391479492
1773048852,467169684,world,cf231_leg,-2.6215579509735107,-1.5745381116867065,0.953676700592041
1773048852,472342555,world,cf231,-2.625141143798828,-1.5700782537460327,0.9683252573013306
1773048852,472342555,world,cf231_leg,-2.6214866638183594,-1.5745724439620972,0.9537259340286255
1773048852,477160026,world,cf231,-2.6250040531158447,-1.5700587034225464,0.9680368900299072
1773048852,477160026,world,cf231_leg,-2.6214659214019775,-1.5744999647140503,0.9535174369812012
1773048852,482255926,world,cf231,-2.625070810317993,-1.569995641708374,0.9684046506881714
1773048852,482255926,world,cf231_leg,-2.62148380279541,-1.5745750665664673,0.9537661075592041
1773048852,487644842,world,cf231,-2.6250405311584473,-1.5701193809509277,0.9680444002151489
1773048852,487644842,world,cf231_leg,-2.6214852333068848,-1.5745739936828613,0.9537454843521118
1773048852,492691563,world,cf231,-2.6251296997070312,-1.5701236724853516,0.9683809280395508
1773048852,492691563,world,cf231_leg,-2.621476650238037,-1.574619174003601,0.9537770748138428
1773048852,501098355,world,cf231,-2.6251556873321533,-1.570072054862976,0.96836256980896
1773048852,501098355,world,cf231_leg,-2.621593952178955,-1.5747580528259277,0.9537794589996338
1773048852,502212227,world,cf231,-2.625091314315796,-1.570064663887024,0.9683965444564819
1773048852,502212227,world,cf231_leg,-2.6214146614074707,-1.5746091604232788,0.9537919759750366
1773048852,507222959,world,cf231,-2.625105857849121,-1.5700585842132568,0.9684332609176636
1773048852,507222959,world,cf231_leg,-2.621493339538574,-1.5746879577636719,0.9538106918334961
1773048852,512259377,world,cf231,-2.625131130218506,-1.5700092315673828,0.9684357643127441
1773048852,512259377,world,cf231_leg,-2.6215102672576904,-1.5746822357177734,0.9538232088088989
1773048852,517374505,world,cf231,-2.6251280307769775,-1.5701254606246948,0.9684033393859863
1773048852,517374505,world,cf231_leg,-2.6214709281921387,-1.5747814178466797,0.9539366960525513
1773048852,522941819,world,cf231,-2.6251773834228516,-1.5701820850372314,0.9684693813323975
1773048852,522941819,world,cf231_leg,-2.6215810775756836,-1.5748491287231445,0.9540035724639893
1773048852,528068852,world,cf231,-2.6251513957977295,-1.5702338218688965,0.9684878587722778
1773048852,528068852,world,cf231_leg,-2.621530532836914,-1.5747915506362915,0.9539456367492676
1773048852,532380868,world,cf231,-2.625054359436035,-1.5701591968536377,0.9684503078460693
1773048852,532380868,world,cf231_leg,-2.6215221881866455,-1.5748368501663208,0.953977108001709
1773048852,537325258,world,cf231,-2.625072479248047,-1.570232629776001,0.9684849977493286
1773048852,537325258,world,cf231_leg,-2.6215314865112305,-1.574792504310608,0.9539428949356079
1773048852,543869580,world,cf231,-2.6250972747802734,-1.5703387260437012,0.9685479402542114
1773048852,543869580,world,cf231_leg,-2.621493101119995,-1.574889898300171,0.9540383815765381
1773048852,547283843,world,cf231,-2.6251676082611084,-1.570464849472046,0.9686044454574585
1773048852,547283843,world,cf231_leg,-2.6216094493865967,-1.57503080368042,0.9540576934814453
1773048852,552236323,world,cf231,-2.625169038772583,-1.5704624652862549,0.968583345413208
1773048852,552236323,world,cf231_leg,-2.621548891067505,-1.5750197172164917,0.9540518522262573
1773048852,557322568,world,cf231,-2.6249990463256836,-1.5702664852142334,0.9685312509536743
1773048852,557322568,world,cf231_leg,-2.621575355529785,-1.5749670267105103,0.9540144205093384
1773048852,562925263,world,cf231,-2.6251413822174072,-1.5705162286758423,0.9686235189437866
1773048852,562925263,world,cf231_leg,-2.621654987335205,-1.5752040147781372,0.9541093111038208
1773048852,567191486,world,cf231,-2.625044107437134,-1.570441484451294,0.9685866832733154
1773048852,567191486,world,cf231_leg,-2.621598243713379,-1.5750762224197388,0.9541130065917969
1773048852,572953573,world,cf231,-2.6251511573791504,-1.5706281661987305,0.9686508178710938
1773048852,572953573,world,cf231_leg,-2.6216681003570557,-1.5751999616622925,0.9541645050048828
1773048852,577281193,world,cf231,-2.6251015663146973,-1.5706146955490112,0.9687215089797974
1773048852,577281193,world,cf231_leg,-2.621711254119873,-1.5753765106201172,0.9542534351348877
1773048852,582190273,world,cf231,-2.6251392364501953,-1.5706732273101807,0.9687073230743408
1773048852,582190273,world,cf231_leg,-2.621580123901367,-1.5752431154251099,0.9542155265808105
1773048852,587481422,world,cf231,-2.6251795291900635,-1.5708140134811401,0.9687108993530273
1773048852,587481422,world,cf231_leg,-2.6215689182281494,-1.5752885341644287,0.9542707204818726
1773048852,592962364,world,cf231,-2.6252262592315674,-1.5708314180374146,0.968684196472168
1773048852,592962364,world,cf231_leg,-2.6216745376586914,-1.5754750967025757,0.9543448686599731
1773048852,597292088,world,cf231,-2.6253859996795654,-1.5709583759307861,0.9688466787338257
1773048852,597292088,world,cf231_leg,-2.621652126312256,-1.5754084587097168,0.9543766975402832
1773048852,602828444,world,cf231,-2.6253490447998047,-1.5710097551345825,0.9687635898590088
1773048852,602828444,world,cf231_leg,-2.6216495037078857,-1.5755267143249512,0.954362154006958
1773048852,607328306,world,cf231,-2.625379800796509,-1.5710787773132324,0.9688581228256226
1773048852,607328306,world,cf231_leg,-2.6216611862182617,-1.5755211114883423,0.9544224739074707
1773048852,612214885,world,cf231,-2.6254637241363525,-1.5711573362350464,0.9688369035720825
1773048852,612214885,world,cf231_leg,-2.621729612350464,-1.5756042003631592,0.954361081123352
1773048852,617239025,world,cf231,-2.6256258487701416,-1.5712796449661255,0.9689576625823975
1773048852,617239025,world,cf231_leg,-2.621727228164673,-1.5757644176483154,0.9544789791107178
1773048852,622236544,world,cf231,-2.625652313232422,-1.571424126625061,0.9689034223556519
1773048852,622236544,world,cf231_leg,-2.6216602325439453,-1.5756380558013916,0.9543880224227905
1773048852,627333684,world,cf231,-2.625702142715454,-1.5714808702468872,0.9689691066741943
1773048852,627333684,world,cf231_leg,-2.6217188835144043,-1.5757652521133423,0.9543620347976685
1773048852,632331468,world,cf231,-2.6255838871002197,-1.5715322494506836,0.9686950445175171
1773048852,632331468,world,cf231_leg,-2.6218061447143555,-1.5759588479995728,0.9544434547424316
1773048852,637168168,world,cf231,-2.6258127689361572,-1.5717436075210571,0.9688003063201904
1773048852,637168168,world,cf231_leg,-2.621889591217041,-1.5759612321853638,0.9545855522155762
1773048852,642361562,world,cf231,-2.62575364112854,-1.5717278718948364,0.968747615814209
1773048852,642361562,world,cf231_leg,-2.62185001373291,-1.57601797580719,0.9545682668685913
1773048852,647388008,world,cf231,-2.6259632110595703,-1.5721070766448975,0.9689418077468872
1773048852,647388008,world,cf231_leg,-2.6218132972717285,-1.5760722160339355,0.9545106887817383
1773048852,653164625,world,cf231,-2.6259472370147705,-1.572115421295166,0.9689260721206665
1773048852,653164625,world,cf231_leg,-2.621938943862915,-1.5762479305267334,0.9545414447784424
1773048852,657174173,world,cf231,-2.6260488033294678,-1.5722672939300537,0.9689403772354126
1773048852,657174173,world,cf231_leg,-2.6219019889831543,-1.5761867761611938,0.9545376300811768
1773048852,661909320,world,cf231,-2.6261425018310547,-1.5725010633468628,0.9690824747085571
1773048852,661909320,world,cf231_leg,-2.621934413909912,-1.5763667821884155,0.954548716545105
1773048852,666968732,world,cf231,-2.6261656284332275,-1.5725655555725098,0.9690316915512085
1773048852,666968732,world,cf231_leg,-2.621967077255249,-1.576353907585144,0.9545782804489136
1773048852,672278837,world,cf231,-2.62622332572937,-1.5725839138031006,0.969104528427124
1773048852,672278837,world,cf231_leg,-2.62184739112854,-1.5765280723571777,0.9547485113143921
1773048852,677173641,world,cf231,-2.626351833343506,-1.5728368759155273,0.969139814376831
1773048852,677173641,world,cf231_leg,-2.622074604034424,-1.5766148567199707,0.9546494483947754
1773048852,682294339,world,cf231,-2.6264209747314453,-1.5729649066925049,0.9692182540893555
1773048852,682294339,world,cf231_leg,-2.621967077255249,-1.5765440464019775,0.954545259475708
1773048852,687346035,world,cf231,-2.6264231204986572,-1.5729602575302124,0.9691764116287231
1773048852,687346035,world,cf231_leg,-2.622032403945923,-1.5767868757247925,0.9546036720275879
1773048852,692183459,world,cf231,-2.626504421234131,-1.5730431079864502,0.9691981077194214
1773048852,692183459,world,cf231_leg,-2.6220803260803223,-1.5768418312072754,0.9546695947647095
1773048852,697831814,world,cf231,-2.626514196395874,-1.5731549263000488,0.9692254066467285
1773048852,697831814,world,cf231_leg,-2.6219911575317383,-1.576844573020935,0.9546070098876953
1773048852,702531562,world,cf231,-2.626521587371826,-1.5732712745666504,0.9692947864532471
1773048852,702531562,world,cf231_leg,-2.6220920085906982,-1.5770318508148193,0.9547269344329834
1773048852,708047262,world,cf231,-2.626638650894165,-1.5734145641326904,0.9693244695663452
1773048852,708047262,world,cf231_leg,-2.6220486164093018,-1.5770151615142822,0.9547332525253296
1773048852,712509356,world,cf231,-2.626552104949951,-1.5734522342681885,0.9693131446838379
1773048852,712509356,world,cf231_leg,-2.6220672130584717,-1.5770808458328247,0.9547287225723267
1773048852,717296199,world,cf231,-2.626732110977173,-1.5736048221588135,0.9693307876586914
1773048852,717296199,world,cf231_leg,-2.6221797466278076,-1.5773777961730957,0.9548550844192505
1773048852,722951675,world,cf231,-2.6267056465148926,-1.5736560821533203,0.9693503379821777
1773048852,722951675,world,cf231_leg,-2.622145414352417,-1.5773189067840576,0.9548436403274536
1773048852,727239247,world,cf231,-2.6268460750579834,-1.573907494544983,0.969464898109436
1773048852,727239247,world,cf231_leg,-2.6221871376037598,-1.5774911642074585,0.9549225568771362
1773048852,733042802,world,cf231,-2.626847505569458,-1.573905110359192,0.9694437980651855
1773048852,733042802,world,cf231_leg,-2.6221811771392822,-1.5775359869003296,0.9549311399459839
1773048852,737119194,world,cf231,-2.6268668174743652,-1.5739762783050537,0.9694567918777466
1773048852,737119194,world,cf231_leg,-2.622163772583008,-1.577544093132019,0.9549354314804077
1773048852,742165972,world,cf231,-2.626983404159546,-1.5742746591567993,0.9695475101470947
1773048852,742165972,world,cf231_leg,-2.6221957206726074,-1.5777207612991333,0.9549332857131958
1773048852,747130216,world,cf231,-2.6269469261169434,-1.574213981628418,0.9695404767990112
1773048852,747130216,world,cf231_leg,-2.6221773624420166,-1.577730655670166,0.9549558162689209
1773048852,752133992,world,cf231,-2.6269514560699463,-1.574446678161621,0.9695771932601929
1773048852,752133992,world,cf231_leg,-2.622152090072632,-1.577778935432434,0.9549599885940552
1773048852,757152282,world,cf231,-2.62705659866333,-1.5746349096298218,0.9696635007858276
1773048852,757152282,world,cf231_leg,-2.6220204830169678,-1.5778857469558716,0.9550676345825195
1773048852,762025025,world,cf231,-2.6270434856414795,-1.5746392011642456,0.9696042537689209
1773048852,762025025,world,cf231_leg,-2.6221418380737305,-1.577905535697937,0.9550623893737793
1773048852,767152415,world,cf231,-2.627063751220703,-1.5748634338378906,0.9696565866470337
1773048852,767152415,world,cf231_leg,-2.622065782546997,-1.5779390335083008,0.9549523591995239
1773048852,772212981,world,cf231,-2.627035140991211,-1.57491934299469,0.9697179794311523
1773048852,772212981,world,cf231_leg,-2.6221747398376465,-1.578125238418579,0.9551894664764404
1773048852,778043143,world,cf231,-2.6269679069519043,-1.5750285387039185,0.9697186946868896
1773048852,778043143,world,cf231_leg,-2.6221671104431152,-1.5782043933868408,0.9551049470901489
1773048852,782909256,world,cf231,-2.626988172531128,-1.5750972032546997,0.9697113037109375
1773048852,782909256,world,cf231_leg,-2.622140407562256,-1.5784075260162354,0.9549939632415771
1773048852,787119147,world,cf231,-2.6270036697387695,-1.5752006769180298,0.9696516990661621
1773048852,787119147,world,cf231_leg,-2.622168779373169,-1.5783631801605225,0.9551793336868286
1773048852,792136215,world,cf231,-2.6268742084503174,-1.5751887559890747,0.9697397947311401
1773048852,792136215,world,cf231_leg,-2.6220083236694336,-1.578397512435913,0.9551514387130737
1773048852,797218053,world,cf231,-2.6269702911376953,-1.575374722480774,0.9697026014328003
1773048852,797218053,world,cf231_leg,-2.62212872505188,-1.5786124467849731,0.9551454782485962
1773048852,802883881,world,cf231,-2.6269774436950684,-1.5754907131195068,0.9697730541229248
1773048852,802883881,world,cf231_leg,-2.6221413612365723,-1.5787253379821777,0.9551658630371094
1773048852,812462785,world,cf231,-2.6269941329956055,-1.5756785869598389,0.9697521924972534
1773048852,812462785,world,cf231_leg,-2.6221368312835693,-1.5789103507995605,0.9549475908279419
1773048852,812859430,world,cf231,-2.626919746398926,-1.5757976770401,0.9698629379272461
1773048852,812859430,world,cf231_leg,-2.6220943927764893,-1.5789005756378174,0.9551812410354614
1773048852,817136580,world,cf231,-2.6268699169158936,-1.5758965015411377,0.9698574542999268
1773048852,817136580,world,cf231_leg,-2.6221437454223633,-1.5791411399841309,0.9549788236618042
1773048852,823884799,world,cf231,-2.6268486976623535,-1.5760220289230347,0.969834566116333
1773048852,823884799,world,cf231_leg,-2.622011423110962,-1.5791246891021729,0.9549070596694946
1773048852,827162440,world,cf231,-2.6267201900482178,-1.5762288570404053,0.969518780708313
1773048852,827162440,world,cf231_leg,-2.622012138366699,-1.5793155431747437,0.9548720121383667
1773048852,832184475,world,cf231,-2.6267356872558594,-1.5763496160507202,0.9697331190109253
1773048852,832184475,world,cf231_leg,-2.621999502182007,-1.5793200731277466,0.9548156261444092
1773048852,837490929,world,cf231,-2.6267237663269043,-1.5765900611877441,0.9697555303573608
1773048852,837490929,world,cf231_leg,-2.6219396591186523,-1.5795421600341797,0.9547185897827148
1773048852,842264985,world,cf231,-2.626633405685425,-1.5765912532806396,0.9696717262268066
1773048852,842264985,world,cf231_leg,-2.622020721435547,-1.5796514749526978,0.9545851945877075
1773048852,847338720,world,cf231,-2.6266772747039795,-1.5767680406570435,0.9697487354278564
1773048852,847338720,world,cf231_leg,-2.6220638751983643,-1.5797942876815796,0.954788088798523
1773048852,852198446,world,cf231,-2.6266143321990967,-1.5767157077789307,0.9696242809295654
1773048852,852198446,world,cf231_leg,-2.622060775756836,-1.5799448490142822,0.9546633958816528
1773048852,857306663,world,cf231,-2.6265206336975098,-1.5768760442733765,0.9696446657180786
1773048852,857306663,world,cf231_leg,-2.622091054916382,-1.5800501108169556,0.9546775817871094
1773048852,863103534,world,cf231,-2.6266417503356934,-1.5770126581192017,0.969610333442688
1773048852,863103534,world,cf231_leg,-2.622018814086914,-1.5800443887710571,0.9546128511428833
1773048852,867188695,world,cf231,-2.6265838146209717,-1.5770809650421143,0.9695984125137329
1773048852,867188695,world,cf231_leg,-2.6219682693481445,-1.5801465511322021,0.95465087890625
1773048852,872204014,world,cf231,-2.626537322998047,-1.5772589445114136,0.9695913791656494
1773048852,872204014,world,cf231_leg,-2.6221368312835693,-1.580416202545166,0.9547109603881836
1773048852,877747661,world,cf231,-2.626530170440674,-1.5773813724517822,0.9696241617202759
1773048852,877747661,world,cf231_leg,-2.622030019760132,-1.5804638862609863,0.9545674324035645
1773048852,882170100,world,cf231,-2.6265039443969727,-1.5773895978927612,0.9695068597793579
1773048852,882170100,world,cf231_leg,-2.622105121612549,-1.5806598663330078,0.9545748233795166
1773048852,887126878,world,cf231,-2.6265082359313965,-1.5774928331375122,0.9693458080291748
1773048852,887126878,world,cf231_leg,-2.6221649646759033,-1.5806702375411987,0.9545824527740479
1773048852,892204538,world,cf231,-2.6265780925750732,-1.5777333974838257,0.9693459272384644
1773048852,892204538,world,cf231_leg,-2.622246503829956,-1.5809061527252197,0.9546563625335693
1773048852,897247077,world,cf231,-2.6264240741729736,-1.577724575996399,0.9692766666412354
1773048852,897247077,world,cf231_leg,-2.622203826904297,-1.5809624195098877,0.954664945602417
1773048852,902202304,world,cf231,-2.6265246868133545,-1.5780045986175537,0.9694910049438477
1773048852,902202304,world,cf231_leg,-2.6221861839294434,-1.581085205078125,0.9546176195144653
1773048852,906963375,world,cf231,-2.626432180404663,-1.5780367851257324,0.9693108797073364
1773048852,906963375,world,cf231_leg,-2.622173309326172,-1.5810893774032593,0.9545625448226929
1773048852,912190273,world,cf231,-2.626467704772949,-1.5782259702682495,0.9695180654525757
1773048852,912190273,world,cf231_leg,-2.6221799850463867,-1.5813171863555908,0.9545791149139404
1773048852,917002625,world,cf231,-2.626422166824341,-1.578275442123413,0.9693108797073364
1773048852,917002625,world,cf231_leg,-2.6220576763153076,-1.5812571048736572,0.9544708728790283
1773048852,922119432,world,cf231,-2.6263420581817627,-1.5783888101577759,0.9692531824111938
1773048852,922119432,world,cf231_leg,-2.622056245803833,-1.5813733339309692,0.9544385671615601
1773048852,927199212,world,cf231,-2.626309633255005,-1.5785170793533325,0.9691475629806519
1773048852,927199212,world,cf231_leg,-2.622170925140381,-1.5815542936325073,0.9545960426330566
1773048852,932274614,world,cf231,-2.6262216567993164,-1.578557014465332,0.9691576957702637
1773048852,932274614,world,cf231_leg,-2.622105360031128,-1.581619381904602,0.9544684886932373
1773048852,937534982,world,cf231,-2.62623929977417,-1.5787420272827148,0.9691176414489746
1773048852,937534982,world,cf231_leg,-2.6220860481262207,-1.5817433595657349,0.9544415473937988
1773048852,942882905,world,cf231,-2.626197099685669,-1.5788016319274902,0.9691216945648193
1773048852,942882905,world,cf231_leg,-2.6220901012420654,-1.5817418098449707,0.9543983936309814
1773048852,947535182,world,cf231,-2.626089096069336,-1.578925371170044,0.968968391418457
1773048852,947535182,world,cf231_leg,-2.6220054626464844,-1.581780195236206,0.9543929100036621
1773048852,952101943,world,cf231,-2.6260502338409424,-1.5790212154388428,0.969045877456665
1773048852,952101943,world,cf231_leg,-2.621953010559082,-1.581885814666748,0.9544677734375
1773048852,958046713,world,cf231,-2.626056671142578,-1.579096794128418,0.9689997434616089
1773048852,958046713,world,cf231_leg,-2.622039318084717,-1.5819610357284546,0.9544012546539307
1773048852,962193068,world,cf231,-2.625901937484741,-1.5791597366333008,0.9687373638153076
1773048852,962193068,world,cf231_leg,-2.621960401535034,-1.5820720195770264,0.9543513059616089
1773048852,967216041,world,cf231,-2.6258814334869385,-1.579329252243042,0.968848705291748
1773048852,967216041,world,cf231_leg,-2.6220550537109375,-1.5822646617889404,0.9543626308441162
1773048852,972848256,world,cf231,-2.6257686614990234,-1.5793755054473877,0.9687196016311646
1773048852,972848256,world,cf231_leg,-2.621962547302246,-1.5822641849517822,0.9543114900588989
1773048852,977194074,world,cf231,-2.6258389949798584,-1.5795012712478638,0.9687762260437012
1773048852,977194074,world,cf231_leg,-2.622074604034424,-1.5825210809707642,0.9543228149414062
1773048852,982092893,world,cf231,-2.6257715225219727,-1.5796096324920654,0.9687796831130981
1773048852,982092893,world,cf231_leg,-2.6219937801361084,-1.5824406147003174,0.9541239738464355
1773048852,987223888,world,cf231,-2.6256492137908936,-1.5795841217041016,0.9687415361404419
1773048852,987223888,world,cf231_leg,-2.6219818592071533,-1.5825655460357666,0.9542317390441895
1773048852,992195367,world,cf231,-2.625725746154785,-1.5797851085662842,0.968752384185791
1773048852,992195367,world,cf231_leg,-2.6218979358673096,-1.5826793909072876,0.9542444944381714
1773048852,997143149,world,cf231,-2.6255977153778076,-1.5798832178115845,0.9687435626983643
1773048852,997143149,world,cf231_leg,-2.621967077255249,-1.5828052759170532,0.9543124437332153
1773048853,2479564,world,cf231,-2.6256706714630127,-1.5800044536590576,0.9687577486038208
1773048853,2479564,world,cf231_leg,-2.6219468116760254,-1.5828529596328735,0.9542701244354248
1773048853,7344905,world,cf231,-2.6256673336029053,-1.5802289247512817,0.9686335325241089
1773048853,7344905,world,cf231_leg,-2.622053384780884,-1.5832301378250122,0.954308271408081
1773048853,13005563,world,cf231,-2.6255595684051514,-1.5801970958709717,0.9686323404312134
1773048853,13005563,world,cf231_leg,-2.6219515800476074,-1.5832349061965942,0.9541741609573364
1773048853,17195897,world,cf231,-2.625566244125366,-1.5804023742675781,0.9687825441360474
1773048853,17195897,world,cf231_leg,-2.621882915496826,-1.5833024978637695,0.9540868997573853
1773048853,22937796,world,cf231,-2.625581741333008,-1.5804989337921143,0.9686880111694336
1773048853,22937796,world,cf231_leg,-2.6219468116760254,-1.5835458040237427,0.9541666507720947
1773048853,27276021,world,cf231,-2.6254630088806152,-1.5804768800735474,0.9686393737792969
1773048853,27276021,world,cf231_leg,-2.621828317642212,-1.5834815502166748,0.9540003538131714
1773048853,32841305,world,cf231,-2.625481367111206,-1.580543875694275,0.9686374664306641
1773048853,32841305,world,cf231_leg,-2.62195086479187,-1.5837345123291016,0.9540903568267822
1773048853,37222478,world,cf231,-2.6254544258117676,-1.5807135105133057,0.9686180353164673
1773048853,37222478,world,cf231_leg,-2.621896982192993,-1.5838364362716675,0.9539669752120972
1773048853,42205551,world,cf231,-2.6253662109375,-1.5807600021362305,0.9686640501022339
1773048853,42205551,world,cf231_leg,-2.6218278408050537,-1.583903431892395,0.9538812637329102
1773048853,47207111,world,cf231,-2.6253228187561035,-1.580811619758606,0.9686369895935059
1773048853,47207111,world,cf231_leg,-2.6218795776367188,-1.5841493606567383,0.953886866569519
1773048853,52296364,world,cf231,-2.6254384517669678,-1.5810755491256714,0.9686481952667236
1773048853,52296364,world,cf231_leg,-2.622009754180908,-1.584283709526062,0.9539443254470825
1773048853,57517760,world,cf231,-2.625274658203125,-1.581110954284668,0.9683979749679565
1773048853,57517760,world,cf231_leg,-2.621859550476074,-1.5843925476074219,0.9538421630859375
1773048853,62252255,world,cf231,-2.625253915786743,-1.5811939239501953,0.9682371616363525
1773048853,62252255,world,cf231_leg,-2.6218056678771973,-1.5844521522521973,0.953774094581604
1773048853,67173150,world,cf231,-2.625176191329956,-1.5813493728637695,0.9682914018630981
1773048853,67173150,world,cf231_leg,-2.6218044757843018,-1.5846433639526367,0.9537615776062012
1773048853,72244557,world,cf231,-2.625216007232666,-1.581489086151123,0.968297004699707
1773048853,72244557,world,cf231_leg,-2.6217563152313232,-1.5847783088684082,0.9536643028259277
1773048853,77178315,world,cf231,-2.625213623046875,-1.5816487073898315,0.9684005975723267
1773048853,77178315,world,cf231_leg,-2.6217737197875977,-1.5849627256393433,0.9536432027816772
1773048853,82154965,world,cf231,-2.6250340938568115,-1.5816493034362793,0.9682109355926514
1773048853,82154965,world,cf231_leg,-2.6217803955078125,-1.585033655166626,0.9535799026489258
1773048853,87308231,world,cf231,-2.625056266784668,-1.5817197561264038,0.9681981801986694
1773048853,87308231,world,cf231_leg,-2.621649742126465,-1.5850582122802734,0.9536200761795044
1773048853,92277004,world,cf231,-2.6250994205474854,-1.581852674484253,0.9681411981582642
1773048853,92277004,world,cf231_leg,-2.621729850769043,-1.5852922201156616,0.9536993503570557
1773048853,97427088,world,cf231,-2.6252357959747314,-1.5821094512939453,0.968321681022644
1773048853,97427088,world,cf231_leg,-2.6216750144958496,-1.5853533744812012,0.9536505937576294
1773048853,102188766,world,cf231,-2.6252777576446533,-1.5822480916976929,0.9683030843734741
1773048853,102188766,world,cf231_leg,-2.6216859817504883,-1.5854647159576416,0.9536761045455933
1773048853,107965652,world,cf231,-2.6251907348632812,-1.5822852849960327,0.9682936668395996
1773048853,107965652,world,cf231_leg,-2.621586322784424,-1.5855133533477783,0.9536681175231934
1773048853,112307370,world,cf231,-2.6253011226654053,-1.5825539827346802,0.9683741331100464
1773048853,112307370,world,cf231_leg,-2.621534585952759,-1.5855751037597656,0.9535934925079346
1773048853,117091497,world,cf231,-2.625291109085083,-1.5825544595718384,0.9682706594467163
1773048853,117091497,world,cf231_leg,-2.621519088745117,-1.5857386589050293,0.9536581039428711
1773048853,122202770,world,cf231,-2.625331401824951,-1.5826913118362427,0.9682575464248657
1773048853,122202770,world,cf231_leg,-2.6215052604675293,-1.585745096206665,0.9536193609237671
1773048853,127105172,world,cf231,-2.6253514289855957,-1.5829181671142578,0.9683294296264648
1773048853,127105172,world,cf231_leg,-2.6214280128479004,-1.5858572721481323,0.9535658359527588
1773048853,132213177,world,cf231,-2.625307559967041,-1.5829367637634277,0.9682188034057617
1773048853,132213177,world,cf231_leg,-2.6214401721954346,-1.5859696865081787,0.9535874128341675
1773048853,137283144,world,cf231,-2.6253774166107178,-1.5830618143081665,0.9682774543762207
1773048853,137283144,world,cf231_leg,-2.621523141860962,-1.5862400531768799,0.9535435438156128
1773048853,142108650,world,cf231,-2.6253862380981445,-1.5831328630447388,0.968189001083374
1773048853,142108650,world,cf231_leg,-2.6214616298675537,-1.5862306356430054,0.9535567760467529
1773048853,147230534,world,cf231,-2.625457286834717,-1.5832586288452148,0.9682447910308838
1773048853,147230534,world,cf231_leg,-2.6214990615844727,-1.586484670639038,0.9535422325134277
1773048853,152924929,world,cf231,-2.625433921813965,-1.5833888053894043,0.9682643413543701
1773048853,152924929,world,cf231_leg,-2.6214704513549805,-1.586459994316101,0.953568696975708
1773048853,157048974,world,cf231,-2.6254961490631104,-1.5835131406784058,0.9681946039199829
1773048853,157048974,world,cf231_leg,-2.6214020252227783,-1.586689829826355,0.9535917043685913
1773048853,162862136,world,cf231,-2.6253890991210938,-1.5835615396499634,0.9682176113128662
1773048853,162862136,world,cf231_leg,-2.621504783630371,-1.5869932174682617,0.9536536931991577
1773048853,167199899,world,cf231,-2.6254634857177734,-1.5836873054504395,0.9682457447052002
1773048853,167199899,world,cf231_leg,-2.62139630317688,-1.5869247913360596,0.953567385673523
1773048853,172950831,world,cf231,-2.6255033016204834,-1.5838239192962646,0.9682327508926392
1773048853,172950831,world,cf231_leg,-2.6214942932128906,-1.587228775024414,0.9536759853363037
1773048853,177482100,world,cf231,-2.625425100326538,-1.5838199853897095,0.9682115316390991
1773048853,177482100,world,cf231_leg,-2.6214303970336914,-1.5873398780822754,0.9536910057067871
1773048853,182896810,world,cf231,-2.6255171298980713,-1.5840116739273071,0.9682402610778809
1773048853,182896810,world,cf231_leg,-2.6214847564697266,-1.5874677896499634,0.9537103176116943
1773048853,187962348,world,cf231,-2.6255385875701904,-1.584078073501587,0.9682116508483887
1773048853,187962348,world,cf231_leg,-2.621476650238037,-1.58762788772583,0.9536900520324707
1773048853,192201570,world,cf231,-2.6255481243133545,-1.5841926336288452,0.9682583808898926
1773048853,192201570,world,cf231_leg,-2.6215224266052246,-1.5878782272338867,0.9537767171859741
1773048853,197800052,world,cf231,-2.625603675842285,-1.5843242406845093,0.9682788848876953
1773048853,197800052,world,cf231_leg,-2.6215243339538574,-1.5878773927688599,0.9537556171417236
1773048853,203048923,world,cf231,-2.6255617141723633,-1.5843805074691772,0.9682654142379761
1773048853,203048923,world,cf231_leg,-2.621502637863159,-1.5881606340408325,0.9538489580154419
1773048853,207273343,world,cf231,-2.6255600452423096,-1.5843857526779175,0.9683053493499756
1773048853,207273343,world,cf231_leg,-2.6215224266052246,-1.5882271528244019,0.9538415670394897
1773048853,211977845,world,cf231,-2.6256051063537598,-1.5845563411712646,0.9683446884155273
1773048853,211977845,world,cf231_leg,-2.6215381622314453,-1.5884126424789429,0.9538410902023315
1773048853,217333766,world,cf231,-2.6256210803985596,-1.5847464799880981,0.9683448076248169
1773048853,217333766,world,cf231_leg,-2.621532678604126,-1.5885717868804932,0.9539859294891357
1773048853,222319106,world,cf231,-2.6256799697875977,-1.5847585201263428,0.9683798551559448
1773048853,222319106,world,cf231_leg,-2.621481418609619,-1.5886338949203491,0.9539098739624023
1773048853,227246074,world,cf231,-2.625657558441162,-1.5848103761672974,0.968369722366333
1773048853,227246074,world,cf231_leg,-2.621532917022705,-1.588878870010376,0.9539178609848022
1773048853,232220774,world,cf231,-2.625676155090332,-1.5848807096481323,0.9683849811553955
1773048853,232220774,world,cf231_leg,-2.6215436458587646,-1.5889898538589478,0.9539446830749512
1773048853,237906397,world,cf231,-2.625605583190918,-1.5849928855895996,0.968433141708374
1773048853,237906397,world,cf231_leg,-2.621443271636963,-1.5890377759933472,0.9539390802383423
1773048853,242262629,world,cf231,-2.625680446624756,-1.585115909576416,0.9684414863586426
1773048853,242262629,world,cf231_leg,-2.621535539627075,-1.5892248153686523,0.9539443254470825
1773048853,247171690,world,cf231,-2.62565541267395,-1.5851651430130005,0.9684395790100098
1773048853,247171690,world,cf231_leg,-2.6213955879211426,-1.589329481124878,0.9539222717285156
1773048853,253045510,world,cf231,-2.6257312297821045,-1.5853681564331055,0.9684721231460571
1773048853,253045510,world,cf231_leg,-2.6214306354522705,-1.5893909931182861,0.9539484977722168
1773048853,257167407,world,cf231,-2.6255993843078613,-1.5854264497756958,0.96837317943573
1773048853,257167407,world,cf231_leg,-2.6213717460632324,-1.589571237564087,0.9539060592651367
1773048853,262217387,world,cf231,-2.6255922317504883,-1.5855486392974854,0.9684063196182251
1773048853,262217387,world,cf231_leg,-2.6213672161102295,-1.589692234992981,0.953930139541626
1773048853,267059081,world,cf231,-2.6256587505340576,-1.5855973958969116,0.9684847593307495
1773048853,267059081,world,cf231_leg,-2.6212778091430664,-1.5898512601852417,0.9539508819580078
1773048853,272301518,world,cf231,-2.6257262229919434,-1.5859217643737793,0.9685533046722412
1773048853,272301518,world,cf231_leg,-2.6211867332458496,-1.5899698734283447,0.9538593292236328
1773048853,277013802,world,cf231,-2.6256096363067627,-1.585891604423523,0.9684461355209351
1773048853,277013802,world,cf231_leg,-2.6212105751037598,-1.5900791883468628,0.9539564847946167
1773048853,282157088,world,cf231,-2.6255509853363037,-1.5860018730163574,0.968573808670044
1773048853,282157088,world,cf231_leg,-2.6212007999420166,-1.590315341949463,0.9539765119552612
1773048853,287978419,world,cf231,-2.6257147789001465,-1.586320161819458,0.9686554670333862
1773048853,287978419,world,cf231_leg,-2.62113881111145,-1.5904227495193481,0.953955888748169
1773048853,292184055,world,cf231,-2.6256613731384277,-1.5864217281341553,0.9686977863311768
1773048853,292184055,world,cf231_leg,-2.6211283206939697,-1.590660572052002,0.9539940357208252
1773048853,297272404,world,cf231,-2.625654935836792,-1.5865447521209717,0.9687285423278809
1773048853,297272404,world,cf231_leg,-2.621049642562866,-1.5907742977142334,0.9539598226547241
1773048853,302975761,world,cf231,-2.625633716583252,-1.5868282318115234,0.9687855243682861
1773048853,302975761,world,cf231_leg,-2.6210687160491943,-1.5911164283752441,0.9540154933929443
1773048853,307119169,world,cf231,-2.625689744949341,-1.5870026350021362,0.9689426422119141
1773048853,307119169,world,cf231_leg,-2.6209566593170166,-1.5910524129867554,0.9539868831634521
1773048853,312395034,world,cf231,-2.6256117820739746,-1.587111234664917,0.9688442945480347
1773048853,312395034,world,cf231_leg,-2.620995283126831,-1.5914608240127563,0.9540359973907471
1773048853,317201619,world,cf231,-2.6256651878356934,-1.5874019861221313,0.9689685106277466
1773048853,317201619,world,cf231_leg,-2.6209566593170166,-1.5917437076568604,0.9538884162902832
1773048853,322477265,world,cf231,-2.625535249710083,-1.5874978303909302,0.9689669609069824
1773048853,322477265,world,cf231_leg,-2.62081241607666,-1.591774344444275,0.9538917541503906
1773048853,328832613,world,cf231,-2.625520944595337,-1.587702751159668,0.9689140319824219
1773048853,328832613,world,cf231_leg,-2.620826244354248,-1.5919605493545532,0.9539128541946411
1773048853,332197910,world,cf231,-2.625457525253296,-1.5878478288650513,0.9689898490905762
1773048853,332197910,world,cf231_leg,-2.6207733154296875,-1.5921798944473267,0.95393967628479
1773048853,337114117,world,cf231,-2.6253786087036133,-1.5880013704299927,0.9690494537353516
1773048853,337114117,world,cf231_leg,-2.620800256729126,-1.592361569404602,0.954016923904419
1773048853,342113917,world,cf231,-2.6252851486206055,-1.5881613492965698,0.9690719842910767
1773048853,342113917,world,cf231_leg,-2.6205739974975586,-1.592432975769043,0.9540084600448608
1773048853,347122887,world,cf231,-2.625094413757324,-1.5882433652877808,0.969041109085083
1773048853,347122887,world,cf231_leg,-2.62076735496521,-1.5928064584732056,0.9541325569152832
1773048853,352155552,world,cf231,-2.6251113414764404,-1.5884734392166138,0.9691588878631592
1773048853,352155552,world,cf231_leg,-2.6206111907958984,-1.5928398370742798,0.9540622234344482
1773048853,357132518,world,cf231,-2.6249353885650635,-1.5888737440109253,0.9689315557479858
1773048853,357132518,world,cf231_leg,-2.6205451488494873,-1.5929514169692993,0.9541002511978149
1773048853,362146228,world,cf231,-2.624854803085327,-1.5889865159988403,0.9688761234283447
1773048853,362146228,world,cf231_leg,-2.6203835010528564,-1.5931047201156616,0.9540573358535767
1773048853,367241730,world,cf231,-2.62469482421875,-1.5892590284347534,0.968917727470398
1773048853,367241730,world,cf231_leg,-2.6204185485839844,-1.5931663513183594,0.9540829658508301
1773048853,372962247,world,cf231,-2.6246578693389893,-1.5895546674728394,0.9689761400222778
1773048853,372962247,world,cf231_leg,-2.6204588413238525,-1.5934617519378662,0.9541773796081543
1773048853,377226081,world,cf231,-2.6245148181915283,-1.589658498764038,0.9689329862594604
1773048853,377226081,world,cf231_leg,-2.6204302310943604,-1.5936318635940552,0.9542032480239868
1773048853,382113439,world,cf231,-2.6244423389434814,-1.589890718460083,0.9689644575119019
1773048853,382113439,world,cf231_leg,-2.620377540588379,-1.5936925411224365,0.9541327953338623
1773048853,387273536,world,cf231,-2.624513626098633,-1.590211272239685,0.9689881801605225
1773048853,387273536,world,cf231_leg,-2.620410442352295,-1.5940335988998413,0.9542570114135742
1773048853,392257524,world,cf231,-2.6244592666625977,-1.5904306173324585,0.9689934253692627
1773048853,392257524,world,cf231_leg,-2.620412826538086,-1.594266653060913,0.9543516635894775
1773048853,397200240,world,cf231,-2.624530076980591,-1.590750813484192,0.9690182209014893
1773048853,397200240,world,cf231_leg,-2.6204309463500977,-1.5944514274597168,0.9543293714523315
1773048853,402152554,world,cf231,-2.6245155334472656,-1.5911064147949219,0.9690114259719849
1773048853,402152554,world,cf231_leg,-2.6204700469970703,-1.5947456359863281,0.9544275999069214
1773048853,407281123,world,cf231,-2.6244823932647705,-1.5912764072418213,0.9690470695495605
1773048853,407281123,world,cf231_leg,-2.6205403804779053,-1.5949835777282715,0.9544272422790527
1773048853,412188684,world,cf231,-2.6244571208953857,-1.5915230512619019,0.969032883644104
1773048853,412188684,world,cf231_leg,-2.620476484298706,-1.595091700553894,0.9544289112091064
1773048853,417309399,world,cf231,-2.62451434135437,-1.5918505191802979,0.9690176248550415
1773048853,417309399,world,cf231_leg,-2.6203582286834717,-1.595261573791504,0.9543799161911011
1773048853,423001087,world,cf231,-2.6244091987609863,-1.59205162525177,0.9690805673599243
1773048853,423001087,world,cf231_leg,-2.620419502258301,-1.5956629514694214,0.9545818567276001
1773048853,427293979,world,cf231,-2.6243481636047363,-1.5922350883483887,0.9690394401550293
1773048853,427293979,world,cf231_leg,-2.6203763484954834,-1.595679759979248,0.9544751644134521
1773048853,432163966,world,cf231,-2.6242220401763916,-1.592529535293579,0.9689948558807373
1773048853,432163966,world,cf231_leg,-2.6201913356781006,-1.5959241390228271,0.9545654058456421
1773048853,437338738,world,cf231,-2.6243228912353516,-1.592993140220642,0.9689399003982544
1773048853,437338738,world,cf231_leg,-2.620394229888916,-1.5962533950805664,0.9546545743942261
1773048853,442818068,world,cf231,-2.6241891384124756,-1.5932109355926514,0.9689446687698364
1773048853,442818068,world,cf231_leg,-2.6202728748321533,-1.5963481664657593,0.95461106300354
1773048853,447126872,world,cf231,-2.6240615844726562,-1.593308925628662,0.9689369201660156
1773048853,447126872,world,cf231_leg,-2.6201703548431396,-1.5965111255645752,0.9545783996582031
1773048853,452868632,world,cf231,-2.6240246295928955,-1.5936040878295898,0.968996524810791
1773048853,452868632,world,cf231_leg,-2.6201415061950684,-1.5966808795928955,0.9546051025390625
1773048853,457216333,world,cf231,-2.6239542961120605,-1.5938315391540527,0.9689874649047852
1773048853,457216333,world,cf231_leg,-2.619985342025757,-1.5967141389846802,0.9545356035232544
1773048853,462146658,world,cf231,-2.6239817142486572,-1.5941730737686157,0.9691325426101685
1773048853,462146658,world,cf231_leg,-2.6199066638946533,-1.596830129623413,0.9545178413391113
1773048853,467242222,world,cf231,-2.623997688293457,-1.5944780111312866,0.96907639503479
1773048853,467242222,world,cf231_leg,-2.6199088096618652,-1.5971802473068237,0.9545778036117554
1773048853,472935008,world,cf231,-2.6238420009613037,-1.5946290493011475,0.9691110849380493
1773048853,472935008,world,cf231_leg,-2.6198599338531494,-1.5972833633422852,0.9546128511428833
1773048853,477187634,world,cf231,-2.6238768100738525,-1.5950430631637573,0.969191312789917
1773048853,477187634,world,cf231_leg,-2.6197147369384766,-1.597466230392456,0.9544870853424072
1773048853,482198351,world,cf231,-2.623664379119873,-1.5953724384307861,0.9689065217971802
1773048853,482198351,world,cf231_leg,-2.6197450160980225,-1.5977962017059326,0.9543750286102295
1773048853,487053486,world,cf231,-2.623504400253296,-1.595483660697937,0.9688516855239868
1773048853,487053486,world,cf231_leg,-2.61965274810791,-1.5979158878326416,0.954304575920105
1773048853,492252204,world,cf231,-2.623487949371338,-1.5958435535430908,0.9688878059387207
1773048853,492252204,world,cf231_leg,-2.6196200847625732,-1.598204493522644,0.954338788986206
1773048853,497272345,world,cf231,-2.6233932971954346,-1.595966100692749,0.9688133001327515
1773048853,497272345,world,cf231_leg,-2.6195380687713623,-1.5984370708465576,0.9543120861053467
1773048853,502207114,world,cf231,-2.6235058307647705,-1.5963870286941528,0.9689329862594604
1773048853,502207114,world,cf231_leg,-2.619635581970215,-1.5986982583999634,0.9542903900146484
1773048853,507632308,world,cf231,-2.6234309673309326,-1.5965774059295654,0.9688539505004883
1773048853,507632308,world,cf231_leg,-2.619577646255493,-1.5988786220550537,0.9542484283447266
1773048853,512310871,world,cf231,-2.6233413219451904,-1.5967739820480347,0.9687381982803345
1773048853,512310871,world,cf231_leg,-2.619534492492676,-1.599212646484375,0.9543372392654419
1773048853,517936141,world,cf231,-2.623202085494995,-1.5968745946884155,0.9686495065689087
1773048853,517936141,world,cf231_leg,-2.6194632053375244,-1.5992082357406616,0.9542698860168457
1773048853,522231602,world,cf231,-2.6233041286468506,-1.5971803665161133,0.9687246084213257
1773048853,522231602,world,cf231_leg,-2.6193203926086426,-1.5994600057601929,0.9541119337081909
1773048853,528559948,world,cf231,-2.623243570327759,-1.5974794626235962,0.9686259031295776
1773048853,528559948,world,cf231_leg,-2.61936616897583,-1.5996347665786743,0.9541807174682617
1773048853,533746276,world,cf231,-2.623187303543091,-1.5977823734283447,0.9687002897262573
1773048853,533746276,world,cf231_leg,-2.619400978088379,-1.5998878479003906,0.9541926383972168
1773048853,537212825,world,cf231,-2.623166561126709,-1.5980229377746582,0.968621015548706
1773048853,537212825,world,cf231_leg,-2.61946964263916,-1.6001267433166504,0.9542131423950195
1773048853,542341601,world,cf231,-2.6230568885803223,-1.5981940031051636,0.9686487913131714
1773048853,542341601,world,cf231_leg,-2.6193957328796387,-1.6002365350723267,0.9541200399398804
1773048853,547880239,world,cf231,-2.623011589050293,-1.5985239744186401,0.968474268913269
1773048853,547880239,world,cf231_leg,-2.619356632232666,-1.6002933979034424,0.9541031122207642
1773048853,552484715,world,cf231,-2.6228561401367188,-1.5986751317977905,0.9685087203979492
1773048853,552484715,world,cf231_leg,-2.6192870140075684,-1.6005210876464844,0.9541336297988892
1773048853,557823419,world,cf231,-2.622770071029663,-1.598910927772522,0.9684851169586182
1773048853,557823419,world,cf231_leg,-2.619331121444702,-1.600652813911438,0.9540747404098511
1773048853,563005155,world,cf231,-2.622772693634033,-1.5991466045379639,0.9685672521591187
1773048853,563005155,world,cf231_leg,-2.6192760467529297,-1.6007165908813477,0.9540423154830933
1773048853,567391037,world,cf231,-2.622729778289795,-1.599320411682129,0.9685178995132446
1773048853,567391037,world,cf231_leg,-2.6192712783813477,-1.6009511947631836,0.9540190696716309
1773048853,572157842,world,cf231,-2.622732162475586,-1.5995562076568604,0.9686003923416138
1773048853,572157842,world,cf231_leg,-2.619342565536499,-1.6012670993804932,0.9540520906448364
1773048853,577223591,world,cf231,-2.6227025985717773,-1.5997257232666016,0.9686092138290405
1773048853,577223591,world,cf231_leg,-2.619267463684082,-1.6013787984848022,0.9539773464202881
1773048853,583292070,world,cf231,-2.6226015090942383,-1.5999250411987305,0.9684125185012817
1773048853,583292070,world,cf231_leg,-2.61928129196167,-1.6014894247055054,0.9539803266525269
1773048853,587342139,world,cf231,-2.622541666030884,-1.6001094579696655,0.9683688879013062
1773048853,587342139,world,cf231_leg,-2.6192193031311035,-1.6017885208129883,0.9539459943771362
1773048853,592342393,world,cf231,-2.6224703788757324,-1.6003389358520508,0.9683818817138672
1773048853,592342393,world,cf231_leg,-2.619276285171509,-1.601915717124939,0.9539426565170288
1773048853,597518635,world,cf231,-2.622495174407959,-1.6005992889404297,0.9682966470718384
1773048853,597518635,world,cf231_leg,-2.6192429065704346,-1.6022032499313354,0.9539804458618164
1773048853,602192535,world,cf231,-2.6224746704101562,-1.6008398532867432,0.9682173728942871
1773048853,602192535,world,cf231_leg,-2.6192500591278076,-1.602277159690857,0.9539312124252319
1773048853,607193999,world,cf231,-2.6223180294036865,-1.6009507179260254,0.9681363105773926
1773048853,607193999,world,cf231_leg,-2.619206428527832,-1.6024518013000488,0.953925371170044
1773048853,612824807,world,cf231,-2.6223080158233643,-1.6011912822723389,0.9681583642959595
1773048853,612824807,world,cf231_leg,-2.6191351413726807,-1.6026363372802734,0.9538289308547974
1773048853,617326920,world,cf231,-2.6222493648529053,-1.601373553276062,0.9680942296981812
1773048853,617326920,world,cf231_leg,-2.6191928386688232,-1.6028372049331665,0.9536404609680176
1773048853,622222546,world,cf231,-2.622203826904297,-1.6015515327453613,0.9680880308151245
1773048853,622222546,world,cf231_leg,-2.619117498397827,-1.602948546409607,0.9535667896270752
1773048853,626995448,world,cf231,-2.6222047805786133,-1.6016185283660889,0.9678554534912109
1773048853,626995448,world,cf231_leg,-2.619081974029541,-1.6031206846237183,0.9534732103347778
1773048853,632239582,world,cf231,-2.622194766998291,-1.6018590927124023,0.9678775072097778
1773048853,632239582,world,cf231_leg,-2.618957996368408,-1.6032512187957764,0.9533578157424927
1773048853,637418781,world,cf231,-2.6221132278442383,-1.6019316911697388,0.9677070379257202
1773048853,637418781,world,cf231_leg,-2.619016647338867,-1.6033775806427002,0.9533334970474243
1773048853,642249923,world,cf231,-2.6221210956573486,-1.6021623611450195,0.9677209854125977
1773048853,642249923,world,cf231_leg,-2.6189095973968506,-1.6035025119781494,0.9532289505004883
1773048853,648248340,world,cf231,-2.6220719814300537,-1.6023011207580566,0.9676233530044556
1773048853,648248340,world,cf231_leg,-2.6188533306121826,-1.6037155389785767,0.9530534744262695
1773048853,652943814,world,cf231,-2.6219937801361084,-1.602412462234497,0.967545747756958
1773048853,652943814,world,cf231_leg,-2.6188483238220215,-1.60379159450531,0.9529324769973755
1773048853,657179351,world,cf231,-2.6220955848693848,-1.6026753187179565,0.9674849510192871
1773048853,657179351,world,cf231_leg,-2.618825674057007,-1.6040338277816772,0.9529154300689697
1773048853,662091114,world,cf231,-2.6220595836639404,-1.6027270555496216,0.9674022197723389
1773048853,662091114,world,cf231_leg,-2.6188206672668457,-1.6040741205215454,0.9528911113739014
1773048853,667137250,world,cf231,-2.6220543384552,-1.603041172027588,0.9673844575881958
1773048853,667137250,world,cf231_leg,-2.618788719177246,-1.604204535484314,0.9528262615203857
1773048853,672183293,world,cf231,-2.6221132278442383,-1.6031259298324585,0.96722412109375
1773048853,672183293,world,cf231_leg,-2.6187376976013184,-1.6042641401290894,0.9527357816696167
1773048853,678018197,world,cf231,-2.6221461296081543,-1.6033704280853271,0.966991662979126
1773048853,678018197,world,cf231_leg,-2.618741035461426,-1.604416012763977,0.9525750875473022
1773048853,682526990,world,cf231,-2.6222774982452393,-1.6035056114196777,0.9670605659484863
1773048853,682526990,world,cf231_leg,-2.618746280670166,-1.6044920682907104,0.9527515172958374
1773048853,687303183,world,cf231,-2.6222617626190186,-1.6036291122436523,0.9669884443283081
1773048853,687303183,world,cf231_leg,-2.6186227798461914,-1.6045485734939575,0.9526138305664062
1773048853,693886016,world,cf231,-2.6222572326660156,-1.6037498712539673,0.9669983386993408
1773048853,693886016,world,cf231_leg,-2.618584632873535,-1.6045995950698853,0.9523600339889526
1773048853,697882262,world,cf231,-2.6222052574157715,-1.6038137674331665,0.9669170379638672
1773048853,697882262,world,cf231_leg,-2.618629217147827,-1.6046149730682373,0.9523330926895142
1773048853,702303871,world,cf231,-2.6222660541534424,-1.603979468345642,0.9667779207229614
1773048853,702303871,world,cf231_leg,-2.6186840534210205,-1.6048622131347656,0.9523333311080933
1773048853,707218862,world,cf231,-2.6223106384277344,-1.604112982749939,0.966718316078186
1773048853,707218862,world,cf231_leg,-2.6185882091522217,-1.6047868728637695,0.9522885084152222
1773048853,712256212,world,cf231,-2.62233567237854,-1.6042580604553223,0.9666897058486938
1773048853,712256212,world,cf231_leg,-2.6185755729675293,-1.6049140691757202,0.9522273540496826
1773048853,717291389,world,cf231,-2.622365951538086,-1.604398488998413,0.9665919542312622
1773048853,717291389,world,cf231_leg,-2.6185717582702637,-1.605029821395874,0.952221155166626
1773048853,722196321,world,cf231,-2.622457981109619,-1.6045501232147217,0.9665021896362305
1773048853,722196321,world,cf231_leg,-2.6186118125915527,-1.6051653623580933,0.9522207975387573
1773048853,727827630,world,cf231,-2.622469902038574,-1.6046632528305054,0.9665248394012451
1773048853,727827630,world,cf231_leg,-2.6185271739959717,-1.6051650047302246,0.9520998001098633
1773048853,732706003,world,cf231,-2.6224281787872314,-1.6046773195266724,0.9663740396499634
1773048853,732706003,world,cf231_leg,-2.618499517440796,-1.6053355932235718,0.9521242380142212
1773048853,737861602,world,cf231,-2.622502088546753,-1.604880928993225,0.9664311408996582
1773048853,737861602,world,cf231_leg,-2.6184890270233154,-1.6053396463394165,0.9520457983016968
1773048853,742395217,world,cf231,-2.6225807666778564,-1.6050790548324585,0.9664212465286255
1773048853,742395217,world,cf231_leg,-2.6183810234069824,-1.6052720546722412,0.9519587755203247
1773048853,747429465,world,cf231,-2.6225781440734863,-1.6050375699996948,0.9663093090057373
1773048853,747429465,world,cf231_leg,-2.6184444427490234,-1.6055163145065308,0.9520573616027832
1773048853,752426088,world,cf231,-2.622649669647217,-1.6051174402236938,0.9662092924118042
1773048853,752426088,world,cf231_leg,-2.6184675693511963,-1.6054660081863403,0.9520595073699951
1773048853,758209091,world,cf231,-2.6226649284362793,-1.6052669286727905,0.966093897819519
1773048853,758209091,world,cf231_leg,-2.6183738708496094,-1.605509877204895,0.9519729614257812
1773048853,762469214,world,cf231,-2.622642755508423,-1.6051969528198242,0.9661059379577637
1773048853,762469214,world,cf231_leg,-2.618492603302002,-1.6056464910507202,0.9519557952880859
1773048853,768191263,world,cf231,-2.622701406478882,-1.6053270101547241,0.9661020040512085
1773048853,768191263,world,cf231_leg,-2.618399143218994,-1.6056040525436401,0.9517757892608643
1773048853,772787355,world,cf231,-2.622710943222046,-1.6054775714874268,0.9660394191741943
1773048853,772787355,world,cf231_leg,-2.6184654235839844,-1.6058483123779297,0.9518500566482544
1773048853,777324655,world,cf231,-2.6226792335510254,-1.6054121255874634,0.9659645557403564
1773048853,777324655,world,cf231_leg,-2.618453025817871,-1.6058533191680908,0.9517929553985596
1773048853,782341402,world,cf231,-2.6227951049804688,-1.6055561304092407,0.9660165309906006
1773048853,782341402,world,cf231_leg,-2.618342399597168,-1.605778455734253,0.9514826536178589
1773048853,787358606,world,cf231,-2.6227328777313232,-1.6055021286010742,0.9658719301223755
1773048853,787358606,world,cf231_leg,-2.6183557510375977,-1.605857491493225,0.9516162872314453
1773048853,793089443,world,cf231,-2.6227705478668213,-1.6055598258972168,0.9658591747283936
1773048853,793089443,world,cf231_leg,-2.6183366775512695,-1.6058539152145386,0.9513641595840454
1773048853,797350109,world,cf231,-2.622669219970703,-1.6054495573043823,0.9657504558563232
1773048853,797350109,world,cf231_leg,-2.618271589279175,-1.6059222221374512,0.9512518644332886
1773048853,803146155,world,cf231,-2.6226296424865723,-1.6055082082748413,0.9657306671142578
1773048853,803146155,world,cf231_leg,-2.6183559894561768,-1.6060391664505005,0.9513397216796875
1773048853,807704239,world,cf231,-2.622629404067993,-1.6055080890655518,0.9657312631607056
1773048853,807704239,world,cf231_leg,-2.6183900833129883,-1.6059417724609375,0.9512690305709839
1773048853,812630706,world,cf231,-2.62260365486145,-1.6055595874786377,0.9657500982284546
1773048853,812630706,world,cf231_leg,-2.6182968616485596,-1.60606050491333,0.951202392578125
1773048853,817451742,world,cf231,-2.622490644454956,-1.6054519414901733,0.965560793876648
1773048853,817451742,world,cf231_leg,-2.6183063983917236,-1.606016755104065,0.9511662721633911
1773048853,823082459,world,cf231,-2.6224277019500732,-1.6054425239562988,0.9655745029449463
1773048853,823082459,world,cf231_leg,-2.618309259414673,-1.6060142517089844,0.9511264562606812
1773048853,827613387,world,cf231,-2.6224565505981445,-1.6053873300552368,0.9655106067657471
1773048853,827613387,world,cf231_leg,-2.6182796955108643,-1.6060248613357544,0.9510579109191895
1773048853,832376015,world,cf231,-2.6224710941314697,-1.6053810119628906,0.9655475616455078
1773048853,832376015,world,cf231_leg,-2.6182351112365723,-1.6060097217559814,0.9510840177536011
1773048853,837323185,world,cf231,-2.622422933578491,-1.605323076248169,0.9654594659805298
1773048853,837323185,world,cf231_leg,-2.6183059215545654,-1.6059390306472778,0.9511315822601318
1773048853,842161388,world,cf231,-2.6223368644714355,-1.6052041053771973,0.9653674364089966
1773048853,842161388,world,cf231_leg,-2.6182849407196045,-1.6060221195220947,0.9509952068328857
1773048853,847415268,world,cf231,-2.6222164630889893,-1.6050658226013184,0.9653812646865845
1773048853,847415268,world,cf231_leg,-2.618330955505371,-1.6060360670089722,0.95094895362854
1773048853,852763636,world,cf231,-2.622239112854004,-1.605132818222046,0.9653507471084595
1773048853,852763636,world,cf231_leg,-2.618210792541504,-1.605859637260437,0.9508528709411621
1773048853,857105037,world,cf231,-2.622166633605957,-1.6050097942352295,0.9653158187866211
1773048853,857105037,world,cf231_leg,-2.618134021759033,-1.6060054302215576,0.9506876468658447
1773048853,862231413,world,cf231,-2.622166633605957,-1.6050097942352295,0.9653158187866211
1773048853,862231413,world,cf231_leg,-2.6182117462158203,-1.6058913469314575,0.9507222175598145
1773048853,867156181,world,cf231,-2.6220474243164062,-1.6048270463943481,0.9651708602905273
1773048853,867156181,world,cf231_leg,-2.618245840072632,-1.6059107780456543,0.9506175518035889
1773048853,872973672,world,cf231,-2.6220827102661133,-1.6048895120620728,0.9651992321014404
1773048853,872973672,world,cf231_leg,-2.6181893348693848,-1.6059319972991943,0.9504563808441162
1773048853,877147086,world,cf231,-2.6219897270202637,-1.604697823524475,0.9651718139648438
1773048853,877147086,world,cf231_leg,-2.618154287338257,-1.6058703660964966,0.9504313468933105
1773048853,882119724,world,cf231,-2.6219570636749268,-1.6046313047409058,0.965099573135376
1773048853,882119724,world,cf231_leg,-2.6181888580322266,-1.6057733297348022,0.9503592252731323
1773048853,887811979,world,cf231,-2.6218700408935547,-1.6045145988464355,0.965027928352356
1773048853,887811979,world,cf231_leg,-2.618180751800537,-1.6058183908462524,0.9503909349441528
1773048853,892004171,world,cf231,-2.6217784881591797,-1.6043211221694946,0.9649780988693237
1773048853,892004171,world,cf231_leg,-2.618165969848633,-1.6056653261184692,0.9502582550048828
1773048853,897156159,world,cf231,-2.621779680252075,-1.6043189764022827,0.9649566411972046
1773048853,897156159,world,cf231_leg,-2.6181204319000244,-1.605649471282959,0.9502863883972168
1773048853,902969655,world,cf231,-2.6217494010925293,-1.604136347770691,0.964916467666626
1773048853,902969655,world,cf231_leg,-2.6181800365448,-1.6056594848632812,0.9502942562103271
1773048853,907258066,world,cf231,-2.6217148303985596,-1.6040712594985962,0.9648675918579102
1773048853,907258066,world,cf231_leg,-2.6181886196136475,-1.6056150197982788,0.950261116027832
1773048853,912140506,world,cf231,-2.6216442584991455,-1.603946566581726,0.964809775352478
1773048853,912140506,world,cf231_leg,-2.6181581020355225,-1.605549931526184,0.9501746892929077
1773048853,917290268,world,cf231,-2.621598482131958,-1.6037728786468506,0.9647529125213623
1773048853,917290268,world,cf231_leg,-2.6181087493896484,-1.6054943799972534,0.95011305809021
1773048853,922238870,world,cf231,-2.6215786933898926,-1.6037015914916992,0.964740514755249
1773048853,922238870,world,cf231_leg,-2.6181211471557617,-1.6053314208984375,0.9500705003738403
1773048853,927228454,world,cf231,-2.6215226650238037,-1.603570818901062,0.9647183418273926
1773048853,927228454,world,cf231_leg,-2.6181228160858154,-1.6053301095962524,0.9500507116317749
1773048853,933807522,world,cf231,-2.6215314865112305,-1.6035300493240356,0.9647048711776733
1773048853,933807522,world,cf231_leg,-2.618054151535034,-1.6052058935165405,0.9499791860580444
1773048853,937210044,world,cf231,-2.621422052383423,-1.6032637357711792,0.9646189212799072
1773048853,937210044,world,cf231_leg,-2.618115186691284,-1.6052148342132568,0.949966549873352
1773048853,942851980,world,cf231,-2.6213979721069336,-1.6031562089920044,0.9645340442657471
1773048853,942851980,world,cf231_leg,-2.6181399822235107,-1.6051636934280396,0.9499473571777344
1773048853,947032957,world,cf231,-2.6213834285736084,-1.6029653549194336,0.9645084142684937
1773048853,947032957,world,cf231_leg,-2.61807918548584,-1.6051114797592163,0.9498099088668823
1773048853,952228224,world,cf231,-2.621401309967041,-1.6027979850769043,0.9644190073013306
1773048853,952228224,world,cf231_leg,-2.6182165145874023,-1.6050071716308594,0.949852705001831
1773048853,957176109,world,cf231,-2.6213457584381104,-1.602667212486267,0.9643964767456055
1773048853,957176109,world,cf231_leg,-2.618093490600586,-1.6049472093582153,0.9497472047805786
1773048853,962192271,world,cf231,-2.6213619709014893,-1.6025441884994507,0.9644668102264404
1773048853,962192271,world,cf231_leg,-2.6181674003601074,-1.6049516201019287,0.949790358543396
1773048853,966966505,world,cf231,-2.6212711334228516,-1.6023056507110596,0.964259147644043
1773048853,966966505,world,cf231_leg,-2.618157148361206,-1.6048392057418823,0.9497449398040771
1773048853,972812660,world,cf231,-2.6212997436523438,-1.6022956371307373,0.9643521308898926
1773048853,972812660,world,cf231_leg,-2.6181817054748535,-1.6047879457473755,0.9497267007827759
1773048853,977134459,world,cf231,-2.621309518814087,-1.6020550727844238,0.964329719543457
1773048853,977134459,world,cf231_leg,-2.6181960105895996,-1.6047821044921875,0.9497627019882202
1773048853,982949747,world,cf231,-2.621225595474243,-1.6019343137741089,0.9642137289047241
1773048853,982949747,world,cf231_leg,-2.6182444095611572,-1.6046373844146729,0.9495950937271118
1773048853,987230383,world,cf231,-2.6211750507354736,-1.6017658710479736,0.9642246961593628
1773048853,987230383,world,cf231_leg,-2.618232488632202,-1.6046842336654663,0.9496692419052124
1773048853,992130664,world,cf231,-2.6212000846862793,-1.6016312837600708,0.9641624689102173
1773048853,992130664,world,cf231_leg,-2.618285655975342,-1.604621171951294,0.9497227668762207
1773048853,997145149,world,cf231,-2.6211957931518555,-1.6014395952224731,0.964240312576294
1773048853,997145149,world,cf231_leg,-2.618250846862793,-1.6044387817382812,0.949510931968689
1773048854,2855240,world,cf231,-2.6211440563201904,-1.6013426780700684,0.9640600681304932
1773048854,2855240,world,cf231_leg,-2.61822772026062,-1.6044518947601318,0.9495956897735596
1773048854,7933679,world,cf231,-2.6212716102600098,-1.6010892391204834,0.9642170667648315
1773048854,7933679,world,cf231_leg,-2.6184020042419434,-1.6044082641601562,0.9496426582336426
1773048854,12886414,world,cf231,-2.621201276779175,-1.6009643077850342,0.9641591310501099
1773048854,12886414,world,cf231_leg,-2.6183202266693115,-1.6042137145996094,0.9494951963424683
1773048854,17345786,world,cf231,-2.6211647987365723,-1.6009043455123901,0.9641510248184204
1773048854,17345786,world,cf231_leg,-2.6184256076812744,-1.604278802871704,0.9495909214019775
1773048854,22197757,world,cf231,-2.621150016784668,-1.6007126569747925,0.9641271829605103
1773048854,22197757,world,cf231_leg,-2.618342638015747,-1.6041630506515503,0.9494986534118652
1773048854,27082932,world,cf231,-2.6211533546447754,-1.6005942821502686,0.9641381502151489
1773048854,27082932,world,cf231_leg,-2.618347406387329,-1.6040425300598145,0.9494724273681641
1773048854,32246527,world,cf231,-2.621108293533325,-1.6004177331924438,0.9640611410140991
1773048854,32246527,world,cf231_leg,-2.6183152198791504,-1.6039811372756958,0.9494221210479736
1773048854,37158900,world,cf231,-2.621175527572632,-1.6003514528274536,0.9641952514648438
1773048854,37158900,world,cf231_leg,-2.618325710296631,-1.6038188934326172,0.9494017362594604
1773048854,42782433,world,cf231,-2.6212430000305176,-1.6002399921417236,0.96417236328125
1773048854,42782433,world,cf231_leg,-2.618332862854004,-1.6036983728408813,0.9493516683578491
1773048854,47820816,world,cf231,-2.621161699295044,-1.6000032424926758,0.9640876054763794
1773048854,47820816,world,cf231_leg,-2.6183464527130127,-1.6036943197250366,0.9494056701660156
1773048854,52155239,world,cf231,-2.6212525367736816,-1.5999988317489624,0.9641512632369995
1773048854,52155239,world,cf231_leg,-2.6184070110321045,-1.6035882234573364,0.9494451284408569
1773048854,57799804,world,cf231,-2.6213321685791016,-1.5998854637145996,0.9642071723937988
1773048854,57799804,world,cf231_leg,-2.618379831314087,-1.603598713874817,0.9493528604507446
1773048854,62102893,world,cf231,-2.6214685440063477,-1.5998579263687134,0.9641275405883789
1773048854,62102893,world,cf231_leg,-2.618523359298706,-1.6035776138305664,0.9496123790740967
1773048854,67172517,world,cf231,-2.6213982105255127,-1.5997756719589233,0.9642070531845093
1773048854,67172517,world,cf231_leg,-2.6184372901916504,-1.6033427715301514,0.9493764638900757
1773048854,72274314,world,cf231,-2.621325731277466,-1.5994157791137695,0.9640638828277588
1773048854,72274314,world,cf231_leg,-2.6184544563293457,-1.603295087814331,0.9494420289993286
1773048854,77063869,world,cf231,-2.6214091777801514,-1.5995358228683472,0.9641819000244141
1773048854,77063869,world,cf231_leg,-2.6183531284332275,-1.6031502485275269,0.9494551420211792
1773048854,82081401,world,cf231,-2.621453285217285,-1.5993176698684692,0.9640711545944214
1773048854,82081401,world,cf231_leg,-2.618488073348999,-1.6031261682510376,0.9495737552642822
1773048854,87116071,world,cf231,-2.621523380279541,-1.5992474555969238,0.9641613960266113
1773048854,87116071,world,cf231_leg,-2.61848521232605,-1.6030515432357788,0.9495766162872314
1773048854,92326810,world,cf231,-2.621656894683838,-1.5992240905761719,0.9641247987747192
1773048854,92326810,world,cf231_leg,-2.6184914112091064,-1.6029719114303589,0.9494751691818237
1773048854,97233830,world,cf231,-2.621568441390991,-1.5990264415740967,0.9640308618545532
1773048854,97233830,world,cf231_leg,-2.6185052394866943,-1.602768063545227,0.9494836330413818
1773048854,102346303,world,cf231,-2.6216275691986084,-1.5990421772003174,0.9640817642211914
1773048854,102346303,world,cf231_leg,-2.6184499263763428,-1.602831244468689,0.9494533538818359
1773048854,107413870,world,cf231,-2.6216936111450195,-1.5989326238632202,0.9640811681747437
1773048854,107413870,world,cf231_leg,-2.618511915206909,-1.6027240753173828,0.9494726657867432
1773048854,112277526,world,cf231,-2.621664047241211,-1.598750352859497,0.9640393257141113
1773048854,112277526,world,cf231_leg,-2.618497133255005,-1.6025378704071045,0.9494515657424927
1773048854,117076937,world,cf231,-2.6216886043548584,-1.5984610319137573,0.9639154672622681
1773048854,117076937,world,cf231_leg,-2.6184399127960205,-1.602410078048706,0.949455976486206
1773048854,122224185,world,cf231,-2.6217288970947266,-1.598402976989746,0.9639337062835693
1773048854,122224185,world,cf231_leg,-2.6184849739074707,-1.6024259328842163,0.9494282007217407
1773048854,127199003,world,cf231,-2.6218676567077637,-1.598416805267334,0.9639675617218018
1773048854,127199003,world,cf231_leg,-2.6184823513031006,-1.602351188659668,0.9494315385818481
1773048854,132151716,world,cf231,-2.6218197345733643,-1.598244071006775,0.963935136795044
1773048854,132151716,world,cf231_leg,-2.618483304977417,-1.602234959602356,0.9494633674621582
1773048854,137205187,world,cf231,-2.6219611167907715,-1.5981018543243408,0.9640933275222778
1773048854,137205187,world,cf231_leg,-2.6184654235839844,-1.6021653413772583,0.9494328498840332
1773048854,141934517,world,cf231,-2.622018814086914,-1.5980737209320068,0.9640109539031982
1773048854,141934517,world,cf231_leg,-2.61846661567688,-1.6020493507385254,0.9494643211364746
1773048854,147977593,world,cf231,-2.622119665145874,-1.5980292558670044,0.9640587568283081
1773048854,147977593,world,cf231_leg,-2.61846661567688,-1.6020493507385254,0.9494643211364746
1773048854,152124046,world,cf231,-2.6220784187316895,-1.597891926765442,0.9640737771987915
1773048854,152124046,world,cf231_leg,-2.618431568145752,-1.6019877195358276,0.9494383335113525
1773048854,157083817,world,cf231,-2.6220672130584717,-1.5977795124053955,0.9640489816665649
1773048854,157083817,world,cf231_leg,-2.6184542179107666,-1.6017452478408813,0.9494562149047852
1773048854,162071605,world,cf231,-2.622072458267212,-1.5976595878601074,0.9640367031097412
1773048854,162071605,world,cf231_leg,-2.6185100078582764,-1.6018739938735962,0.949472188949585
1773048854,167164181,world,cf231,-2.6221208572387695,-1.5975598096847534,0.9640442132949829
1773048854,167164181,world,cf231_leg,-2.6184020042419434,-1.6014975309371948,0.9494328498840332
1773048854,173115426,world,cf231,-2.622164487838745,-1.5974985361099243,0.964016318321228
1773048854,173115426,world,cf231_leg,-2.6184515953063965,-1.6015535593032837,0.9494937658309937
1773048854,177099467,world,cf231,-2.6221070289611816,-1.5973690748214722,0.9640178680419922
1773048854,177099467,world,cf231_leg,-2.618525981903076,-1.6015584468841553,0.9495353698730469
1773048854,181968230,world,cf231,-2.6221816539764404,-1.5973759889602661,0.9640853404998779
1773048854,181968230,world,cf231_leg,-2.6184208393096924,-1.6013737916946411,0.9494582414627075
1773048854,188031438,world,cf231,-2.6221365928649902,-1.5971990823745728,0.9640097618103027
1773048854,188031438,world,cf231_leg,-2.6184542179107666,-1.6012858152389526,0.9496520757675171
1773048854,192192985,world,cf231,-2.622154712677002,-1.5970743894577026,0.964057445526123
1773048854,192192985,world,cf231_leg,-2.6184561252593994,-1.6012848615646362,0.9496309757232666
1773048854,197115477,world,cf231,-2.62223744392395,-1.5969570875167847,0.9640696048736572
1773048854,197115477,world,cf231_leg,-2.618488311767578,-1.6011543273925781,0.9496961832046509
1773048854,202798246,world,cf231,-2.6222875118255615,-1.5970135927200317,0.9641342163085938
1773048854,202798246,world,cf231_leg,-2.6185832023620605,-1.6012262105941772,0.9497288465499878
1773048854,207138662,world,cf231,-2.6223411560058594,-1.5969511270523071,0.9642112255096436
1773048854,207138662,world,cf231_leg,-2.618562698364258,-1.6011590957641602,0.9497382640838623
1773048854,212139476,world,cf231,-2.6222500801086426,-1.5967575311660767,0.9641607999801636
1773048854,212139476,world,cf231_leg,-2.61846923828125,-1.6009716987609863,0.949735164642334
1773048854,216923486,world,cf231,-2.6222753524780273,-1.5967055559158325,0.9641432762145996
1773048854,216923486,world,cf231_leg,-2.6185803413391113,-1.6010366678237915,0.9497829675674438
1773048854,222323482,world,cf231,-2.6222312450408936,-1.5965720415115356,0.9642022848129272
1773048854,222323482,world,cf231_leg,-2.6185224056243896,-1.600908637046814,0.9497890472412109
1773048854,227297557,world,cf231,-2.6223111152648926,-1.596570611000061,0.9641834497451782
1773048854,227297557,world,cf231_leg,-2.6185953617095947,-1.600914716720581,0.9498509168624878
1773048854,231953407,world,cf231,-2.6223506927490234,-1.5965152978897095,0.9642214775085449
1773048854,231953407,world,cf231_leg,-2.6184732913970947,-1.6008530855178833,0.9497263431549072
1773048854,238783109,world,cf231,-2.6223418712615967,-1.5964407920837402,0.964292049407959
1773048854,238783109,world,cf231_leg,-2.618562936782837,-1.6007360219955444,0.949836015701294
1773048854,242936444,world,cf231,-2.6222355365753174,-1.5962531566619873,0.9642057418823242
1773048854,242936444,world,cf231_leg,-2.618459463119507,-1.6007087230682373,0.9498367309570312
1773048854,247034498,world,cf231,-2.622215986251831,-1.596182107925415,0.964192271232605
1773048854,247034498,world,cf231_leg,-2.6185128688812256,-1.6006460189819336,0.9498896598815918
1773048854,251934246,world,cf231,-2.622279644012451,-1.5962343215942383,0.96431565284729
1773048854,251934246,world,cf231_leg,-2.6184871196746826,-1.6005380153656006,0.9498125314712524
1773048854,257186260,world,cf231,-2.62235164642334,-1.5961997509002686,0.964270830154419
1773048854,257186260,world,cf231_leg,-2.618412494659424,-1.6005353927612305,0.9497873783111572
1773048854,262190026,world,cf231,-2.622340440750122,-1.5962450504302979,0.9643266201019287
1773048854,262190026,world,cf231_leg,-2.618509292602539,-1.600492000579834,0.9498486518859863
1773048854,267069226,world,cf231,-2.6223249435424805,-1.5960558652877808,0.9643231630325317
1773048854,267069226,world,cf231_leg,-2.6183865070343018,-1.6002376079559326,0.9497413635253906
1773048854,272943127,world,cf231,-2.6223394870758057,-1.5960497856140137,0.9643594026565552
1773048854,272943127,world,cf231_leg,-2.618351936340332,-1.6002206802368164,0.949862003326416
1773048854,277265511,world,cf231,-2.6222052574157715,-1.5959181785583496,0.9643343687057495
1773048854,277265511,world,cf231_leg,-2.61836838722229,-1.6002116203308105,0.9498608112335205
1773048854,282141113,world,cf231,-2.622237205505371,-1.595905065536499,0.9643815755844116
1773048854,282141113,world,cf231_leg,-2.6183371543884277,-1.6000341176986694,0.9498417377471924
1773048854,286975633,world,cf231,-2.622135639190674,-1.5957940816879272,0.9642736911773682
1773048854,286975633,world,cf231_leg,-2.6182565689086914,-1.5999565124511719,0.9498448371887207
1773048854,292271073,world,cf231,-2.622138738632202,-1.5958327054977417,0.9643670320510864
1773048854,292271073,world,cf231_leg,-2.618295669555664,-1.5999020338058472,0.9498777389526367
1773048854,297211127,world,cf231,-2.622162342071533,-1.5957857370376587,0.9643902778625488
1773048854,297211127,world,cf231_leg,-2.618178129196167,-1.5997636318206787,0.9498761892318726
1773048854,302864172,world,cf231,-2.622131824493408,-1.5957603454589844,0.9644314050674438
1773048854,302864172,world,cf231_leg,-2.6182734966278076,-1.5998362302780151,0.9499067068099976
1773048854,307050473,world,cf231,-2.6220383644104004,-1.5955251455307007,0.9642680883407593
1773048854,307050473,world,cf231_leg,-2.6182401180267334,-1.5996564626693726,0.9498955011367798
1773048854,312318822,world,cf231,-2.6220455169677734,-1.5956404209136963,0.9643404483795166
1773048854,312318822,world,cf231_leg,-2.6181225776672363,-1.599635124206543,0.9498597383499146
1773048854,317021623,world,cf231,-2.62198543548584,-1.5956306457519531,0.9643269777297974
1773048854,317021623,world,cf231_leg,-2.6181480884552,-1.5995845794677734,0.949838399887085
1773048854,322122363,world,cf231,-2.621941328048706,-1.5954972505569458,0.964385986328125
1773048854,322122363,world,cf231_leg,-2.618074417114258,-1.5994632244110107,0.9498291015625
1773048854,327202217,world,cf231,-2.6219170093536377,-1.595546841621399,0.9643826484680176
1773048854,327202217,world,cf231_leg,-2.6180546283721924,-1.59939706325531,0.9498355388641357
1773048854,332836163,world,cf231,-2.6219162940979004,-1.5955497026443481,0.9644023180007935
1773048854,332836163,world,cf231_leg,-2.618021249771118,-1.5993343591690063,0.9497896432876587
1773048854,337106805,world,cf231,-2.6217758655548096,-1.5952969789505005,0.9642664194107056
1773048854,337106805,world,cf231_leg,-2.6179654598236084,-1.5992053747177124,0.9497737884521484
1773048854,343764132,world,cf231,-2.6217987537384033,-1.5954071283340454,0.9643721580505371
1773048854,343764132,world,cf231_leg,-2.617966651916504,-1.599089503288269,0.9498046636581421
1773048854,347767611,world,cf231,-2.621764898300171,-1.5953426361083984,0.9643208980560303
1773048854,347767611,world,cf231_leg,-2.617929220199585,-1.599145531654358,0.9497667551040649
1773048854,352883781,world,cf231,-2.6217658519744873,-1.5953826904296875,0.9644381999969482
1773048854,352883781,world,cf231_leg,-2.6178057193756104,-1.598893165588379,0.9496762752532959
1773048854,357068681,world,cf231,-2.6217472553253174,-1.5953123569488525,0.9644224643707275
1773048854,357068681,world,cf231_leg,-2.617809772491455,-1.5989329814910889,0.9497665166854858
1773048854,362099568,world,cf231,-2.6216964721679688,-1.5952590703964233,0.9643763303756714
1773048854,362099568,world,cf231_leg,-2.617746114730835,-1.5987658500671387,0.9497034549713135
1773048854,367018354,world,cf231,-2.621612548828125,-1.5951803922653198,0.9643986225128174
1773048854,367018354,world,cf231_leg,-2.6177287101745605,-1.5986990928649902,0.9496873617172241
1773048854,372138239,world,cf231,-2.6215031147003174,-1.595154047012329,0.9644380807876587
1773048854,372138239,world,cf231_leg,-2.617668390274048,-1.5986883640289307,0.9496817588806152
1773048854,377119078,world,cf231,-2.6214380264282227,-1.59510338306427,0.9643374681472778
1773048854,377119078,world,cf231_leg,-2.6177265644073486,-1.5985825061798096,0.9497448205947876
1773048854,382016509,world,cf231,-2.6214709281921387,-1.5950912237167358,0.9643820524215698
1773048854,382016509,world,cf231_leg,-2.617556095123291,-1.5984323024749756,0.9496681690216064
1773048854,386905549,world,cf231,-2.6214070320129395,-1.595080852508545,0.9643981456756592
1773048854,386905549,world,cf231_leg,-2.6175537109375,-1.5984326601028442,0.9496912956237793
1773048854,392090717,world,cf231,-2.6213719844818115,-1.595057725906372,0.9644882678985596
1773048854,392090717,world,cf231_leg,-2.617520570755005,-1.5982532501220703,0.9496784210205078
1773048854,397085383,world,cf231,-2.621347665786743,-1.5950684547424316,0.9643646478652954
1773048854,397085383,world,cf231_leg,-2.6174440383911133,-1.5981742143630981,0.949637770652771
1773048854,403004902,world,cf231,-2.6212892532348633,-1.5949807167053223,0.9645059108734131
1773048854,403004902,world,cf231_leg,-2.617461919784546,-1.598051905632019,0.949682354927063
1773048854,407181102,world,cf231,-2.621215343475342,-1.594974398612976,0.9644362926483154
1773048854,407181102,world,cf231_leg,-2.6173856258392334,-1.5980480909347534,0.9496610164642334
1773048854,412980352,world,cf231,-2.621171236038208,-1.5947984457015991,0.9643572568893433
1773048854,412980352,world,cf231_leg,-2.6172685623168945,-1.597909927368164,0.9496585130691528
1773048854,417196843,world,cf231,-2.6210553646087646,-1.5946967601776123,0.9644417762756348
1773048854,417196843,world,cf231_leg,-2.6173081398010254,-1.597853422164917,0.949674129486084
1773048854,422144557,world,cf231,-2.6210384368896484,-1.594704031944275,0.9644299745559692
1773048854,422144557,world,cf231_leg,-2.6172335147857666,-1.5977312326431274,0.9496676921844482
1773048854,427252242,world,cf231,-2.6209566593170166,-1.5946276187896729,0.9644457101821899
1773048854,427252242,world,cf231_leg,-2.6172399520874023,-1.5976535081863403,0.9497696161270142
1773048854,432068228,world,cf231,-2.6209349632263184,-1.5945615768432617,0.9644733667373657
1773048854,432068228,world,cf231_leg,-2.6171889305114746,-1.597523808479309,0.949708104133606
1773048854,437191762,world,cf231,-2.620913505554199,-1.594491958618164,0.9644832611083984
1773048854,437191762,world,cf231_leg,-2.617138385772705,-1.5975110530853271,0.9497983455657959
1773048854,441926144,world,cf231,-2.620795965194702,-1.5943492650985718,0.9644531011581421
1773048854,441926144,world,cf231_leg,-2.617178440093994,-1.5974522829055786,0.949797511100769
1773048854,447071459,world,cf231,-2.6207118034362793,-1.5942742824554443,0.9644924402236938
1773048854,447071459,world,cf231_leg,-2.617043972015381,-1.5972447395324707,0.9497634172439575
1773048854,452030799,world,cf231,-2.6206905841827393,-1.5942047834396362,0.964502215385437
1773048854,452030799,world,cf231_leg,-2.617007255554199,-1.597184181213379,0.9497581720352173
1773048854,457151625,world,cf231,-2.6205718517303467,-1.5940642356872559,0.9644936323165894
1773048854,457151625,world,cf231_leg,-2.6169886589050293,-1.597157597541809,0.9498798847198486
1773048854,463740707,world,cf231,-2.620532274246216,-1.5939249992370605,0.9644858837127686
1773048854,463740707,world,cf231_leg,-2.6169211864471436,-1.596916913986206,0.94983971118927
1773048854,467047016,world,cf231,-2.6205413341522217,-1.5939234495162964,0.964592456817627
1773048854,467047016,world,cf231_leg,-2.6169233322143555,-1.5969579219818115,0.9499506950378418
1773048854,472930409,world,cf231,-2.6203866004943848,-1.5937201976776123,0.9645553827285767
1773048854,472930409,world,cf231_leg,-2.616971015930176,-1.5968226194381714,0.9500478506088257
1773048854,477056189,world,cf231,-2.6203675270080566,-1.5937743186950684,0.9647243022918701
1773048854,477056189,world,cf231_leg,-2.61684513092041,-1.5967626571655273,0.9499653577804565
1773048854,481922847,world,cf231,-2.620361328125,-1.59357750415802,0.9646039009094238
1773048854,481922847,world,cf231_leg,-2.616821765899658,-1.5966615676879883,0.9501134157180786
1773048854,487937764,world,cf231,-2.62017560005188,-1.5933153629302979,0.964712381362915
1773048854,487937764,world,cf231_leg,-2.6168105602264404,-1.596550464630127,0.9500868320465088
1773048854,492081563,world,cf231,-2.6202378273010254,-1.5933271646499634,0.9647196531295776
1773048854,492081563,world,cf231_leg,-2.6167335510253906,-1.5965124368667603,0.9501811265945435
1773048854,497860674,world,cf231,-2.62009596824646,-1.593109369277954,0.9645029306411743
1773048854,497860674,world,cf231_leg,-2.6167688369750977,-1.596426248550415,0.9503698348999023
1773048854,502067085,world,cf231,-2.6200337409973145,-1.5929089784622192,0.9647490978240967
1773048854,502067085,world,cf231_leg,-2.61670184135437,-1.5963033437728882,0.950292706489563
1773048854,507924839,world,cf231,-2.6200075149536133,-1.5928353071212769,0.9645859003067017
1773048854,507924839,world,cf231_leg,-2.616666793823242,-1.59624183177948,0.9502667188644409
1773048854,512208240,world,cf231,-2.6200175285339355,-1.5927650928497314,0.9649029970169067
1773048854,512208240,world,cf231_leg,-2.616673231124878,-1.5961670875549316,0.9503833055496216
1773048854,517211954,world,cf231,-2.6199145317077637,-1.5924581289291382,0.9648293256759644
1773048854,517211954,world,cf231_leg,-2.616605758666992,-1.5960434675216675,0.9503087997436523
1773048854,522184091,world,cf231,-2.619851589202881,-1.592316746711731,0.9646246433258057
1773048854,522184091,world,cf231_leg,-2.616584300994873,-1.595975637435913,0.9503203630447388
1773048854,527200017,world,cf231,-2.6197831630706787,-1.5922462940216064,0.9649370908737183
1773048854,527200017,world,cf231_leg,-2.616537570953369,-1.5959609746932983,0.9503687620162964
1773048854,532145296,world,cf231,-2.6197192668914795,-1.5919822454452515,0.9645704030990601
1773048854,532145296,world,cf231_leg,-2.6164932250976562,-1.5957876443862915,0.950294017791748
1773048854,537290884,world,cf231,-2.619692802429199,-1.591895341873169,0.9648032188415527
1773048854,537290884,world,cf231_leg,-2.6163511276245117,-1.595703363418579,0.9503253698348999
1773048854,542121505,world,cf231,-2.6196491718292236,-1.5917389392852783,0.964550256729126
1773048854,542121505,world,cf231_leg,-2.6164214611053467,-1.595668077468872,0.9502784013748169
1773048854,547011898,world,cf231,-2.619690418243408,-1.591701865196228,0.9648584127426147
1773048854,547011898,world,cf231_leg,-2.616286516189575,-1.5954601764678955,0.9502454996109009
1773048854,552423740,world,cf231,-2.6196370124816895,-1.5916085243225098,0.9649326801300049
1773048854,552423740,world,cf231_leg,-2.6163461208343506,-1.5955889225006104,0.9504233598709106
1773048854,557152468,world,cf231,-2.6195852756500244,-1.591359257698059,0.9649202823638916
1773048854,557152468,world,cf231_leg,-2.6161491870880127,-1.5952152013778687,0.9503223896026611
1773048854,562152455,world,cf231,-2.6195271015167236,-1.5912326574325562,0.9649404287338257
1773048854,562152455,world,cf231_leg,-2.6161081790924072,-1.595155954360962,0.950360894203186
1773048854,567144370,world,cf231,-2.6195318698883057,-1.5911117792129517,0.9649302959442139
1773048854,567144370,world,cf231_leg,-2.6160850524902344,-1.5951340198516846,0.9503535032272339
1773048854,572969099,world,cf231,-2.6194393634796143,-1.5909627676010132,0.9650387763977051
1773048854,572969099,world,cf231_leg,-2.6159660816192627,-1.5948354005813599,0.9502580165863037
1773048854,577127513,world,cf231,-2.6193618774414062,-1.5907224416732788,0.9649077653884888
1773048854,577127513,world,cf231_leg,-2.6158902645111084,-1.594831943511963,0.95023512840271
1773048854,581970802,world,cf231,-2.6194019317626953,-1.5906639099121094,0.9649274349212646
1773048854,581970802,world,cf231_leg,-2.615898609161377,-1.5947535037994385,0.9503157138824463
1773048854,587130704,world,cf231,-2.6193580627441406,-1.5905307531356812,0.9649851322174072
1773048854,587130704,world,cf231_leg,-2.6158101558685303,-1.5946375131607056,0.9502711296081543
1773048854,592213850,world,cf231,-2.6192686557769775,-1.5903352499008179,0.9649113416671753
1773048854,592213850,world,cf231_leg,-2.6157329082489014,-1.5945602655410767,0.9502482414245605
1773048854,598773000,world,cf231,-2.6191999912261963,-1.5900932550430298,0.9648869037628174
1773048854,598773000,world,cf231_leg,-2.6157326698303223,-1.59444260597229,0.9502843618392944
1773048854,602214888,world,cf231,-2.619216203689575,-1.5900851488113403,0.9649009704589844
1773048854,602214888,world,cf231_leg,-2.6156082153320312,-1.594189167022705,0.950196385383606
1773048854,607245740,world,cf231,-2.6192476749420166,-1.5899559259414673,0.9650082588195801
1773048854,607245740,world,cf231_leg,-2.6155567169189453,-1.5941780805587769,0.9503051042556763
1773048854,612141178,world,cf231,-2.61913800239563,-1.5898171663284302,0.9651234149932861
1773048854,612141178,world,cf231_leg,-2.61549711227417,-1.5940505266189575,0.950332760810852
1773048854,617453830,world,cf231,-2.6190505027770996,-1.5896167755126953,0.9650079011917114
1773048854,617453830,world,cf231_leg,-2.615356683731079,-1.5939210653305054,0.9501940011978149
1773048854,622230756,world,cf231,-2.6190147399902344,-1.5894416570663452,0.9650558233261108
1773048854,622230756,world,cf231_leg,-2.6154069900512695,-1.593977928161621,0.9502533674240112
1773048854,627378002,world,cf231,-2.619105577468872,-1.5894403457641602,0.9651389122009277
1773048854,627378002,world,cf231_leg,-2.6153159141540527,-1.5937869548797607,0.9502121210098267
1773048854,632336289,world,cf231,-2.6189045906066895,-1.5892198085784912,0.9651275873184204
1773048854,632336289,world,cf231_leg,-2.6152312755584717,-1.5937106609344482,0.9502583742141724
1773048854,637248911,world,cf231,-2.6188673973083496,-1.5891587734222412,0.9651216268539429
1773048854,637248911,world,cf231_leg,-2.615117073059082,-1.5935728549957275,0.9502300024032593
1773048854,642811983,world,cf231,-2.6187314987182617,-1.5888307094573975,0.9651316404342651
1773048854,642811983,world,cf231_leg,-2.6151373386383057,-1.5935239791870117,0.9504618644714355
1773048854,647099381,world,cf231,-2.618773937225342,-1.5887712240219116,0.9651262760162354
1773048854,647099381,world,cf231_leg,-2.6150283813476562,-1.5934579372406006,0.9503915309906006
1773048854,653014170,world,cf231,-2.6187455654144287,-1.5886290073394775,0.9652010202407837
1773048854,653014170,world,cf231_leg,-2.615055799484253,-1.5934479236602783,0.950482964515686
1773048854,657332888,world,cf231,-2.618621587753296,-1.5884509086608887,0.9651225805282593
1773048854,657332888,world,cf231_leg,-2.614902973175049,-1.5932475328445435,0.9504560232162476
1773048854,662305309,world,cf231,-2.6186153888702393,-1.5883756875991821,0.9651670455932617
1773048854,662305309,world,cf231_leg,-2.6147334575653076,-1.5931708812713623,0.9503796100616455
1773048854,667135065,world,cf231,-2.6185543537139893,-1.588364839553833,0.9651566743850708
1773048854,667135065,world,cf231_leg,-2.614713191986084,-1.5931037664413452,0.9503886699676514
1773048854,673014493,world,cf231,-2.6185061931610107,-1.588151216506958,0.9652191400527954
1773048854,673014493,world,cf231_leg,-2.614657163619995,-1.592974305152893,0.950373649597168
1773048854,677147653,world,cf231,-2.618513345718384,-1.5881119966506958,0.9652286767959595
1773048854,677147653,world,cf231_leg,-2.614534378051758,-1.5929560661315918,0.9503993988037109
1773048854,682126481,world,cf231,-2.618374824523926,-1.587900161743164,0.9652063846588135
1773048854,682126481,world,cf231_leg,-2.6145827770233154,-1.5930136442184448,0.9504801034927368
1773048854,687197172,world,cf231,-2.6184611320495605,-1.5880200862884521,0.9652985334396362
1773048854,687197172,world,cf231_leg,-2.614392042160034,-1.5927541255950928,0.950466513633728
1773048854,692303939,world,cf231,-2.6182963848114014,-1.5877015590667725,0.9652153253555298
1773048854,692303939,world,cf231_leg,-2.614370346069336,-1.5928032398223877,0.9504443407058716
1773048854,697161259,world,cf231,-2.6182632446289062,-1.5876802206039429,0.965300440788269
1773048854,697161259,world,cf231_leg,-2.614288091659546,-1.5927265882492065,0.9504674673080444
1773048854,702161235,world,cf231,-2.6182422637939453,-1.5876109600067139,0.9653089046478271
1773048854,702161235,world,cf231_leg,-2.614206075668335,-1.5926501750946045,0.9504899978637695
1773048854,707226935,world,cf231,-2.618062973022461,-1.5874569416046143,0.9652689695358276
1773048854,707226935,world,cf231_leg,-2.614135980606079,-1.592685580253601,0.9505364894866943
1773048854,712077655,world,cf231,-2.6181037425994873,-1.5873991250991821,0.9652864933013916
1773048854,712077655,world,cf231_leg,-2.6139729022979736,-1.5925309658050537,0.950562596321106
1773048854,717108225,world,cf231,-2.61798095703125,-1.5873768329620361,0.9652671813964844
1773048854,717108225,world,cf231_leg,-2.6139261722564697,-1.592516541481018,0.9506100416183472
1773048854,722294343,world,cf231,-2.6178951263427734,-1.5873034000396729,0.9653294086456299
1773048854,722294343,world,cf231_leg,-2.6138317584991455,-1.592444896697998,0.9505754709243774
1773048854,727228690,world,cf231,-2.617863178253174,-1.587276577949524,0.9653745889663696
1773048854,727228690,world,cf231_leg,-2.6138217449188232,-1.5923693180084229,0.9504436254501343
1773048854,732825361,world,cf231,-2.617703914642334,-1.5871939659118652,0.9653469324111938
1773048854,732825361,world,cf231_leg,-2.613633871078491,-1.5924214124679565,0.9505598545074463
1773048854,737227027,world,cf231,-2.6176140308380127,-1.5872352123260498,0.9653820991516113
1773048854,737227027,world,cf231_leg,-2.6135740280151367,-1.5924111604690552,0.9505519866943359
1773048854,742769453,world,cf231,-2.617450714111328,-1.587076187133789,0.9653749465942383
1773048854,742769453,world,cf231_leg,-2.6134564876556396,-1.592272400856018,0.9505501985549927
1773048854,748813004,world,cf231,-2.6172962188720703,-1.5870673656463623,0.9653064012527466
1773048854,748813004,world,cf231_leg,-2.6133499145507812,-1.592247724533081,0.9505897760391235
1773048854,752224408,world,cf231,-2.6171352863311768,-1.5869466066360474,0.9653944969177246
1773048854,752224408,world,cf231_leg,-2.613339424133301,-1.5922931432724,0.9506449699401855
1773048854,757571523,world,cf231,-2.6170923709869385,-1.5870054960250854,0.9654017686843872
1773048854,757571523,world,cf231_leg,-2.6131703853607178,-1.5922166109085083,0.9505678415298462
1773048854,762199735,world,cf231,-2.6169631481170654,-1.5869113206863403,0.9654450416564941
1773048854,762199735,world,cf231_leg,-2.613107442855835,-1.592208743095398,0.9506008625030518
1773048854,767225025,world,cf231,-2.6168630123138428,-1.5869957208633423,0.9655146598815918
1773048854,767225025,world,cf231_leg,-2.6129813194274902,-1.592115044593811,0.9506314992904663
1773048854,772076590,world,cf231,-2.6166555881500244,-1.5868943929672241,0.9655181169509888
1773048854,772076590,world,cf231_leg,-2.6129684448242188,-1.5921194553375244,0.950575590133667
1773048854,777153564,world,cf231,-2.61655592918396,-1.5869401693344116,0.9654656648635864
1773048854,777153564,world,cf231_leg,-2.6129186153411865,-1.5922218561172485,0.9506136178970337
1773048854,782798917,world,cf231,-2.6163344383239746,-1.58684241771698,0.9654123783111572
1773048854,782798917,world,cf231_leg,-2.6127398014068604,-1.5920743942260742,0.9506232738494873
1773048854,787305900,world,cf231,-2.616257667541504,-1.5868827104568481,0.9655241966247559
1773048854,787305900,world,cf231_leg,-2.6126554012298584,-1.592115879058838,0.9506332874298096
1773048854,792238604,world,cf231,-2.616088390350342,-1.5868010520935059,0.9653917551040649
1773048854,792238604,world,cf231_leg,-2.612473964691162,-1.592085838317871,0.950631856918335
1773048854,797135817,world,cf231,-2.615913152694702,-1.586766004562378,0.965469241142273
1773048854,797135817,world,cf231_leg,-2.6124000549316406,-1.5920813083648682,0.9505879878997803
1773048854,802093566,world,cf231,-2.6158030033111572,-1.586854338645935,0.9654529094696045
1773048854,802093566,world,cf231_leg,-2.6122419834136963,-1.59200119972229,0.9505878686904907
1773048854,807243309,world,cf231,-2.6156017780303955,-1.586832046508789,0.9654279947280884
1773048854,807243309,world,cf231_leg,-2.6121954917907715,-1.5921015739440918,0.9505845308303833
1773048854,812194959,world,cf231,-2.6153807640075684,-1.586738109588623,0.9653909206390381
1773048854,812194959,world,cf231_leg,-2.6121277809143066,-1.5920196771621704,0.9506421089172363
1773048854,817144413,world,cf231,-2.6153314113616943,-1.5868405103683472,0.9654041528701782
1773048854,817144413,world,cf231_leg,-2.611933946609497,-1.5919945240020752,0.9505833387374878
1773048854,822209089,world,cf231,-2.6152257919311523,-1.5868871212005615,0.9654048681259155
1773048854,822209089,world,cf231_leg,-2.6118481159210205,-1.5920368432998657,0.9506139755249023
1773048854,827100354,world,cf231,-2.6150906085968018,-1.586912751197815,0.9654617309570312
1773048854,827100354,world,cf231_leg,-2.6118106842041016,-1.5920932292938232,0.9505747556686401
1773048854,832340988,world,cf231,-2.615049362182617,-1.5869699716567993,0.9654456377029419
1773048854,832340988,world,cf231_leg,-2.6116678714752197,-1.5920056104660034,0.9505926370620728
1773048854,837282392,world,cf231,-2.614917278289795,-1.5870286226272583,0.9653462171554565
1773048854,837282392,world,cf231_leg,-2.6115550994873047,-1.592058539390564,0.9505298137664795
1773048854,842148556,world,cf231,-2.6147682666778564,-1.5868629217147827,0.9653769731521606
1773048854,842148556,world,cf231_leg,-2.6114842891693115,-1.5920934677124023,0.9505782127380371
1773048854,847954284,world,cf231,-2.614642381668091,-1.5869966745376587,0.9652327299118042
1773048854,847954284,world,cf231_leg,-2.6113662719726562,-1.5920720100402832,0.9505420923233032
1773048854,852338977,world,cf231,-2.6144895553588867,-1.5869864225387573,0.9651409387588501
1773048854,852338977,world,cf231_leg,-2.6113998889923096,-1.5921345949172974,0.9505892992019653
1773048854,857112787,world,cf231,-2.61441707611084,-1.587024450302124,0.9652038812637329
1773048854,857112787,world,cf231_leg,-2.6113269329071045,-1.5921287536621094,0.9505257606506348
1773048854,862836272,world,cf231,-2.6143598556518555,-1.58708655834198,0.9651551246643066
1773048854,862836272,world,cf231_leg,-2.6111819744110107,-1.5921592712402344,0.950529932975769
1773048854,867300519,world,cf231,-2.614325523376465,-1.5871831178665161,0.9652040004730225
1773048854,867300519,world,cf231_leg,-2.611156463623047,-1.592212200164795,0.9505672454833984
1773048854,872275737,world,cf231,-2.614234447479248,-1.587184190750122,0.9651210308074951
1773048854,872275737,world,cf231_leg,-2.6110680103302,-1.592213749885559,0.9504865407943726
1773048854,877785085,world,cf231,-2.613914728164673,-1.587209701538086,0.9650194644927979
1773048854,877785085,world,cf231_leg,-2.611013412475586,-1.5922753810882568,0.9504369497299194
1773048854,882037017,world,cf231,-2.613910436630249,-1.5873311758041382,0.9650281667709351
1773048854,882037017,world,cf231_leg,-2.6108756065368652,-1.5923799276351929,0.9503923654556274
1773048854,887049114,world,cf231,-2.6138088703155518,-1.5873750448226929,0.9649814367294312
1773048854,887049114,world,cf231_leg,-2.610840082168579,-1.5923175811767578,0.9503684043884277
1773048854,892037605,world,cf231,-2.6136667728424072,-1.5874803066253662,0.9649341106414795
1773048854,892037605,world,cf231_leg,-2.610811710357666,-1.592488408088684,0.950393795967102
1773048854,897123584,world,cf231,-2.6135916709899902,-1.5874730348587036,0.9648668766021729
1773048854,897123584,world,cf231_leg,-2.6107125282287598,-1.592535138130188,0.950369119644165
1773048854,902041177,world,cf231,-2.6136574745178223,-1.587722659111023,0.9649536609649658
1773048854,902041177,world,cf231_leg,-2.610602378845215,-1.5924681425094604,0.9503017663955688
1773048854,907160454,world,cf231,-2.6134085655212402,-1.5876359939575195,0.9648027420043945
1773048854,907160454,world,cf231_leg,-2.61035418510437,-1.5925023555755615,0.9501769542694092
1773048854,912070351,world,cf231,-2.6133832931518555,-1.5878832340240479,0.9647893905639648
1773048854,912070351,world,cf231_leg,-2.6104161739349365,-1.592673420906067,0.9502767324447632
1773048854,917965763,world,cf231,-2.6132006645202637,-1.5878483057022095,0.9647365808486938
1773048854,917965763,world,cf231_leg,-2.6102676391601562,-1.5926642417907715,0.9501897096633911
1773048854,922086033,world,cf231,-2.613028049468994,-1.5879650115966797,0.9646192789077759
1773048854,922086033,world,cf231_leg,-2.6102421283721924,-1.5928322076797485,0.9501760005950928
1773048854,927254803,world,cf231,-2.6129748821258545,-1.5880701541900635,0.9646797180175781
1773048854,927254803,world,cf231_leg,-2.6102030277252197,-1.592889428138733,0.9501588344573975
1773048854,932157878,world,cf231,-2.612740993499756,-1.5881760120391846,0.9645514488220215
1773048854,932157878,world,cf231_leg,-2.610074520111084,-1.592829704284668,0.9500983953475952
1773048854,937858690,world,cf231,-2.612622022628784,-1.5883457660675049,0.9644542932510376
1773048854,937858690,world,cf231_leg,-2.610060930252075,-1.592950701713562,0.9500101804733276
1773048854,942151539,world,cf231,-2.6124494075775146,-1.5882643461227417,0.9643490314483643
1773048854,942151539,world,cf231_leg,-2.609987735748291,-1.5931034088134766,0.9500470161437988
1773048854,947219129,world,cf231,-2.6123127937316895,-1.5884478092193604,0.9642766714096069
1773048854,947219129,world,cf231_leg,-2.6098625659942627,-1.5930441617965698,0.9499609470367432
1773048854,952678048,world,cf231,-2.612169027328491,-1.5885511636734009,0.9642354249954224
1773048854,952678048,world,cf231_leg,-2.60982084274292,-1.5932186841964722,0.9499326944351196
1773048854,957110924,world,cf231,-2.6120622158050537,-1.5887227058410645,0.9642351865768433
1773048854,957110924,world,cf231_leg,-2.609703302383423,-1.5931950807571411,0.94987952709198
1773048854,963366018,world,cf231,-2.6120550632476807,-1.5889601707458496,0.9642132520675659
1773048854,963366018,world,cf231_leg,-2.6096746921539307,-1.5933681726455688,0.9499214887619019
1773048854,967045471,world,cf231,-2.6119234561920166,-1.5890190601348877,0.9641134738922119
1773048854,967045471,world,cf231_leg,-2.6096208095550537,-1.5934303998947144,0.9498701095581055
1773048854,972804699,world,cf231,-2.6117610931396484,-1.589052677154541,0.9640541076660156
1773048854,972804699,world,cf231_leg,-2.609572172164917,-1.5933728218078613,0.94978928565979
1773048854,977220499,world,cf231,-2.6118037700653076,-1.5893038511276245,0.9639607667922974
1773048854,977220499,world,cf231_leg,-2.609419107437134,-1.5934820175170898,0.9497121572494507
1773048854,982300108,world,cf231,-2.611752986907959,-1.5894875526428223,0.9640231132507324
1773048854,982300108,world,cf231_leg,-2.609461545944214,-1.5937763452529907,0.9497895240783691
1773048854,987013011,world,cf231,-2.611607551574707,-1.5895503759384155,0.9638650417327881
1773048854,987013011,world,cf231_leg,-2.609365940093994,-1.5936623811721802,0.9496234655380249
1773048854,992276295,world,cf231,-2.611499547958374,-1.589716911315918,0.9638521671295166
1773048854,992276295,world,cf231_leg,-2.6092565059661865,-1.5937550067901611,0.9496526718139648
1773048854,997055040,world,cf231,-2.611497640609741,-1.5898339748382568,0.9638184309005737
1773048854,997055040,world,cf231_leg,-2.609239339828491,-1.593945026397705,0.9493794441223145
1773048855,2872960,world,cf231,-2.6114866733551025,-1.590074062347412,0.9638446569442749
1773048855,2872960,world,cf231_leg,-2.6091291904449463,-1.5939953327178955,0.9492778778076172
1773048855,7715310,world,cf231,-2.6113531589508057,-1.5900928974151611,0.9636270999908447
1773048855,7715310,world,cf231_leg,-2.6091103553771973,-1.5941194295883179,0.9492521286010742
1773048855,12405957,world,cf231,-2.611128091812134,-1.590117335319519,0.9635804891586304
1773048855,12405957,world,cf231_leg,-2.6090166568756104,-1.5941534042358398,0.9488998651504517
1773048855,17232809,world,cf231,-2.6111929416656494,-1.5903620719909668,0.9636542797088623
1773048855,17232809,world,cf231_leg,-2.6089372634887695,-1.594191551208496,0.9488481283187866
1773048855,22124448,world,cf231,-2.611069917678833,-1.5904955863952637,0.9634836912155151
1773048855,22124448,world,cf231_leg,-2.609013557434082,-1.5943875312805176,0.9488563537597656
1773048855,27138927,world,cf231,-2.610966682434082,-1.5905414819717407,0.9634592533111572
1773048855,27138927,world,cf231_leg,-2.608964204788208,-1.5944466590881348,0.9487432241439819
1773048855,32694512,world,cf231,-2.6109437942504883,-1.590787410736084,0.9634225368499756
1773048855,32694512,world,cf231_leg,-2.6089260578155518,-1.594504475593567,0.948723316192627
1773048855,37175986,world,cf231,-2.610868215560913,-1.590941071510315,0.9634565114974976
1773048855,37175986,world,cf231_leg,-2.6090033054351807,-1.5946989059448242,0.9487122297286987
1773048855,43664441,world,cf231,-2.6107559204101562,-1.5910708904266357,0.963370680809021
1773048855,43664441,world,cf231_leg,-2.6088356971740723,-1.5946214199066162,0.948614239692688
1773048855,46921165,world,cf231,-2.610640287399292,-1.5911219120025635,0.9632848501205444
1773048855,46921165,world,cf231_leg,-2.6088345050811768,-1.5946228504180908,0.9486337900161743
1773048855,52187401,world,cf231,-2.6105844974517822,-1.5911856889724731,0.9632319211959839
1773048855,52187401,world,cf231_leg,-2.608940839767456,-1.594923496246338,0.9486596584320068
1773048855,56969802,world,cf231,-2.610633134841919,-1.591359257698059,0.9632641077041626
1773048855,56969802,world,cf231_leg,-2.608901023864746,-1.5948210954666138,0.9485447406768799
1773048855,62116651,world,cf231,-2.6105453968048096,-1.5915976762771606,0.963262677192688
1773048855,62116651,world,cf231_leg,-2.6088147163391113,-1.5949807167053223,0.9485422372817993
1773048855,66979647,world,cf231,-2.6104564666748047,-1.5915976762771606,0.9631557464599609
1773048855,66979647,world,cf231_leg,-2.608873128890991,-1.5949896574020386,0.9485541582107544
1773048855,73232960,world,cf231,-2.610363245010376,-1.591715693473816,0.9630401134490967
1773048855,73232960,world,cf231_leg,-2.6087875366210938,-1.594988465309143,0.9484338760375977
1773048855,77141448,world,cf231,-2.6103851795196533,-1.5917824506759644,0.9630110263824463
1773048855,77141448,world,cf231_leg,-2.6088454723358154,-1.5951168537139893,0.948428750038147
1773048855,82122197,world,cf231,-2.6103177070617676,-1.5918941497802734,0.9630341529846191
1773048855,82122197,world,cf231_leg,-2.6089229583740234,-1.5951189994812012,0.9484314918518066
1773048855,87186455,world,cf231,-2.6102664470672607,-1.5921502113342285,0.9629030227661133
1773048855,87186455,world,cf231_leg,-2.608844518661499,-1.5952328443527222,0.9483979940414429
1773048855,91977926,world,cf231,-2.610316514968872,-1.5922064781188965,0.9629696607589722
1773048855,91977926,world,cf231_leg,-2.608959913253784,-1.595371961593628,0.9484231472015381
1773048855,97068851,world,cf231,-2.61025071144104,-1.592316746711731,0.9629690647125244
1773048855,97068851,world,cf231_leg,-2.6090052127838135,-1.5953809022903442,0.9481593370437622
1773048855,102129054,world,cf231,-2.6102452278137207,-1.592394232749939,0.9628438949584961
1773048855,102129054,world,cf231_leg,-2.6089839935302734,-1.5954303741455078,0.9481362104415894
1773048855,107058498,world,cf231,-2.6101040840148926,-1.5923819541931152,0.9628326892852783
1773048855,107058498,world,cf231_leg,-2.608968496322632,-1.5954376459121704,0.9481192827224731
1773048855,112033520,world,cf231,-2.6102583408355713,-1.592542290687561,0.962734580039978
1773048855,112033520,world,cf231_leg,-2.609051465988159,-1.59551203250885,0.9480795860290527
1773048855,117063048,world,cf231,-2.610098361968994,-1.5924595594406128,0.9627074003219604
1773048855,117063048,world,cf231_leg,-2.609050750732422,-1.5955114364624023,0.9480816125869751
1773048855,122738020,world,cf231,-2.6101999282836914,-1.5927257537841797,0.9626680612564087
1773048855,122738020,world,cf231_leg,-2.6090989112854004,-1.595565915107727,0.9481487274169922
1773048855,127082581,world,cf231,-2.6102852821350098,-1.5928443670272827,0.9627643823623657
1773048855,127082581,world,cf231_leg,-2.6090550422668457,-1.5955852270126343,0.948058009147644
1773048855,132672547,world,cf231,-2.6102545261383057,-1.592858910560608,0.9627128839492798
1773048855,132672547,world,cf231_leg,-2.609060764312744,-1.5956268310546875,0.9481431245803833
1773048855,137724065,world,cf231,-2.610264539718628,-1.5929734706878662,0.9627605676651001
1773048855,137724065,world,cf231_leg,-2.6091089248657227,-1.5956398248672485,0.9480761289596558
1773048855,142026848,world,cf231,-2.6103382110595703,-1.5930923223495483,0.9625434875488281
1773048855,142026848,world,cf231_leg,-2.6091902256011963,-1.5957181453704834,0.9480719566345215
1773048855,148109460,world,cf231,-2.610351324081421,-1.593087911605835,0.9626023769378662
1773048855,148109460,world,cf231_leg,-2.609149932861328,-1.5957740545272827,0.9480586051940918
1773048855,153229619,world,cf231,-2.6103994846343994,-1.593103289604187,0.9625533819198608
1773048855,153229619,world,cf231_leg,-2.60925030708313,-1.5957261323928833,0.9480626583099365
1773048855,157049945,world,cf231,-2.6105496883392334,-1.5934276580810547,0.9626026153564453
1773048855,157049945,world,cf231_leg,-2.609306812286377,-1.5958527326583862,0.9480631351470947
1773048855,163732070,world,cf231,-2.610616445541382,-1.5933181047439575,0.962600588798523
1773048855,163732070,world,cf231_leg,-2.609361410140991,-1.595824956893921,0.9479979276657104
1773048855,167618688,world,cf231,-2.6107468605041504,-1.5933274030685425,0.9624906778335571
1773048855,167618688,world,cf231_leg,-2.6094205379486084,-1.5958342552185059,0.9480085372924805
1773048855,172020535,world,cf231,-2.610774517059326,-1.5933599472045898,0.9625118970870972
1773048855,172020535,world,cf231_leg,-2.609384059906006,-1.5958911180496216,0.9479681253433228
1773048855,176981367,world,cf231,-2.610830545425415,-1.5934052467346191,0.9624711275100708
1773048855,176981367,world,cf231_leg,-2.609489679336548,-1.595917820930481,0.9479457139968872
1773048855,182779319,world,cf231,-2.610952615737915,-1.5934299230575562,0.9625111818313599
1773048855,182779319,world,cf231_leg,-2.609602928161621,-1.5959795713424683,0.9479577541351318
1773048855,187036037,world,cf231,-2.6110944747924805,-1.593525767326355,0.9625645875930786
1773048855,187036037,world,cf231_leg,-2.6095762252807617,-1.5960345268249512,0.9480127096176147
1773048855,192070586,world,cf231,-2.611311197280884,-1.5934967994689941,0.9624660015106201
1773048855,192070586,world,cf231_leg,-2.609733819961548,-1.595996379852295,0.9480499029159546
1773048855,197102544,world,cf231,-2.6113269329071045,-1.5934879779815674,0.9624825716018677
1773048855,197102544,world,cf231_leg,-2.6097095012664795,-1.5960453748703003,0.9480528831481934
1773048855,202180412,world,cf231,-2.6114389896392822,-1.5935101509094238,0.9624000787734985
1773048855,202180412,world,cf231_leg,-2.6098523139953613,-1.5961354970932007,0.9480506181716919
1773048855,208102966,world,cf231,-2.611610174179077,-1.5935933589935303,0.9625275135040283
1773048855,208102966,world,cf231_leg,-2.6099581718444824,-1.596159815788269,0.9480122327804565
1773048855,212746505,world,cf231,-2.6118314266204834,-1.5936874151229858,0.9625633955001831
1773048855,212746505,world,cf231_leg,-2.609959602355957,-1.5961583852767944,0.9479925632476807
1773048855,217411866,world,cf231,-2.6120047569274902,-1.5937234163284302,0.9625101089477539
1773048855,217411866,world,cf231_leg,-2.610100269317627,-1.5962492227554321,0.9480123519897461
1773048855,223748664,world,cf231,-2.612056255340576,-1.5936198234558105,0.9624722003936768
1773048855,223748664,world,cf231_leg,-2.610135316848755,-1.5961909294128418,0.9480577707290649
1773048855,226923202,world,cf231,-2.6121826171875,-1.5936387777328491,0.9624456167221069
1773048855,226923202,world,cf231_leg,-2.610222578048706,-1.5962668657302856,0.9479885101318359
1773048855,232226557,world,cf231,-2.612271308898926,-1.5935959815979004,0.9624146223068237
1773048855,232226557,world,cf231_leg,-2.610283613204956,-1.5962783098220825,0.9479920864105225
1773048855,239740170,world,cf231,-2.6124298572540283,-1.5936808586120605,0.9624629020690918
1773048855,239740170,world,cf231_leg,-2.610351085662842,-1.5962375402450562,0.9479389190673828
1773048855,242204871,world,cf231,-2.6126809120178223,-1.5937201976776123,0.962432861328125
1773048855,242204871,world,cf231_leg,-2.610424041748047,-1.5963634252548218,0.9479825496673584
1773048855,246964307,world,cf231,-2.612708330154419,-1.593666672706604,0.9623913764953613
1773048855,246964307,world,cf231_leg,-2.6106910705566406,-1.5965118408203125,0.9480692148208618
1773048855,252440545,world,cf231,-2.6127846240997314,-1.5936717987060547,0.9624367952346802
1773048855,252440545,world,cf231_leg,-2.610607385635376,-1.596392273902893,0.9479629993438721
1773048855,257078333,world,cf231,-2.6128344535827637,-1.5935274362564087,0.9622832536697388
1773048855,257078333,world,cf231_leg,-2.610811471939087,-1.596532940864563,0.9480822086334229
1773048855,262927723,world,cf231,-2.6128902435302734,-1.5934637784957886,0.9623363018035889
1773048855,262927723,world,cf231_leg,-2.6108362674713135,-1.5964816808700562,0.9480631351470947
1773048855,267016757,world,cf231,-2.613097906112671,-1.5935617685317993,0.9623141288757324
1773048855,267016757,world,cf231_leg,-2.6109161376953125,-1.5965585708618164,0.9480633735656738
1773048855,272125429,world,cf231,-2.6131889820098877,-1.5935605764389038,0.9623969793319702
1773048855,272125429,world,cf231_leg,-2.6110148429870605,-1.596508502960205,0.9480745792388916
1773048855,276954232,world,cf231,-2.6132407188415527,-1.5934571027755737,0.9623585939407349
1773048855,276954232,world,cf231_leg,-2.6111552715301514,-1.5965577363967896,0.9479608535766602
1773048855,282158479,world,cf231,-2.613399028778076,-1.5935417413711548,0.9624077081680298
1773048855,282158479,world,cf231_leg,-2.6111819744110107,-1.5965443849563599,0.9480389356613159
1773048855,287007899,world,cf231,-2.613461971282959,-1.5935510396957397,0.9623950719833374
1773048855,287007899,world,cf231_leg,-2.6113712787628174,-1.5966490507125854,0.9479893445968628
1773048855,292037536,world,cf231,-2.613647222518921,-1.5935817956924438,0.9624036550521851
1773048855,292037536,world,cf231_leg,-2.611379623413086,-1.5966039896011353,0.9479566812515259
1773048855,298777085,world,cf231,-2.6137101650238037,-1.5935909748077393,0.9623908996582031
1773048855,298777085,world,cf231_leg,-2.6115870475769043,-1.5967422723770142,0.9480350017547607
1773048855,301996924,world,cf231,-2.6138007640838623,-1.593546748161316,0.9623363018035889
1773048855,301996924,world,cf231_leg,-2.6116843223571777,-1.5966964960098267,0.94808030128479
1773048855,307035452,world,cf231,-2.613983631134033,-1.593582034111023,0.9623875617980957
1773048855,307035452,world,cf231_leg,-2.6117684841156006,-1.5966548919677734,0.9480708837509155
1773048855,312250511,world,cf231,-2.6141090393066406,-1.5936000347137451,0.962363600730896
1773048855,312250511,world,cf231_leg,-2.611842393875122,-1.5967764854431152,0.9480806589126587
1773048855,317114641,world,cf231,-2.61422061920166,-1.593509316444397,0.9623581171035767
1773048855,317114641,world,cf231_leg,-2.611889362335205,-1.5966740846633911,0.9480664730072021
1773048855,322182340,world,cf231,-2.6143271923065186,-1.593697190284729,0.9624456167221069
1773048855,322182340,world,cf231_leg,-2.6120331287384033,-1.5967625379562378,0.9480454921722412
1773048855,327112558,world,cf231,-2.614405632019043,-1.5935430526733398,0.9623857736587524
1773048855,327112558,world,cf231_leg,-2.6120553016662598,-1.5967113971710205,0.9480501413345337
1773048855,332877837,world,cf231,-2.614513397216797,-1.5934851169586182,0.9623063802719116
1773048855,332877837,world,cf231_leg,-2.612227439880371,-1.5967880487442017,0.9481023550033569
1773048855,337048133,world,cf231,-2.6147420406341553,-1.5936553478240967,0.9622946977615356
1773048855,337048133,world,cf231_leg,-2.6122026443481445,-1.5968390703201294,0.9481220245361328
1773048855,342160470,world,cf231,-2.6148579120635986,-1.5936017036437988,0.9623605012893677
1773048855,342160470,world,cf231_leg,-2.6123480796813965,-1.5968066453933716,0.9480996131896973
1773048855,347095310,world,cf231,-2.6150059700012207,-1.5935746431350708,0.9623814821243286
1773048855,347095310,world,cf231_leg,-2.612313747406006,-1.5967458486557007,0.9480708837509155
1773048855,352051187,world,cf231,-2.615194320678711,-1.593601942062378,0.9623442888259888
1773048855,352051187,world,cf231_leg,-2.6124236583709717,-1.5968098640441895,0.9481230974197388
1773048855,357023301,world,cf231,-2.6154897212982178,-1.5937055349349976,0.9624680280685425
1773048855,357023301,world,cf231_leg,-2.6125268936157227,-1.5968366861343384,0.9481247663497925
1773048855,362005793,world,cf231,-2.615528106689453,-1.593648910522461,0.9625099897384644
1773048855,362005793,world,cf231_leg,-2.6125881671905518,-1.5968483686447144,0.9481271505355835
1773048855,367058200,world,cf231,-2.6157145500183105,-1.59368097782135,0.9625145196914673
1773048855,367058200,world,cf231_leg,-2.612717628479004,-1.5969812870025635,0.9481890201568604
1773048855,372111559,world,cf231,-2.6159255504608154,-1.593623161315918,0.9626157283782959
1773048855,372111559,world,cf231_leg,-2.6127469539642334,-1.5968091487884521,0.9481440782546997
1773048855,376974533,world,cf231,-2.616011381149292,-1.593584418296814,0.9626286029815674
1773048855,376974533,world,cf231_leg,-2.612783432006836,-1.596872091293335,0.9481661319732666
1773048855,382001043,world,cf231,-2.6161327362060547,-1.5937241315841675,0.962612509727478
1773048855,382001043,world,cf231_leg,-2.61285662651062,-1.596875548362732,0.9482128620147705
1773048855,386935324,world,cf231,-2.61635684967041,-1.5937021970748901,0.9626790285110474
1773048855,386935324,world,cf231_leg,-2.6130354404449463,-1.5970255136489868,0.948218584060669
1773048855,392003598,world,cf231,-2.616446018218994,-1.5936566591262817,0.962628960609436
1773048855,392003598,world,cf231_leg,-2.6129980087280273,-1.5969644784927368,0.9482145309448242
1773048855,397178852,world,cf231,-2.616608142852783,-1.5936230421066284,0.9626872539520264
1773048855,397178852,world,cf231_leg,-2.613011360168457,-1.5969576835632324,0.9482537508010864
1773048855,402760216,world,cf231,-2.6167538166046143,-1.5937128067016602,0.9626748561859131
1773048855,402760216,world,cf231_leg,-2.613013744354248,-1.5967961549758911,0.9481161832809448
1773048855,407101732,world,cf231,-2.6168715953826904,-1.593657374382019,0.9627178907394409
1773048855,407101732,world,cf231_leg,-2.6131763458251953,-1.596994161605835,0.9482408761978149
1773048855,412051062,world,cf231,-2.6169443130493164,-1.5936232805252075,0.9626713991165161
1773048855,412051062,world,cf231_leg,-2.613267660140991,-1.5969902276992798,0.9482808113098145
1773048855,417055601,world,cf231,-2.617159366607666,-1.593641996383667,0.9627517461776733
1773048855,417055601,world,cf231_leg,-2.613337755203247,-1.5969547033309937,0.9482343196868896
1773048855,422042915,world,cf231,-2.6171700954437256,-1.5935962200164795,0.9626973867416382
1773048855,422042915,world,cf231_leg,-2.6134090423583984,-1.5970791578292847,0.9482823610305786
1773048855,427016231,world,cf231,-2.617269992828369,-1.5935508012771606,0.9627485275268555
1773048855,427016231,world,cf231_leg,-2.613430976867676,-1.5970276594161987,0.9482884407043457
1773048855,432036367,world,cf231,-2.6173603534698486,-1.5935063362121582,0.9626946449279785
1773048855,432036367,world,cf231_leg,-2.6134586334228516,-1.5969737768173218,0.9482301473617554
1773048855,437260150,world,cf231,-2.617607831954956,-1.5935494899749756,0.9627093076705933
1773048855,437260150,world,cf231_leg,-2.613447666168213,-1.5970189571380615,0.9482862949371338
1773048855,442134084,world,cf231,-2.617722988128662,-1.5934979915618896,0.9627962112426758
1773048855,442134084,world,cf231_leg,-2.6135454177856445,-1.5970906019210815,0.948296070098877
1773048855,447138351,world,cf231,-2.617795705795288,-1.593418002128601,0.9625937938690186
1773048855,447138351,world,cf231_leg,-2.6136298179626465,-1.5970494747161865,0.9482853412628174
1773048855,452641864,world,cf231,-2.6180174350738525,-1.593554973602295,0.9627662897109985
1773048855,452641864,world,cf231_leg,-2.6136059761047363,-1.5971016883850098,0.9483007192611694
1773048855,457006986,world,cf231,-2.6180672645568848,-1.5934536457061768,0.9627505540847778
1773048855,457006986,world,cf231_leg,-2.6137595176696777,-1.5971826314926147,0.9483457803726196
1773048855,462083063,world,cf231,-2.6181800365448,-1.5932780504226685,0.9626796245574951
1773048855,462083063,world,cf231_leg,-2.61374568939209,-1.5971890687942505,0.9483076333999634
1773048855,467014233,world,cf231,-2.6184017658233643,-1.5934555530548096,0.9627574682235718
1773048855,467014233,world,cf231_leg,-2.613697052001953,-1.5971310138702393,0.9482288360595703
1773048855,472147955,world,cf231,-2.6185078620910645,-1.593402624130249,0.9627196788787842
1773048855,472147955,world,cf231_leg,-2.6138358116149902,-1.5972200632095337,0.948253870010376
1773048855,477184442,world,cf231,-2.618755340576172,-1.5934454202651978,0.9627344608306885
1773048855,477184442,world,cf231_leg,-2.6138272285461426,-1.597103476524353,0.9481728076934814
1773048855,483793589,world,cf231,-2.618877649307251,-1.593467354774475,0.9627547264099121
1773048855,483793589,world,cf231_leg,-2.613832712173462,-1.5973397493362427,0.9482595920562744
1773048855,487049101,world,cf231,-2.6190261840820312,-1.593437671661377,0.9627560377120972
1773048855,487049101,world,cf231_leg,-2.6139440536499023,-1.5972439050674438,0.9481925964355469
1773048855,492029293,world,cf231,-2.6190762519836426,-1.5934972763061523,0.9628394842147827
1773048855,492029293,world,cf231_leg,-2.6139769554138184,-1.5974233150482178,0.9482060670852661
1773048855,497159645,world,cf231,-2.619309425354004,-1.593543529510498,0.9627987146377563
1773048855,497159645,world,cf231_leg,-2.6141304969787598,-1.5975068807601929,0.9482663869857788
1773048855,502074859,world,cf231,-2.619324207305908,-1.593537449836731,0.9628345966339111
1773048855,502074859,world,cf231_leg,-2.6140224933624268,-1.5974392890930176,0.948177695274353
1773048855,507114613,world,cf231,-2.6193463802337646,-1.5934463739395142,0.9627244472503662
1773048855,507114613,world,cf231_leg,-2.6139273643493652,-1.5973674058914185,0.9481443166732788
1773048855,512023708,world,cf231,-2.6195714473724365,-1.5935802459716797,0.9628504514694214
1773048855,512023708,world,cf231_leg,-2.614008665084839,-1.5974429845809937,0.9481244087219238
1773048855,517050472,world,cf231,-2.6195127964019775,-1.5936051607131958,0.9627041816711426
1773048855,517050472,world,cf231_leg,-2.614046335220337,-1.5975043773651123,0.948127269744873
1773048855,522096763,world,cf231,-2.6196024417877197,-1.5935603380203247,0.9626513719558716
1773048855,522096763,world,cf231_leg,-2.6140429973602295,-1.597623586654663,0.9481340646743774
1773048855,527041226,world,cf231,-2.6195995807647705,-1.5935641527175903,0.9626957178115845
1773048855,527041226,world,cf231_leg,-2.6141161918640137,-1.59762704372406,0.9481810331344604
1773048855,532851559,world,cf231,-2.619683265686035,-1.5936424732208252,0.9626747369766235
1773048855,532851559,world,cf231_leg,-2.6140735149383545,-1.5976446866989136,0.9480718374252319
1773048855,537073394,world,cf231,-2.6197168827056885,-1.5936639308929443,0.9625897407531738
1773048855,537073394,world,cf231_leg,-2.6140799522399902,-1.5976817607879639,0.9481233358383179
1773048855,542253883,world,cf231,-2.619835615158081,-1.5938045978546143,0.9625980854034424
1773048855,542253883,world,cf231_leg,-2.6140291690826416,-1.5976272821426392,0.9480806589126587
1773048855,546937732,world,cf231,-2.6199097633361816,-1.593926191329956,0.9626109600067139
1773048855,546937732,world,cf231_leg,-2.6139886379241943,-1.5976858139038086,0.9480831623077393
1773048855,553737470,world,cf231,-2.619935989379883,-1.5938750505447388,0.9625903367996216
1773048855,553737470,world,cf231_leg,-2.6139867305755615,-1.5978035926818848,0.9480704069137573
1773048855,557018212,world,cf231,-2.619798183441162,-1.5938583612442017,0.9625364542007446
1773048855,557018212,world,cf231_leg,-2.614001750946045,-1.5977544784545898,0.9479548931121826
1773048855,562119109,world,cf231,-2.6198086738586426,-1.5940102338790894,0.9624707698822021
1773048855,562119109,world,cf231_leg,-2.613853693008423,-1.5977872610092163,0.9480007886886597
1773048855,566914115,world,cf231,-2.619957208633423,-1.5941388607025146,0.9625511169433594
1773048855,566914115,world,cf231_leg,-2.613924503326416,-1.5979108810424805,0.9480513334274292
1773048855,572011067,world,cf231,-2.619856119155884,-1.594183087348938,0.9625036716461182
1773048855,572011067,world,cf231_leg,-2.613835573196411,-1.5979118347167969,0.9479730129241943
1773048855,577049321,world,cf231,-2.6198744773864746,-1.5942564010620117,0.9625388383865356
1773048855,577049321,world,cf231_leg,-2.613811731338501,-1.5979639291763306,0.9479889869689941
1773048855,583805094,world,cf231,-2.6198527812957764,-1.5943019390106201,0.9624919891357422
1773048855,583805094,world,cf231_leg,-2.613800287246704,-1.5980085134506226,0.9480468034744263
1773048855,587091691,world,cf231,-2.6197495460510254,-1.5943506956100464,0.9624862670898438
1773048855,587091691,world,cf231_leg,-2.613652229309082,-1.598002552986145,0.9479740858078003
1773048855,592128613,world,cf231,-2.619760036468506,-1.5944623947143555,0.9625139236450195
1773048855,592128613,world,cf231_leg,-2.613513708114624,-1.5980955362319946,0.9476714134216309
1773048855,597644711,world,cf231,-2.6196725368499756,-1.5945026874542236,0.9625240564346313
1773048855,597644711,world,cf231_leg,-2.6135499477386475,-1.5980511903762817,0.9479913711547852
1773048855,602826645,world,cf231,-2.619556427001953,-1.5945560932159424,0.9624584913253784
1773048855,602826645,world,cf231_leg,-2.6133620738983154,-1.5982471704483032,0.9477252960205078
1773048855,607062270,world,cf231,-2.6194803714752197,-1.5945937633514404,0.9625505208969116
1773048855,607062270,world,cf231_leg,-2.6133620738983154,-1.5982471704483032,0.9477251768112183
1773048855,612791355,world,cf231,-2.619337797164917,-1.5946983098983765,0.9625059366226196
1773048855,612791355,world,cf231_leg,-2.6132736206054688,-1.5982484817504883,0.9476456642150879
1773048855,617141857,world,cf231,-2.6192994117736816,-1.594797134399414,0.9626030921936035
1773048855,617141857,world,cf231_leg,-2.613140821456909,-1.598232388496399,0.9475750923156738
1773048855,622018229,world,cf231,-2.619135856628418,-1.5948325395584106,0.9625670909881592
1773048855,622018229,world,cf231_leg,-2.6131513118743896,-1.598345398902893,0.9476194381713867
1773048855,627843575,world,cf231,-2.619035005569458,-1.5948771238327026,0.9625186920166016
1773048855,627843575,world,cf231_leg,-2.6130638122558594,-1.5983890295028687,0.9476709365844727
1773048855,632016191,world,cf231,-2.618988513946533,-1.5951005220413208,0.9626704454421997
1773048855,632016191,world,cf231_leg,-2.6130788326263428,-1.5985757112503052,0.9476920366287231
1773048855,637052688,world,cf231,-2.618900775909424,-1.5951405763626099,0.9626810550689697
1773048855,637052688,world,cf231_leg,-2.612985372543335,-1.5985026359558105,0.9476380348205566
1773048855,642207610,world,cf231,-2.618678092956543,-1.5951634645462036,0.9626121520996094
1773048855,642207610,world,cf231_leg,-2.612955093383789,-1.598673701286316,0.9476864337921143
1773048855,647011168,world,cf231,-2.618607759475708,-1.59527587890625,0.9626604318618774
1773048855,647011168,world,cf231_leg,-2.612791061401367,-1.5986382961273193,0.9476959705352783
1773048855,651932009,world,cf231,-2.618457317352295,-1.5954256057739258,0.962644100189209
1773048855,651932009,world,cf231_leg,-2.612774133682251,-1.5986442565917969,0.947683572769165
1773048855,656967459,world,cf231,-2.6182701587677,-1.5953930616378784,0.9626412391662598
1773048855,656967459,world,cf231_leg,-2.6126370429992676,-1.5987904071807861,0.9477726221084595
1773048855,662044583,world,cf231,-2.6181397438049316,-1.595495343208313,0.9626774787902832
1773048855,662044583,world,cf231_leg,-2.61261248588562,-1.598841667175293,0.947791576385498
1773048855,667063752,world,cf231,-2.617931365966797,-1.59551203250885,0.9626446962356567
1773048855,667063752,world,cf231_leg,-2.6123692989349365,-1.5988024473190308,0.9478040933609009
1773048855,672042161,world,cf231,-2.6176857948303223,-1.595623254776001,0.9624559879302979
1773048855,672042161,world,cf231_leg,-2.612342119216919,-1.5989711284637451,0.9478117227554321
1773048855,676916911,world,cf231,-2.6175687313079834,-1.595718502998352,0.962531328201294
1773048855,676916911,world,cf231_leg,-2.6122121810913086,-1.5988377332687378,0.9477522373199463
1773048855,682003778,world,cf231,-2.6175012588500977,-1.5958300828933716,0.9625544548034668
1773048855,682003778,world,cf231_leg,-2.611969232559204,-1.598915696144104,0.947730302810669
1773048855,687088597,world,cf231,-2.617353677749634,-1.5958606004714966,0.9625512361526489
1773048855,687088597,world,cf231_leg,-2.611927032470703,-1.5991334915161133,0.947853684425354
1773048855,692060307,world,cf231,-2.617197036743164,-1.5960142612457275,0.9626071453094482
1773048855,692060307,world,cf231_leg,-2.61171293258667,-1.599075436592102,0.9476900100708008
1773048855,696943436,world,cf231,-2.616938829421997,-1.5959714651107788,0.9624905586242676
1773048855,696943436,world,cf231_leg,-2.611495018005371,-1.5990999937057495,0.9476323127746582
1773048855,702035400,world,cf231,-2.616734027862549,-1.5961101055145264,0.962594747543335
1773048855,702035400,world,cf231_leg,-2.6113736629486084,-1.5992388725280762,0.9477381706237793
1773048855,706979285,world,cf231,-2.6165597438812256,-1.5961912870407104,0.962613582611084
1773048855,706979285,world,cf231_leg,-2.611276626586914,-1.5991365909576416,0.9478554725646973
1773048855,712053048,world,cf231,-2.616297960281372,-1.596155047416687,0.9625612497329712
1773048855,712053048,world,cf231_leg,-2.6111409664154053,-1.5993150472640991,0.9478117227554321
1773048855,717070233,world,cf231,-2.61611008644104,-1.596282720565796,0.9626604318618774
1773048855,717070233,world,cf231_leg,-2.6108505725860596,-1.599219560623169,0.9477396011352539
1773048855,722124892,world,cf231,-2.615809917449951,-1.5963033437728882,0.9625657796859741
1773048855,722124892,world,cf231_leg,-2.6108264923095703,-1.5993934869766235,0.9479546546936035
1773048855,727350494,world,cf231,-2.6155357360839844,-1.596314787864685,0.9625900983810425
1773048855,727350494,world,cf231_leg,-2.610718250274658,-1.599369764328003,0.9480158090591431
1773048855,732305815,world,cf231,-2.6152358055114746,-1.596332311630249,0.9624769687652588
1773048855,732305815,world,cf231_leg,-2.6103718280792236,-1.5992650985717773,0.9479084014892578
1773048855,737289071,world,cf231,-2.615048408508301,-1.596463918685913,0.9625924825668335
1773048855,737289071,world,cf231_leg,-2.6103036403656006,-1.5993746519088745,0.9479548931121826
1773048855,742161925,world,cf231,-2.614729404449463,-1.5964142084121704,0.9624817371368408
1773048855,742161925,world,cf231_leg,-2.6102230548858643,-1.5994553565979004,0.9480578899383545
1773048855,747042776,world,cf231,-2.614588975906372,-1.5965631008148193,0.9625701904296875
1773048855,747042776,world,cf231_leg,-2.6101021766662598,-1.5994335412979126,0.9480470418930054
1773048855,752073501,world,cf231,-2.6144449710845947,-1.5967121124267578,0.9626865386962891
1773048855,752073501,world,cf231_leg,-2.609951972961426,-1.5995867252349854,0.9480962753295898
1773048855,757004085,world,cf231,-2.6141343116760254,-1.5966600179672241,0.9626848697662354
1773048855,757004085,world,cf231_leg,-2.609910249710083,-1.5994545221328735,0.9481315612792969
1773048855,762066732,world,cf231,-2.614020824432373,-1.5967518091201782,0.9627150297164917
1773048855,762066732,world,cf231_leg,-2.6096513271331787,-1.5995368957519531,0.9480793476104736
1773048855,767144885,world,cf231,-2.613720417022705,-1.5968146324157715,0.9627598524093628
1773048855,767144885,world,cf231_leg,-2.6096057891845703,-1.599562168121338,0.9482418298721313
1773048855,771942064,world,cf231,-2.6134729385375977,-1.5968968868255615,0.962928295135498
1773048855,771942064,world,cf231_leg,-2.6094470024108887,-1.5995985269546509,0.9482109546661377
1773048855,777428898,world,cf231,-2.6130454540252686,-1.5969011783599854,0.9628812074661255
1773048855,777428898,world,cf231_leg,-2.609267234802246,-1.5996114015579224,0.9483389854431152
1773048855,781938198,world,cf231,-2.6127495765686035,-1.5968852043151855,0.9630546569824219
1773048855,781938198,world,cf231_leg,-2.6090619564056396,-1.5995872020721436,0.9481889009475708
1773048855,787023723,world,cf231,-2.6124584674835205,-1.5970196723937988,0.9630098342895508
1773048855,787023723,world,cf231_leg,-2.608858585357666,-1.599491834640503,0.9482160806655884
1773048855,792123988,world,cf231,-2.612136125564575,-1.5970160961151123,0.9630827903747559
1773048855,792123988,world,cf231_leg,-2.608729362487793,-1.599558711051941,0.9483885765075684
1773048855,797031165,world,cf231,-2.611795663833618,-1.5970219373703003,0.963165283203125
1773048855,797031165,world,cf231_leg,-2.6085357666015625,-1.5995343923568726,0.9483283758163452
1773048855,802124563,world,cf231,-2.611464500427246,-1.5970170497894287,0.9631122350692749
1773048855,802124563,world,cf231_leg,-2.6084206104278564,-1.599554181098938,0.948403000831604
1773048855,807791695,world,cf231,-2.6112093925476074,-1.5971025228500366,0.963170051574707
1773048855,807791695,world,cf231_leg,-2.608208417892456,-1.5996605157852173,0.948553204536438
1773048855,812200165,world,cf231,-2.6109261512756348,-1.5971254110336304,0.9633283615112305
1773048855,812200165,world,cf231_leg,-2.6079962253570557,-1.5994923114776611,0.9486489295959473
1773048855,817076528,world,cf231,-2.6106982231140137,-1.5970714092254639,0.9632810354232788
1773048855,817076528,world,cf231_leg,-2.6078994274139404,-1.5995820760726929,0.9487529993057251
1773048855,825706935,world,cf231,-2.6105053424835205,-1.5972076654434204,0.9634673595428467
1773048855,825706935,world,cf231_leg,-2.6077537536621094,-1.5996288061141968,0.949259877204895
1773048855,827067761,world,cf231,-2.6102776527404785,-1.5972362756729126,0.9634653329849243
1773048855,827067761,world,cf231_leg,-2.6076154708862305,-1.5995774269104004,0.9491474628448486
1773048855,832770267,world,cf231,-2.609928846359253,-1.5972838401794434,0.9635595083236694
1773048855,832770267,world,cf231_leg,-2.6074438095092773,-1.5996254682540894,0.9492945671081543
1773048855,837101647,world,cf231,-2.6095869541168213,-1.5971635580062866,0.9634616374969482
1773048855,837101647,world,cf231_leg,-2.607233762741089,-1.5996413230895996,0.9491062164306641
1773048855,842788497,world,cf231,-2.60937762260437,-1.597225308418274,0.9635883569717407
1773048855,842788497,world,cf231_leg,-2.6071290969848633,-1.5996155738830566,0.9491252899169922
1773048855,846989787,world,cf231,-2.6092000007629395,-1.5973100662231445,0.9636532068252563
1773048855,846989787,world,cf231_leg,-2.607032537460327,-1.5997034311294556,0.9492123126983643
1773048855,851971120,world,cf231,-2.608783006668091,-1.5972286462783813,0.9636441469192505
1773048855,851971120,world,cf231_leg,-2.6068246364593506,-1.5995676517486572,0.9491499662399292
1773048855,857700011,world,cf231,-2.608398199081421,-1.5971710681915283,0.9635705947875977
1773048855,857700011,world,cf231_leg,-2.606752872467041,-1.5996041297912598,0.9492181539535522
1773048855,862804556,world,cf231,-2.6081652641296387,-1.5971225500106812,0.9635912179946899
1773048855,862804556,world,cf231_leg,-2.606658697128296,-1.5996912717819214,0.9492826461791992
1773048855,866937008,world,cf231,-2.607860565185547,-1.5971121788024902,0.9636745452880859
1773048855,866937008,world,cf231_leg,-2.6066250801086426,-1.5996724367141724,0.9493857622146606
1773048855,873163459,world,cf231,-2.607762098312378,-1.5970458984375,0.9639086723327637
1773048855,873163459,world,cf231_leg,-2.6063625812530518,-1.5995646715164185,0.9493882656097412
1773048855,877077674,world,cf231,-2.6075451374053955,-1.5971813201904297,0.9636831283569336
1773048855,877077674,world,cf231_leg,-2.606297492980957,-1.5996745824813843,0.9494094848632812
1773048855,882033008,world,cf231,-2.6074512004852295,-1.5971884727478027,0.9638781547546387
1773048855,882033008,world,cf231_leg,-2.606215238571167,-1.5995982885360718,0.9494318962097168
1773048855,887189909,world,cf231,-2.6071677207946777,-1.5970412492752075,0.9636936187744141
1773048855,887189909,world,cf231_leg,-2.606046676635742,-1.599563717842102,0.9494872093200684
1773048855,892882513,world,cf231,-2.6069843769073486,-1.5970094203948975,0.9636609554290771
1773048855,892882513,world,cf231_leg,-2.6059181690216064,-1.5995879173278809,0.949506402015686
1773048855,897203050,world,cf231,-2.6068613529205322,-1.5970293283462524,0.9637821912765503
1773048855,897203050,world,cf231_leg,-2.605855703353882,-1.5995802879333496,0.9495383501052856
1773048855,902184429,world,cf231,-2.606579542160034,-1.5969648361206055,0.9638537168502808
1773048855,902184429,world,cf231_leg,-2.6056478023529053,-1.599569320678711,0.9496903419494629
1773048855,907019235,world,cf231,-2.606327533721924,-1.596924901008606,0.9638861417770386
1773048855,907019235,world,cf231_leg,-2.6055872440338135,-1.5995584726333618,0.9496850967407227
1773048855,912209314,world,cf231,-2.606118679046631,-1.596941351890564,0.9638552665710449
1773048855,912209314,world,cf231_leg,-2.6054179668426514,-1.5995259284973145,0.9497579336166382
1773048855,917127767,world,cf231,-2.605964422225952,-1.5969353914260864,0.9640194177627563
1773048855,917127767,world,cf231_leg,-2.6052887439727783,-1.5995521545410156,0.9497946500778198
1773048855,922139763,world,cf231,-2.605872869491577,-1.5969783067703247,0.9640781879425049
1773048855,922139763,world,cf231_leg,-2.60522723197937,-1.5995428562164307,0.9498082399368286
1773048855,927143587,world,cf231,-2.6056830883026123,-1.5968679189682007,0.9640722274780273
1773048855,927143587,world,cf231_leg,-2.605135440826416,-1.5995101928710938,0.9498674869537354
1773048855,932925263,world,cf231,-2.6054718494415283,-1.5967315435409546,0.9639990329742432
1773048855,932925263,world,cf231_leg,-2.604928493499756,-1.5995361804962158,0.9499187469482422
1773048855,937312727,world,cf231,-2.605214834213257,-1.5967364311218262,0.964033842086792
1773048855,937312727,world,cf231_leg,-2.6048245429992676,-1.5993455648422241,0.9497870206832886
1773048855,942076448,world,cf231,-2.605085611343384,-1.5966095924377441,0.9641778469085693
1773048855,942076448,world,cf231_leg,-2.6046693325042725,-1.599424123764038,0.9498633146286011
1773048855,947018946,world,cf231,-2.6049644947052,-1.59669828414917,0.9640610218048096
1773048855,947018946,world,cf231_leg,-2.6046056747436523,-1.5994181632995605,0.9499136209487915
1773048855,952214875,world,cf231,-2.604724884033203,-1.5965443849563599,0.9642467498779297
1773048855,952214875,world,cf231_leg,-2.60447359085083,-1.5992857217788696,0.9498745203018188
1773048855,957063904,world,cf231,-2.6045310497283936,-1.5964009761810303,0.9641847610473633
1773048855,957063904,world,cf231_leg,-2.604280710220337,-1.599303126335144,0.9499472379684448
1773048855,962269630,world,cf231,-2.6044411659240723,-1.596445918083191,0.9642375707626343
1773048855,962269630,world,cf231_leg,-2.6042566299438477,-1.5993551015853882,0.9499642848968506
1773048855,967068089,world,cf231,-2.6042356491088867,-1.5963441133499146,0.9642155170440674
1773048855,967068089,world,cf231_leg,-2.604273557662964,-1.5993494987487793,0.949975848197937
1773048855,972410935,world,cf231,-2.604173421859741,-1.5962169170379639,0.964263916015625
1773048855,972410935,world,cf231_leg,-2.604100227355957,-1.5992746353149414,0.9499417543411255
1773048855,977279876,world,cf231,-2.604127883911133,-1.5962834358215332,0.9643325805664062
1773048855,977279876,world,cf231_leg,-2.6041276454925537,-1.5993815660476685,0.9500000476837158
1773048855,982217175,world,cf231,-2.6040585041046143,-1.5961989164352417,0.9643899202346802
1773048855,982217175,world,cf231_leg,-2.604060173034668,-1.599299669265747,0.9500576257705688
1773048855,987093338,world,cf231,-2.60396146774292,-1.5961253643035889,0.964350700378418
1773048855,987093338,world,cf231_leg,-2.603985071182251,-1.599297046661377,0.9500317573547363
1773048855,992120178,world,cf231,-2.6038966178894043,-1.5961180925369263,0.9643856287002563
1773048855,992120178,world,cf231_leg,-2.603865146636963,-1.5992766618728638,0.9500167369842529
1773048855,997764864,world,cf231,-2.603785753250122,-1.5958960056304932,0.9644567966461182
1773048855,997764864,world,cf231_leg,-2.603746175765991,-1.599137306213379,0.9500170946121216
1773048856,3263553,world,cf231,-2.603743314743042,-1.595798134803772,0.9643784761428833
1773048856,3263553,world,cf231_leg,-2.60369610786438,-1.599198341369629,0.9499223232269287
1773048856,7063025,world,cf231,-2.603726387023926,-1.5957684516906738,0.9644784927368164
1773048856,7063025,world,cf231_leg,-2.60373592376709,-1.5991829633712769,0.9500722885131836
1773048856,12797534,world,cf231,-2.603738784790039,-1.5957664251327515,0.9645582437515259
1773048856,12797534,world,cf231_leg,-2.6036627292633057,-1.5991795063018799,0.9500253200531006
1773048856,17037406,world,cf231,-2.603682518005371,-1.5956320762634277,0.9645166397094727
1773048856,17037406,world,cf231_leg,-2.603641986846924,-1.5991122722625732,0.9500343799591064
1773048856,22856902,world,cf231,-2.6037094593048096,-1.59562349319458,0.9646340608596802
1773048856,22856902,world,cf231_leg,-2.603522300720215,-1.5989749431610107,0.95005202293396
1773048856,27054487,world,cf231,-2.603675127029419,-1.595559000968933,0.9645824432373047
1773048856,27054487,world,cf231_leg,-2.6036136150360107,-1.5991655588150024,0.950095534324646
1773048856,32040786,world,cf231,-2.6037099361419678,-1.5955086946487427,0.9646884202957153
1773048856,32040786,world,cf231_leg,-2.6035940647125244,-1.599096655845642,0.9500857591629028
1773048856,37080522,world,cf231,-2.6037352085113525,-1.5953739881515503,0.9646248817443848
1773048856,37080522,world,cf231_leg,-2.603515386581421,-1.599021077156067,0.950081467628479
1773048856,42101761,world,cf231,-2.603729248046875,-1.5953816175460815,0.9647138118743896
1773048856,42101761,world,cf231_leg,-2.6034977436065674,-1.5990262031555176,0.9500713348388672
1773048856,47159844,world,cf231,-2.6037371158599854,-1.59525728225708,0.9646570682525635
1773048856,47159844,world,cf231_leg,-2.6034774780273438,-1.5989569425582886,0.9500634670257568
1773048856,53515007,world,cf231,-2.6037638187408447,-1.5952032804489136,0.9646166563034058
1773048856,53515007,world,cf231_leg,-2.6034278869628906,-1.5989012718200684,0.950000524520874
1773048856,62317831,world,cf231,-2.6038644313812256,-1.5951582193374634,0.9646657705307007
1773048856,62317831,world,cf231_leg,-2.6035215854644775,-1.5989742279052734,0.9500546455383301
1773048856,70744059,world,cf231,-2.6038527488708496,-1.5950907468795776,0.9647984504699707
1773048856,70744059,world,cf231_leg,-2.6034772396087646,-1.5989593267440796,0.9500794410705566
1773048856,70978279,world,cf231,-2.6038708686828613,-1.5950357913970947,0.9646315574645996
1773048856,70978279,world,cf231_leg,-2.603461503982544,-1.5989665985107422,0.9500623941421509
1773048856,72974322,world,cf231,-2.6038239002227783,-1.5949031114578247,0.9647146463394165
1773048856,72974322,world,cf231_leg,-2.6034393310546875,-1.5988978147506714,0.9500769376754761
1773048856,77179046,world,cf231,-2.6039493083953857,-1.5948083400726318,0.9647661447525024
1773048856,77179046,world,cf231_leg,-2.6034436225891113,-1.5988967418670654,0.9500327110290527
1773048856,82885082,world,cf231,-2.604111433029175,-1.594804048538208,0.9647054672241211
1773048856,82885082,world,cf231_leg,-2.6034395694732666,-1.59889817237854,0.950075626373291
1773048856,87024180,world,cf231,-2.6042051315307617,-1.594768762588501,0.9648648500442505
1773048856,87024180,world,cf231_leg,-2.6033706665039062,-1.598771333694458,0.9499866962432861
1773048856,91878474,world,cf231,-2.6041579246520996,-1.5945936441421509,0.9648088216781616
1773048856,91878474,world,cf231_leg,-2.603456497192383,-1.598892092704773,0.9500887393951416
1773048856,97094949,world,cf231,-2.6041839122772217,-1.5945419073104858,0.9647895097732544
1773048856,97094949,world,cf231_leg,-2.603428363800049,-1.5987845659255981,0.9500325918197632
1773048856,102186884,world,cf231,-2.6043028831481934,-1.5944843292236328,0.9648106098175049
1773048856,102186884,world,cf231_leg,-2.6034598350524902,-1.5987703800201416,0.9500654935836792
1773048856,106973484,world,cf231,-2.6044509410858154,-1.5944571495056152,0.9648314714431763
1773048856,106973484,world,cf231_leg,-2.603541135787964,-1.5988483428955078,0.9500616788864136
1773048856,112091384,world,cf231,-2.604440927505493,-1.5943427085876465,0.9647828340530396
1773048856,112091384,world,cf231_leg,-2.6034443378448486,-1.5987775325775146,0.950048565864563
1773048856,117138510,world,cf231,-2.6045687198638916,-1.5942440032958984,0.9647908210754395
1773048856,117138510,world,cf231_leg,-2.603455066680908,-1.5986125469207764,0.9500101804733276
1773048856,122034609,world,cf231,-2.6046810150146484,-1.5943114757537842,0.9648662805557251
1773048856,122034609,world,cf231_leg,-2.603505849838257,-1.59878671169281,0.9500354528427124
1773048856,127778297,world,cf231,-2.604849100112915,-1.5941550731658936,0.9648914337158203
1773048856,127778297,world,cf231_leg,-2.603555917739868,-1.598682165145874,0.9499795436859131
1773048856,131991183,world,cf231,-2.604888439178467,-1.5940991640090942,0.9649304151535034
1773048856,131991183,world,cf231_leg,-2.603595495223999,-1.5986253023147583,0.9499950408935547
1773048856,138610787,world,cf231,-2.6050589084625244,-1.5942509174346924,0.9648475646972656
1773048856,138610787,world,cf231_leg,-2.6035704612731934,-1.598676323890686,0.9500153064727783
1773048856,142137142,world,cf231,-2.605128765106201,-1.594068169593811,0.9650133848190308
1773048856,142137142,world,cf231_leg,-2.603604316711426,-1.5985785722732544,0.9499441385269165
1773048856,147124150,world,cf231,-2.605215072631836,-1.5941420793533325,0.9649499654769897
1773048856,147124150,world,cf231_leg,-2.6036415100097656,-1.5986366271972656,0.9499346017837524
1773048856,152099395,world,cf231,-2.605337381362915,-1.5940091609954834,0.9649060964584351
1773048856,152099395,world,cf231_leg,-2.6036999225616455,-1.5986504554748535,0.9499777555465698
1773048856,157075216,world,cf231,-2.60538649559021,-1.5940674543380737,0.9649941921234131
1773048856,157075216,world,cf231_leg,-2.6036806106567383,-1.5985820293426514,0.9499669075012207
1773048856,162089037,world,cf231,-2.605487585067749,-1.593977451324463,0.9648845195770264
1773048856,162089037,world,cf231_leg,-2.60379695892334,-1.5987217426300049,0.9499893188476562
1773048856,167207619,world,cf231,-2.605541467666626,-1.5939152240753174,0.9649604558944702
1773048856,167207619,world,cf231_leg,-2.603771686553955,-1.5986114740371704,0.9498940706253052
1773048856,172816094,world,cf231,-2.6055943965911865,-1.593809962272644,0.9648995399475098
1773048856,172816094,world,cf231_leg,-2.6038215160369873,-1.5986675024032593,0.9499562978744507
1773048856,177060497,world,cf231,-2.605778217315674,-1.593957543373108,0.9648754596710205
1773048856,177060497,world,cf231_leg,-2.603881597518921,-1.5986777544021606,0.9499635696411133
1773048856,182011760,world,cf231,-2.605961799621582,-1.593993067741394,0.9649256467819214
1773048856,182011760,world,cf231_leg,-2.6039066314697266,-1.5986242294311523,0.9499274492263794
1773048856,186956145,world,cf231,-2.60613751411438,-1.5940510034561157,0.9646918773651123
1773048856,186956145,world,cf231_leg,-2.604078531265259,-1.5987000465393066,0.9499825239181519
1773048856,192072129,world,cf231,-2.6061503887176514,-1.594020128250122,0.9648890495300293
1773048856,192072129,world,cf231_leg,-2.6040635108947754,-1.5987051725387573,0.9499483108520508
1773048856,197061169,world,cf231,-2.6061394214630127,-1.5939078330993652,0.9648619890213013
1773048856,197061169,world,cf231_leg,-2.604194402694702,-1.598841905593872,0.9500217437744141
1773048856,203193894,world,cf231,-2.606374502182007,-1.5939782857894897,0.964661717414856
1773048856,203193894,world,cf231_leg,-2.604144811630249,-1.5987858772277832,0.9499601125717163
1773048856,208237116,world,cf231,-2.6064491271972656,-1.5939688682556152,0.9644542932510376
1773048856,208237116,world,cf231_leg,-2.604279041290283,-1.5987977981567383,0.9499961137771606
1773048856,212049901,world,cf231,-2.6065611839294434,-1.5940102338790894,0.9646666049957275
1773048856,212049901,world,cf231_leg,-2.604292154312134,-1.5987499952316284,0.9499001502990723
1773048856,218163292,world,cf231,-2.606738328933716,-1.5940696001052856,0.9644292593002319
1773048856,218163292,world,cf231_leg,-2.6043148040771484,-1.5988601446151733,0.9500201940536499
1773048856,222071787,world,cf231,-2.606811046600342,-1.5940511226654053,0.9646593332290649
1773048856,222071787,world,cf231_leg,-2.6044368743896484,-1.5987628698349,0.9500464200973511
1773048856,227799240,world,cf231,-2.606942653656006,-1.594170331954956,0.9644548892974854
1773048856,227799240,world,cf231_leg,-2.6044132709503174,-1.5988125801086426,0.9500466585159302
1773048856,233018459,world,cf231,-2.6070663928985596,-1.5941932201385498,0.964471697807312
1773048856,233018459,world,cf231_leg,-2.6045124530792236,-1.598883032798767,0.9500370025634766
1773048856,237305272,world,cf231,-2.6070966720581055,-1.5941393375396729,0.964403510093689
1773048856,237305272,world,cf231_leg,-2.6046910285949707,-1.5989125967025757,0.9500632286071777
1773048856,242360573,world,cf231,-2.6074352264404297,-1.5943745374679565,0.9644747972488403
1773048856,242360573,world,cf231_leg,-2.604616165161133,-1.598907470703125,0.9500219821929932
1773048856,247502838,world,cf231,-2.607558012008667,-1.594393014907837,0.9644773006439209
1773048856,247502838,world,cf231_leg,-2.6047635078430176,-1.5990378856658936,0.9501090049743652
1773048856,254485044,world,cf231,-2.607642889022827,-1.5943533182144165,0.9644925594329834
1773048856,254485044,world,cf231_leg,-2.604797124862671,-1.598939299583435,0.950040340423584
1773048856,257774347,world,cf231,-2.607790231704712,-1.5944445133209229,0.9644761085510254
1773048856,257774347,world,cf231_leg,-2.6048715114593506,-1.5990638732910156,0.9500645399093628
1773048856,262154952,world,cf231,-2.6078789234161377,-1.5944018363952637,0.9644445180892944
1773048856,262154952,world,cf231_leg,-2.6048755645751953,-1.5990172624588013,0.9500606060028076
1773048856,269116112,world,cf231,-2.6081347465515137,-1.5945602655410767,0.9645320177078247
1773048856,269116112,world,cf231_leg,-2.604989528656006,-1.5990824699401855,0.9500856399536133
1773048856,272252062,world,cf231,-2.608388900756836,-1.5947202444076538,0.9646426439285278
1773048856,272252062,world,cf231_leg,-2.6050467491149902,-1.599212408065796,0.9500988721847534
1773048856,277687325,world,cf231,-2.6086089611053467,-1.5949348211288452,0.9646624326705933
1773048856,277687325,world,cf231_leg,-2.6051785945892334,-1.5992276668548584,0.9501723051071167
1773048856,282608607,world,cf231,-2.6085994243621826,-1.5948173999786377,0.9645951986312866
1773048856,282608607,world,cf231_leg,-2.605165481567383,-1.5992319583892822,0.9501169919967651
1773048856,289419505,world,cf231,-2.6085994243621826,-1.5948172807693481,0.9645956754684448
1773048856,289419505,world,cf231_leg,-2.6052396297454834,-1.599236011505127,0.9501614570617676
1773048856,292340147,world,cf231,-2.608879327774048,-1.595044732093811,0.9646474123001099
1773048856,292340147,world,cf231_leg,-2.605380058288574,-1.599326252937317,0.9501825571060181
1773048856,297007077,world,cf231,-2.6090028285980225,-1.5950673818588257,0.9646646976470947
1773048856,297007077,world,cf231_leg,-2.6054530143737793,-1.5994492769241333,0.9502118825912476
1773048856,302791389,world,cf231,-2.609231472015381,-1.595279574394226,0.9647929668426514
1773048856,302791389,world,cf231_leg,-2.605541467666626,-1.5994476079940796,0.9502929449081421
1773048856,307000131,world,cf231,-2.6093883514404297,-1.5953660011291504,0.9648640155792236
1773048856,307000131,world,cf231_leg,-2.605585813522339,-1.5994653701782227,0.9502824544906616
1773048856,312296555,world,cf231,-2.609484910964966,-1.5953967571258545,0.9647656679153442
1773048856,312296555,world,cf231_leg,-2.605571746826172,-1.5996296405792236,0.9503469467163086
1773048856,317040807,world,cf231,-2.6095263957977295,-1.5953818559646606,0.964919924736023
1773048856,317040807,world,cf231_leg,-2.6057701110839844,-1.5996507406234741,0.9503453969955444
1773048856,322422685,world,cf231,-2.609656572341919,-1.5954769849777222,0.9648736715316772
1773048856,322422685,world,cf231_leg,-2.6057891845703125,-1.5997215509414673,0.9503723382949829
1773048856,327270103,world,cf231,-2.6097631454467773,-1.5956223011016846,0.96482253074646
1773048856,327270103,world,cf231_leg,-2.6058831214904785,-1.5997921228408813,0.9504101276397705
1773048856,332698314,world,cf231,-2.6100361347198486,-1.5958192348480225,0.9650777578353882
1773048856,332698314,world,cf231_leg,-2.6059937477111816,-1.599859356880188,0.9504759311676025
1773048856,337130388,world,cf231,-2.610020160675049,-1.5958243608474731,0.9650446176528931
1773048856,337130388,world,cf231_leg,-2.6059224605560303,-1.599852442741394,0.9503927230834961
1773048856,342780734,world,cf231,-2.6101925373077393,-1.5958631038665771,0.965010404586792
1773048856,342780734,world,cf231_leg,-2.6060712337493896,-1.6000559329986572,0.9504818916320801
1773048856,346941904,world,cf231,-2.610360860824585,-1.5960620641708374,0.965107798576355
1773048856,346941904,world,cf231_leg,-2.606161117553711,-1.6000559329986572,0.9505572319030762
1773048856,352832485,world,cf231,-2.610460042953491,-1.5961341857910156,0.9651230573654175
1773048856,352832485,world,cf231_leg,-2.6061716079711914,-1.6001685857772827,0.9506032466888428
1773048856,356996234,world,cf231,-2.610569715499878,-1.596203088760376,0.965221643447876
1773048856,356996234,world,cf231_leg,-2.6062874794006348,-1.6003077030181885,0.9506272077560425
1773048856,364396996,world,cf231,-2.610642433166504,-1.5963261127471924,0.9652584791183472
1773048856,364396996,world,cf231_leg,-2.6062729358673096,-1.6003570556640625,0.9507418870925903
1773048856,368750277,world,cf231,-2.6107614040374756,-1.5964699983596802,0.9652857780456543
1773048856,368750277,world,cf231_leg,-2.606384515762329,-1.6005394458770752,0.950756311416626
1773048856,372475481,world,cf231,-2.6109530925750732,-1.5965760946273804,0.965248703956604
1773048856,372475481,world,cf231_leg,-2.6064305305480957,-1.6005998849868774,0.9508756399154663
1773048856,378823936,world,cf231,-2.611102819442749,-1.5967470407485962,0.9654682874679565
1773048856,378823936,world,cf231_leg,-2.6064863204956055,-1.600725531578064,0.9508785009384155
1773048856,382421064,world,cf231,-2.611133098602295,-1.5968877077102661,0.965370774269104
1773048856,382421064,world,cf231_leg,-2.606461763381958,-1.6007771492004395,0.9508967399597168
1773048856,388012269,world,cf231,-2.6112935543060303,-1.5970131158828735,0.9655346870422363
1773048856,388012269,world,cf231_leg,-2.6064743995666504,-1.6007720232009888,0.9509544372558594
1773048856,393300520,world,cf231,-2.6113548278808594,-1.5970240831375122,0.9655444622039795
1773048856,393300520,world,cf231_leg,-2.6066343784332275,-1.6008539199829102,0.9509481191635132
1773048856,397172482,world,cf231,-2.6114730834960938,-1.5971670150756836,0.9655739068984985
1773048856,397172482,world,cf231_leg,-2.606571912765503,-1.6010019779205322,0.9510658979415894
1773048856,402803131,world,cf231,-2.6116108894348145,-1.5973403453826904,0.9657126665115356
1773048856,402803131,world,cf231_leg,-2.606762647628784,-1.6011483669281006,0.9511470794677734
1773048856,407083479,world,cf231,-2.6116912364959717,-1.597421646118164,0.9657382965087891
1773048856,407083479,world,cf231_leg,-2.606624126434326,-1.6012519598007202,0.9511075019836426
1773048856,412727669,world,cf231,-2.611748218536377,-1.5975502729415894,0.9657400846481323
1773048856,412727669,world,cf231_leg,-2.606675148010254,-1.601306676864624,0.9511494636535645
1773048856,417350010,world,cf231,-2.6118197441101074,-1.5976760387420654,0.9657965898513794
1773048856,417350010,world,cf231_leg,-2.6067261695861816,-1.6014384031295776,0.951228141784668
1773048856,422021172,world,cf231,-2.6118412017822266,-1.597745418548584,0.9657872915267944
1773048856,422021172,world,cf231_leg,-2.6067771911621094,-1.6014900207519531,0.9512563943862915
1773048856,426991003,world,cf231,-2.6119110584259033,-1.5978692770004272,0.9658493995666504
1773048856,426991003,world,cf231_leg,-2.6067581176757812,-1.601616382598877,0.9512470960617065
1773048856,432512963,world,cf231,-2.612062931060791,-1.5980726480484009,0.9659141302108765
1773048856,432512963,world,cf231_leg,-2.6067914962768555,-1.6016786098480225,0.9512952566146851
1773048856,437890824,world,cf231,-2.6121139526367188,-1.5981297492980957,0.9659775495529175
1773048856,437890824,world,cf231_leg,-2.606764554977417,-1.6018500328063965,0.951318621635437
1773048856,442044773,world,cf231,-2.6120736598968506,-1.5981875658035278,0.9659600257873535
1773048856,442044773,world,cf231_leg,-2.6066911220550537,-1.6018847227096558,0.9513925313949585
1773048856,447452994,world,cf231,-2.61222767829895,-1.5983967781066895,0.9660356044769287
1773048856,447452994,world,cf231_leg,-2.606868028640747,-1.6020323038101196,0.9514051675796509
1773048856,452030223,world,cf231,-2.6122536659240723,-1.5985026359558105,0.9660986661911011
1773048856,452030223,world,cf231_leg,-2.606809139251709,-1.6021785736083984,0.9514806270599365
1773048856,458652205,world,cf231,-2.612257719039917,-1.5985790491104126,0.9660784006118774
1773048856,458652205,world,cf231_leg,-2.606841802597046,-1.6022425889968872,0.9515469074249268
1773048856,462368196,world,cf231,-2.6123464107513428,-1.5986974239349365,0.9661468267440796
1773048856,462368196,world,cf231_leg,-2.6067590713500977,-1.6022827625274658,0.9515373706817627
1773048856,466953675,world,cf231,-2.6123270988464355,-1.5988246202468872,0.9661203622817993
1773048856,466953675,world,cf231_leg,-2.6067769527435303,-1.6023526191711426,0.9515671730041504
1773048856,472017716,world,cf231,-2.6123976707458496,-1.5989488363265991,0.9661809206008911
1773048856,472017716,world,cf231_leg,-2.60673189163208,-1.6024514436721802,0.951546311378479
1773048856,476997669,world,cf231,-2.6124961376190186,-1.5992215871810913,0.9662038087844849
1773048856,476997669,world,cf231_leg,-2.606720209121704,-1.602498173713684,0.951621413230896
1773048856,482048701,world,cf231,-2.6124653816223145,-1.599195957183838,0.9662460088729858
1773048856,482048701,world,cf231_leg,-2.6066343784332275,-1.6025406122207642,0.9516524076461792
1773048856,487049878,world,cf231,-2.612535238265991,-1.599323034286499,0.9663258790969849
1773048856,487049878,world,cf231_leg,-2.6065804958343506,-1.6026057004928589,0.9516160488128662
1773048856,492954803,world,cf231,-2.612523078918457,-1.599565029144287,0.9663734436035156
1773048856,492954803,world,cf231_leg,-2.6066277027130127,-1.6027814149856567,0.9516831636428833
1773048856,498071319,world,cf231,-2.612531900405884,-1.5996816158294678,0.9664424657821655
1773048856,498071319,world,cf231_leg,-2.606544256210327,-1.6028209924697876,0.9516762495040894
1773048856,503020313,world,cf231,-2.6124675273895264,-1.5997893810272217,0.9664218425750732
1773048856,503020313,world,cf231_leg,-2.606494426727295,-1.6029256582260132,0.95173180103302
1773048856,506891072,world,cf231,-2.6124770641326904,-1.5999032258987427,0.9664710760116577
1773048856,506891072,world,cf231_leg,-2.606558084487915,-1.603097677230835,0.9518280029296875
1773048856,513636517,world,cf231,-2.612433671951294,-1.59996497631073,0.9664977788925171
1773048856,513636517,world,cf231_leg,-2.606482982635498,-1.6030924320220947,0.9517875909805298
1773048856,517134602,world,cf231,-2.6125028133392334,-1.600206732749939,0.9665228128433228
1773048856,517134602,world,cf231_leg,-2.606410264968872,-1.60325026512146,0.9518554210662842
1773048856,522032862,world,cf231,-2.612372398376465,-1.600308895111084,0.9665602445602417
1773048856,522032862,world,cf231_leg,-2.6064765453338623,-1.6033741235733032,0.9519529342651367
1773048856,527158900,world,cf231,-2.6124045848846436,-1.6004899740219116,0.9665786027908325
1773048856,527158900,world,cf231_leg,-2.606335163116455,-1.6033645868301392,0.9517972469329834
1773048856,532025584,world,cf231,-2.6122374534606934,-1.6006840467453003,0.9664396047592163
1773048856,532025584,world,cf231_leg,-2.606391191482544,-1.6036540269851685,0.9519306421279907
1773048856,537074306,world,cf231,-2.6122632026672363,-1.6007896661758423,0.9665036201477051
1773048856,537074306,world,cf231_leg,-2.6064069271087646,-1.6037240028381348,0.9519835710525513
1773048856,542042326,world,cf231,-2.612229108810425,-1.6010764837265015,0.9665073156356812
1773048856,542042326,world,cf231_leg,-2.606276035308838,-1.603825569152832,0.9520634412765503
1773048856,548740362,world,cf231,-2.6120736598968506,-1.60122811794281,0.9665426015853882
1773048856,548740362,world,cf231_leg,-2.606309413909912,-1.6040019989013672,0.9520628452301025
1773048856,552024711,world,cf231,-2.61201810836792,-1.6012948751449585,0.9665083885192871
1773048856,552024711,world,cf231_leg,-2.606275796890259,-1.604102611541748,0.9521486759185791
1773048856,556995286,world,cf231,-2.611940383911133,-1.6014460325241089,0.9665498733520508
1773048856,556995286,world,cf231_leg,-2.606269598007202,-1.6042215824127197,0.9521808624267578
1773048856,561951635,world,cf231,-2.6118252277374268,-1.601542592048645,0.966621994972229
1773048856,561951635,world,cf231_leg,-2.6063172817230225,-1.6045118570327759,0.95219886302948
1773048856,567412978,world,cf231,-2.6117143630981445,-1.6016299724578857,0.9666099548339844
1773048856,567412978,world,cf231_leg,-2.606180191040039,-1.6043825149536133,0.9522215127944946
1773048856,572690491,world,cf231,-2.61169171333313,-1.6019207239151,0.9667311906814575
1773048856,572690491,world,cf231_leg,-2.6062228679656982,-1.6046758890151978,0.9523011445999146
1773048856,576952668,world,cf231,-2.6115663051605225,-1.6020148992538452,0.9666815996170044
1773048856,576952668,world,cf231_leg,-2.6061465740203857,-1.604789137840271,0.9522464275360107
1773048856,582025061,world,cf231,-2.6114304065704346,-1.6020426750183105,0.9667608737945557
1773048856,582025061,world,cf231_leg,-2.6060779094696045,-1.604825735092163,0.9522902965545654
1773048856,587019839,world,cf231,-2.6112916469573975,-1.6021476984024048,0.9666883945465088
1773048856,587019839,world,cf231_leg,-2.606125831604004,-1.6051138639450073,0.9522914886474609
1773048856,592120091,world,cf231,-2.611050844192505,-1.6023446321487427,0.9667474031448364
1773048856,592120091,world,cf231_leg,-2.6059443950653076,-1.6050007343292236,0.9522104263305664
1773048856,596887707,world,cf231,-2.610952615737915,-1.6023883819580078,0.9666745662689209
1773048856,596887707,world,cf231_leg,-2.6058311462402344,-1.6051677465438843,0.9521021842956543
1773048856,602017979,world,cf231,-2.610830068588257,-1.6026462316513062,0.966689944267273
1773048856,602017979,world,cf231_leg,-2.605926752090454,-1.6053975820541382,0.9522367715835571
1773048856,607766565,world,cf231,-2.6108505725860596,-1.6029971837997437,0.9667640924453735
1773048856,607766565,world,cf231_leg,-2.60587215423584,-1.605459213256836,0.9521877765655518
1773048856,612000853,world,cf231,-2.6106648445129395,-1.6029624938964844,0.9667408466339111
1773048856,612000853,world,cf231_leg,-2.6057026386260986,-1.6055408716201782,0.9522138833999634
1773048856,617057693,world,cf231,-2.610612392425537,-1.603265404701233,0.9667901992797852
1773048856,617057693,world,cf231_leg,-2.6055924892425537,-1.6056346893310547,0.9522640705108643
1773048856,622006214,world,cf231,-2.610377550125122,-1.6033329963684082,0.9667813777923584
1773048856,622006214,world,cf231_leg,-2.6055679321289062,-1.6056861877441406,0.9522826671600342
1773048856,627018080,world,cf231,-2.6101555824279785,-1.6034361124038696,0.9667378664016724
1773048856,627018080,world,cf231_leg,-2.6054165363311768,-1.6057984828948975,0.9524233341217041
1773048856,631927450,world,cf231,-2.6099963188171387,-1.6035934686660767,0.9668394327163696
1773048856,631927450,world,cf231_leg,-2.6053667068481445,-1.6059030294418335,0.9524787664413452
1773048856,637008913,world,cf231,-2.609778881072998,-1.603736400604248,0.9668866395950317
1773048856,637008913,world,cf231_leg,-2.6052565574645996,-1.6058392524719238,0.9524261951446533
1773048856,641928559,world,cf231,-2.609529733657837,-1.6038110256195068,0.966839075088501
1773048856,641928559,world,cf231_leg,-2.605107545852661,-1.6059876680374146,0.9524441957473755
1773048856,647007138,world,cf231,-2.609351634979248,-1.6038529872894287,0.9667673110961914
1773048856,647007138,world,cf231_leg,-2.6049723625183105,-1.605974793434143,0.9524121284484863
1773048856,652145285,world,cf231,-2.6090471744537354,-1.604036569595337,0.9668242931365967
1773048856,652145285,world,cf231_leg,-2.60487961769104,-1.6060577630996704,0.9524439573287964
1773048856,657019745,world,cf231,-2.60895037651062,-1.6043144464492798,0.9668416976928711
1773048856,657019745,world,cf231_leg,-2.6048595905303955,-1.6063079833984375,0.9524503946304321
1773048856,661896169,world,cf231,-2.6086411476135254,-1.6042221784591675,0.9666972160339355
1773048856,661896169,world,cf231_leg,-2.6045966148376465,-1.6062238216400146,0.9520766735076904
1773048856,667221700,world,cf231,-2.608564615249634,-1.6045747995376587,0.966744065284729
1773048856,667221700,world,cf231_leg,-2.6045143604278564,-1.6063878536224365,0.9522682428359985
1773048856,672012507,world,cf231,-2.608276605606079,-1.6045935153961182,0.9667311906814575
1773048856,672012507,world,cf231_leg,-2.6044247150421143,-1.60658860206604,0.9524314403533936
1773048856,677879289,world,cf231,-2.6082346439361572,-1.6048102378845215,0.9668207168579102
1773048856,677879289,world,cf231_leg,-2.604344129562378,-1.6066244840621948,0.9521803855895996
1773048856,682028134,world,cf231,-2.6080310344696045,-1.6049039363861084,0.9667682647705078
1773048856,682028134,world,cf231_leg,-2.6042134761810303,-1.6067687273025513,0.9522050619125366
1773048856,687739013,world,cf231,-2.6079957485198975,-1.6050845384597778,0.9668847322463989
1773048856,687739013,world,cf231_leg,-2.6041550636291504,-1.6068342924118042,0.9522155523300171
1773048856,692018210,world,cf231,-2.6077182292938232,-1.6050575971603394,0.966816782951355
1773048856,692018210,world,cf231_leg,-2.604053497314453,-1.606806755065918,0.952194094657898
1773048856,697733589,world,cf231,-2.6076509952545166,-1.6052651405334473,0.9664925336837769
1773048856,697733589,world,cf231_leg,-2.60404109954834,-1.6070466041564941,0.9522756338119507
1773048856,702896936,world,cf231,-2.607424020767212,-1.6053102016448975,0.966765284538269
1773048856,702896936,world,cf231_leg,-2.6040396690368652,-1.6071648597717285,0.9522624015808105
1773048856,707341975,world,cf231,-2.6071979999542236,-1.605337381362915,0.966741681098938
1773048856,707341975,world,cf231_leg,-2.6039395332336426,-1.6072132587432861,0.9522578716278076
1773048856,712583295,world,cf231,-2.607107400894165,-1.6054961681365967,0.966742753982544
1773048856,712583295,world,cf231_leg,-2.603900671005249,-1.6073870658874512,0.9522086381912231
1773048856,716921095,world,cf231,-2.606903076171875,-1.605637788772583,0.9668675661087036
1773048856,716921095,world,cf231_leg,-2.6038615703582764,-1.607487440109253,0.9523431062698364
1773048856,722688570,world,cf231,-2.606799840927124,-1.6057788133621216,0.9669623374938965
1773048856,722688570,world,cf231_leg,-2.6037964820861816,-1.6075537204742432,0.9522145986557007
1773048856,726988116,world,cf231,-2.606570243835449,-1.6058353185653687,0.966848611831665
1773048856,726988116,world,cf231_leg,-2.6036853790283203,-1.6076492071151733,0.9522837400436401
1773048856,731890553,world,cf231,-2.606410026550293,-1.6058673858642578,0.9667690992355347
1773048856,731890553,world,cf231_leg,-2.6037440299987793,-1.6078519821166992,0.9522989988327026
1773048856,736986784,world,cf231,-2.6062567234039307,-1.6061514616012573,0.9670207500457764
1773048856,736986784,world,cf231_leg,-2.603569984436035,-1.6078191995620728,0.9522136449813843
1773048856,742130914,world,cf231,-2.606024742126465,-1.6061702966690063,0.9668105840682983
1773048856,742130914,world,cf231_leg,-2.603623628616333,-1.608108401298523,0.9523717164993286
1773048856,747035887,world,cf231,-2.6059036254882812,-1.6062774658203125,0.9669898748397827
1773048856,747035887,world,cf231_leg,-2.603614330291748,-1.6081546545028687,0.9524242877960205
1773048856,752034702,world,cf231,-2.6057255268096924,-1.6062344312667847,0.9668540954589844
1773048856,752034702,world,cf231_leg,-2.6034390926361084,-1.6081233024597168,0.9523583650588989
1773048856,756880971,world,cf231,-2.6054723262786865,-1.6062730550765991,0.9667325019836426
1773048856,756880971,world,cf231_leg,-2.6033642292022705,-1.608352780342102,0.9524575471878052
1773048856,762084008,world,cf231,-2.605529546737671,-1.6065647602081299,0.9668561220169067
1773048856,762084008,world,cf231_leg,-2.603363513946533,-1.608277678489685,0.9524381160736084
1773048856,767760566,world,cf231,-2.6053929328918457,-1.6065502166748047,0.9667981863021851
1773048856,767760566,world,cf231_leg,-2.6032867431640625,-1.60846745967865,0.9524223804473877
1773048856,772097337,world,cf231,-2.6053848266601562,-1.6067590713500977,0.9669201374053955
1773048856,772097337,world,cf231_leg,-2.603287935256958,-1.6085829734802246,0.9523704051971436
1773048856,776915364,world,cf231,-2.6053431034088135,-1.6068938970565796,0.9669636487960815
1773048856,776915364,world,cf231_leg,-2.6032052040100098,-1.6086231470108032,0.9523618221282959
1773048856,782048809,world,cf231,-2.6051878929138184,-1.6068884134292603,0.9669157266616821
1773048856,782048809,world,cf231_leg,-2.6032543182373047,-1.6087552309036255,0.9524632692337036
1773048856,787717858,world,cf231,-2.605175018310547,-1.607135534286499,0.967004656791687
1773048856,787717858,world,cf231_leg,-2.6030185222625732,-1.608712911605835,0.9523926973342896
1773048856,792104401,world,cf231,-2.6050057411193848,-1.6070517301559448,0.9668539762496948
1773048856,792104401,world,cf231_leg,-2.6030876636505127,-1.6088368892669678,0.9524655342102051
1773048856,797122256,world,cf231,-2.604933738708496,-1.6070863008499146,0.9669003486633301
1773048856,797122256,world,cf231_leg,-2.6029767990112305,-1.6087723970413208,0.9524157047271729
1773048856,801965796,world,cf231,-2.6048741340637207,-1.6072708368301392,0.9668591022491455
1773048856,801965796,world,cf231_leg,-2.6029651165008545,-1.6089357137680054,0.9524588584899902
1773048856,807173758,world,cf231,-2.6048388481140137,-1.6074060201644897,0.9668195247650146
1773048856,807173758,world,cf231_leg,-2.6029863357543945,-1.6090033054351807,0.9524483680725098
1773048856,811921304,world,cf231,-2.6048476696014404,-1.607481837272644,0.9669841527938843
1773048856,811921304,world,cf231_leg,-2.602936029434204,-1.6089879274368286,0.9525235891342163
1773048856,817854400,world,cf231,-2.6046931743621826,-1.6074318885803223,0.9667766094207764
1773048856,817854400,world,cf231_leg,-2.6030194759368896,-1.609220266342163,0.9525847434997559
1773048856,821916270,world,cf231,-2.604665756225586,-1.6074851751327515,0.9668190479278564
1773048856,821916270,world,cf231_leg,-2.6028854846954346,-1.609208345413208,0.952549934387207
1773048856,826920104,world,cf231,-2.6047120094299316,-1.6076618432998657,0.966896653175354
1773048856,826920104,world,cf231_leg,-2.6029322147369385,-1.6092143058776855,0.9522508382797241
1773048856,831942660,world,cf231,-2.6046111583709717,-1.6077065467834473,0.966849684715271
1773048856,831942660,world,cf231_leg,-2.602895975112915,-1.6092714071273804,0.9522101879119873
1773048856,837155314,world,cf231,-2.60479998588562,-1.607864499092102,0.9670318365097046
1773048856,837155314,world,cf231_leg,-2.6028690338134766,-1.6093230247497559,0.9522526264190674
1773048856,842061487,world,cf231,-2.604734182357788,-1.6077287197113037,0.9668673276901245
1773048856,842061487,world,cf231_leg,-2.6029396057128906,-1.6094484329223633,0.9523206949234009
1773048856,847686984,world,cf231,-2.604870319366455,-1.6079915761947632,0.9671117067337036
1773048856,847686984,world,cf231_leg,-2.6028170585632324,-1.6093846559524536,0.9521803855895996
1773048856,852777630,world,cf231,-2.6046712398529053,-1.6078310012817383,0.9668084383010864
1773048856,852777630,world,cf231_leg,-2.6028878688812256,-1.6095099449157715,0.9522483348846436
1773048856,856978016,world,cf231,-2.604766607284546,-1.6079093217849731,0.9668878316879272
1773048856,856978016,world,cf231_leg,-2.602889060974121,-1.6095060110092163,0.9522141218185425
1773048856,862020985,world,cf231,-2.604776382446289,-1.6078664064407349,0.966852068901062
1773048856,862020985,world,cf231_leg,-2.6028878688812256,-1.6096305847167969,0.9524352550506592
1773048856,866990283,world,cf231,-2.604860782623291,-1.6078996658325195,0.9666725397109985
1773048856,866990283,world,cf231_leg,-2.6028170585632324,-1.6095067262649536,0.9521780014038086
1773048856,872282082,world,cf231,-2.604874849319458,-1.607892632484436,0.9667114019393921
1773048856,872282082,world,cf231_leg,-2.602813720703125,-1.6096227169036865,0.9521725177764893
1773048856,877684392,world,cf231,-2.60493803024292,-1.6079018115997314,0.9666978120803833
1773048856,877684392,world,cf231_leg,-2.6028671264648438,-1.6097140312194824,0.9522978067398071
1773048856,881967657,world,cf231,-2.6050543785095215,-1.6078486442565918,0.9667607545852661
1773048856,881967657,world,cf231_leg,-2.6029415130615234,-1.6097185611724854,0.9523401260375977
1773048856,886851359,world,cf231,-2.6051459312438965,-1.6079543828964233,0.9665170907974243
1773048856,886851359,world,cf231_leg,-2.6028056144714355,-1.6096985340118408,0.9520769119262695
1773048856,892049243,world,cf231,-2.605213165283203,-1.6078879833221436,0.9666506052017212
1773048856,892049243,world,cf231_leg,-2.602851629257202,-1.6097127199172974,0.9520300626754761
1773048856,897027639,world,cf231,-2.6053404808044434,-1.6079009771347046,0.9665845632553101
1773048856,897027639,world,cf231_leg,-2.6029345989227295,-1.6097893714904785,0.9520061016082764
1773048856,902356779,world,cf231,-2.6054654121398926,-1.608076810836792,0.9664306640625
1773048856,902356779,world,cf231_leg,-2.6029374599456787,-1.6097897291183472,0.9519809484481812
1773048856,907767607,world,cf231,-2.6054575443267822,-1.607958197593689,0.9663395881652832
1773048856,907767607,world,cf231_leg,-2.602971076965332,-1.6098521947860718,0.9520281553268433
1773048856,912073035,world,cf231,-2.605682134628296,-1.6078928709030151,0.9664785861968994
1773048856,912073035,world,cf231_leg,-2.603034496307373,-1.6098604202270508,0.9519933462142944
1773048856,917057284,world,cf231,-2.6057379245758057,-1.6079813241958618,0.9663633108139038
1773048856,917057284,world,cf231_leg,-2.603097915649414,-1.610062837600708,0.9519625902175903
1773048856,922089900,world,cf231,-2.6058192253112793,-1.6080182790756226,0.9662280082702637
1773048856,922089900,world,cf231_leg,-2.6030495166778564,-1.6100057363510132,0.9518810510635376
1773048856,927043867,world,cf231,-2.606004238128662,-1.6080480813980103,0.9662370681762695
1773048856,927043867,world,cf231_leg,-2.6031339168548584,-1.610081672668457,0.9518357515335083
1773048856,932677217,world,cf231,-2.606158971786499,-1.6081231832504272,0.9660733938217163
1773048856,932677217,world,cf231_leg,-2.603290557861328,-1.610164761543274,0.9518712759017944
1773048856,936952367,world,cf231,-2.606268882751465,-1.6079944372177124,0.9661818742752075
1773048856,936952367,world,cf231_leg,-2.603296995162964,-1.6102324724197388,0.9517955780029297
1773048856,941900932,world,cf231,-2.6063780784606934,-1.6080172061920166,0.966124415397644
1773048856,941900932,world,cf231_leg,-2.603390693664551,-1.610188603401184,0.951880931854248
1773048856,946995431,world,cf231,-2.606473684310913,-1.6080905199050903,0.9659519195556641
1773048856,946995431,world,cf231_leg,-2.603404998779297,-1.61026132106781,0.9517648220062256
1773048856,952179030,world,cf231,-2.606712818145752,-1.6080188751220703,0.9661275148391724
1773048856,952179030,world,cf231_leg,-2.6034743785858154,-1.6103852987289429,0.951837420463562
1773048856,957709063,world,cf231,-2.606895923614502,-1.6080505847930908,0.9661588668823242
1773048856,957709063,world,cf231_leg,-2.603529691696167,-1.6103531122207642,0.9517384767532349
1773048856,962358664,world,cf231,-2.60684871673584,-1.6079908609390259,0.9660483598709106
1773048856,962358664,world,cf231_leg,-2.603578805923462,-1.6103646755218506,0.9516525268554688
1773048856,967636527,world,cf231,-2.6069095134735107,-1.6079996824264526,0.9658254384994507
1773048856,967636527,world,cf231_leg,-2.603645086288452,-1.6104815006256104,0.9514999389648438
1773048856,971935290,world,cf231,-2.6070168018341064,-1.6080269813537598,0.9658099412918091
1773048856,971935290,world,cf231_leg,-2.6037144660949707,-1.6105653047561646,0.9514360427856445
1773048856,976916301,world,cf231,-2.6071665287017822,-1.6079983711242676,0.9658052921295166
1773048856,976916301,world,cf231_leg,-2.6037402153015137,-1.610512375831604,0.9513980150222778
1773048856,982780400,world,cf231,-2.6073734760284424,-1.6080951690673828,0.9657844305038452
1773048856,982780400,world,cf231_leg,-2.6038084030151367,-1.6105923652648926,0.9513225555419922
1773048856,987069277,world,cf231,-2.6074836254119873,-1.6081219911575317,0.9657429456710815
1773048856,987069277,world,cf231_leg,-2.603996515274048,-1.6106950044631958,0.9512771368026733
1773048856,992025874,world,cf231,-2.607475757598877,-1.6080070734024048,0.9656690359115601
1773048856,992025874,world,cf231_leg,-2.6040408611297607,-1.6107125282287598,0.951266884803772
1773048856,997039510,world,cf231,-2.6076204776763916,-1.6080949306488037,0.9656606912612915
1773048856,997039510,world,cf231_leg,-2.604074001312256,-1.6107308864593506,0.9511655569076538
1773048857,2060725,world,cf231,-2.607713460922241,-1.6081291437149048,0.9656070470809937
1773048857,2060725,world,cf231_leg,-2.604140281677246,-1.6107803583145142,0.9512406587600708
1773048857,7004810,world,cf231,-2.6077933311462402,-1.6079705953598022,0.9655040502548218
1773048857,7004810,world,cf231_leg,-2.604306221008301,-1.6108146905899048,0.9512085914611816
1773048857,12042913,world,cf231,-2.60795521736145,-1.6080518960952759,0.9655052423477173
1773048857,12042913,world,cf231_leg,-2.6043410301208496,-1.6108660697937012,0.9509721994400024
1773048857,17108604,world,cf231,-2.6079492568969727,-1.6080137491226196,0.9654374122619629
1773048857,17108604,world,cf231_leg,-2.6043806076049805,-1.6110035181045532,0.9509906768798828
1773048857,22102130,world,cf231,-2.608031988143921,-1.6080938577651978,0.9654381275177002
1773048857,22102130,world,cf231_leg,-2.6045074462890625,-1.6110178232192993,0.9509052038192749
1773048857,27025091,world,cf231,-2.6081652641296387,-1.6080701351165771,0.9654015302658081
1773048857,27025091,world,cf231_leg,-2.60469388961792,-1.6111215353012085,0.9508798122406006
1773048857,31971646,world,cf231,-2.608182191848755,-1.6080174446105957,0.9652565717697144
1773048857,31971646,world,cf231_leg,-2.6045784950256348,-1.6110146045684814,0.950724720954895
1773048857,37020231,world,cf231,-2.6083669662475586,-1.6080509424209595,0.9652829170227051
1773048857,37020231,world,cf231_leg,-2.60475492477417,-1.6112807989120483,0.9507215023040771
1773048857,41967158,world,cf231,-2.6084046363830566,-1.6079516410827637,0.9651864767074585
1773048857,41967158,world,cf231_leg,-2.6048271656036377,-1.6111257076263428,0.9506678581237793
1773048857,46961740,world,cf231,-2.6085081100463867,-1.6081002950668335,0.9651801586151123
1773048857,46961740,world,cf231_leg,-2.604835033416748,-1.611197590827942,0.9506022930145264
1773048857,52724489,world,cf231,-2.6086246967315674,-1.6080020666122437,0.9650849103927612
1773048857,52724489,world,cf231_leg,-2.604917049407959,-1.6113072633743286,0.9504673480987549
1773048857,56999459,world,cf231,-2.608731269836426,-1.608191967010498,0.9651920795440674
1773048857,56999459,world,cf231_leg,-2.6050596237182617,-1.6113603115081787,0.9505636692047119
1773048857,62037048,world,cf231,-2.6088390350341797,-1.6081750392913818,0.9650170803070068
1773048857,62037048,world,cf231_leg,-2.6050784587860107,-1.6112680435180664,0.9504578113555908
1773048857,66867672,world,cf231,-2.6088337898254395,-1.6081377267837524,0.964946985244751
1773048857,66867672,world,cf231_leg,-2.6052093505859375,-1.6114013195037842,0.9505167007446289
1773048857,71876924,world,cf231,-2.6088199615478516,-1.6081417798995972,0.964889645576477
1773048857,71876924,world,cf231_leg,-2.6052675247192383,-1.6114858388900757,0.9503616094589233
1773048857,76953950,world,cf231,-2.6089751720428467,-1.6083441972732544,0.9649280309677124
1773048857,76953950,world,cf231_leg,-2.6053965091705322,-1.611459732055664,0.9503237009048462
1773048857,82031345,world,cf231,-2.608994245529175,-1.6081753969192505,0.9648137092590332
1773048857,82031345,world,cf231_leg,-2.605417490005493,-1.6115269660949707,0.950313925743103
1773048857,86836779,world,cf231,-2.609123468399048,-1.608269453048706,0.9647694826126099
1773048857,86836779,world,cf231_leg,-2.605485439300537,-1.6116056442260742,0.9500340223312378
1773048857,92002041,world,cf231,-2.609157085418701,-1.6082911491394043,0.9646836519241333
1773048857,92002041,world,cf231_leg,-2.6056623458862305,-1.6116359233856201,0.9500794410705566
1773048857,96899821,world,cf231,-2.609177827835083,-1.6083595752716064,0.9646767377853394
1773048857,96899821,world,cf231_leg,-2.605740785598755,-1.6115963459014893,0.9499263763427734
1773048857,101926048,world,cf231,-2.609326124191284,-1.6083965301513672,0.9644453525543213
1773048857,101926048,world,cf231_leg,-2.605774164199829,-1.61161470413208,0.9498246908187866
1773048857,106896040,world,cf231,-2.6094982624053955,-1.6084766387939453,0.9645509719848633
1773048857,106896040,world,cf231_leg,-2.6060256958007812,-1.6117669343948364,0.9498776197433472
1773048857,112343948,world,cf231,-2.60953426361084,-1.6084941625595093,0.9644218683242798
1773048857,112343948,world,cf231_leg,-2.605921983718872,-1.6115795373916626,0.949761152267456
1773048857,116953979,world,cf231,-2.609618663787842,-1.608523964881897,0.9642248153686523
1773048857,116953979,world,cf231_leg,-2.606051445007324,-1.611670732498169,0.9496891498565674
1773048857,121907963,world,cf231,-2.6098241806030273,-1.608626127243042,0.9642437696456909
1773048857,121907963,world,cf231_leg,-2.606232166290283,-1.611859917640686,0.9498088359832764
1773048857,127101291,world,cf231,-2.609822988510132,-1.6085829734802246,0.9641077518463135
1773048857,127101291,world,cf231_leg,-2.6063954830169678,-1.6118199825286865,0.9497784376144409
1773048857,132708662,world,cf231,-2.6099939346313477,-1.6087350845336914,0.9640220403671265
1773048857,132708662,world,cf231_leg,-2.6065316200256348,-1.6118650436401367,0.9496769905090332
1773048857,136903387,world,cf231,-2.6102206707000732,-1.6089028120040894,0.964015007019043
1773048857,136903387,world,cf231_leg,-2.606640338897705,-1.6120060682296753,0.9495809078216553
1773048857,141944171,world,cf231,-2.6102757453918457,-1.6089484691619873,0.9637629985809326
1773048857,141944171,world,cf231_leg,-2.6067535877227783,-1.6120266914367676,0.9494571685791016
1773048857,146923563,world,cf231,-2.6104578971862793,-1.6090977191925049,0.9637588262557983
1773048857,146923563,world,cf231_leg,-2.6067678928375244,-1.611860990524292,0.9493750333786011
1773048857,152733509,world,cf231,-2.610471487045288,-1.60904860496521,0.9636591672897339
1773048857,152733509,world,cf231_leg,-2.6068787574768066,-1.6119590997695923,0.9493106603622437
1773048857,157016848,world,cf231,-2.6106743812561035,-1.6091806888580322,0.963585376739502
1773048857,157016848,world,cf231_leg,-2.60713267326355,-1.6122684478759766,0.9494436979293823
1773048857,162755306,world,cf231,-2.610790491104126,-1.6092824935913086,0.9634997844696045
1773048857,162755306,world,cf231_leg,-2.607274055480957,-1.612196683883667,0.9493275880813599
1773048857,166778355,world,cf231,-2.6108920574188232,-1.6092320680618286,0.9635088443756104
1773048857,166778355,world,cf231_leg,-2.6073319911956787,-1.6121639013290405,0.9492061138153076
1773048857,172673039,world,cf231,-2.6110153198242188,-1.609372854232788,0.9634882211685181
1773048857,172673039,world,cf231_leg,-2.6074483394622803,-1.6123006343841553,0.9492130279541016
1773048857,176861720,world,cf231,-2.611135959625244,-1.6093957424163818,0.9635313749313354
1773048857,176861720,world,cf231_leg,-2.6076807975769043,-1.6123872995376587,0.9492700099945068
1773048857,182354743,world,cf231,-2.6112587451934814,-1.6095325946807861,0.9634944200515747
1773048857,182354743,world,cf231_leg,-2.6076910495758057,-1.6123394966125488,0.9491989612579346
1773048857,186849629,world,cf231,-2.611325979232788,-1.6096148490905762,0.9634431600570679
1773048857,186849629,world,cf231_leg,-2.607853889465332,-1.612536072731018,0.9493247270584106
1773048857,191901081,world,cf231,-2.6114165782928467,-1.6096147298812866,0.9633108377456665
1773048857,191901081,world,cf231_leg,-2.60807728767395,-1.6126978397369385,0.9492888450622559
1773048857,197013206,world,cf231,-2.6116816997528076,-1.6098827123641968,0.9634287357330322
1773048857,197013206,world,cf231_leg,-2.608065605163574,-1.6125435829162598,0.9491114616394043
1773048857,201974773,world,cf231,-2.611665964126587,-1.6098463535308838,0.9632550477981567
1773048857,201974773,world,cf231_leg,-2.6081836223602295,-1.6127127408981323,0.9489846229553223
1773048857,206864982,world,cf231,-2.611825466156006,-1.609931468963623,0.9632998704910278
1773048857,206864982,world,cf231_leg,-2.608257293701172,-1.6126759052276611,0.9488939046859741
1773048857,212008916,world,cf231,-2.6119561195373535,-1.6100267171859741,0.9632517099380493
1773048857,212008916,world,cf231_leg,-2.6083505153656006,-1.612748146057129,0.9489483833312988
1773048857,217034517,world,cf231,-2.6121621131896973,-1.6101261377334595,0.963250994682312
1773048857,217034517,world,cf231_leg,-2.608466863632202,-1.612727403640747,0.9488525390625
1773048857,221965641,world,cf231,-2.6124014854431152,-1.610406756401062,0.9632672071456909
1773048857,221965641,world,cf231_leg,-2.608642578125,-1.6129926443099976,0.948851466178894
1773048857,227126639,world,cf231,-2.612436532974243,-1.6104687452316284,0.9632976055145264
1773048857,227126639,world,cf231_leg,-2.6088497638702393,-1.6130106449127197,0.9489469528198242
1773048857,232013583,world,cf231,-2.612593412399292,-1.6105133295059204,0.9632272720336914
1773048857,232013583,world,cf231_leg,-2.608818531036377,-1.6129791736602783,0.9487478733062744
1773048857,237705461,world,cf231,-2.612626314163208,-1.6105340719223022,0.9631439447402954
1773048857,237705461,world,cf231_leg,-2.6088380813598633,-1.61304771900177,0.9487578868865967
1773048857,242771742,world,cf231,-2.6127305030822754,-1.6106802225112915,0.963117241859436
1773048857,242771742,world,cf231_leg,-2.6089160442352295,-1.6130502223968506,0.948758602142334
1773048857,246930043,world,cf231,-2.612882375717163,-1.6106891632080078,0.9632092714309692
1773048857,246930043,world,cf231_leg,-2.609110116958618,-1.6130727529525757,0.948798656463623
1773048857,252741292,world,cf231,-2.612999439239502,-1.6107887029647827,0.9631028175354004
1773048857,252741292,world,cf231_leg,-2.609151840209961,-1.6132071018218994,0.9487794637680054
1773048857,256932575,world,cf231,-2.613131284713745,-1.610926866531372,0.9631905555725098
1773048857,256932575,world,cf231_leg,-2.60931134223938,-1.6132025718688965,0.948677659034729
1773048857,262752606,world,cf231,-2.6131672859191895,-1.610829472541809,0.9631171226501465
1773048857,262752606,world,cf231_leg,-2.6093244552612305,-1.6132714748382568,0.9485502243041992
1773048857,267363625,world,cf231,-2.61328387260437,-1.6109286546707153,0.9630117416381836
1773048857,267363625,world,cf231_leg,-2.6094982624053955,-1.6133041381835938,0.9486355781555176
1773048857,272073306,world,cf231,-2.6133432388305664,-1.611055850982666,0.9629892110824585
1773048857,272073306,world,cf231_leg,-2.6096651554107666,-1.613453984260559,0.9485503435134888
1773048857,277724067,world,cf231,-2.6135079860687256,-1.611215353012085,0.9629921913146973
1773048857,277724067,world,cf231_leg,-2.6097002029418945,-1.613471508026123,0.948427677154541
1773048857,281971021,world,cf231,-2.6135990619659424,-1.6110539436340332,0.962971568107605
1773048857,281971021,world,cf231_leg,-2.6098294258117676,-1.6134462356567383,0.9483875036239624
1773048857,290639922,world,cf231,-2.6137306690216064,-1.6111466884613037,0.9629029035568237
1773048857,290639922,world,cf231_leg,-2.610010862350464,-1.6137105226516724,0.94852614402771
1773048857,292037975,world,cf231,-2.6138980388641357,-1.6113018989562988,0.9628629684448242
1773048857,292037975,world,cf231_leg,-2.6101558208465576,-1.613677978515625,0.9485023021697998
1773048857,296926150,world,cf231,-2.6139369010925293,-1.611246109008789,0.9629014730453491
1773048857,296926150,world,cf231_leg,-2.610325336456299,-1.613633394241333,0.9483904838562012
1773048857,302013965,world,cf231,-2.6141908168792725,-1.611517310142517,0.9629353284835815
1773048857,302013965,world,cf231_leg,-2.6102797985076904,-1.6138015985488892,0.9481602907180786
1773048857,306832320,world,cf231,-2.6143381595611572,-1.6114898920059204,0.9629555940628052
1773048857,306832320,world,cf231_leg,-2.6103174686431885,-1.6136690378189087,0.9481585025787354
1773048857,312743888,world,cf231,-2.6144516468048096,-1.6113954782485962,0.9629048109054565
1773048857,312743888,world,cf231_leg,-2.6104860305786133,-1.6137441396713257,0.9482369422912598
1773048857,317245043,world,cf231,-2.6146624088287354,-1.6116863489151,0.962827205657959
1773048857,317245043,world,cf231_leg,-2.6105639934539795,-1.6137804985046387,0.9481241703033447
1773048857,322908125,world,cf231,-2.6148462295532227,-1.611719012260437,0.9628552198410034
1773048857,322908125,world,cf231_leg,-2.610801935195923,-1.6139369010925293,0.9481222629547119
1773048857,327671911,world,cf231,-2.6150310039520264,-1.611749529838562,0.9628621339797974
1773048857,327671911,world,cf231_leg,-2.6110105514526367,-1.6141043901443481,0.9480506181716919
1773048857,331961496,world,cf231,-2.6153128147125244,-1.6118531227111816,0.9629073143005371
1773048857,331961496,world,cf231_leg,-2.6110875606536865,-1.6139484643936157,0.947952151298523
1773048857,337032064,world,cf231,-2.615412712097168,-1.611788272857666,0.9626635313034058
1773048857,337032064,world,cf231_leg,-2.6111929416656494,-1.614132285118103,0.9480314254760742
1773048857,341908997,world,cf231,-2.615495204925537,-1.6117082834243774,0.9625627994537354
1773048857,341908997,world,cf231_leg,-2.6112887859344482,-1.614044427871704,0.9479449987411499
1773048857,347003998,world,cf231,-2.6158008575439453,-1.6119027137756348,0.9624197483062744
1773048857,347003998,world,cf231_leg,-2.6113808155059814,-1.6139978170394897,0.947831392288208
1773048857,353573292,world,cf231,-2.6158313751220703,-1.6118203401565552,0.9624682664871216
1773048857,353573292,world,cf231_leg,-2.611524820327759,-1.6141242980957031,0.9479279518127441
1773048857,357018657,world,cf231,-2.6160478591918945,-1.611903190612793,0.9622935056686401
1773048857,357018657,world,cf231_leg,-2.611713409423828,-1.6142250299453735,0.9478641748428345
1773048857,362032848,world,cf231,-2.616098165512085,-1.611930012702942,0.9624775648117065
1773048857,362032848,world,cf231_leg,-2.6117544174194336,-1.61416757106781,0.9478583335876465
1773048857,366824944,world,cf231,-2.61623477935791,-1.6117721796035767,0.9621756076812744
1773048857,366824944,world,cf231_leg,-2.6118948459625244,-1.6142553091049194,0.9478616714477539
1773048857,372747371,world,cf231,-2.6164517402648926,-1.6119862794876099,0.9622198343276978
1773048857,372747371,world,cf231_leg,-2.6120622158050537,-1.614288568496704,0.9478088617324829
1773048857,377992956,world,cf231,-2.616589069366455,-1.6119601726531982,0.9621351957321167
1773048857,377992956,world,cf231_leg,-2.612088203430176,-1.6142756938934326,0.9476994276046753
1773048857,381884379,world,cf231,-2.6166059970855713,-1.6118345260620117,0.9621850252151489
1773048857,381884379,world,cf231_leg,-2.6121978759765625,-1.614302158355713,0.947837233543396
1773048857,386927684,world,cf231,-2.6168224811553955,-1.6120063066482544,0.9620914459228516
1773048857,386927684,world,cf231_leg,-2.612224578857422,-1.614367127418518,0.9477629661560059
1773048857,392699071,world,cf231,-2.616952419281006,-1.6121463775634766,0.9622012376785278
1773048857,392699071,world,cf231_leg,-2.6124439239501953,-1.6144098043441772,0.9475827217102051
1773048857,396958882,world,cf231,-2.617032527923584,-1.6119881868362427,0.9620980024337769
1773048857,396958882,world,cf231_leg,-2.6125142574310303,-1.6143748760223389,0.9475337266921997
1773048857,402654419,world,cf231,-2.6171047687530518,-1.6119505167007446,0.9620335102081299
1773048857,402654419,world,cf231_leg,-2.6125328540802,-1.6144423484802246,0.9475468397140503
1773048857,406932065,world,cf231,-2.6172289848327637,-1.6119706630706787,0.9620293378829956
1773048857,406932065,world,cf231_leg,-2.6126556396484375,-1.614460825920105,0.947519063949585
1773048857,412626495,world,cf231,-2.617302656173706,-1.611931324005127,0.9619427919387817
1773048857,412626495,world,cf231_leg,-2.61265230178833,-1.6144193410873413,0.9474109411239624
1773048857,417552137,world,cf231,-2.6174046993255615,-1.6118814945220947,0.9619497060775757
1773048857,417552137,world,cf231_leg,-2.612739324569702,-1.6145358085632324,0.9474755525588989
1773048857,422089581,world,cf231,-2.617645502090454,-1.6120456457138062,0.9619975090026855
1773048857,422089581,world,cf231_leg,-2.612837314605713,-1.6144882440567017,0.9475016593933105
1773048857,426932888,world,cf231,-2.6177175045013428,-1.6120110750198364,0.9619518518447876
1773048857,426932888,world,cf231_leg,-2.6129462718963623,-1.614587426185608,0.9474585056304932
1773048857,432250161,world,cf231,-2.6179025173187256,-1.612038493156433,0.9619402885437012
1773048857,432250161,world,cf231_leg,-2.612995147705078,-1.6146013736724854,0.9473879337310791
1773048857,438028210,world,cf231,-2.6179513931274414,-1.6119396686553955,0.9619441032409668
1773048857,438028210,world,cf231_leg,-2.612985849380493,-1.614647626876831,0.9474400281906128
1773048857,442019901,world,cf231,-2.6181371212005615,-1.6119678020477295,0.961930513381958
1773048857,442019901,world,cf231_leg,-2.613069534301758,-1.6146035194396973,0.9474140405654907
1773048857,447177419,world,cf231,-2.6183454990386963,-1.6121078729629517,0.962043285369873
1773048857,447177419,world,cf231_leg,-2.613130807876587,-1.6146152019500732,0.9474159479141235
1773048857,452611019,world,cf231,-2.618354558944702,-1.6120189428329468,0.9618543386459351
1773048857,452611019,world,cf231_leg,-2.613136053085327,-1.61465585231781,0.947502613067627
1773048857,456920327,world,cf231,-2.6185302734375,-1.6119815111160278,0.9619671106338501
1773048857,456920327,world,cf231_leg,-2.613206148147583,-1.614618182182312,0.9474390745162964
1773048857,461917774,world,cf231,-2.6187307834625244,-1.6120033264160156,0.9619897603988647
1773048857,461917774,world,cf231_leg,-2.6132709980010986,-1.6146997213363647,0.9474056959152222
1773048857,467040261,world,cf231,-2.6187474727630615,-1.6120362281799316,0.9619084596633911
1773048857,467040261,world,cf231_leg,-2.613361120223999,-1.6147310733795166,0.947350263595581
1773048857,472005354,world,cf231,-2.6188366413116455,-1.6120330095291138,0.9619951248168945
1773048857,472005354,world,cf231_leg,-2.6134119033813477,-1.614784836769104,0.9473934173583984
1773048857,477750181,world,cf231,-2.6189258098602295,-1.611991286277771,0.9619603157043457
1773048857,477750181,world,cf231_leg,-2.6134467124938965,-1.6146886348724365,0.9473186731338501
1773048857,481840447,world,cf231,-2.6191184520721436,-1.6121370792388916,0.9620388746261597
1773048857,481840447,world,cf231_leg,-2.6134567260742188,-1.6148006916046143,0.9473655223846436
1773048857,486959000,world,cf231,-2.6190121173858643,-1.6119468212127686,0.9619343280792236
1773048857,486959000,world,cf231_leg,-2.613542079925537,-1.6147578954696655,0.9473347663879395
1773048857,492571804,world,cf231,-2.6192684173583984,-1.6121058464050293,0.9620151519775391
1773048857,492571804,world,cf231_leg,-2.6135857105255127,-1.6147745847702026,0.9473276138305664
1773048857,496776515,world,cf231,-2.619283437728882,-1.6121000051498413,0.9620500802993774
1773048857,496776515,world,cf231_leg,-2.6136412620544434,-1.6149029731750488,0.9473446607589722
1773048857,502656701,world,cf231,-2.6193795204162598,-1.6121726036071777,0.962090015411377
1773048857,502656701,world,cf231_leg,-2.6137897968292236,-1.6149117946624756,0.9474290609359741
1773048857,506962654,world,cf231,-2.6193790435791016,-1.6121301651000977,0.9619530439376831
1773048857,506962654,world,cf231_leg,-2.6137876510620117,-1.6149126291275024,0.9474507570266724
1773048857,512005005,world,cf231,-2.6194067001342773,-1.6121193170547485,0.9620484113693237
1773048857,512005005,world,cf231_leg,-2.6137378215789795,-1.6149730682373047,0.9473578929901123
1773048857,517947771,world,cf231,-2.6193809509277344,-1.6120136976242065,0.9619859457015991
1773048857,517947771,world,cf231_leg,-2.613875150680542,-1.6150267124176025,0.9474996328353882
1773048857,522002483,world,cf231,-2.619492769241333,-1.6120777130126953,0.9620410203933716
1773048857,522002483,world,cf231_leg,-2.613884925842285,-1.614980936050415,0.9474457502365112
1773048857,526881411,world,cf231,-2.6194775104522705,-1.6120867729187012,0.9620242118835449
1773048857,526881411,world,cf231_leg,-2.613862991333008,-1.615034580230713,0.947456955909729
1773048857,533098457,world,cf231,-2.6194772720336914,-1.6120867729187012,0.9620243310928345
1773048857,533098457,world,cf231_leg,-2.613955497741699,-1.6151036024093628,0.9474979639053345
1773048857,536904753,world,cf231,-2.6195123195648193,-1.612151861190796,0.9620727300643921
1773048857,536904753,world,cf231_leg,-2.6139822006225586,-1.6150521039962769,0.9474560022354126
1773048857,541932397,world,cf231,-2.619568109512329,-1.612085223197937,0.9621062278747559
1773048857,541932397,world,cf231_leg,-2.6140244007110596,-1.6150673627853394,0.947453498840332
1773048857,546935596,world,cf231,-2.6195414066314697,-1.6120939254760742,0.9619892835617065
1773048857,546935596,world,cf231_leg,-2.614081859588623,-1.6151947975158691,0.9474494457244873
1773048857,551925511,world,cf231,-2.6195011138916016,-1.6121970415115356,0.9621285200119019
1773048857,551925511,world,cf231_leg,-2.614043712615967,-1.615135669708252,0.947464108467102
1773048857,557287669,world,cf231,-2.6196258068084717,-1.6122139692306519,0.9621059894561768
1773048857,557287669,world,cf231_leg,-2.614104747772217,-1.6153019666671753,0.9475526809692383
1773048857,563131354,world,cf231,-2.6195638179779053,-1.612205982208252,0.9621162414550781
1773048857,563131354,world,cf231_leg,-2.6140918731689453,-1.6153068542480469,0.9474959373474121
1773048857,567040927,world,cf231,-2.6195735931396484,-1.6123195886611938,0.9621647596359253
1773048857,567040927,world,cf231_leg,-2.6141417026519775,-1.6153624057769775,0.9475574493408203
1773048857,571751692,world,cf231,-2.619464874267578,-1.6121338605880737,0.9621022939682007
1773048857,571751692,world,cf231_leg,-2.6140689849853516,-1.6152429580688477,0.9475431442260742
1773048857,577190628,world,cf231,-2.6194748878479004,-1.6122478246688843,0.9621500968933105
1773048857,577190628,world,cf231_leg,-2.6141281127929688,-1.6153688430786133,0.9475195407867432
1773048857,583026187,world,cf231,-2.619483232498169,-1.6123214960098267,0.9620822668075562
1773048857,583026187,world,cf231_leg,-2.614123821258545,-1.6153699159622192,0.9475643634796143
1773048857,587246266,world,cf231,-2.619438648223877,-1.612184762954712,0.9621233940124512
1773048857,587246266,world,cf231_leg,-2.6141726970672607,-1.6153842210769653,0.9474929571151733
1773048857,593500384,world,cf231,-2.619580030441284,-1.61239492893219,0.9621199369430542
1773048857,593500384,world,cf231_leg,-2.6141226291656494,-1.6154857873916626,0.9475338459014893
1773048857,596975943,world,cf231,-2.6195688247680664,-1.6124398708343506,0.9621763229370117
1773048857,596975943,world,cf231_leg,-2.6142008304595947,-1.6155296564102173,0.9476672410964966
1773048857,601993864,world,cf231,-2.6195168495178223,-1.6123853921890259,0.9621342420578003
1773048857,601993864,world,cf231_leg,-2.6141648292541504,-1.6154698133468628,0.9476598501205444
1773048857,606930838,world,cf231,-2.619431495666504,-1.6124240159988403,0.9621219635009766
1773048857,606930838,world,cf231_leg,-2.6141278743743896,-1.6155261993408203,0.9476215839385986
1773048857,611952695,world,cf231,-2.619372606277466,-1.6124120950698853,0.9620883464813232
1773048857,611952695,world,cf231_leg,-2.6141347885131836,-1.6155967712402344,0.9475600719451904
1773048857,617628268,world,cf231,-2.619466781616211,-1.612486481666565,0.962151050567627
1773048857,617628268,world,cf231_leg,-2.614150047302246,-1.615592122077942,0.9475916624069214
1773048857,621888353,world,cf231,-2.619426965713501,-1.6125446557998657,0.9621328115463257
1773048857,621888353,world,cf231_leg,-2.6141202449798584,-1.6156024932861328,0.9475245475769043
1773048857,627674057,world,cf231,-2.619422435760498,-1.612665057182312,0.9621436595916748
1773048857,627674057,world,cf231_leg,-2.614037275314331,-1.6156423091888428,0.9475170373916626
1773048857,631809245,world,cf231,-2.6193602085113525,-1.6126563549041748,0.9621556997299194
1773048857,631809245,world,cf231_leg,-2.6141316890716553,-1.615713357925415,0.9475511312484741
1773048857,637311299,world,cf231,-2.6192386150360107,-1.612631916999817,0.9621169567108154
1773048857,637311299,world,cf231_leg,-2.6140573024749756,-1.6157114505767822,0.9475250244140625
1773048857,642642139,world,cf231,-2.619187355041504,-1.612693190574646,0.9620165824890137
1773048857,642642139,world,cf231_leg,-2.614034414291382,-1.6157612800598145,0.9475241899490356
1773048857,647214765,world,cf231,-2.6190712451934814,-1.6127870082855225,0.9618605375289917
1773048857,647214765,world,cf231_leg,-2.6139817237854004,-1.6157079935073853,0.9475034475326538
1773048857,651899386,world,cf231,-2.6189959049224854,-1.6127828359603882,0.9618133306503296
1773048857,651899386,world,cf231_leg,-2.6140546798706055,-1.6158307790756226,0.94753098487854
1773048857,658635377,world,cf231,-2.6189920902252197,-1.6129006147384644,0.9618043899536133
1773048857,658635377,world,cf231_leg,-2.6140403747558594,-1.6158338785171509,0.9474802017211914
1773048857,662088367,world,cf231,-2.61885666847229,-1.6128833293914795,0.9617271423339844
1773048857,662088367,world,cf231_leg,-2.6139559745788574,-1.615877389907837,0.9475080966949463
1773048857,666938210,world,cf231,-2.6189053058624268,-1.6129412651062012,0.9618144035339355
1773048857,666938210,world,cf231_leg,-2.6140313148498535,-1.6158804893493652,0.9475307464599609
1773048857,671845570,world,cf231,-2.618757486343384,-1.6129711866378784,0.9618145227432251
1773048857,671845570,world,cf231_leg,-2.6139473915100098,-1.6159217357635498,0.9475424289703369
1773048857,677716972,world,cf231,-2.6187589168548584,-1.6129693984985352,0.9617922306060791
1773048857,677716972,world,cf231_leg,-2.613875389099121,-1.6159167289733887,0.9474780559539795
1773048857,681979751,world,cf231,-2.618619918823242,-1.6129586696624756,0.9617786407470703
1773048857,681979751,world,cf231_leg,-2.613884210586548,-1.6158701181411743,0.9474273920059204
1773048857,686912524,world,cf231,-2.6184582710266113,-1.6129924058914185,0.9617218971252441
1773048857,686912524,world,cf231_leg,-2.613903284072876,-1.616054654121399,0.9474060535430908
1773048857,692766548,world,cf231,-2.6185238361358643,-1.6132400035858154,0.9618114233016968
1773048857,692766548,world,cf231_leg,-2.6138672828674316,-1.6159955263137817,0.9473968744277954
1773048857,696948972,world,cf231,-2.6183834075927734,-1.6131455898284912,0.9617561101913452
1773048857,696948972,world,cf231_leg,-2.6138429641723633,-1.6160467863082886,0.9474160671234131
1773048857,701881264,world,cf231,-2.618279218673706,-1.6131967306137085,0.961773157119751
1773048857,701881264,world,cf231_leg,-2.6137540340423584,-1.6160478591918945,0.9473388195037842
1773048857,706864537,world,cf231,-2.6182172298431396,-1.613303303718567,0.9617282152175903
1773048857,706864537,world,cf231_leg,-2.613790273666382,-1.6162266731262207,0.9473292827606201
1773048857,712037672,world,cf231,-2.6181156635284424,-1.6133501529693604,0.9617022275924683
1773048857,712037672,world,cf231_leg,-2.6137635707855225,-1.6161211729049683,0.9472683668136597
1773048857,716924023,world,cf231,-2.6179325580596924,-1.6133180856704712,0.9616725444793701
1773048857,716924023,world,cf231_leg,-2.6137378215789795,-1.6161710023880005,0.9472920894622803
1773048857,722083466,world,cf231,-2.617832660675049,-1.613363265991211,0.9616235494613647
1773048857,722083466,world,cf231_leg,-2.6136908531188965,-1.616275668144226,0.9473228454589844
1773048857,726896049,world,cf231,-2.617746353149414,-1.6134076118469238,0.9616502523422241
1773048857,726896049,world,cf231_leg,-2.613661766052246,-1.6162867546081543,0.9472532272338867
1773048857,732738615,world,cf231,-2.6177544593811035,-1.6135231256484985,0.9617218971252441
1773048857,732738615,world,cf231_leg,-2.613662004470825,-1.6162869930267334,0.9472522735595703
1773048857,736912998,world,cf231,-2.6176557540893555,-1.6135661602020264,0.9616513252258301
1773048857,736912998,world,cf231_leg,-2.613607883453369,-1.6164681911468506,0.9471853971481323
1773048857,741887577,world,cf231,-2.6173908710479736,-1.6134499311447144,0.9613693952560425
1773048857,741887577,world,cf231_leg,-2.6135971546173096,-1.6163530349731445,0.9471249580383301
1773048857,747337441,world,cf231,-2.617326498031616,-1.6135575771331787,0.9613490104675293
1773048857,747337441,world,cf231_leg,-2.6135852336883545,-1.6165186166763306,0.9471831321716309
1773048857,751883628,world,cf231,-2.617292881011963,-1.613690972328186,0.9612866640090942
1773048857,751883628,world,cf231_leg,-2.6135473251342773,-1.6165738105773926,0.9471484422683716
1773048857,757841875,world,cf231,-2.617241621017456,-1.6136791706085205,0.9613808393478394
1773048857,757841875,world,cf231_leg,-2.6135220527648926,-1.6164671182632446,0.9470674991607666
1773048857,762025389,world,cf231,-2.6171600818634033,-1.613793969154358,0.9613498449325562
1773048857,762025389,world,cf231_leg,-2.613389730453491,-1.616485357284546,0.9468848705291748
1773048857,766920614,world,cf231,-2.6171154975891113,-1.6139723062515259,0.9613437652587891
1773048857,766920614,world,cf231_leg,-2.6133720874786377,-1.6166095733642578,0.946858286857605
1773048857,772281158,world,cf231,-2.617055654525757,-1.6139594316482544,0.9613125324249268
1773048857,772281158,world,cf231_leg,-2.6134159564971924,-1.6167408227920532,0.9468013048171997
1773048857,777760967,world,cf231,-2.6168665885925293,-1.6138899326324463,0.961214542388916
1773048857,777760967,world,cf231_leg,-2.6132800579071045,-1.6165695190429688,0.9466720819473267
1773048857,781845709,world,cf231,-2.616722583770752,-1.613953948020935,0.9610568284988403
1773048857,781845709,world,cf231_leg,-2.6133346557617188,-1.6168159246444702,0.9466757774353027
1773048857,786902202,world,cf231,-2.6165049076080322,-1.6138569116592407,0.9609780311584473
1773048857,786902202,world,cf231_leg,-2.6132471561431885,-1.6168159246444702,0.9465785026550293
1773048857,792010669,world,cf231,-2.6164746284484863,-1.614028811454773,0.9610089063644409
1773048857,792010669,world,cf231_leg,-2.613232374191284,-1.6168212890625,0.9465444087982178
1773048857,797130387,world,cf231,-2.616316556930542,-1.61394464969635,0.9609613418579102
1773048857,797130387,world,cf231_leg,-2.6132068634033203,-1.6168309450149536,0.9464315176010132
1773048857,802033224,world,cf231,-2.6162967681884766,-1.614071011543274,0.9609378576278687
1773048857,802033224,world,cf231_leg,-2.613176107406616,-1.6168431043624878,0.9463825225830078
1773048857,807846726,world,cf231,-2.6161482334136963,-1.614058256149292,0.9608017206192017
1773048857,807846726,world,cf231_leg,-2.613163471221924,-1.6168478727340698,0.9463262557983398
1773048857,811929024,world,cf231,-2.6160709857940674,-1.614055871963501,0.9607772827148438
1773048857,811929024,world,cf231_leg,-2.613192319869995,-1.6169867515563965,0.9462512731552124
1773048857,816995680,world,cf231,-2.6159963607788086,-1.6140490770339966,0.9607104063034058
1773048857,816995680,world,cf231_leg,-2.6130826473236084,-1.6170374155044556,0.9461510181427002
1773048857,822351953,world,cf231,-2.615981340408325,-1.6142120361328125,0.9607576131820679
1773048857,822351953,world,cf231_leg,-2.6130735874176025,-1.6169239282608032,0.9460848569869995
1773048857,830677732,world,cf231,-2.6157422065734863,-1.6140897274017334,0.9606125354766846
1773048857,830677732,world,cf231_leg,-2.6130714416503906,-1.6170748472213745,0.9459617137908936
1773048857,831847962,world,cf231,-2.615605354309082,-1.6140748262405396,0.9605557918548584
1773048857,831847962,world,cf231_leg,-2.613011598587036,-1.6170648336410522,0.945954442024231
1773048857,836901257,world,cf231,-2.615558624267578,-1.6140120029449463,0.9604270458221436
1773048857,836901257,world,cf231_leg,-2.612999200820923,-1.6170697212219238,0.9458979368209839
1773048857,841865446,world,cf231,-2.6154773235321045,-1.6141303777694702,0.9604132175445557
1773048857,841865446,world,cf231_leg,-2.6130053997039795,-1.6171423196792603,0.9458539485931396
1773048857,847009353,world,cf231,-2.6154654026031494,-1.6141327619552612,0.9603327512741089
1773048857,847009353,world,cf231_leg,-2.6129696369171143,-1.6171972751617432,0.945796012878418
1773048857,852690809,world,cf231,-2.6153059005737305,-1.6140507459640503,0.9603068828582764
1773048857,852690809,world,cf231_leg,-2.612920045852661,-1.6171417236328125,0.9457345008850098
1773048857,856991274,world,cf231,-2.6151375770568848,-1.6140080690383911,0.9600621461868286
1773048857,856991274,world,cf231_leg,-2.612940788269043,-1.61720871925354,0.9457253217697144
1773048857,862596434,world,cf231,-2.615111827850342,-1.6140592098236084,0.9600826501846313
1773048857,862596434,world,cf231_leg,-2.6128954887390137,-1.6173095703125,0.9457206726074219
1773048857,866748753,world,cf231,-2.6150293350219727,-1.6139373779296875,0.9599426984786987
1773048857,866748753,world,cf231_leg,-2.6129157543182373,-1.6172149181365967,0.9453907012939453
1773048857,871952553,world,cf231,-2.6150574684143066,-1.6140787601470947,0.9598709344863892
1773048857,871952553,world,cf231_leg,-2.6128780841827393,-1.617274284362793,0.9455757141113281
1773048857,877904472,world,cf231,-2.6149239540100098,-1.6139458417892456,0.9598233699798584
1773048857,877904472,world,cf231_leg,-2.6128289699554443,-1.617332100868225,0.945258617401123
1773048857,881966242,world,cf231,-2.6148505210876465,-1.6139370203018188,0.9597346782684326
1773048857,881966242,world,cf231_leg,-2.6129190921783447,-1.6173633337020874,0.9452033042907715
1773048857,886720924,world,cf231,-2.6148061752319336,-1.6139589548110962,0.9596445560455322
1773048857,886720924,world,cf231_leg,-2.612887144088745,-1.617416501045227,0.9451034069061279
1773048857,891937961,world,cf231,-2.6148085594177246,-1.6139545440673828,0.9596017599105835
1773048857,891937961,world,cf231_leg,-2.61289644241333,-1.6174869537353516,0.9450187683105469
1773048857,897061638,world,cf231,-2.6147093772888184,-1.6138408184051514,0.9594480991363525
1773048857,897061638,world,cf231_leg,-2.6128804683685303,-1.6174507141113281,0.9448525905609131
1773048857,901883419,world,cf231,-2.614753007888794,-1.6139763593673706,0.9594112634658813
1773048857,901883419,world,cf231_leg,-2.61285662651062,-1.6174590587615967,0.9447197914123535
1773048857,906971070,world,cf231,-2.614621877670288,-1.613837480545044,0.9590892791748047
1773048857,906971070,world,cf231_leg,-2.6129164695739746,-1.6175858974456787,0.9446934461593628
1773048857,911921805,world,cf231,-2.614642858505249,-1.6139062643051147,0.959081768989563
1773048857,911921805,world,cf231_leg,-2.6128904819488525,-1.6175949573516846,0.9445827007293701
1773048857,916865490,world,cf231,-2.6146469116210938,-1.613855004310608,0.9588590860366821
1773048857,916865490,world,cf231_leg,-2.612941026687622,-1.6177245378494263,0.9444586038589478
1773048857,923206518,world,cf231,-2.6146647930145264,-1.6138416528701782,0.9588323831558228
1773048857,923206518,world,cf231_leg,-2.6129097938537598,-1.6177366971969604,0.944409966468811
1773048857,927396410,world,cf231,-2.614635944366455,-1.6138551235198975,0.9587575197219849
1773048857,927396410,world,cf231_leg,-2.6130077838897705,-1.6178056001663208,0.9444031715393066
1773048857,932092207,world,cf231,-2.614623546600342,-1.6138569116592407,0.9586787223815918
1773048857,932092207,world,cf231_leg,-2.612941026687622,-1.6178319454193115,0.9441622495651245
1773048857,937806517,world,cf231,-2.6145520210266113,-1.6138465404510498,0.9585665464401245
1773048857,937806517,world,cf231_leg,-2.612968683242798,-1.6179695129394531,0.944091796875
1773048857,941974707,world,cf231,-2.614614248275757,-1.613855004310608,0.9585551023483276
1773048857,941974707,world,cf231_leg,-2.6129567623138428,-1.6178151369094849,0.9439153671264648
1773048857,946914401,world,cf231,-2.6146652698516846,-1.6138633489608765,0.9584430456161499
1773048857,946914401,world,cf231_leg,-2.6128897666931152,-1.617998480796814,0.9437769651412964
1773048857,951932145,world,cf231,-2.6146771907806396,-1.6139339208602905,0.9583287239074707
1773048857,951932145,world,cf231_leg,-2.612884998321533,-1.6179583072662354,0.9436885118484497
1773048857,956911520,world,cf231,-2.614677906036377,-1.6139311790466309,0.9583091735839844
1773048857,956911520,world,cf231_leg,-2.612915277481079,-1.6179795265197754,0.9436262845993042
1773048857,962687079,world,cf231,-2.614738702774048,-1.6140564680099487,0.9582641124725342
1773048857,962687079,world,cf231_leg,-2.6129112243652344,-1.6180568933486938,0.9435021877288818
1773048857,966972816,world,cf231,-2.6147868633270264,-1.6140717267990112,0.9582153558731079
1773048857,966972816,world,cf231_leg,-2.612886428833008,-1.6180641651153564,0.9433726072311401
1773048857,971898677,world,cf231,-2.614793300628662,-1.6142569780349731,0.9578654766082764
1773048857,971898677,world,cf231_leg,-2.6129462718963623,-1.6180744171142578,0.9433791637420654
1773048857,976859322,world,cf231,-2.6148476600646973,-1.6142617464065552,0.9577081203460693
1773048857,976859322,world,cf231_leg,-2.6130309104919434,-1.6182252168655396,0.9433543682098389
1773048857,981961739,world,cf231,-2.6149024963378906,-1.6143494844436646,0.9575952291488647
1773048857,981961739,world,cf231_leg,-2.612966537475586,-1.6182916164398193,0.9432258605957031
1773048857,986887113,world,cf231,-2.6149473190307617,-1.6144863367080688,0.9575539827346802
1773048857,986887113,world,cf231_leg,-2.61295747756958,-1.6182093620300293,0.9430311918258667
1773048857,991872412,world,cf231,-2.6149790287017822,-1.6145098209381104,0.9574908018112183
1773048857,991872412,world,cf231_leg,-2.6129918098449707,-1.6182291507720947,0.9429256916046143
1773048857,996857408,world,cf231,-2.614973783493042,-1.6145844459533691,0.95734703540802
1773048857,996857408,world,cf231_leg,-2.6130783557891846,-1.6183786392211914,0.9428801536560059
1773048858,1922031,world,cf231,-2.6149871349334717,-1.6147353649139404,0.9572570323944092
1773048858,1922031,world,cf231_leg,-2.613089084625244,-1.6183313131332397,0.9428080320358276
1773048858,7022820,world,cf231,-2.615091562271118,-1.6148813962936401,0.9572303295135498
1773048858,7022820,world,cf231_leg,-2.61310076713562,-1.618284821510315,0.9427326917648315
1773048858,12637823,world,cf231,-2.615182876586914,-1.6150323152542114,0.9571437835693359
1773048858,12637823,world,cf231_leg,-2.6132309436798096,-1.6185340881347656,0.9427592754364014
1773048858,17027115,world,cf231,-2.615225315093994,-1.6151669025421143,0.9571096897125244
1773048858,17027115,world,cf231_leg,-2.6131718158721924,-1.618364691734314,0.942632794380188
1773048858,22030737,world,cf231,-2.615231990814209,-1.6152002811431885,0.9569258689880371
1773048858,22030737,world,cf231_leg,-2.6131200790405273,-1.6183096170425415,0.9425936937332153
1773048858,26897814,world,cf231,-2.6153318881988525,-1.6154636144638062,0.9568922519683838
1773048858,26897814,world,cf231_leg,-2.613205671310425,-1.6183840036392212,0.942528486251831
1773048858,32739189,world,cf231,-2.615511417388916,-1.615617036819458,0.9569309949874878
1773048858,32739189,world,cf231_leg,-2.6132819652557373,-1.6185787916183472,0.9425381422042847
1773048858,36903096,world,cf231,-2.6157140731811523,-1.6158409118652344,0.9569565057754517
1773048858,36903096,world,cf231_leg,-2.6133341789245605,-1.6184744834899902,0.9424580335617065
1773048858,42089169,world,cf231,-2.6155753135681152,-1.6157822608947754,0.9567670822143555
1773048858,42089169,world,cf231_leg,-2.613431930541992,-1.61862051486969,0.9424893856048584
1773048858,46923807,world,cf231,-2.615649938583374,-1.61609947681427,0.9565374851226807
1773048858,46923807,world,cf231_leg,-2.6134555339813232,-1.6185671091079712,0.942267656326294
1773048858,52008499,world,cf231,-2.6157824993133545,-1.6162351369857788,0.9566047191619873
1773048858,52008499,world,cf231_leg,-2.613457202911377,-1.618449330329895,0.9422801733016968
1773048858,56930718,world,cf231,-2.6158528327941895,-1.6163170337677002,0.9565263986587524
1773048858,56930718,world,cf231_leg,-2.613466501235962,-1.6185197830200195,0.9421950578689575
1773048858,62068200,world,cf231,-2.6160008907318115,-1.6164437532424927,0.9566094875335693
1773048858,62068200,world,cf231_leg,-2.613569974899292,-1.6184697151184082,0.9421565532684326
1773048858,66804487,world,cf231,-2.6160643100738525,-1.6166503429412842,0.9565857648849487
1773048858,66804487,world,cf231_leg,-2.6135759353637695,-1.6185420751571655,0.9421132802963257
1773048858,71963660,world,cf231,-2.616173267364502,-1.6166765689849854,0.9565461874008179
1773048858,71963660,world,cf231_leg,-2.613633155822754,-1.6185524463653564,0.9421435594558716
1773048858,77029003,world,cf231,-2.6162102222442627,-1.6167364120483398,0.9565540552139282
1773048858,77029003,world,cf231_leg,-2.6137733459472656,-1.6185624599456787,0.9421111345291138
1773048858,81825918,world,cf231,-2.616372585296631,-1.6170117855072021,0.9565260410308838
1773048858,81825918,world,cf231_leg,-2.6137540340423584,-1.618571400642395,0.9421379566192627
1773048858,86753379,world,cf231,-2.616565465927124,-1.6171156167984009,0.9564660787582397
1773048858,86753379,world,cf231_leg,-2.6138498783111572,-1.6186410188674927,0.9421528577804565
1773048858,91915716,world,cf231,-2.6166622638702393,-1.617188572883606,0.9565048217773438
1773048858,91915716,world,cf231_leg,-2.6139638423919678,-1.6185458898544312,0.9420585632324219
1773048858,96940810,world,cf231,-2.616708755493164,-1.6172058582305908,0.9564778804779053
1773048858,96940810,world,cf231_leg,-2.6138925552368164,-1.6185823678970337,0.9421261548995972
1773048858,102017142,world,cf231,-2.6168100833892822,-1.6172281503677368,0.9562920331954956
1773048858,102017142,world,cf231_leg,-2.6140520572662354,-1.618544101715088,0.9421374797821045
1773048858,106903769,world,cf231,-2.617063045501709,-1.6174317598342896,0.9565596580505371
1773048858,106903769,world,cf231_leg,-2.6140153408050537,-1.6184839010238647,0.9421319961547852
1773048858,112018191,world,cf231,-2.6171040534973145,-1.617526650428772,0.956407904624939
1773048858,112018191,world,cf231_leg,-2.614147901535034,-1.6186134815216064,0.9421528577804565
1773048858,116993991,world,cf231,-2.617201328277588,-1.6175146102905273,0.9563800096511841
1773048858,116993991,world,cf231_leg,-2.6142096519470215,-1.6185065507888794,0.942170262336731
1773048858,121833633,world,cf231,-2.6172733306884766,-1.6174802780151367,0.956334114074707
1773048858,121833633,world,cf231_leg,-2.6142096519470215,-1.6185064315795898,0.9421705007553101
1773048858,126950934,world,cf231,-2.617342233657837,-1.6174943447113037,0.9564905166625977
1773048858,126950934,world,cf231_leg,-2.6142711639404297,-1.6185157299041748,0.9421563148498535
1773048858,131995229,world,cf231,-2.6174936294555664,-1.6175726652145386,0.9563702344894409
1773048858,131995229,world,cf231_leg,-2.614327907562256,-1.618525505065918,0.9421887397766113
1773048858,137677362,world,cf231,-2.6177117824554443,-1.6176289319992065,0.9565421342849731
1773048858,137677362,world,cf231_leg,-2.6143789291381836,-1.6184223890304565,0.9421288967132568
1773048858,141969553,world,cf231,-2.617814540863037,-1.6175798177719116,0.9565469026565552
1773048858,141969553,world,cf231_leg,-2.6144607067108154,-1.6185415983200073,0.9422566890716553
1773048858,146849152,world,cf231,-2.6178979873657227,-1.6175427436828613,0.9565820693969727
1773048858,146849152,world,cf231_leg,-2.6145079135894775,-1.6184402704238892,0.9422392845153809
1773048858,152557563,world,cf231,-2.6180386543273926,-1.617551565170288,0.9565727710723877
1773048858,152557563,world,cf231_leg,-2.614516258239746,-1.6183618307113647,0.9423187971115112
1773048858,157702679,world,cf231,-2.6181740760803223,-1.6175651550292969,0.9566328525543213
1773048858,157702679,world,cf231_leg,-2.614548683166504,-1.6183823347091675,0.9422343969345093
1773048858,162110958,world,cf231,-2.6183204650878906,-1.6175403594970703,0.9566726684570312
1773048858,162110958,world,cf231_leg,-2.614582061767578,-1.6183277368545532,0.9423152208328247
1773048858,166931186,world,cf231,-2.618518114089966,-1.6175659894943237,0.9567389488220215
1773048858,166931186,world,cf231_leg,-2.6146368980407715,-1.6182637214660645,0.9423470497131348
1773048858,172740340,world,cf231,-2.618640184402466,-1.6175872087478638,0.9567590951919556
1773048858,172740340,world,cf231_leg,-2.6146926879882812,-1.61827552318573,0.942396879196167
1773048858,177022023,world,cf231,-2.6187679767608643,-1.6176170110702515,0.9569664001464844
1773048858,177022023,world,cf231_leg,-2.6147708892822266,-1.618161916732788,0.9424283504486084
1773048858,181889254,world,cf231,-2.618868827819824,-1.6174384355545044,0.9567737579345703
1773048858,181889254,world,cf231_leg,-2.614818572998047,-1.6182180643081665,0.9425119161605835
1773048858,187097495,world,cf231,-2.6190297603607178,-1.6174931526184082,0.956913948059082
1773048858,187097495,world,cf231_leg,-2.614860773086548,-1.6181930303573608,0.9423739910125732
1773048858,191924052,world,cf231,-2.619187355041504,-1.617445707321167,0.9567426443099976
1773048858,191924052,world,cf231_leg,-2.614912986755371,-1.6180882453918457,0.9422954320907593
1773048858,196762958,world,cf231,-2.619403839111328,-1.6174135208129883,0.9566224813461304
1773048858,196762958,world,cf231_leg,-2.614900827407837,-1.617899775505066,0.942232608795166
1773048858,203193064,world,cf231,-2.6194701194763184,-1.6172596216201782,0.9564614295959473
1773048858,203193064,world,cf231_leg,-2.614999294281006,-1.618003010749817,0.9421112537384033
1773048858,207126490,world,cf231,-2.6195833683013916,-1.6171482801437378,0.9561367034912109
1773048858,207126490,world,cf231_leg,-2.614980936050415,-1.6178488731384277,0.9417974948883057
1773048858,211995132,world,cf231,-2.6196417808532715,-1.6170344352722168,0.9557548761367798
1773048858,211995132,world,cf231_leg,-2.615079402923584,-1.6177150011062622,0.941521167755127
1773048858,216998720,world,cf231,-2.619781970977783,-1.6168845891952515,0.955432653427124
1773048858,216998720,world,cf231_leg,-2.6151633262634277,-1.617628574371338,0.9411560297012329
1773048858,222745567,world,cf231,-2.6199100017547607,-1.6168553829193115,0.9549926519393921
1773048858,222745567,world,cf231_leg,-2.6152591705322266,-1.6176791191101074,0.9406448602676392
1773048858,227017996,world,cf231,-2.6200571060180664,-1.616892695426941,0.9545509815216064
1773048858,227017996,world,cf231_leg,-2.6151278018951416,-1.6176457405090332,0.9400454759597778
1773048858,231824508,world,cf231,-2.6199734210968018,-1.6166810989379883,0.9538880586624146
1773048858,231824508,world,cf231_leg,-2.6151010990142822,-1.6175600290298462,0.9393901824951172
1773048858,236990706,world,cf231,-2.6199142932891846,-1.6166013479232788,0.9529399871826172
1773048858,236990706,world,cf231_leg,-2.615123748779297,-1.6175233125686646,0.9385489225387573
1773048858,241952408,world,cf231,-2.6200366020202637,-1.6165050268173218,0.9518963098526001
1773048858,241952408,world,cf231_leg,-2.6152024269104004,-1.6174161434173584,0.9375107288360596
1773048858,247065637,world,cf231,-2.6199851036071777,-1.6162707805633545,0.9507796764373779
1773048858,247065637,world,cf231_leg,-2.615316867828369,-1.6173726320266724,0.9366909265518188
1773048858,251985330,world,cf231,-2.619938850402832,-1.616073489189148,0.9497328996658325
1773048858,251985330,world,cf231_leg,-2.61531400680542,-1.6175261735916138,0.9352453947067261
1773048858,256938430,world,cf231,-2.6200153827667236,-1.6159892082214355,0.9483351707458496
1773048858,256938430,world,cf231_leg,-2.615501642227173,-1.6173633337020874,0.9340770244598389
1773048858,261924389,world,cf231,-2.6200993061065674,-1.615831732749939,0.9468413591384888
1773048858,261924389,world,cf231_leg,-2.6154870986938477,-1.6173591613769531,0.9324504137039185
1773048858,267032576,world,cf231,-2.620112419128418,-1.6158297061920166,0.9453268051147461
1773048858,267032576,world,cf231_leg,-2.6155292987823486,-1.617293119430542,0.9308474063873291
1773048858,272961540,world,cf231,-2.620070695877075,-1.615549921989441,0.943283200263977
1773048858,272961540,world,cf231_leg,-2.6154589653015137,-1.6171616315841675,0.9290099143981934
1773048858,276927213,world,cf231,-2.6199028491973877,-1.6155489683151245,0.941582202911377
1773048858,276927213,world,cf231_leg,-2.615386962890625,-1.617061734199524,0.9272561073303223
1773048858,282707693,world,cf231,-2.6199541091918945,-1.6152435541152954,0.939254641532898
1773048858,282707693,world,cf231_leg,-2.615269899368286,-1.6168897151947021,0.9246989488601685
1773048858,287006232,world,cf231,-2.6199119091033936,-1.6152281761169434,0.9372091293334961
1773048858,287006232,world,cf231_leg,-2.6155498027801514,-1.6168591976165771,0.9231140613555908
1773048858,292008076,world,cf231,-2.619992733001709,-1.6150270700454712,0.9346801042556763
1773048858,292008076,world,cf231_leg,-2.615488290786743,-1.6168088912963867,0.9203250408172607
1773048858,298717227,world,cf231,-2.6197853088378906,-1.614632248878479,0.9321072101593018
1773048858,298717227,world,cf231_leg,-2.6154630184173584,-1.6167398691177368,0.9175031185150146
1773048858,302053156,world,cf231,-2.619567394256592,-1.614543080329895,0.9293270111083984
1773048858,302053156,world,cf231_leg,-2.6154494285583496,-1.6166785955429077,0.9154194593429565
1773048858,306943687,world,cf231,-2.6195006370544434,-1.6143226623535156,0.9263788461685181
1773048858,306943687,world,cf231_leg,-2.615597724914551,-1.6167500019073486,0.9123860597610474
1773048858,312102786,world,cf231,-2.6196820735931396,-1.6142796277999878,0.923454999923706
1773048858,312102786,world,cf231_leg,-2.6157023906707764,-1.6167222261428833,0.9090853929519653
1773048858,316990111,world,cf231,-2.6195871829986572,-1.6141703128814697,0.9203150272369385
1773048858,316990111,world,cf231_leg,-2.615658760070801,-1.6166141033172607,0.9056847095489502
1773048858,321945215,world,cf231,-2.6193227767944336,-1.613839864730835,0.9167743921279907
1773048858,321945215,world,cf231_leg,-2.6155052185058594,-1.6164301633834839,0.902334451675415
1773048858,326964017,world,cf231,-2.6192479133605957,-1.6137278079986572,0.9131447076797485
1773048858,326964017,world,cf231_leg,-2.615590810775757,-1.6163711547851562,0.8991107940673828
1773048858,331956825,world,cf231,-2.619295597076416,-1.6135603189468384,0.909288763999939
1773048858,331956825,world,cf231_leg,-2.615579128265381,-1.616259217262268,0.8950574398040771
1773048858,336896738,world,cf231,-2.6190555095672607,-1.6132105588912964,0.9051666259765625
1773048858,336896738,world,cf231_leg,-2.6155142784118652,-1.616214632987976,0.8911762237548828
1773048858,342065417,world,cf231,-2.618901252746582,-1.6129610538482666,0.9010428190231323
1773048858,342065417,world,cf231_leg,-2.6158440113067627,-1.6164491176605225,0.8872594237327576
1773048858,347019295,world,cf231,-2.618783712387085,-1.6127783060073853,0.8967278003692627
1773048858,347019295,world,cf231_leg,-2.615753173828125,-1.616363286972046,0.8826595544815063
1773048858,351941995,world,cf231,-2.6187477111816406,-1.6127591133117676,0.8922713994979858
1773048858,351941995,world,cf231_leg,-2.6155245304107666,-1.6161373853683472,0.8777947425842285
1773048858,356924567,world,cf231,-2.6185195446014404,-1.6126266717910767,0.8875718116760254
1773048858,356924567,world,cf231_leg,-2.6157479286193848,-1.6161305904388428,0.8731520175933838
1773048858,361989363,world,cf231,-2.618523120880127,-1.6124565601348877,0.8828036785125732
1773048858,361989363,world,cf231_leg,-2.6154043674468994,-1.615923285484314,0.8683070540428162
1773048858,367104581,world,cf231,-2.6182820796966553,-1.6121450662612915,0.8776181936264038
1773048858,367104581,world,cf231_leg,-2.6156561374664307,-1.6160480976104736,0.8633156418800354
1773048858,371936577,world,cf231,-2.6179773807525635,-1.6118905544281006,0.8719632625579834
1773048858,371936577,world,cf231_leg,-2.6157450675964355,-1.61604905128479,0.8580260276794434
1773048858,376997741,world,cf231,-2.6180059909820557,-1.61174476146698,0.8667421340942383
1773048858,376997741,world,cf231_leg,-2.615490674972534,-1.6158589124679565,0.8523982167243958
1773048858,382702078,world,cf231,-2.617696523666382,-1.6114624738693237,0.861035943031311
1773048858,382702078,world,cf231_leg,-2.615577459335327,-1.615858554840088,0.8468486666679382
1773048858,387007642,world,cf231,-2.617638349533081,-1.6112778186798096,0.8550373315811157
1773048858,387007642,world,cf231_leg,-2.6155567169189453,-1.6157715320587158,0.8408898711204529
1773048858,392030936,world,cf231,-2.6173012256622314,-1.6110129356384277,0.8489965200424194
1773048858,392030936,world,cf231_leg,-2.615678071975708,-1.6158891916275024,0.8346631526947021
1773048858,396925447,world,cf231,-2.617361307144165,-1.6110169887542725,0.8426755666732788
1773048858,396925447,world,cf231_leg,-2.6157026290893555,-1.6159038543701172,0.8285058736801147
1773048858,402048205,world,cf231,-2.617074966430664,-1.6106975078582764,0.836329460144043
1773048858,402048205,world,cf231_leg,-2.615694761276245,-1.6156532764434814,0.8220542669296265
1773048858,407124100,world,cf231,-2.6168594360351562,-1.6103962659835815,0.8293778896331787
1773048858,407124100,world,cf231_leg,-2.6155993938446045,-1.6156316995620728,0.8155333399772644
1773048858,412127441,world,cf231,-2.6166114807128906,-1.6103624105453491,0.8227953910827637
1773048858,412127441,world,cf231_leg,-2.615670919418335,-1.6156774759292603,0.8084595799446106
1773048858,416843468,world,cf231,-2.6165568828582764,-1.6102601289749146,0.8155570030212402
1773048858,416843468,world,cf231_leg,-2.6156954765319824,-1.6156612634658813,0.8012434244155884
1773048858,421823748,world,cf231,-2.616234302520752,-1.6098458766937256,0.8080198764801025
1773048858,421823748,world,cf231_leg,-2.6154725551605225,-1.6155390739440918,0.7940185070037842
1773048858,427006198,world,cf231,-2.6160666942596436,-1.6096664667129517,0.8003698587417603
1773048858,427006198,world,cf231_leg,-2.6156327724456787,-1.6153326034545898,0.7865722179412842
1773048858,432046182,world,cf231,-2.6158223152160645,-1.6096255779266357,0.7929724454879761
1773048858,432046182,world,cf231_leg,-2.6155900955200195,-1.615493893623352,0.7788757681846619
1773048858,436941014,world,cf231,-2.615708589553833,-1.6094212532043457,0.7850601673126221
1773048858,436941014,world,cf231_leg,-2.6155436038970947,-1.6153855323791504,0.7709722518920898
1773048858,442611934,world,cf231,-2.615326166152954,-1.6090954542160034,0.776774525642395
1773048858,442611934,world,cf231_leg,-2.6155776977539062,-1.6152616739273071,0.7627224922180176
1773048858,446991428,world,cf231,-2.615295886993408,-1.6090527772903442,0.7684123516082764
1773048858,446991428,world,cf231_leg,-2.6154069900512695,-1.615189790725708,0.7542639970779419
1773048858,451976052,world,cf231,-2.614905834197998,-1.6089284420013428,0.7596832513809204
1773048858,451976052,world,cf231_leg,-2.6155946254730225,-1.6153993606567383,0.7458297610282898
1773048858,457053039,world,cf231,-2.614720106124878,-1.6086325645446777,0.7510324716567993
1773048858,457053039,world,cf231_leg,-2.615523099899292,-1.6151609420776367,0.7369779944419861
1773048858,461985876,world,cf231,-2.61458158493042,-1.6084650754928589,0.7419984340667725
1773048858,461985876,world,cf231_leg,-2.6154303550720215,-1.6149568557739258,0.7279976606369019
1773048858,466889035,world,cf231,-2.6143057346343994,-1.6084833145141602,0.7328188419342041
1773048858,466889035,world,cf231_leg,-2.615449905395508,-1.61526358127594,0.7187972068786621
1773048858,472058208,world,cf231,-2.614131212234497,-1.6082707643508911,0.7232787609100342
1773048858,472058208,world,cf231_leg,-2.6155011653900146,-1.6150755882263184,0.709308385848999
1773048858,477068936,world,cf231,-2.6139626502990723,-1.6080719232559204,0.7134126424789429
1773048858,477068936,world,cf231_leg,-2.615400791168213,-1.6148704290390015,0.6996365189552307
1773048858,481889912,world,cf231,-2.6137354373931885,-1.6079835891723633,0.7036858797073364
1773048858,481889912,world,cf231_leg,-2.615461587905884,-1.6149749755859375,0.6900883913040161
1773048858,486977706,world,cf231,-2.6134700775146484,-1.6077884435653687,0.6937522888183594
1773048858,486977706,world,cf231_leg,-2.615050792694092,-1.6147586107254028,0.6795327067375183
1773048858,492059885,world,cf231,-2.6132097244262695,-1.6074403524398804,0.683121919631958
1773048858,492059885,world,cf231_leg,-2.6152584552764893,-1.6147571802139282,0.6694605350494385
1773048858,497039464,world,cf231,-2.6131038665771484,-1.6075413227081299,0.6727801561355591
1773048858,497039464,world,cf231_leg,-2.6153955459594727,-1.6148974895477295,0.6590491533279419
1773048858,501874897,world,cf231,-2.612750768661499,-1.6073081493377686,0.662196159362793
1773048858,501874897,world,cf231_leg,-2.6152162551879883,-1.6145607233047485,0.6483080983161926
1773048858,506886772,world,cf231,-2.6127607822418213,-1.607193946838379,0.6510497331619263
1773048858,506886772,world,cf231_leg,-2.615144968032837,-1.614720106124878,0.6372773051261902
1773048858,511900481,world,cf231,-2.6124448776245117,-1.607092261314392,0.6399129629135132
1773048858,511900481,world,cf231_leg,-2.6147985458374023,-1.6145997047424316,0.6258689761161804
1773048858,517722281,world,cf231,-2.6122052669525146,-1.6068241596221924,0.6284233331680298
1773048858,517722281,world,cf231_leg,-2.614793539047241,-1.6143168210983276,0.614311933517456
1773048858,521952379,world,cf231,-2.6121273040771484,-1.6069459915161133,0.6168155670166016
1773048858,521952379,world,cf231_leg,-2.615140438079834,-1.6147141456604004,0.6031334400177002
1773048858,526946846,world,cf231,-2.611891508102417,-1.6067490577697754,0.6052846908569336
1773048858,526946846,world,cf231_leg,-2.614962339401245,-1.614480972290039,0.591127336025238
1773048858,531729440,world,cf231,-2.6117196083068848,-1.6065436601638794,0.5930677652359009
1773048858,531729440,world,cf231_leg,-2.614933729171753,-1.6144205331802368,0.5793522000312805
1773048858,537562185,world,cf231,-2.6116509437561035,-1.6065882444381714,0.5807316303253174
1773048858,537562185,world,cf231_leg,-2.614898443222046,-1.6144018173217773,0.5670335292816162
1773048858,542126765,world,cf231,-2.6113455295562744,-1.606525182723999,0.5683169364929199
1773048858,542126765,world,cf231_leg,-2.6148014068603516,-1.6140880584716797,0.5545650720596313
1773048858,546863402,world,cf231,-2.6111068725585938,-1.6064398288726807,0.5557416677474976
1773048858,546863402,world,cf231_leg,-2.614870548248291,-1.6143170595169067,0.5418152213096619
1773048858,551868813,world,cf231,-2.610854148864746,-1.6062713861465454,0.542681097984314
1773048858,551868813,world,cf231_leg,-2.61454439163208,-1.6139248609542847,0.528572678565979
1773048858,557744003,world,cf231,-2.6106464862823486,-1.6062231063842773,0.5294855833053589
1773048858,557744003,world,cf231_leg,-2.6146929264068604,-1.6141144037246704,0.5156148076057434
1773048858,562080026,world,cf231,-2.6104331016540527,-1.6062489748001099,0.5160554647445679
1773048858,562080026,world,cf231_leg,-2.6145949363708496,-1.6138074398040771,0.5025478601455688
1773048858,566923218,world,cf231,-2.610358715057373,-1.6061770915985107,0.5025888681411743
1773048858,566923218,world,cf231_leg,-2.6144051551818848,-1.6138426065444946,0.488800972700119
1773048858,571993595,world,cf231,-2.6102163791656494,-1.6062508821487427,0.4888588786125183
1773048858,571993595,world,cf231_leg,-2.6144556999206543,-1.6137834787368774,0.47499945759773254
1773048858,577037330,world,cf231,-2.6099231243133545,-1.6061432361602783,0.47472089529037476
1773048858,577037330,world,cf231_leg,-2.6143157482147217,-1.6136597394943237,0.46124300360679626
1773048858,581937297,world,cf231,-2.609877586364746,-1.6061447858810425,0.46074873208999634
1773048858,581937297,world,cf231_leg,-2.6143600940704346,-1.613717794418335,0.44680431485176086
1773048858,586900251,world,cf231,-2.6097631454467773,-1.6063872575759888,0.44638288021087646
1773048858,586900251,world,cf231_leg,-2.6142184734344482,-1.6133486032485962,0.43224242329597473
1773048858,591941722,world,cf231,-2.609189033508301,-1.6058242321014404,0.43084847927093506
1773048858,591941722,world,cf231_leg,-2.614295244216919,-1.6134803295135498,0.41791030764579773
1773048858,596868206,world,cf231,-2.6092519760131836,-1.6062556505203247,0.41641029715538025
1773048858,596868206,world,cf231_leg,-2.614023208618164,-1.6131511926651,0.4027111828327179
1773048858,602811888,world,cf231,-2.6089253425598145,-1.6060892343521118,0.4011704623699188
1773048858,602811888,world,cf231_leg,-2.61421799659729,-1.6132118701934814,0.38801151514053345
1773048858,607006296,world,cf231,-2.6089062690734863,-1.6062066555023193,0.3861793577671051
1773048858,607006296,world,cf231_leg,-2.6138253211975098,-1.6129730939865112,0.3725084066390991
1773048858,612030540,world,cf231,-2.6087260246276855,-1.6061779260635376,0.3704589009284973
1773048858,612030540,world,cf231_leg,-2.61393141746521,-1.6131281852722168,0.3568274974822998
1773048858,617013661,world,cf231,-2.608642816543579,-1.6063296794891357,0.35467976331710815
1773048858,617013661,world,cf231_leg,-2.613758087158203,-1.6127276420593262,0.3412055969238281
1773048858,621999229,world,cf231,-2.6085338592529297,-1.6065937280654907,0.33909958600997925
1773048858,621999229,world,cf231_leg,-2.6138064861297607,-1.6127867698669434,0.32548877596855164
1773048858,626886012,world,cf231,-2.6082754135131836,-1.6062514781951904,0.3223641812801361
1773048858,626886012,world,cf231_leg,-2.613614320755005,-1.6125872135162354,0.30918893218040466
1773048858,631827066,world,cf231,-2.608259439468384,-1.6065244674682617,0.3063436448574066
1773048858,631827066,world,cf231_leg,-2.6133995056152344,-1.6126129627227783,0.2925585210323334
1773048858,636900341,world,cf231,-2.6079769134521484,-1.6063151359558105,0.2894206941127777
1773048858,636900341,world,cf231_leg,-2.6132442951202393,-1.612451434135437,0.27605560421943665
1773048858,641954009,world,cf231,-2.6079635620117188,-1.6067417860031128,0.27296876907348633
1773048858,641954009,world,cf231_leg,-2.61336612701416,-1.6123498678207397,0.2593328654766083
1773048858,646878629,world,cf231,-2.607748031616211,-1.6065764427185059,0.2555430233478546
1773048858,646878629,world,cf231_leg,-2.6132185459136963,-1.6122145652770996,0.24235770106315613
1773048858,652743128,world,cf231,-2.6077306270599365,-1.6070345640182495,0.23858524858951569
1773048858,652743128,world,cf231_leg,-2.6132044792175293,-1.6120085716247559,0.2252640724182129
1773048858,657038680,world,cf231,-2.6075894832611084,-1.606972336769104,0.22095803916454315
1773048858,657038680,world,cf231_leg,-2.613133668899536,-1.6120589971542358,0.20787987112998962
1773048858,662594731,world,cf231,-2.6075284481048584,-1.6072193384170532,0.20318594574928284
1773048858,662594731,world,cf231_leg,-2.6129212379455566,-1.611653447151184,0.1899191439151764
1773048858,666971752,world,cf231,-2.607189893722534,-1.6071182489395142,0.18536347150802612
1773048858,666971752,world,cf231_leg,-2.6129348278045654,-1.6118781566619873,0.17228394746780396
1773048858,671961603,world,cf231,-2.607238531112671,-1.607403039932251,0.16729968786239624
1773048858,671961603,world,cf231_leg,-2.612450361251831,-1.6114414930343628,0.15425270795822144
1773048858,677022334,world,cf231,-2.6072254180908203,-1.6074821949005127,0.14884547889232635
1773048858,677022334,world,cf231_leg,-2.612534999847412,-1.6115425825119019,0.1358625292778015
1773048858,681855884,world,cf231,-2.607226610183716,-1.6077247858047485,0.1305585503578186
1773048858,681855884,world,cf231_leg,-2.6124682426452637,-1.6112146377563477,0.11739485710859299
1773048858,687107402,world,cf231,-2.6072425842285156,-1.6080149412155151,0.11193442344665527
1773048858,687107402,world,cf231_leg,-2.6124589443206787,-1.611173391342163,0.09892991930246353
1773048858,692707455,world,cf231,-2.607041358947754,-1.6079403162002563,0.09276294708251953
1773048858,692707455,world,cf231_leg,-2.6123456954956055,-1.611085057258606,0.08008568733930588
1773048858,697185079,world,cf231,-2.607121229171753,-1.6083896160125732,0.07365262508392334
1773048858,697185079,world,cf231_leg,-2.6120920181274414,-1.610618233680725,0.06096164137125015
1773048858,701901896,world,cf231,-2.606945276260376,-1.6083937883377075,0.054270025342702866
1773048858,701901896,world,cf231_leg,-2.6121020317077637,-1.6109504699707031,0.04125001281499863
1773048858,706944306,world,cf231,-2.608208179473877,-1.6082950830459595,0.05082704871892929
1773048858,706944306,world,cf231_leg,-2.6120009422302246,-1.6106443405151367,0.022606976330280304
1773048858,711913244,world,cf231,-2.6086502075195312,-1.6078639030456543,0.04846159741282463
1773048858,711913244,world,cf231_leg,-2.61332368850708,-1.6115425825119019,0.020257093012332916
1773048858,718053833,world,cf231,-2.6074609756469727,-1.6081358194351196,0.049867551773786545
1773048858,718053833,world,cf231_leg,-2.616293430328369,-1.6131139993667603,0.029505543410778046
1773048858,721956664,world,cf231,-2.607142448425293,-1.609034776687622,0.05305033177137375
1773048858,721956664,world,cf231_leg,-2.618865728378296,-1.6137958765029907,0.03999728709459305
1773048858,726699778,world,cf231,-2.6078402996063232,-1.6109468936920166,0.06420230120420456
1773048858,726699778,world,cf231_leg,-2.6217713356018066,-1.6152570247650146,0.050767309963703156
1773048858,732646481,world,cf231,-2.607487678527832,-1.6139891147613525,0.07272389531135559
1773048858,732646481,world,cf231_leg,-2.6238138675689697,-1.616180419921875,0.05910756438970566
1773048858,737239409,world,cf231,-2.607985496520996,-1.615509271621704,0.08285245299339294
1773048858,737239409,world,cf231_leg,-2.626260995864868,-1.6172804832458496,0.06880832463502884
1773048858,742148472,world,cf231,-2.6096079349517822,-1.6182681322097778,0.09240248799324036
1773048858,742148472,world,cf231_leg,-2.6288907527923584,-1.6185150146484375,0.07849618047475815
1773048858,747196008,world,cf231,-2.6114766597747803,-1.6207547187805176,0.1006518006324768
1773048858,747196008,world,cf231_leg,-2.6315572261810303,-1.619328498840332,0.0870356634259224
1773048858,752992430,world,cf231,-2.6133780479431152,-1.6234936714172363,0.10908225178718567
1773048858,752992430,world,cf231_leg,-2.634392261505127,-1.620803713798523,0.09588979929685593
1773048858,757123755,world,cf231,-2.6137499809265137,-1.6255617141723633,0.1175713837146759
1773048858,757123755,world,cf231_leg,-2.6366703510284424,-1.6217718124389648,0.1037319079041481
1773048858,761988277,world,cf231,-2.6143534183502197,-1.6276999711990356,0.1261868178844452
1773048858,761988277,world,cf231_leg,-2.639247417449951,-1.6228961944580078,0.11229708045721054
1773048858,767206956,world,cf231,-2.6148719787597656,-1.6300362348556519,0.13428960740566254
1773048858,767206956,world,cf231_leg,-2.641580581665039,-1.6240484714508057,0.11998992413282394
1773048858,772207918,world,cf231,-2.6165616512298584,-1.6325252056121826,0.14239546656608582
1773048858,772207918,world,cf231_leg,-2.6439008712768555,-1.6247704029083252,0.12716111540794373
1773048858,777101808,world,cf231,-2.6177287101745605,-1.6346486806869507,0.14949899911880493
1773048858,777101808,world,cf231_leg,-2.646345376968384,-1.6261895895004272,0.1339636743068695
1773048858,782144034,world,cf231,-2.6187844276428223,-1.63694429397583,0.1561470925807953
1773048858,782144034,world,cf231_leg,-2.6489391326904297,-1.6272438764572144,0.14113786816596985
1773048858,787936664,world,cf231,-2.6202383041381836,-1.6395292282104492,0.16329416632652283
1773048858,787936664,world,cf231_leg,-2.65114688873291,-1.6280921697616577,0.14786267280578613
1773048858,792031728,world,cf231,-2.6208295822143555,-1.641479730606079,0.16979610919952393
1773048858,792031728,world,cf231_leg,-2.653601884841919,-1.6295552253723145,0.1541932225227356
1773048858,798518977,world,cf231,-2.6217775344848633,-1.643722414970398,0.17608696222305298
1773048858,798518977,world,cf231_leg,-2.6559979915618896,-1.630445122718811,0.1609380841255188
1773048858,801900682,world,cf231,-2.623119831085205,-1.6462856531143188,0.18291141092777252
1773048858,801900682,world,cf231_leg,-2.6582839488983154,-1.631306767463684,0.16643428802490234
1773048858,806881800,world,cf231,-2.6239638328552246,-1.6483678817749023,0.18882328271865845
1773048858,806881800,world,cf231_leg,-2.661149501800537,-1.632753610610962,0.17261317372322083
1773048858,812691437,world,cf231,-2.6252613067626953,-1.6506770849227905,0.19482310116291046
1773048858,812691437,world,cf231_leg,-2.6634457111358643,-1.6337051391601562,0.17769402265548706
1773048858,817399754,world,cf231,-2.6266794204711914,-1.6532176733016968,0.2007419317960739
1773048858,817399754,world,cf231_leg,-2.665695905685425,-1.6347229480743408,0.1828230321407318
1773048858,822027341,world,cf231,-2.627284288406372,-1.6550580263137817,0.20561660826206207
1773048858,822027341,world,cf231_leg,-2.668238401412964,-1.636183261871338,0.1881488561630249
1773048858,826875507,world,cf231,-2.6282808780670166,-1.657415509223938,0.21091340482234955
1773048858,826875507,world,cf231_leg,-2.670396327972412,-1.6370128393173218,0.19247916340827942
1773048858,832615223,world,cf231,-2.62962007522583,-1.659804344177246,0.2157459557056427
1773048858,832615223,world,cf231_leg,-2.672762870788574,-1.6379010677337646,0.19656386971473694
1773048858,837650744,world,cf231,-2.630661964416504,-1.6618183851242065,0.2204606682062149
1773048858,837650744,world,cf231_leg,-2.675217390060425,-1.6392406225204468,0.20089125633239746
1773048858,841894879,world,cf231,-2.631732225418091,-1.6643180847167969,0.22504295408725739
1773048858,841894879,world,cf231_leg,-2.677651882171631,-1.640333652496338,0.2048937976360321
1773048858,846941517,world,cf231,-2.6327245235443115,-1.6662302017211914,0.22903616726398468
1773048858,846941517,world,cf231_leg,-2.679852247238159,-1.6412602663040161,0.2087424397468567
1773048858,853125445,world,cf231,-2.6337461471557617,-1.66854727268219,0.23303668200969696
1773048858,853125445,world,cf231_leg,-2.682171583175659,-1.6423310041427612,0.2115519642829895
1773048858,856859979,world,cf231,-2.635164260864258,-1.6710132360458374,0.23703144490718842
1773048858,856859979,world,cf231_leg,-2.68473219871521,-1.6436891555786133,0.2154305875301361
1773048858,861820702,world,cf231,-2.6359245777130127,-1.6729705333709717,0.240207239985466
1773048858,861820702,world,cf231_leg,-2.6869890689849854,-1.644879937171936,0.21808463335037231
1773048858,866852892,world,cf231,-2.6372551918029785,-1.6753332614898682,0.2437700480222702
1773048858,866852892,world,cf231_leg,-2.6893763542175293,-1.6456514596939087,0.22064891457557678
1773048858,872678042,world,cf231,-2.638216257095337,-1.6773313283920288,0.2469889372587204
1773048858,872678042,world,cf231_leg,-2.6916403770446777,-1.6466944217681885,0.223183274269104
1773048858,876846703,world,cf231,-2.639230966567993,-1.679697871208191,0.24948278069496155
1773048858,876846703,world,cf231_leg,-2.6940367221832275,-1.6480096578598022,0.22550621628761292
1773048858,881783435,world,cf231,-2.640246868133545,-1.681789755821228,0.252610445022583
1773048858,881783435,world,cf231_leg,-2.696408748626709,-1.6492060422897339,0.2276703417301178
1773048858,887503595,world,cf231,-2.6413779258728027,-1.6839263439178467,0.25488024950027466
1773048858,887503595,world,cf231_leg,-2.6986804008483887,-1.6501076221466064,0.22927787899971008
1773048858,891804940,world,cf231,-2.6426734924316406,-1.6862473487854004,0.257147878408432
1773048858,891804940,world,cf231_leg,-2.7009291648864746,-1.6510943174362183,0.23067909479141235
1773048858,896932896,world,cf231,-2.6438663005828857,-1.6882455348968506,0.25928759574890137
1773048858,896932896,world,cf231_leg,-2.703293561935425,-1.6522698402404785,0.23183897137641907
1773048858,902625726,world,cf231,-2.6450648307800293,-1.690708875656128,0.2611219882965088
1773048858,902625726,world,cf231_leg,-2.7056326866149902,-1.6535454988479614,0.2328769862651825
1773048858,907703063,world,cf231,-2.6460368633270264,-1.6926524639129639,0.26256585121154785
1773048858,907703063,world,cf231_leg,-2.707932472229004,-1.65458083152771,0.23351719975471497
1773048858,911890600,world,cf231,-2.647223472595215,-1.6950355768203735,0.2640227675437927
1773048858,911890600,world,cf231_leg,-2.7101683616638184,-1.6555731296539307,0.23403164744377136
1773048858,917618384,world,cf231,-2.648163080215454,-1.6968491077423096,0.2647700607776642
1773048858,917618384,world,cf231_leg,-2.7125651836395264,-1.65650475025177,0.2339678406715393
1773048858,921936697,world,cf231,-2.649574041366577,-1.6994621753692627,0.2659111022949219
1773048858,921936697,world,cf231_leg,-2.714702606201172,-1.6575613021850586,0.23418813943862915
1773048858,926930011,world,cf231,-2.6505374908447266,-1.701271414756775,0.26635342836380005
1773048858,926930011,world,cf231_leg,-2.717087507247925,-1.6587669849395752,0.23391714692115784
1773048858,931784137,world,cf231,-2.6517953872680664,-1.7033919095993042,0.2668211758136749
1773048858,931784137,world,cf231_leg,-2.719386339187622,-1.6599127054214478,0.23324888944625854
1773048858,936822530,world,cf231,-2.652708053588867,-1.705356240272522,0.2666894793510437
1773048858,936822530,world,cf231_leg,-2.7215938568115234,-1.6611214876174927,0.23290783166885376
1773048858,941977128,world,cf231,-2.6540045738220215,-1.7076623439788818,0.26678070425987244
1773048858,941977128,world,cf231_leg,-2.7239251136779785,-1.662052869796753,0.23156869411468506
1773048858,947115115,world,cf231,-2.655264377593994,-1.7097774744033813,0.26680755615234375
1773048858,947115115,world,cf231_leg,-2.7261860370635986,-1.6631184816360474,0.23041164875030518
1773048858,952819813,world,cf231,-2.656309127807617,-1.7117666006088257,0.26584428548812866
1773048858,952819813,world,cf231_leg,-2.7283010482788086,-1.6640032529830933,0.22888046503067017
1773048858,956964667,world,cf231,-2.657783269882202,-1.7140438556671143,0.2656516134738922
1773048858,956964667,world,cf231_leg,-2.7304813861846924,-1.6650471687316895,0.22711116075515747
1773048858,961925319,world,cf231,-2.658808708190918,-1.7159318923950195,0.2646074593067169
1773048858,961925319,world,cf231_leg,-2.732978343963623,-1.6662304401397705,0.22526520490646362
1773048858,966829216,world,cf231,-2.659926652908325,-1.7181448936462402,0.26324570178985596
1773048858,966829216,world,cf231_leg,-2.735285520553589,-1.6673343181610107,0.22323638200759888
1773048858,971901941,world,cf231,-2.661118984222412,-1.7200689315795898,0.26209867000579834
1773048858,971901941,world,cf231_leg,-2.7375078201293945,-1.6685359477996826,0.22058475017547607
1773048858,976872761,world,cf231,-2.6624486446380615,-1.7223118543624878,0.260398268699646
1773048858,976872761,world,cf231_leg,-2.739745855331421,-1.669691562652588,0.2178439199924469
1773048858,981805399,world,cf231,-2.663726329803467,-1.7243750095367432,0.2581235468387604
1773048858,981805399,world,cf231_leg,-2.742030143737793,-1.6707450151443481,0.2149648368358612
1773048858,986908370,world,cf231,-2.664900541305542,-1.7263413667678833,0.2565711438655853
1773048858,986908370,world,cf231_leg,-2.744239568710327,-1.6717971563339233,0.2116003930568695
1773048858,991887202,world,cf231,-2.6659812927246094,-1.728356122970581,0.2541784346103668
1773048858,991887202,world,cf231_leg,-2.7464911937713623,-1.6729830503463745,0.20818215608596802
1773048858,997047098,world,cf231,-2.667492151260376,-1.730419635772705,0.25162753462791443
1773048858,997047098,world,cf231_leg,-2.7486560344696045,-1.6739548444747925,0.2046021819114685
1773048859,1884617,world,cf231,-2.6686289310455322,-1.7323468923568726,0.24917390942573547
1773048859,1884617,world,cf231_leg,-2.750917673110962,-1.675061821937561,0.2008630931377411
1773048859,6879474,world,cf231,-2.669957160949707,-1.7346203327178955,0.24628032743930817
1773048859,6879474,world,cf231_leg,-2.7531559467315674,-1.6760472059249878,0.19683891534805298
1773048859,11995967,world,cf231,-2.671273708343506,-1.736585259437561,0.242917001247406
1773048859,11995967,world,cf231_leg,-2.75529408454895,-1.6769461631774902,0.19185742735862732
1773048859,17037941,world,cf231,-2.672269821166992,-1.738296627998352,0.2391512542963028
1773048859,17037941,world,cf231_leg,-2.757523536682129,-1.6780970096588135,0.187555730342865
1773048859,22629603,world,cf231,-2.6737513542175293,-1.7406495809555054,0.23574887216091156
1773048859,22629603,world,cf231_leg,-2.7596189975738525,-1.679246425628662,0.1827700138092041
1773048859,27008361,world,cf231,-2.6753530502319336,-1.7424726486206055,0.2322588711977005
1773048859,27008361,world,cf231_leg,-2.761972188949585,-1.6801446676254272,0.17731603980064392
1773048859,32028383,world,cf231,-2.6762306690216064,-1.7441059350967407,0.22782635688781738
1773048859,32028383,world,cf231_leg,-2.7641868591308594,-1.681363582611084,0.1721673607826233
1773048859,36868691,world,cf231,-2.677631378173828,-1.7462340593338013,0.22335171699523926
1773048859,36868691,world,cf231_leg,-2.7664170265197754,-1.6822766065597534,0.1663721799850464
1773048859,42017853,world,cf231,-2.679147243499756,-1.7483770847320557,0.21884207427501678
1773048859,42017853,world,cf231_leg,-2.768409252166748,-1.683511734008789,0.16062739491462708
1773048859,47604379,world,cf231,-2.6804165840148926,-1.7501710653305054,0.21391864120960236
1773048859,47604379,world,cf231_leg,-2.770817518234253,-1.6845312118530273,0.15459302067756653
1773048859,52696107,world,cf231,-2.681708812713623,-1.7520335912704468,0.2089683711528778
1773048859,52696107,world,cf231_leg,-2.772993803024292,-1.6856813430786133,0.14833617210388184
1773048859,56862796,world,cf231,-2.6831042766571045,-1.753879427909851,0.20368362963199615
1773048859,56862796,world,cf231_leg,-2.7754719257354736,-1.6867576837539673,0.14235839247703552
1773048859,62030557,world,cf231,-2.684333086013794,-1.7558236122131348,0.1981830596923828
1773048859,62030557,world,cf231_leg,-2.7773985862731934,-1.6878306865692139,0.13497105240821838
1773048859,66708642,world,cf231,-2.6860029697418213,-1.7580844163894653,0.19274239242076874
1773048859,66708642,world,cf231_leg,-2.7795960903167725,-1.6888591051101685,0.12783858180046082
1773048859,71887222,world,cf231,-2.687218427658081,-1.759360671043396,0.18661989271640778
1773048859,71887222,world,cf231_leg,-2.7818846702575684,-1.6900010108947754,0.12068397551774979
1773048859,76873037,world,cf231,-2.688699960708618,-1.761471152305603,0.18060217797756195
1773048859,76873037,world,cf231_leg,-2.7842230796813965,-1.6911033391952515,0.11326868087053299
1773048859,82706484,world,cf231,-2.6901285648345947,-1.7633646726608276,0.1737743765115738
1773048859,82706484,world,cf231_leg,-2.786287307739258,-1.692119836807251,0.10530105978250504
1773048859,86907740,world,cf231,-2.691455602645874,-1.7651714086532593,0.16681541502475739
1773048859,86907740,world,cf231_leg,-2.788410186767578,-1.6930402517318726,0.09731688350439072
1773048859,91832123,world,cf231,-2.6932692527770996,-1.7673105001449585,0.16075944900512695
1773048859,91832123,world,cf231_leg,-2.7905097007751465,-1.6940176486968994,0.08887500315904617
1773048859,96885679,world,cf231,-2.6947431564331055,-1.7688668966293335,0.15365800261497498
1773048859,96885679,world,cf231_leg,-2.7927868366241455,-1.6950196027755737,0.08036885410547256
1773048859,101856029,world,cf231,-2.6959292888641357,-1.7703945636749268,0.14584587514400482
1773048859,101856029,world,cf231_leg,-2.794996976852417,-1.696026086807251,0.07178563624620438
1773048859,106957457,world,cf231,-2.697650671005249,-1.7723883390426636,0.13885578513145447
1773048859,106957457,world,cf231_leg,-2.797114372253418,-1.6972516775131226,0.06293358653783798
1773048859,111861826,world,cf231,-2.6992547512054443,-1.7741719484329224,0.13110817968845367
1773048859,111861826,world,cf231_leg,-2.7993624210357666,-1.6984682083129883,0.053978584706783295
1773048859,117713988,world,cf231,-2.700406312942505,-1.7759455442428589,0.12260297685861588
1773048859,117713988,world,cf231_leg,-2.8016443252563477,-1.699412226676941,0.044153518974781036
1773048859,122253143,world,cf231,-2.7018799781799316,-1.7776802778244019,0.11417645215988159
1773048859,122253143,world,cf231_leg,-2.8037757873535156,-1.70063316822052,0.03460868448019028
1773048859,128228157,world,cf231,-2.7037575244903564,-1.779608130455017,0.10596161335706711
1773048859,128228157,world,cf231_leg,-2.805971622467041,-1.7015374898910522,0.0246632918715477
1773048859,132043027,world,cf231,-2.7055771350860596,-1.7815043926239014,0.0975983738899231
1773048859,132043027,world,cf231_leg,-2.8082070350646973,-1.7025023698806763,0.014574632048606873
1773048859,136990305,world,cf231,-2.7069435119628906,-1.7831403017044067,0.08829233795404434
1773048859,136990305,world,cf231_leg,-2.8102920055389404,-1.7034220695495605,0.004061862826347351
1773048859,143231161,world,cf231,-2.70843505859375,-1.7846795320510864,0.07891961932182312
1773048859,143231161,world,cf231_leg,-2.8125932216644287,-1.704601526260376,-0.006550483405590057
1773048859,146966082,world,cf231,-2.710050106048584,-1.7862392663955688,0.06943821161985397
1773048859,146966082,world,cf231_leg,-2.815096378326416,-1.705802083015442,-0.017193928360939026
1773048859,152000919,world,cf231,-2.711801767349243,-1.7881348133087158,0.059895023703575134
1773048859,152000919,world,cf231_leg,-2.8172292709350586,-1.7070289850234985,-0.02813342958688736
1773048859,157688662,world,cf231,-2.7134408950805664,-1.7898550033569336,0.050231464207172394
1773048859,157688662,world,cf231_leg,-2.8192527294158936,-1.7078235149383545,-0.039904527366161346
1773048859,162185323,world,cf231,-2.7152087688446045,-1.7913355827331543,0.039858512580394745
1773048859,162185323,world,cf231_leg,-2.8225526809692383,-1.7088348865509033,-0.05081073194742203
1773048859,168637274,world,cf231,-2.7166945934295654,-1.7929861545562744,0.02956712432205677
1773048859,168637274,world,cf231_leg,-2.8235080242156982,-1.7099080085754395,-0.06321078538894653
1773048859,172001178,world,cf231,-2.718731164932251,-1.794748306274414,0.01971622183918953
1773048859,172001178,world,cf231_leg,-2.825914144515991,-1.711095929145813,-0.07512526214122772
1773048859,176903627,world,cf231,-2.718797445297241,-1.7958067655563354,0.01597711816430092
1773048859,176903627,world,cf231_leg,-2.828817129135132,-1.7116185426712036,-0.08756192773580551
1773048859,181850911,world,cf231,-2.716060161590576,-1.799181342124939,0.015893783420324326
1773048859,181850911,world,cf231_leg,-2.831122875213623,-1.7114969491958618,-0.0999753326177597
1773048859,188382082,world,cf231,-2.720989227294922,-1.7998875379562378,0.016106165945529938
1773048859,188382082,world,cf231_leg,-2.834259033203125,-1.708975911140442,-0.09860912710428238
1773048859,191875549,world,cf231,-2.7268271446228027,-1.8016592264175415,0.018429838120937347
1773048859,191875549,world,cf231_leg,-2.835500478744507,-1.7061883211135864,-0.0937981903553009
1773048859,197458759,world,cf231,-2.731520891189575,-1.8017617464065552,0.02089431881904602
1773048859,197458759,world,cf231_leg,-2.836256504058838,-1.7032039165496826,-0.08937300741672516
1773048859,201825572,world,cf231,-2.734121799468994,-1.798581838607788,0.02459246665239334
1773048859,201825572,world,cf231_leg,-2.838982582092285,-1.7005255222320557,-0.08362609148025513
1773048859,206837172,world,cf231,-2.737377166748047,-1.7972922325134277,0.027855277061462402
1773048859,206837172,world,cf231_leg,-2.840614080429077,-1.6976897716522217,-0.07870718091726303
1773048859,211851997,world,cf231,-2.7419521808624268,-1.7970119714736938,0.029681159183382988
1773048859,211851997,world,cf231_leg,-2.841115951538086,-1.6949207782745361,-0.0753035843372345
1773048859,216814871,world,cf231,-2.7477633953094482,-1.796860933303833,0.030910007655620575
1773048859,216814871,world,cf231_leg,-2.8435254096984863,-1.6922551393508911,-0.07134117186069489
1773048859,221926738,world,cf231,-2.753099203109741,-1.7966320514678955,0.03185857832431793
1773048859,221926738,world,cf231_leg,-2.845609188079834,-1.6893447637557983,-0.0672951191663742
1773048859,227583956,world,cf231,-2.757699489593506,-1.795736312866211,0.034044839441776276
1773048859,227583956,world,cf231_leg,-2.8471179008483887,-1.6868046522140503,-0.06365089118480682
1773048859,231910056,world,cf231,-2.761676549911499,-1.7938462495803833,0.03556746989488602
1773048859,231910056,world,cf231_leg,-2.8481836318969727,-1.6840832233428955,-0.06096569821238518
1773048859,236894045,world,cf231,-2.765531539916992,-1.7925889492034912,0.036405302584171295
1773048859,236894045,world,cf231_leg,-2.8500688076019287,-1.6812493801116943,-0.057508137077093124
1773048859,242733447,world,cf231,-2.7704265117645264,-1.7912557125091553,0.03731875866651535
1773048859,242733447,world,cf231_leg,-2.8518424034118652,-1.6789755821228027,-0.05447474122047424
1773048859,246922235,world,cf231,-2.7757086753845215,-1.7901010513305664,0.03800900653004646
1773048859,246922235,world,cf231_leg,-2.852787494659424,-1.6761398315429688,-0.05259951576590538
1773048859,251764831,world,cf231,-2.7808010578155518,-1.7893913984298706,0.0379183404147625
1773048859,251764831,world,cf231_leg,-2.8545029163360596,-1.6735793352127075,-0.05066855996847153
1773048859,257122383,world,cf231,-2.7856194972991943,-1.787871241569519,0.03805135563015938
1773048859,257122383,world,cf231_leg,-2.856477737426758,-1.6713348627090454,-0.047781605273485184
1773048859,261853903,world,cf231,-2.790609359741211,-1.7864540815353394,0.03774441033601761
1773048859,261853903,world,cf231_leg,-2.8579561710357666,-1.6685289144515991,-0.04637134075164795
1773048859,266800934,world,cf231,-2.7953438758850098,-1.7848408222198486,0.03796516731381416
1773048859,266800934,world,cf231_leg,-2.8592417240142822,-1.6660035848617554,-0.04515358433127403
1773048859,272661703,world,cf231,-2.800560712814331,-1.7829689979553223,0.037479694932699203
1773048859,272661703,world,cf231_leg,-2.8608522415161133,-1.6637221574783325,-0.043545711785554886
1773048859,276892926,world,cf231,-2.805584192276001,-1.7815420627593994,0.03679099678993225
1773048859,276892926,world,cf231_leg,-2.8622207641601562,-1.6610604524612427,-0.042534224689006805
1773048859,281821628,world,cf231,-2.8108863830566406,-1.779669165611267,0.03622744232416153
1773048859,281821628,world,cf231_leg,-2.8638975620269775,-1.6587724685668945,-0.04172206670045853
1773048859,286795692,world,cf231,-2.8159916400909424,-1.7778759002685547,0.03470320999622345
1773048859,286795692,world,cf231_leg,-2.865072250366211,-1.6564134359359741,-0.04156429320573807
1773048859,291903652,world,cf231,-2.8211915493011475,-1.776098370552063,0.03337959200143814
1773048859,291903652,world,cf231_leg,-2.866946220397949,-1.6540261507034302,-0.040992170572280884
1773048859,296925298,world,cf231,-2.8263790607452393,-1.7740168571472168,0.03181055933237076
1773048859,296925298,world,cf231_leg,-2.8683180809020996,-1.651726245880127,-0.04116358608007431
1773048859,306755687,world,cf231,-2.831163167953491,-1.7716779708862305,0.029547158628702164
1773048859,306755687,world,cf231_leg,-2.8697686195373535,-1.6493405103683472,-0.04170256108045578
1773048859,308431545,world,cf231,-2.83683705329895,-1.7696994543075562,0.028380990028381348
1773048859,308431545,world,cf231_leg,-2.871194839477539,-1.6470433473587036,-0.042268648743629456
1773048859,311905062,world,cf231,-2.8421149253845215,-1.7675821781158447,0.026254812255501747
1773048859,311905062,world,cf231_leg,-2.8727028369903564,-1.6447982788085938,-0.04288651421666145
1773048859,316709662,world,cf231,-2.84714937210083,-1.7654664516448975,0.023683056235313416
1773048859,316709662,world,cf231_leg,-2.874159812927246,-1.6426141262054443,-0.04391157999634743
1773048859,321920853,world,cf231,-2.8512609004974365,-1.7637839317321777,0.022137733176350594
1773048859,321920853,world,cf231_leg,-2.8755593299865723,-1.6403651237487793,-0.045589689165353775
1773048859,327029337,world,cf231,-2.854154348373413,-1.7631547451019287,0.022568851709365845
1773048859,327029337,world,cf231_leg,-2.877206325531006,-1.6377971172332764,-0.04713205620646477
1773048859,332148446,world,cf231,-2.8562395572662354,-1.7621850967407227,0.022400490939617157
1773048859,332148446,world,cf231_leg,-2.8791511058807373,-1.6350127458572388,-0.04920141398906708
1773048859,337676717,world,cf231,-2.859731435775757,-1.7616156339645386,0.022957833483815193
1773048859,337676717,world,cf231_leg,-2.8813226222991943,-1.63236403465271,-0.05103027820587158
1773048859,341894344,world,cf231,-2.8636341094970703,-1.7611266374588013,0.022380616515874863
1773048859,341894344,world,cf231_leg,-2.8833298683166504,-1.6294875144958496,-0.053643640130758286
1773048859,347030588,world,cf231,-2.8665122985839844,-1.7607170343399048,0.02231212519109249
1773048859,347030588,world,cf231_leg,-2.884744882583618,-1.6263140439987183,-0.05644603073596954
1773048859,351851615,world,cf231,-2.869110107421875,-1.759729266166687,0.02192942425608635
1773048859,351851615,world,cf231_leg,-2.886730909347534,-1.623886227607727,-0.058931369334459305
1773048859,356900527,world,cf231_leg,-2.8886947631835938,-1.6213568449020386,-0.062193866819143295
1773048859,361929108,world,cf231_leg,-2.8906447887420654,-1.6186879873275757,-0.06581471860408783
1773048859,366695883,world,cf231_leg,-2.8924665451049805,-1.6161378622055054,-0.0695527046918869
1773048859,373174807,world,cf231_leg,-2.8936259746551514,-1.6123783588409424,-0.07450653612613678
1773048859,376873684,world,cf231_leg,-2.8953728675842285,-1.6092904806137085,-0.0781954973936081
1773048859,381911125,world,cf231_leg,-2.8976430892944336,-1.6071981191635132,-0.08232302963733673
1773048859,391869183,world,cf231,-2.8843448162078857,-1.7501106262207031,0.01137254387140274
1773048859,396808175,world,cf231,-2.8874435424804688,-1.7499988079071045,0.012218348681926727
1773048859,408174246,world,cf231,-2.897372245788574,-1.7464505434036255,0.0181456059217453
1773048859,411896849,world,cf231,-2.89790678024292,-1.744101881980896,0.02044566720724106
1773048859,417056632,world,cf231,-2.8939168453216553,-1.7410098314285278,0.022455736994743347
1773048859,421902269,world,cf231,-2.8939192295074463,-1.7388802766799927,0.025325937196612358
1773048859,427638587,world,cf231,-2.895170211791992,-1.7367602586746216,0.02683507278561592
1773048859,432095972,world,cf231,-2.897623300552368,-1.7345105409622192,0.02847861684858799
1773048859,436806343,world,cf231,-2.8996944427490234,-1.7325496673583984,0.029422469437122345
1773048859,441900195,world,cf231,-2.9010279178619385,-1.7300152778625488,0.030205443501472473
1773048859,446742821,world,cf231,-2.9025442600250244,-1.728108525276184,0.0316753126680851
1773048859,451942117,world,cf231,-2.9031503200531006,-1.7255202531814575,0.032198503613471985
1773048859,457057120,world,cf231,-2.904430627822876,-1.723471999168396,0.032923582941293716
1773048859,462567718,world,cf231,-2.9059882164001465,-1.721100926399231,0.03330227732658386
1773048859,466830709,world,cf231,-2.907294750213623,-1.7184929847717285,0.03286012262105942
1773048859,472804008,world,cf231,-2.909029722213745,-1.7165586948394775,0.033080775290727615
1773048859,476850101,world,cf231,-2.91049861907959,-1.7140991687774658,0.03246374800801277
1773048859,481891214,world,cf231,-2.911559820175171,-1.7115558385849,0.03141257166862488
1773048859,486790607,world,cf231,-2.913076400756836,-1.709313154220581,0.030131746083498
1773048859,491849144,world,cf231,-2.9143004417419434,-1.7067773342132568,0.029077429324388504
1773048859,499012780,world,cf231,-2.91595196723938,-1.7044124603271484,0.027058465406298637
1773048859,501926595,world,cf231,-2.9173667430877686,-1.7018918991088867,0.025887709110975266
1773048859,506816203,world,cf231,-2.918682813644409,-1.6992835998535156,0.024198070168495178
1773048859,512039138,world,cf231,-2.9216439723968506,-1.6971434354782104,0.023969748988747597
1773048859,517139070,world,cf231,-2.9235637187957764,-1.6954996585845947,0.026728948578238487
1773048859,521946773,world,cf231,-2.924229383468628,-1.6939383745193481,0.027981147170066833
1773048859,531859738,world,cf231,-2.9273600578308105,-1.690306544303894,0.029480336233973503
1773048859,536911423,world,cf231,-2.9298970699310303,-1.6880937814712524,0.029232021421194077
1773048859,541816161,world,cf231,-2.9323043823242188,-1.686204433441162,0.028878923505544662
1773048859,546911292,world,cf231,-2.933746337890625,-1.6839327812194824,0.027994448319077492
1773048859,551832736,world,cf231,-2.935771942138672,-1.681944727897644,0.028192393481731415
1773048859,556920619,world,cf231,-2.9379992485046387,-1.6802994012832642,0.02931930497288704
1773048859,581871414,world,cf231,-2.9494550228118896,-1.678308129310608,0.043979059904813766
1773048859,593011786,world,cf231,-2.953169584274292,-1.6748194694519043,0.046069975942373276
1773048859,596832722,world,cf231,-2.955504894256592,-1.673383355140686,0.04739351570606232
1773048859,601912389,world,cf231,-2.957554340362549,-1.671303153038025,0.048278387635946274
1773048859,607727017,world,cf231,-2.959900140762329,-1.669860601425171,0.04994027316570282
1773048859,611904227,world,cf231,-2.961963653564453,-1.667800784111023,0.050950195640325546
1773048859,617657313,world,cf231,-2.9642021656036377,-1.6659153699874878,0.05261571332812309
1773048859,621963265,world,cf231,-2.9662013053894043,-1.664017915725708,0.053303398191928864
1773048859,626884896,world,cf231,-2.9684197902679443,-1.6620123386383057,0.05403303727507591
1773048859,631844590,world,cf231,-2.970574140548706,-1.6602586507797241,0.05485100671648979
1773048859,636955601,world,cf231,-2.9730019569396973,-1.658601999282837,0.05549146607518196
1773048859,641900790,world,cf231,-2.975118398666382,-1.6573899984359741,0.055879682302474976
1773048859,647482257,world,cf231,-2.977464199066162,-1.6558688879013062,0.05728358402848244
1773048859,652731258,world,cf231,-2.9790477752685547,-1.6545120477676392,0.05764847248792648
1773048859,656919973,world,cf231,-2.980919361114502,-1.653157353401184,0.05805981531739235
1773048859,662597283,world,cf231,-2.9827399253845215,-1.6517947912216187,0.058804579079151154
1773048859,666988784,world,cf231,-2.9845237731933594,-1.6504415273666382,0.059082549065351486
1773048859,672595804,world,cf231,-2.9859728813171387,-1.649235486984253,0.05915721878409386
1773048859,676883752,world,cf231,-2.98781681060791,-1.6479099988937378,0.0597626231610775
1773048859,681651069,world,cf231,-2.9894704818725586,-1.6466102600097656,0.059966541826725006
1773048859,686768090,world,cf231,-2.9908487796783447,-1.6451457738876343,0.059623390436172485
1773048859,691850983,world,cf231,-2.992347478866577,-1.6442394256591797,0.059783656150102615
1773048859,696767842,world,cf231,-2.993936777114868,-1.6427923440933228,0.060266461223363876
1773048859,701862287,world,cf231,-2.995332717895508,-1.6416593790054321,0.06050233170390129
1773048859,706947294,world,cf231,-2.996934413909912,-1.6409467458724976,0.06101635843515396
1773048859,711889730,world,cf231,-2.997925281524658,-1.6395457983016968,0.06074433773756027
1773048859,716847389,world,cf231,-2.9994800090789795,-1.6382895708084106,0.061644330620765686
1773048859,722634375,world,cf231,-3.000723361968994,-1.6376559734344482,0.06198909878730774
1773048859,726987246,world,cf231,-3.001681089401245,-1.6368069648742676,0.062087781727313995
1773048859,731688789,world,cf231,-3.00246524810791,-1.635834813117981,0.06170354783535004
1773048859,736963352,world,cf231,-3.0031111240386963,-1.6352375745773315,0.06139262393116951
1773048859,742575771,world,cf231,-3.0039329528808594,-1.634896993637085,0.060591429471969604
1773048859,746950944,world,cf231,-3.004781484603882,-1.6345683336257935,0.060110047459602356
1773048859,752602802,world,cf231,-3.005544662475586,-1.6342506408691406,0.059514980763196945
1773048859,756867538,world,cf231,-3.0060324668884277,-1.6339328289031982,0.05910181999206543
1773048859,762661002,world,cf231,-3.0065298080444336,-1.6337406635284424,0.0583404079079628
1773048859,766751066,world,cf231,-3.006765365600586,-1.6336240768432617,0.056973084807395935
1773048859,771838707,world,cf231,-3.0072193145751953,-1.6337076425552368,0.055704522877931595
1773048859,777578573,world,cf231,-3.007671594619751,-1.6338571310043335,0.05503902584314346
1773048859,781866882,world,cf231,-3.007941722869873,-1.6342270374298096,0.05354394391179085
1773048859,786936942,world,cf231,-3.0081536769866943,-1.634846568107605,0.051943983882665634
1773048859,793319486,world,cf231,-3.008547306060791,-1.6354484558105469,0.05133102834224701
1773048859,798520327,world,cf231,-3.008561134338379,-1.6362859010696411,0.049515917897224426
1773048859,801871637,world,cf231,-3.0087122917175293,-1.6368712186813354,0.04848170280456543
1773048859,808100548,world,cf231,-3.0087482929229736,-1.6375603675842285,0.047078937292099
1773048859,811895886,world,cf231,-3.008688449859619,-1.6382718086242676,0.04562831297516823
1773048859,816872132,world,cf231,-3.0088188648223877,-1.6391757726669312,0.044117044657468796
1773048859,821738968,world,cf231,-3.0088698863983154,-1.6404520273208618,0.043090175837278366
1773048859,826798253,world,cf231,-3.0088469982147217,-1.641269326210022,0.0415010042488575
1773048859,832452636,world,cf231,-3.008789300918579,-1.6421931982040405,0.03957066312432289
1773048859,836870738,world,cf231,-3.0086631774902344,-1.642930507659912,0.03823733329772949
1773048859,841924051,world,cf231,-3.008608341217041,-1.6437304019927979,0.0362057164311409
1773048859,847475618,world,cf231,-3.0085103511810303,-1.6448540687561035,0.03462345153093338
1773048859,852249975,world,cf231,-3.0084640979766846,-1.6456880569458008,0.0329166054725647
1773048859,857145752,world,cf231,-3.0083656311035156,-1.6464941501617432,0.03110373020172119
1773048859,861861426,world,cf231,-3.008389472961426,-1.647125005722046,0.029719041660428047
1773048859,866836675,world,cf231,-3.008206367492676,-1.647647738456726,0.027754366397857666
1773048859,871831184,world,cf231,-3.0082125663757324,-1.648250699043274,0.026095306500792503
1773048859,877474032,world,cf231,-3.008132219314575,-1.6488581895828247,0.02484874427318573
1773048859,881844929,world,cf231,-3.0080671310424805,-1.6493078470230103,0.022809434682130814
1773048859,886902654,world,cf231,-3.0081069469451904,-1.6498128175735474,0.02139059081673622
1773048859,891750292,world,cf231,-3.0079712867736816,-1.6501911878585815,0.019341975450515747
1773048859,897725430,world,cf231,-3.0080645084381104,-1.6505537033081055,0.01753387227654457
1773048859,902675634,world,cf231,-3.0078086853027344,-1.6512038707733154,0.015594471246004105
1773048859,907940196,world,cf231,-3.0077223777770996,-1.6514439582824707,0.013854838907718658
1773048859,911796434,world,cf231,-3.00752854347229,-1.6518772840499878,0.011551562696695328
1773048859,916861135,world,cf231,-3.0079903602600098,-1.6524473428726196,0.011348072439432144
1773048859,921763572,world,cf231,-3.008169412612915,-1.6531234979629517,0.012040503323078156
1773048859,926673641,world,cf231,-3.008232831954956,-1.6534523963928223,0.01241084560751915
1773048859,931832873,world,cf231,-3.0086300373077393,-1.653568983078003,0.012291081249713898
1773048859,936993617,world,cf231,-3.009087324142456,-1.6538246870040894,0.01242634654045105
1773048859,942038731,world,cf231,-3.0093092918395996,-1.6540241241455078,0.0126553475856781
1773048859,946806895,world,cf231,-3.0096311569213867,-1.6541837453842163,0.012858029454946518
1773048859,952594496,world,cf231,-3.009838104248047,-1.6544020175933838,0.013074245303869247
1773048859,956822342,world,cf231,-3.0102896690368652,-1.654666543006897,0.013256106525659561
1773048859,962705443,world,cf231,-3.0105671882629395,-1.6547386646270752,0.013006705790758133
1773048859,966900684,world,cf231,-3.010920524597168,-1.6550135612487793,0.012987229973077774
1773048859,973742500,world,cf231,-3.011274814605713,-1.6553113460540771,0.013163670897483826
1773048859,976782160,world,cf231,-3.011570453643799,-1.6555898189544678,0.013282131403684616
1773048859,981902657,world,cf231,-3.011874198913574,-1.655656099319458,0.01330462098121643
1773048859,987602020,world,cf231,-3.012213945388794,-1.6558821201324463,0.013477437198162079
1773048859,992807985,world,cf231,-3.0124130249023438,-1.6558839082717896,0.013388630002737045
1773048859,996863313,world,cf231,-3.012805223464966,-1.6561287641525269,0.013512056320905685
1773048860,2627882,world,cf231,-3.013155698776245,-1.6562325954437256,0.013558309525251389
1773048860,6785766,world,cf231,-3.0136327743530273,-1.6562694311141968,0.013650808483362198
1773048860,12086112,world,cf231,-3.0139918327331543,-1.6562799215316772,0.013798728585243225
1773048860,16853805,world,cf231,-3.014298439025879,-1.6562858819961548,0.014033470302820206
1773048860,21900005,world,cf231,-3.014512777328491,-1.6560790538787842,0.01382075622677803
1773048860,26974003,world,cf231,-3.0146782398223877,-1.656032919883728,0.01374945417046547
1773048860,32015755,world,cf231,-3.0148305892944336,-1.6556036472320557,0.013322047889232635
1773048860,37992621,world,cf231,-3.0149853229522705,-1.655480146408081,0.013214312493801117
1773048860,41909905,world,cf231,-3.015191078186035,-1.655497431755066,0.013269204646348953
1773048860,46952040,world,cf231,-3.0150997638702393,-1.6554216146469116,0.013200584799051285
1773048860,51908875,world,cf231,-3.015171527862549,-1.6554392576217651,0.013327307999134064
1773048860,56878240,world,cf231,-3.015184164047241,-1.6555086374282837,0.013334676623344421
1773048860,62034582,world,cf231,-3.0151383876800537,-1.6554781198501587,0.013318981975317001
1773048860,68041694,world,cf231,-3.015109062194824,-1.6555068492889404,0.013266153633594513
1773048860,72020164,world,cf231,-3.0150792598724365,-1.6555492877960205,0.01325184851884842
1773048860,76917732,world,cf231,-3.0150768756866455,-1.65554678440094,0.013256225734949112
1773048860,81995428,world,cf231,-3.0150184631347656,-1.655618667602539,0.013187866657972336
1773048860,86868560,world,cf231,-3.015019416809082,-1.655619502067566,0.013186510652303696
1773048860,92005967,world,cf231,-3.0149896144866943,-1.6557433605194092,0.013136275112628937
1773048860,96829427,world,cf231,-3.014908790588379,-1.6557445526123047,0.013104740530252457
1773048860,101845664,world,cf231,-3.0149893760681152,-1.6558246612548828,0.013100393116474152
1773048860,107071103,world,cf231,-3.014838218688965,-1.6558191776275635,0.012966178357601166
1773048860,111747465,world,cf231,-3.014909029006958,-1.6560132503509521,0.01305960863828659
1773048860,118707287,world,cf231,-3.0147523880004883,-1.6561169624328613,0.012989096343517303
1773048860,121784349,world,cf231,-3.014676570892334,-1.6562589406967163,0.012668713927268982
1773048860,126800231,world,cf231,-3.0144991874694824,-1.6562758684158325,0.012449909001588821
1773048860,131736777,world,cf231,-3.0144286155700684,-1.656431794166565,0.012275740504264832
1773048860,136896031,world,cf231,-3.014331102371216,-1.6565277576446533,0.012054674327373505
1773048860,141914049,world,cf231,-3.0142431259155273,-1.6567093133926392,0.011898625642061234
1773048860,146878540,world,cf231,-3.0141990184783936,-1.6569393873214722,0.011809322983026505
1773048860,151795963,world,cf231,-3.0140697956085205,-1.657103419303894,0.011785071343183517
1773048860,157119101,world,cf231,-3.0137829780578613,-1.657279372215271,0.011701002717018127
1773048860,162228734,world,cf231,-3.013551712036133,-1.6572216749191284,0.011778365820646286
1773048860,167541636,world,cf231,-3.0133795738220215,-1.6571838855743408,0.01191253587603569
1773048860,172554037,world,cf231,-3.013265371322632,-1.657151699066162,0.01193547248840332
1773048860,177923850,world,cf231,-3.013159990310669,-1.6570043563842773,0.011862579733133316
1773048860,183027826,world,cf231,-3.0129709243774414,-1.6569432020187378,0.011608444154262543
1773048860,188611681,world,cf231,-3.0130293369293213,-1.656853437423706,0.011495009064674377
1773048860,192527604,world,cf231,-3.0130789279937744,-1.6567010879516602,0.01151236891746521
1773048860,197620091,world,cf231,-3.0132558345794678,-1.6566565036773682,0.011523347347974777
1773048860,202742558,world,cf231,-3.01332950592041,-1.6563708782196045,0.011456232517957687
1773048860,206886365,world,cf231,-3.013537645339966,-1.6561760902404785,0.01130746677517891
1773048860,211708797,world,cf231,-3.0139083862304688,-1.6560924053192139,0.011536631733179092
1773048860,216751662,world,cf231,-3.013861656188965,-1.6559462547302246,0.011340446770191193
1773048860,222325118,world,cf231,-3.014010190963745,-1.6558678150177002,0.01151493564248085
1773048860,227070549,world,cf231,-3.0140771865844727,-1.65569007396698,0.011513832956552505
1773048860,231897819,world,cf231,-3.014176845550537,-1.655650019645691,0.011487774550914764
1773048860,236833850,world,cf231,-3.0142648220062256,-1.6556410789489746,0.011597950011491776
1773048860,241866211,world,cf231,-3.0143539905548096,-1.6554279327392578,0.011533617973327637
1773048860,246680300,world,cf231,-3.014491319656372,-1.6553531885147095,0.011636491864919662
1773048860,251893511,world,cf231,-3.0145864486694336,-1.6552366018295288,0.011680439114570618
1773048860,257113868,world,cf231,-3.0146467685699463,-1.655166745185852,0.011745274066925049
1773048860,261867733,world,cf231,-3.01470685005188,-1.6550966501235962,0.011810455471277237
1773048860,267032937,world,cf231,-3.0148446559906006,-1.6551133394241333,0.011902667582035065
1773048860,271857154,world,cf231,-3.0147266387939453,-1.654977560043335,0.011786960065364838
1773048860,277144825,world,cf231,-3.0147392749786377,-1.6549659967422485,0.01182970404624939
1773048860,281841223,world,cf231,-3.014779806137085,-1.655015230178833,0.011918064206838608
1773048860,287563213,world,cf231,-3.014827013015747,-1.6549566984176636,0.0119406096637249
1773048860,291827592,world,cf231,-3.0147392749786377,-1.6549659967422485,0.01182970404624939
1773048860,457134539,world,cf231,-3.014737129211426,-1.6549731492996216,0.011859994381666183
1773048860,457532957,world,cf231,-3.0147669315338135,-1.6550265550613403,0.011875562369823456
1773048860,457686784,world,cf231,-3.014726400375366,-1.6549773216247559,0.011787213385105133
1773048860,457842694,world,cf231,-3.0147266387939453,-1.654977560043335,0.011786896735429764
1773048860,457976183,world,cf231,-3.014704704284668,-1.6551038026809692,0.011840742081403732
1773048860,458108599,world,cf231,-3.0146915912628174,-1.6550244092941284,0.011807534843683243
1773048860,458240723,world,cf231,-3.0146446228027344,-1.6550830602645874,0.01178494468331337
1773048860,458353922,world,cf231,-3.0145773887634277,-1.6550830602645874,0.01182110607624054
1773048860,458460721,world,cf231,-3.014629364013672,-1.6550105810165405,0.01178223267197609
1773048860,458600803,world,cf231,-3.014569044113159,-1.6550801992416382,0.011717721819877625
1773048860,458709277,world,cf231,-3.014529228210449,-1.6550499200820923,0.011809263378381729
1773048860,458814859,world,cf231,-3.0145318508148193,-1.655043125152588,0.01177849993109703
1773048860,458919350,world,cf231,-3.0145294666290283,-1.6550500392913818,0.011809181421995163
1773048860,458999606,world,cf231,-3.014514207839966,-1.654977560043335,0.01180664449930191
1773048860,459114912,world,cf231,-3.0146074295043945,-1.6550458669662476,0.011845644563436508
1773048860,459228690,world,cf231,-3.0145645141601562,-1.6550034284591675,0.011788152158260345
1773048860,459346096,world,cf231,-3.014594078063965,-1.6550568342208862,0.01180386170744896
1773048860,459466403,world,cf231,-3.0146424770355225,-1.6550902128219604,0.011815030127763748
1773048860,459584319,world,cf231,-3.014594554901123,-1.6550570726394653,0.011803332716226578
1773048860,459721228,world,cf231,-3.014566659927368,-1.6549961566925049,0.011757861822843552
1773048860,459842405,world,cf231,-3.0146548748016357,-1.655078411102295,0.011858455836772919
1773048860,459957760,world,cf231,-3.014566659927368,-1.6549961566925049,0.011757943779230118
1773048860,460074919,world,cf231,-3.0145645141601562,-1.6550034284591675,0.011788152158260345
1773048860,460188022,world,cf231,-3.0146548748016357,-1.6550781726837158,0.011858794838190079
1773048860,460304604,world,cf231,-3.014644145965576,-1.6550824642181396,0.011785712093114853
1773048860,460417392,world,cf231,-3.0145792961120605,-1.6550755500793457,0.011791188269853592
1773048860,460529738,world,cf231,-3.014591693878174,-1.6550638675689697,0.011834431439638138
1773048860,460642941,world,cf231,-3.0145797729492188,-1.655076026916504,0.011790506541728973
1773048860,460754592,world,cf231,-3.014641761779785,-1.6550897359848022,0.011815991252660751
1773048860,460879765,world,cf231,-3.014519214630127,-1.6550549268722534,0.011735204607248306
1773048860,460997672,world,cf231,-3.014641523361206,-1.6549984216690063,0.011826042085886002
1773048860,461111655,world,cf231,-3.014594554901123,-1.6550570726394653,0.011803418397903442
1773048860,661286467,world,cf231,-3.0145795345306396,-1.6549850702285767,0.011800102889537811
1773048860,661607762,world,cf231,-3.014594793319702,-1.655057430267334,0.01180289313197136
1773048860,661776058,world,cf231,-3.0145537853240967,-1.6550076007843018,0.011715412139892578
1773048860,662720619,world,cf231,-3.014554023742676,-1.6550078392028809,0.011715054512023926
1773048860,662855300,world,cf231,-3.0146079063415527,-1.6551371812820435,0.011835560202598572
1773048860,662968119,world,cf231,-3.0146725177764893,-1.655144214630127,0.011829949915409088
1773048860,663086654,world,cf231,-3.0145795345306396,-1.6550757884979248,0.011790819466114044
1773048860,663197377,world,cf231,-3.0145390033721924,-1.6550264358520508,0.01170249655842781
1773048860,663314958,world,cf231,-3.0145645141601562,-1.6550034284591675,0.011788081377744675
1773048860,663428701,world,cf231,-3.0145668983459473,-1.6550874710083008,0.011747758835554123
1773048860,663537460,world,cf231,-3.0145514011383057,-1.6550147533416748,0.011745635420084
1773048860,663646527,world,cf231,-3.0145692825317383,-1.6550806760787964,0.011717010289430618
1773048860,663752091,world,cf231,-3.0145797729492188,-1.655076026916504,0.011790506541728973
1773048860,663857322,world,cf231,-3.0145928859710693,-1.6550648212432861,0.011832810938358307
1773048860,663961098,world,cf231,-3.0146169662475586,-1.655022382736206,0.011739160865545273
1773048860,664070590,world,cf231,-3.0146291255950928,-1.6550102233886719,0.011782772839069366
1773048860,664174885,world,cf231,-3.0145645141601562,-1.6550034284591675,0.011788152158260345
1773048860,664304699,world,cf231,-3.014566659927368,-1.6549961566925049,0.011757861822843552
1773048860,664410420,world,cf231,-3.0145819187164307,-1.6550689935684204,0.01176007091999054
1773048860,664520390,world,cf231,-3.014620304107666,-1.6551254987716675,0.01187862828373909
1773048860,664649338,world,cf231,-3.014516830444336,-1.6550616025924683,0.01176631823182106
1773048860,664823456,world,cf231,-3.0146164894104004,-1.6550219058990479,0.011739891022443771
1773048860,664949120,world,cf231,-3.014566421508789,-1.6550869941711426,0.01174856722354889
1773048860,665074405,world,cf231,-3.0146548748016357,-1.655078411102295,0.011858455836772919
1773048860,665186332,world,cf231,-3.014594316482544,-1.6550568342208862,0.011803772300481796
1773048860,665294153,world,cf231,-3.0146546363830566,-1.6550781726837158,0.01185886561870575
1773048860,665400991,world,cf231,-3.0145645141601562,-1.6550034284591675,0.011788152158260345
1773048860,665509849,world,cf231,-3.0145821571350098,-1.6550692319869995,0.011759690940380096
1773048860,706457970,world,cf231,-3.014618396759033,-1.6550418138504028,0.011918168514966965
1773048860,706774101,world,cf231,-3.014589786529541,-1.6550710201263428,0.01186462864279747
1773048860,706949152,world,cf231,-3.0146570205688477,-1.6550711393356323,0.011828169226646423
1773048860,707076353,world,cf231,-3.0146048069000244,-1.6550525426864624,0.011876855045557022
1773048860,707192572,world,cf231,-3.0145926475524902,-1.655064582824707,0.011833183467388153
1773048860,707309199,world,cf231,-3.0145647525787354,-1.6550036668777466,0.01178780198097229
1773048860,707417599,world,cf231,-3.0145926475524902,-1.655064582824707,0.011833254247903824
1773048860,707523051,world,cf231,-3.0145516395568848,-1.655014991760254,0.011745348572731018
1773048860,707628130,world,cf231,-3.014566659927368,-1.6549961566925049,0.011757861822843552
1773048860,707762556,world,cf231,-3.0145318508148193,-1.655043125152588,0.01177849993109703
1773048860,707869178,world,cf231,-3.014592170715332,-1.655064344406128,0.011833623051643372
1773048860,707974988,world,cf231,-3.0145516395568848,-1.6550148725509644,0.011745400726795197
1773048860,708084359,world,cf231,-3.0145950317382812,-1.6550577878952026,0.011802367866039276
1773048860,708189620,world,cf231,-3.014644145965576,-1.6550824642181396,0.011785782873630524
1773048860,708294759,world,cf231,-3.0146050453186035,-1.655052900314331,0.011876348406076431
1773048860,708399102,world,cf231,-3.0145795345306396,-1.6550757884979248,0.011790819466114044
1773048860,708502385,world,cf231,-3.014564275741577,-1.6550031900405884,0.011788565665483475
1773048860,708606793,world,cf231,-3.0145294666290283,-1.6550501585006714,0.011808864772319794
1773048860,708710341,world,cf231,-3.014594793319702,-1.655057430267334,0.01180289313197136
1773048860,708813319,world,cf231,-3.014591932296753,-1.6550641059875488,0.011834066361188889
1773048860,708919820,world,cf231,-3.01448917388916,-1.655000925064087,0.011720508337020874
1773048860,708999331,world,cf231,-3.014626979827881,-1.6550174951553345,0.011812984943389893
1773048860,709105588,world,cf231,-3.014564275741577,-1.6550031900405884,0.011788498610258102
1773048860,712573354,world,cf231,-3.0145668983459473,-1.654996633529663,0.011757440865039825
1773048860,716816493,world,cf231,-3.0145647525787354,-1.6550036668777466,0.011787734925746918
1773048860,722461035,world,cf231,-3.014639377593994,-1.6550055742263794,0.01185624673962593
1773048860,726782123,world,cf231,-3.014529228210449,-1.6550499200820923,0.011809263378381729
1773048860,732642575,world,cf231,-3.014566421508789,-1.6549959182739258,0.01175827905535698
1773048860,736771776,world,cf231,-3.0145773887634277,-1.6549921035766602,0.01183054968714714
1773048860,741891136,world,cf231,-3.0146291255950928,-1.6550103425979614,0.011782698333263397
1773048860,747536700,world,cf231,-3.0145649909973145,-1.6550039052963257,0.011787384748458862
1773048860,752618774,world,cf231,-3.014626979827881,-1.6550174951553345,0.011812984943389893
1773048860,756828260,world,cf231,-3.01462721824646,-1.6550177335739136,0.011812664568424225
1773048860,761768035,world,cf231,-3.014580011367798,-1.655076265335083,0.011790134012699127
1773048860,766724375,world,cf231,-3.014594793319702,-1.6550575494766235,0.011802732944488525
1773048860,772664143,world,cf231,-3.014641523361206,-1.6549984216690063,0.011826042085886002
1773048860,969042019,world,cf231,-3.014626979827881,-1.6550174951553345,0.011812984943389893
1773048860,969412980,world,cf231,-3.0146167278289795,-1.655022144317627,0.01173955574631691
1773048860,969536914,world,cf231,-3.014514684677124,-1.654977798461914,0.011806122958660126
1773048860,969659788,world,cf231,-3.0145792961120605,-1.6550755500793457,0.011791188269853592
1773048860,969778061,world,cf231,-3.014592170715332,-1.655064344406128,0.011833623051643372
1773048860,969902538,world,cf231,-3.0145423412323,-1.6550387144088745,0.011851686984300613
1773048860,970021463,world,cf231,-3.014591693878174,-1.6550638675689697,0.011834431439638138
1773048860,970163031,world,cf231,-3.014592170715332,-1.655064344406128,0.011833623051643372
1773048860,970278651,world,cf231,-3.0146443843841553,-1.6550828218460083,0.011785361915826797
1773048860,970385457,world,cf231,-3.0146164894104004,-1.6550219058990479,0.011739891022443771
1773048860,970493983,world,cf231,-3.0145797729492188,-1.655076026916504,0.011790446937084198
1773048860,970613559,world,cf231,-3.0145645141601562,-1.6550034284591675,0.011788081377744675
1773048860,970746623,world,cf231,-3.0145926475524902,-1.655064582824707,0.011833183467388153
1773048860,970860081,world,cf231,-3.014552116394043,-1.6550153493881226,0.011744704097509384
1773048860,970970463,world,cf231,-3.014564275741577,-1.6550031900405884,0.011788498610258102
1773048860,971111316,world,cf231,-3.014552116394043,-1.6550151109695435,0.011744998395442963
1773048860,971238973,world,cf231,-3.014625072479248,-1.655024766921997,0.011842980980873108
1773048860,971354696,world,cf231,-3.014594316482544,-1.6550568342208862,0.011803772300481796
1773048860,971463193,world,cf231,-3.0146448612213135,-1.6550832986831665,0.011784583330154419
1773048860,971570495,world,cf231,-3.0146572589874268,-1.655071496963501,0.011827681213617325
1773048860,971685306,world,cf231,-3.014629364013672,-1.6550105810165405,0.01178223267197609
1773048860,971795355,world,cf231,-3.0146443843841553,-1.6550828218460083,0.011785361915826797
1773048860,971903514,world,cf231,-3.0146567821502686,-1.6550709009170532,0.01182866096496582
1773048860,971997926,world,cf231,-3.0145537853240967,-1.6550078392028809,0.011715121567249298
1773048860,972117717,world,cf231,-3.014644145965576,-1.6550824642181396,0.011785782873630524
1773048860,972250882,world,cf231,-3.0146443843841553,-1.6550828218460083,0.011785361915826797
1773048860,972382787,world,cf231,-3.014592170715332,-1.6550642251968384,0.011833693832159042
1773048860,972495625,world,cf231,-3.014629364013672,-1.6550105810165405,0.01178223267197609
1773048861,29961371,world,cf231,-3.014554023742676,-1.6550078392028809,0.011715054512023926
1773048861,30226294,world,cf231,-3.0146548748016357,-1.655078411102295,0.011858455836772919
1773048861,30676058,world,cf231,-3.01448917388916,-1.655000925064087,0.011720508337020874
1773048861,30792973,world,cf231,-3.0145514011383057,-1.6550147533416748,0.011745635420084
1773048861,30940389,world,cf231,-3.014622211456299,-1.6551179885864258,0.011848803609609604
1773048861,31069409,world,cf231,-3.0145692825317383,-1.6550806760787964,0.011717010289430618
1773048861,31267056,world,cf231,-3.0146164894104004,-1.6550219058990479,0.011739891022443771
1773048861,31389558,world,cf231,-3.0146443843841553,-1.6550828218460083,0.011785294860601425
1773048861,31497629,world,cf231,-3.014594793319702,-1.655057430267334,0.01180289313197136
1773048861,31609674,world,cf231,-3.014569044113159,-1.6550804376602173,0.011717397719621658
1773048861,31715633,world,cf231,-3.0146288871765137,-1.6550099849700928,0.011783163994550705
1773048861,31822998,world,cf231,-3.0145795345306396,-1.6550757884979248,0.01179087907075882
1773048861,31930243,world,cf231,-3.014516592025757,-1.6550613641738892,0.011766724288463593
1773048861,31998725,world,cf231,-3.014566421508789,-1.6549959182739258,0.01175827905535698
1773048861,32105888,world,cf231,-3.014620065689087,-1.6551251411437988,0.0118790902197361
1773048861,32219227,world,cf231,-3.0145537853240967,-1.6550076007843018,0.011715412139892578
1773048861,32331068,world,cf231,-3.014589786529541,-1.6550711393356323,0.011864271014928818
1773048861,32440042,world,cf231,-3.0145814418792725,-1.6550685167312622,0.011760983616113663
1773048861,32575348,world,cf231,-3.014592170715332,-1.655064344406128,0.011833623051643372
1773048861,32749000,world,cf231,-3.0146443843841553,-1.6550828218460083,0.011785361915826797
1773048861,32870474,world,cf231,-3.01459002494812,-1.6550713777542114,0.011863909661769867
1773048861,32988881,world,cf231,-3.014592170715332,-1.6550642251968384,0.011833693832159042
1773048861,33103196,world,cf231,-3.0145537853240967,-1.6550078392028809,0.011715121567249298
1773048861,33226631,world,cf231,-3.0145792961120605,-1.6550755500793457,0.011791188269853592
1773048861,36809331,world,cf231,-3.014592170715332,-1.655064344406128,0.011833623051643372
1773048861,41845731,world,cf231,-3.014564275741577,-1.6550031900405884,0.011788565665483475
1773048861,48630109,world,cf231,-3.014592170715332,-1.655064344406128,0.011833623051643372
1773048861,51687499,world,cf231,-3.014669895172119,-1.6550599336624146,0.011870503425598145
1773048861,57592571,world,cf231,-3.014566659927368,-1.6549961566925049,0.011757861822843552
1773048861,61805809,world,cf231,-3.0145792961120605,-1.6550755500793457,0.011791188269853592
1773048861,66743232,world,cf231,-3.0146288871765137,-1.6550099849700928,0.011783163994550705
1773048861,71795032,world,cf231,-3.0146074295043945,-1.6551367044448853,0.011836286634206772
1773048861,77241563,world,cf231,-3.0145797729492188,-1.655076026916504,0.011790506541728973
