sec,nanosec,frame_id,name,position.x,position.y,position.z
1773048993,612065303,world,cf231,-2.667980432510376,-1.8895642757415771,0.9506640434265137
1773048993,612065303,world,cf231_leg,-2.666303873062134,-1.893824577331543,0.9365912675857544
1773048993,617150317,world,cf231,-2.6679091453552246,-1.88942289352417,0.9505255222320557
1773048993,617150317,world,cf231_leg,-2.666224241256714,-1.893722414970398,0.936497688293457
1773048993,621879730,world,cf231,-2.667978525161743,-1.88941490650177,0.9505342245101929
1773048993,621879730,world,cf231_leg,-2.666266679763794,-1.893739104270935,0.9364840984344482
1773048993,626953123,world,cf231,-2.66804575920105,-1.8893789052963257,0.9504642486572266
1773048993,626953123,world,cf231_leg,-2.666266918182373,-1.8937368392944336,0.9364686012268066
1773048993,631925093,world,cf231,-2.668137311935425,-1.8894398212432861,0.950484037399292
1773048993,631925093,world,cf231_leg,-2.6662986278533936,-1.8937582969665527,0.936384916305542
1773048993,637581053,world,cf231,-2.6681370735168457,-1.889442801475525,0.9505023956298828
1773048993,637581053,world,cf231_leg,-2.666341543197632,-1.893770694732666,0.9363394975662231
1773048993,642557785,world,cf231,-2.668100595474243,-1.8893550634384155,0.9503751993179321
1773048993,642557785,world,cf231_leg,-2.666350841522217,-1.8936128616333008,0.9362348318099976
1773048993,646832458,world,cf231,-2.668214797973633,-1.8893638849258423,0.9503538608551025
1773048993,646832458,world,cf231_leg,-2.6663424968719482,-1.8937643766403198,0.9362913370132446
1773048993,652535262,world,cf231,-2.668327569961548,-1.8893468379974365,0.9501932859420776
1773048993,652535262,world,cf231_leg,-2.6665422916412354,-1.8938418626785278,0.93635094165802
1773048993,657929749,world,cf231,-2.668372631072998,-1.889363408088684,0.9501630067825317
1773048993,657929749,world,cf231_leg,-2.666449546813965,-1.8937472105026245,0.9362242221832275
1773048993,662055887,world,cf231,-2.6684393882751465,-1.8893271684646606,0.9500941038131714
1773048993,662055887,world,cf231_leg,-2.6664927005767822,-1.8937596082687378,0.9361785650253296
1773048993,667933915,world,cf231,-2.6684956550598145,-1.88932466506958,0.9500497579574585
1773048993,667933915,world,cf231_leg,-2.6664938926696777,-1.8937560319900513,0.9361445903778076
1773048993,671927107,world,cf231,-2.668552875518799,-1.889338493347168,0.9500919580459595
1773048993,671927107,world,cf231_leg,-2.6665103435516357,-1.8936799764633179,0.9360787868499756
1773048993,676909418,world,cf231,-2.668653964996338,-1.8893461227416992,0.9499828815460205
1773048993,676909418,world,cf231_leg,-2.6665539741516113,-1.8936907052993774,0.9360166788101196
1773048993,681842240,world,cf231,-2.6688132286071777,-1.8894872665405273,0.9499454498291016
1773048993,681842240,world,cf231_leg,-2.666666030883789,-1.8938127756118774,0.9360086917877197
1773048993,687610693,world,cf231,-2.6688921451568604,-1.889432430267334,0.9498609304428101
1773048993,687610693,world,cf231_leg,-2.666722297668457,-1.8938133716583252,0.9359649419784546
1773048993,691826134,world,cf231,-2.6689372062683105,-1.8894522190093994,0.9498480558395386
1773048993,691826134,world,cf231_leg,-2.6668295860290527,-1.8937959671020508,0.9358983039855957
1773048993,697675001,world,cf231,-2.6690850257873535,-1.8894922733306885,0.9497165679931641
1773048993,697675001,world,cf231_leg,-2.6668319702148438,-1.8937840461730957,0.9357999563217163
1773048993,701807909,world,cf231,-2.669128656387329,-1.8894908428192139,0.9496587514877319
1773048993,701807909,world,cf231_leg,-2.666921854019165,-1.8938467502593994,0.9358311891555786
1773048993,706844183,world,cf231,-2.6691856384277344,-1.8894981145858765,0.9496663808822632
1773048993,706844183,world,cf231_leg,-2.666861057281494,-1.8936952352523804,0.9357390403747559
1773048993,712631064,world,cf231,-2.6694014072418213,-1.8896491527557373,0.9496558904647827
1773048993,712631064,world,cf231_leg,-2.666952133178711,-1.8937519788742065,0.9357213973999023
1773048993,717039293,world,cf231,-2.669503927230835,-1.8896522521972656,0.9495068788528442
1773048993,717039293,world,cf231_leg,-2.6670374870300293,-1.893900752067566,0.9357233047485352
1773048993,722026744,world,cf231,-2.6696395874023438,-1.8897321224212646,0.9495161771774292
1773048993,722026744,world,cf231_leg,-2.667182445526123,-1.8939697742462158,0.9357608556747437
1773048993,726940807,world,cf231,-2.6697423458099365,-1.889754295349121,0.9494725465774536
1773048993,726940807,world,cf231_leg,-2.6671037673950195,-1.893741488456726,0.9355587959289551
1773048993,731891115,world,cf231,-2.669844627380371,-1.8897722959518433,0.9494136571884155
1773048993,731891115,world,cf231_leg,-2.667280435562134,-1.8939398527145386,0.9354974031448364
1773048993,737545431,world,cf231,-2.6700146198272705,-1.8897963762283325,0.9494568109512329
1773048993,737545431,world,cf231_leg,-2.6672778129577637,-1.8939080238342285,0.935401439666748
1773048993,742031558,world,cf231,-2.670084238052368,-1.8899104595184326,0.9495151042938232
1773048993,742031558,world,cf231_leg,-2.667400360107422,-1.893912434577942,0.9354493618011475
1773048993,746961713,world,cf231,-2.670208215713501,-1.8898756504058838,0.9494168758392334
1773048993,746961713,world,cf231_leg,-2.6674985885620117,-1.8939337730407715,0.9354243278503418
1773048993,751903341,world,cf231,-2.6702868938446045,-1.8898264169692993,0.949368953704834
1773048993,751903341,world,cf231_leg,-2.667612314224243,-1.8940527439117432,0.935381293296814
1773048993,756803389,world,cf231,-2.670536518096924,-1.88992440700531,0.9494104385375977
1773048993,756803389,world,cf231_leg,-2.6677439212799072,-1.8940140008926392,0.9353559017181396
1773048993,761909760,world,cf231,-2.6706385612487793,-1.8899484872817993,0.9493874311447144
1773048993,761909760,world,cf231_leg,-2.6677732467651367,-1.8939235210418701,0.9352777004241943
1773048993,766778032,world,cf231,-2.6707396507263184,-1.889968752861023,0.9493489265441895
1773048993,766778032,world,cf231_leg,-2.667933464050293,-1.894089937210083,0.9352974891662598
1773048993,771893172,world,cf231,-2.670807123184204,-1.8899297714233398,0.9492608308792114
1773048993,771893172,world,cf231_leg,-2.6678874492645264,-1.894042730331421,0.9352335929870605
1773048993,776811241,world,cf231,-2.67097806930542,-1.8899518251419067,0.949283242225647
1773048993,776811241,world,cf231_leg,-2.6679511070251465,-1.8940032720565796,0.9351520538330078
1773048993,782579988,world,cf231,-2.671170711517334,-1.8900330066680908,0.9492645263671875
1773048993,782579988,world,cf231_leg,-2.668083906173706,-1.894080638885498,0.9351538419723511
1773048993,787980158,world,cf231,-2.67138409614563,-1.8901524543762207,0.9491584300994873
1773048993,787980158,world,cf231_leg,-2.668175458908081,-1.894025206565857,0.93511962890625
1773048993,792085113,world,cf231,-2.6715242862701416,-1.8901827335357666,0.9493626356124878
1773048993,792085113,world,cf231_leg,-2.6682634353637695,-1.8940883874893188,0.9351719617843628
1773048993,797321411,world,cf231,-2.671637535095215,-1.8901907205581665,0.9493433237075806
1773048993,797321411,world,cf231_leg,-2.66839337348938,-1.8941291570663452,0.9350475072860718
1773048993,801915958,world,cf231,-2.671774387359619,-1.8902721405029297,0.9493488073348999
1773048993,801915958,world,cf231_leg,-2.668461799621582,-1.8941258192062378,0.9350709915161133
1773048993,807258798,world,cf231,-2.671922445297241,-1.890333890914917,0.9493412971496582
1773048993,807258798,world,cf231_leg,-2.6686174869537354,-1.8941874504089355,0.9351638555526733
1773048993,812873125,world,cf231,-2.672088623046875,-1.8904083967208862,0.9491868019104004
1773048993,812873125,world,cf231_leg,-2.6687283515930176,-1.894152283668518,0.934949517250061
1773048993,817183100,world,cf231,-2.672269105911255,-1.8904988765716553,0.9491305351257324
1773048993,817183100,world,cf231_leg,-2.6687684059143066,-1.8941763639450073,0.935003399848938
1773048993,822107535,world,cf231,-2.6723484992980957,-1.8905690908432007,0.9491127729415894
1773048993,822107535,world,cf231_leg,-2.668972969055176,-1.8942806720733643,0.9351065158843994
1773048993,827638282,world,cf231,-2.6724495887756348,-1.8905925750732422,0.9490915536880493
1773048993,827638282,world,cf231_leg,-2.669060230255127,-1.8941868543624878,0.9349517822265625
1773048993,831959499,world,cf231,-2.672642707824707,-1.8906805515289307,0.9491065740585327
1773048993,831959499,world,cf231_leg,-2.669046640396118,-1.8942033052444458,0.9349808692932129
1773048993,836808061,world,cf231,-2.672778844833374,-1.8907607793807983,0.9491149187088013
1773048993,836808061,world,cf231_leg,-2.669248104095459,-1.894268274307251,0.934943675994873
1773048993,842681437,world,cf231,-2.673006296157837,-1.8907837867736816,0.9491095542907715
1773048993,842681437,world,cf231_leg,-2.6693122386932373,-1.8941189050674438,0.9348617792129517
1773048993,846824097,world,cf231,-2.673142671585083,-1.8908642530441284,0.9491173028945923
1773048993,846824097,world,cf231_leg,-2.6694352626800537,-1.8942387104034424,0.9349381923675537
1773048993,851848576,world,cf231,-2.6731748580932617,-1.890886664390564,0.9490333795547485
1773048993,851848576,world,cf231_leg,-2.669536828994751,-1.8942902088165283,0.934991717338562
1773048993,856958714,world,cf231,-2.6732561588287354,-1.890878677368164,0.9491331577301025
1773048993,856958714,world,cf231_leg,-2.669600486755371,-1.8942553997039795,0.934941291809082
1773048993,862691770,world,cf231,-2.6734368801116943,-1.8909693956375122,0.9490760564804077
1773048993,862691770,world,cf231_leg,-2.6697232723236084,-1.8942604064941406,0.9349876642227173
1773048993,866908275,world,cf231,-2.6736292839050293,-1.891050934791565,0.9490559101104736
1773048993,866908275,world,cf231_leg,-2.6698215007781982,-1.8942766189575195,0.9349334239959717
1773048993,871754571,world,cf231,-2.6736395359039307,-1.891013503074646,0.9490147829055786
1773048993,871754571,world,cf231_leg,-2.6698429584503174,-1.8942276239395142,0.934910774230957
1773048993,877013428,world,cf231,-2.673856735229492,-1.8910858631134033,0.9491230249404907
1773048993,877013428,world,cf231_leg,-2.669961929321289,-1.8942018747329712,0.9348804950714111
1773048993,881818147,world,cf231,-2.673936128616333,-1.891149878501892,0.9490691423416138
1773048993,881818147,world,cf231_leg,-2.6701059341430664,-1.8942652940750122,0.9348903894424438
1773048993,886963038,world,cf231,-2.6740498542785645,-1.8911460638046265,0.9489768743515015
1773048993,886963038,world,cf231_leg,-2.6702303886413574,-1.8943842649459839,0.93494713306427
1773048993,891838505,world,cf231,-2.674254894256592,-1.891230821609497,0.949065089225769
1773048993,891838505,world,cf231_leg,-2.6703739166259766,-1.8943371772766113,0.93495774269104
1773048993,897669489,world,cf231,-2.6743218898773193,-1.8911916017532349,0.9489778280258179
1773048993,897669489,world,cf231_leg,-2.670417308807373,-1.8942420482635498,0.9349267482757568
1773048993,901861463,world,cf231,-2.674504280090332,-1.8913195133209229,0.9490530490875244
1773048993,901861463,world,cf231_leg,-2.670485019683838,-1.8943506479263306,0.9349671602249146
1773048993,906934680,world,cf231,-2.6745493412017822,-1.891332983970642,0.9490052461624146
1773048993,906934680,world,cf231_leg,-2.6706719398498535,-1.8943188190460205,0.9349465370178223
1773048993,912056362,world,cf231,-2.674673080444336,-1.8913072347640991,0.9489613771438599
1773048993,912056362,world,cf231_leg,-2.670650005340576,-1.8942569494247437,0.9349710941314697
1773048993,916868512,world,cf231,-2.6748108863830566,-1.89141845703125,0.9490665197372437
1773048993,916868512,world,cf231_leg,-2.670747995376587,-1.8942780494689941,0.9349468946456909
1773048993,921896405,world,cf231,-2.674912691116333,-1.8913178443908691,0.9489755630493164
1773048993,921896405,world,cf231_leg,-2.6709253787994385,-1.8942865133285522,0.9349853992462158
1773048993,928658939,world,cf231,-2.674967050552368,-1.8914152383804321,0.9489381313323975
1773048993,928658939,world,cf231_leg,-2.6709470748901367,-1.894240379333496,0.9349771738052368
1773048993,932004841,world,cf231,-2.675060510635376,-1.8913795948028564,0.948967695236206
1773048993,932004841,world,cf231_leg,-2.6710667610168457,-1.8942075967788696,0.9349005222320557
1773048993,937793026,world,cf231,-2.6750805377960205,-1.8914204835891724,0.9488999843597412
1773048993,937793026,world,cf231_leg,-2.6710684299468994,-1.894241213798523,0.9350132942199707
1773048993,941908665,world,cf231,-2.6751859188079834,-1.8913878202438354,0.9490386247634888
1773048993,941908665,world,cf231_leg,-2.671257257461548,-1.894323468208313,0.9350025653839111
1773048993,946880195,world,cf231,-2.675239086151123,-1.8914424180984497,0.9488319158554077
1773048993,946880195,world,cf231_leg,-2.6713545322418213,-1.8942337036132812,0.934981107711792
1773048993,952419362,world,cf231,-2.6753768920898438,-1.8914445638656616,0.9489574432373047
1773048993,952419362,world,cf231_leg,-2.6714346408843994,-1.8943369388580322,0.9350709915161133
1773048993,956917365,world,cf231,-2.6753408908843994,-1.8913508653640747,0.9487950801849365
1773048993,956917365,world,cf231_leg,-2.6714439392089844,-1.8941787481307983,0.9349679946899414
1773048993,961888084,world,cf231,-2.675466775894165,-1.8913593292236328,0.9488651752471924
1773048993,961888084,world,cf231_leg,-2.67146897315979,-1.8940502405166626,0.9350227117538452
1773048993,967543337,world,cf231,-2.6756715774536133,-1.891434669494629,0.9489003419876099
1773048993,967543337,world,cf231_leg,-2.6715569496154785,-1.894226312637329,0.9350888729095459
1773048993,971913813,world,cf231,-2.675797462463379,-1.89143705368042,0.9489346742630005
1773048993,971913813,world,cf231_leg,-2.6716887950897217,-1.8940752744674683,0.9350481033325195
1773048993,977632460,world,cf231,-2.675949811935425,-1.8913397789001465,0.9491426944732666
1773048993,977632460,world,cf231_leg,-2.6717233657836914,-1.8940163850784302,0.9350441694259644
1773048993,981799547,world,cf231,-2.676097869873047,-1.891289472579956,0.9491374492645264
1773048993,981799547,world,cf231_leg,-2.6718249320983887,-1.8940728902816772,0.9351271390914917
1773048993,987261903,world,cf231,-2.6761765480041504,-1.8913652896881104,0.9491567611694336
1773048993,987261903,world,cf231_leg,-2.672044515609741,-1.8940954208374023,0.9351375102996826
1773048993,991876871,world,cf231,-2.6761891841888428,-1.891235113143921,0.949142336845398
1773048993,991876871,world,cf231_leg,-2.6720428466796875,-1.8939861059188843,0.9351578950881958
1773048993,996864977,world,cf231,-2.676290988922119,-1.8912590742111206,0.9491196870803833
1773048993,996864977,world,cf231_leg,-2.672100305557251,-1.8939875364303589,0.9351116418838501
1773048994,1817207,world,cf231,-2.676440954208374,-1.8912550210952759,0.9493007659912109
1773048994,1817207,world,cf231_leg,-2.6722347736358643,-1.8939858675003052,0.9352110624313354
1773048994,6793171,world,cf231,-2.676612138748169,-1.8912652730941772,0.9492501020431519
1773048994,6793171,world,cf231_leg,-2.67232346534729,-1.8939350843429565,0.9352303743362427
1773048994,11785338,world,cf231,-2.6766116619110107,-1.8911525011062622,0.9492548704147339
1773048994,11785338,world,cf231_leg,-2.672365427017212,-1.893833875656128,0.9351731538772583
1773048994,17046393,world,cf231,-2.676713228225708,-1.8911792039871216,0.9492509365081787
1773048994,17046393,world,cf231_leg,-2.672468423843384,-1.8938868045806885,0.9352221488952637
1773048994,21761152,world,cf231,-2.676804780960083,-1.8911281824111938,0.949272871017456
1773048994,21761152,world,cf231_leg,-2.6724860668182373,-1.8938438892364502,0.9352713823318481
1773048994,26927249,world,cf231,-2.6769323348999023,-1.8910460472106934,0.9493895769119263
1773048994,26927249,world,cf231_leg,-2.672546148300171,-1.893764615058899,0.9353054761886597
1773048994,31987817,world,cf231,-2.6770689487457275,-1.89112389087677,0.9493780136108398
1773048994,31987817,world,cf231_leg,-2.6726222038269043,-1.8938343524932861,0.9353048801422119
1773048994,37030478,world,cf231,-2.6771256923675537,-1.8910188674926758,0.9493891000747681
1773048994,37030478,world,cf231_leg,-2.6726300716400146,-1.8936820030212402,0.9352517127990723
1773048994,42027149,world,cf231,-2.677217483520508,-1.890967845916748,0.9494107961654663
1773048994,42027149,world,cf231_leg,-2.6726083755493164,-1.8936182260513306,0.9352595806121826
1773048994,46905549,world,cf231,-2.6772966384887695,-1.8909257650375366,0.9493962526321411
1773048994,46905549,world,cf231_leg,-2.6726737022399902,-1.8935043811798096,0.9353072643280029
1773048994,51948945,world,cf231,-2.6774911880493164,-1.890929102897644,0.9494937658309937
1773048994,51948945,world,cf231_leg,-2.6728739738464355,-1.8936948776245117,0.9353798627853394
1773048994,56864999,world,cf231,-2.6775949001312256,-1.890865683555603,0.9495352506637573
1773048994,56864999,world,cf231_leg,-2.6728296279907227,-1.8934510946273804,0.9353697299957275
1773048994,62598164,world,cf231,-2.6777777671813965,-1.8908724784851074,0.9495589733123779
1773048994,62598164,world,cf231_leg,-2.672916889190674,-1.8934016227722168,0.9354076385498047
1773048994,66862047,world,cf231,-2.67777681350708,-1.8907623291015625,0.9495826959609985
1773048994,66862047,world,cf231_leg,-2.6728718280792236,-1.8933526277542114,0.9353269338607788
1773048994,71923247,world,cf231,-2.6777753829956055,-1.8906129598617554,0.9494539499282837
1773048994,71923247,world,cf231_leg,-2.672964334487915,-1.8933302164077759,0.9354075193405151
1773048994,76920265,world,cf231,-2.6779823303222656,-1.8906166553497314,0.9496409893035889
1773048994,76920265,world,cf231_leg,-2.6729509830474854,-1.8932297229766846,0.9353902339935303
1773048994,81778527,world,cf231,-2.6780858039855957,-1.8905467987060547,0.9496479034423828
1773048994,81778527,world,cf231_leg,-2.673017978668213,-1.8932273387908936,0.9354335069656372
1773048994,87618936,world,cf231,-2.678177833557129,-1.8904991149902344,0.9496866464614868
1773048994,87618936,world,cf231_leg,-2.673105001449585,-1.8931771516799927,0.9354734420776367
1773048994,91738396,world,cf231,-2.6782240867614746,-1.8904340267181396,0.9497576951980591
1773048994,91738396,world,cf231_leg,-2.6730964183807373,-1.892991065979004,0.9354845285415649
1773048994,96722859,world,cf231,-2.6783604621887207,-1.8903933763504028,0.9497145414352417
1773048994,96722859,world,cf231_leg,-2.6730833053588867,-1.892998456954956,0.9354512691497803
1773048994,101764451,world,cf231,-2.678396224975586,-1.8903684616088867,0.9498451948165894
1773048994,101764451,world,cf231_leg,-2.673182964324951,-1.8929381370544434,0.9355103969573975
1773048994,106912938,world,cf231,-2.67846417427063,-1.8902268409729004,0.9498133659362793
1773048994,106912938,world,cf231_leg,-2.673236846923828,-1.8928329944610596,0.9355208873748779
1773048994,111889836,world,cf231,-2.6784982681274414,-1.8901678323745728,0.9498294591903687
1773048994,111889836,world,cf231_leg,-2.6731839179992676,-1.8927457332611084,0.935596227645874
1773048994,116980214,world,cf231,-2.6784987449645996,-1.8900558948516846,0.9498323202133179
1773048994,116980214,world,cf231_leg,-2.6732821464538574,-1.8926541805267334,0.9355573654174805
1773048994,122684448,world,cf231,-2.6785223484039307,-1.8900338411331177,0.9498904943466187
1773048994,122684448,world,cf231_leg,-2.6732475757598877,-1.892598032951355,0.935531735420227
1773048994,126876388,world,cf231,-2.6786246299743652,-1.8899427652359009,0.949852705001831
1773048994,126876388,world,cf231_leg,-2.673382520675659,-1.8925920724868774,0.9355994462966919
1773048994,131786995,world,cf231,-2.678511381149292,-1.8898162841796875,0.9498399496078491
1773048994,131786995,world,cf231_leg,-2.6734273433685303,-1.8925281763076782,0.9356664419174194
1773048994,137766832,world,cf231,-2.678649663925171,-1.8898190259933472,0.9499644041061401
1773048994,137766832,world,cf231_leg,-2.6734261512756348,-1.8924165964126587,0.9356708526611328
1773048994,141899519,world,cf231,-2.6785926818847656,-1.889699101448059,0.9499608278274536
1773048994,141899519,world,cf231_leg,-2.6734259128570557,-1.892301321029663,0.935641884803772
1773048994,146821933,world,cf231,-2.6785361766815186,-1.8895764350891113,0.9499390125274658
1773048994,146821933,world,cf231_leg,-2.673504114151001,-1.8922923803329468,0.9357385635375977
1773048994,151871901,world,cf231,-2.678558826446533,-1.889408826828003,0.9498844146728516
1773048994,151871901,world,cf231_leg,-2.6735377311706543,-1.8922350406646729,0.9357520341873169
1773048994,156950165,world,cf231,-2.6786282062530518,-1.889410376548767,0.9499456882476807
1773048994,156950165,world,cf231_leg,-2.6735281944274902,-1.8921626806259155,0.935796856880188
1773048994,162628832,world,cf231,-2.6786513328552246,-1.8893709182739258,0.9499754905700684
1773048994,162628832,world,cf231_leg,-2.6735360622406006,-1.8921207189559937,0.9357426166534424
1773048994,166959077,world,cf231,-2.678652286529541,-1.8892594575881958,0.9499768018722534
1773048994,166959077,world,cf231_leg,-2.6734986305236816,-1.8919563293457031,0.9357564449310303
1773048994,171955879,world,cf231,-2.678642749786377,-1.8891972303390503,0.9500912427902222
1773048994,171955879,world,cf231_leg,-2.6736221313476562,-1.891961932182312,0.9358006715774536
1773048994,176929364,world,cf231,-2.6787338256835938,-1.8891394138336182,0.9500793218612671
1773048994,176929364,world,cf231_leg,-2.673593282699585,-1.8919357061386108,0.9358317852020264
1773048994,181874948,world,cf231,-2.678643226623535,-1.8889636993408203,0.9500440359115601
1773048994,181874948,world,cf231_leg,-2.6737124919891357,-1.891829490661621,0.9359039068222046
1773048994,187631847,world,cf231,-2.6785993576049805,-1.8887168169021606,0.9500440359115601
1773048994,187631847,world,cf231_leg,-2.6735546588897705,-1.8916572332382202,0.9358347654342651
1773048994,192154185,world,cf231,-2.6786563396453857,-1.8887240886688232,0.9500515460968018
1773048994,192154185,world,cf231_leg,-2.6736679077148438,-1.89170503616333,0.935955286026001
1773048994,197556538,world,cf231,-2.678612232208252,-1.8886020183563232,0.9501190185546875
1773048994,197556538,world,cf231_leg,-2.6736762523651123,-1.8915460109710693,0.9358549118041992
1773048994,202762364,world,cf231,-2.678452730178833,-1.8884247541427612,0.9500219821929932
1773048994,202762364,world,cf231_leg,-2.6736690998077393,-1.8915106058120728,0.9360250234603882
1773048994,207252798,world,cf231,-2.678443193435669,-1.8882346153259277,0.9500513076782227
1773048994,207252798,world,cf231_leg,-2.673757791519165,-1.8914594650268555,0.9360454082489014
1773048994,214039019,world,cf231,-2.6783745288848877,-1.8881243467330933,0.9500095844268799
1773048994,214039019,world,cf231_leg,-2.673668146133423,-1.8913968801498413,0.93601393699646
1773048994,217006553,world,cf231,-2.6783642768859863,-1.8880585432052612,0.9501080513000488
1773048994,217006553,world,cf231_leg,-2.6737232208251953,-1.8912907838821411,0.936004638671875
1773048994,221894500,world,cf231,-2.678398847579956,-1.8880062103271484,0.9501588344573975
1773048994,221894500,world,cf231_leg,-2.673726797103882,-1.891210913658142,0.9360830783843994
1773048994,226900516,world,cf231,-2.6783320903778076,-1.887929916381836,0.9502313137054443
1773048994,226900516,world,cf231_leg,-2.6737725734710693,-1.8912603855133057,0.9361623525619507
1773048994,231950442,world,cf231,-2.6782195568084717,-1.8876820802688599,0.9501678943634033
1773048994,231950442,world,cf231_leg,-2.6737477779388428,-1.8910561800003052,0.9360926151275635
1773048994,237612840,world,cf231,-2.678280830383301,-1.8875243663787842,0.9503560066223145
1773048994,237612840,world,cf231_leg,-2.6737053394317627,-1.8909265995025635,0.9360923767089844
1773048994,241898852,world,cf231,-2.6783156394958496,-1.887462854385376,0.9503527879714966
1773048994,241898852,world,cf231_leg,-2.6737377643585205,-1.8909857273101807,0.9361541271209717
1773048994,398187143,world,cf231,-2.6782610416412354,-1.8873777389526367,0.9504622220993042
1773048994,398187143,world,cf231_leg,-2.6737613677978516,-1.8908532857894897,0.9361985921859741
1773048994,398482706,world,cf231,-2.678241014480591,-1.8872398138046265,0.9506229162216187
1773048994,398482706,world,cf231_leg,-2.673767566680908,-1.8908289670944214,0.9362702369689941
1773048994,398626657,world,cf231,-2.6781039237976074,-1.887007236480713,0.9504674673080444
1773048994,398626657,world,cf231_leg,-2.6737329959869385,-1.8907729387283325,0.9362441301345825
1773048994,398764907,world,cf231,-2.6781327724456787,-1.886826992034912,0.9507397413253784
1773048994,398764907,world,cf231_leg,-2.6737701892852783,-1.8906331062316895,0.9363213777542114
1773048994,398894868,world,cf231,-2.678088665008545,-1.8866922855377197,0.9507365226745605
1773048994,398894868,world,cf231_leg,-2.6736786365509033,-1.8904657363891602,0.9363411664962769
1773048994,399005858,world,cf231,-2.6781229972839355,-1.8866366147994995,0.9507700204849243
1773048994,399005858,world,cf231_leg,-2.6737475395202637,-1.89046049118042,0.9363481998443604
1773048994,399158835,world,cf231,-2.6780567169189453,-1.8864450454711914,0.9508280754089355
1773048994,399158835,world,cf231_leg,-2.6737782955169678,-1.890412449836731,0.9364463090896606
1773048994,399333052,world,cf231,-2.6779656410217285,-1.8863813877105713,0.9507900476455688
1773048994,399333052,world,cf231_leg,-2.673748016357422,-1.8902746438980103,0.9364815950393677
1773048994,399458403,world,cf231,-2.6780002117156982,-1.8863226175308228,0.9508054256439209
1773048994,399458403,world,cf231_leg,-2.6737468242645264,-1.8900506496429443,0.9364713430404663
1773048994,399566557,world,cf231,-2.6780123710632324,-1.8861979246139526,0.9508289098739624
1773048994,399566557,world,cf231_leg,-2.673704147338867,-1.8900337219238281,0.9364854097366333
1773048994,399669881,world,cf231,-2.6780025959014893,-1.8861262798309326,0.9508905410766602
1773048994,399669881,world,cf231_leg,-2.6737303733825684,-1.8899517059326172,0.936493992805481
1773048994,399771841,world,cf231,-2.677877426147461,-1.8858929872512817,0.9508272409439087
1773048994,399771841,world,cf231_leg,-2.673734664916992,-1.889867901802063,0.9365394115447998
1773048994,399872804,world,cf231,-2.6778674125671387,-1.8858181238174438,0.950871467590332
1773048994,399872804,world,cf231_leg,-2.6737453937530518,-1.8898627758026123,0.9366103410720825
1773048994,399973280,world,cf231,-2.6777985095977783,-1.8857043981552124,0.950812816619873
1773048994,399973280,world,cf231_leg,-2.6736345291137695,-1.889621615409851,0.936556339263916
1773048994,400081809,world,cf231,-2.6777544021606445,-1.885575771331787,0.9508451223373413
1773048994,400081809,world,cf231_leg,-2.673574209213257,-1.8894726037979126,0.9364790916442871
1773048994,400182822,world,cf231,-2.6778101921081543,-1.8854665756225586,0.9508417844772339
1773048994,400182822,world,cf231_leg,-2.673609733581543,-1.8894516229629517,0.9366198778152466
1773048994,400283102,world,cf231,-2.6776857376098633,-1.8853498697280884,0.9507895708084106
1773048994,400283102,world,cf231_leg,-2.673666000366211,-1.8894566297531128,0.9366075992584229
1773048994,400384129,world,cf231,-2.6776297092437744,-1.8852306604385376,0.9507839679718018
1773048994,400384129,world,cf231_leg,-2.673586845397949,-1.8892712593078613,0.9366028308868408
1773048994,400484530,world,cf231,-2.6776323318481445,-1.8851438760757446,0.9508465528488159
1773048994,400484530,world,cf231_leg,-2.6736841201782227,-1.8893427848815918,0.936820387840271
1773048994,400583893,world,cf231,-2.677541494369507,-1.884967565536499,0.950812578201294
1773048994,400583893,world,cf231_leg,-2.6736714839935303,-1.8892358541488647,0.9367554187774658
1773048994,400683626,world,cf231,-2.6775875091552734,-1.8848694562911987,0.9507662057876587
1773048994,400683626,world,cf231_leg,-2.6737282276153564,-1.8891654014587402,0.9368754625320435
1773048994,400783161,world,cf231,-2.6775307655334473,-1.8847500085830688,0.9507617950439453
1773048994,400783161,world,cf231_leg,-2.6736738681793213,-1.8890419006347656,0.9368232488632202
1773048994,400882489,world,cf231,-2.677553653717041,-1.8846977949142456,0.9507209062576294
1773048994,400882489,world,cf231_leg,-2.6736719608306885,-1.8889299631118774,0.9368292093276978
1773048994,400981749,world,cf231,-2.6774868965148926,-1.884615421295166,0.950757622718811
1773048994,400981749,world,cf231_leg,-2.6736509799957275,-1.888864278793335,0.936820387840271
1773048994,401101808,world,cf231,-2.6774656772613525,-1.884434700012207,0.9507492780685425
1773048994,401101808,world,cf231_leg,-2.673682928085327,-1.888810157775879,0.9368695020675659
1773048994,401211468,world,cf231,-2.677522897720337,-1.8843297958374023,0.950760006904602
1773048994,401211468,world,cf231_leg,-2.6736373901367188,-1.8887606859207153,0.936789870262146
1773048994,401313054,world,cf231,-2.677535057067871,-1.8843239545822144,0.9508146047592163
1773048994,401313054,world,cf231_leg,-2.6736950874328613,-1.8886888027191162,0.9368919134140015
1773048994,401413277,world,cf231,-2.67746639251709,-1.88421630859375,0.9507914781570435
1773048994,401413277,world,cf231_leg,-2.67366886138916,-1.8884756565093994,0.9367818832397461
1773048994,401512907,world,cf231,-2.6775012016296387,-1.884155035018921,0.9507879018783569
1773048994,401512907,world,cf231_leg,-2.6736350059509277,-1.8884223699569702,0.9367697238922119
1773048994,401612819,world,cf231,-2.6774895191192627,-1.8840521574020386,0.9507535696029663
1773048994,401612819,world,cf231_leg,-2.6736466884613037,-1.888413667678833,0.9368069171905518
1773048994,401712782,world,cf231,-2.6774113178253174,-1.8838669061660767,0.9507553577423096
1773048994,401712782,world,cf231_leg,-2.673624038696289,-1.8882358074188232,0.9368045330047607
1773048994,401978382,world,cf231,-2.6774802207946777,-1.8838558197021484,0.950747013092041
1773048994,401978382,world,cf231_leg,-2.673644781112671,-1.8881886005401611,0.9367995262145996
1773048994,407638084,world,cf231,-2.6774914264678955,-1.8838194608688354,0.9507036209106445
1773048994,407638084,world,cf231_leg,-2.6736371517181396,-1.8881036043167114,0.9367480278015137
1773048994,602877645,world,cf231,-2.677560806274414,-1.8837021589279175,0.9507342576980591
1773048994,602877645,world,cf231_leg,-2.6736679077148438,-1.8880114555358887,0.9366525411605835
1773048994,603174518,world,cf231,-2.677457332611084,-1.8836438655853271,0.9506422281265259
1773048994,603174518,world,cf231_leg,-2.6736032962799072,-1.8879302740097046,0.9366761445999146
1773048994,603299437,world,cf231,-2.6774232387542725,-1.8835844993591309,0.9505935907363892
1773048994,603299437,world,cf231_leg,-2.6736114025115967,-1.8878909349441528,0.9366364479064941
1773048994,603405652,world,cf231,-2.677389144897461,-1.8834151029586792,0.9505678415298462
1773048994,603405652,world,cf231_leg,-2.673734188079834,-1.8878934383392334,0.9366681575775146
1773048994,603509035,world,cf231,-2.677481174468994,-1.8833614587783813,0.9505711793899536
1773048994,603509035,world,cf231_leg,-2.673712730407715,-1.8877168893814087,0.936661958694458
1773048994,603611414,world,cf231,-2.6774919033050537,-1.8833214044570923,0.9505112171173096
1773048994,603611414,world,cf231_leg,-2.6737232208251953,-1.8877118825912476,0.9367328882217407
1773048994,603712904,world,cf231,-2.67757248878479,-1.883428692817688,0.9506263732910156
1773048994,603712904,world,cf231_leg,-2.673699140548706,-1.8876134157180786,0.9366313219070435
1773048994,604458351,world,cf231,-2.677504301071167,-1.8832000494003296,0.9505515098571777
1773048994,604458351,world,cf231_leg,-2.673732280731201,-1.887560486793518,0.9366765022277832
1773048994,604569176,world,cf231,-2.6775708198547363,-1.883278727531433,0.9504985809326172
1773048994,604569176,world,cf231_leg,-2.67368745803833,-1.8875069618225098,0.9365646839141846
1773048994,604674397,world,cf231,-2.6775271892547607,-1.883150577545166,0.9505294561386108
1773048994,604674397,world,cf231_leg,-2.6737442016601562,-1.8874343633651733,0.936669111251831
1773048994,604777986,world,cf231,-2.677537202835083,-1.8831039667129517,0.9504351615905762
1773048994,604777986,world,cf231_leg,-2.673731803894043,-1.8873270750045776,0.9366046190261841
1773048994,604876648,world,cf231,-2.677433729171753,-1.882933259010315,0.9503469467163086
1773048994,604876648,world,cf231_leg,-2.673741579055786,-1.8872843980789185,0.9365301132202148
1773048994,604980250,world,cf231,-2.6775028705596924,-1.8830472230911255,0.950405478477478
1773048994,604980250,world,cf231_leg,-2.6737961769104004,-1.8871822357177734,0.9365544319152832
1773048994,605084574,world,cf231,-2.677469253540039,-1.8828753232955933,0.9503601789474487
1773048994,605084574,world,cf231_leg,-2.673841714859009,-1.8871116638183594,0.9365742206573486
1773048994,605182136,world,cf231,-2.677513837814331,-1.8828887939453125,0.9503128528594971
1773048994,605182136,world,cf231_leg,-2.6737749576568604,-1.8869987726211548,0.9365015029907227
1773048994,605281235,world,cf231,-2.677661657333374,-1.8829598426818848,0.9503592252731323
1773048994,605281235,world,cf231_leg,-2.673837661743164,-1.8869675397872925,0.9364851713180542
1773048994,605381011,world,cf231,-2.677605628967285,-1.8828407526016235,0.9503533840179443
1773048994,605381011,world,cf231_leg,-2.6737937927246094,-1.8868416547775269,0.9365181922912598
1773048994,605480814,world,cf231,-2.677489995956421,-1.8826757669448853,0.950210690498352
1773048994,605480814,world,cf231_leg,-2.6739349365234375,-1.8866729736328125,0.936730146408081
1773048994,605580211,world,cf231,-2.6775243282318115,-1.8827357292175293,0.9502582550048828
1773048994,605580211,world,cf231_leg,-2.67384934425354,-1.886733055114746,0.9364945888519287
1773048994,605679655,world,cf231,-2.6776726245880127,-1.8826886415481567,0.9502716064453125
1773048994,605679655,world,cf231_leg,-2.673814296722412,-1.8865660429000854,0.9364711046218872
1773048994,605778804,world,cf231,-2.677730083465576,-1.882696509361267,0.9502778053283691
1773048994,605778804,world,cf231_leg,-2.6738696098327637,-1.886457085609436,0.9364480972290039
1773048994,605878063,world,cf231,-2.677752733230591,-1.8826439380645752,0.9502379894256592
1773048994,605878063,world,cf231_leg,-2.6738834381103516,-1.8863723278045654,0.9365973472595215
1773048994,605977657,world,cf231,-2.677626371383667,-1.8825255632400513,0.9501901865005493
1773048994,605977657,world,cf231_leg,-2.673920154571533,-1.8863656520843506,0.9365743398666382
1773048994,606087105,world,cf231,-2.67767333984375,-1.8825736045837402,0.9502559900283813
1773048994,606087105,world,cf231_leg,-2.673830270767212,-1.8861432075500488,0.9363212585449219
1773048994,606184425,world,cf231,-2.6777167320251465,-1.882440447807312,0.9500977993011475
1773048994,606184425,world,cf231_leg,-2.6738200187683105,-1.8860725164413452,0.9363832473754883
1773048994,606282281,world,cf231,-2.677738904953003,-1.8823907375335693,0.9500764608383179
1773048994,606282281,world,cf231_leg,-2.673841714859009,-1.8859527111053467,0.936524510383606
1773048994,606379502,world,cf231,-2.6777288913726807,-1.882434606552124,0.9501523971557617
1773048994,606379502,world,cf231_leg,-2.673894166946411,-1.8859244585037231,0.9364209175109863
1773048994,606476824,world,cf231,-2.6777737140655518,-1.8824478387832642,0.9501055479049683
1773048994,606476824,world,cf231_leg,-2.673915386199951,-1.8858751058578491,0.9363998174667358
1773048994,664473909,world,cf231,-2.6777288913726807,-1.882434606552124,0.9501523971557617
1773048994,664473909,world,cf231_leg,-2.6739487648010254,-1.885817527770996,0.9364149570465088
1773048994,664769889,world,cf231,-2.6778652667999268,-1.8823996782302856,0.9501464366912842
1773048994,664769889,world,cf231_leg,-2.6740405559539795,-1.8856837749481201,0.9364995956420898
1773048994,664896119,world,cf231,-2.677934408187866,-1.8823949098587036,0.9501729011535645
1773048994,664896119,world,cf231_leg,-2.674036741256714,-1.8856528997421265,0.9364230632781982
1773048994,664997360,world,cf231,-2.678013563156128,-1.882355809211731,0.9501770734786987
1773048994,664997360,world,cf231_leg,-2.6740267276763916,-1.8854671716690063,0.936455488204956
1773048994,665096230,world,cf231,-2.678013801574707,-1.8823529481887817,0.9501587152481079
1773048994,665096230,world,cf231_leg,-2.674078941345215,-1.8854389190673828,0.9363518953323364
1773048994,665193325,world,cf231,-2.6779696941375732,-1.8822240829467773,0.9501912593841553
1773048994,665193325,world,cf231_leg,-2.674046754837036,-1.8851885795593262,0.936394453048706
1773048994,665292078,world,cf231,-2.677992343902588,-1.882171869277954,0.9501508474349976
1773048994,665292078,world,cf231_leg,-2.674114465713501,-1.8851871490478516,0.9364356994628906
1773048994,665391920,world,cf231,-2.6781060695648193,-1.8821895122528076,0.9501848220825195
1773048994,665391920,world,cf231_leg,-2.6741225719451904,-1.8850321769714355,0.9363675117492676
1773048994,665491722,world,cf231,-2.6780941486358643,-1.8820834159851074,0.9501326084136963
1773048994,665491722,world,cf231_leg,-2.674131393432617,-1.8848755359649658,0.9362821578979492
1773048994,665591181,world,cf231,-2.6781394481658936,-1.8819843530654907,0.9500888586044312
1773048994,665591181,world,cf231_leg,-2.6742444038391113,-1.8849232196807861,0.936403751373291
1773048994,665690602,world,cf231,-2.678105115890503,-1.881927728652954,0.9500589370727539
1773048994,665690602,world,cf231_leg,-2.674363374710083,-1.884784460067749,0.9363609552383423
1773048994,665789760,world,cf231,-2.6780872344970703,-1.8818089962005615,0.9502440690994263
1773048994,665789760,world,cf231_leg,-2.6742422580718994,-1.8846487998962402,0.9361739158630371
1773048994,665925204,world,cf231,-2.6781625747680664,-1.8818167448043823,0.9500339031219482
1773048994,665925204,world,cf231_leg,-2.6743979454040527,-1.884597897529602,0.9362533092498779
1773048994,666109040,world,cf231,-2.678304433822632,-1.8817660808563232,0.9503382444381714
1773048994,666109040,world,cf231_leg,-2.674450635910034,-1.8845086097717285,0.9363731145858765
1773048994,666227429,world,cf231,-2.678292989730835,-1.8816570043563843,0.9502681493759155
1773048994,666227429,world,cf231_leg,-2.6744534969329834,-1.8843766450881958,0.9362146854400635
1773048994,666332713,world,cf231,-2.678316831588745,-1.8814868927001953,0.9501935243606567
1773048994,666332713,world,cf231_leg,-2.6745765209198,-1.884379506111145,0.9362457990646362
1773048994,666433030,world,cf231,-2.6784439086914062,-1.881525993347168,0.9503624439239502
1773048994,666433030,world,cf231_leg,-2.674643039703369,-1.8842662572860718,0.9362920522689819
1773048994,666530139,world,cf231,-2.6784090995788574,-1.8813234567642212,0.9502193927764893
1773048994,666530139,world,cf231_leg,-2.6747069358825684,-1.8841160535812378,0.9362130165100098
1773048994,666626841,world,cf231,-2.6784095764160156,-1.8812083005905151,0.9502047300338745
1773048994,666626841,world,cf231_leg,-2.6748645305633545,-1.884175181388855,0.936269998550415
1773048994,666722994,world,cf231,-2.678582191467285,-1.8811458349227905,0.9503105878829956
1773048994,666722994,world,cf231_leg,-2.674940586090088,-1.8839086294174194,0.936242938041687
1773048994,666819149,world,cf231,-2.678748607635498,-1.8809194564819336,0.9505037069320679
1773048994,666819149,world,cf231_leg,-2.674973726272583,-1.8838509321212769,0.9362581968307495
1773048994,666914225,world,cf231,-2.6787960529327393,-1.880855679512024,0.9505716562271118
1773048994,666914225,world,cf231_leg,-2.674983263015747,-1.8836948871612549,0.9361711740493774
1773048994,666999574,world,cf231,-2.678910255432129,-1.8807576894760132,0.9505915641784668
1773048994,666999574,world,cf231_leg,-2.6750636100769043,-1.8835678100585938,0.9362027645111084
1773048994,667096183,world,cf231,-2.6789300441741943,-1.880637288093567,0.9503213167190552
1773048994,667096183,world,cf231_leg,-2.675105094909668,-1.883475422859192,0.9362088441848755
1773048994,672688615,world,cf231,-2.679053783416748,-1.8806146383285522,0.95029616355896
1773048994,672688615,world,cf231_leg,-2.6751596927642822,-1.8833658695220947,0.9361882209777832
1773048994,677040797,world,cf231,-2.679044723510742,-1.880308747291565,0.9503122568130493
1773048994,677040797,world,cf231_leg,-2.675290107727051,-1.8833335638046265,0.9362118244171143
1773048994,682138352,world,cf231,-2.6792049407958984,-1.880219578742981,0.9502449035644531
1773048994,682138352,world,cf231_leg,-2.675267219543457,-1.883044719696045,0.9362123012542725
1773048994,686951759,world,cf231,-2.6792280673980713,-1.88005793094635,0.9502259492874146
1773048994,686951759,world,cf231_leg,-2.67533540725708,-1.8829233646392822,0.9361932277679443
1773048994,694428739,world,cf231,-2.6793324947357178,-1.8798824548721313,0.9502711296081543
1773048994,694428739,world,cf231_leg,-2.675445556640625,-1.8829386234283447,0.9362212419509888
1773048994,696880173,world,cf231,-2.679572820663452,-1.8797874450683594,0.9503250122070312
1773048994,696880173,world,cf231_leg,-2.6755216121673584,-1.8826671838760376,0.9361642599105835
1773048994,701846367,world,cf231,-2.6796534061431885,-1.8795177936553955,0.9502996206283569
1773048994,701846367,world,cf231_leg,-2.6754870414733887,-1.8824975490570068,0.9361261129379272
1773048994,910276532,world,cf231,-2.6797902584075928,-1.8793644905090332,0.9502613544464111
1773048994,910276532,world,cf231_leg,-2.675689935684204,-1.882493019104004,0.9362499713897705
1773048994,910542326,world,cf231,-2.6800076961517334,-1.8793222904205322,0.9503546953201294
1773048994,910542326,world,cf231_leg,-2.6756389141082764,-1.8821848630905151,0.9360718727111816
1773048994,910665346,world,cf231,-2.680180549621582,-1.8791115283966064,0.9503285884857178
1773048994,910665346,world,cf231_leg,-2.6756505966186523,-1.8821784257888794,0.9361248016357422
1773048994,910765887,world,cf231,-2.680307149887085,-1.8788827657699585,0.9503359794616699
1773048994,910765887,world,cf231_leg,-2.6758925914764404,-1.8822044134140015,0.9363508224487305
1773048994,910864554,world,cf231,-2.680490255355835,-1.8788992166519165,0.950413703918457
1773048994,910864554,world,cf231_leg,-2.6759262084960938,-1.8819162845611572,0.9363076686859131
1773048994,910962017,world,cf231,-2.6806156635284424,-1.8786430358886719,0.950340986251831
1773048994,910962017,world,cf231_leg,-2.676079034805298,-1.881946086883545,0.9363062381744385
1773048994,911063064,world,cf231,-2.680617094039917,-1.8784128427505493,0.9503107070922852
1773048994,911063064,world,cf231_leg,-2.6760356426239014,-1.881702184677124,0.9362963438034058
1773048994,911159551,world,cf231,-2.6807665824890137,-1.8782601356506348,0.9503623247146606
1773048994,911159551,world,cf231_leg,-2.676100015640259,-1.8815523386001587,0.9362159967422485
1773048994,911255435,world,cf231,-2.6808817386627197,-1.8780382871627808,0.9503123760223389
1773048994,911255435,world,cf231_leg,-2.676213026046753,-1.8813174962997437,0.9360424280166626
1773048994,911350837,world,cf231,-2.680837392807007,-1.877766728401184,0.9502506256103516
1773048994,911350837,world,cf231_leg,-2.6762454509735107,-1.881145715713501,0.9360471963882446
1773048994,911446199,world,cf231,-2.6809298992156982,-1.877594232559204,0.9502229690551758
1773048994,911446199,world,cf231_leg,-2.6762888431549072,-1.8810502290725708,0.9360177516937256
1773048994,911541494,world,cf231,-2.681079626083374,-1.8774356842041016,0.9502381086349487
1773048994,911541494,world,cf231_leg,-2.676537036895752,-1.8809798955917358,0.9361932277679443
1773048994,911639194,world,cf231,-2.6810593605041504,-1.8771394491195679,0.9502154588699341
1773048994,911639194,world,cf231_leg,-2.676534652709961,-1.8809400796890259,0.9360535144805908
1773048994,911734489,world,cf231,-2.6811747550964355,-1.8769209384918213,0.9501830339431763
1773048994,911734489,world,cf231_leg,-2.6766061782836914,-1.8806968927383423,0.9359354972839355
1773048994,911829560,world,cf231,-2.6812212467193604,-1.876706838607788,0.9501242637634277
1773048994,911829560,world,cf231_leg,-2.676766872406006,-1.8806231021881104,0.9361053705215454
1773048994,911924590,world,cf231,-2.6812686920166016,-1.8765301704406738,0.950197696685791
1773048994,911924590,world,cf231_leg,-2.6768131256103516,-1.8804446458816528,0.9361414909362793
1773048994,911997216,world,cf231,-2.681236743927002,-1.8762370347976685,0.9501016139984131
1773048994,911997216,world,cf231_leg,-2.6770241260528564,-1.8803983926773071,0.9362109899520874
1773048994,912093123,world,cf231,-2.681331157684326,-1.876102089881897,0.9502056837081909
1773048994,912093123,world,cf231_leg,-2.6770668029785156,-1.8801817893981934,0.9361255168914795
1773048994,912189113,world,cf231,-2.6814558506011963,-1.8759702444076538,0.950202226638794
1773048994,912189113,world,cf231_leg,-2.6771702766418457,-1.8800491094589233,0.9363088607788086
1773048994,912284598,world,cf231,-2.681551218032837,-1.8757109642028809,0.9502373933792114
1773048994,912284598,world,cf231_leg,-2.6772594451904297,-1.8798828125,0.93630051612854
1773048994,912380534,world,cf231,-2.681734800338745,-1.8756120204925537,0.9503010511398315
1773048994,912380534,world,cf231_leg,-2.677302598953247,-1.879671573638916,0.9362435340881348
1773048994,912476105,world,cf231,-2.6817824840545654,-1.875432014465332,0.9503574371337891
1773048994,912476105,world,cf231_leg,-2.677433967590332,-1.8796327114105225,0.9362202882766724
1773048994,912571292,world,cf231,-2.681978464126587,-1.8753209114074707,0.9504401683807373
1773048994,912571292,world,cf231_leg,-2.677488327026367,-1.879416823387146,0.936233401298523
1773048994,912666963,world,cf231,-2.682070732116699,-1.8751575946807861,0.9504669904708862
1773048994,912666963,world,cf231_leg,-2.6773855686187744,-1.8791351318359375,0.936141848564148
1773048994,912762365,world,cf231,-2.6821653842926025,-1.8749065399169922,0.9505590200424194
1773048994,912762365,world,cf231_leg,-2.6775853633880615,-1.8790979385375977,0.9361730813980103
1773048994,912857535,world,cf231,-2.6823832988739014,-1.8748582601547241,0.9506165981292725
1773048994,912857535,world,cf231_leg,-2.677639961242676,-1.8788751363754272,0.936139702796936
1773048994,912953388,world,cf231,-2.682420253753662,-1.8745759725570679,0.9506369829177856
1773048994,912953388,world,cf231_leg,-2.6777329444885254,-1.8789180517196655,0.9362980127334595
1773048994,954369390,world,cf231,-2.6825461387634277,-1.874578595161438,0.9506720304489136
1773048994,954369390,world,cf231_leg,-2.6777663230895996,-1.8786317110061646,0.9362720251083374
1773048994,954617816,world,cf231,-2.6825830936431885,-1.8742897510528564,0.9506574869155884
1773048994,954617816,world,cf231_leg,-2.677842855453491,-1.8784735202789307,0.9362283945083618
1773048994,954722312,world,cf231,-2.6826982498168945,-1.8741899728775024,0.9506568908691406
1773048994,954722312,world,cf231_leg,-2.678091049194336,-1.8784050941467285,0.9364203214645386
1773048994,954819395,world,cf231,-2.682891845703125,-1.8741599321365356,0.9506399631500244
1773048994,954819395,world,cf231_leg,-2.678032398223877,-1.8781366348266602,0.9362813234329224
1773048994,954915603,world,cf231,-2.682906150817871,-1.8739207983016968,0.9506467580795288
1773048994,954915603,world,cf231_leg,-2.6780874729156494,-1.8780300617218018,0.9362744092941284
1773048994,955603049,world,cf231,-2.6828842163085938,-1.8737059831619263,0.9505233764648438
1773048994,955603049,world,cf231_leg,-2.6781790256500244,-1.8777307271957397,0.9361109733581543
1773048994,955705535,world,cf231,-2.6828982830047607,-1.8734663724899292,0.950531005859375
1773048994,955705535,world,cf231_leg,-2.678280830383301,-1.8776698112487793,0.9361501932144165
1773048994,955800976,world,cf231,-2.6831510066986084,-1.8734757900238037,0.9506165981292725
1773048994,955800976,world,cf231_leg,-2.6784236431121826,-1.87752103805542,0.9362276792526245
1773048994,955896087,world,cf231,-2.683345317840576,-1.8733303546905518,0.9505860805511475
1773048994,955896087,world,cf231_leg,-2.678546905517578,-1.8774082660675049,0.9362313747406006
1773048994,955993612,world,cf231,-2.6833696365356445,-1.8731629848480225,0.9505304098129272
1773048994,955993612,world,cf231_leg,-2.6786913871765137,-1.877251148223877,0.936244010925293
1773048994,956089211,world,cf231,-2.6833815574645996,-1.8728981018066406,0.950478196144104
1773048994,956089211,world,cf231_leg,-2.6787924766540527,-1.8771922588348389,0.9363002777099609
1773048994,956184618,world,cf231,-2.683565855026245,-1.872796654701233,0.9505228996276855
1773048994,956184618,world,cf231_leg,-2.6789255142211914,-1.8769656419754028,0.936394453048706
1773048994,956281800,world,cf231,-2.6836013793945312,-1.8726224899291992,0.9505250453948975
1773048994,956281800,world,cf231_leg,-2.678915023803711,-1.8767441511154175,0.9362977743148804
1773048994,956383433,world,cf231,-2.683863878250122,-1.8725998401641846,0.9506076574325562
1773048994,956383433,world,cf231_leg,-2.6791040897369385,-1.876638412475586,0.9364076852798462
1773048994,956619943,world,cf231,-2.6840596199035645,-1.8723397254943848,0.9505609273910522
1773048994,956619943,world,cf231_leg,-2.6791579723358154,-1.8764194250106812,0.9364078044891357
1773048994,956753096,world,cf231,-2.6841981410980225,-1.8723371028900146,0.9506491422653198
1773048994,956753096,world,cf231_leg,-2.679292678833008,-1.87630295753479,0.9364790916442871
1773048994,956901703,world,cf231,-2.6842215061187744,-1.8721750974655151,0.9506320953369141
1773048994,956901703,world,cf231_leg,-2.6793787479400635,-1.876219630241394,0.9364058971405029
1773048994,956999201,world,cf231,-2.684370517730713,-1.8721287250518799,0.9506442546844482
1773048994,956999201,world,cf231_leg,-2.6794238090515137,-1.8759286403656006,0.9364496469497681
1773048994,957107066,world,cf231,-2.6845080852508545,-1.8719788789749146,0.9506238698959351
1773048994,957107066,world,cf231_leg,-2.6795456409454346,-1.8758221864700317,0.93650221824646
1773048994,957235454,world,cf231,-2.6845545768737793,-1.871764898300171,0.9505655765533447
1773048994,957235454,world,cf231_leg,-2.6796019077301025,-1.8757140636444092,0.936477541923523
1773048994,957392264,world,cf231,-2.684600353240967,-1.8716692924499512,0.950539231300354
1773048994,957392264,world,cf231_leg,-2.6797420978546143,-1.8755700588226318,0.9366087913513184
1773048994,957522167,world,cf231,-2.6846494674682617,-1.8713712692260742,0.9505628347396851
1773048994,957522167,world,cf231_leg,-2.679687261581421,-1.8752899169921875,0.9363695383071899
1773048994,957650407,world,cf231,-2.6848092079162598,-1.8712878227233887,0.9505335092544556
1773048994,957650407,world,cf231_leg,-2.6798644065856934,-1.875234842300415,0.9366202354431152
1773048994,957766721,world,cf231,-2.684858560562134,-1.8709899187088013,0.9505566358566284
1773048994,957766721,world,cf231_leg,-2.679974317550659,-1.8750232458114624,0.9366245269775391
1773048994,961987416,world,cf231,-2.684962749481201,-1.8709299564361572,0.9506168365478516
1773048994,961987416,world,cf231_leg,-2.6800506114959717,-1.8748670816421509,0.9365977048873901
1773048994,968323910,world,cf231,-2.6852171421051025,-1.8707084655761719,0.9506744146347046
1773048994,968323910,world,cf231_leg,-2.6802871227264404,-1.8748053312301636,0.936737060546875
1773048994,971975696,world,cf231,-2.6852328777313232,-1.870503544807434,0.9507961273193359
1773048994,971975696,world,cf231_leg,-2.680231809616089,-1.8744040727615356,0.9364413022994995
1773048994,977113142,world,cf231,-2.6853504180908203,-1.8703160285949707,0.9508613348007202
1773048994,977113142,world,cf231_leg,-2.6803762912750244,-1.8743600845336914,0.9364672899246216
1773048994,981811904,world,cf231,-2.6853504180908203,-1.8701730966567993,0.9507670402526855
1773048994,981811904,world,cf231_leg,-2.680433750152588,-1.8741748332977295,0.936558723449707
1773048994,987152532,world,cf231,-2.68544602394104,-1.8699263334274292,0.9508743286132812
1773048994,987152532,world,cf231_leg,-2.680633544921875,-1.8740192651748657,0.936548113822937
1773048994,992045239,world,cf231,-2.685540199279785,-1.8697518110275269,0.9508265256881714
1773048994,992045239,world,cf231_leg,-2.6807098388671875,-1.873981237411499,0.9365640878677368
1773048994,998581070,world,cf231,-2.6855521202087402,-1.8694895505905151,0.9507941007614136
1773048994,998581070,world,cf231_leg,-2.680943012237549,-1.873886227607727,0.9366116523742676
1773048995,1953777,world,cf231,-2.68559193611145,-1.8692268133163452,0.9508377313613892
1773048995,1953777,world,cf231_leg,-2.6809539794921875,-1.8736177682876587,0.9365096092224121
1773048995,6922853,world,cf231,-2.685889720916748,-1.8691397905349731,0.9509001970291138
1773048995,6922853,world,cf231_leg,-2.681110382080078,-1.8735651969909668,0.9365731477737427
1773048995,11904935,world,cf231,-2.686016082763672,-1.8690392971038818,0.9509934186935425
1773048995,11904935,world,cf231_leg,-2.6811747550964355,-1.8734172582626343,0.9365102052688599
1773048995,17662731,world,cf231,-2.686201572418213,-1.868816614151001,0.9509878158569336
1773048995,17662731,world,cf231_leg,-2.681284189224243,-1.873321294784546,0.9365428686141968
1773048995,21848954,world,cf231,-2.6863512992858887,-1.8686637878417969,0.9510411024093628
1773048995,21848954,world,cf231_leg,-2.6813721656799316,-1.8731610774993896,0.9365841150283813
1773048995,217230754,world,cf231,-2.686570644378662,-1.8685039281845093,0.9511018991470337
1773048995,217230754,world,cf231_leg,-2.681492567062378,-1.872931718826294,0.9368196725845337
1773048995,217488760,world,cf231,-2.6867544651031494,-1.8683987855911255,0.9511311054229736
1773048995,217488760,world,cf231_leg,-2.6815896034240723,-1.8727301359176636,0.9368053674697876
1773048995,217612654,world,cf231,-2.686891794204712,-1.8682520389556885,0.9511288404464722
1773048995,217612654,world,cf231_leg,-2.681734800338745,-1.8725734949111938,0.9368172883987427
1773048995,217712802,world,cf231,-2.6870203018188477,-1.868027687072754,0.9511523246765137
1773048995,217712802,world,cf231_leg,-2.681826114654541,-1.8724417686462402,0.9369205236434937
1773048995,217836480,world,cf231,-2.687191963195801,-1.8679349422454834,0.9511617422103882
1773048995,217836480,world,cf231_leg,-2.6819355487823486,-1.8722319602966309,0.9369419813156128
1773048995,217998593,world,cf231,-2.6872975826263428,-1.867760181427002,0.9512068033218384
1773048995,217998593,world,cf231_leg,-2.682076930999756,-1.872086524963379,0.9370555877685547
1773048995,218121546,world,cf231,-2.6874372959136963,-1.8674927949905396,0.9511522054672241
1773048995,218121546,world,cf231_leg,-2.6821131706237793,-1.871948480606079,0.9371516704559326
1773048995,218236427,world,cf231,-2.6876797676086426,-1.8674300909042358,0.951302170753479
1773048995,218236427,world,cf231_leg,-2.6822915077209473,-1.8718472719192505,0.9371923208236694
1773048995,218342497,world,cf231,-2.6878535747528076,-1.8672229051589966,0.9512947797775269
1773048995,218342497,world,cf231_leg,-2.6822667121887207,-1.8715229034423828,0.937085747718811
1773048995,218442119,world,cf231,-2.687957286834717,-1.867019534111023,0.9512624740600586
1773048995,218442119,world,cf231_leg,-2.6823713779449463,-1.8714972734451294,0.9372341632843018
1773048995,218538912,world,cf231,-2.6881115436553955,-1.8667755126953125,0.9513384103775024
1773048995,218538912,world,cf231_leg,-2.6825244426727295,-1.8713006973266602,0.9372087717056274
1773048995,218635184,world,cf231,-2.6882028579711914,-1.8665775060653687,0.9512526988983154
1773048995,218635184,world,cf231_leg,-2.6824684143066406,-1.8710663318634033,0.9371809959411621
1773048995,218730731,world,cf231,-2.688401222229004,-1.866346001625061,0.9512842893600464
1773048995,218730731,world,cf231_leg,-2.6826930046081543,-1.8710131645202637,0.9372838735580444
1773048995,218826207,world,cf231,-2.688689708709717,-1.8661911487579346,0.9514255523681641
1773048995,218826207,world,cf231_leg,-2.68276047706604,-1.8707321882247925,0.9370660781860352
1773048995,218922188,world,cf231,-2.688842535018921,-1.8659487962722778,0.9515235424041748
1773048995,218922188,world,cf231_leg,-2.682816982269287,-1.8705484867095947,0.9371752738952637
1773048995,218997882,world,cf231,-2.688936710357666,-1.8656704425811768,0.9515362977981567
1773048995,218997882,world,cf231_leg,-2.6830551624298096,-1.8705235719680786,0.9374417066574097
1773048995,219097401,world,cf231,-2.689147472381592,-1.8655831813812256,0.951750636100769
1773048995,219097401,world,cf231_leg,-2.6831319332122803,-1.8703676462173462,0.9374144077301025
1773048995,219203672,world,cf231,-2.6892189979553223,-1.8653478622436523,0.9517494440078735
1773048995,219203672,world,cf231_leg,-2.6832549571990967,-1.8702596426010132,0.9374498128890991
1773048995,219301189,world,cf231,-2.6894145011901855,-1.8652397394180298,0.9518526792526245
1773048995,219301189,world,cf231_leg,-2.683366060256958,-1.8701579570770264,0.9374326467514038
1773048995,219397070,world,cf231,-2.6895642280578613,-1.865080714225769,0.9518709182739258
1773048995,219397070,world,cf231_leg,-2.683464765548706,-1.8700711727142334,0.9374260902404785
1773048995,219493469,world,cf231,-2.689589738845825,-1.8649474382400513,0.9519311189651489
1773048995,219493469,world,cf231_leg,-2.6834771633148193,-1.8698363304138184,0.9374376535415649
1773048995,219589300,world,cf231,-2.6897387504577637,-1.8649104833602905,0.9519973993301392
1773048995,219589300,world,cf231_leg,-2.6835663318634033,-1.8697856664657593,0.9374583959579468
1773048995,219684693,world,cf231,-2.689854621887207,-1.8646917343139648,0.9519674777984619
1773048995,219684693,world,cf231_leg,-2.6836094856262207,-1.8695759773254395,0.9374197721481323
1773048995,219779712,world,cf231,-2.689821481704712,-1.8645187616348267,0.9519256353378296
1773048995,219779712,world,cf231_leg,-2.6837751865386963,-1.8693737983703613,0.9374454021453857
1773048995,219875234,world,cf231,-2.6899940967559814,-1.8644238710403442,0.9519150257110596
1773048995,219875234,world,cf231_leg,-2.683797836303711,-1.8693207502365112,0.9373906850814819
1773048995,219970289,world,cf231,-2.6900651454925537,-1.8643077611923218,0.9519442319869995
1773048995,219970289,world,cf231_leg,-2.6839418411254883,-1.8691679239273071,0.9374368190765381
1773048995,220072564,world,cf231,-2.690124273300171,-1.8640843629837036,0.9519245624542236
1773048995,220072564,world,cf231_leg,-2.684015989303589,-1.8690216541290283,0.9374934434890747
1773048995,220176078,world,cf231,-2.6901161670684814,-1.8638676404953003,0.9518718719482422
1773048995,220176078,world,cf231_leg,-2.6840896606445312,-1.8688572645187378,0.9376803636550903
1773048995,220277164,world,cf231,-2.6901631355285645,-1.8638030290603638,0.9519433975219727
1773048995,220277164,world,cf231_leg,-2.684175968170166,-1.8686623573303223,0.9376125335693359
1773048995,282202030,world,cf231,-2.6903815269470215,-1.863755702972412,0.9520004987716675
1773048995,282202030,world,cf231_leg,-2.6842100620269775,-1.8684916496276855,0.937615156173706
1773048995,282443459,world,cf231,-2.690441131591797,-1.863646388053894,0.951972484588623
1773048995,282443459,world,cf231_leg,-2.684345245361328,-1.868375301361084,0.9376871585845947
1773048995,282554138,world,cf231,-2.6904637813568115,-1.863486409187317,0.9519761800765991
1773048995,282554138,world,cf231_leg,-2.6844112873077393,-1.868224024772644,0.9375901222229004
1773048995,282665491,world,cf231,-2.6905577182769775,-1.863437294960022,0.9519952535629272
1773048995,282665491,world,cf231_leg,-2.6845335960388184,-1.8681176900863647,0.9376429319381714
1773048995,282772971,world,cf231,-2.6905357837677,-1.863221526145935,0.9518746137619019
1773048995,282772971,world,cf231_leg,-2.684567928314209,-1.8679448366165161,0.9376298189163208
1773048995,282870543,world,cf231,-2.6906402111053467,-1.8631649017333984,0.9519528150558472
1773048995,282870543,world,cf231_leg,-2.6846437454223633,-1.8677924871444702,0.937637209892273
1773048995,282966642,world,cf231,-2.690631151199341,-1.8629406690597534,0.9518681764602661
1773048995,282966642,world,cf231_leg,-2.684776782989502,-1.867639183998108,0.9375834465026855
1773048995,283070611,world,cf231,-2.6907572746276855,-1.8628002405166626,0.9518102407455444
1773048995,283070611,world,cf231_leg,-2.684866189956665,-1.8674750328063965,0.9375923871994019
1773048995,283178760,world,cf231,-2.6907479763031006,-1.8627257347106934,0.9518542289733887
1773048995,283178760,world,cf231_leg,-2.6849324703216553,-1.8673639297485352,0.9376565217971802
1773048995,283307974,world,cf231,-2.690816879272461,-1.86258065700531,0.9518067836761475
1773048995,283307974,world,cf231_leg,-2.6851086616516113,-1.8672277927398682,0.9375885725021362
1773048995,283407402,world,cf231,-2.690736770629883,-1.8624725341796875,0.9516931772232056
1773048995,283407402,world,cf231_leg,-2.6851208209991455,-1.8671058416366577,0.9376136064529419
1773048995,283504235,world,cf231,-2.690795660018921,-1.8623621463775635,0.9516677856445312
1773048995,283504235,world,cf231_leg,-2.685231924057007,-1.8670063018798828,0.9376125335693359
1773048995,283599593,world,cf231,-2.690784215927124,-1.8622616529464722,0.9516533613204956
1773048995,283599593,world,cf231_leg,-2.685378313064575,-1.866828441619873,0.9374865293502808
1773048995,283695402,world,cf231,-2.690739631652832,-1.862092137336731,0.9515365362167358
1773048995,283695402,world,cf231_leg,-2.685455322265625,-1.8667908906936646,0.9375017881393433
1773048995,283790182,world,cf231,-2.690762996673584,-1.8620398044586182,0.9514966011047363
1773048995,283790182,world,cf231_leg,-2.6855595111846924,-1.8665052652359009,0.9375123977661133
1773048995,283885438,world,cf231,-2.6907522678375244,-1.861933708190918,0.9514443874359131
1773048995,283885438,world,cf231_leg,-2.685612916946411,-1.866361379623413,0.9373810291290283
1773048995,283980287,world,cf231,-2.690819501876831,-1.8619036674499512,0.9514124393463135
1773048995,283980287,world,cf231_leg,-2.6856677532196045,-1.8662562370300293,0.937393307685852
1773048995,284079045,world,cf231,-2.690946102142334,-1.8619039058685303,0.951429009437561
1773048995,284079045,world,cf231_leg,-2.6857593059539795,-1.8660869598388672,0.9373502731323242
1773048995,284174688,world,cf231,-2.690901041030884,-1.861743688583374,0.9513660669326782
1773048995,284174688,world,cf231_leg,-2.6859002113342285,-1.8660144805908203,0.9373162984848022
1773048995,284275161,world,cf231,-2.6909472942352295,-1.861644983291626,0.9513224363327026
1773048995,284275161,world,cf231_leg,-2.685868978500366,-1.8657257556915283,0.9372158050537109
1773048995,284369996,world,cf231,-2.6909139156341553,-1.8615820407867432,0.951256513595581
1773048995,284369996,world,cf231_leg,-2.685955762863159,-1.8656425476074219,0.9371429681777954
1773048995,284468940,world,cf231,-2.6910276412963867,-1.8614567518234253,0.9511975049972534
1773048995,284468940,world,cf231_leg,-2.6860108375549316,-1.8654242753982544,0.9371417760848999
1773048995,284569620,world,cf231,-2.6910507678985596,-1.8614012002944946,0.9511399269104004
1773048995,284569620,world,cf231_leg,-2.6862003803253174,-1.8652786016464233,0.9370919466018677
1773048995,286863173,world,cf231,-2.691178560256958,-1.8612923622131348,0.9511781930923462
1773048995,286863173,world,cf231_leg,-2.686201810836792,-1.8651611804962158,0.9370467662811279
1773048995,291873376,world,cf231,-2.6912245750427246,-1.8611938953399658,0.9511340856552124
1773048995,291873376,world,cf231_leg,-2.686285972595215,-1.865014672279358,0.9372063875198364
1773048995,296773753,world,cf231,-2.6912713050842285,-1.8610954284667969,0.9510897397994995
1773048995,296773753,world,cf231_leg,-2.6864192485809326,-1.864863634109497,0.9371685981750488
1773048995,301707617,world,cf231,-2.6914212703704834,-1.8610836267471313,0.9512174129486084
1773048995,301707617,world,cf231_leg,-2.686462640762329,-1.864764928817749,0.9371275901794434
1773048995,307748689,world,cf231,-2.6914451122283936,-1.8608816862106323,0.9510488510131836
1773048995,307748689,world,cf231_leg,-2.6865193843841553,-1.8644295930862427,0.9370808601379395
1773048995,311927511,world,cf231,-2.6915388107299805,-1.8607158660888672,0.9510574340820312
1773048995,311927511,world,cf231_leg,-2.6865899562835693,-1.8642594814300537,0.936836838722229
1773048995,316922481,world,cf231,-2.691620111465454,-1.8607085943222046,0.9511574506759644
1773048995,316922481,world,cf231_leg,-2.686688184738159,-1.864167332649231,0.9368026256561279
1773048995,321955489,world,cf231,-2.6917004585266113,-1.8605173826217651,0.9510146379470825
1773048995,321955489,world,cf231_leg,-2.68681001663208,-1.8639466762542725,0.9368469715118408
1773048995,326766427,world,cf231,-2.691758871078491,-1.8604127168655396,0.951026439666748
1773048995,326766427,world,cf231_leg,-2.6868810653686523,-1.8637442588806152,0.9369121789932251
1773048995,408188003,world,cf231,-2.6919217109680176,-1.8602426052093506,0.9510620832443237
1773048995,408188003,world,cf231_leg,-2.686971664428711,-1.8636949062347412,0.9369293451309204
1773048995,408450023,world,cf231,-2.692108154296875,-1.8600201606750488,0.9510571956634521
1773048995,408450023,world,cf231_leg,-2.687102794647217,-1.8635468482971191,0.9369280338287354
1773048995,408561429,world,cf231,-2.692065715789795,-1.8597356081008911,0.950925350189209
1773048995,408561429,world,cf231_leg,-2.687182903289795,-1.8633886575698853,0.9368631839752197
1773048995,409169430,world,cf231,-2.6922287940979004,-1.85956871509552,0.9509782791137695
1773048995,409169430,world,cf231_leg,-2.6872589588165283,-1.8633477687835693,0.9368659257888794
1773048995,409276730,world,cf231,-2.692382335662842,-1.859326958656311,0.9510763883590698
1773048995,409276730,world,cf231_leg,-2.6873600482940674,-1.8631420135498047,0.9367971420288086
1773048995,409444635,world,cf231,-2.692579507827759,-1.8592170476913452,0.951158881187439
1773048995,409444635,world,cf231_leg,-2.687451124191284,-1.863123893737793,0.9369131326675415
1773048995,409547352,world,cf231,-2.692707061767578,-1.858964204788208,0.9511059522628784
1773048995,409547352,world,cf231_leg,-2.687483072280884,-1.862925410270691,0.9368525743484497
1773048995,409644178,world,cf231,-2.692941904067993,-1.858712077140808,0.9512864351272583
1773048995,409644178,world,cf231_leg,-2.6875622272491455,-1.8627660274505615,0.9367914199829102
1773048995,409740378,world,cf231,-2.6930480003356934,-1.8585374355316162,0.9513317346572876
1773048995,409740378,world,cf231_leg,-2.6875483989715576,-1.8625550270080566,0.9367982149124146
1773048995,409836662,world,cf231,-2.6931092739105225,-1.8582054376602173,0.9513329267501831
1773048995,409836662,world,cf231_leg,-2.6876392364501953,-1.8623872995376587,0.9367736577987671
1773048995,409932231,world,cf231,-2.693329334259033,-1.8580427169799805,0.9513773918151855
1773048995,409932231,world,cf231_leg,-2.6876916885375977,-1.862138032913208,0.9366970062255859
1773048995,409999038,world,cf231,-2.6933891773223877,-1.8578227758407593,0.9513751268386841
1773048995,409999038,world,cf231_leg,-2.687774896621704,-1.8620483875274658,0.9368547201156616
1773048995,410096683,world,cf231,-2.693495035171509,-1.8576512336730957,0.9514389038085938
1773048995,410096683,world,cf231_leg,-2.6878879070281982,-1.8618746995925903,0.9369841814041138
1773048995,410192328,world,cf231,-2.6935908794403076,-1.8573702573776245,0.9514334201812744
1773048995,410192328,world,cf231_leg,-2.687979221343994,-1.861591100692749,0.9369326829910278
1773048995,410287280,world,cf231,-2.6936633586883545,-1.857145071029663,0.9514846801757812
1773048995,410287280,world,cf231_leg,-2.68801212310791,-1.8615401983261108,0.9369958639144897
1773048995,410382703,world,cf231,-2.6937944889068604,-1.8568060398101807,0.9514939785003662
1773048995,410382703,world,cf231_leg,-2.688157320022583,-1.8614213466644287,0.9371557235717773
1773048995,411882453,world,cf231,-2.693957805633545,-1.856642484664917,0.9515647888183594
1773048995,411882453,world,cf231_leg,-2.688164710998535,-1.8611626625061035,0.9371600151062012
1773048995,417636546,world,cf231,-2.6941001415252686,-1.8564069271087646,0.9516066312789917
1773048995,417636546,world,cf231_leg,-2.688267946243286,-1.861141324043274,0.9373421669006348
1773048995,421992080,world,cf231,-2.694161891937256,-1.8560656309127808,0.9515542984008789
1773048995,421992080,world,cf231_leg,-2.688347816467285,-1.860906720161438,0.9374139308929443
1773048995,426849682,world,cf231,-2.694166421890259,-1.8557261228561401,0.9515476226806641
1773048995,426849682,world,cf231_leg,-2.688316583633423,-1.8605743646621704,0.9371393918991089
1773048995,433606512,world,cf231,-2.6943230628967285,-1.855366826057434,0.9516116380691528
1773048995,433606512,world,cf231_leg,-2.688383102416992,-1.8605087995529175,0.937394380569458
1773048995,626484007,world,cf231,-2.694509744644165,-1.8551937341690063,0.9518131017684937
1773048995,626484007,world,cf231_leg,-2.6885504722595215,-1.8603410720825195,0.9375323057174683
1773048995,626745966,world,cf231,-2.694631338119507,-1.8549236059188843,0.9519596099853516
1773048995,626745966,world,cf231_leg,-2.688575267791748,-1.8602113723754883,0.937592625617981
1773048995,626852461,world,cf231,-2.694697380065918,-1.854533076286316,0.9521032571792603
1773048995,626852461,world,cf231_leg,-2.688656806945801,-1.8600823879241943,0.9376094341278076
1773048995,626952273,world,cf231,-2.6949057579040527,-1.8544198274612427,0.9522614479064941
1773048995,626952273,world,cf231_leg,-2.6888039112091064,-1.8599549531936646,0.937705397605896
1773048995,627057003,world,cf231,-2.6949684619903564,-1.8541193008422852,0.9523593187332153
1773048995,627057003,world,cf231_leg,-2.68882155418396,-1.859676480293274,0.9379251003265381
1773048995,627160622,world,cf231,-2.6950747966766357,-1.8538275957107544,0.9523961544036865
1773048995,627160622,world,cf231_leg,-2.6890454292297363,-1.8597370386123657,0.9380414485931396
1773048995,627257494,world,cf231,-2.695078134536743,-1.8536033630371094,0.9524033069610596
1773048995,627257494,world,cf231_leg,-2.688955307006836,-1.8593510389328003,0.9381017684936523
1773048995,627353655,world,cf231,-2.695162534713745,-1.8533624410629272,0.9524582624435425
1773048995,627353655,world,cf231_leg,-2.689058542251587,-1.8592865467071533,0.9381088018417358
1773048995,627449861,world,cf231,-2.695223808288574,-1.8531405925750732,0.9524351358413696
1773048995,627449861,world,cf231_leg,-2.6891019344329834,-1.8592336177825928,0.9382575750350952
1773048995,627545242,world,cf231,-2.695298194885254,-1.8529441356658936,0.9525642395019531
1773048995,627545242,world,cf231_leg,-2.689136266708374,-1.859067440032959,0.9382919073104858
1773048995,627640816,world,cf231,-2.6954054832458496,-1.8527801036834717,0.952660322189331
1773048995,627640816,world,cf231_leg,-2.6891496181488037,-1.8588327169418335,0.9383038282394409
1773048995,627736169,world,cf231,-2.6955127716064453,-1.8524924516677856,0.9527130126953125
1773048995,627736169,world,cf231_leg,-2.68910551071167,-1.8587102890014648,0.9383717775344849
1773048995,627831646,world,cf231,-2.6955058574676514,-1.8523095846176147,0.952776312828064
1773048995,627831646,world,cf231_leg,-2.689229965209961,-1.8584895133972168,0.9383949041366577
1773048995,627927136,world,cf231,-2.6956446170806885,-1.8522131443023682,0.9529790878295898
1773048995,627927136,world,cf231_leg,-2.6892733573913574,-1.8583025932312012,0.938647985458374
1773048995,627995850,world,cf231,-2.6957199573516846,-1.8519071340560913,0.9531313180923462
1773048995,627995850,world,cf231_leg,-2.6893887519836426,-1.8581616878509521,0.9388710260391235
1773048995,628091199,world,cf231,-2.6959195137023926,-1.8518635034561157,0.9534245729446411
1773048995,628091199,world,cf231_leg,-2.689401865005493,-1.8579291105270386,0.9388991594314575
1773048995,628186422,world,cf231,-2.6960256099700928,-1.85169517993927,0.953506350517273
1773048995,628186422,world,cf231_leg,-2.6893856525421143,-1.8576674461364746,0.9389435052871704
1773048995,628281657,world,cf231,-2.696200370788574,-1.8515219688415527,0.9536173343658447
1773048995,628281657,world,cf231_leg,-2.6894755363464355,-1.8575464487075806,0.9391287565231323
1773048995,628377037,world,cf231,-2.6964011192321777,-1.8513723611831665,0.9539507627487183
1773048995,628377037,world,cf231_leg,-2.6894450187683105,-1.8574097156524658,0.9391837120056152
1773048995,628472238,world,cf231,-2.6964271068573,-1.8512389659881592,0.9540116786956787
1773048995,628472238,world,cf231_leg,-2.6894021034240723,-1.85716712474823,0.9391931295394897
1773048995,628566940,world,cf231,-2.696589708328247,-1.8510713577270508,0.9540681838989258
1773048995,628566940,world,cf231_leg,-2.689383029937744,-1.8569098711013794,0.9392917156219482
1773048995,628663944,world,cf231,-2.6968319416046143,-1.8510189056396484,0.9542726278305054
1773048995,628663944,world,cf231_leg,-2.689361333847046,-1.8567311763763428,0.9392925500869751
1773048995,628758558,world,cf231,-2.6970174312591553,-1.8509249687194824,0.9543532133102417
1773048995,628758558,world,cf231_leg,-2.6894989013671875,-1.8566555976867676,0.93950355052948
1773048995,628853354,world,cf231,-2.6970887184143066,-1.8508185148239136,0.9544360637664795
1773048995,628853354,world,cf231_leg,-2.6894564628601074,-1.8564437627792358,0.9396127462387085
1773048995,628948185,world,cf231,-2.6970131397247314,-1.8505491018295288,0.9546024799346924
1773048995,628948185,world,cf231_leg,-2.6894948482513428,-1.8563097715377808,0.9397201538085938
1773048995,628996275,world,cf231,-2.697230577468872,-1.850651502609253,0.9547902345657349
1773048995,628996275,world,cf231_leg,-2.6895034313201904,-1.8562750816345215,0.9397112131118774
1773048995,629091826,world,cf231,-2.697244644165039,-1.850530743598938,0.9548302888870239
1773048995,629091826,world,cf231_leg,-2.6894407272338867,-1.856002688407898,0.9398409128189087
1773048995,629187096,world,cf231,-2.6973602771759033,-1.8504341840744019,0.9548498392105103
1773048995,629187096,world,cf231_leg,-2.6895134449005127,-1.8560948371887207,0.9399991035461426
1773048995,629281934,world,cf231,-2.697453260421753,-1.8504213094711304,0.9550051689147949
1773048995,629281934,world,cf231_leg,-2.6895320415496826,-1.8558425903320312,0.9398614168167114
1773048995,629376702,world,cf231,-2.697570323944092,-1.8503565788269043,0.9551196098327637
1773048995,629586030,world,cf231,-2.6975271701812744,-1.8502274751663208,0.9551538228988647
1773048995,629586030,world,cf231_leg,-2.6896352767944336,-1.8557227849960327,0.9405490159988403
1773048995,629692771,world,cf231,-2.6975743770599365,-1.85016667842865,0.9552421569824219
1773048995,629692771,world,cf231_leg,-2.6896727085113525,-1.8554812669754028,0.9406945705413818
1773048995,629791225,world,cf231,-2.6976680755615234,-1.8501477241516113,0.9553614854812622
1773048995,629791225,world,cf231_leg,-2.6896402835845947,-1.855459451675415,0.9407798051834106
1773048995,629887383,world,cf231,-2.6976699829101562,-1.8500357866287231,0.9553648233413696
1773048995,629887383,world,cf231_leg,-2.689578056335449,-1.8551974296569824,0.9409679174423218
1773048995,629986124,world,cf231,-2.697582483291626,-1.8499181270599365,0.9555073976516724
1773048995,629986124,world,cf231_leg,-2.6896274089813232,-1.855056643486023,0.941130518913269
1773048995,630082932,world,cf231,-2.6976852416992188,-1.849980354309082,0.9556173086166382
1773048995,630082932,world,cf231_leg,-2.689460515975952,-1.8549259901046753,0.9411356449127197
1773048995,630178251,world,cf231,-2.697786569595337,-1.849743366241455,0.9561008214950562
1773048995,630178251,world,cf231_leg,-2.6895508766174316,-1.8547981977462769,0.9412740468978882
1773048995,630273398,world,cf231,-2.6978354454040527,-1.8497142791748047,0.9562845230102539
1773048995,630273398,world,cf231_leg,-2.689474105834961,-1.8545085191726685,0.9413185119628906
1773048995,630369356,world,cf231,-2.697725772857666,-1.8494688272476196,0.9562395811080933
1773048995,630369356,world,cf231_leg,-2.6894891262054443,-1.8544658422470093,0.941625714302063
1773048995,631856855,world,cf231,-2.697816848754883,-1.8495646715164185,0.9563742876052856
1773048995,631856855,world,cf231_leg,-2.689551591873169,-1.854312777519226,0.9417920112609863
1773048995,831380408,world,cf231,-2.6976280212402344,-1.8492510318756104,0.9563668966293335
1773048995,831380408,world,cf231_leg,-2.68951678276062,-1.8541486263275146,0.9418042898178101
1773048995,831649924,world,cf231,-2.6976280212402344,-1.8492846488952637,0.9564834833145142
1773048995,831649924,world,cf231_leg,-2.6894662380218506,-1.8540605306625366,0.9418599605560303
1773048995,831946593,world,cf231,-2.697528600692749,-1.8491486310958862,0.9565073251724243
1773048995,831946593,world,cf231_leg,-2.6894772052764893,-1.8539446592330933,0.9419347047805786
1773048995,832064564,world,cf231,-2.6975183486938477,-1.8490761518478394,0.9565722942352295
1773048995,832064564,world,cf231_leg,-2.689422607421875,-1.8537101745605469,0.9419076442718506
1773048995,832164552,world,cf231,-2.697489023208618,-1.848940134048462,0.956637978553772
1773048995,832164552,world,cf231_leg,-2.6893503665924072,-1.8535624742507935,0.9420033693313599
1773048995,832261495,world,cf231,-2.6973652839660645,-1.84885573387146,0.9567041397094727
1773048995,832261495,world,cf231_leg,-2.689406633377075,-1.8534945249557495,0.9421415328979492
1773048995,832357590,world,cf231,-2.697287082672119,-1.8487852811813354,0.956721305847168
1773048995,832357590,world,cf231_leg,-2.689321517944336,-1.8533515930175781,0.9421889781951904
1773048995,832454158,world,cf231,-2.6971540451049805,-1.8485890626907349,0.9566978216171265
1773048995,832454158,world,cf231_leg,-2.689303398132324,-1.853095293045044,0.9422849416732788
1773048995,832569546,world,cf231,-2.697110891342163,-1.8485195636749268,0.9569879770278931
1773048995,832569546,world,cf231_leg,-2.6891918182373047,-1.8529689311981201,0.9422812461853027
1773048995,832688627,world,cf231,-2.697033405303955,-1.848339319229126,0.9570286273956299
1773048995,832688627,world,cf231_leg,-2.6891958713531494,-1.8527804613113403,0.9423797130584717
1773048995,832791175,world,cf231,-2.696876287460327,-1.8482043743133545,0.9570996761322021
1773048995,832791175,world,cf231_leg,-2.6891753673553467,-1.852638602256775,0.9425071477890015
1773048995,832916823,world,cf231,-2.696765184402466,-1.8481082916259766,0.9571837186813354
1773048995,832916823,world,cf231_leg,-2.6891555786132812,-1.8526065349578857,0.9426125288009644
1773048995,833096748,world,cf231,-2.6967215538024902,-1.8479853868484497,0.9572535753250122
1773048995,833096748,world,cf231_leg,-2.6891121864318848,-1.8524136543273926,0.9428437948226929
1773048995,833215716,world,cf231,-2.69655442237854,-1.8477379083633423,0.9572372436523438
1773048995,833215716,world,cf231_leg,-2.6890358924865723,-1.8522995710372925,0.9426720142364502
1773048995,833316515,world,cf231,-2.6965677738189697,-1.847619652748108,0.9572972059249878
1773048995,833316515,world,cf231_leg,-2.688960075378418,-1.852150559425354,0.9427938461303711
1773048995,833415020,world,cf231,-2.6964797973632812,-1.8474770784378052,0.9573779106140137
1773048995,833415020,world,cf231_leg,-2.688969612121582,-1.8520716428756714,0.9430177211761475
1773048995,833511190,world,cf231,-2.696406602859497,-1.8472511768341064,0.9576317071914673
1773048995,833511190,world,cf231_leg,-2.6888926029205322,-1.8518956899642944,0.9430729150772095
1773048995,833607199,world,cf231,-2.6963753700256348,-1.8471168279647827,0.9577196836471558
1773048995,833607199,world,cf231_leg,-2.688829183578491,-1.851855993270874,0.9432535171508789
1773048995,833703182,world,cf231,-2.696347713470459,-1.846895456314087,0.9578720331192017
1773048995,833703182,world,cf231_leg,-2.6888411045074463,-1.8517382144927979,0.9433114528656006
1773048995,833799166,world,cf231,-2.696352243423462,-1.8467059135437012,0.9579935073852539
1773048995,833799166,world,cf231_leg,-2.68874192237854,-1.8516089916229248,0.9433726072311401
1773048995,833894909,world,cf231,-2.696253776550293,-1.8465033769607544,0.9582101106643677
1773048995,833894909,world,cf231_leg,-2.6887102127075195,-1.8515851497650146,0.9434413909912109
1773048995,833998455,world,cf231,-2.6962013244628906,-1.846299648284912,0.958288311958313
1773048995,833998455,world,cf231_leg,-2.6886110305786133,-1.8514536619186401,0.9434871673583984
1773048995,834101101,world,cf231,-2.6960690021514893,-1.8459900617599487,0.9582722187042236
1773048995,834101101,world,cf231_leg,-2.6885695457458496,-1.8513617515563965,0.9436333179473877
1773048995,834197807,world,cf231,-2.695969343185425,-1.845856785774231,0.9583147764205933
1773048995,834197807,world,cf231_leg,-2.688481569290161,-1.8512310981750488,0.9437780380249023
1773048995,834293223,world,cf231,-2.696007490158081,-1.845714807510376,0.958412766456604
1773048995,834293223,world,cf231_leg,-2.6884515285491943,-1.851056694984436,0.9436863660812378
1773048995,834388495,world,cf231,-2.6959874629974365,-1.8455426692962646,0.9584603309631348
1773048995,834388495,world,cf231_leg,-2.6882762908935547,-1.8508567810058594,0.9437499046325684
1773048995,834484996,world,cf231,-2.695775032043457,-1.8452715873718262,0.958439826965332
1773048995,834484996,world,cf231_leg,-2.688197612762451,-1.8507887125015259,0.9437886476516724
1773048995,834580408,world,cf231,-2.695755958557129,-1.845127820968628,0.958566427230835
1773048995,834580408,world,cf231_leg,-2.6881299018859863,-1.8506803512573242,0.9437675476074219
1773048995,834676257,world,cf231,-2.695657730102539,-1.8448419570922852,0.9584617614746094
1773048995,834676257,world,cf231_leg,-2.6879637241363525,-1.8505477905273438,0.9437553882598877
1773048995,908114450,world,cf231,-2.6955244541168213,-1.8446484804153442,0.9584571123123169
1773048995,908114450,world,cf231_leg,-2.6878738403320312,-1.8503745794296265,0.9437453746795654
1773048995,908798489,world,cf231,-2.6954238414764404,-1.8445143699645996,0.9585014581680298
1773048995,908798489,world,cf231_leg,-2.6877963542938232,-1.8503507375717163,0.9439563751220703
1773048995,908921641,world,cf231,-2.695323944091797,-1.8443779945373535,0.9585260152816772
1773048995,908921641,world,cf231_leg,-2.6877830028533936,-1.8503625392913818,0.9439537525177002
1773048995,908999926,world,cf231,-2.6950769424438477,-1.8441660404205322,0.958486795425415
1773048995,908999926,world,cf231_leg,-2.687690258026123,-1.8500295877456665,0.9440019130706787
1773048995,909098748,world,cf231,-2.6950340270996094,-1.8440370559692383,0.9585204124450684
1773048995,909098748,world,cf231_leg,-2.687580108642578,-1.8500570058822632,0.9441486597061157
1773048995,909201201,world,cf231,-2.6949565410614014,-1.8438568115234375,0.9585608243942261
1773048995,909201201,world,cf231_leg,-2.687537431716919,-1.849928379058838,0.9441678524017334
1773048995,909307293,world,cf231,-2.694844961166382,-1.8437262773513794,0.958530068397522
1773048995,909307293,world,cf231_leg,-2.687450408935547,-1.849747657775879,0.944090723991394
1773048995,909405258,world,cf231,-2.694584369659424,-1.8435252904891968,0.9584740400314331
1773048995,909405258,world,cf231_leg,-2.6873199939727783,-1.8497068881988525,0.9442130327224731
1773048995,909502131,world,cf231,-2.6945319175720215,-1.8434691429138184,0.9586610794067383
1773048995,909502131,world,cf231_leg,-2.687265157699585,-1.8495861291885376,0.9441964626312256
1773048995,909598076,world,cf231,-2.6942923069000244,-1.8433396816253662,0.9586341381072998
1773048995,909598076,world,cf231_leg,-2.6871235370635986,-1.8494375944137573,0.9442558288574219
1773048995,909694646,world,cf231,-2.694157600402832,-1.843148112297058,0.9586501121520996
1773048995,909694646,world,cf231_leg,-2.6868574619293213,-1.8491344451904297,0.9441463947296143
1773048995,909790806,world,cf231,-2.6940677165985107,-1.8431206941604614,0.9587451219558716
1773048995,909790806,world,cf231_leg,-2.6868698596954346,-1.8491264581680298,0.944182276725769
1773048995,909886344,world,cf231,-2.693988800048828,-1.8430498838424683,0.9587630033493042
1773048995,909886344,world,cf231_leg,-2.686760902404785,-1.8489242792129517,0.9442908763885498
1773048995,909985422,world,cf231,-2.69380784034729,-1.842954158782959,0.9588038921356201
1773048995,909985422,world,cf231_leg,-2.686683177947998,-1.8488521575927734,0.9442967176437378
1773048995,910082479,world,cf231,-2.6937294006347656,-1.8429241180419922,0.9589718580245972
1773048995,910082479,world,cf231_leg,-2.6864962577819824,-1.8486533164978027,0.944277286529541
1773048995,910178229,world,cf231,-2.6935229301452637,-1.8428142070770264,0.9588421583175659
1773048995,910178229,world,cf231_leg,-2.686363935470581,-1.8485796451568604,0.9443056583404541
1773048995,910273067,world,cf231,-2.6934545040130615,-1.8428531885147095,0.9589284658432007
1773048995,910273067,world,cf231_leg,-2.686274290084839,-1.848404049873352,0.9442802667617798
1773048995,910367606,world,cf231,-2.6932642459869385,-1.8426856994628906,0.9590319395065308
1773048995,910367606,world,cf231_leg,-2.6862518787384033,-1.8483409881591797,0.9443080425262451
1773048995,910465953,world,cf231,-2.693183422088623,-1.842729926109314,0.9590646028518677
1773048995,910465953,world,cf231_leg,-2.6860764026641846,-1.8482452630996704,0.9443215131759644
1773048995,910560196,world,cf231,-2.692944049835205,-1.8425915241241455,0.9589836597442627
1773048995,910560196,world,cf231_leg,-2.685976982116699,-1.8481131792068481,0.9443686008453369
1773048995,910654374,world,cf231,-2.6928799152374268,-1.8425816297531128,0.959266185760498
1773048995,910654374,world,cf231_leg,-2.6859333515167236,-1.8481028079986572,0.9444295167922974
1773048995,910749128,world,cf231,-2.6927311420440674,-1.8425047397613525,0.9592059850692749
1773048995,910749128,world,cf231_leg,-2.685743570327759,-1.8479821681976318,0.9443120956420898
1773048995,910843450,world,cf231,-2.6927406787872314,-1.8425863981246948,0.9591946601867676
1773048995,910843450,world,cf231_leg,-2.6856911182403564,-1.8478971719741821,0.9444030523300171
1773048995,910937737,world,cf231,-2.692528247833252,-1.8423556089401245,0.9593245983123779
1773048995,910937737,world,cf231_leg,-2.6854896545410156,-1.8477089405059814,0.944383978843689
1773048995,910998787,world,cf231,-2.692448377609253,-1.8423943519592285,0.9593195915222168
1773048995,910998787,world,cf231_leg,-2.685519218444824,-1.8476427793502808,0.9446178674697876
1773048995,911095504,world,cf231,-2.6922428607940674,-1.8423258066177368,0.9593384265899658
1773048995,911095504,world,cf231_leg,-2.6853601932525635,-1.8475549221038818,0.9444940090179443
1773048995,911759323,world,cf231,-2.6921067237854004,-1.8422532081604004,0.9593842029571533
1773048995,911759323,world,cf231_leg,-2.6851468086242676,-1.8474795818328857,0.9443873167037964
1773048995,917808361,world,cf231,-2.6920278072357178,-1.8421790599822998,0.9593850374221802
1773048995,917808361,world,cf231_leg,-2.685035228729248,-1.847360610961914,0.9444276094436646
1773048995,922027967,world,cf231,-2.6919589042663574,-1.842177391052246,0.959321141242981
1773048995,922027967,world,cf231_leg,-2.6849172115325928,-1.8473069667816162,0.9445562362670898
1773048995,927126790,world,cf231,-2.691833972930908,-1.842117190361023,0.9595297574996948
1773048995,927126790,world,cf231_leg,-2.6848208904266357,-1.8472039699554443,0.944664478302002
1773048995,932003559,world,cf231,-2.691663980484009,-1.841981053352356,0.9595106840133667
1773048995,932003559,world,cf231_leg,-2.684673309326172,-1.8472189903259277,0.9445738792419434
1773048995,954972290,world,cf231,-2.6915283203125,-1.8418991565704346,0.959503173828125
1773048995,954972290,world,cf231_leg,-2.684486150741577,-1.847098469734192,0.944433331489563
1773048995,955821524,world,cf231,-2.6914634704589844,-1.8417071104049683,0.9595624208450317
1773048995,955821524,world,cf231_leg,-2.6844184398651123,-1.8470208644866943,0.9445126056671143
1773048995,955962969,world,cf231,-2.691406488418579,-1.8416961431503296,0.9595366716384888
1773048995,955962969,world,cf231_leg,-2.6843185424804688,-1.846939206123352,0.9447798728942871
1773048995,956077802,world,cf231,-2.6912600994110107,-1.8415106534957886,0.959496259689331
1773048995,956077802,world,cf231_leg,-2.6841204166412354,-1.8469250202178955,0.9445044994354248
1773048995,957774305,world,cf231,-2.691168785095215,-1.8414578437805176,0.9595301151275635
1773048995,957774305,world,cf231_leg,-2.6840245723724365,-1.8468222618103027,0.9446117877960205
1773048995,961963560,world,cf231,-2.691056251525879,-1.8413236141204834,0.9594830274581909
1773048995,961963560,world,cf231_leg,-2.683871269226074,-1.8467373847961426,0.9446468353271484
1773048995,966941791,world,cf231,-2.6909897327423096,-1.8412437438964844,0.9595383405685425
1773048995,966941791,world,cf231_leg,-2.68379545211792,-1.846819281578064,0.9448031187057495
1773048995,972032877,world,cf231,-2.6909914016723633,-1.8411314487457275,0.9595421552658081
1773048995,972032877,world,cf231_leg,-2.6836185455322266,-1.8467271327972412,0.944849967956543
1773048995,978674650,world,cf231,-2.6910176277160645,-1.8409982919692993,0.9596030712127686
1773048995,978674650,world,cf231_leg,-2.68349552154541,-1.8466095924377441,0.9448063373565674
1773048995,982041301,world,cf231,-2.690812110900879,-1.840920329093933,0.9595686197280884
1773048995,982041301,world,cf231_leg,-2.6833155155181885,-1.8466004133224487,0.9447857141494751
1773048995,987734494,world,cf231,-2.6906893253326416,-1.8406823873519897,0.959488034248352
1773048995,987734494,world,cf231_leg,-2.683171033859253,-1.8465275764465332,0.9447325468063354
1773048995,991938894,world,cf231,-2.6905100345611572,-1.8404649496078491,0.9594790935516357
1773048995,991938894,world,cf231_leg,-2.6831488609313965,-1.8464699983596802,0.944788932800293
1773048995,997117363,world,cf231,-2.690521478652954,-1.8404308557510376,0.9594546556472778
1773048995,997117363,world,cf231_leg,-2.6828832626342773,-1.8464241027832031,0.9447818994522095
1773048996,2113598,world,cf231,-2.690365791320801,-1.8401707410812378,0.9594582319259644
1773048996,2113598,world,cf231_leg,-2.6828465461730957,-1.8464864492416382,0.9448186159133911
1773048996,7791789,world,cf231,-2.6902759075164795,-1.8401403427124023,0.9595353603363037
1773048996,7791789,world,cf231_leg,-2.682636022567749,-1.8463020324707031,0.9447082281112671
1773048996,12016700,world,cf231,-2.6901633739471436,-1.8400088548660278,0.9595061540603638
1773048996,12016700,world,cf231_leg,-2.6824581623077393,-1.8463257551193237,0.944782018661499
1773048996,17705379,world,cf231,-2.690016269683838,-1.8399710655212402,0.9595743417739868
1773048996,17705379,world,cf231_leg,-2.6823883056640625,-1.8463324308395386,0.9447900056838989
1773048996,21885762,world,cf231,-2.6899380683898926,-1.8397493362426758,0.959465503692627
1773048996,21885762,world,cf231_leg,-2.6821794509887695,-1.846185326576233,0.944805383682251
1773048996,27796652,world,cf231,-2.689814567565918,-1.839661955833435,0.9595123529434204
1773048996,27796652,world,cf231_leg,-2.681978702545166,-1.8461048603057861,0.9447481632232666
1773048996,31988042,world,cf231,-2.6895647048950195,-1.8395617008209229,0.9594701528549194
1773048996,31988042,world,cf231_leg,-2.6818675994873047,-1.84609854221344,0.9447802305221558
1773048996,36933382,world,cf231,-2.68934965133667,-1.8394149541854858,0.9595159292221069
1773048996,36933382,world,cf231_leg,-2.681788682937622,-1.8461391925811768,0.9448002576828003
1773048996,42164243,world,cf231,-2.6891555786132812,-1.8392934799194336,0.9594036340713501
1773048996,42164243,world,cf231_leg,-2.681544780731201,-1.8460514545440674,0.9448165893554688
1773048996,47202577,world,cf231,-2.689019203186035,-1.8392143249511719,0.9594144821166992
1773048996,47202577,world,cf231_leg,-2.681412935256958,-1.846085548400879,0.9448072910308838
1773048996,51952265,world,cf231,-2.688974142074585,-1.8391976356506348,0.9594442844390869
1773048996,51952265,world,cf231_leg,-2.6812455654144287,-1.845954179763794,0.9448121786117554
1773048996,57580823,world,cf231,-2.6888720989227295,-1.8391762971878052,0.9594831466674805
1773048996,57580823,world,cf231_leg,-2.6810576915740967,-1.845985770225525,0.9448280334472656
1773048996,62688044,world,cf231,-2.6885979175567627,-1.8389891386032104,0.9594268798828125
1773048996,62688044,world,cf231_leg,-2.6808979511260986,-1.8459280729293823,0.9448064565658569
1773048996,66891037,world,cf231,-2.6883926391601562,-1.838908076286316,0.9593740701675415
1773048996,66891037,world,cf231_leg,-2.680649757385254,-1.8459147214889526,0.9447143077850342
1773048996,71997881,world,cf231,-2.6882083415985107,-1.8388961553573608,0.9593316316604614
1773048996,71997881,world,cf231_leg,-2.6805403232574463,-1.845937967300415,0.9448291063308716
1773048996,76757107,world,cf231,-2.6881515979766846,-1.838925838470459,0.9594570398330688
1773048996,76757107,world,cf231_leg,-2.680417537689209,-1.8459302186965942,0.9447637796401978
1773048996,81904940,world,cf231,-2.6878769397735596,-1.838842749595642,0.9593405723571777
1773048996,81904940,world,cf231_leg,-2.680305242538452,-1.8460724353790283,0.9449412822723389
1773048996,86952640,world,cf231,-2.6876590251922607,-1.838773488998413,0.9592688083648682
1773048996,86952640,world,cf231_leg,-2.6801817417144775,-1.845954418182373,0.9448988437652588
1773048996,91851817,world,cf231,-2.6874051094055176,-1.838802456855774,0.9593335390090942
1773048996,91851817,world,cf231_leg,-2.6800146102905273,-1.846047043800354,0.9448930025100708
1773048996,96901327,world,cf231,-2.6870973110198975,-1.8387000560760498,0.9593195915222168
1773048996,96901327,world,cf231_leg,-2.6797914505004883,-1.8459088802337646,0.9448916912078857
1773048996,101963300,world,cf231,-2.68699312210083,-1.8387972116470337,0.9593909978866577
1773048996,101963300,world,cf231_leg,-2.6796681880950928,-1.8460147380828857,0.9448386430740356
1773048996,107037867,world,cf231,-2.6868443489074707,-1.8388279676437378,0.9592866897583008
1773048996,107037867,world,cf231_leg,-2.6794779300689697,-1.8460439443588257,0.9448617696762085
1773048996,111925529,world,cf231,-2.6866137981414795,-1.83881413936615,0.9593645334243774
1773048996,111925529,world,cf231_leg,-2.679333448410034,-1.84597647190094,0.9448367357254028
1773048996,117557018,world,cf231,-2.6863038539886475,-1.8388267755508423,0.9593660831451416
1773048996,117557018,world,cf231_leg,-2.679165840148926,-1.8459546566009521,0.9448213577270508
1773048996,122707684,world,cf231,-2.686028003692627,-1.8388972282409668,0.9593960046768188
1773048996,122707684,world,cf231_leg,-2.6789767742156982,-1.845984935760498,0.9448412656784058
1773048996,126997711,world,cf231,-2.685636281967163,-1.8389196395874023,0.9593150615692139
1773048996,126997711,world,cf231_leg,-2.6789662837982178,-1.8461421728134155,0.9449260234832764
1773048996,132510233,world,cf231,-2.68548846244812,-1.838881015777588,0.9593853950500488
1773048996,132510233,world,cf231_leg,-2.6786978244781494,-1.8460631370544434,0.9448251724243164
1773048996,138032037,world,cf231,-2.6852431297302246,-1.838947057723999,0.9592729806900024
1773048996,138032037,world,cf231_leg,-2.6785736083984375,-1.8461730480194092,0.9448044300079346
1773048996,142051533,world,cf231,-2.684990167617798,-1.8389614820480347,0.9592468738555908
1773048996,142051533,world,cf231_leg,-2.6784844398498535,-1.846259593963623,0.9449130296707153
1773048996,146890213,world,cf231,-2.6847352981567383,-1.8391035795211792,0.9593064785003662
1773048996,146890213,world,cf231_leg,-2.678340196609497,-1.8461849689483643,0.9448424577713013
1773048996,151989206,world,cf231,-2.684537172317505,-1.8392096757888794,0.9592056274414062
1773048996,151989206,world,cf231_leg,-2.6781396865844727,-1.8462238311767578,0.94482421875
1773048996,157016040,world,cf231,-2.6842477321624756,-1.8392605781555176,0.9591186046600342
1773048996,157016040,world,cf231_leg,-2.678006410598755,-1.846256971359253,0.9448180198669434
1773048996,162100505,world,cf231,-2.6840860843658447,-1.8393433094024658,0.9591479301452637
1773048996,162100505,world,cf231_leg,-2.6777143478393555,-1.8461947441101074,0.9446418285369873
1773048996,167026728,world,cf231,-2.683830976486206,-1.839478850364685,0.9591729640960693
1773048996,167026728,world,cf231_leg,-2.677570343017578,-1.8463892936706543,0.9447528123855591
1773048996,172038775,world,cf231,-2.6835429668426514,-1.8395581245422363,0.9591661691665649
1773048996,172038775,world,cf231_leg,-2.677480936050415,-1.8463258743286133,0.9447201490402222
1773048996,177197651,world,cf231,-2.6832997798919678,-1.8396573066711426,0.9591467380523682
1773048996,177197651,world,cf231_leg,-2.677152156829834,-1.8463214635849,0.9445500373840332
1773048996,181776380,world,cf231,-2.6829984188079834,-1.8397350311279297,0.9590522050857544
1773048996,181776380,world,cf231_leg,-2.6770970821380615,-1.8464266061782837,0.9445385932922363
1773048996,186924493,world,cf231,-2.6826295852661133,-1.839711308479309,0.9589667320251465
1773048996,186924493,world,cf231_leg,-2.6768605709075928,-1.8464123010635376,0.9445288181304932
1773048996,191902568,world,cf231,-2.6824800968170166,-1.8399052619934082,0.9590616226196289
1773048996,191902568,world,cf231_leg,-2.6766574382781982,-1.8464107513427734,0.9443714618682861
1773048996,197655851,world,cf231,-2.68208646774292,-1.839889407157898,0.9588495492935181
1773048996,197655851,world,cf231_leg,-2.67655873298645,-1.8465033769607544,0.9444049596786499
1773048996,201897977,world,cf231,-2.6817407608032227,-1.8399735689163208,0.9589049816131592
1773048996,201897977,world,cf231_leg,-2.676433563232422,-1.8466099500656128,0.9443726539611816
1773048996,206945345,world,cf231,-2.681704521179199,-1.840175747871399,0.9589836597442627
1773048996,206945345,world,cf231_leg,-2.6762330532073975,-1.8465325832366943,0.9443279504776001
1773048996,212651270,world,cf231,-2.6814613342285156,-1.8402591943740845,0.9588769674301147
1773048996,212651270,world,cf231_leg,-2.6760382652282715,-1.8466129302978516,0.9441863298416138
1773048996,216807053,world,cf231,-2.6812856197357178,-1.8404419422149658,0.9588183164596558
1773048996,216807053,world,cf231_leg,-2.675985336303711,-1.8467483520507812,0.9442548751831055
1773048996,222754903,world,cf231,-2.681170701980591,-1.8405735492706299,0.9589138031005859
1773048996,222754903,world,cf231_leg,-2.675793170928955,-1.8467402458190918,0.9441522359848022
1773048996,226854461,world,cf231,-2.680972099304199,-1.8406956195831299,0.9589006900787354
1773048996,226854461,world,cf231_leg,-2.6756372451782227,-1.846793532371521,0.9440832138061523
1773048996,232692441,world,cf231,-2.6806602478027344,-1.8407776355743408,0.9587292671203613
1773048996,232692441,world,cf231_leg,-2.675466299057007,-1.8469711542129517,0.9440269470214844
1773048996,236918624,world,cf231,-2.680389642715454,-1.8409724235534668,0.9585167169570923
1773048996,236918624,world,cf231_leg,-2.675355911254883,-1.8470698595046997,0.9440082311630249
1773048996,241834077,world,cf231,-2.6802501678466797,-1.8409806489944458,0.9584616422653198
1773048996,241834077,world,cf231_leg,-2.6752870082855225,-1.8470723628997803,0.9439840316772461
1773048996,246882369,world,cf231,-2.6799936294555664,-1.8411921262741089,0.9583477973937988
1773048996,246882369,world,cf231_leg,-2.675074338912964,-1.8471150398254395,0.9438977241516113
1773048996,251907141,world,cf231,-2.679680109024048,-1.8412823677062988,0.9582325220108032
1773048996,251907141,world,cf231_leg,-2.67497181892395,-1.8472899198532104,0.9438668489456177
1773048996,257060146,world,cf231,-2.6793453693389893,-1.8413132429122925,0.9581584930419922
1773048996,257060146,world,cf231_leg,-2.6748156547546387,-1.8472235202789307,0.9437592029571533
1773048996,261941824,world,cf231,-2.6791446208953857,-1.8415069580078125,0.9579917192459106
1773048996,261941824,world,cf231_leg,-2.674623489379883,-1.847334861755371,0.9436959028244019
1773048996,266793776,world,cf231,-2.6790735721588135,-1.8416205644607544,0.9579427242279053
1773048996,266793776,world,cf231_leg,-2.674588680267334,-1.847508430480957,0.943708062171936
1773048996,271807156,world,cf231,-2.67893385887146,-1.8417667150497437,0.9579463005065918
1773048996,271807156,world,cf231_leg,-2.674556016921997,-1.8475621938705444,0.9436590671539307
1773048996,277688651,world,cf231,-2.678678035736084,-1.8418713808059692,0.9578732252120972
1773048996,277688651,world,cf231_leg,-2.6742875576019287,-1.8474860191345215,0.9435716867446899
1773048996,281851401,world,cf231,-2.6784796714782715,-1.8419779539108276,0.957771897315979
1773048996,281851401,world,cf231_leg,-2.67419695854187,-1.8477641344070435,0.9435744285583496
1773048996,287072630,world,cf231,-2.678363561630249,-1.84208083152771,0.9577887058258057
1773048996,287072630,world,cf231_leg,-2.6740622520446777,-1.8477623462677002,0.9434568881988525
1773048996,292089925,world,cf231,-2.6782567501068115,-1.8422496318817139,0.9577068090438843
1773048996,292089925,world,cf231_leg,-2.6739704608917236,-1.847815752029419,0.9434716701507568
1773048996,297694479,world,cf231,-2.678081750869751,-1.8423067331314087,0.9575836658477783
1773048996,297694479,world,cf231_leg,-2.6739425659179688,-1.8480238914489746,0.9433138370513916
1773048996,302230933,world,cf231,-2.678011655807495,-1.8424612283706665,0.9576855897903442
1773048996,302230933,world,cf231_leg,-2.673936367034912,-1.8480993509292603,0.943462610244751
1773048996,307106056,world,cf231,-2.677870988845825,-1.8425664901733398,0.957538366317749
1773048996,307106056,world,cf231_leg,-2.6737074851989746,-1.8481154441833496,0.9432506561279297
1773048996,313024780,world,cf231,-2.6778225898742676,-1.8427867889404297,0.9576339721679688
1773048996,313024780,world,cf231_leg,-2.67368483543396,-1.848278284072876,0.9432849884033203
1773048996,316995841,world,cf231,-2.6776833534240723,-1.8427826166152954,0.9575080871582031
1773048996,316995841,world,cf231_leg,-2.673494577407837,-1.8482698202133179,0.9431606531143188
1773048996,322750356,world,cf231,-2.67758846282959,-1.8429481983184814,0.957500696182251
1773048996,322750356,world,cf231_leg,-2.6734373569488525,-1.8483779430389404,0.9431854486465454
1773048996,327129575,world,cf231,-2.677403450012207,-1.8428617715835571,0.9571115970611572
1773048996,327129575,world,cf231_leg,-2.673335075378418,-1.8484361171722412,0.9431290626525879
1773048996,331944850,world,cf231,-2.6772637367248535,-1.8430484533309937,0.9573448896408081
1773048996,331944850,world,cf231_leg,-2.673189640045166,-1.8484797477722168,0.9431017637252808
1773048996,336881857,world,cf231,-2.677065849304199,-1.8431179523468018,0.9570311307907104
1773048996,336881857,world,cf231_leg,-2.673189163208008,-1.8485957384109497,0.9431297779083252
1773048996,341920010,world,cf231,-2.6769137382507324,-1.8430112600326538,0.956894040107727
1773048996,341920010,world,cf231_leg,-2.673105478286743,-1.8486827611923218,0.9429551362991333
1773048996,346863827,world,cf231,-2.6769697666168213,-1.8432708978652954,0.9570318460464478
1773048996,346863827,world,cf231_leg,-2.6730408668518066,-1.8487128019332886,0.9429748058319092
1773048996,352200647,world,cf231,-2.6769323348999023,-1.8434256315231323,0.9569264650344849
1773048996,352200647,world,cf231_leg,-2.673031806945801,-1.8488662242889404,0.943027138710022
1773048996,357030020,world,cf231,-2.6767823696136475,-1.8435792922973633,0.9568699598312378
1773048996,357030020,world,cf231_leg,-2.6729907989501953,-1.8489725589752197,0.9428541660308838
1773048996,361978339,world,cf231,-2.6765146255493164,-1.8435617685317993,0.9567345380783081
1773048996,361978339,world,cf231_leg,-2.6728897094726562,-1.8489129543304443,0.9427529573440552
1773048996,367738825,world,cf231,-2.6764204502105713,-1.8436757326126099,0.9565014839172363
1773048996,367738825,world,cf231_leg,-2.672846555709839,-1.8491262197494507,0.942805290222168
1773048996,371900317,world,cf231,-2.676372766494751,-1.8437434434890747,0.9564471244812012
1773048996,371900317,world,cf231_leg,-2.672797918319702,-1.849153995513916,0.9426285028457642
1773048996,376810680,world,cf231,-2.6763594150543213,-1.8438620567321777,0.956387996673584
1773048996,376810680,world,cf231_leg,-2.672752618789673,-1.8492133617401123,0.9425288438796997
1773048996,381777624,world,cf231,-2.676297664642334,-1.8440505266189575,0.9562950134277344
1773048996,381777624,world,cf231_leg,-2.6726176738739014,-1.8493256568908691,0.9424227476119995
1773048996,387010172,world,cf231,-2.6762266159057617,-1.844173550605774,0.9562990665435791
1773048996,387010172,world,cf231_leg,-2.6726481914520264,-1.8494598865509033,0.9423537254333496
1773048996,392142545,world,cf231,-2.676142930984497,-1.844265341758728,0.9561132192611694
1773048996,392142545,world,cf231_leg,-2.672593832015991,-1.8494493961334229,0.9423137903213501
1773048996,397784310,world,cf231,-2.6761527061462402,-1.8443772792816162,0.9562035799026489
1773048996,397784310,world,cf231_leg,-2.6725258827209473,-1.8495620489120483,0.9422680139541626
1773048996,401915055,world,cf231,-2.676114797592163,-1.844510793685913,0.9560513496398926
1773048996,401915055,world,cf231_leg,-2.67252516746521,-1.8496754169464111,0.9422814846038818
1773048996,407805981,world,cf231,-2.676136016845703,-1.8446934223175049,0.9560558795928955
1773048996,407805981,world,cf231_leg,-2.6724677085876465,-1.849633812904358,0.9421635866165161
1773048996,412026610,world,cf231,-2.676008701324463,-1.8446803092956543,0.9559680223464966
1773048996,412026610,world,cf231_leg,-2.672410726547241,-1.8497041463851929,0.9420404434204102
1773048996,417038472,world,cf231,-2.6760523319244385,-1.844815731048584,0.9559707641601562
1773048996,417038472,world,cf231_leg,-2.6724298000335693,-1.84988534450531,0.9420796632766724
1773048996,421873546,world,cf231,-2.676004648208618,-1.8448799848556519,0.9558995962142944
1773048996,421873546,world,cf231_leg,-2.67238450050354,-1.8499469757080078,0.9419952630996704
1773048996,426933753,world,cf231,-2.6761651039123535,-1.8450572490692139,0.9559777975082397
1773048996,426933753,world,cf231_leg,-2.67236065864563,-1.8499566316604614,0.9418751001358032
1773048996,431961666,world,cf231,-2.6760916709899902,-1.8451476097106934,0.9558881521224976
1773048996,431961666,world,cf231_leg,-2.672306537628174,-1.8500624895095825,0.9418613910675049
1773048996,436903049,world,cf231,-2.676034450531006,-1.8451368808746338,0.9558618068695068
1773048996,436903049,world,cf231_leg,-2.672305107116699,-1.850063681602478,0.9418802261352539
1773048996,441920022,world,cf231,-2.6760454177856445,-1.8452404737472534,0.955896258354187
1773048996,441920022,world,cf231_leg,-2.672269344329834,-1.8500841856002808,0.9417380094528198
1773048996,446800267,world,cf231,-2.676123857498169,-1.8454245328903198,0.9558738470077515
1773048996,446800267,world,cf231_leg,-2.672290802001953,-1.85015070438385,0.9417448043823242
1773048996,452002610,world,cf231,-2.676224946975708,-1.8455586433410645,0.9558308124542236
1773048996,452002610,world,cf231_leg,-2.6723132133483887,-1.8502088785171509,0.9416875839233398
1773048996,457774514,world,cf231,-2.6763837337493896,-1.845854640007019,0.9559410810470581
1773048996,457774514,world,cf231_leg,-2.6723008155822754,-1.8502166271209717,0.9416520595550537
1773048996,461925266,world,cf231,-2.676279306411743,-1.845800757408142,0.955885648727417
1773048996,461925266,world,cf231_leg,-2.672278881072998,-1.8502256870269775,0.9415110349655151
1773048996,467599895,world,cf231,-2.676255464553833,-1.8458160161972046,0.9557913541793823
1773048996,467599895,world,cf231_leg,-2.6722776889801025,-1.8503410816192627,0.9415409564971924
1773048996,472685258,world,cf231,-2.6763811111450195,-1.8459386825561523,0.9558584690093994
1773048996,472685258,world,cf231_leg,-2.672376871109009,-1.8505275249481201,0.941748857498169
1773048996,477020628,world,cf231,-2.6764159202575684,-1.8459903001785278,0.9558511972427368
1773048996,477020628,world,cf231_leg,-2.6723296642303467,-1.8504807949066162,0.9417035579681396
1773048996,482002422,world,cf231,-2.6765389442443848,-1.84607994556427,0.9558248519897461
1773048996,482002422,world,cf231_leg,-2.6722755432128906,-1.8504201173782349,0.9414414167404175
1773048996,487858936,world,cf231,-2.676628589630127,-1.84626042842865,0.9558781385421753
1773048996,487858936,world,cf231_leg,-2.672307252883911,-1.8505555391311646,0.9413690567016602
1773048996,491877800,world,cf231,-2.676708698272705,-1.8463319540023804,0.955858588218689
1773048996,491877800,world,cf231_leg,-2.6722733974456787,-1.8506132364273071,0.9413529634475708
1773048996,496808509,world,cf231,-2.6767077445983887,-1.8462976217269897,0.9557424783706665
1773048996,496808509,world,cf231_leg,-2.6723244190216064,-1.8506404161453247,0.9415227174758911
1773048996,501875340,world,cf231,-2.676832914352417,-1.8464226722717285,0.9558287858963013
1773048996,501875340,world,cf231_leg,-2.672330379486084,-1.8506141901016235,0.9413096904754639
1773048996,507273302,world,cf231,-2.6770267486572266,-1.8465094566345215,0.9558264017105103
1773048996,507273302,world,cf231_leg,-2.672377109527588,-1.8506629467010498,0.9413716793060303
1773048996,512492826,world,cf231,-2.6771185398101807,-1.8465715646743774,0.955845832824707
1773048996,512492826,world,cf231_leg,-2.6724917888641357,-1.8507734537124634,0.9415349960327148
1773048996,517341884,world,cf231,-2.677232027053833,-1.8467029333114624,0.9558755159378052
1773048996,517341884,world,cf231_leg,-2.672454833984375,-1.850734829902649,0.9413667917251587
1773048996,521967394,world,cf231,-2.677356243133545,-1.8467936515808105,0.9558457136154175
1773048996,521967394,world,cf231_leg,-2.6724627017974854,-1.8508086204528809,0.9413403272628784
1773048996,527712887,world,cf231,-2.6774489879608154,-1.8467400074005127,0.9558514356613159
1773048996,527712887,world,cf231_leg,-2.6726160049438477,-1.85100519657135,0.9415895938873291
1773048996,531938426,world,cf231,-2.677515983581543,-1.846826195716858,0.9558314085006714
1773048996,531938426,world,cf231_leg,-2.672530174255371,-1.850766658782959,0.9412217140197754
1773048996,537030034,world,cf231,-2.6776769161224365,-1.8468838930130005,0.9558789730072021
1773048996,537030034,world,cf231_leg,-2.6726434230804443,-1.8509321212768555,0.9413707256317139
1773048996,542012160,world,cf231,-2.6778953075408936,-1.84695565700531,0.9559696912765503
1773048996,542012160,world,cf231_leg,-2.672677993774414,-1.8509889841079712,0.9413962364196777
1773048996,547360521,world,cf231,-2.6778724193573,-1.8468611240386963,0.9558974504470825
1773048996,547360521,world,cf231_leg,-2.6727054119110107,-1.8510688543319702,0.9416217803955078
1773048996,552778008,world,cf231,-2.67815899848938,-1.8470412492752075,0.9560121297836304
1773048996,552778008,world,cf231_leg,-2.6726646423339844,-1.8509986400604248,0.9413775205612183
1773048996,556981021,world,cf231,-2.678283452987671,-1.8471323251724243,0.9559816122055054
1773048996,556981021,world,cf231_leg,-2.672844171524048,-1.8511282205581665,0.9414570331573486
1773048996,561897926,world,cf231,-2.678410291671753,-1.847142219543457,0.9560521841049194
1773048996,561897926,world,cf231_leg,-2.672790050506592,-1.8509986400604248,0.9413759708404541
1773048996,567681285,world,cf231,-2.678466320037842,-1.8472594022750854,0.9560390710830688
1773048996,567681285,world,cf231_leg,-2.672873020172119,-1.8510879278182983,0.9416224956512451
1773048996,572048214,world,cf231,-2.678616523742676,-1.8472168445587158,0.9560695886611938
1773048996,572048214,world,cf231_leg,-2.6728696823120117,-1.8511083126068115,0.9414962530136108
1773048996,576877557,world,cf231,-2.678765296936035,-1.8472899198532104,0.9561142921447754
1773048996,576877557,world,cf231_leg,-2.672929048538208,-1.85109281539917,0.9416118860244751
1773048996,581836635,world,cf231,-2.678927421569824,-1.847234845161438,0.9561655521392822
1773048996,581836635,world,cf231_leg,-2.672959804534912,-1.851058006286621,0.941516637802124
1773048996,587775485,world,cf231,-2.6791093349456787,-1.8473340272903442,0.9561423063278198
1773048996,587775485,world,cf231_leg,-2.672990083694458,-1.8510804176330566,0.941451907157898
1773048996,591859016,world,cf231,-2.679166793823242,-1.8473386764526367,0.9561324119567871
1773048996,591859016,world,cf231_leg,-2.6730356216430664,-1.851130485534668,0.9415322542190552
1773048996,597807587,world,cf231,-2.679271697998047,-1.8472821712493896,0.956210732460022
1773048996,597807587,world,cf231_leg,-2.673107624053955,-1.8511098623275757,0.9416981935501099
1773048996,602017887,world,cf231,-2.6793291568756104,-1.847290277481079,0.9562181234359741
1773048996,602017887,world,cf231_leg,-2.6730799674987793,-1.851027488708496,0.9414578676223755
1773048996,607940748,world,cf231,-2.6795356273651123,-1.8473745584487915,0.9562876224517822
1773048996,607940748,world,cf231_leg,-2.6731905937194824,-1.8511574268341064,0.9414974451065063
1773048996,611950908,world,cf231,-2.6796622276306152,-1.847374677658081,0.956305980682373
1773048996,611950908,world,cf231_leg,-2.673224449157715,-1.8509880304336548,0.9415174722671509
1773048996,617656517,world,cf231,-2.6797890663146973,-1.8473814725875854,0.9563589096069336
1773048996,617656517,world,cf231_leg,-2.673292636871338,-1.851101279258728,0.9415696859359741
1773048996,621991321,world,cf231,-2.679927349090576,-1.8473511934280396,0.9563688039779663
1773048996,621991321,world,cf231_leg,-2.673341989517212,-1.8511340618133545,0.9417897462844849
1773048996,627022174,world,cf231,-2.679962158203125,-1.8472861051559448,0.9563500881195068
1773048996,627022174,world,cf231_leg,-2.673409938812256,-1.8511327505111694,0.9418320655822754
1773048996,632720638,world,cf231,-2.680168628692627,-1.8473705053329468,0.9564193487167358
1773048996,632720638,world,cf231_leg,-2.6733601093292236,-1.8509879112243652,0.9416177272796631
1773048996,637007041,world,cf231,-2.680330753326416,-1.8473154306411743,0.9564707279205322
1773048996,637007041,world,cf231_leg,-2.673381805419922,-1.8509360551834106,0.9415817260742188
1773048996,641933973,world,cf231,-2.6804115772247314,-1.847280502319336,0.9564903974533081
1773048996,641933973,world,cf231_leg,-2.6734371185302734,-1.8509454727172852,0.9416027069091797
1773048996,646998954,world,cf231,-2.680549383163452,-1.847237229347229,0.9564312696456909
1773048996,646998954,world,cf231_leg,-2.6735334396362305,-1.8510246276855469,0.9418686628341675
1773048996,652027430,world,cf231,-2.6806883811950684,-1.847238302230835,0.9565391540527344
1773048996,652027430,world,cf231_leg,-2.673460006713867,-1.850822925567627,0.9417301416397095
1773048996,657050697,world,cf231,-2.6807701587677,-1.8470683097839355,0.9564404487609863
1773048996,657050697,world,cf231_leg,-2.673558473587036,-1.850830078125,0.9418532848358154
1773048996,662713146,world,cf231,-2.680887222290039,-1.8469934463500977,0.9565038681030273
1773048996,662713146,world,cf231_leg,-2.6736364364624023,-1.8508282899856567,0.9419987201690674
1773048996,666997672,world,cf231,-2.6811165809631348,-1.8470408916473389,0.9566216468811035
1773048996,666997672,world,cf231_leg,-2.6737639904022217,-1.8508172035217285,0.9421851634979248
1773048996,671968351,world,cf231,-2.6813011169433594,-1.8470555543899536,0.9566820859909058
1773048996,671968351,world,cf231_leg,-2.673659086227417,-1.8506609201431274,0.9419338703155518
1773048996,677032441,world,cf231,-2.6814048290252686,-1.8469551801681519,0.9565926790237427
1773048996,677032441,world,cf231_leg,-2.673684597015381,-1.8506479263305664,0.9420191049575806
1773048996,683847170,world,cf231,-2.681475877761841,-1.8468512296676636,0.9566940069198608
1773048996,683847170,world,cf231_leg,-2.6736652851104736,-1.8506786823272705,0.9421833753585815
1773048996,686921490,world,cf231,-2.68158221244812,-1.8466635942459106,0.9566696882247925
1773048996,686921490,world,cf231_leg,-2.6737842559814453,-1.850592017173767,0.9421130418777466
1773048996,692191239,world,cf231,-2.6817095279693604,-1.8465170860290527,0.9565753936767578
1773048996,692191239,world,cf231_leg,-2.6737964153289795,-1.8505836725234985,0.942150354385376
1773048996,696866720,world,cf231,-2.681859016418457,-1.8464866876602173,0.9566779136657715
1773048996,696866720,world,cf231_leg,-2.6739275455474854,-1.8507182598114014,0.9424237012863159
1773048996,702015030,world,cf231,-2.681918144226074,-1.8463698625564575,0.9566174745559692
1773048996,702015030,world,cf231_leg,-2.6737618446350098,-1.8504101037979126,0.9420992136001587
1773048996,707603708,world,cf231,-2.681943655014038,-1.8462516069412231,0.9567679166793823
1773048996,707603708,world,cf231_leg,-2.6738407611846924,-1.850518822669983,0.9422222375869751
1773048996,711985261,world,cf231,-2.6819450855255127,-1.8461358547210693,0.9567539691925049
1773048996,711985261,world,cf231_leg,-2.6738970279693604,-1.8505241870880127,0.9422107934951782
1773048996,717683678,world,cf231,-2.682039260864258,-1.845969796180725,0.9567630290985107
1773048996,717683678,world,cf231_leg,-2.673896312713623,-1.8504189252853394,0.9422622919082642
1773048996,721990508,world,cf231,-2.6820406913757324,-1.8458542823791504,0.9567487239837646
1773048996,721990508,world,cf231_leg,-2.673853635787964,-1.8503994941711426,0.9422609806060791
1773048996,727019464,world,cf231,-2.6820425987243652,-1.8457355499267578,0.9567162990570068
1773048996,727019464,world,cf231_leg,-2.6739211082458496,-1.850398063659668,0.9423043727874756
1773048996,731939686,world,cf231,-2.6819419860839844,-1.8455955982208252,0.956723690032959
1773048996,731939686,world,cf231_leg,-2.6739113330841064,-1.850329875946045,0.9423815011978149
1773048996,737012547,world,cf231,-2.6819674968719482,-1.845468282699585,0.9568202495574951
1773048996,737012547,world,cf231_leg,-2.6739110946655273,-1.8503321409225464,0.9423972368240356
1773048996,742071950,world,cf231,-2.6820836067199707,-1.8453713655471802,0.9568396806716919
1773048996,742071950,world,cf231_leg,-2.673877716064453,-1.8502711057662964,0.9423394203186035
1773048996,746941198,world,cf231,-2.68213152885437,-1.8453012704849243,0.9568740129470825
1773048996,746941198,world,cf231_leg,-2.6739916801452637,-1.85032320022583,0.9424747228622437
1773048996,752648675,world,cf231,-2.68205189704895,-1.8450887203216553,0.9568181037902832
1773048996,752648675,world,cf231_leg,-2.6739790439605713,-1.8502144813537598,0.9424136877059937
1773048996,757138746,world,cf231,-2.682190179824829,-1.8449106216430664,0.9573287963867188
1773048996,757138746,world,cf231_leg,-2.673888921737671,-1.8501554727554321,0.9424123764038086
1773048996,762055180,world,cf231,-2.682180881500244,-1.8448327779769897,0.9573556184768677
1773048996,762055180,world,cf231_leg,-2.6739141941070557,-1.8502517938613892,0.9424784183502197
1773048996,766990752,world,cf231,-2.6822521686553955,-1.844719409942627,0.9574037790298462
1773048996,766990752,world,cf231_leg,-2.6740052700042725,-1.8502379655838013,0.9426276683807373
1773048996,771900023,world,cf231,-2.6822762489318848,-1.8445569276809692,0.95738685131073
1773048996,771900023,world,cf231_leg,-2.673980951309204,-1.8501402139663696,0.9425432682037354
1773048996,777810947,world,cf231,-2.6821508407592773,-1.844434380531311,0.9573203325271606
1773048996,777810947,world,cf231_leg,-2.6739373207092285,-1.8501274585723877,0.942589282989502
1773048996,782238397,world,cf231,-2.6821627616882324,-1.844428300857544,0.9573760032653809
1773048996,782238397,world,cf231_leg,-2.6739275455474854,-1.8501684665679932,0.9426476955413818
1773048996,787187550,world,cf231,-2.6821765899658203,-1.8443005084991455,0.9573819637298584
1773048996,787187550,world,cf231_leg,-2.6738955974578857,-1.8499950170516968,0.9425739049911499
1773048996,793135398,world,cf231,-2.6821887493133545,-1.8442946672439575,0.9574375152587891
1773048996,793135398,world,cf231_leg,-2.673902750015259,-1.8500678539276123,0.9425497055053711
1773048996,797205785,world,cf231,-2.6821670532226562,-1.844080924987793,0.9573348760604858
1773048996,797205785,world,cf231_leg,-2.6738121509552,-1.8501273393630981,0.9425911903381348
1773048996,802215552,world,cf231,-2.682121515274048,-1.8440638780593872,0.9573656320571899
1773048996,802215552,world,cf231_leg,-2.673748254776001,-1.8500388860702515,0.9425681829452515
1773048996,807583568,world,cf231,-2.6821343898773193,-1.8440616130828857,0.9574371576309204
1773048996,807583568,world,cf231_leg,-2.673757314682007,-1.8500019311904907,0.942542314529419
1773048996,812253333,world,cf231,-2.6819963455200195,-1.8439477682113647,0.9573335647583008
1773048996,812253333,world,cf231_leg,-2.673657178878784,-1.8499836921691895,0.9426002502441406
1773048996,818015342,world,cf231,-2.68204402923584,-1.843880295753479,0.9573874473571777
1773048996,818015342,world,cf231_leg,-2.6736583709716797,-1.8499751091003418,0.9425368309020996
1773048996,822195968,world,cf231,-2.682021141052246,-1.8439303636550903,0.9574072360992432
1773048996,822195968,world,cf231_leg,-2.6735808849334717,-1.8499059677124023,0.9425556659698486
1773048996,827193507,world,cf231,-2.6819987297058105,-1.8438634872436523,0.9574170112609863
1773048996,827193507,world,cf231_leg,-2.673614501953125,-1.849969506263733,0.9426285028457642
1773048996,832175394,world,cf231,-2.6819653511047363,-1.8438067436218262,0.9573861360549927
1773048996,832175394,world,cf231_leg,-2.6735687255859375,-1.8499165773391724,0.9425342082977295
1773048996,837201357,world,cf231,-2.681873321533203,-1.8437408208847046,0.9573508501052856
1773048996,837201357,world,cf231_leg,-2.673448085784912,-1.8499442338943481,0.9425792694091797
1773048996,842277185,world,cf231,-2.6817703247070312,-1.8437185287475586,0.957392692565918
1773048996,842277185,world,cf231_leg,-2.6734368801116943,-1.849879503250122,0.9426904916763306
1773048996,847238396,world,cf231,-2.681666612625122,-1.8436622619628906,0.9573178291320801
1773048996,847238396,world,cf231_leg,-2.6733760833740234,-1.8497989177703857,0.9424514770507812
1773048996,853074666,world,cf231,-2.6816437244415283,-1.843709111213684,0.9573205709457397
1773048996,853074666,world,cf231_leg,-2.6732594966888428,-1.8498609066009521,0.9425867795944214
1773048996,857118824,world,cf231,-2.6815178394317627,-1.843588948249817,0.9572731256484985
1773048996,857118824,world,cf231_leg,-2.6732006072998047,-1.8498202562332153,0.9424885511398315
1773048996,862409836,world,cf231,-2.681370496749878,-1.8435509204864502,0.9573421478271484
1773048996,862409836,world,cf231_leg,-2.673133611679077,-1.8497487306594849,0.9425938129425049
1773048996,867060674,world,cf231,-2.681323289871216,-1.8436185121536255,0.9572880268096924
1773048996,867060674,world,cf231_leg,-2.6729979515075684,-1.8497461080551147,0.9424792528152466
1773048996,872285152,world,cf231,-2.680992364883423,-1.84341561794281,0.9571665525436401
1773048996,872285152,world,cf231_leg,-2.672997236251831,-1.849859356880188,0.9424928426742554
1773048996,877136880,world,cf231,-2.6809792518615723,-1.8435744047164917,0.9572596549987793
1773048996,877136880,world,cf231_leg,-2.672999143600464,-1.849899411201477,0.9426332712173462
1773048996,881871772,world,cf231,-2.680830240249634,-1.843501091003418,0.9572149515151978
1773048996,881871772,world,cf231_leg,-2.6728084087371826,-1.8497763872146606,0.9424998760223389
1773048996,887026874,world,cf231,-2.6806700229644775,-1.843437671661377,0.9571305513381958
1773048996,887026874,world,cf231_leg,-2.6727304458618164,-1.8498231172561646,0.9425469636917114
1773048996,892072163,world,cf231,-2.6804275512695312,-1.8434476852416992,0.9571831226348877
1773048996,892072163,world,cf231_leg,-2.6726629734039307,-1.8498245477676392,0.9425034523010254
1773048996,896987859,world,cf231,-2.680243492126465,-1.8434361219406128,0.9571396112442017
1773048996,896987859,world,cf231_leg,-2.672628402709961,-1.8498815298080444,0.9424898624420166
1773048996,901954714,world,cf231,-2.6800711154937744,-1.8434090614318848,0.9570999145507812
1773048996,901954714,world,cf231_leg,-2.672529935836792,-1.8498578071594238,0.9424972534179688
1773048996,907030172,world,cf231,-2.679933547973633,-1.8434462547302246,0.9571229219436646
1773048996,907030172,world,cf231_leg,-2.67236328125,-1.8498345613479614,0.9424644708633423
1773048996,912763966,world,cf231,-2.679715871810913,-1.8433780670166016,0.9570482969284058
1773048996,912763966,world,cf231_leg,-2.6722917556762695,-1.849970817565918,0.9425934553146362
1773048996,917024948,world,cf231,-2.6794986724853516,-1.8433440923690796,0.9570897817611694
1773048996,917024948,world,cf231_leg,-2.672226667404175,-1.8498890399932861,0.9426178932189941
1773048996,922188287,world,cf231,-2.679347515106201,-1.8433791399002075,0.9570274353027344
1773048996,922188287,world,cf231_leg,-2.6720809936523438,-1.8498867750167847,0.9424002170562744
1773048996,926978704,world,cf231,-2.6790378093719482,-1.843275785446167,0.9570169448852539
1773048996,926978704,world,cf231_leg,-2.671912670135498,-1.8498718738555908,0.9424315690994263
1773048996,932831814,world,cf231,-2.679004192352295,-1.8433692455291748,0.9571150541305542
1773048996,932831814,world,cf231_leg,-2.6720130443573,-1.8499358892440796,0.9425644874572754
1773048996,937018129,world,cf231,-2.6788437366485596,-1.8434566259384155,0.9571584463119507
1773048996,937018129,world,cf231_leg,-2.6717779636383057,-1.8499157428741455,0.9425053596496582
1773048996,942027458,world,cf231,-2.6785895824432373,-1.843442678451538,0.9570534229278564
1773048996,942027458,world,cf231_leg,-2.671644687652588,-1.8499534130096436,0.9425302743911743
1773048996,946912797,world,cf231,-2.678394079208374,-1.8434714078903198,0.9570703506469727
1773048996,946912797,world,cf231_leg,-2.67153263092041,-1.8499412536621094,0.9425356388092041
1773048996,952045953,world,cf231,-2.6781978607177734,-1.8434994220733643,0.9570900201797485
1773048996,952045953,world,cf231_leg,-2.6714682579040527,-1.8499737977981567,0.9425704479217529
1773048996,957195673,world,cf231,-2.6780247688293457,-1.8434444665908813,0.9569685459136963
1773048996,957195673,world,cf231_leg,-2.67130970954895,-1.850022315979004,0.94249427318573
1773048996,962035538,world,cf231,-2.6777591705322266,-1.8434709310531616,0.956923246383667
1773048996,962035538,world,cf231_leg,-2.671222686767578,-1.8499966859817505,0.9425867795944214
1773048996,967841832,world,cf231,-2.67771315574646,-1.8435734510421753,0.9569839239120483
1773048996,967841832,world,cf231_leg,-2.671142339706421,-1.8501225709915161,0.9425339698791504
1773048996,972039303,world,cf231,-2.677426815032959,-1.8436518907546997,0.9569542407989502
1773048996,972039303,world,cf231_leg,-2.6710073947906494,-1.85004460811615,0.9425522089004517
1773048996,977073367,world,cf231,-2.677196502685547,-1.8436259031295776,0.9569607973098755
1773048996,977073367,world,cf231_leg,-2.670884847640991,-1.8501514196395874,0.9424971342086792
1773048996,982054778,world,cf231,-2.677002191543579,-1.8436589241027832,0.9569922685623169
1773048996,982054778,world,cf231_leg,-2.6708195209503174,-1.8501880168914795,0.9425650835037231
1773048996,987772378,world,cf231,-2.676851272583008,-1.8437167406082153,0.9570508003234863
1773048996,987772378,world,cf231_leg,-2.670797348022461,-1.8502395153045654,0.9426019191741943
1773048996,993692092,world,cf231,-2.6767094135284424,-1.843959927558899,0.9570409059524536
1773048996,993692092,world,cf231_leg,-2.670538902282715,-1.8501534461975098,0.9425569772720337
1773048996,997081353,world,cf231,-2.6764562129974365,-1.8439840078353882,0.9570682048797607
1773048996,997081353,world,cf231_leg,-2.670419692993164,-1.8502938747406006,0.9425947666168213
1773048997,2096735,world,cf231,-2.676189422607422,-1.8439725637435913,0.9568907022476196
1773048997,2096735,world,cf231_leg,-2.6704418659210205,-1.8504754304885864,0.9426101446151733
1773048997,6977484,world,cf231,-2.6760642528533936,-1.844007134437561,0.9569869041442871
1773048997,6977484,world,cf231_leg,-2.6702699661254883,-1.850310206413269,0.9425231218338013
1773048997,11883965,world,cf231,-2.6759819984436035,-1.8441611528396606,0.9569985866546631
1773048997,11883965,world,cf231_leg,-2.6701841354370117,-1.8505070209503174,0.9425880908966064
1773048997,17064493,world,cf231,-2.6758995056152344,-1.8443336486816406,0.9571168422698975
1773048997,17064493,world,cf231_leg,-2.6700692176818848,-1.850575566291809,0.9425114393234253
1773048997,22217544,world,cf231,-2.6758103370666504,-1.8444454669952393,0.9572676420211792
1773048997,22217544,world,cf231_leg,-2.6698808670043945,-1.8504902124404907,0.9425028562545776
1773048997,27054863,world,cf231,-2.675447463989258,-1.8444302082061768,0.9569264650344849
1773048997,27054863,world,cf231_leg,-2.669757604598999,-1.8505964279174805,0.9424499273300171
1773048997,32031329,world,cf231,-2.675189256668091,-1.8446133136749268,0.9567340612411499
1773048997,32031329,world,cf231_leg,-2.6697049140930176,-1.8507370948791504,0.9425485134124756
1773048997,37021378,world,cf231,-2.6750142574310303,-1.844679832458496,0.9566640853881836
1773048997,37021378,world,cf231_leg,-2.669487714767456,-1.8507500886917114,0.9424031972885132
1773048997,42021470,world,cf231,-2.674989700317383,-1.8448452949523926,0.9566999673843384
1773048997,42021470,world,cf231_leg,-2.669424057006836,-1.8507858514785767,0.9424506425857544
1773048997,46895365,world,cf231,-2.6748385429382324,-1.844997763633728,0.9566472768783569
1773048997,46895365,world,cf231_leg,-2.669321298599243,-1.8508461713790894,0.9424105882644653
1773048997,52024580,world,cf231,-2.6745731830596924,-1.8450307846069336,0.956636905670166
1773048997,52024580,world,cf231_leg,-2.6691410541534424,-1.8509466648101807,0.9423706531524658
1773048997,57050889,world,cf231,-2.674421787261963,-1.8451863527297974,0.9566020965576172
1773048997,57050889,world,cf231_leg,-2.6691880226135254,-1.8511120080947876,0.9424587488174438
1773048997,62024266,world,cf231,-2.6742947101593018,-1.8453301191329956,0.9566787481307983
1773048997,62024266,world,cf231_leg,-2.6690309047698975,-1.8510479927062988,0.9423667192459106
1773048997,67058825,world,cf231,-2.674121618270874,-1.8454195261001587,0.9566512107849121
1773048997,67058825,world,cf231_leg,-2.6688644886016846,-1.8511418104171753,0.9423583745956421
1773048997,72231192,world,cf231,-2.6738550662994385,-1.8455681800842285,0.9566556215286255
1773048997,72231192,world,cf231_leg,-2.6688289642333984,-1.8513143062591553,0.942374587059021
1773048997,77895504,world,cf231,-2.673760175704956,-1.8457341194152832,0.9566481113433838
1773048997,77895504,world,cf231_leg,-2.668654203414917,-1.8511061668395996,0.9423705339431763
1773048997,82118658,world,cf231,-2.6736440658569336,-1.8459875583648682,0.9567952156066895
1773048997,82118658,world,cf231_leg,-2.6684913635253906,-1.851236343383789,0.9422322511672974
1773048997,87002781,world,cf231,-2.6734910011291504,-1.8461079597473145,0.9566469192504883
1773048997,87002781,world,cf231_leg,-2.6685402393341064,-1.8514364957809448,0.9424324035644531
1773048997,91915048,world,cf231,-2.6732707023620605,-1.84615159034729,0.956571102142334
1773048997,91915048,world,cf231_leg,-2.6684730052948,-1.8514362573623657,0.9423718452453613
1773048997,96974417,world,cf231,-2.673257350921631,-1.8464299440383911,0.9566949605941772
1773048997,96974417,world,cf231_leg,-2.6683597564697266,-1.8515417575836182,0.9424227476119995
1773048997,102002130,world,cf231,-2.673024892807007,-1.8464794158935547,0.9565640687942505
1773048997,102002130,world,cf231_leg,-2.6682701110839844,-1.8515923023223877,0.9424017667770386
1773048997,107710049,world,cf231,-2.672759532928467,-1.8465092182159424,0.9565366506576538
1773048997,107710049,world,cf231_leg,-2.668158769607544,-1.8516924381256104,0.9424015283584595
1773048997,112858301,world,cf231,-2.672712564468384,-1.8467216491699219,0.9565756320953369
1773048997,112858301,world,cf231_leg,-2.6679635047912598,-1.8516515493392944,0.9422039985656738
1773048997,117106778,world,cf231,-2.6726877689361572,-1.847009539604187,0.9566605091094971
1773048997,117106778,world,cf231_leg,-2.667839527130127,-1.8516428470611572,0.9421422481536865
1773048997,122144730,world,cf231,-2.672502279281616,-1.8471204042434692,0.9566665887832642
1773048997,122144730,world,cf231_leg,-2.667807102203369,-1.8517422676086426,0.942284345626831
1773048997,127003613,world,cf231,-2.6724672317504883,-1.8473169803619385,0.956709623336792
1773048997,127003613,world,cf231_leg,-2.6677727699279785,-1.8517972230911255,0.9422550201416016
1773048997,132085622,world,cf231,-2.6723039150238037,-1.847484827041626,0.9566546678543091
1773048997,132085622,world,cf231_leg,-2.667649269104004,-1.851791501045227,0.9422065019607544
1773048997,137818184,world,cf231,-2.67201566696167,-1.8475614786148071,0.9566307067871094
1773048997,137818184,world,cf231_leg,-2.667550563812256,-1.8518836498260498,0.9422425031661987
1773048997,142868154,world,cf231,-2.671853542327881,-1.847764015197754,0.9566911458969116
1773048997,142868154,world,cf231_leg,-2.6674387454986572,-1.8518718481063843,0.9422469139099121
1773048997,147009998,world,cf231,-2.6717593669891357,-1.8477767705917358,0.9565353393554688
1773048997,147009998,world,cf231_leg,-2.6674156188964844,-1.851922631263733,0.9422863721847534
1773048997,152080957,world,cf231,-2.671642541885376,-1.8479961156845093,0.9565657377243042
1773048997,152080957,world,cf231_leg,-2.667318105697632,-1.8518996238708496,0.9422918558120728
1773048997,157022346,world,cf231,-2.671456813812256,-1.8481005430221558,0.9565370082855225
1773048997,157022346,world,cf231_leg,-2.6672489643096924,-1.8520135879516602,0.9422650337219238
1773048997,162031057,world,cf231,-2.671260356903076,-1.8482455015182495,0.9565684795379639
1773048997,162031057,world,cf231_leg,-2.6672263145446777,-1.8520671129226685,0.9423186779022217
1773048997,167215179,world,cf231,-2.671190023422241,-1.8483597040176392,0.9565187692642212
1773048997,167215179,world,cf231_leg,-2.6671154499053955,-1.8520512580871582,0.9422905445098877
1773048997,172031441,world,cf231,-2.671154499053955,-1.8484150171279907,0.9564859867095947
1773048997,172031441,world,cf231_leg,-2.667017698287964,-1.8520281314849854,0.9422959089279175
1773048997,177056580,world,cf231,-2.671035051345825,-1.848598599433899,0.9564039707183838
1773048997,177056580,world,cf231_leg,-2.667004108428955,-1.8520399332046509,0.9422934055328369
1773048997,182185251,world,cf231,-2.670943021774292,-1.8486802577972412,0.9564802646636963
1773048997,182185251,world,cf231_leg,-2.666879653930664,-1.8520331382751465,0.9422481060028076
1773048997,187696570,world,cf231,-2.6708481311798096,-1.8488216400146484,0.9564085006713867
1773048997,187696570,world,cf231_leg,-2.666836977005005,-1.852130651473999,0.9422727823257446
1773048997,192022373,world,cf231,-2.670718193054199,-1.8488895893096924,0.956220269203186
1773048997,192022373,world,cf231_leg,-2.6668035984039307,-1.8520724773406982,0.9422285556793213
1773048997,198038303,world,cf231,-2.670718193054199,-1.849039912223816,0.956350564956665
1773048997,198038303,world,cf231_leg,-2.6667683124542236,-1.8520194292068481,0.9422359466552734
1773048997,201994456,world,cf231,-2.6706933975219727,-1.8491711616516113,0.9562702178955078
1773048997,201994456,world,cf231_leg,-2.666670322418213,-1.8521102666854858,0.942253589630127
1773048997,207101902,world,cf231,-2.6706225872039795,-1.849300503730774,0.9563103914260864
1773048997,207101902,world,cf231_leg,-2.6666266918182373,-1.8520972728729248,0.9423004388809204
1773048997,212038275,world,cf231,-2.6705069541931152,-1.849274754524231,0.9562442302703857
1773048997,212038275,world,cf231_leg,-2.666567802429199,-1.8519431352615356,0.9421885013580322
1773048997,216981460,world,cf231,-2.6703996658325195,-1.8494160175323486,0.9560813903808594
1773048997,216981460,world,cf231_leg,-2.666490316390991,-1.8519854545593262,0.9422041177749634
1773048997,222018450,world,cf231,-2.6704094409942627,-1.849485158920288,0.9560004472732544
1773048997,222018450,world,cf231_leg,-2.6664316654205322,-1.8519450426101685,0.9421050548553467
1773048997,226932312,world,cf231,-2.670248031616211,-1.8494304418563843,0.9559708833694458
1773048997,226932312,world,cf231_leg,-2.6664092540740967,-1.8518799543380737,0.9421156644821167
1773048997,232153482,world,cf231,-2.670269727706909,-1.8494871854782104,0.9559104442596436
1773048997,232153482,world,cf231_leg,-2.666332721710205,-1.8518069982528687,0.9421015977859497
1773048997,237750699,world,cf231,-2.6702687740325928,-1.8496029376983643,0.9559251070022583
1773048997,237750699,world,cf231_leg,-2.6663320064544678,-1.8518085479736328,0.9421191215515137
1773048997,242028803,world,cf231,-2.6702239513397217,-1.8495895862579346,0.9559719562530518
1773048997,242028803,world,cf231_leg,-2.666285991668701,-1.851760745048523,0.942054271697998
1773048997,246858772,world,cf231,-2.67029070854187,-1.8496692180633545,0.955917477607727
1773048997,246858772,world,cf231_leg,-2.666187286376953,-1.8517390489578247,0.9420779943466187
1773048997,251904560,world,cf231,-2.6702098846435547,-1.849563717842102,0.9558193683624268
1773048997,251904560,world,cf231_leg,-2.666208505630493,-1.851689100265503,0.9420582056045532
1773048997,257851776,world,cf231,-2.6702229976654053,-1.8494259119033813,0.9557732343673706
1773048997,257851776,world,cf231_leg,-2.6661953926086426,-1.851582646369934,0.9420115947723389
1773048997,262138620,world,cf231,-2.6701879501342773,-1.8494943380355835,0.955809473991394
1773048997,262138620,world,cf231_leg,-2.666161298751831,-1.851526141166687,0.9419848918914795
1773048997,267657647,world,cf231,-2.670003890991211,-1.8492133617401123,0.9556050300598145
1773048997,267657647,world,cf231_leg,-2.666226863861084,-1.8514899015426636,0.9419162273406982
1773048997,272055808,world,cf231,-2.6701204776763916,-1.8492637872695923,0.9557352066040039
1773048997,272055808,world,cf231_leg,-2.6660807132720947,-1.8513070344924927,0.9418832063674927
1773048997,277003628,world,cf231,-2.6700050830841064,-1.849097728729248,0.9555898904800415
1773048997,277003628,world,cf231_leg,-2.666034698486328,-1.8511401414871216,0.9417767524719238
1773048997,282045136,world,cf231,-2.6701323986053467,-1.849101185798645,0.9556254148483276
1773048997,282045136,world,cf231_leg,-2.6660895347595215,-1.8511509895324707,0.9418153762817383
1773048997,286938718,world,cf231,-2.670133352279663,-1.8489853143692017,0.9556111097335815
1773048997,286938718,world,cf231_leg,-2.6660470962524414,-1.8510204553604126,0.941815972328186
1773048997,292095381,world,cf231,-2.6701343059539795,-1.8488725423812866,0.9556145668029785
1773048997,292095381,world,cf231_leg,-2.665954351425171,-1.8508071899414062,0.9416624307632446
1773048997,297855162,world,cf231,-2.6700656414031982,-1.8487547636032104,0.9555368423461914
1773048997,297855162,world,cf231_leg,-2.665940523147583,-1.8507024049758911,0.9416332244873047
1773048997,302014734,world,cf231,-2.6700429916381836,-1.8485440015792847,0.9554510116577148
1773048997,302014734,world,cf231_leg,-2.6660614013671875,-1.8506726026535034,0.941571831703186
1773048997,306986234,world,cf231,-2.6701931953430176,-1.8485010862350464,0.955481767654419
1773048997,306986234,world,cf231_leg,-2.665985345840454,-1.8504858016967773,0.9415448904037476
1773048997,312063086,world,cf231,-2.6702773571014404,-1.848256230354309,0.9555178880691528
1773048997,312063086,world,cf231_leg,-2.665924310684204,-1.850217580795288,0.9414430856704712
1773048997,317089030,world,cf231,-2.670222759246826,-1.848164439201355,0.9555926322937012
1773048997,317089030,world,cf231_leg,-2.6659457683563232,-1.8501677513122559,0.9414229393005371
1773048997,322407705,world,cf231,-2.670154571533203,-1.8479394912719727,0.9555555582046509
1773048997,322407705,world,cf231_leg,-2.6659364700317383,-1.8499811887741089,0.9414565563201904
1773048997,327222209,world,cf231,-2.6702380180358887,-1.847807765007019,0.9555875062942505
1773048997,327222209,world,cf231_leg,-2.6659891605377197,-1.849838137626648,0.9413419961929321
1773048997,331970919,world,cf231,-2.670274496078491,-1.847636342048645,0.9556065797805786
1773048997,331970919,world,cf231_leg,-2.6659791469573975,-1.8496508598327637,0.9413775205612183
1773048997,337147093,world,cf231,-2.6704013347625732,-1.847489356994629,0.9555120468139648
1773048997,337147093,world,cf231_leg,-2.6660656929016113,-1.8495689630508423,0.9413210153579712
1773048997,342085728,world,cf231,-2.6702890396118164,-1.84712553024292,0.9554553031921387
1773048997,342085728,world,cf231_leg,-2.666191816329956,-1.8493794202804565,0.941441535949707
1773048997,347197303,world,cf231,-2.6703593730926514,-1.8470081090927124,0.9554874897003174
1773048997,347197303,world,cf231_leg,-2.666316032409668,-1.8492690324783325,0.9414618015289307
1773048997,353027129,world,cf231,-2.6703381538391113,-1.8468254804611206,0.9554818868637085
1773048997,353027129,world,cf231_leg,-2.6663527488708496,-1.849132776260376,0.9415755271911621
1773048997,357034151,world,cf231,-2.670363664627075,-1.846421241760254,0.9553831815719604
1773048997,357034151,world,cf231_leg,-2.6663999557495117,-1.8489563465118408,0.9416275024414062
1773048997,362804986,world,cf231,-2.67057204246521,-1.846268653869629,0.9553346633911133
1773048997,362804986,world,cf231_leg,-2.6664533615112305,-1.8487046957015991,0.9415295124053955
1773048997,367617990,world,cf231,-2.6707372665405273,-1.8461368083953857,0.9555790424346924
1773048997,367617990,world,cf231_leg,-2.6664206981658936,-1.8485307693481445,0.9414563179016113
1773048997,372068157,world,cf231,-2.6707518100738525,-1.8458658456802368,0.9554864168167114
1773048997,372068157,world,cf231_leg,-2.6665232181549072,-1.8482415676116943,0.9414747953414917
1773048997,377066504,world,cf231,-2.6707663536071777,-1.845628261566162,0.9555130004882812
1773048997,377066504,world,cf231_leg,-2.666566848754883,-1.848028540611267,0.9414206743240356
1773048997,382039622,world,cf231,-2.670872688293457,-1.8454258441925049,0.9554750919342041
1773048997,382039622,world,cf231_leg,-2.6664679050445557,-1.8477809429168701,0.941435694694519
1773048997,387093486,world,cf231,-2.6710474491119385,-1.845097303390503,0.9554414749145508
1773048997,387093486,world,cf231_leg,-2.666635036468506,-1.8475735187530518,0.9414310455322266
1773048997,392771613,world,cf231,-2.6711084842681885,-1.8448747396469116,0.9554164409637451
1773048997,392771613,world,cf231_leg,-2.6666011810302734,-1.8471747636795044,0.9413679838180542
1773048997,397139325,world,cf231,-2.6712253093719482,-1.8446582555770874,0.9554046392440796
1773048997,397139325,world,cf231_leg,-2.6665775775909424,-1.8469587564468384,0.9412389993667603
1773048997,402047553,world,cf231,-2.6712725162506104,-1.8444398641586304,0.9553292989730835
1773048997,402047553,world,cf231_leg,-2.6667001247406006,-1.846739649772644,0.9412988424301147
1773048997,407064237,world,cf231,-2.671333074569702,-1.844109058380127,0.9553481340408325
1773048997,407064237,world,cf231_leg,-2.6667685508728027,-1.8463913202285767,0.9412761926651001
1773048997,411999393,world,cf231,-2.671427011489868,-1.8437886238098145,0.9552100896835327
1773048997,411999393,world,cf231_leg,-2.6667511463165283,-1.8461356163024902,0.9411288499832153
1773048997,417033812,world,cf231,-2.671590566635132,-1.843620777130127,0.9552651643753052
1773048997,417033812,world,cf231_leg,-2.666834831237793,-1.8459316492080688,0.9412782192230225
1773048997,422068919,world,cf231,-2.671743631362915,-1.8433464765548706,0.9552668333053589
1773048997,422068919,world,cf231_leg,-2.667062997817993,-1.845687747001648,0.9414887428283691
1773048997,427026939,world,cf231,-2.671793222427368,-1.8429021835327148,0.9551986455917358
1773048997,427026939,world,cf231_leg,-2.6671013832092285,-1.8455177545547485,0.9412258863449097
1773048997,432129368,world,cf231,-2.671990394592285,-1.8427501916885376,0.9550564289093018
1773048997,432129368,world,cf231_leg,-2.6671769618988037,-1.8451330661773682,0.9414360523223877
1773048997,437806334,world,cf231,-2.6720423698425293,-1.8423367738723755,0.9551403522491455
1773048997,437806334,world,cf231_leg,-2.6671409606933594,-1.8448132276535034,0.9412740468978882
1773048997,441990331,world,cf231,-2.6722755432128906,-1.8420228958129883,0.9551482200622559
1773048997,441990331,world,cf231_leg,-2.6672067642211914,-1.8445532321929932,0.9412133693695068
1773048997,447079999,world,cf231,-2.6724650859832764,-1.841691017150879,0.9551634788513184
1773048997,447079999,world,cf231_leg,-2.6673190593719482,-1.8443366289138794,0.9411864280700684
1773048997,451988006,world,cf231,-2.6726458072662354,-1.8413208723068237,0.9553594589233398
1773048997,451988006,world,cf231_leg,-2.66729474067688,-1.8438963890075684,0.9410663843154907
1773048997,457134006,world,cf231,-2.672849416732788,-1.84089195728302,0.9554803371429443
1773048997,457134006,world,cf231_leg,-2.667294979095459,-1.8435534238815308,0.9410325288772583
1773048997,462381835,world,cf231,-2.673072576522827,-1.8406132459640503,0.9555108547210693
1773048997,462381835,world,cf231_leg,-2.6674094200134277,-1.843262791633606,0.9411354064941406
1773048997,466871968,world,cf231,-2.673204183578491,-1.8401525020599365,0.9554919004440308
1773048997,466871968,world,cf231_leg,-2.6675772666931152,-1.842938780784607,0.9411038160324097
1773048997,472026090,world,cf231,-2.6733109951019287,-1.8398267030715942,0.9554084539413452
1773048997,472026090,world,cf231_leg,-2.6674530506134033,-1.8425896167755127,0.941022515296936
1773048997,476930373,world,cf231,-2.6734511852264404,-1.839417576789856,0.955224871635437
1773048997,476930373,world,cf231_leg,-2.667682409286499,-1.8423441648483276,0.9412155151367188
1773048997,482037634,world,cf231,-2.673447847366333,-1.8389204740524292,0.9554401636123657
1773048997,482037634,world,cf231_leg,-2.667760133743286,-1.8420732021331787,0.9411777257919312
1773048997,487110144,world,cf231,-2.6736252307891846,-1.838597297668457,0.955418586730957
1773048997,487110144,world,cf231_leg,-2.6679205894470215,-1.8417950868606567,0.9412130117416382
1773048997,491875971,world,cf231,-2.6736996173858643,-1.838098168373108,0.9552909135818481
1773048997,491875971,world,cf231_leg,-2.6679975986480713,-1.8415255546569824,0.9411932229995728
1773048997,496986146,world,cf231,-2.6740615367889404,-1.8377954959869385,0.9553675651550293
1773048997,496986146,world,cf231_leg,-2.6681365966796875,-1.8411808013916016,0.9412217140197754
1773048997,502000056,world,cf231,-2.6742043495178223,-1.837417721748352,0.9553350210189819
1773048997,502000056,world,cf231_leg,-2.668196439743042,-1.8407647609710693,0.9412747621536255
1773048997,507078562,world,cf231,-2.6743152141571045,-1.8368972539901733,0.9553583860397339
1773048997,507078562,world,cf231_leg,-2.6682724952697754,-1.8403871059417725,0.9412928819656372
1773048997,512184848,world,cf231,-2.6743533611297607,-1.8364651203155518,0.9552707672119141
1773048997,512184848,world,cf231_leg,-2.6683733463287354,-1.8399792909622192,0.9415299892425537
1773048997,517220761,world,cf231,-2.6745686531066895,-1.8360017538070679,0.9553682804107666
1773048997,517220761,world,cf231_leg,-2.668274164199829,-1.839465618133545,0.9411565065383911
1773048997,521989566,world,cf231,-2.6749396324157715,-1.8354957103729248,0.9558248519897461
1773048997,521989566,world,cf231_leg,-2.6683974266052246,-1.8392494916915894,0.9412310123443604
1773048997,527803430,world,cf231,-2.6750845909118652,-1.8350051641464233,0.9557956457138062
1773048997,527803430,world,cf231_leg,-2.668407678604126,-1.8387788534164429,0.9412161111831665
1773048997,532125958,world,cf231,-2.6751275062561035,-1.8344905376434326,0.9557867050170898
1773048997,532125958,world,cf231_leg,-2.668635606765747,-1.838613510131836,0.9413076639175415
1773048997,537851734,world,cf231,-2.675227403640747,-1.833979845046997,0.9557698965072632
1773048997,537851734,world,cf231_leg,-2.66863751411438,-1.838279366493225,0.9413145780563354
1773048997,542099142,world,cf231,-2.6754655838012695,-1.8335870504379272,0.9558749198913574
1773048997,542099142,world,cf231_leg,-2.668718099594116,-1.838003396987915,0.9412244558334351
1773048997,546923321,world,cf231,-2.6757004261016846,-1.8331791162490845,0.9559949636459351
1773048997,546923321,world,cf231_leg,-2.6688232421875,-1.8376086950302124,0.9412728548049927
1773048997,552124381,world,cf231,-2.6759729385375977,-1.832692265510559,0.9560027122497559
1773048997,552124381,world,cf231_leg,-2.668848991394043,-1.8372526168823242,0.9413257837295532
1773048997,557848954,world,cf231,-2.6759936809539795,-1.8321104049682617,0.95600426197052
1773048997,557848954,world,cf231_leg,-2.6689369678497314,-1.8368686437606812,0.9413979053497314
1773048997,562118330,world,cf231,-2.676126480102539,-1.8317766189575195,0.9560489654541016
1773048997,562118330,world,cf231_leg,-2.668928384780884,-1.8364578485488892,0.941440224647522
1773048997,567089413,world,cf231,-2.676363945007324,-1.8312122821807861,0.9559237957000732
1773048997,567089413,world,cf231_leg,-2.6689953804016113,-1.8360021114349365,0.9414753913879395
1773048997,572739765,world,cf231,-2.6765296459198,-1.8304692506790161,0.95623779296875
1773048997,572739765,world,cf231_leg,-2.669020414352417,-1.835642695426941,0.9415160417556763
1773048997,577371772,world,cf231,-2.676769495010376,-1.8300954103469849,0.9563708305358887
1773048997,577371772,world,cf231_leg,-2.6691133975982666,-1.8352818489074707,0.9416007995605469
1773048997,582084712,world,cf231,-2.6768598556518555,-1.8295153379440308,0.9564369916915894
1773048997,582084712,world,cf231_leg,-2.6692261695861816,-1.8349409103393555,0.9415041208267212
1773048997,587069152,world,cf231,-2.6769487857818604,-1.82905113697052,0.9565176963806152
1773048997,587069152,world,cf231_leg,-2.669287919998169,-1.8346381187438965,0.94154953956604
1773048997,592373802,world,cf231,-2.677163600921631,-1.8285495042800903,0.9564841985702515
1773048997,592373802,world,cf231_leg,-2.6694159507751465,-1.834385871887207,0.9418797492980957
1773048997,597763636,world,cf231,-2.677483081817627,-1.8281114101409912,0.9565602540969849
1773048997,597763636,world,cf231_leg,-2.6694703102111816,-1.8340648412704468,0.9419643878936768
1773048997,602439362,world,cf231,-2.6776535511016846,-1.8276029825210571,0.9566081762313843
1773048997,602439362,world,cf231_leg,-2.6693837642669678,-1.8335455656051636,0.9418805837631226
1773048997,607538704,world,cf231,-2.677741765975952,-1.8270976543426514,0.956538200378418
1773048997,607538704,world,cf231_leg,-2.669473648071289,-1.8333848714828491,0.9419237375259399
1773048997,612398202,world,cf231,-2.677889108657837,-1.8266263008117676,0.9565367698669434
1773048997,612398202,world,cf231_leg,-2.6694934368133545,-1.8328890800476074,0.9419592618942261
1773048997,617059521,world,cf231,-2.67799711227417,-1.8259857892990112,0.9568204879760742
1773048997,617059521,world,cf231_leg,-2.6694626808166504,-1.8324838876724243,0.9418476819992065
1773048997,621996725,world,cf231,-2.678158760070801,-1.8254332542419434,0.9570140838623047
1773048997,621996725,world,cf231_leg,-2.6695189476013184,-1.832239031791687,0.9422057867050171
1773048997,627459638,world,cf231,-2.6783623695373535,-1.825095772743225,0.9570869207382202
1773048997,627459638,world,cf231_leg,-2.669557809829712,-1.831757664680481,0.9422705173492432
1773048997,632764687,world,cf231,-2.6783804893493652,-1.8246214389801025,0.9570735692977905
1773048997,632764687,world,cf231_leg,-2.6695151329040527,-1.8313534259796143,0.9420763254165649
1773048997,636960036,world,cf231,-2.67852783203125,-1.8241626024246216,0.9571435451507568
1773048997,636960036,world,cf231_leg,-2.669599771499634,-1.8311498165130615,0.9422259330749512
1773048997,642032266,world,cf231,-2.6786069869995117,-1.823699712753296,0.9571284055709839
1773048997,642032266,world,cf231_leg,-2.66969633102417,-1.8308305740356445,0.9424483776092529
1773048997,647153716,world,cf231,-2.6787302494049072,-1.8232961893081665,0.9572575092315674
1773048997,647153716,world,cf231_leg,-2.6696979999542236,-1.8304927349090576,0.9424437284469604
1773048997,651958704,world,cf231,-2.6789004802703857,-1.822752833366394,0.9571905136108398
1773048997,651958704,world,cf231_leg,-2.6696088314056396,-1.8300901651382446,0.942408561706543
1773048997,658193229,world,cf231,-2.6790335178375244,-1.8224120140075684,0.9572032690048218
1773048997,658193229,world,cf231_leg,-2.6697463989257812,-1.8297935724258423,0.9426678419113159
1773048997,662272345,world,cf231,-2.6789612770080566,-1.821875810623169,0.9571669101715088
1773048997,662272345,world,cf231_leg,-2.6697750091552734,-1.8294754028320312,0.9428466558456421
1773048997,667667114,world,cf231,-2.6790270805358887,-1.8214514255523682,0.9572182893753052
1773048997,667667114,world,cf231_leg,-2.6696889400482178,-1.8290655612945557,0.9427437782287598
1773048997,671937042,world,cf231,-2.6793301105499268,-1.8210749626159668,0.9576934576034546
1773048997,671937042,world,cf231_leg,-2.6696672439575195,-1.8287733793258667,0.9427492618560791
1773048997,677076385,world,cf231,-2.6794426441192627,-1.8205879926681519,0.9578388929367065
1773048997,677076385,world,cf231_leg,-2.6696321964263916,-1.8283758163452148,0.9427270889282227
1773048997,682092215,world,cf231,-2.6795403957366943,-1.8203026056289673,0.9578171968460083
1773048997,682092215,world,cf231_leg,-2.669576406478882,-1.828026533126831,0.9427063465118408
1773048997,687835222,world,cf231,-2.6795597076416016,-1.8199567794799805,0.9578622579574585
1773048997,687835222,world,cf231_leg,-2.66945219039917,-1.827677845954895,0.9426442384719849
1773048997,692253153,world,cf231,-2.6794188022613525,-1.819447636604309,0.9579181671142578
1773048997,692253153,world,cf231_leg,-2.669506549835205,-1.8274521827697754,0.9428579807281494
1773048997,697072132,world,cf231,-2.6794240474700928,-1.8191052675247192,0.957913875579834
1773048997,697072132,world,cf231_leg,-2.6696105003356934,-1.8272062540054321,0.9430553913116455
1773048997,702016780,world,cf231,-2.6794774532318115,-1.8188445568084717,0.9580719470977783
1773048997,702016780,world,cf231_leg,-2.66951322555542,-1.8268461227416992,0.9430745840072632
1773048997,707033974,world,cf231,-2.67964506149292,-1.8185744285583496,0.9581843614578247
1773048997,707033974,world,cf231_leg,-2.669586420059204,-1.826654076576233,0.943199872970581
1773048997,712071937,world,cf231,-2.6796505451202393,-1.8182322978973389,0.9581793546676636
1773048997,712071937,world,cf231_leg,-2.669602632522583,-1.826341152191162,0.9433282613754272
1773048997,717039125,world,cf231,-2.679623603820801,-1.8178646564483643,0.95824134349823
1773048997,717039125,world,cf231_leg,-2.6694846153259277,-1.8259096145629883,0.9433096647262573
1773048997,721901465,world,cf231,-2.679535388946533,-1.8175692558288574,0.9581953287124634
1773048997,721901465,world,cf231_leg,-2.6692919731140137,-1.825563907623291,0.9432194232940674
1773048997,727001787,world,cf231,-2.679520845413208,-1.817196011543274,0.9583123922348022
1773048997,727001787,world,cf231_leg,-2.6692981719970703,-1.8252538442611694,0.9432593584060669
1773048997,731928586,world,cf231,-2.6795742511749268,-1.8169705867767334,0.958663821220398
1773048997,731928586,world,cf231_leg,-2.669245719909668,-1.8248621225357056,0.9434694051742554
1773048997,738015852,world,cf231,-2.67960262298584,-1.8166978359222412,0.9585906267166138
1773048997,738015852,world,cf231_leg,-2.669057846069336,-1.8245445489883423,0.9434226751327515
1773048997,742018787,world,cf231,-2.6795618534088135,-1.8164836168289185,0.9587092399597168
1773048997,742018787,world,cf231_leg,-2.669010639190674,-1.8242722749710083,0.9433872699737549
1773048997,747009769,world,cf231,-2.6795597076416016,-1.8161083459854126,0.9588984251022339
1773048997,747009769,world,cf231_leg,-2.668919801712036,-1.8240258693695068,0.9435446262359619
1773048997,752014131,world,cf231,-2.6795058250427246,-1.8158835172653198,0.9589520692825317
1773048997,752014131,world,cf231_leg,-2.66869854927063,-1.823720932006836,0.9432870149612427
1773048997,757996250,world,cf231,-2.679305076599121,-1.8154466152191162,0.9588220119476318
1773048997,757996250,world,cf231_leg,-2.668670892715454,-1.8235573768615723,0.9434401988983154
1773048997,762530804,world,cf231,-2.6792187690734863,-1.8151838779449463,0.958871603012085
1773048997,762530804,world,cf231_leg,-2.6686737537384033,-1.823368787765503,0.9435596466064453
1773048997,767031704,world,cf231,-2.679141044616699,-1.8149988651275635,0.9588943719863892
1773048997,767031704,world,cf231_leg,-2.6685612201690674,-1.8231360912322998,0.9436048269271851
1773048997,772369836,world,cf231,-2.678941011428833,-1.814752459526062,0.9590238332748413
1773048997,772369836,world,cf231_leg,-2.668402910232544,-1.8228449821472168,0.9435250759124756
1773048997,778547380,world,cf231,-2.6787586212158203,-1.814509630203247,0.9589728116989136
1773048997,778547380,world,cf231_leg,-2.668348789215088,-1.822636604309082,0.9438049793243408
1773048997,782026572,world,cf231,-2.6784865856170654,-1.8142306804656982,0.958961009979248
1773048997,782026572,world,cf231_leg,-2.668280601501465,-1.8223460912704468,0.9439692497253418
1773048997,787031291,world,cf231,-2.6783182621002197,-1.814012050628662,0.9590429067611694
1773048997,787031291,world,cf231_leg,-2.668175458908081,-1.8220139741897583,0.9439514875411987
1773048997,792200715,world,cf231,-2.678112745285034,-1.813819169998169,0.9590126276016235
1773048997,792200715,world,cf231_leg,-2.6680729389190674,-1.8218910694122314,0.9440795183181763
1773048997,798750126,world,cf231,-2.6778852939605713,-1.813556432723999,0.9589734077453613
1773048997,798750126,world,cf231_leg,-2.667998790740967,-1.8216283321380615,0.9441862106323242
1773048997,801932758,world,cf231,-2.6776132583618164,-1.8133150339126587,0.9590965509414673
1773048997,801932758,world,cf231_leg,-2.6678383350372314,-1.8212708234786987,0.9443256855010986
1773048997,807070551,world,cf231,-2.677359104156494,-1.8131828308105469,0.9589771032333374
1773048997,807070551,world,cf231_leg,-2.667670726776123,-1.8211344480514526,0.9442960023880005
1773048997,812769120,world,cf231,-2.6771657466888428,-1.8129780292510986,0.958966851234436
1773048997,812769120,world,cf231_leg,-2.667665719985962,-1.820979356765747,0.9444078207015991
1773048997,817015010,world,cf231,-2.6769824028015137,-1.8128867149353027,0.9590440988540649
1773048997,817015010,world,cf231_leg,-2.6674625873565674,-1.8206766843795776,0.9443923234939575
1773048997,822020893,world,cf231,-2.676605701446533,-1.8125810623168945,0.9590581655502319
1773048997,822020893,world,cf231_leg,-2.6673123836517334,-1.8203744888305664,0.944599986076355
1773048997,827157081,world,cf231,-2.6763055324554443,-1.812434196472168,0.9589884281158447
1773048997,827157081,world,cf231_leg,-2.667222499847412,-1.8202002048492432,0.944586992263794
1773048997,832238721,world,cf231,-2.6759486198425293,-1.812318205833435,0.9590415954589844
1773048997,832238721,world,cf231_leg,-2.6670758724212646,-1.82001531124115,0.944555401802063
1773048997,837159559,world,cf231,-2.675797939300537,-1.8120678663253784,0.9594234228134155
1773048997,837159559,world,cf231_leg,-2.66695499420166,-1.8198156356811523,0.9445943832397461
1773048997,842029071,world,cf231,-2.675532341003418,-1.8119772672653198,0.9594374895095825
1773048997,842029071,world,cf231_leg,-2.6668548583984375,-1.8196803331375122,0.9446250200271606
1773048997,846882105,world,cf231,-2.6752331256866455,-1.8118852376937866,0.9595869779586792
1773048997,846882105,world,cf231_leg,-2.6666417121887207,-1.8194165229797363,0.944652795791626
1773048997,852030790,world,cf231,-2.6748409271240234,-1.8116660118103027,0.9594436883926392
1773048997,852030790,world,cf231_leg,-2.6665303707122803,-1.8192875385284424,0.9446282386779785
1773048997,857709151,world,cf231,-2.6744158267974854,-1.8115930557250977,0.9595992565155029
1773048997,857709151,world,cf231_leg,-2.6663718223571777,-1.8191111087799072,0.9445586204528809
1773048997,862880730,world,cf231,-2.6740005016326904,-1.8114240169525146,0.9594757556915283
1773048997,862880730,world,cf231_leg,-2.6662604808807373,-1.8190256357192993,0.9447120428085327
1773048997,867857590,world,cf231,-2.673701524734497,-1.8113259077072144,0.9595893621444702
1773048997,867857590,world,cf231_leg,-2.6660587787628174,-1.818834662437439,0.9446702003479004
1773048997,872170809,world,cf231,-2.673463821411133,-1.8111428022384644,0.9597407579421997
1773048997,872170809,world,cf231_leg,-2.6658623218536377,-1.8185621500015259,0.9446914196014404
1773048997,878020172,world,cf231,-2.6732077598571777,-1.8111647367477417,0.9597688913345337
1773048997,878020172,world,cf231_leg,-2.6657495498657227,-1.8184369802474976,0.9447008371353149
1773048997,882885394,world,cf231,-2.672804117202759,-1.8110120296478271,0.9598249197006226
1773048997,882885394,world,cf231_leg,-2.6656298637390137,-1.818238377571106,0.9447356462478638
1773048997,887414085,world,cf231,-2.6725516319274902,-1.8109127283096313,0.9598004817962646
1773048997,887414085,world,cf231_leg,-2.665510654449463,-1.81803560256958,0.9447383880615234
1773048997,892012116,world,cf231,-2.6723427772521973,-1.8109813928604126,0.959876537322998
1773048997,892012116,world,cf231_leg,-2.6653337478637695,-1.817943811416626,0.9447797536849976
1773048997,896958999,world,cf231,-2.6719484329223633,-1.8108882904052734,0.9597986936569214
1773048997,896958999,world,cf231_leg,-2.6652238368988037,-1.817739725112915,0.9448891878128052
1773048997,901952284,world,cf231,-2.671751022338867,-1.8109161853790283,0.9598150253295898
1773048997,901952284,world,cf231_leg,-2.6650044918060303,-1.817448616027832,0.9448919296264648
1773048997,906971527,world,cf231,-2.6712865829467773,-1.8108235597610474,0.9596903324127197
1773048997,906971527,world,cf231_leg,-2.664790630340576,-1.8173019886016846,0.9449449777603149
1773048997,912701958,world,cf231,-2.670893669128418,-1.8107661008834839,0.9597269296646118
1773048997,912701958,world,cf231_leg,-2.6646907329559326,-1.8171664476394653,0.9449754953384399
1773048997,917228553,world,cf231,-2.6706724166870117,-1.810840368270874,0.9597477912902832
1773048997,917228553,world,cf231_leg,-2.6646461486816406,-1.8169273138046265,0.9450350999832153
1773048997,922008789,world,cf231,-2.670407295227051,-1.8107497692108154,0.959685206413269
1773048997,922008789,world,cf231_leg,-2.664377450942993,-1.8166567087173462,0.945054292678833
1773048997,927832065,world,cf231,-2.6700127124786377,-1.81065034866333,0.9595714807510376
1773048997,927832065,world,cf231_leg,-2.664264678955078,-1.8165262937545776,0.9450342655181885
1773048997,932001304,world,cf231,-2.6697802543640137,-1.8106226921081543,0.9595777988433838
1773048997,932001304,world,cf231_leg,-2.6641201972961426,-1.8163800239562988,0.9451267719268799
1773048997,937035117,world,cf231,-2.6695263385772705,-1.8106749057769775,0.9596829414367676
1773048997,937035117,world,cf231_leg,-2.6639046669006348,-1.8161953687667847,0.9450522661209106
1773048997,941977639,world,cf231,-2.6692726612091064,-1.8105747699737549,0.9596604108810425
1773048997,941977639,world,cf231_leg,-2.663728713989258,-1.8160780668258667,0.94521164894104
1773048997,947766283,world,cf231,-2.669041156768799,-1.8105416297912598,0.9596289396286011
1773048997,947766283,world,cf231_leg,-2.663646697998047,-1.8159151077270508,0.9451133012771606
1773048997,951957699,world,cf231,-2.668773889541626,-1.8104522228240967,0.9595892429351807
1773048997,951957699,world,cf231_leg,-2.6635117530822754,-1.8156113624572754,0.9451403617858887
1773048997,957129493,world,cf231,-2.668668031692505,-1.8105117082595825,0.9595259428024292
1773048997,957129493,world,cf231_leg,-2.6633996963500977,-1.8154816627502441,0.9451180696487427
1773048997,961903611,world,cf231,-2.6682989597320557,-1.810398817062378,0.9595032930374146
1773048997,961903611,world,cf231_leg,-2.6633079051971436,-1.8154207468032837,0.9451192617416382
1773048997,967776034,world,cf231,-2.6681125164031982,-1.8103824853897095,0.9594423770904541
1773048997,967776034,world,cf231_leg,-2.6630821228027344,-1.8151673078536987,0.9451236724853516
1773048997,971954010,world,cf231,-2.667844295501709,-1.810410499572754,0.9594136476516724
1773048997,971954010,world,cf231_leg,-2.6630160808563232,-1.8150912523269653,0.945196270942688
1773048997,977911665,world,cf231,-2.667764186859131,-1.8103382587432861,0.9594324827194214
1773048997,977911665,world,cf231_leg,-2.6629161834716797,-1.814953327178955,0.9452115297317505
1773048997,982129634,world,cf231,-2.6674861907958984,-1.8102593421936035,0.959349513053894
1773048997,982129634,world,cf231_leg,-2.6627750396728516,-1.8148365020751953,0.9453670978546143
1773048997,987046469,world,cf231,-2.667184352874756,-1.8102271556854248,0.9592710733413696
1773048997,987046469,world,cf231_leg,-2.6626272201538086,-1.8146554231643677,0.945367693901062
1773048997,992130512,world,cf231,-2.666965961456299,-1.810077428817749,0.959318995475769
1773048997,992130512,world,cf231_leg,-2.662479877471924,-1.8144363164901733,0.9452188014984131
1773048997,997034161,world,cf231,-2.666883945465088,-1.8101121187210083,0.9592993259429932
1773048997,997034161,world,cf231_leg,-2.662358045578003,-1.81423819065094,0.9452741146087646
1773048998,2118046,world,cf231,-2.666639804840088,-1.809944748878479,0.9591543674468994
1773048998,2118046,world,cf231_leg,-2.662367582321167,-1.8142396211624146,0.9453948736190796
1773048998,7088363,world,cf231,-2.666633367538452,-1.8099063634872437,0.9593114852905273
1773048998,7088363,world,cf231_leg,-2.662221670150757,-1.813940167427063,0.9453504085540771
1773048998,17515619,world,cf231,-2.66640043258667,-1.8098784685134888,0.9593181610107422
1773048998,17515619,world,cf231_leg,-2.6620402336120605,-1.8137000799179077,0.9453073740005493
1773048998,17841997,world,cf231,-2.666271209716797,-1.809863567352295,0.9592314958572388
1773048998,17841997,world,cf231_leg,-2.6619157791137695,-1.8135783672332764,0.9452476501464844
1773048998,22022703,world,cf231,-2.6661086082458496,-1.8097015619277954,0.9592617750167847
1773048998,22022703,world,cf231_leg,-2.661860227584839,-1.8133434057235718,0.945236086845398
1773048998,27165911,world,cf231,-2.666029930114746,-1.8096650838851929,0.9593955278396606
1773048998,27165911,world,cf231_leg,-2.6616458892822266,-1.8131550550460815,0.9451268911361694
1773048998,32021834,world,cf231,-2.66589093208313,-1.809539794921875,0.9592375755310059
1773048998,32021834,world,cf231_leg,-2.6615242958068848,-1.8129545450210571,0.9451667070388794
1773048998,37096292,world,cf231,-2.665846586227417,-1.8094185590744019,0.9593251943588257
1773048998,37096292,world,cf231_leg,-2.6614770889282227,-1.8127940893173218,0.9451262950897217
1773048998,42024953,world,cf231,-2.665743827819824,-1.8093907833099365,0.9593279361724854
1773048998,42024953,world,cf231_leg,-2.6613874435424805,-1.812499761581421,0.9450720548629761
1773048998,46915291,world,cf231,-2.6656064987182617,-1.8091895580291748,0.9593102931976318
1773048998,46915291,world,cf231_leg,-2.6612064838409424,-1.8123701810836792,0.9450069665908813
1773048998,52072194,world,cf231,-2.6655359268188477,-1.8091994524002075,0.9593172073364258
1773048998,52072194,world,cf231_leg,-2.6612701416015625,-1.8121014833450317,0.9451678991317749
1773048998,57096414,world,cf231,-2.6655502319335938,-1.8090806007385254,0.9593764543533325
1773048998,57096414,world,cf231_leg,-2.661170482635498,-1.8118534088134766,0.9452030658721924
1773048998,62032567,world,cf231,-2.665400981903076,-1.8088855743408203,0.9593015909194946
1773048998,62032567,world,cf231_leg,-2.6611146926879883,-1.8116155862808228,0.9451773166656494
1773048998,67737124,world,cf231,-2.66534423828125,-1.8087666034698486,0.9593162536621094
1773048998,67737124,world,cf231_leg,-2.661095380783081,-1.8114736080169678,0.9453036785125732
1773048998,72075721,world,cf231,-2.6652297973632812,-1.8086395263671875,0.9593228101730347
1773048998,72075721,world,cf231_leg,-2.661036968231201,-1.8113150596618652,0.9451770782470703
1773048998,76999713,world,cf231,-2.665254831314087,-1.8086254596710205,0.9594156742095947
1773048998,76999713,world,cf231_leg,-2.660996198654175,-1.8111058473587036,0.9452975988388062
1773048998,82105206,world,cf231,-2.6652109622955322,-1.8083391189575195,0.9593048095703125
1773048998,82105206,world,cf231_leg,-2.6609621047973633,-1.810935616493225,0.9452767372131348
1773048998,87841054,world,cf231,-2.6651909351348877,-1.8081591129302979,0.959316611289978
1773048998,87841054,world,cf231_leg,-2.6609671115875244,-1.8107436895370483,0.9453606605529785
1773048998,92123343,world,cf231,-2.665064811706543,-1.8079230785369873,0.959274172782898
1773048998,92123343,world,cf231_leg,-2.6608591079711914,-1.8104233741760254,0.9454395771026611
1773048998,97367799,world,cf231,-2.665022373199463,-1.8076726198196411,0.9592775106430054
1773048998,97367799,world,cf231_leg,-2.660831928253174,-1.810177206993103,0.945266842842102
1773048998,102112884,world,cf231,-2.6650338172912598,-1.8076287508010864,0.9591988325119019
1773048998,102112884,world,cf231_leg,-2.660827159881592,-1.8100218772888184,0.945379376411438
1773048998,107774480,world,cf231,-2.665083646774292,-1.8074508905410767,0.9592758417129517
1773048998,107774480,world,cf231_leg,-2.6606695652008057,-1.809730887413025,0.9452947378158569
1773048998,112042655,world,cf231,-2.6651453971862793,-1.807235836982727,0.9593082666397095
1773048998,112042655,world,cf231_leg,-2.6606929302215576,-1.8094514608383179,0.9452520608901978
1773048998,117870308,world,cf231,-2.6651251316070557,-1.8070459365844727,0.9592682123184204
1773048998,117870308,world,cf231_leg,-2.6607108116149902,-1.8092467784881592,0.9453426599502563
1773048998,122105570,world,cf231,-2.665128707885742,-1.8069621324539185,0.9593511819839478
1773048998,122105570,world,cf231_leg,-2.6606292724609375,-1.8089134693145752,0.9452663660049438
1773048998,126992578,world,cf231,-2.6651434898376465,-1.8066973686218262,0.9593168497085571
1773048998,126992578,world,cf231_leg,-2.660564661026001,-1.808607816696167,0.9453165531158447
1773048998,132005440,world,cf231,-2.665159225463867,-1.8064148426055908,0.9591735601425171
1773048998,132005440,world,cf231_leg,-2.6604840755462646,-1.8082677125930786,0.945192813873291
1773048998,136986745,world,cf231,-2.6652443408966064,-1.8061431646347046,0.959149956703186
1773048998,136986745,world,cf231_leg,-2.6605422496795654,-1.8080458641052246,0.9451756477355957
1773048998,142030445,world,cf231,-2.6652841567993164,-1.80585777759552,0.959174394607544
1773048998,142030445,world,cf231_leg,-2.6605467796325684,-1.8077329397201538,0.9452222585678101
1773048998,146949800,world,cf231,-2.665309190750122,-1.8056942224502563,0.9591575860977173
1773048998,146949800,world,cf231_leg,-2.660444498062134,-1.807447910308838,0.9451483488082886
1773048998,152821773,world,cf231,-2.6652894020080566,-1.805361270904541,0.9590418338775635
1773048998,152821773,world,cf231_leg,-2.660526752471924,-1.807325005531311,0.9452162981033325
1773048998,157108176,world,cf231,-2.6654484272003174,-1.8051488399505615,0.9592223167419434
1773048998,157108176,world,cf231_leg,-2.6605827808380127,-1.807074785232544,0.9451323747634888
1773048998,162014138,world,cf231,-2.6656057834625244,-1.8049125671386719,0.9593601226806641
1773048998,162014138,world,cf231_leg,-2.6605420112609863,-1.8068290948867798,0.9451208114624023
1773048998,167866091,world,cf231,-2.6656723022460938,-1.8044840097427368,0.9593931436538696
1773048998,167866091,world,cf231_leg,-2.660574436187744,-1.8065088987350464,0.945038914680481
1773048998,172102808,world,cf231,-2.6658263206481934,-1.8043160438537598,0.9593590497970581
1773048998,172102808,world,cf231_leg,-2.660484552383423,-1.8062161207199097,0.9450011253356934
1773048998,177167711,world,cf231,-2.6658332347869873,-1.8038616180419922,0.9593765735626221
1773048998,177167711,world,cf231_leg,-2.6606383323669434,-1.8059751987457275,0.9450651407241821
1773048998,182064761,world,cf231,-2.6659650802612305,-1.8036296367645264,0.9593693017959595
1773048998,182064761,world,cf231_leg,-2.660548686981201,-1.8055691719055176,0.9450336694717407
1773048998,187803146,world,cf231,-2.66611909866333,-1.8034741878509521,0.9594060182571411
1773048998,187803146,world,cf231_leg,-2.6605722904205322,-1.8051738739013672,0.9449828863143921
1773048998,192109015,world,cf231,-2.666241407394409,-1.8031418323516846,0.9593791961669922
1773048998,192109015,world,cf231_leg,-2.66058611869812,-1.804936170578003,0.9449981451034546
1773048998,197730939,world,cf231,-2.6661908626556396,-1.8026325702667236,0.959197998046875
1773048998,197730939,world,cf231_leg,-2.660552978515625,-1.8044171333312988,0.9449342489242554
1773048998,202818767,world,cf231,-2.666276454925537,-1.8023642301559448,0.959192156791687
1773048998,202818767,world,cf231_leg,-2.66056752204895,-1.804062008857727,0.944923996925354
1773048998,207061084,world,cf231,-2.666374683380127,-1.8020780086517334,0.9591708183288574
1773048998,207061084,world,cf231_leg,-2.660625696182251,-1.8038372993469238,0.9448931217193604
1773048998,211956521,world,cf231,-2.666602373123169,-1.8018035888671875,0.9592193365097046
1773048998,211956521,world,cf231_leg,-2.6607980728149414,-1.8036707639694214,0.9450318813323975
1773048998,217449740,world,cf231,-2.6667227745056152,-1.8014377355575562,0.9590975046157837
1773048998,217449740,world,cf231_leg,-2.660792112350464,-1.8032537698745728,0.9450434446334839
1773048998,222089359,world,cf231,-2.6668918132781982,-1.8011544942855835,0.9591394662857056
1773048998,222089359,world,cf231_leg,-2.660860776901245,-1.8029905557632446,0.9449671506881714
1773048998,227074492,world,cf231,-2.667013168334961,-1.8008273839950562,0.9591511487960815
1773048998,227074492,world,cf231_leg,-2.6610021591186523,-1.8027619123458862,0.9450255632400513
1773048998,232107934,world,cf231,-2.667112350463867,-1.8004579544067383,0.9593143463134766
1773048998,232107934,world,cf231_leg,-2.6608963012695312,-1.802222728729248,0.9449172019958496
1773048998,237151318,world,cf231,-2.6671760082244873,-1.8000500202178955,0.9589872360229492
1773048998,237151318,world,cf231_leg,-2.6609137058258057,-1.8018624782562256,0.9448543787002563
1773048998,242177455,world,cf231,-2.667264223098755,-1.7996621131896973,0.9589499235153198
1773048998,242177455,world,cf231_leg,-2.6610476970672607,-1.8014909029006958,0.9451234340667725
1773048998,247044764,world,cf231,-2.6673543453216553,-1.7991480827331543,0.9588457345962524
1773048998,247044764,world,cf231_leg,-2.6609561443328857,-1.8010436296463013,0.944951057434082
1773048998,252881160,world,cf231,-2.6675477027893066,-1.798811912536621,0.9588483572006226
1773048998,252881160,world,cf231_leg,-2.6608800888061523,-1.8005815744400024,0.9447469711303711
1773048998,257417574,world,cf231,-2.667687177658081,-1.7984222173690796,0.9590599536895752
1773048998,257417574,world,cf231_leg,-2.660994052886963,-1.8002477884292603,0.9447164535522461
1773048998,262711262,world,cf231,-2.6678128242492676,-1.798014760017395,0.959172248840332
1773048998,262711262,world,cf231_leg,-2.661107063293457,-1.8000364303588867,0.9447416067123413
1773048998,267033578,world,cf231,-2.6680209636688232,-1.7975504398345947,0.9591811895370483
1773048998,267033578,world,cf231_leg,-2.6610779762268066,-1.7996366024017334,0.9446747303009033
1773048998,272105424,world,cf231,-2.668201208114624,-1.797231912612915,0.9592006206512451
1773048998,272105424,world,cf231_leg,-2.6612279415130615,-1.799367070198059,0.9446954727172852
1773048998,277817009,world,cf231,-2.6682794094085693,-1.7967897653579712,0.9593355655670166
1773048998,277817009,world,cf231_leg,-2.661217451095581,-1.7989624738693237,0.9448270797729492
1773048998,282052178,world,cf231,-2.6684043407440186,-1.7963182926177979,0.959173321723938
1773048998,282052178,world,cf231_leg,-2.6611428260803223,-1.7984344959259033,0.9448181390762329
1773048998,287113264,world,cf231,-2.6685075759887695,-1.795802116394043,0.9591423273086548
1773048998,287113264,world,cf231_leg,-2.6612043380737305,-1.7979787588119507,0.944746732711792
1773048998,291987674,world,cf231,-2.668736457824707,-1.795375108718872,0.9590637683868408
1773048998,291987674,world,cf231_leg,-2.6613290309906006,-1.797642707824707,0.944804310798645
1773048998,297034151,world,cf231,-2.668848991394043,-1.7949373722076416,0.9590049982070923
1773048998,297034151,world,cf231_leg,-2.661311388015747,-1.7971153259277344,0.9447550773620605
1773048998,302160394,world,cf231,-2.668997049331665,-1.7945843935012817,0.9590376615524292
1773048998,302160394,world,cf231_leg,-2.6613733768463135,-1.7967655658721924,0.9446312189102173
1773048998,306977292,world,cf231,-2.6690876483917236,-1.7940857410430908,0.9590237140655518
1773048998,306977292,world,cf231_leg,-2.661439895629883,-1.796379804611206,0.9447662830352783
1773048998,312035150,world,cf231,-2.6692581176757812,-1.7937067747116089,0.959180474281311
1773048998,312035150,world,cf231_leg,-2.661545991897583,-1.7961527109146118,0.9448446035385132
1773048998,317117850,world,cf231,-2.669302225112915,-1.793158769607544,0.9590979814529419
1773048998,317117850,world,cf231_leg,-2.6616663932800293,-1.7957113981246948,0.9448028802871704
1773048998,322094893,world,cf231,-2.669466733932495,-1.7927135229110718,0.9592519998550415
1773048998,322094893,world,cf231_leg,-2.6616134643554688,-1.7952455282211304,0.9447702169418335
1773048998,327157455,world,cf231,-2.669736862182617,-1.7921797037124634,0.9593902826309204
1773048998,327157455,world,cf231_leg,-2.6616783142089844,-1.794871211051941,0.9449836015701294
1773048998,332030632,world,cf231,-2.6698052883148193,-1.791703462600708,0.9592355489730835
1773048998,332030632,world,cf231_leg,-2.6616127490997314,-1.7942554950714111,0.9447444677352905
1773048998,337171126,world,cf231,-2.669886589050293,-1.791135311126709,0.9593045711517334
1773048998,337171126,world,cf231_leg,-2.661602258682251,-1.7938059568405151,0.9447009563446045
1773048998,342162114,world,cf231,-2.6700589656829834,-1.790732502937317,0.9593158960342407
1773048998,342162114,world,cf231_leg,-2.661653995513916,-1.7934908866882324,0.9448786973953247
1773048998,347812775,world,cf231,-2.670149564743042,-1.7902334928512573,0.9593030214309692
1773048998,347812775,world,cf231_leg,-2.6616294384002686,-1.7929483652114868,0.944612979888916
1773048998,352106633,world,cf231,-2.670161247253418,-1.7896593809127808,0.9592894315719604
1773048998,352106633,world,cf231_leg,-2.661656618118286,-1.7925916910171509,0.9446877241134644
1773048998,357880351,world,cf231,-2.6702628135681152,-1.7892595529556274,0.9592736959457397
1773048998,357880351,world,cf231_leg,-2.661821126937866,-1.792199969291687,0.9447332620620728
1773048998,362090911,world,cf231,-2.670262336730957,-1.7887232303619385,0.9593026638031006
1773048998,362090911,world,cf231_leg,-2.6618170738220215,-1.7916746139526367,0.9447805881500244
1773048998,367892174,world,cf231,-2.670330286026001,-1.7882620096206665,0.95923912525177
1773048998,367892174,world,cf231_leg,-2.661742925643921,-1.7911410331726074,0.9447427988052368
1773048998,372016777,world,cf231,-2.670527458190918,-1.7878094911575317,0.9592289924621582
1773048998,372016777,world,cf231_leg,-2.6618616580963135,-1.7907369136810303,0.9448553323745728
1773048998,377077527,world,cf231,-2.6704955101013184,-1.7872393131256104,0.9592692852020264
1773048998,377077527,world,cf231_leg,-2.661872625350952,-1.790285587310791,0.9450020790100098
1773048998,382073284,world,cf231,-2.6706361770629883,-1.786670446395874,0.9592924118041992
1773048998,382073284,world,cf231_leg,-2.661843776702881,-1.7896522283554077,0.9449234008789062
1773048998,387095325,world,cf231,-2.6705946922302246,-1.786033272743225,0.9594347476959229
1773048998,387095325,world,cf231_leg,-2.6618432998657227,-1.7892504930496216,0.9449059963226318
1773048998,392797383,world,cf231,-2.6706626415252686,-1.785612940788269,0.9595258235931396
1773048998,392797383,world,cf231_leg,-2.661959648132324,-1.7889307737350464,0.9449459314346313
1773048998,397197594,world,cf231,-2.670837640762329,-1.7850993871688843,0.9595609903335571
1773048998,397197594,world,cf231_leg,-2.6619205474853516,-1.7884601354599,0.944962739944458
1773048998,402772025,world,cf231,-2.6709647178649902,-1.784650444984436,0.9595215320587158
1773048998,402772025,world,cf231_leg,-2.661891460418701,-1.787945032119751,0.9449070692062378
1773048998,407172092,world,cf231,-2.6709530353546143,-1.7841166257858276,0.9594763517379761
1773048998,407172092,world,cf231_leg,-2.6618268489837646,-1.7874895334243774,0.9448515176773071
1773048998,412048377,world,cf231,-2.6708388328552246,-1.7834104299545288,0.9593601226806641
1773048998,412048377,world,cf231_leg,-2.6618199348449707,-1.7869635820388794,0.9449235200881958
1773048998,417156771,world,cf231,-2.670789957046509,-1.7829372882843018,0.9593181610107422
1773048998,417156771,world,cf231_leg,-2.6618025302886963,-1.7864419221878052,0.9449235200881958
1773048998,422430495,world,cf231,-2.6707913875579834,-1.7823951244354248,0.9593100547790527
1773048998,422430495,world,cf231_leg,-2.661808729171753,-1.7860199213027954,0.9450081586837769
1773048998,428139062,world,cf231,-2.6709423065185547,-1.781930685043335,0.9593689441680908
1773048998,428139062,world,cf231_leg,-2.6617591381073,-1.7854691743850708,0.9450482130050659
1773048998,432121137,world,cf231,-2.670928955078125,-1.7814011573791504,0.959364652633667
1773048998,432121137,world,cf231_leg,-2.6618664264678955,-1.785070538520813,0.9451084136962891
1773048998,437119579,world,cf231,-2.6710071563720703,-1.7808185815811157,0.9596349000930786
1773048998,437119579,world,cf231_leg,-2.661804676055908,-1.78464937210083,0.9451466798782349
1773048998,442184033,world,cf231,-2.6708712577819824,-1.780195951461792,0.9596347808837891
1773048998,442184033,world,cf231_leg,-2.661914825439453,-1.7840549945831299,0.9455255270004272
1773048998,447000938,world,cf231,-2.6707799434661865,-1.7795923948287964,0.9596257209777832
1773048998,447000938,world,cf231_leg,-2.661818265914917,-1.7834218740463257,0.9454011917114258
1773048998,452026592,world,cf231,-2.670828104019165,-1.779064655303955,0.9595686197280884
1773048998,452026592,world,cf231_leg,-2.66168475151062,-1.7829608917236328,0.94527268409729
1773048998,457046904,world,cf231,-2.670900344848633,-1.7785636186599731,0.9597615003585815
1773048998,457046904,world,cf231_leg,-2.661653757095337,-1.7824428081512451,0.9452252388000488
1773048998,462249725,world,cf231,-2.6707942485809326,-1.7779626846313477,0.9597042798995972
1773048998,462249725,world,cf231_leg,-2.6616456508636475,-1.781877875328064,0.9451706409454346
1773048998,467158297,world,cf231,-2.6707584857940674,-1.7774842977523804,0.9597171545028687
1773048998,467158297,world,cf231_leg,-2.661534547805786,-1.7815150022506714,0.9451315402984619
1773048998,472855884,world,cf231,-2.670675754547119,-1.7769780158996582,0.9597862958908081
1773048998,472855884,world,cf231_leg,-2.6615734100341797,-1.7811191082000732,0.9451619386672974
1773048998,477184294,world,cf231,-2.6706762313842773,-1.7764533758163452,0.9598881006240845
1773048998,477184294,world,cf231_leg,-2.661566972732544,-1.7804388999938965,0.9453201293945312
1773048998,482000582,world,cf231,-2.6706228256225586,-1.775823950767517,0.9599941968917847
1773048998,482000582,world,cf231_leg,-2.6614749431610107,-1.7799901962280273,0.9453939199447632
1773048998,487118181,world,cf231,-2.670628547668457,-1.7752389907836914,0.9602246284484863
1773048998,487118181,world,cf231_leg,-2.6614344120025635,-1.7795171737670898,0.9454171657562256
1773048998,492085699,world,cf231,-2.6705124378204346,-1.774693489074707,0.9602932929992676
1773048998,492085699,world,cf231_leg,-2.6613714694976807,-1.7788738012313843,0.9455224275588989
1773048998,497126732,world,cf231,-2.670524835586548,-1.7741758823394775,0.9605228900909424
1773048998,497126732,world,cf231_leg,-2.6611759662628174,-1.7782477140426636,0.9455058574676514
1773048998,502920901,world,cf231,-2.670372724533081,-1.7736763954162598,0.9605027437210083
1773048998,502920901,world,cf231_leg,-2.6611380577087402,-1.777759075164795,0.945418119430542
1773048998,507528395,world,cf231,-2.67030668258667,-1.7730063199996948,0.9603846073150635
1773048998,507528395,world,cf231_leg,-2.661198854446411,-1.777406930923462,0.945813775062561
1773048998,512044560,world,cf231,-2.6701784133911133,-1.7724664211273193,0.9603961706161499
1773048998,512044560,world,cf231_leg,-2.661048173904419,-1.7769185304641724,0.9458004236221313
1773048998,517781807,world,cf231,-2.670001745223999,-1.7720228433609009,0.9604334831237793
1773048998,517781807,world,cf231_leg,-2.6609818935394287,-1.7764675617218018,0.9457970857620239
1773048998,522042718,world,cf231,-2.6697967052459717,-1.7712833881378174,0.9603970050811768
1773048998,522042718,world,cf231_leg,-2.6608726978302,-1.7758803367614746,0.9457846879959106
1773048998,527069360,world,cf231,-2.669718027114868,-1.770673394203186,0.960445761680603
1773048998,527069360,world,cf231_leg,-2.660710334777832,-1.7753210067749023,0.9458572864532471
1773048998,533854824,world,cf231,-2.6697847843170166,-1.7701631784439087,0.9608795642852783
1773048998,533854824,world,cf231_leg,-2.660722017288208,-1.7749083042144775,0.9461538791656494
1773048998,537124655,world,cf231,-2.6696937084198,-1.7695515155792236,0.9608383178710938
1773048998,537124655,world,cf231_leg,-2.6605417728424072,-1.774223804473877,0.9459455013275146
1773048998,542067927,world,cf231,-2.669546365737915,-1.7689367532730103,0.9607993364334106
1773048998,542067927,world,cf231_leg,-2.6604583263397217,-1.7737782001495361,0.946158766746521
1773048998,547864175,world,cf231,-2.669381618499756,-1.7684869766235352,0.9608945846557617
1773048998,547864175,world,cf231_leg,-2.6604528427124023,-1.7733631134033203,0.9462078809738159
1773048998,552733614,world,cf231,-2.669257402420044,-1.7678205966949463,0.9608385562896729
1773048998,552733614,world,cf231_leg,-2.6603219509124756,-1.7728214263916016,0.9464080333709717
1773048998,557090900,world,cf231,-2.669132709503174,-1.767156958580017,0.9608007669448853
1773048998,557090900,world,cf231_leg,-2.660257577896118,-1.7722923755645752,0.9465255737304688
1773048998,562010723,world,cf231,-2.6691112518310547,-1.766702651977539,0.9609503746032715
1773048998,562010723,world,cf231_leg,-2.660125732421875,-1.7717170715332031,0.9464027881622314
1773048998,567092630,world,cf231,-2.669006109237671,-1.766103744506836,0.9609110355377197
1773048998,567092630,world,cf231_leg,-2.6599936485290527,-1.7711790800094604,0.946412205696106
1773048998,571989545,world,cf231,-2.6687991619110107,-1.7654781341552734,0.960868239402771
1773048998,571989545,world,cf231_leg,-2.6597378253936768,-1.7706273794174194,0.9463200569152832
1773048998,577334124,world,cf231,-2.668776273727417,-1.76508367061615,0.961280107498169
1773048998,577334124,world,cf231_leg,-2.6595585346221924,-1.7700384855270386,0.9462672472000122
1773048998,582025141,world,cf231,-2.6686902046203613,-1.7644015550613403,0.9613908529281616
1773048998,582025141,world,cf231_leg,-2.6595706939697266,-1.7696850299835205,0.9465423822402954
1773048998,587101560,world,cf231,-2.6685285568237305,-1.7638376951217651,0.961490273475647
1773048998,587101560,world,cf231_leg,-2.659548759460449,-1.7692439556121826,0.9467035531997681
1773048998,592131673,world,cf231,-2.6684257984161377,-1.7632795572280884,0.9615799188613892
1773048998,592131673,world,cf231_leg,-2.6593549251556396,-1.7686257362365723,0.9467278718948364
1773048998,597073481,world,cf231,-2.668271541595459,-1.7628123760223389,0.9617594480514526
1773048998,597073481,world,cf231_leg,-2.6592373847961426,-1.7680764198303223,0.9467393159866333
1773048998,602172948,world,cf231,-2.6680643558502197,-1.76222825050354,0.9618703126907349
1773048998,602172948,world,cf231_leg,-2.6590161323547363,-1.767513394355774,0.9468584060668945
1773048998,607951086,world,cf231,-2.6679582595825195,-1.7617478370666504,0.9618390798568726
1773048998,607951086,world,cf231_leg,-2.6588211059570312,-1.7669339179992676,0.9470324516296387
1773048998,611933690,world,cf231,-2.667876720428467,-1.7612534761428833,0.9619029760360718
1773048998,611933690,world,cf231_leg,-2.6586663722991943,-1.7663283348083496,0.9470571279525757
1773048998,617795106,world,cf231,-2.667691230773926,-1.7606910467147827,0.9618349075317383
1773048998,617795106,world,cf231_leg,-2.6585071086883545,-1.765919804573059,0.9470046758651733
1773048998,622166368,world,cf231,-2.6675710678100586,-1.7600853443145752,0.9619350433349609
1773048998,622166368,world,cf231_leg,-2.6583051681518555,-1.7655024528503418,0.947007417678833
1773048998,627143112,world,cf231,-2.6673429012298584,-1.7594308853149414,0.9620357751846313
1773048998,627143112,world,cf231_leg,-2.658176898956299,-1.7650047540664673,0.947137713432312
1773048998,632069024,world,cf231,-2.667192220687866,-1.7589699029922485,0.9621486663818359
1773048998,632069024,world,cf231_leg,-2.6579689979553223,-1.7644319534301758,0.9472767114639282
1773048998,637815160,world,cf231,-2.6671690940856934,-1.7584805488586426,0.9622043371200562
1773048998,637815160,world,cf231_leg,-2.65787672996521,-1.7638720273971558,0.9473927021026611
1773048998,642137169,world,cf231,-2.6669936180114746,-1.7579132318496704,0.9622179269790649
1773048998,642137169,world,cf231_leg,-2.6577908992767334,-1.7634307146072388,0.9476597309112549
1773048998,647018341,world,cf231,-2.666898250579834,-1.757574439048767,0.9623358249664307
1773048998,647018341,world,cf231_leg,-2.657559633255005,-1.762750506401062,0.9476677179336548
1773048998,652079237,world,cf231,-2.6665854454040527,-1.7570468187332153,0.9623585939407349
1773048998,652079237,world,cf231_leg,-2.6571903228759766,-1.7622169256210327,0.947678804397583
1773048998,657043806,world,cf231,-2.666396379470825,-1.756607174873352,0.962340235710144
1773048998,657043806,world,cf231_leg,-2.6571686267852783,-1.7618076801300049,0.9479436874389648
1773048998,662120405,world,cf231,-2.666083812713623,-1.7559300661087036,0.9622752666473389
1773048998,662120405,world,cf231_leg,-2.656934976577759,-1.7612146139144897,0.9478914737701416
1773048998,667102487,world,cf231,-2.665997266769409,-1.7555632591247559,0.9624283313751221
1773048998,667102487,world,cf231_leg,-2.656632661819458,-1.7607663869857788,0.9478708505630493
1773048998,672075791,world,cf231,-2.6658456325531006,-1.7551041841506958,0.9625619649887085
1773048998,672075791,world,cf231_leg,-2.6565561294555664,-1.7604701519012451,0.9479185342788696
1773048998,677037089,world,cf231,-2.6656265258789062,-1.7546025514602661,0.962887167930603
1773048998,677037089,world,cf231_leg,-2.656280040740967,-1.7596955299377441,0.9476795196533203
1773048998,682887261,world,cf231,-2.6653189659118652,-1.7541496753692627,0.9628911018371582
1773048998,682887261,world,cf231_leg,-2.6559531688690186,-1.7590640783309937,0.9479143619537354
1773048998,687189100,world,cf231,-2.665013074874878,-1.7536468505859375,0.9631776809692383
1773048998,687189100,world,cf231_leg,-2.655810832977295,-1.7585642337799072,0.9479682445526123
1773048998,692044662,world,cf231,-2.6649179458618164,-1.7533079385757446,0.9632952213287354
1773048998,692044662,world,cf231_leg,-2.655595541000366,-1.757943868637085,0.9482086896896362
1773048998,696963223,world,cf231,-2.6645891666412354,-1.7527848482131958,0.9632890224456787
1773048998,696963223,world,cf231_leg,-2.655564785003662,-1.7576998472213745,0.9483377933502197
1773048998,702189629,world,cf231,-2.664320230484009,-1.7522590160369873,0.9632169008255005
1773048998,702189629,world,cf231_leg,-2.655306816101074,-1.7572051286697388,0.9485162496566772
1773048998,707846500,world,cf231,-2.663922071456909,-1.751766324043274,0.963241457939148
1773048998,707846500,world,cf231_leg,-2.6551380157470703,-1.7567248344421387,0.9487539529800415
1773048998,712799460,world,cf231,-2.663545608520508,-1.7511948347091675,0.9631862640380859
1773048998,712799460,world,cf231_leg,-2.654799699783325,-1.7560687065124512,0.9486192464828491
1773048998,717146416,world,cf231,-2.66322922706604,-1.7506661415100098,0.9632362127304077
1773048998,717146416,world,cf231_leg,-2.654522657394409,-1.7556520700454712,0.9486392736434937
1773048998,722020833,world,cf231,-2.662956476211548,-1.7502632141113281,0.9632140398025513
1773048998,722020833,world,cf231_leg,-2.654326915740967,-1.7552348375320435,0.9487888813018799
1773048998,728676838,world,cf231,-2.6628284454345703,-1.749898910522461,0.9633990526199341
1773048998,728676838,world,cf231_leg,-2.6540586948394775,-1.7545720338821411,0.9486515522003174
1773048998,732160378,world,cf231,-2.6623973846435547,-1.7492964267730713,0.9636036157608032
1773048998,732160378,world,cf231_leg,-2.653724431991577,-1.7540922164916992,0.9486535787582397
1773048998,737848727,world,cf231,-2.662044048309326,-1.748826026916504,0.9636358022689819
1773048998,737848727,world,cf231_leg,-2.6537506580352783,-1.7537314891815186,0.9489659070968628
1773048998,742133024,world,cf231,-2.661702871322632,-1.7483437061309814,0.9636898040771484
1773048998,742133024,world,cf231_leg,-2.65356707572937,-1.7531490325927734,0.949228048324585
1773048998,747069150,world,cf231,-2.661466598510742,-1.7479044198989868,0.9638082981109619
1773048998,747069150,world,cf231_leg,-2.6532764434814453,-1.7526917457580566,0.9492459297180176
1773048998,752240674,world,cf231,-2.661064863204956,-1.7473918199539185,0.9638272523880005
1773048998,752240674,world,cf231_leg,-2.6530094146728516,-1.7521898746490479,0.9492717981338501
1773048998,757077864,world,cf231,-2.6606757640838623,-1.7468675374984741,0.9638674259185791
1773048998,757077864,world,cf231_leg,-2.6528313159942627,-1.7515921592712402,0.9493982791900635
1773048998,762049878,world,cf231,-2.660262107849121,-1.746393084526062,0.9639294147491455
1773048998,762049878,world,cf231_leg,-2.652482748031616,-1.7509732246398926,0.9492895603179932
1773048998,767969030,world,cf231,-2.659907579421997,-1.7459766864776611,0.9641872644424438
1773048998,767969030,world,cf231_leg,-2.6521987915039062,-1.7504719495773315,0.9492764472961426
1773048998,772021169,world,cf231,-2.659459114074707,-1.7453974485397339,0.9640482664108276
1773048998,772021169,world,cf231_leg,-2.6520326137542725,-1.7500228881835938,0.9493684768676758
1773048998,776988259,world,cf231,-2.6593685150146484,-1.7450103759765625,0.9643683433532715
1773048998,776988259,world,cf231_leg,-2.651772975921631,-1.7495851516723633,0.9493058919906616
1773048998,782086337,world,cf231,-2.6589436531066895,-1.7445687055587769,0.9644349813461304
1773048998,782086337,world,cf231_leg,-2.6514906883239746,-1.7492057085037231,0.9493062496185303
1773048998,787135325,world,cf231,-2.6585693359375,-1.7440218925476074,0.9644191265106201
1773048998,787135325,world,cf231_leg,-2.6513826847076416,-1.7487046718597412,0.9498584270477295
1773048998,792194537,world,cf231,-2.6582088470458984,-1.7435098886489868,0.964592695236206
1773048998,792194537,world,cf231_leg,-2.6510181427001953,-1.7480971813201904,0.9497672319412231
1773048998,797173264,world,cf231,-2.6578409671783447,-1.7430007457733154,0.96441650390625
1773048998,797173264,world,cf231_leg,-2.6507608890533447,-1.747586965560913,0.949853777885437
1773048998,802046292,world,cf231,-2.6575026512145996,-1.742403507232666,0.964474081993103
1773048998,802046292,world,cf231_leg,-2.6506125926971436,-1.7471412420272827,0.9504196643829346
1773048998,807058679,world,cf231,-2.657229423522949,-1.742042064666748,0.9646047353744507
1773048998,807058679,world,cf231_leg,-2.650376558303833,-1.7465389966964722,0.9503433704376221
1773048998,812803304,world,cf231,-2.6567671298980713,-1.7414954900741577,0.9644962549209595
1773048998,812803304,world,cf231_leg,-2.650085210800171,-1.7460293769836426,0.9501575231552124
1773048998,817001745,world,cf231,-2.6563661098480225,-1.7410063743591309,0.9645587205886841
1773048998,817001745,world,cf231_leg,-2.649871826171875,-1.7455822229385376,0.9504070281982422
1773048998,822081299,world,cf231,-2.6560425758361816,-1.7405868768692017,0.9646139144897461
1773048998,822081299,world,cf231_leg,-2.64970326423645,-1.745215654373169,0.9504072666168213
1773048998,827055820,world,cf231,-2.6557788848876953,-1.740174651145935,0.9647284746170044
1773048998,827055820,world,cf231_leg,-2.6493165493011475,-1.7446587085723877,0.9503326416015625
1773048998,832256072,world,cf231,-2.655388832092285,-1.7396491765975952,0.9647679328918457
1773048998,832256072,world,cf231_leg,-2.6490976810455322,-1.744200587272644,0.9503734111785889
1773048998,837850551,world,cf231,-2.6550180912017822,-1.739063024520874,0.9650090932846069
1773048998,837850551,world,cf231_leg,-2.6488466262817383,-1.7435659170150757,0.9503605365753174
1773048998,842001587,world,cf231,-2.654606580734253,-1.7385092973709106,0.9651926755905151
1773048998,842001587,world,cf231_leg,-2.6484854221343994,-1.7429888248443604,0.9503298997879028
1773048998,847068708,world,cf231,-2.6543350219726562,-1.7379987239837646,0.9652305841445923
1773048998,847068708,world,cf231_leg,-2.648289680480957,-1.7425206899642944,0.950498104095459
1773048998,852037921,world,cf231,-2.654038190841675,-1.7375317811965942,0.965255618095398
1773048998,852037921,world,cf231_leg,-2.6479718685150146,-1.741837739944458,0.9504209756851196
1773048998,857961790,world,cf231,-2.653623342514038,-1.7370526790618896,0.9652990102767944
1773048998,857961790,world,cf231_leg,-2.6478328704833984,-1.7414902448654175,0.9505714178085327
1773048998,862142266,world,cf231,-2.6533608436584473,-1.7366056442260742,0.9652175903320312
1773048998,862142266,world,cf231_leg,-2.647674560546875,-1.74099862575531,0.9508553743362427
1773048998,867270701,world,cf231,-2.6529579162597656,-1.736111044883728,0.9652663469314575
1773048998,867270701,world,cf231_leg,-2.6474647521972656,-1.7406142950057983,0.9508455991744995
1773048998,872857068,world,cf231,-2.6526377201080322,-1.7356950044631958,0.965309739112854
1773048998,872857068,world,cf231_leg,-2.6471803188323975,-1.7400141954421997,0.9509458541870117
1773048998,877742056,world,cf231,-2.6524133682250977,-1.7351901531219482,0.9652427434921265
1773048998,877742056,world,cf231_leg,-2.646862506866455,-1.739458680152893,0.9509327411651611
1773048998,882068993,world,cf231,-2.6520836353302,-1.734701156616211,0.9653514623641968
1773048998,882068993,world,cf231_leg,-2.6465511322021484,-1.7389748096466064,0.9508770704269409
1773048998,887876368,world,cf231,-2.651737928390503,-1.7340128421783447,0.9653620719909668
1773048998,887876368,world,cf231_leg,-2.6463937759399414,-1.738418459892273,0.9511483907699585
1773048998,892032065,world,cf231,-2.6514453887939453,-1.7337472438812256,0.9654089212417603
1773048998,892032065,world,cf231_leg,-2.6461246013641357,-1.7379083633422852,0.9511486291885376
1773048998,896905480,world,cf231,-2.6511874198913574,-1.733246088027954,0.9654951095581055
1773048998,896905480,world,cf231_leg,-2.6458301544189453,-1.7374013662338257,0.9512256383895874
1773048998,902024336,world,cf231,-2.6509041786193848,-1.732672929763794,0.9656738042831421
1773048998,902024336,world,cf231_leg,-2.6457552909851074,-1.7369848489761353,0.9512486457824707
1773048998,907191405,world,cf231,-2.65065598487854,-1.7320719957351685,0.965482234954834
1773048998,907191405,world,cf231_leg,-2.6454641819000244,-1.736456274986267,0.9514528512954712
1773048998,912008687,world,cf231,-2.6503920555114746,-1.7317076921463013,0.965785026550293
1773048998,912008687,world,cf231_leg,-2.645218849182129,-1.7357815504074097,0.9516690969467163
1773048998,917078942,world,cf231,-2.6500022411346436,-1.7311784029006958,0.9658039808273315
1773048998,917078942,world,cf231_leg,-2.6450393199920654,-1.7352977991104126,0.9515767097473145
1773048998,922082109,world,cf231,-2.649763822555542,-1.7307261228561401,0.9658721685409546
1773048998,922082109,world,cf231_leg,-2.6447460651397705,-1.73468816280365,0.9515072107315063
1773048998,927019789,world,cf231,-2.649526596069336,-1.730271339416504,0.9659204483032227
1773048998,927019789,world,cf231_leg,-2.6445369720458984,-1.7342214584350586,0.9516090154647827
1773048998,932037179,world,cf231,-2.649277925491333,-1.7297085523605347,0.9659394025802612
1773048998,932037179,world,cf231_leg,-2.644238233566284,-1.733685851097107,0.9514288902282715
1773048998,936912774,world,cf231,-2.6490769386291504,-1.729197382926941,0.9660258293151855
1773048998,936912774,world,cf231_leg,-2.644117832183838,-1.7332526445388794,0.9514851570129395
1773048998,942379480,world,cf231,-2.6486730575561523,-1.7286653518676758,0.9659552574157715
1773048998,942379480,world,cf231_leg,-2.6439175605773926,-1.732861876487732,0.9515528678894043
1773048998,946992124,world,cf231,-2.6484968662261963,-1.7282480001449585,0.9660735130310059
1773048998,946992124,world,cf231_leg,-2.6437318325042725,-1.732309341430664,0.9515155553817749
1773048998,952043055,world,cf231,-2.6482160091400146,-1.7276476621627808,0.9660869836807251
1773048998,952043055,world,cf231_leg,-2.6435012817382812,-1.7317383289337158,0.9514940977096558
1773048998,957351227,world,cf231,-2.647995948791504,-1.72706139087677,0.966122031211853
1773048998,957351227,world,cf231_leg,-2.643272638320923,-1.7312922477722168,0.9516986608505249
1773048998,962228058,world,cf231,-2.6478683948516846,-1.726546049118042,0.9662165641784668
1773048998,962228058,world,cf231_leg,-2.6429593563079834,-1.7304943799972534,0.9516006708145142
1773048998,967428983,world,cf231,-2.647620916366577,-1.7259743213653564,0.9661786556243896
1773048998,967428983,world,cf231_leg,-2.642622232437134,-1.7298994064331055,0.9516478776931763
1773048998,972981621,world,cf231,-2.6472907066345215,-1.7254383563995361,0.9661151170730591
1773048998,972981621,world,cf231_leg,-2.642577648162842,-1.7294515371322632,0.9516139030456543
1773048998,977067667,world,cf231,-2.6470425128936768,-1.724868893623352,0.9660972356796265
1773048998,977067667,world,cf231_leg,-2.6424686908721924,-1.72897207736969,0.9518072605133057
1773048998,982095158,world,cf231,-2.6468677520751953,-1.7242923974990845,0.9660699367523193
1773048998,982095158,world,cf231_leg,-2.6422688961029053,-1.728561520576477,0.9520401954650879
1773048998,987064832,world,cf231,-2.6466410160064697,-1.7238267660140991,0.9661625623703003
1773048998,987064832,world,cf231_leg,-2.642090082168579,-1.7280826568603516,0.9519753456115723
1773048998,992090631,world,cf231,-2.646486759185791,-1.7233262062072754,0.9661827087402344
1773048998,992090631,world,cf231_leg,-2.641763925552368,-1.7274223566055298,0.9521158933639526
1773048998,997150032,world,cf231,-2.6461572647094727,-1.7226921319961548,0.9662353992462158
1773048998,997150032,world,cf231_leg,-2.641540050506592,-1.7269247770309448,0.952067494392395
1773048999,2023716,world,cf231,-2.645949363708496,-1.7221390008926392,0.9664657115936279
1773048999,2023716,world,cf231_leg,-2.6414005756378174,-1.726419448852539,0.9520823955535889
1773048999,7025098,world,cf231,-2.6457467079162598,-1.7216253280639648,0.9665567874908447
1773048999,7025098,world,cf231_leg,-2.6411080360412598,-1.7258424758911133,0.9521130323410034
1773048999,11902965,world,cf231,-2.6455013751983643,-1.7209407091140747,0.9665433168411255
1773048999,11902965,world,cf231_leg,-2.6410584449768066,-1.725407361984253,0.9521976709365845
1773048999,17122479,world,cf231,-2.6454272270202637,-1.7205748558044434,0.9668083190917969
1773048999,17122479,world,cf231_leg,-2.640800952911377,-1.7248947620391846,0.9522830247879028
1773048999,22043908,world,cf231,-2.6450624465942383,-1.7198704481124878,0.9667799472808838
1773048999,22043908,world,cf231_leg,-2.6407554149627686,-1.7243449687957764,0.9523522853851318
1773048999,27022609,world,cf231,-2.644944906234741,-1.7194641828536987,0.9669262170791626
1773048999,27022609,world,cf231_leg,-2.640509843826294,-1.7236639261245728,0.9525384902954102
1773048999,32128475,world,cf231,-2.644778251647949,-1.718965768814087,0.9668700695037842
1773048999,32128475,world,cf231_leg,-2.6404242515563965,-1.7232428789138794,0.9524435997009277
1773048999,37059372,world,cf231,-2.644418478012085,-1.718134880065918,0.9667713642120361
1773048999,37059372,world,cf231_leg,-2.6402230262756348,-1.7225857973098755,0.9524320363998413
1773048999,42148336,world,cf231,-2.6443393230438232,-1.7176283597946167,0.9667776823043823
1773048999,42148336,world,cf231_leg,-2.639927625656128,-1.7219696044921875,0.9523537158966064
1773048999,47077978,world,cf231,-2.6440160274505615,-1.7170604467391968,0.9667547941207886
1773048999,47077978,world,cf231_leg,-2.6397457122802734,-1.721487045288086,0.9522976875305176
1773048999,52127960,world,cf231,-2.643789768218994,-1.7165549993515015,0.9667086601257324
1773048999,52127960,world,cf231_leg,-2.6396849155426025,-1.7210577726364136,0.9523261785507202
1773048999,57356440,world,cf231,-2.6436214447021484,-1.7159348726272583,0.9668995141983032
1773048999,57356440,world,cf231_leg,-2.639526605606079,-1.7206460237503052,0.9522672891616821
1773048999,62034203,world,cf231,-2.6434686183929443,-1.7153104543685913,0.9668941497802734
1773048999,62034203,world,cf231_leg,-2.6393656730651855,-1.7200762033462524,0.9523084163665771
1773048999,67126652,world,cf231,-2.6434271335601807,-1.7147482633590698,0.966935396194458
1773048999,67126652,world,cf231_leg,-2.6391615867614746,-1.7193760871887207,0.9523872137069702
1773048999,72210992,world,cf231,-2.643287420272827,-1.7142369747161865,0.966972827911377
1773048999,72210992,world,cf231_leg,-2.6390888690948486,-1.7187665700912476,0.9525601863861084
1773048999,77414821,world,cf231,-2.643038034439087,-1.7136684656143188,0.9669744968414307
1773048999,77414821,world,cf231_leg,-2.6388304233551025,-1.718087911605835,0.9524667263031006
1773048999,83017008,world,cf231,-2.6428163051605225,-1.7130392789840698,0.9668769836425781
1773048999,83017008,world,cf231_leg,-2.638746738433838,-1.717581868171692,0.9526798725128174
1773048999,87234375,world,cf231,-2.642826557159424,-1.7126160860061646,0.9670414924621582
1773048999,87234375,world,cf231_leg,-2.638765335083008,-1.7172297239303589,0.95271897315979
1773048999,92097830,world,cf231,-2.6427152156829834,-1.7119169235229492,0.9669382572174072
1773048999,92097830,world,cf231_leg,-2.638613224029541,-1.7168290615081787,0.9528677463531494
1773048999,97968734,world,cf231,-2.6427042484283447,-1.711531400680542,0.9670265913009644
1773048999,97968734,world,cf231_leg,-2.6384835243225098,-1.7162864208221436,0.9528723955154419
1773048999,102170182,world,cf231,-2.6425065994262695,-1.7109266519546509,0.9671677350997925
1773048999,102170182,world,cf231_leg,-2.6383752822875977,-1.715693712234497,0.9528789520263672
1773048999,107755944,world,cf231,-2.6424224376678467,-1.7104231119155884,0.9673148393630981
1773048999,107755944,world,cf231_leg,-2.6381759643554688,-1.7152312994003296,0.9529033899307251
1773048999,111953636,world,cf231,-2.6422858238220215,-1.7098262310028076,0.9674419164657593
1773048999,111953636,world,cf231_leg,-2.6379966735839844,-1.714634656906128,0.9528508186340332
1773048999,117037989,world,cf231,-2.642336368560791,-1.7093466520309448,0.9676176309585571
1773048999,117037989,world,cf231_leg,-2.637967586517334,-1.714107871055603,0.9530223608016968
1773048999,122099036,world,cf231,-2.642253875732422,-1.7088121175765991,0.9675853252410889
1773048999,122099036,world,cf231_leg,-2.637864828109741,-1.7135846614837646,0.9532033205032349
1773048999,127077434,world,cf231,-2.6421525478363037,-1.708150029182434,0.9677932262420654
1773048999,127077434,world,cf231_leg,-2.637922525405884,-1.7132105827331543,0.9533554315567017
1773048999,131992669,world,cf231,-2.642045736312866,-1.7076661586761475,0.9677814245223999
1773048999,131992669,world,cf231_leg,-2.637691020965576,-1.7125252485275269,0.9533790349960327
1773048999,137158096,world,cf231,-2.642167091369629,-1.7072914838790894,0.9679259061813354
1773048999,137158096,world,cf231_leg,-2.637580394744873,-1.7118903398513794,0.9534734487533569
1773048999,142097710,world,cf231,-2.6420979499816895,-1.7067426443099976,0.9678968191146851
1773048999,142097710,world,cf231_leg,-2.63744854927063,-1.711458444595337,0.9534593820571899
1773048999,147305643,world,cf231,-2.6420202255249023,-1.706074595451355,0.9677608013153076
1773048999,147305643,world,cf231_leg,-2.637273073196411,-1.7107434272766113,0.9533779621124268
1773048999,151960422,world,cf231,-2.642116069793701,-1.7057162523269653,0.9678267240524292
1773048999,151960422,world,cf231_leg,-2.637091875076294,-1.710260272026062,0.9533200263977051
1773048999,157847517,world,cf231,-2.641932487487793,-1.7050706148147583,0.9679025411605835
1773048999,157847517,world,cf231_leg,-2.6370797157287598,-1.709764003753662,0.9534082412719727
1773048999,162141558,world,cf231,-2.6420140266418457,-1.7044479846954346,0.9680871963500977
1773048999,162141558,world,cf231_leg,-2.637002468109131,-1.7093089818954468,0.9533376693725586
1773048999,167019256,world,cf231,-2.642014980316162,-1.7040194272994995,0.9681168794631958
1773048999,167019256,world,cf231_leg,-2.6370174884796143,-1.7089207172393799,0.9535146951675415
1773048999,172914975,world,cf231,-2.6421048641204834,-1.7034661769866943,0.9682199954986572
1773048999,172914975,world,cf231_leg,-2.6369740962982178,-1.7083711624145508,0.9535799026489258
1773048999,177113657,world,cf231,-2.642179489135742,-1.7030400037765503,0.968294620513916
1773048999,177113657,world,cf231_leg,-2.6367440223693848,-1.7076811790466309,0.9535703659057617
1773048999,182510185,world,cf231,-2.6420323848724365,-1.7024160623550415,0.9682577848434448
1773048999,182510185,world,cf231_leg,-2.6367275714874268,-1.7073121070861816,0.9537496566772461
1773048999,187137585,world,cf231,-2.641916275024414,-1.7018516063690186,0.9682794809341431
1773048999,187137585,world,cf231_leg,-2.636605978012085,-1.7066054344177246,0.9539320468902588
1773048999,192312972,world,cf231,-2.6418344974517822,-1.7013132572174072,0.9682300090789795
1773048999,192312972,world,cf231_leg,-2.636395215988159,-1.705981969833374,0.9539334774017334
1773048999,197025067,world,cf231,-2.6419031620025635,-1.7006516456604004,0.9682060480117798
1773048999,197025067,world,cf231_leg,-2.636417865753174,-1.7056125402450562,0.9538427591323853
1773048999,202380111,world,cf231,-2.642014741897583,-1.700205683708191,0.9684391021728516
1773048999,202380111,world,cf231_leg,-2.636317729949951,-1.7051430940628052,0.9540106058120728
1773048999,207839603,world,cf231,-2.642122983932495,-1.6996865272521973,0.9684596061706543
1773048999,207839603,world,cf231_leg,-2.6362180709838867,-1.7046226263046265,0.9539693593978882
1773048999,212078163,world,cf231,-2.642036199569702,-1.6991055011749268,0.9685338735580444
1773048999,212078163,world,cf231_leg,-2.636063575744629,-1.704127311706543,0.9540009498596191
1773048999,217256183,world,cf231,-2.6421258449554443,-1.6986664533615112,0.9686076641082764
1773048999,217256183,world,cf231_leg,-2.6358251571655273,-1.7035213708877563,0.9539620876312256
1773048999,222121692,world,cf231,-2.6421315670013428,-1.698030710220337,0.968794584274292
1773048999,222121692,world,cf231_leg,-2.6358768939971924,-1.7030471563339233,0.9542825222015381
1773048999,227041147,world,cf231,-2.642192840576172,-1.6976085901260376,0.9688150882720947
1773048999,227041147,world,cf231_leg,-2.6357421875,-1.702460527420044,0.9544017314910889
1773048999,231894340,world,cf231,-2.642256736755371,-1.6970767974853516,0.9688785076141357
1773048999,231894340,world,cf231_leg,-2.6356961727142334,-1.7019051313400269,0.954461932182312
1773048999,237924499,world,cf231,-2.6421446800231934,-1.6964401006698608,0.969059944152832
1773048999,237924499,world,cf231_leg,-2.635801315307617,-1.7014210224151611,0.9547462463378906
1773048999,242175630,world,cf231,-2.642160415649414,-1.6959317922592163,0.9688142538070679
1773048999,242175630,world,cf231_leg,-2.6357381343841553,-1.7011089324951172,0.9548022747039795
1773048999,247079503,world,cf231,-2.6421234607696533,-1.6954973936080933,0.9691400527954102
1773048999,247079503,world,cf231_leg,-2.6355934143066406,-1.7004268169403076,0.9547320604324341
1773048999,251958814,world,cf231,-2.6422364711761475,-1.6949690580368042,0.9690792560577393
1773048999,251958814,world,cf231_leg,-2.635615348815918,-1.6999523639678955,0.9547315835952759
1773048999,257877232,world,cf231,-2.64229416847229,-1.6944032907485962,0.9693219661712646
1773048999,257877232,world,cf231_leg,-2.635415554046631,-1.6994013786315918,0.9546626806259155
1773048999,262194739,world,cf231,-2.6420986652374268,-1.6937648057937622,0.9693588018417358
1773048999,262194739,world,cf231_leg,-2.6352267265319824,-1.6988437175750732,0.9546526670455933
1773048999,267294872,world,cf231,-2.6420397758483887,-1.6933318376541138,0.9694175720214844
1773048999,267294872,world,cf231_leg,-2.6351513862609863,-1.6982674598693848,0.9545611143112183
1773048999,272042914,world,cf231,-2.642098903656006,-1.6929266452789307,0.969550609588623
1773048999,272042914,world,cf231_leg,-2.6351935863494873,-1.697860598564148,0.9545689821243286
1773048999,277245328,world,cf231,-2.642117738723755,-1.6923744678497314,0.9696247577667236
1773048999,277245328,world,cf231_leg,-2.6351678371429443,-1.6974939107894897,0.9546555280685425
1773048999,282570478,world,cf231,-2.6420280933380127,-1.691756248474121,0.9696065187454224
1773048999,282570478,world,cf231_leg,-2.6351780891418457,-1.6969103813171387,0.954841136932373
1773048999,287343734,world,cf231,-2.64208984375,-1.691340446472168,0.9696623086929321
1773048999,287343734,world,cf231_leg,-2.635061740875244,-1.6963553428649902,0.9548721313476562
1773048999,292340983,world,cf231,-2.642045497894287,-1.6908971071243286,0.9697397947311401
1773048999,292340983,world,cf231_leg,-2.6350018978118896,-1.6959244012832642,0.9549018144607544
1773048999,297441511,world,cf231,-2.6419224739074707,-1.6902164220809937,0.9696708917617798
1773048999,297441511,world,cf231_leg,-2.6348211765289307,-1.6951309442520142,0.9548319578170776
1773048999,303018458,world,cf231,-2.6420176029205322,-1.6896966695785522,0.9698498249053955
1773048999,303018458,world,cf231_leg,-2.634756088256836,-1.694665551185608,0.9550193548202515
1773048999,308082179,world,cf231,-2.6419811248779297,-1.689176321029663,0.969794511795044
1773048999,308082179,world,cf231_leg,-2.6346685886383057,-1.694130301475525,0.9549915790557861
1773048999,313250450,world,cf231,-2.6417787075042725,-1.688578486442566,0.9696147441864014
1773048999,313250450,world,cf231_leg,-2.6345725059509277,-1.6937545537948608,0.9549883604049683
1773048999,318238504,world,cf231,-2.64182186126709,-1.6881608963012695,0.9698599576950073
1773048999,318238504,world,cf231_leg,-2.634537935256958,-1.69327974319458,0.9550215005874634
1773048999,322332983,world,cf231,-2.6417500972747803,-1.687728762626648,0.9698457717895508
1773048999,322332983,world,cf231_leg,-2.634491443634033,-1.6928907632827759,0.9550677537918091
1773048999,328018501,world,cf231,-2.641817092895508,-1.687188982963562,0.969851016998291
1773048999,328018501,world,cf231_leg,-2.6342921257019043,-1.6922228336334229,0.955009937286377
1773048999,332808207,world,cf231,-2.6419081687927246,-1.6867598295211792,0.969977617263794
1773048999,332808207,world,cf231_leg,-2.6340880393981934,-1.6916768550872803,0.9550145864486694
1773048999,337153629,world,cf231,-2.6418135166168213,-1.6862274408340454,0.9698925018310547
1773048999,337153629,world,cf231_leg,-2.634018898010254,-1.6911734342575073,0.9551113843917847
1773048999,342025824,world,cf231,-2.6415913105010986,-1.6855995655059814,0.9698371887207031
1773048999,342025824,world,cf231_leg,-2.63387131690979,-1.6905457973480225,0.9550176858901978
1773048999,347062157,world,cf231,-2.6414425373077393,-1.6849678754806519,0.969792366027832
1773048999,347062157,world,cf231_leg,-2.633820056915283,-1.690110445022583,0.9551447629928589
1773048999,352435450,world,cf231,-2.6415131092071533,-1.684624433517456,0.9697836637496948
1773048999,352435450,world,cf231_leg,-2.633814573287964,-1.689810872077942,0.9552408456802368
1773048999,357157198,world,cf231,-2.6415295600891113,-1.6841847896575928,0.9698333740234375
1773048999,357157198,world,cf231_leg,-2.6338016986846924,-1.6891658306121826,0.955490231513977
1773048999,362090230,world,cf231,-2.641415596008301,-1.6835858821868896,0.9697515964508057
1773048999,362090230,world,cf231_leg,-2.6336605548858643,-1.688781499862671,0.9555621147155762
1773048999,367091591,world,cf231,-2.641289234161377,-1.6830599308013916,0.9698152542114258
1773048999,367091591,world,cf231_leg,-2.633605718612671,-1.6882717609405518,0.9554798603057861
1773048999,371965844,world,cf231,-2.6412224769592285,-1.6825664043426514,0.9700107574462891
1773048999,371965844,world,cf231_leg,-2.633427143096924,-1.6876296997070312,0.9552805423736572
1773048999,377126391,world,cf231,-2.6410229206085205,-1.6820040941238403,0.9699256420135498
1773048999,377126391,world,cf231_leg,-2.6332764625549316,-1.6872146129608154,0.9553540945053101
1773048999,382137797,world,cf231,-2.641003131866455,-1.681509017944336,0.9699851274490356
1773048999,382137797,world,cf231_leg,-2.6331677436828613,-1.686575174331665,0.9552202224731445
1773048999,387095092,world,cf231,-2.640903949737549,-1.6808706521987915,0.9697643518447876
1773048999,387095092,world,cf231_leg,-2.6330583095550537,-1.6862056255340576,0.9551795721054077
1773048999,392097689,world,cf231,-2.6409261226654053,-1.6804043054580688,0.9698959589004517
1773048999,392097689,world,cf231_leg,-2.6330087184906006,-1.6858415603637695,0.955111026763916
1773048999,397165605,world,cf231,-2.640615940093994,-1.6798365116119385,0.9699831008911133
1773048999,397165605,world,cf231_leg,-2.632913589477539,-1.6853539943695068,0.9551485776901245
1773048999,402972053,world,cf231,-2.640601873397827,-1.6795401573181152,0.9700217247009277
1773048999,402972053,world,cf231_leg,-2.632716417312622,-1.6848430633544922,0.9549897909164429
1773048999,407096246,world,cf231,-2.640465021133423,-1.678877830505371,0.9699878692626953
1773048999,407096246,world,cf231_leg,-2.632715940475464,-1.6843037605285645,0.955253005027771
1773048999,412832002,world,cf231,-2.640364170074463,-1.678263545036316,0.9699115753173828
1773048999,412832002,world,cf231_leg,-2.6326253414154053,-1.6836934089660645,0.9552295207977295
1773048999,417166374,world,cf231,-2.640272617340088,-1.677760362625122,0.9698855876922607
1773048999,417166374,world,cf231_leg,-2.6325902938842773,-1.683208703994751,0.955223798751831
1773048999,422050412,world,cf231,-2.6402881145477295,-1.6774262189865112,0.9703537225723267
1773048999,422050412,world,cf231_leg,-2.6324713230133057,-1.6827690601348877,0.9552663564682007
1773048999,427234242,world,cf231,-2.640061378479004,-1.6768746376037598,0.9701762199401855
1773048999,427234242,world,cf231_leg,-2.632362127304077,-1.6822797060012817,0.9552241563796997
1773048999,432155230,world,cf231,-2.6397902965545654,-1.6761950254440308,0.9700727462768555
1773048999,432155230,world,cf231_leg,-2.6322126388549805,-1.681815505027771,0.955316424369812
1773048999,437085352,world,cf231,-2.639810085296631,-1.675917625427246,0.970007061958313
1773048999,437085352,world,cf231_leg,-2.6321890354156494,-1.6814496517181396,0.9553989171981812
1773048999,442110738,world,cf231,-2.639735698699951,-1.675331473350525,0.9701628684997559
1773048999,442110738,world,cf231_leg,-2.632127285003662,-1.6808271408081055,0.9552295207977295
1773048999,447140691,world,cf231,-2.6395232677459717,-1.6747632026672363,0.9699680805206299
1773048999,447140691,world,cf231_leg,-2.631819248199463,-1.6803269386291504,0.955082893371582
1773048999,452160831,world,cf231,-2.639441728591919,-1.6743712425231934,0.96999192237854
1773048999,452160831,world,cf231_leg,-2.6315953731536865,-1.679823637008667,0.9550360441207886
1773048999,457161123,world,cf231,-2.6392407417297363,-1.6738131046295166,0.9699457883834839
1773048999,457161123,world,cf231_leg,-2.6314520835876465,-1.679120421409607,0.9548619985580444
1773048999,461938809,world,cf231,-2.6390655040740967,-1.6731946468353271,0.9698258638381958
1773048999,461938809,world,cf231_leg,-2.6313867568969727,-1.6787675619125366,0.9548099040985107
1773048999,467181098,world,cf231,-2.6390323638916016,-1.6727157831192017,0.9699013233184814
1773048999,467181098,world,cf231_leg,-2.631228446960449,-1.6783462762832642,0.9547227621078491
1773048999,472163639,world,cf231,-2.6387851238250732,-1.6721302270889282,0.9698319435119629
1773048999,472163639,world,cf231_leg,-2.63114333152771,-1.6779674291610718,0.954810380935669
1773048999,477951024,world,cf231,-2.6387360095977783,-1.6717655658721924,0.9698078632354736
1773048999,477951024,world,cf231_leg,-2.631058931350708,-1.6775503158569336,0.9547607898712158
1773048999,482171116,world,cf231,-2.638450860977173,-1.671242356300354,0.969735860824585
1773048999,482171116,world,cf231_leg,-2.6309688091278076,-1.6770566701889038,0.9547230005264282
1773048999,487893840,world,cf231,-2.63828706741333,-1.6707336902618408,0.9696424007415771
1773048999,487893840,world,cf231_leg,-2.630723714828491,-1.6764863729476929,0.9546859264373779
1773048999,491994349,world,cf231,-2.638134241104126,-1.6701840162277222,0.969510555267334
1773048999,491994349,world,cf231_leg,-2.630544900894165,-1.675925612449646,0.9547861814498901
1773048999,497957411,world,cf231,-2.638040781021118,-1.669647216796875,0.9694063663482666
1773048999,497957411,world,cf231_leg,-2.630397319793701,-1.6754575967788696,0.9546270370483398
1773048999,502181689,world,cf231,-2.6378018856048584,-1.6691781282424927,0.9694254398345947
1773048999,502181689,world,cf231_leg,-2.6302356719970703,-1.6748337745666504,0.9544994831085205
1773048999,507882289,world,cf231,-2.6375646591186523,-1.6687073707580566,0.9694216251373291
1773048999,507882289,world,cf231_leg,-2.6301369667053223,-1.6745706796646118,0.9544922113418579
1773048999,512063271,world,cf231,-2.63742733001709,-1.6683493852615356,0.9693337678909302
1773048999,512063271,world,cf231_leg,-2.6299920082092285,-1.674030065536499,0.9547021389007568
1773048999,517403844,world,cf231,-2.6373751163482666,-1.6678212881088257,0.9694275856018066
1773048999,517403844,world,cf231_leg,-2.6299047470092773,-1.6736899614334106,0.9545301198959351
1773048999,521992100,world,cf231,-2.6372311115264893,-1.6673859357833862,0.969363808631897
1773048999,521992100,world,cf231_leg,-2.6297738552093506,-1.6732574701309204,0.954531192779541
1773048999,527975718,world,cf231,-2.63706636428833,-1.6668822765350342,0.9693087339401245
1773048999,527975718,world,cf231_leg,-2.6295413970947266,-1.6727262735366821,0.9544960260391235
1773048999,532402001,world,cf231,-2.636840343475342,-1.6663365364074707,0.969163179397583
1773048999,532402001,world,cf231_leg,-2.6293041706085205,-1.6721112728118896,0.9544261693954468
1773048999,538325074,world,cf231,-2.6366770267486572,-1.665824294090271,0.9690513610839844
1773048999,538325074,world,cf231_leg,-2.6291544437408447,-1.6717607975006104,0.9542738199234009
1773048999,542153697,world,cf231,-2.636509895324707,-1.6653250455856323,0.9690372943878174
1773048999,542153697,world,cf231_leg,-2.6290321350097656,-1.6712794303894043,0.9542100429534912
1773048999,547340303,world,cf231,-2.636345148086548,-1.6647738218307495,0.9688098430633545
1773048999,547340303,world,cf231_leg,-2.628851890563965,-1.6707897186279297,0.9541360139846802
1773048999,552113764,world,cf231,-2.6362600326538086,-1.664383888244629,0.9688801765441895
1773048999,552113764,world,cf231_leg,-2.628593683242798,-1.6703249216079712,0.9539426565170288
1773048999,557853441,world,cf231,-2.635946750640869,-1.6639111042022705,0.9688529968261719
1773048999,557853441,world,cf231_leg,-2.628638505935669,-1.670121192932129,0.9540311098098755
1773048999,562602529,world,cf231,-2.6357297897338867,-1.6634695529937744,0.9687236547470093
1773048999,562602529,world,cf231_leg,-2.6284468173980713,-1.6696449518203735,0.953944206237793
1773048999,567096843,world,cf231,-2.63557505607605,-1.6630810499191284,0.9687342643737793
1773048999,567096843,world,cf231_leg,-2.628194570541382,-1.669155240058899,0.9538408517837524
1773048999,572123254,world,cf231,-2.635310411453247,-1.6624869108200073,0.9686564207077026
1773048999,572123254,world,cf231_leg,-2.6279642581939697,-1.668617606163025,0.9537547826766968
1773048999,577772030,world,cf231,-2.635190486907959,-1.6621525287628174,0.9686617851257324
1773048999,577772030,world,cf231_leg,-2.6277263164520264,-1.6681190729141235,0.9536714553833008
1773048999,582226356,world,cf231,-2.6349244117736816,-1.6616631746292114,0.9685013294219971
1773048999,582226356,world,cf231_leg,-2.627709150314331,-1.6677511930465698,0.9538905620574951
1773048999,587960484,world,cf231,-2.6346611976623535,-1.66122567653656,0.9684314727783203
1773048999,587960484,world,cf231_leg,-2.6275248527526855,-1.6671305894851685,0.953600287437439
1773048999,592435422,world,cf231,-2.6343588829040527,-1.6606606245040894,0.9681751728057861
1773048999,592435422,world,cf231_leg,-2.6272823810577393,-1.6667503118515015,0.9535462856292725
1773048999,597174201,world,cf231,-2.6342008113861084,-1.6602344512939453,0.968092679977417
1773048999,597174201,world,cf231_leg,-2.627283811569214,-1.6663627624511719,0.9538977146148682
1773048999,602546303,world,cf231,-2.6340556144714355,-1.6598345041275024,0.9681527614593506
1773048999,602546303,world,cf231_leg,-2.627183198928833,-1.6660679578781128,0.9536056518554688
1773048999,607034904,world,cf231,-2.633833646774292,-1.6595141887664795,0.9680546522140503
1773048999,607034904,world,cf231_leg,-2.6269826889038086,-1.6656266450881958,0.9535104036331177
1773048999,612248527,world,cf231,-2.6335184574127197,-1.6590311527252197,0.9680694341659546
1773048999,612248527,world,cf231_leg,-2.626816511154175,-1.6651326417922974,0.9534866809844971
1773048999,617756232,world,cf231,-2.6332671642303467,-1.6586072444915771,0.9681651592254639
1773048999,617756232,world,cf231_leg,-2.6266510486602783,-1.6646764278411865,0.953579306602478
1773048999,622174990,world,cf231,-2.633039951324463,-1.658052921295166,0.9679857492446899
1773048999,622174990,world,cf231_leg,-2.6265032291412354,-1.6642541885375977,0.9535990953445435
1773048999,627171624,world,cf231,-2.6330041885375977,-1.6576828956604004,0.9680187702178955
1773048999,627171624,world,cf231_leg,-2.6263084411621094,-1.6637717485427856,0.9535064697265625
1773048999,632029991,world,cf231,-2.632699489593506,-1.6572860479354858,0.9679408073425293
1773048999,632029991,world,cf231_leg,-2.626150369644165,-1.6633459329605103,0.953404426574707
1773048999,637091196,world,cf231,-2.632455348968506,-1.656893014907837,0.9678354263305664
1773048999,637091196,world,cf231_leg,-2.625920295715332,-1.6629127264022827,0.953227162361145
1773048999,642089636,world,cf231,-2.632209062576294,-1.6565309762954712,0.9679120779037476
1773048999,642089636,world,cf231_leg,-2.6257236003875732,-1.6625510454177856,0.9531558752059937
1773048999,647132344,world,cf231,-2.631995439529419,-1.6560100317001343,0.9679082632064819
1773048999,647132344,world,cf231_leg,-2.625690460205078,-1.6621675491333008,0.9530423879623413
1773048999,652019687,world,cf231,-2.631868600845337,-1.655764102935791,0.9678657054901123
1773048999,652019687,world,cf231_leg,-2.625516176223755,-1.6618716716766357,0.9529402256011963
1773048999,656980264,world,cf231,-2.631699562072754,-1.6553517580032349,0.9676815271377563
1773048999,656980264,world,cf231_leg,-2.6253960132598877,-1.6613913774490356,0.9528692960739136
1773048999,662075103,world,cf231,-2.6313979625701904,-1.6548545360565186,0.9676988124847412
1773048999,662075103,world,cf231_leg,-2.6250951290130615,-1.660846471786499,0.9527027606964111
1773048999,667029386,world,cf231,-2.6310250759124756,-1.6543138027191162,0.9674321413040161
1773048999,667029386,world,cf231_leg,-2.624924421310425,-1.660473108291626,0.9527233839035034
1773048999,672004473,world,cf231,-2.630901336669922,-1.6539541482925415,0.9674155712127686
1773048999,672004473,world,cf231_leg,-2.6247305870056152,-1.6599886417388916,0.952612042427063
1773048999,677117775,world,cf231,-2.630718469619751,-1.6535656452178955,0.9672801494598389
1773048999,677117775,world,cf231_leg,-2.624544382095337,-1.6595799922943115,0.9524685144424438
1773048999,682888224,world,cf231,-2.6305124759674072,-1.6531264781951904,0.9672647714614868
1773048999,682888224,world,cf231_leg,-2.624432325363159,-1.6591655015945435,0.9523028135299683
1773048999,687109741,world,cf231,-2.630364418029785,-1.6528019905090332,0.9671777486801147
1773048999,687109741,world,cf231_leg,-2.6243224143981934,-1.6587954759597778,0.9522788524627686
1773048999,692123044,world,cf231,-2.630002021789551,-1.6522771120071411,0.9670988321304321
1773048999,692123044,world,cf231_leg,-2.6241295337677,-1.6584640741348267,0.9522532224655151
1773048999,697168061,world,cf231,-2.6298532485961914,-1.651958703994751,0.967048168182373
1773048999,697168061,world,cf231_leg,-2.6240394115448,-1.6581225395202637,0.9521040916442871
1773048999,702061061,world,cf231,-2.6295735836029053,-1.6515101194381714,0.9669491052627563
1773048999,702061061,world,cf231_leg,-2.6238365173339844,-1.6576781272888184,0.9520148038864136
1773048999,707091484,world,cf231,-2.6295816898345947,-1.6512647867202759,0.9668897390365601
1773048999,707091484,world,cf231_leg,-2.6237218379974365,-1.6572766304016113,0.9519473314285278
1773048999,712126628,world,cf231,-2.6294119358062744,-1.650881052017212,0.9668654203414917
1773048999,712126628,world,cf231_leg,-2.6235740184783936,-1.6568083763122559,0.9518036842346191
1773048999,717185769,world,cf231,-2.6291074752807617,-1.6504743099212646,0.9667308330535889
1773048999,717185769,world,cf231_leg,-2.6233808994293213,-1.6563193798065186,0.9518754482269287
1773048999,722959649,world,cf231,-2.6287388801574707,-1.649861454963684,0.9666237831115723
1773048999,722959649,world,cf231_leg,-2.623351812362671,-1.6560235023498535,0.9518308639526367
1773048999,727047236,world,cf231,-2.6286237239837646,-1.6495684385299683,0.9665035009384155
1773048999,727047236,world,cf231_leg,-2.623112678527832,-1.6555198431015015,0.9517339468002319
1773048999,732099320,world,cf231,-2.6284658908843994,-1.6491345167160034,0.9663842916488647
1773048999,732099320,world,cf231_leg,-2.6229658126831055,-1.6550921201705933,0.9517210721969604
1773048999,737168974,world,cf231,-2.628328800201416,-1.6487722396850586,0.9662744998931885
1773048999,737168974,world,cf231_leg,-2.622939109802246,-1.654833197593689,0.9517725706100464
1773048999,742975576,world,cf231,-2.6280083656311035,-1.648383617401123,0.966178297996521
1773048999,742975576,world,cf231_leg,-2.622803211212158,-1.6544718742370605,0.9516407251358032
1773048999,747001384,world,cf231,-2.627920627593994,-1.648072361946106,0.9661173820495605
1773048999,747001384,world,cf231_leg,-2.6227364540100098,-1.6541186571121216,0.9518250226974487
1773048999,753191221,world,cf231,-2.6277549266815186,-1.6476000547409058,0.9661657810211182
1773048999,753191221,world,cf231_leg,-2.622525215148926,-1.6537226438522339,0.9515827894210815
1773048999,757067550,world,cf231,-2.6277244091033936,-1.647416114807129,0.9661059379577637
1773048999,757067550,world,cf231_leg,-2.622384548187256,-1.6531721353530884,0.9515054225921631
1773048999,762316544,world,cf231,-2.6275808811187744,-1.6469756364822388,0.9660221338272095
1773048999,762316544,world,cf231_leg,-2.622250556945801,-1.6528526544570923,0.951500654220581
1773048999,767117953,world,cf231,-2.6273372173309326,-1.6466234922409058,0.9660509824752808
1773048999,767117953,world,cf231_leg,-2.6222262382507324,-1.652435302734375,0.9514111280441284
1773048999,772091455,world,cf231,-2.627166748046875,-1.646194577217102,0.9658716917037964
1773048999,772091455,world,cf231_leg,-2.621891498565674,-1.6518646478652954,0.9513165950775146
1773048999,777185986,world,cf231,-2.6270322799682617,-1.6458688974380493,0.9658572673797607
1773048999,777185986,world,cf231_leg,-2.621785879135132,-1.6515295505523682,0.9511517286300659
1773048999,782055017,world,cf231,-2.6268866062164307,-1.6454294919967651,0.9657973051071167
1773048999,782055017,world,cf231_leg,-2.621791362762451,-1.651290774345398,0.9511198997497559
1773048999,787875788,world,cf231,-2.6267805099487305,-1.6448906660079956,0.9656164646148682
1773048999,787875788,world,cf231_leg,-2.62164568901062,-1.650861144065857,0.9510878324508667
1773048999,792156474,world,cf231,-2.6266796588897705,-1.644624948501587,0.9656355381011963
1773048999,792156474,world,cf231_leg,-2.621518135070801,-1.6506139039993286,0.9510390758514404
1773048999,796955975,world,cf231,-2.626447916030884,-1.6442292928695679,0.9656046628952026
1773048999,796955975,world,cf231_leg,-2.6214547157287598,-1.650260329246521,0.9509814977645874
1773048999,802073216,world,cf231,-2.6263346672058105,-1.6439653635025024,0.9655466079711914
1773048999,802073216,world,cf231_leg,-2.6212284564971924,-1.6498641967773438,0.9508931636810303
1773048999,807217126,world,cf231,-2.6263208389282227,-1.6436630487442017,0.9655697345733643
1773048999,807217126,world,cf231_leg,-2.6212711334228516,-1.6495378017425537,0.9508069753646851
1773048999,812162184,world,cf231,-2.626127243041992,-1.6431665420532227,0.9654223918914795
1773048999,812162184,world,cf231_leg,-2.621077537536621,-1.649052381515503,0.9506936073303223
1773048999,817116441,world,cf231,-2.626039981842041,-1.642858862876892,0.9653769731521606
1773048999,817116441,world,cf231_leg,-2.6208741664886475,-1.6486091613769531,0.9506196975708008
1773048999,822884699,world,cf231,-2.6259047985076904,-1.6425321102142334,0.9653650522232056
1773048999,822884699,world,cf231_leg,-2.6207737922668457,-1.6481927633285522,0.9505424499511719
1773048999,827143907,world,cf231,-2.625688076019287,-1.6421236991882324,0.9653328657150269
1773048999,827143907,world,cf231_leg,-2.6205461025238037,-1.6478002071380615,0.9504889249801636
1773048999,832096509,world,cf231,-2.625587224960327,-1.6418263912200928,0.9652671813964844
1773048999,832096509,world,cf231_leg,-2.6205527782440186,-1.647449254989624,0.9504995346069336
1773048999,837146088,world,cf231,-2.625516653060913,-1.641386866569519,0.9652353525161743
1773048999,837146088,world,cf231_leg,-2.620382785797119,-1.6470623016357422,0.950441837310791
1773048999,842341563,world,cf231,-2.6254546642303467,-1.6410210132598877,0.9651353359222412
1773048999,842341563,world,cf231_leg,-2.620353937149048,-1.646768569946289,0.950412392616272
1773048999,847089605,world,cf231,-2.6252360343933105,-1.6405792236328125,0.965023398399353
1773048999,847089605,world,cf231_leg,-2.6203536987304688,-1.6464976072311401,0.9505571126937866
1773048999,852979209,world,cf231,-2.625126838684082,-1.6402331590652466,0.9650747776031494
1773048999,852979209,world,cf231_leg,-2.620306968688965,-1.646177887916565,0.9506453275680542
1773048999,857171306,world,cf231,-2.6249632835388184,-1.6399199962615967,0.9649879932403564
1773048999,857171306,world,cf231_leg,-2.6201257705688477,-1.6457620859146118,0.950424075126648
1773048999,862085008,world,cf231,-2.6249732971191406,-1.639564871788025,0.9649957418441772
1773048999,862085008,world,cf231_leg,-2.620079278945923,-1.6453239917755127,0.9505279064178467
1773048999,867120660,world,cf231,-2.625023603439331,-1.6393007040023804,0.9650688171386719
1773048999,867120660,world,cf231_leg,-2.6199533939361572,-1.6449201107025146,0.9505724906921387
1773048999,872150969,world,cf231,-2.624925136566162,-1.6389988660812378,0.9649608135223389
1773048999,872150969,world,cf231_leg,-2.619818925857544,-1.6444463729858398,0.9504806995391846
1773048999,877253968,world,cf231,-2.6248655319213867,-1.6386730670928955,0.9649749994277954
1773048999,877253968,world,cf231_leg,-2.619722843170166,-1.6440658569335938,0.9504795074462891
1773048999,882002999,world,cf231,-2.624621868133545,-1.63813054561615,0.9648150205612183
1773048999,882002999,world,cf231_leg,-2.6195991039276123,-1.6435768604278564,0.9504057168960571
1773048999,887026275,world,cf231,-2.624523162841797,-1.6377559900283813,0.9648988246917725
1773048999,887026275,world,cf231_leg,-2.619553804397583,-1.643286943435669,0.9503470659255981
1773048999,892138497,world,cf231,-2.6245875358581543,-1.6374403238296509,0.9648532867431641
1773048999,892138497,world,cf231_leg,-2.6195733547210693,-1.6430413722991943,0.9503529071807861
1773048999,897029776,world,cf231,-2.624465227127075,-1.6370669603347778,0.9647617340087891
1773048999,897029776,world,cf231_leg,-2.6194701194763184,-1.6427453756332397,0.9502986669540405
1773048999,902248280,world,cf231,-2.624377965927124,-1.6367934942245483,0.9648200273513794
1773048999,902248280,world,cf231_leg,-2.619403839111328,-1.6425089836120605,0.9502506256103516
1773048999,906917229,world,cf231,-2.624135971069336,-1.6362422704696655,0.9646021127700806
1773048999,906917229,world,cf231_leg,-2.6193337440490723,-1.6420818567276,0.9502385854721069
1773048999,912790127,world,cf231,-2.62423038482666,-1.6359996795654297,0.9646898508071899
1773048999,912790127,world,cf231_leg,-2.619232654571533,-1.6417771577835083,0.9501183032989502
1773048999,917962299,world,cf231,-2.6242284774780273,-1.6356462240219116,0.9646196365356445
1773048999,917962299,world,cf231_leg,-2.6192150115966797,-1.641439437866211,0.9500290155410767
1773048999,922071481,world,cf231,-2.624274969100952,-1.635349988937378,0.9646369218826294
1773048999,922071481,world,cf231_leg,-2.6191272735595703,-1.6409094333648682,0.9500845670700073
1773048999,927902197,world,cf231,-2.624293804168701,-1.6351228952407837,0.9647859334945679
1773048999,927902197,world,cf231_leg,-2.6190216541290283,-1.6407290697097778,0.9500229358673096
1773048999,932125654,world,cf231,-2.624155282974243,-1.634662389755249,0.9645646810531616
1773048999,932125654,world,cf231_leg,-2.6189730167388916,-1.6402506828308105,0.9500157833099365
1773048999,937761495,world,cf231,-2.624155044555664,-1.634254813194275,0.9647696018218994
1773048999,937761495,world,cf231_leg,-2.6187798976898193,-1.639756441116333,0.9498555660247803
1773048999,942159431,world,cf231,-2.6242151260375977,-1.6339163780212402,0.9647229909896851
1773048999,942159431,world,cf231_leg,-2.6188790798187256,-1.6395946741104126,0.9499056339263916
1773048999,947225339,world,cf231,-2.6243793964385986,-1.6336004734039307,0.9648798704147339
1773048999,947225339,world,cf231_leg,-2.618877649307251,-1.6392313241958618,0.9497265815734863
1773048999,952874324,world,cf231,-2.624351739883423,-1.6333011388778687,0.9648483991622925
1773048999,952874324,world,cf231_leg,-2.6188113689422607,-1.638992428779602,0.9496625661849976
1773048999,958638547,world,cf231,-2.624180316925049,-1.6328697204589844,0.9646714925765991
1773048999,958638547,world,cf231_leg,-2.61881160736084,-1.638774037361145,0.9497997760772705
1773048999,962121124,world,cf231,-2.624187707901001,-1.6326320171356201,0.9646700620651245
1773048999,962121124,world,cf231_leg,-2.618758201599121,-1.6384402513504028,0.9496791362762451
1773048999,967080053,world,cf231,-2.624189853668213,-1.632258653640747,0.9644657373428345
1773048999,967080053,world,cf231_leg,-2.618828058242798,-1.638074517250061,0.950031042098999
1773048999,972387847,world,cf231,-2.6242592334747314,-1.631870150566101,0.9643510580062866
1773048999,972387847,world,cf231_leg,-2.6187937259674072,-1.6377029418945312,0.9500138759613037
1773048999,977151874,world,cf231,-2.6242918968200684,-1.6316145658493042,0.9645059108734131
1773048999,977151874,world,cf231_leg,-2.6186716556549072,-1.6372230052947998,0.9499800205230713
1773048999,982114060,world,cf231,-2.6242713928222656,-1.631264328956604,0.9646433591842651
1773048999,982114060,world,cf231_leg,-2.618626117706299,-1.6369400024414062,0.9499685764312744
1773048999,986936314,world,cf231,-2.6241533756256104,-1.6307804584503174,0.964593768119812
1773048999,986936314,world,cf231_leg,-2.6185429096221924,-1.6363937854766846,0.9501063823699951
1773048999,992081174,world,cf231,-2.6241796016693115,-1.6303712129592896,0.9644616842269897
1773048999,992081174,world,cf231_leg,-2.6185250282287598,-1.6361451148986816,0.9501317739486694
1773048999,997030798,world,cf231,-2.6242899894714355,-1.6301264762878418,0.964600682258606
1773048999,997030798,world,cf231_leg,-2.618421792984009,-1.6357530355453491,0.9499366283416748
1773049000,2065454,world,cf231,-2.624368667602539,-1.6296643018722534,0.9645982980728149
1773049000,2065454,world,cf231_leg,-2.618441581726074,-1.6355098485946655,0.9499572515487671
1773049000,7534576,world,cf231,-2.624295234680176,-1.6293447017669678,0.9645757675170898
1773049000,7534576,world,cf231_leg,-2.6184234619140625,-1.6351706981658936,0.9498717784881592
1773049000,12121222,world,cf231,-2.6242330074310303,-1.628983974456787,0.9645137786865234
1773049000,12121222,world,cf231_leg,-2.6183948516845703,-1.635029911994934,0.9499304294586182
1773049000,18201354,world,cf231,-2.624251365661621,-1.6287630796432495,0.9647003412246704
1773049000,18201354,world,cf231_leg,-2.6183114051818848,-1.6346088647842407,0.949880838394165
1773049000,23166080,world,cf231,-2.6242430210113525,-1.6283369064331055,0.9646944999694824
1773049000,23166080,world,cf231_leg,-2.618267297744751,-1.6344349384307861,0.9497889280319214
1773049000,27367402,world,cf231,-2.624290943145752,-1.6280418634414673,0.9647080898284912
1773049000,27367402,world,cf231_leg,-2.6182398796081543,-1.6340255737304688,0.9497872591018677
1773049000,32906202,world,cf231,-2.6242172718048096,-1.627721905708313,0.9646865129470825
1773049000,32906202,world,cf231_leg,-2.6180593967437744,-1.6335307359695435,0.949714183807373
1773049000,37084008,world,cf231,-2.62410831451416,-1.6273401975631714,0.9646352529525757
1773049000,37084008,world,cf231_leg,-2.617932081222534,-1.6332850456237793,0.9496802091598511
1773049000,42156661,world,cf231,-2.624081611633301,-1.627041220664978,0.964601993560791
1773049000,42156661,world,cf231_leg,-2.6179590225219727,-1.6330500841140747,0.9498802423477173
1773049000,47004543,world,cf231,-2.624164581298828,-1.6265944242477417,0.9645673036575317
1773049000,47004543,world,cf231_leg,-2.617818593978882,-1.632562279701233,0.9495766162872314
1773049000,52397854,world,cf231,-2.624133586883545,-1.6261048316955566,0.9646093845367432
1773049000,52397854,world,cf231_leg,-2.6178386211395264,-1.6324067115783691,0.9496936798095703
1773049000,57127440,world,cf231,-2.6241464614868164,-1.62575101852417,0.9646124839782715
1773049000,57127440,world,cf231_leg,-2.6177499294281006,-1.6319448947906494,0.9495583772659302
1773049000,62250438,world,cf231,-2.624140977859497,-1.6255208253860474,0.9645706415176392
1773049000,62250438,world,cf231_leg,-2.6176705360412598,-1.6317529678344727,0.949589729309082
1773049000,67863070,world,cf231,-2.6239821910858154,-1.6250900030136108,0.9644899368286133
1773049000,67863070,world,cf231_leg,-2.6175549030303955,-1.631365180015564,0.9493380784988403
1773049000,72207662,world,cf231,-2.62391996383667,-1.6247321367263794,0.9644461870193481
1773049000,72207662,world,cf231_leg,-2.6175031661987305,-1.6311604976654053,0.9494436979293823
1773049000,77151300,world,cf231,-2.62404203414917,-1.624401330947876,0.9643900394439697
1773049000,77151300,world,cf231_leg,-2.6176326274871826,-1.630869746208191,0.9495768547058105
1773049000,82163109,world,cf231,-2.6242194175720215,-1.624083399772644,0.9646264314651489
1773049000,82163109,world,cf231_leg,-2.6176669597625732,-1.6306232213974,0.9496480226516724
1773049000,87114040,world,cf231,-2.624206781387329,-1.6237740516662598,0.9646140336990356
1773049000,87114040,world,cf231_leg,-2.6175687313079834,-1.6302928924560547,0.9498646259307861
1773049000,92130890,world,cf231,-2.6241207122802734,-1.6234972476959229,0.9646530151367188
1773049000,92130890,world,cf231_leg,-2.6175408363342285,-1.6299935579299927,0.9498034715652466
1773049000,97072522,world,cf231,-2.624100923538208,-1.6231085062026978,0.9646698236465454
1773049000,97072522,world,cf231_leg,-2.617583751678467,-1.629706859588623,0.950072169303894
1773049000,103011510,world,cf231,-2.6242096424102783,-1.6227885484695435,0.9645915031433105
1773049000,103011510,world,cf231_leg,-2.617486000061035,-1.6292855739593506,0.949958324432373
1773049000,107096038,world,cf231,-2.6241888999938965,-1.6224092245101929,0.9646636247634888
1773049000,107096038,world,cf231_leg,-2.617417335510254,-1.6290462017059326,0.9499180316925049
1773049000,111934954,world,cf231,-2.6242387294769287,-1.6221082210540771,0.9646390676498413
1773049000,111934954,world,cf231_leg,-2.617452383041382,-1.6287976503372192,0.9499722719192505
1773049000,117087354,world,cf231,-2.624077558517456,-1.6218278408050537,0.964630126953125
1773049000,117087354,world,cf231_leg,-2.6172778606414795,-1.6283798217773438,0.9498864412307739
1773049000,122959197,world,cf231,-2.6240644454956055,-1.621524453163147,0.9646551609039307
1773049000,122959197,world,cf231_leg,-2.61726975440979,-1.6281462907791138,0.9498188495635986
1773049000,127440257,world,cf231,-2.62408709526062,-1.6212801933288574,0.9646897315979004
1773049000,127440257,world,cf231_leg,-2.6172757148742676,-1.6279116868972778,0.94981849193573
1773049000,132077868,world,cf231,-2.624148368835449,-1.6209381818771362,0.964625358581543
1773049000,132077868,world,cf231_leg,-2.6171085834503174,-1.6275659799575806,0.9498867988586426
1773049000,137124327,world,cf231,-2.624061107635498,-1.6206251382827759,0.9645649194717407
1773049000,137124327,world,cf231_leg,-2.617192506790161,-1.627524971961975,0.9498741626739502
1773049000,142174899,world,cf231,-2.624072790145874,-1.6204676628112793,0.9647936820983887
1773049000,142174899,world,cf231_leg,-2.6171493530273438,-1.6272380352020264,0.9498265981674194
1773049000,146939452,world,cf231,-2.623934745788574,-1.6200981140136719,0.9646700620651245
1773049000,146939452,world,cf231_leg,-2.6171092987060547,-1.6269868612289429,0.9498573541641235
1773049000,152338330,world,cf231,-2.6239655017852783,-1.619930624961853,0.9646552801132202
1773049000,152338330,world,cf231_leg,-2.6170904636383057,-1.6268056631088257,0.9498924016952515
1773049000,157225276,world,cf231,-2.624037742614746,-1.6197384595870972,0.9647384881973267
1773049000,157225276,world,cf231_leg,-2.6170032024383545,-1.6265013217926025,0.9498550891876221
1773049000,162771253,world,cf231,-2.624129295349121,-1.6196197271347046,0.9648542404174805
1773049000,162771253,world,cf231_leg,-2.616919994354248,-1.6262308359146118,0.949878454208374
1773049000,167612055,world,cf231,-2.623885154724121,-1.6192233562469482,0.9647451639175415
1773049000,167612055,world,cf231_leg,-2.6168041229248047,-1.625938057899475,0.9497696161270142
1773049000,172254318,world,cf231,-2.6238198280334473,-1.6189831495285034,0.9646916389465332
1773049000,172254318,world,cf231_leg,-2.6167619228363037,-1.6256495714187622,0.949703574180603
1773049000,177401791,world,cf231,-2.6238205432891846,-1.6188219785690308,0.9648030996322632
1773049000,177401791,world,cf231_leg,-2.6166045665740967,-1.625372052192688,0.9496699571609497
1773049000,182067725,world,cf231,-2.623792886734009,-1.6185250282287598,0.9647910594940186
1773049000,182067725,world,cf231_leg,-2.6165030002593994,-1.6251165866851807,0.9497463703155518
1773049000,187187119,world,cf231,-2.6237540245056152,-1.6182690858840942,0.9648193120956421
1773049000,187187119,world,cf231_leg,-2.616427421569824,-1.6248061656951904,0.9497685432434082
1773049000,192070614,world,cf231,-2.6237497329711914,-1.618078351020813,0.9648944139480591
1773049000,192070614,world,cf231_leg,-2.6163015365600586,-1.6245533227920532,0.9496845006942749
1773049000,197263193,world,cf231,-2.6236109733581543,-1.6178709268569946,0.964891791343689
1773049000,197263193,world,cf231_leg,-2.616339683532715,-1.6242239475250244,0.9498500823974609
1773049000,202090994,world,cf231,-2.623476505279541,-1.6175397634506226,0.9648606777191162
1773049000,202090994,world,cf231_leg,-2.616240978240967,-1.6239604949951172,0.949857234954834
1773049000,207211148,world,cf231,-2.6235156059265137,-1.6174840927124023,0.964898943901062
1773049000,207211148,world,cf231_leg,-2.616224527359009,-1.6238168478012085,0.949988842010498
1773049000,212179127,world,cf231,-2.623565673828125,-1.617225170135498,0.9650121927261353
1773049000,212179127,world,cf231_leg,-2.6161839962005615,-1.6235623359680176,0.9500066041946411
1773049000,217179960,world,cf231,-2.6234524250030518,-1.6169594526290894,0.96495521068573
1773049000,217179960,world,cf231_leg,-2.616135358810425,-1.623392939567566,0.9501922130584717
1773049000,223868224,world,cf231,-2.6233134269714355,-1.6167519092559814,0.9649525880813599
1773049000,223868224,world,cf231_leg,-2.616182804107666,-1.623297095298767,0.9502038955688477
1773049000,227172994,world,cf231,-2.6231865882873535,-1.6165317296981812,0.9649771451950073
1773049000,227172994,world,cf231_leg,-2.6160671710968018,-1.623005747795105,0.9503124952316284
1773049000,232196670,world,cf231,-2.623148202896118,-1.6162798404693604,0.9650207757949829
1773049000,232196670,world,cf231_leg,-2.6159820556640625,-1.6227413415908813,0.9503867626190186
1773049000,237907929,world,cf231,-2.6231184005737305,-1.616133689880371,0.965080738067627
1773049000,237907929,world,cf231_leg,-2.615938901901245,-1.622605800628662,0.9504110813140869
1773049000,242119729,world,cf231,-2.6230244636535645,-1.6159416437149048,0.9650553464889526
1773049000,242119729,world,cf231_leg,-2.615902900695801,-1.622443437576294,0.9505103826522827
1773049000,247077210,world,cf231,-2.6228981018066406,-1.6157258749008179,0.965094804763794
1773049000,247077210,world,cf231_leg,-2.615826368331909,-1.622243046760559,0.950473427772522
1773049000,252261093,world,cf231,-2.6228175163269043,-1.6155362129211426,0.965162992477417
1773049000,252261093,world,cf231_leg,-2.6157476902008057,-1.6220513582229614,0.9505026340484619
1773049000,257218620,world,cf231,-2.6227195262908936,-1.6155239343643188,0.9653732776641846
1773049000,257218620,world,cf231_leg,-2.6156179904937744,-1.6218106746673584,0.9505209922790527
1773049000,262098795,world,cf231,-2.6225852966308594,-1.615195870399475,0.9653596878051758
1773049000,262098795,world,cf231_leg,-2.6154584884643555,-1.6215413808822632,0.9505550861358643
1773049000,267913214,world,cf231,-2.622554302215576,-1.61506187915802,0.9654940366744995
1773049000,267913214,world,cf231_leg,-2.615450382232666,-1.6213555335998535,0.9506688117980957
1773049000,272169220,world,cf231,-2.6224396228790283,-1.614808440208435,0.965510368347168
1773049000,272169220,world,cf231_leg,-2.6153039932250977,-1.621038556098938,0.9506080150604248
1773049000,277195266,world,cf231,-2.622251510620117,-1.6145907640457153,0.9655966758728027
1773049000,277195266,world,cf231_leg,-2.6151106357574463,-1.620900273323059,0.9506001472473145
1773049000,282185598,world,cf231,-2.622148036956787,-1.614445447921753,0.9656225442886353
1773049000,282185598,world,cf231_leg,-2.6150779724121094,-1.6207226514816284,0.9505828619003296
1773049000,287371728,world,cf231,-2.6220905780792236,-1.6143620014190674,0.9657784700393677
1773049000,287371728,world,cf231_leg,-2.614928960800171,-1.6204055547714233,0.950546383857727
1773049000,292207861,world,cf231,-2.622026205062866,-1.6141124963760376,0.9656690359115601
1773049000,292207861,world,cf231_leg,-2.6148903369903564,-1.6203999519348145,0.9507720470428467
1773049000,297022005,world,cf231,-2.6217615604400635,-1.6138862371444702,0.9656938314437866
1773049000,297022005,world,cf231_leg,-2.6147565841674805,-1.6201188564300537,0.9509013891220093
1773049000,302111876,world,cf231,-2.621626138687134,-1.6137710809707642,0.9657605886459351
1773049000,302111876,world,cf231_leg,-2.6146371364593506,-1.6199440956115723,0.9508017301559448
1773049000,307131334,world,cf231,-2.621411085128784,-1.6135585308074951,0.965713381767273
1773049000,307131334,world,cf231_leg,-2.61452579498291,-1.6197285652160645,0.9509018659591675
1773049000,312139586,world,cf231,-2.6213624477386475,-1.6133809089660645,0.9658776521682739
1773049000,312139586,world,cf231_leg,-2.6145288944244385,-1.619610071182251,0.9508934020996094
1773049000,317924281,world,cf231,-2.621310234069824,-1.6131324768066406,0.965864896774292
1773049000,317924281,world,cf231_leg,-2.614419460296631,-1.61934232711792,0.9507781267166138
1773049000,322067886,world,cf231,-2.62117862701416,-1.6130393743515015,0.9659351110458374
1773049000,322067886,world,cf231_leg,-2.6144328117370605,-1.6192693710327148,0.9512462615966797
1773049000,327932117,world,cf231,-2.621096611022949,-1.613001823425293,0.9660718441009521
1773049000,327932117,world,cf231_leg,-2.614333391189575,-1.6191661357879639,0.9511697292327881
1773049000,332166822,world,cf231,-2.620788812637329,-1.6125982999801636,0.9659956693649292
1773049000,332166822,world,cf231_leg,-2.6142449378967285,-1.6190121173858643,0.9512072801589966
1773049000,337110951,world,cf231,-2.620706796646118,-1.6125152111053467,0.9659767150878906
1773049000,337110951,world,cf231_leg,-2.6140964031219482,-1.6188498735427856,0.9512554407119751
1773049000,342129633,world,cf231,-2.62056565284729,-1.6123088598251343,0.9659976959228516
1773049000,342129633,world,cf231_leg,-2.6141140460968018,-1.6187714338302612,0.951447606086731
1773049000,347032516,world,cf231,-2.620537042617798,-1.6121635437011719,0.9660545587539673
1773049000,347032516,world,cf231_leg,-2.6140451431274414,-1.618532657623291,0.9516263008117676
1773049000,352287500,world,cf231,-2.6204891204833984,-1.6121482849121094,0.9661036729812622
1773049000,352287500,world,cf231_leg,-2.6139745712280273,-1.6184179782867432,0.9516202211380005
1773049000,357141314,world,cf231,-2.620239496231079,-1.6119128465652466,0.9661451578140259
1773049000,357141314,world,cf231_leg,-2.6137895584106445,-1.6181553602218628,0.9515268802642822
1773049000,362073994,world,cf231,-2.6200826168060303,-1.6118648052215576,0.9661986827850342
1773049000,362073994,world,cf231_leg,-2.6136269569396973,-1.618001937866211,0.9515533447265625
1773049000,369031536,world,cf231,-2.6199541091918945,-1.6116114854812622,0.9661409854888916
1773049000,369031536,world,cf231_leg,-2.6136302947998047,-1.6178860664367676,0.9515597820281982
1773049000,372726456,world,cf231,-2.619924783706665,-1.611465573310852,0.9661996364593506
1773049000,372726456,world,cf231_leg,-2.6135189533233643,-1.6177873611450195,0.9516266584396362
1773049000,377199566,world,cf231,-2.6198554039001465,-1.611387848854065,0.966293454170227
1773049000,377199566,world,cf231_leg,-2.613406181335449,-1.6175326108932495,0.9516118764877319
1773049000,382208133,world,cf231,-2.6195998191833496,-1.6112293004989624,0.9662116765975952
1773049000,382208133,world,cf231_leg,-2.613250255584717,-1.617447018623352,0.9515619277954102
1773049000,387120384,world,cf231,-2.6193978786468506,-1.6110087633132935,0.9662047624588013
1773049000,387120384,world,cf231_leg,-2.6131582260131836,-1.6172616481781006,0.9515528678894043
1773049000,392086254,world,cf231,-2.619266986846924,-1.6109131574630737,0.9662545919418335
1773049000,392086254,world,cf231_leg,-2.6130082607269287,-1.617063045501709,0.9514998197555542
1773049000,397154718,world,cf231,-2.6191670894622803,-1.6106042861938477,0.9661344289779663
1773049000,397154718,world,cf231_leg,-2.6128921508789062,-1.6169648170471191,0.9516128301620483
1773049000,403001724,world,cf231,-2.6191599369049072,-1.6105318069458008,0.9661985635757446
1773049000,403001724,world,cf231_leg,-2.612823247909546,-1.616843581199646,0.9515564441680908
1773049000,407204811,world,cf231,-2.618975877761841,-1.6105018854141235,0.9661904573440552
1773049000,407204811,world,cf231_leg,-2.6127076148986816,-1.6167080402374268,0.9515477418899536
1773049000,412222570,world,cf231,-2.618685245513916,-1.6103237867355347,0.9662158489227295
1773049000,412222570,world,cf231_leg,-2.6124963760375977,-1.616497278213501,0.9514939785003662
1773049000,417140984,world,cf231,-2.61869215965271,-1.6102405786514282,0.9663017988204956
1773049000,417140984,world,cf231_leg,-2.612400531768799,-1.6164276599884033,0.9514791965484619
1773049000,422276250,world,cf231,-2.61857271194458,-1.610065221786499,0.9661906957626343
1773049000,422276250,world,cf231_leg,-2.612210512161255,-1.6161680221557617,0.9514468908309937
1773049000,427117393,world,cf231,-2.618600845336914,-1.610051155090332,0.9662679433822632
1773049000,427117393,world,cf231_leg,-2.6122541427612305,-1.6161510944366455,0.9515523910522461
1773049000,432246514,world,cf231,-2.618527412414551,-1.609964370727539,0.9665707349777222
1773049000,432246514,world,cf231_leg,-2.6120500564575195,-1.616014003753662,0.9514511823654175
1773049000,439134822,world,cf231,-2.6182751655578613,-1.6098144054412842,0.9662808179855347
1773049000,439134822,world,cf231_leg,-2.6120424270629883,-1.6159427165985107,0.9515151977539062
1773049000,443019293,world,cf231,-2.6181674003601074,-1.6097865104675293,0.9662983417510986
1773049000,443019293,world,cf231_leg,-2.611851453781128,-1.615798830986023,0.9514527320861816
1773049000,447029490,world,cf231,-2.618168354034424,-1.6095174551010132,0.9665001630783081
1773049000,447029490,world,cf231_leg,-2.611771583557129,-1.6157249212265015,0.9514681100845337
1773049000,452366794,world,cf231,-2.61811900138855,-1.6095072031021118,0.9665896892547607
1773049000,452366794,world,cf231_leg,-2.6115570068359375,-1.6155164241790771,0.9514548778533936
1773049000,457965854,world,cf231,-2.617966651916504,-1.6093037128448486,0.966528058052063
1773049000,457965854,world,cf231_leg,-2.611593723297119,-1.615573763847351,0.9514466524124146
1773049000,462237005,world,cf231,-2.617732048034668,-1.6092592477798462,0.966593861579895
1773049000,462237005,world,cf231_leg,-2.611403226852417,-1.6153188943862915,0.9514455795288086
1773049000,467945547,world,cf231,-2.6174778938293457,-1.6090991497039795,0.9664887189865112
1773049000,467945547,world,cf231_leg,-2.611178398132324,-1.6152288913726807,0.9513053894042969
1773049000,472356571,world,cf231,-2.6174073219299316,-1.608978271484375,0.9664472341537476
1773049000,472356571,world,cf231_leg,-2.6111788749694824,-1.6151129007339478,0.9513357877731323
1773049000,477289403,world,cf231,-2.6173980236053467,-1.6088649034500122,0.9663974046707153
1773049000,477289403,world,cf231_leg,-2.6110289096832275,-1.6149547100067139,0.9514178037643433
1773049000,482143873,world,cf231,-2.617399215698242,-1.6089048385620117,0.9665145874023438
1773049000,482143873,world,cf231_leg,-2.6110270023345947,-1.6149555444717407,0.9514391422271729
1773049000,487349539,world,cf231,-2.6172034740448,-1.608765959739685,0.9664982557296753
1773049000,487349539,world,cf231_leg,-2.6109087467193604,-1.614933967590332,0.9514061212539673
1773049000,492165126,world,cf231,-2.616982936859131,-1.6086761951446533,0.9664809703826904
1773049000,492165126,world,cf231_leg,-2.6107664108276367,-1.6148089170455933,0.9513043165206909
1773049000,498850386,world,cf231,-2.6169211864471436,-1.608664631843567,0.9664731025695801
1773049000,498850386,world,cf231_leg,-2.610719919204712,-1.6147891283035278,0.9513223171234131
1773049000,502137374,world,cf231,-2.616884708404541,-1.6086050271987915,0.9664641618728638
1773049000,502137374,world,cf231_leg,-2.6105823516845703,-1.6146259307861328,0.9514614343643188
1773049000,507131425,world,cf231,-2.6168506145477295,-1.6085405349731445,0.9664136171340942
1773049000,507131425,world,cf231_leg,-2.6106150150299072,-1.6146492958068848,0.9513914585113525
1773049000,512236156,world,cf231,-2.61671781539917,-1.608407735824585,0.9663659334182739
1773049000,512236156,world,cf231_leg,-2.6104941368103027,-1.6146302223205566,0.9513975381851196
1773049000,517095981,world,cf231,-2.616567611694336,-1.6084420680999756,0.9664078950881958
1773049000,517095981,world,cf231_leg,-2.610354423522949,-1.6145408153533936,0.9513760805130005
1773049000,522168719,world,cf231,-2.6163859367370605,-1.6082963943481445,0.9664297103881836
1773049000,522168719,world,cf231_leg,-2.6102828979492188,-1.61441969871521,0.9513427019119263
1773049000,528018096,world,cf231,-2.616455554962158,-1.6084229946136475,0.9665095806121826
1773049000,528018096,world,cf231_leg,-2.6102399826049805,-1.6144416332244873,0.9514683485031128
1773049000,532329060,world,cf231,-2.6163575649261475,-1.6083554029464722,0.9665099382400513
1773049000,532329060,world,cf231_leg,-2.6101701259613037,-1.6144100427627563,0.9515253305435181
1773049000,537143494,world,cf231,-2.616173505783081,-1.6083223819732666,0.9664825201034546
1773049000,537143494,world,cf231_leg,-2.6100573539733887,-1.6143723726272583,0.9513542652130127
1773049000,542149881,world,cf231,-2.615917205810547,-1.6081664562225342,0.9664195775985718
1773049000,542149881,world,cf231_leg,-2.6099624633789062,-1.6143039464950562,0.9513349533081055
1773049000,547102805,world,cf231,-2.6158649921417236,-1.6082686185836792,0.9664609432220459
1773049000,547102805,world,cf231_leg,-2.6099321842193604,-1.6142538785934448,0.9515271186828613
1773049000,552197977,world,cf231,-2.6158175468444824,-1.6082507371902466,0.9664903879165649
1773049000,552197977,world,cf231_leg,-2.6097753047943115,-1.61417818069458,0.9515390396118164
1773049000,557310845,world,cf231,-2.6157422065734863,-1.6082465648651123,0.9664431810379028
1773049000,557310845,world,cf231_leg,-2.6097517013549805,-1.614227533340454,0.951540470123291
1773049000,562174290,world,cf231,-2.6156182289123535,-1.6082298755645752,0.9664645195007324
1773049000,562174290,world,cf231_leg,-2.6095941066741943,-1.6141457557678223,0.951525092124939
1773049000,567152578,world,cf231,-2.6154448986053467,-1.6082035303115845,0.9665738344192505
1773049000,567152578,world,cf231_leg,-2.6095261573791504,-1.6140227317810059,0.9514501094818115
1773049000,572165218,world,cf231,-2.6152703762054443,-1.6082319021224976,0.9664045572280884
1773049000,572165218,world,cf231_leg,-2.609463930130005,-1.6141703128814697,0.9515683650970459
1773049000,577524970,world,cf231,-2.615135431289673,-1.608254075050354,0.9664454460144043
1773049000,577524970,world,cf231_leg,-2.6093056201934814,-1.614052414894104,0.9514502286911011
1773049000,582225861,world,cf231,-2.614974021911621,-1.6081867218017578,0.9665133953094482
1773049000,582225861,world,cf231_leg,-2.6092374324798584,-1.6139674186706543,0.9514952898025513
1773049000,587291933,world,cf231,-2.6149978637695312,-1.6082414388656616,0.96640944480896
1773049000,587291933,world,cf231_leg,-2.6091396808624268,-1.6140177249908447,0.9514844417572021
1773049000,592127097,world,cf231,-2.614737033843994,-1.6082098484039307,0.9663736820220947
1773049000,592127097,world,cf231_leg,-2.6090564727783203,-1.6139460802078247,0.9515402317047119
1773049000,597973827,world,cf231,-2.614682912826538,-1.6083234548568726,0.96649169921875
1773049000,597973827,world,cf231_leg,-2.6088788509368896,-1.613909125328064,0.9514690637588501
1773049000,602169793,world,cf231,-2.6144983768463135,-1.6082899570465088,0.9664660692214966
1773049000,602169793,world,cf231_leg,-2.6088500022888184,-1.6139209270477295,0.951397180557251
1773049000,607134553,world,cf231,-2.614448070526123,-1.6083838939666748,0.9664489030838013
1773049000,607134553,world,cf231_leg,-2.608708143234253,-1.6138372421264648,0.9514282941818237
1773049000,612221758,world,cf231,-2.614370107650757,-1.6083909273147583,0.9664795398712158
1773049000,612221758,world,cf231_leg,-2.608671188354492,-1.6138907670974731,0.9513757228851318
1773049000,617923104,world,cf231,-2.614318370819092,-1.6084901094436646,0.9665020704269409
1773049000,617923104,world,cf231_leg,-2.6086313724517822,-1.6139521598815918,0.9513925313949585
1773049000,622067475,world,cf231,-2.614112377166748,-1.6083354949951172,0.9662935733795166
1773049000,622067475,world,cf231_leg,-2.6084578037261963,-1.613840937614441,0.9514596462249756
1773049000,628063470,world,cf231,-2.6139354705810547,-1.608437180519104,0.9664465188980103
1773049000,628063470,world,cf231_leg,-2.608426094055176,-1.6138169765472412,0.9513075351715088
1773049000,632177594,world,cf231,-2.6138253211975098,-1.6083649396896362,0.9663316011428833
1773049000,632177594,world,cf231_leg,-2.6083192825317383,-1.613949179649353,0.9514530897140503
1773049000,637146768,world,cf231,-2.613940954208374,-1.6086615324020386,0.9664528369903564
1773049000,637146768,world,cf231_leg,-2.6082699298858643,-1.6138938665390015,0.9513901472091675
1773049000,642134600,world,cf231,-2.6137545108795166,-1.6085941791534424,0.9663470983505249
1773049000,642134600,world,cf231_leg,-2.60802960395813,-1.6138522624969482,0.9513661861419678
1773049000,647990049,world,cf231,-2.6134986877441406,-1.6086047887802124,0.9661843776702881
1773049000,647990049,world,cf231_leg,-2.6079938411712646,-1.6139096021652222,0.951324462890625
1773049000,652128296,world,cf231,-2.613253355026245,-1.6085575819015503,0.9661297798156738
1773049000,652128296,world,cf231_leg,-2.6079230308532715,-1.6137868165969849,0.9512726068496704
1773049000,657481929,world,cf231,-2.6131060123443604,-1.608581304550171,0.9660930633544922
1773049000,657481929,world,cf231_leg,-2.6077980995178223,-1.6138858795166016,0.9512892961502075
1773049000,663939647,world,cf231,-2.613187551498413,-1.608667016029358,0.9661322832107544
1773049000,663939647,world,cf231_leg,-2.607771396636963,-1.6139401197433472,0.9513460397720337
1773049000,667190603,world,cf231,-2.6131253242492676,-1.6086585521697998,0.9661431312561035
1773049000,667190603,world,cf231_leg,-2.607630491256714,-1.6138522624969482,0.9513435363769531
1773049000,672181654,world,cf231,-2.6129746437072754,-1.6086474657058716,0.9660295248031616
1773049000,672181654,world,cf231_leg,-2.607522964477539,-1.6139403581619263,0.9513412714004517
1773049000,676980388,world,cf231,-2.612860918045044,-1.6087416410446167,0.9660805463790894
1773049000,676980388,world,cf231_leg,-2.607538938522339,-1.6139729022979736,0.9512721300125122
1773049000,682189586,world,cf231,-2.612675428390503,-1.608710765838623,0.9660745859146118
1773049000,682189586,world,cf231_leg,-2.6073009967803955,-1.6139280796051025,0.9512107372283936
1773049000,687205126,world,cf231,-2.612640142440796,-1.608648657798767,0.9660451412200928
1773049000,687205126,world,cf231_leg,-2.607370376586914,-1.6140575408935547,0.9513123035430908
1773049000,692374354,world,cf231,-2.612628936767578,-1.6086901426315308,0.966084361076355
1773049000,692374354,world,cf231_leg,-2.6072802543640137,-1.614111304283142,0.9514501094818115
1773049000,697072222,world,cf231,-2.612609624862671,-1.6088204383850098,0.9660767316818237
1773049000,697072222,world,cf231_leg,-2.6072025299072266,-1.6141377687454224,0.9513195753097534
1773049000,702936877,world,cf231,-2.612506866455078,-1.6088727712631226,0.9660893678665161
1773049000,702936877,world,cf231_leg,-2.6070556640625,-1.6141279935836792,0.9512143135070801
1773049000,707114893,world,cf231,-2.6123461723327637,-1.608942985534668,0.9661329984664917
1773049000,707114893,world,cf231_leg,-2.6070375442504883,-1.6141892671585083,0.9514319896697998
1773049000,712221879,world,cf231,-2.6123600006103516,-1.6089359521865845,0.9661717414855957
1773049000,712221879,world,cf231_leg,-2.606929063796997,-1.6141221523284912,0.9513438940048218
1773049000,717273500,world,cf231,-2.612354278564453,-1.6090617179870605,0.9662224054336548
1773049000,717273500,world,cf231_leg,-2.606940746307373,-1.6142328977584839,0.9513716697692871
1773049000,722903825,world,cf231,-2.6122186183929443,-1.6090410947799683,0.9661269187927246
1773049000,722903825,world,cf231_leg,-2.6068928241729736,-1.6142196655273438,0.9514392614364624
1773049000,727222414,world,cf231,-2.612067699432373,-1.609078288078308,0.9661890268325806
1773049000,727222414,world,cf231_leg,-2.6068217754364014,-1.6142563819885254,0.9515067338943481
1773049000,732579305,world,cf231,-2.6120011806488037,-1.609190583229065,0.9662107229232788
1773049000,732579305,world,cf231_leg,-2.606889486312866,-1.6144956350326538,0.9515509605407715
1773049000,737249478,world,cf231,-2.611914873123169,-1.6092668771743774,0.9663231372833252
1773049000,737249478,world,cf231_leg,-2.6068029403686523,-1.6143850088119507,0.9515137672424316
1773049000,743007255,world,cf231,-2.611811876296997,-1.609277367591858,0.9661970138549805
1773049000,743007255,world,cf231_leg,-2.606680154800415,-1.6144808530807495,0.9514932632446289
1773049000,747068178,world,cf231,-2.611834764480591,-1.609383225440979,0.96628737449646
1773049000,747068178,world,cf231_leg,-2.6067404747009277,-1.6144917011260986,0.9514979124069214
1773049000,752100926,world,cf231,-2.6117563247680664,-1.6095364093780518,0.9663504362106323
1773049000,752100926,world,cf231_leg,-2.6066577434539795,-1.614574670791626,0.9516410827636719
1773049000,758028830,world,cf231,-2.6115567684173584,-1.609515905380249,0.9663236141204834
1773049000,758028830,world,cf231_leg,-2.6066198348999023,-1.6146302223205566,0.9516059160232544
1773049000,762228156,world,cf231,-2.611393690109253,-1.6095551252365112,0.9663060903549194
1773049000,762228156,world,cf231_leg,-2.6066415309906006,-1.6146981716156006,0.9515936374664307
1773049000,767141443,world,cf231,-2.611403465270996,-1.6096652746200562,0.9663381576538086
1773049000,767141443,world,cf231_leg,-2.6065433025360107,-1.6147456169128418,0.9515688419342041
1773049000,772128085,world,cf231,-2.6112799644470215,-1.609642744064331,0.9663219451904297
1773049000,772128085,world,cf231_leg,-2.6066763401031494,-1.614916443824768,0.9517239332199097
1773049000,777173620,world,cf231,-2.6113338470458984,-1.6098926067352295,0.9663323163986206
1773049000,777173620,world,cf231_leg,-2.6065633296966553,-1.6149717569351196,0.9516801834106445
1773049000,782273223,world,cf231,-2.611112594604492,-1.6097991466522217,0.9662978649139404
1773049000,782273223,world,cf231_leg,-2.606506109237671,-1.615002155303955,0.9517850875854492
1773049000,787343281,world,cf231,-2.61093807220459,-1.609883189201355,0.9663382768630981
1773049000,787343281,world,cf231_leg,-2.6063859462738037,-1.6149812936782837,0.9517731666564941
1773049000,792162285,world,cf231,-2.610928773880005,-1.6101272106170654,0.9663795232772827
1773049000,792162285,world,cf231_leg,-2.6063551902770996,-1.6151127815246582,0.9517065286636353
1773049000,797214790,world,cf231,-2.6109507083892822,-1.6101936101913452,0.9663511514663696
1773049000,797214790,world,cf231_leg,-2.6063930988311768,-1.6152147054672241,0.9518444538116455
1773049000,802136654,world,cf231,-2.6110100746154785,-1.610365867614746,0.9664864540100098
1773049000,802136654,world,cf231_leg,-2.606304883956909,-1.6153712272644043,0.951852560043335
1773049000,807103944,world,cf231,-2.61086106300354,-1.610395073890686,0.9664890766143799
1773049000,807103944,world,cf231_leg,-2.606318712234497,-1.6153675317764282,0.9519052505493164
1773049000,812810914,world,cf231,-2.6107356548309326,-1.6104885339736938,0.9664419889450073
1773049000,812810914,world,cf231_leg,-2.6061959266662598,-1.6154659986495972,0.9518998861312866
1773049000,817942677,world,cf231,-2.6106793880462646,-1.610561490058899,0.9664453268051147
1773049000,817942677,world,cf231_leg,-2.6063034534454346,-1.615692138671875,0.9521092176437378
1773049000,822044231,world,cf231,-2.610642194747925,-1.6106575727462769,0.9665231704711914
1773049000,822044231,world,cf231_leg,-2.606180429458618,-1.6156331300735474,0.9520015716552734
1773049000,827203770,world,cf231,-2.6106386184692383,-1.6107755899429321,0.9665142297744751
1773049000,827203770,world,cf231_leg,-2.6061511039733887,-1.6158040761947632,0.952049970626831
1773049000,832168577,world,cf231,-2.610633611679077,-1.610898733139038,0.9665453433990479
1773049000,832168577,world,cf231_leg,-2.606140375137329,-1.6158514022827148,0.9521229267120361
1773049000,837227153,world,cf231,-2.610677719116211,-1.6110769510269165,0.9666450023651123
1773049000,837227153,world,cf231_leg,-2.6061508655548096,-1.6159636974334717,0.9521690607070923
1773049000,842242224,world,cf231,-2.6105992794036865,-1.6111913919448853,0.9665870666503906
1773049000,842242224,world,cf231_leg,-2.6061196327209473,-1.6160948276519775,0.952103853225708
1773049000,847193946,world,cf231,-2.610574960708618,-1.6112793684005737,0.9667068719863892
1773049000,847193946,world,cf231_leg,-2.6060307025909424,-1.6160999536514282,0.9522609710693359
1773049000,852128558,world,cf231,-2.6108129024505615,-1.6115621328353882,0.966744065284729
1773049000,852128558,world,cf231_leg,-2.6061222553253174,-1.6162898540496826,0.9523036479949951
1773049000,857192062,world,cf231,-2.6108617782592773,-1.6116198301315308,0.966832160949707
1773049000,857192062,world,cf231_leg,-2.606144428253174,-1.6164014339447021,0.9524403810501099
1773049000,862230058,world,cf231,-2.610748052597046,-1.6117143630981445,0.9668831825256348
1773049000,862230058,world,cf231_leg,-2.606032609939575,-1.616452693939209,0.9523625373840332
1773049000,867207287,world,cf231,-2.6107044219970703,-1.611886739730835,0.9668400287628174
1773049000,867207287,world,cf231_leg,-2.606043577194214,-1.6165655851364136,0.9524072408676147
1773049000,872121057,world,cf231,-2.6107733249664307,-1.612019419670105,0.9669572114944458
1773049000,872121057,world,cf231_leg,-2.60598087310791,-1.6166741847991943,0.9524089097976685
1773049000,877174187,world,cf231,-2.6108715534210205,-1.6120903491973877,0.9669748544692993
1773049000,877174187,world,cf231_leg,-2.6059961318969727,-1.6167068481445312,0.952562689781189
1773049000,882965907,world,cf231,-2.61093807220459,-1.6123350858688354,0.9670455455780029
1773049000,882965907,world,cf231_leg,-2.6060004234313965,-1.6168994903564453,0.9525226354598999
1773049000,887235153,world,cf231,-2.6108269691467285,-1.6122688055038452,0.9669690132141113
1773049000,887235153,world,cf231_leg,-2.6060354709625244,-1.6171178817749023,0.9526526927947998
1773049000,893081512,world,cf231,-2.610832452774048,-1.6125447750091553,0.9671688079833984
1773049000,893081512,world,cf231_leg,-2.6060221195220947,-1.6171221733093262,0.9525982141494751
1773049000,897220599,world,cf231,-2.610917091369629,-1.6126614809036255,0.9672681093215942
1773049000,897220599,world,cf231_leg,-2.6059820652008057,-1.617337703704834,0.9527043104171753
1773049000,902195749,world,cf231,-2.611022710800171,-1.6128125190734863,0.9672541618347168
1773049000,902195749,world,cf231_leg,-2.605994939804077,-1.617332935333252,0.9527603387832642
1773049000,907218216,world,cf231,-2.610975503921509,-1.6127945184707642,0.9672834873199463
1773049000,907218216,world,cf231_leg,-2.605970859527588,-1.617384672164917,0.9527785778045654
1773049000,912327134,world,cf231,-2.611052989959717,-1.6129941940307617,0.9672977924346924
1773049000,912327134,world,cf231_leg,-2.6058945655822754,-1.617499828338623,0.9527419805526733
1773049000,917281107,world,cf231,-2.610974073410034,-1.6131466627120972,0.9673633575439453
1773049000,917281107,world,cf231_leg,-2.605821371078491,-1.617493987083435,0.9526803493499756
1773049000,922026267,world,cf231,-2.610954999923706,-1.6132766008377075,0.9673560857772827
1773049000,922026267,world,cf231_leg,-2.6058919429779053,-1.6176137924194336,0.9527186155319214
1773049000,927084225,world,cf231,-2.611055374145508,-1.6133848428726196,0.9674704074859619
1773049000,927084225,world,cf231_leg,-2.605893611907959,-1.6176562309265137,0.9528475999832153
1773049000,932098284,world,cf231,-2.611124038696289,-1.6134753227233887,0.9674495458602905
1773049000,932098284,world,cf231_leg,-2.6058897972106934,-1.61777663230896,0.9528746604919434
1773049000,937215386,world,cf231,-2.611072063446045,-1.6135742664337158,0.9674736261367798
1773049000,937215386,world,cf231_leg,-2.6058804988861084,-1.6178228855133057,0.952926754951477
1773049000,942218892,world,cf231,-2.6111512184143066,-1.6137785911560059,0.967501163482666
1773049000,942218892,world,cf231_leg,-2.6058881282806396,-1.618053913116455,0.9529813528060913
1773049000,947029031,world,cf231,-2.611076593399048,-1.6138107776641846,0.9675546884536743
1773049000,947029031,world,cf231_leg,-2.60593581199646,-1.6180667877197266,0.9529151916503906
1773049000,952160254,world,cf231,-2.6111440658569336,-1.6140562295913696,0.9676227569580078
1773049000,952160254,world,cf231_leg,-2.605907917022705,-1.6182416677474976,0.9529742002487183
1773049000,957154910,world,cf231,-2.611264228820801,-1.614197015762329,0.9676289558410645
1773049000,957154910,world,cf231_leg,-2.605943202972412,-1.618300437927246,0.9529850482940674
1773049000,962054827,world,cf231,-2.611360788345337,-1.614269733428955,0.9676684141159058
1773049000,962054827,world,cf231_leg,-2.6059536933898926,-1.618415117263794,0.9530467987060547
1773049000,967139542,world,cf231,-2.6113781929016113,-1.6144628524780273,0.967687726020813
1773049000,967139542,world,cf231_leg,-2.605928659439087,-1.6184707880020142,0.9530990123748779
1773049000,972162816,world,cf231,-2.6113381385803223,-1.6145178079605103,0.9676520824432373
1773049000,972162816,world,cf231_leg,-2.6059160232543945,-1.6186327934265137,0.9531463384628296
1773049000,977216896,world,cf231,-2.6114232540130615,-1.6146384477615356,0.9677670001983643
1773049000,977216896,world,cf231_leg,-2.6059510707855225,-1.6186963319778442,0.953188419342041
1773049000,982145397,world,cf231,-2.61152720451355,-1.614783763885498,0.9677419662475586
1773049000,982145397,world,cf231_leg,-2.6060287952423096,-1.6188898086547852,0.953178882598877
1773049000,987286329,world,cf231,-2.6116116046905518,-1.6148655414581299,0.9677368402481079
1773049000,987286329,world,cf231_leg,-2.606102705001831,-1.6190534830093384,0.9533406496047974
1773049000,992226883,world,cf231,-2.6116795539855957,-1.6151050329208374,0.967767596244812
1773049000,992226883,world,cf231_leg,-2.606051445007324,-1.6191157102584839,0.9532667398452759
1773049000,998018489,world,cf231,-2.6117360591888428,-1.615239143371582,0.9678069353103638
1773049000,998018489,world,cf231_leg,-2.6061112880706787,-1.619282841682434,0.9533772468566895
1773049001,2347617,world,cf231,-2.6117820739746094,-1.6154121160507202,0.9678665399551392
1773049001,2347617,world,cf231_leg,-2.6060237884521484,-1.6192854642868042,0.953295111656189
1773049001,7175715,world,cf231,-2.6118505001068115,-1.6154990196228027,0.9678282737731934
1773049001,7175715,world,cf231_leg,-2.606072425842285,-1.6193397045135498,0.9533612728118896
1773049001,12136253,world,cf231,-2.612030267715454,-1.615652322769165,0.967866063117981
1773049001,12136253,world,cf231_leg,-2.606213331222534,-1.6195871829986572,0.953481912612915
1773049001,17939539,world,cf231,-2.612112283706665,-1.6158878803253174,0.967953085899353
1773049001,17939539,world,cf231_leg,-2.606125593185425,-1.6195869445800781,0.9533857107162476
1773049001,22252580,world,cf231,-2.6120924949645996,-1.61601722240448,0.9679478406906128
1773049001,22252580,world,cf231_leg,-2.6060917377471924,-1.6196839809417725,0.9534587860107422
1773049001,27120700,world,cf231,-2.6121864318847656,-1.6162056922912598,0.9679572582244873
1773049001,27120700,world,cf231_leg,-2.6061487197875977,-1.6198104619979858,0.9534581899642944
1773049001,32206204,world,cf231,-2.6122686862945557,-1.616288423538208,0.967976450920105
1773049001,32206204,world,cf231_leg,-2.6061675548553467,-1.6198807954788208,0.9534851312637329
1773049001,37127651,world,cf231,-2.6124002933502197,-1.616381049156189,0.9679074287414551
1773049001,37127651,world,cf231_leg,-2.6061809062957764,-1.619992733001709,0.9535086154937744
1773049001,42105044,world,cf231,-2.612410306930542,-1.6165366172790527,0.968095064163208
1773049001,42105044,world,cf231_leg,-2.606198787689209,-1.620062232017517,0.9535384178161621
1773049001,47147537,world,cf231,-2.612419366836548,-1.6166075468063354,0.9680080413818359
1773049001,47147537,world,cf231_leg,-2.606255292892456,-1.620193362236023,0.953569769859314
1773049001,52107425,world,cf231,-2.612478733062744,-1.6169413328170776,0.9680296182632446
1773049001,52107425,world,cf231_leg,-2.606184244155884,-1.620227336883545,0.9536224603652954
1773049001,58882773,world,cf231,-2.6125006675720215,-1.6170074939727783,0.9680016040802002
1773049001,58882773,world,cf231_leg,-2.6061527729034424,-1.6203581094741821,0.953558087348938
1773049001,62201795,world,cf231,-2.6126813888549805,-1.61715829372406,0.9680185317993164
1773049001,62201795,world,cf231_leg,-2.6062488555908203,-1.6204252243041992,0.9535573720932007
1773049001,67275608,world,cf231,-2.61271595954895,-1.6172230243682861,0.9680678844451904
1773049001,67275608,world,cf231_leg,-2.6063780784606934,-1.6207162141799927,0.9537394046783447
1773049001,72360616,world,cf231,-2.6127734184265137,-1.6173511743545532,0.9680696725845337
1773049001,72360616,world,cf231_leg,-2.6063663959503174,-1.6207219362258911,0.9536800384521484
1773049001,77187619,world,cf231,-2.6126461029052734,-1.617449164390564,0.9680649042129517
1773049001,77187619,world,cf231_leg,-2.6061453819274902,-1.6205576658248901,0.9536786079406738
1773049001,82130197,world,cf231,-2.6126558780670166,-1.6175626516342163,0.9681147336959839
1773049001,82130197,world,cf231_leg,-2.606301784515381,-1.6208313703536987,0.9537029266357422
1773049001,87731532,world,cf231,-2.612738847732544,-1.617642879486084,0.9681137800216675
1773049001,87731532,world,cf231_leg,-2.6062281131744385,-1.6208276748657227,0.953658938407898
1773049001,93026808,world,cf231,-2.6129071712493896,-1.61783766746521,0.9681901931762695
1773049001,93026808,world,cf231_leg,-2.606332540512085,-1.621006965637207,0.953728199005127
1773049001,98355606,world,cf231,-2.6128299236297607,-1.617799997329712,0.9680629968643188
1773049001,98355606,world,cf231_leg,-2.6062591075897217,-1.62100350856781,0.9536831378936768
1773049001,103046027,world,cf231,-2.6128056049346924,-1.6178843975067139,0.9681651592254639
1773049001,103046027,world,cf231_leg,-2.6062169075012207,-1.6210206747055054,0.9537768363952637
1773049001,107390217,world,cf231,-2.612774610519409,-1.6180200576782227,0.9680960178375244
1773049001,107390217,world,cf231_leg,-2.6061222553253174,-1.621108055114746,0.9536422491073608
1773049001,112196421,world,cf231,-2.6128475666046143,-1.6181813478469849,0.9682521820068359
1773049001,112196421,world,cf231_leg,-2.6062450408935547,-1.6211663484573364,0.9537506103515625
1773049001,117555818,world,cf231,-2.612891912460327,-1.6183172464370728,0.9682132005691528
1773049001,117555818,world,cf231_leg,-2.6060850620269775,-1.6211638450622559,0.9536060094833374
1773049001,122052218,world,cf231,-2.6129112243652344,-1.6183491945266724,0.9681068658828735
1773049001,122052218,world,cf231_leg,-2.6060588359832764,-1.6212157011032104,0.9536468982696533
1773049001,127399579,world,cf231,-2.6127398014068604,-1.6183147430419922,0.9681583642959595
1773049001,127399579,world,cf231_leg,-2.606041193008423,-1.6211847066879272,0.9537352323532104
1773049001,132097175,world,cf231,-2.6126372814178467,-1.6183222532272339,0.9680143594741821
1773049001,132097175,world,cf231_leg,-2.6059937477111816,-1.6212843656539917,0.9535353183746338
1773049001,137849425,world,cf231,-2.6127798557281494,-1.618567943572998,0.9681122303009033
1773049001,137849425,world,cf231_leg,-2.605997085571289,-1.6213176250457764,0.9536000490188599
1773049001,143402191,world,cf231,-2.6127941608428955,-1.6185612678527832,0.9681497812271118
1773049001,143402191,world,cf231_leg,-2.605931282043457,-1.621390700340271,0.9535211324691772
1773049001,147171012,world,cf231,-2.612963914871216,-1.6186009645462036,0.9681380987167358
1773049001,147171012,world,cf231_leg,-2.6058707237243652,-1.6213797330856323,0.9535174369812012
1773049001,153055998,world,cf231,-2.6128242015838623,-1.6187011003494263,0.9680544137954712
1773049001,153055998,world,cf231_leg,-2.6058528423309326,-1.62151300907135,0.9537563323974609
1773049001,157322773,world,cf231,-2.6127402782440186,-1.6186264753341675,0.9680936336517334
1773049001,157322773,world,cf231_leg,-2.605804204940796,-1.6214547157287598,0.9534564018249512
1773049001,162229066,world,cf231,-2.6127007007598877,-1.6186816692352295,0.9680572748184204
1773049001,162229066,world,cf231_leg,-2.6057701110839844,-1.621551752090454,0.9535295963287354
1773049001,167200766,world,cf231,-2.612736225128174,-1.6187471151351929,0.9681040048599243
1773049001,167200766,world,cf231_leg,-2.6057002544403076,-1.6215789318084717,0.9535336494445801
1773049001,172298436,world,cf231,-2.6127474308013916,-1.61870539188385,0.9680652618408203
1773049001,172298436,world,cf231_leg,-2.605576276779175,-1.6215243339538574,0.9534600973129272
1773049001,178932244,world,cf231,-2.612762212753296,-1.6186928749084473,0.9680651426315308
1773049001,178932244,world,cf231_leg,-2.605567216873169,-1.6216058731079102,0.9536176919937134
1773049001,182219610,world,cf231,-2.6126348972320557,-1.6187909841537476,0.9680598974227905
1773049001,182219610,world,cf231_leg,-2.605572462081909,-1.6216423511505127,0.9534711837768555
1773049001,187115902,world,cf231,-2.6126809120178223,-1.6189637184143066,0.9681196212768555
1773049001,187115902,world,cf231_leg,-2.6054763793945312,-1.621686339378357,0.9534101486206055
1773049001,192216774,world,cf231,-2.6125876903533936,-1.6187729835510254,0.9680900573730469
1773049001,192216774,world,cf231_leg,-2.6053919792175293,-1.6217323541641235,0.9534543752670288
1773049001,197194457,world,cf231,-2.6126930713653564,-1.6189165115356445,0.9680421352386475
1773049001,197194457,world,cf231_leg,-2.605304479598999,-1.6217296123504639,0.9533430337905884
1773049001,201977237,world,cf231,-2.6126315593719482,-1.6189055442810059,0.9680334329605103
1773049001,201977237,world,cf231_leg,-2.605405807495117,-1.6217299699783325,0.9537264108657837
1773049001,207340520,world,cf231,-2.612666606903076,-1.6189734935760498,0.9681003093719482
1773049001,207340520,world,cf231_leg,-2.605314254760742,-1.6218461990356445,0.9534224271774292
1773049001,212269820,world,cf231,-2.6124942302703857,-1.6188966035842896,0.9680153131484985
1773049001,212269820,world,cf231_leg,-2.6051363945007324,-1.621812343597412,0.9533674716949463
1773049001,217095384,world,cf231,-2.612474203109741,-1.6188188791275024,0.9679673910140991
1773049001,217095384,world,cf231_leg,-2.6051204204559326,-1.6219383478164673,0.9533352851867676
1773049001,222282158,world,cf231,-2.6124346256256104,-1.6188771724700928,0.9679487943649292
1773049001,222282158,world,cf231_leg,-2.605100154876709,-1.6220312118530273,0.9534620046615601
1773049001,227163859,world,cf231,-2.612508773803711,-1.6188867092132568,0.9680343866348267
1773049001,227163859,world,cf231_leg,-2.604968547821045,-1.6218974590301514,0.9534071683883667
1773049001,232285049,world,cf231,-2.6123976707458496,-1.6188205480575562,0.9679583311080933
1773049001,232285049,world,cf231_leg,-2.6048781871795654,-1.6220163106918335,0.9533184766769409
1773049001,237095339,world,cf231,-2.6121768951416016,-1.618730902671814,0.967942476272583
1773049001,237095339,world,cf231_leg,-2.604813814163208,-1.621971845626831,0.9532512426376343
1773049001,242099370,world,cf231,-2.6120691299438477,-1.6186963319778442,0.9679254293441772
1773049001,242099370,world,cf231_leg,-2.6046676635742188,-1.6219602823257446,0.9531292915344238
1773049001,246975892,world,cf231,-2.6120777130126953,-1.6187701225280762,0.9678570032119751
1773049001,246975892,world,cf231_leg,-2.604720115661621,-1.6220574378967285,0.9535229206085205
1773049001,252127218,world,cf231,-2.6120665073394775,-1.6186652183532715,0.967864990234375
1773049001,252127218,world,cf231_leg,-2.604435920715332,-1.6219964027404785,0.953069806098938
1773049001,257292083,world,cf231,-2.6119940280914307,-1.6186926364898682,0.9678775072097778
1773049001,257292083,world,cf231_leg,-2.6044085025787354,-1.6221688985824585,0.9531129598617554
1773049001,262231602,world,cf231,-2.6119072437286377,-1.6186131238937378,0.9681406021118164
1773049001,262231602,world,cf231_leg,-2.6044209003448486,-1.6222798824310303,0.953140139579773
1773049001,267224922,world,cf231,-2.611600637435913,-1.6184055805206299,0.9680294990539551
1773049001,267224922,world,cf231_leg,-2.6042187213897705,-1.6221377849578857,0.9529845714569092
1773049001,272117604,world,cf231,-2.611672878265381,-1.6185276508331299,0.9680671691894531
1773049001,272117604,world,cf231_leg,-2.604159116744995,-1.6221734285354614,0.953143835067749
1773049001,277216046,world,cf231,-2.611686944961548,-1.6185243129730225,0.9681222438812256
1773049001,277216046,world,cf231_leg,-2.604116678237915,-1.6223081350326538,0.9530026912689209
1773049001,282275838,world,cf231,-2.6114282608032227,-1.6184550523757935,0.9677278995513916
1773049001,282275838,world,cf231_leg,-2.604077100753784,-1.622210144996643,0.9528995752334595
1773049001,287254749,world,cf231,-2.6113295555114746,-1.6185367107391357,0.9677795171737671
1773049001,287254749,world,cf231_leg,-2.603909492492676,-1.622293472290039,0.9529222249984741
1773049001,292110765,world,cf231,-2.6110591888427734,-1.618391990661621,0.9676957130432129
1773049001,292110765,world,cf231_leg,-2.603855848312378,-1.6223583221435547,0.9528872966766357
1773049001,297013896,world,cf231,-2.6109092235565186,-1.6183815002441406,0.9675817489624023
1773049001,297013896,world,cf231_leg,-2.603778600692749,-1.6223195791244507,0.9529849290847778
1773049001,302359178,world,cf231,-2.6109228134155273,-1.6183710098266602,0.9676029682159424
1773049001,302359178,world,cf231_leg,-2.6035964488983154,-1.6224045753479004,0.9527381658554077
1773049001,307223076,world,cf231,-2.610811710357666,-1.6183079481124878,0.9675449132919312
1773049001,307223076,world,cf231_leg,-2.603696346282959,-1.6225131750106812,0.9528453350067139
1773049001,312168981,world,cf231,-2.6106886863708496,-1.6182892322540283,0.9675458669662476
1773049001,312168981,world,cf231_leg,-2.6036224365234375,-1.6225091218948364,0.9528024196624756
1773049001,317277960,world,cf231,-2.6104328632354736,-1.6182876825332642,0.9675477743148804
1773049001,317277960,world,cf231_leg,-2.6035163402557373,-1.6226375102996826,0.9527134895324707
1773049001,322100239,world,cf231,-2.6102852821350098,-1.618161916732788,0.9674626588821411
1773049001,322100239,world,cf231_leg,-2.6034200191497803,-1.6225289106369019,0.9527822732925415
1773049001,327050196,world,cf231,-2.6102194786071777,-1.618270993232727,0.9674663543701172
1773049001,327050196,world,cf231_leg,-2.603304147720337,-1.6225435733795166,0.9526282548904419
1773049001,332005092,world,cf231,-2.61006498336792,-1.6180660724639893,0.9674094915390015
1773049001,332005092,world,cf231_leg,-2.6031835079193115,-1.6225249767303467,0.952633261680603
1773049001,337082012,world,cf231,-2.609985828399658,-1.6181831359863281,0.9673720598220825
1773049001,337082012,world,cf231_leg,-2.603100299835205,-1.6225643157958984,0.9526286125183105
1773049001,342959728,world,cf231,-2.609743118286133,-1.6180174350738525,0.9673298597335815
1773049001,342959728,world,cf231_leg,-2.603120803833008,-1.622633695602417,0.9526355266571045
1773049001,347027377,world,cf231,-2.60966420173645,-1.618138074874878,0.9673095941543579
1773049001,347027377,world,cf231_leg,-2.6029200553894043,-1.622692584991455,0.9527313709259033
1773049001,353010611,world,cf231,-2.6095900535583496,-1.618173599243164,0.9673808813095093
1773049001,353010611,world,cf231_leg,-2.602802038192749,-1.6227105855941772,0.9526139497756958
1773049001,357151361,world,cf231,-2.6094579696655273,-1.6180354356765747,0.967294454574585
1773049001,357151361,world,cf231_leg,-2.602745532989502,-1.622696042060852,0.9525507688522339
1773049001,362391721,world,cf231,-2.6094400882720947,-1.6181600093841553,0.9672483205795288
1773049001,362391721,world,cf231_leg,-2.6026816368103027,-1.6228059530258179,0.952572226524353
1773049001,367491175,world,cf231,-2.6092426776885986,-1.6181732416152954,0.9673033952713013
1773049001,367491175,world,cf231_leg,-2.602501630783081,-1.6227751970291138,0.9525541067123413
1773049001,372430936,world,cf231,-2.6089694499969482,-1.6181437969207764,0.9671903848648071
1773049001,372430936,world,cf231_leg,-2.602309226989746,-1.6227495670318604,0.9524790048599243
1773049001,377116308,world,cf231,-2.608907461166382,-1.6181355714797974,0.9672008752822876
1773049001,377116308,world,cf231_leg,-2.6022348403930664,-1.6227452754974365,0.9524374008178711
1773049001,382095544,world,cf231,-2.608708381652832,-1.618109107017517,0.967138409614563
1773049001,382095544,world,cf231_leg,-2.602097988128662,-1.622849941253662,0.952396035194397
1773049001,387190586,world,cf231,-2.608572244644165,-1.6180915832519531,0.9670628309249878
1773049001,387190586,world,cf231_leg,-2.6020593643188477,-1.6229095458984375,0.9523953199386597
1773049001,392440342,world,cf231,-2.6083743572235107,-1.618107557296753,0.9671372175216675
1773049001,392440342,world,cf231_leg,-2.601853370666504,-1.6229312419891357,0.9524165391921997
1773049001,397937113,world,cf231,-2.6081490516662598,-1.6180936098098755,0.9669743776321411
1773049001,397937113,world,cf231_leg,-2.6017701625823975,-1.6229705810546875,0.9524118900299072
1773049001,402440185,world,cf231,-2.6079022884368896,-1.6180554628372192,0.9669780731201172
1773049001,402440185,world,cf231_leg,-2.601635456085205,-1.622915267944336,0.9522289037704468
1773049001,407137410,world,cf231,-2.6078097820281982,-1.6181765794754028,0.9668830633163452
1773049001,407137410,world,cf231_leg,-2.6014862060546875,-1.623070478439331,0.9522970914840698
1773049001,412386233,world,cf231,-2.607700824737549,-1.618147850036621,0.9669040441513062
1773049001,412386233,world,cf231_leg,-2.6014251708984375,-1.6230591535568237,0.9522948265075684
1773049001,416939591,world,cf231,-2.607435703277588,-1.6181918382644653,0.9667240381240845
1773049001,416939591,world,cf231_leg,-2.6011722087860107,-1.6230255365371704,0.9522300958633423
1773049001,422969600,world,cf231,-2.607210874557495,-1.618216633796692,0.9666818380355835
1773049001,422969600,world,cf231_leg,-2.6011106967926025,-1.6231330633163452,0.9522124528884888
1773049001,427186277,world,cf231,-2.607036828994751,-1.6183009147644043,0.9667223691940308
1773049001,427186277,world,cf231_leg,-2.6009747982025146,-1.6232357025146484,0.9521543979644775
1773049001,433041976,world,cf231,-2.60699725151062,-1.6183562278747559,0.9666857719421387
1773049001,433041976,world,cf231_leg,-2.6008403301239014,-1.6232236623764038,0.9521219730377197
1773049001,437078451,world,cf231,-2.6067004203796387,-1.618211030960083,0.966429591178894
1773049001,437078451,world,cf231_leg,-2.6007795333862305,-1.6232151985168457,0.9521334171295166
1773049001,442116086,world,cf231,-2.6067066192626953,-1.618455171585083,0.9665431976318359
1773049001,442116086,world,cf231_leg,-2.6006736755371094,-1.6233025789260864,0.9521116018295288
1773049001,447058565,world,cf231,-2.6064867973327637,-1.6183571815490723,0.9664690494537354
1773049001,447058565,world,cf231_leg,-2.6004679203033447,-1.6232866048812866,0.9520119428634644
1773049001,452083023,world,cf231,-2.6062731742858887,-1.618343710899353,0.9664051532745361
1773049001,452083023,world,cf231_leg,-2.600407600402832,-1.623474359512329,0.9520434141159058
1773049001,457239831,world,cf231,-2.6062216758728027,-1.6184430122375488,0.9664285182952881
1773049001,457239831,world,cf231_leg,-2.6003849506378174,-1.6235220432281494,0.9520275592803955
1773049001,463959242,world,cf231,-2.606189250946045,-1.6185805797576904,0.9663817882537842
1773049001,463959242,world,cf231_leg,-2.6002755165100098,-1.6236134767532349,0.9520630836486816
1773049001,467230992,world,cf231,-2.606123924255371,-1.6186903715133667,0.9663838148117065
1773049001,467230992,world,cf231_leg,-2.6001291275024414,-1.623604416847229,0.9519565105438232
1773049001,472162504,world,cf231,-2.6057915687561035,-1.618531346321106,0.9662725925445557
1773049001,472162504,world,cf231_leg,-2.6000304222106934,-1.6236516237258911,0.951933741569519
1773049001,476976277,world,cf231,-2.605661630630493,-1.61874520778656,0.9662389755249023
1773049001,476976277,world,cf231_leg,-2.5999088287353516,-1.6237484216690063,0.9519116878509521
1773049001,482173970,world,cf231,-2.6055381298065186,-1.618722677230835,0.9662234783172607
1773049001,482173970,world,cf231_leg,-2.599764347076416,-1.623777985572815,0.9516992568969727
1773049001,487342400,world,cf231,-2.605456829071045,-1.6188472509384155,0.9662467241287231
1773049001,487342400,world,cf231_leg,-2.5997507572174072,-1.6239385604858398,0.9517514705657959
1773049001,492139863,world,cf231,-2.6053829193115234,-1.6188385486602783,0.9661587476730347
1773049001,492139863,world,cf231_leg,-2.5995912551879883,-1.6239798069000244,0.9517554044723511
1773049001,497195740,world,cf231,-2.6052160263061523,-1.6189922094345093,0.966117262840271
1773049001,497195740,world,cf231_leg,-2.5994112491607666,-1.6239465475082397,0.951722264289856
1773049001,502041408,world,cf231,-2.6049091815948486,-1.6191028356552124,0.9659780263900757
1773049001,502041408,world,cf231_leg,-2.599334239959717,-1.6240636110305786,0.9517040252685547
1773049001,508024577,world,cf231,-2.6046230792999268,-1.619117021560669,0.9659260511398315
1773049001,508024577,world,cf231_leg,-2.5991623401641846,-1.6241074800491333,0.9516353607177734
1773049001,512161572,world,cf231,-2.6045827865600586,-1.6191747188568115,0.9659101963043213
1773049001,512161572,world,cf231_leg,-2.599078893661499,-1.624144196510315,0.9516159296035767
1773049001,517166437,world,cf231,-2.6044816970825195,-1.6192224025726318,0.9658827781677246
1773049001,517166437,world,cf231_leg,-2.5989067554473877,-1.624190330505371,0.9515635967254639
1773049001,522411221,world,cf231,-2.604271650314331,-1.6192411184310913,0.965876579284668
1773049001,522411221,world,cf231_leg,-2.59877610206604,-1.62421452999115,0.9516091346740723
1773049001,527233826,world,cf231,-2.6041793823242188,-1.6194041967391968,0.9659214019775391
1773049001,527233826,world,cf231_leg,-2.5986032485961914,-1.6242574453353882,0.9515441656112671
1773049001,533018050,world,cf231,-2.603908061981201,-1.619415283203125,0.9659240245819092
1773049001,533018050,world,cf231_leg,-2.598433256149292,-1.6243005990982056,0.9514539241790771
1773049001,536989077,world,cf231,-2.603830575942993,-1.6195656061172485,0.9659692049026489
1773049001,536989077,world,cf231_leg,-2.5982930660247803,-1.624367117881775,0.9513174295425415
1773049001,543866879,world,cf231,-2.6037137508392334,-1.6197746992111206,0.9659954309463501
1773049001,543866879,world,cf231_leg,-2.598172426223755,-1.6243488788604736,0.9513221979141235
1773049001,547092421,world,cf231,-2.603527784347534,-1.6197054386138916,0.9658689498901367
1773049001,547092421,world,cf231_leg,-2.5980114936828613,-1.6245046854019165,0.9513015747070312
1773049001,552206826,world,cf231,-2.6033730506896973,-1.6198598146438599,0.9659260511398315
1773049001,552206826,world,cf231_leg,-2.5979065895080566,-1.6244776248931885,0.9515284299850464
1773049001,557313296,world,cf231,-2.6032824516296387,-1.6200213432312012,0.9659477472305298
1773049001,557313296,world,cf231_leg,-2.597778558731079,-1.6246590614318848,0.9512299299240112
1773049001,562035797,world,cf231,-2.6029577255249023,-1.6199392080307007,0.965787410736084
1773049001,562035797,world,cf231_leg,-2.597571849822998,-1.624639868736267,0.9511172771453857
1773049001,567135487,world,cf231,-2.602879524230957,-1.6200506687164307,0.9657124280929565
1773049001,567135487,world,cf231_leg,-2.5974490642547607,-1.6247409582138062,0.9511286020278931
1773049001,572284126,world,cf231,-2.6029469966888428,-1.6202988624572754,0.9658011198043823
1773049001,572284126,world,cf231_leg,-2.597402811050415,-1.6247292757034302,0.9511914253234863
1773049001,577197529,world,cf231,-2.6027727127075195,-1.6203827857971191,0.9658430814743042
1773049001,577197529,world,cf231_leg,-2.5973196029663086,-1.624925136566162,0.9512929916381836
1773049001,583028284,world,cf231,-2.6024723052978516,-1.6204040050506592,0.9657533168792725
1773049001,583028284,world,cf231_leg,-2.597224473953247,-1.6250098943710327,0.9511442184448242
1773049001,587171943,world,cf231,-2.6022214889526367,-1.620483160018921,0.9657509326934814
1773049001,587171943,world,cf231_leg,-2.5970780849456787,-1.625001072883606,0.9510366916656494
1773049001,593006867,world,cf231,-2.602095365524292,-1.6205796003341675,0.9657242298126221
1773049001,593006867,world,cf231_leg,-2.5970778465270996,-1.6252763271331787,0.9511284828186035
1773049001,597048647,world,cf231,-2.6020877361297607,-1.6208206415176392,0.9657478332519531
1773049001,597048647,world,cf231_leg,-2.5970470905303955,-1.6252938508987427,0.9511092901229858
1773049001,602255522,world,cf231,-2.601848602294922,-1.6208527088165283,0.9656673669815063
1773049001,602255522,world,cf231_leg,-2.5969173908233643,-1.6253165006637573,0.9511364698410034
1773049001,607412282,world,cf231,-2.601684093475342,-1.6210500001907349,0.9657601118087769
1773049001,607412282,world,cf231_leg,-2.596864700317383,-1.62549889087677,0.9510680437088013
1773049001,612432921,world,cf231,-2.601360321044922,-1.6210070848464966,0.9657198190689087
1773049001,612432921,world,cf231_leg,-2.596632957458496,-1.6254165172576904,0.9510231018066406
1773049001,618070468,world,cf231,-2.6011242866516113,-1.6210353374481201,0.9655954837799072
1773049001,618070468,world,cf231_leg,-2.596707820892334,-1.6255778074264526,0.951169490814209
1773049001,622128109,world,cf231,-2.601090908050537,-1.6213312149047852,0.9656572341918945
1773049001,622128109,world,cf231_leg,-2.5965819358825684,-1.6256808042526245,0.9512227773666382
1773049001,627195265,world,cf231,-2.600923538208008,-1.6214910745620728,0.9656528234481812
1773049001,627195265,world,cf231_leg,-2.5965006351470947,-1.6257195472717285,0.9511963129043579
1773049001,632155596,world,cf231,-2.600757122039795,-1.6216516494750977,0.9656467437744141
1773049001,632155596,world,cf231_leg,-2.5964066982269287,-1.6258035898208618,0.9512499570846558
1773049001,638034310,world,cf231,-2.600590229034424,-1.6218153238296509,0.9656591415405273
1773049001,638034310,world,cf231_leg,-2.5963034629821777,-1.6259726285934448,0.9512732028961182
1773049001,642192831,world,cf231,-2.600402593612671,-1.6218973398208618,0.9656071662902832
1773049001,642192831,world,cf231_leg,-2.5962295532226562,-1.6259691715240479,0.9512283802032471
1773049001,647145924,world,cf231,-2.600435495376587,-1.6220808029174805,0.9656462669372559
1773049001,647145924,world,cf231_leg,-2.596092462539673,-1.6260734796524048,0.9511897563934326
1773049001,652937294,world,cf231,-2.600358247756958,-1.6222376823425293,0.965727686882019
1773049001,652937294,world,cf231_leg,-2.596057415008545,-1.626168966293335,0.9512690305709839
1773049001,657139625,world,cf231,-2.600238561630249,-1.6224091053009033,0.9656578302383423
1773049001,657139625,world,cf231_leg,-2.595938205718994,-1.6261495351791382,0.9512537717819214
1773049001,662222833,world,cf231,-2.600160598754883,-1.622565507888794,0.9657406806945801
1773049001,662222833,world,cf231_leg,-2.5958714485168457,-1.6263809204101562,0.9513000249862671
1773049001,667961019,world,cf231,-2.59993577003479,-1.62259042263031,0.9656988382339478
1773049001,667961019,world,cf231_leg,-2.5957021713256836,-1.6263059377670288,0.9512230157852173
1773049001,672106272,world,cf231,-2.6000139713287354,-1.622786521911621,0.9656970500946045
1773049001,672106272,world,cf231_leg,-2.595689535140991,-1.6264674663543701,0.9512724876403809
1773049001,678062807,world,cf231,-2.599865198135376,-1.622819423675537,0.9657177925109863
1773049001,678062807,world,cf231_leg,-2.5956242084503174,-1.6265811920166016,0.951330304145813
1773049001,682221019,world,cf231,-2.599820852279663,-1.6229974031448364,0.9657149314880371
1773049001,682221019,world,cf231_leg,-2.595555543899536,-1.626615047454834,0.9513602256774902
1773049001,687133435,world,cf231,-2.5997040271759033,-1.6232062578201294,0.9657425880432129
1773049001,687133435,world,cf231_leg,-2.5953967571258545,-1.6266489028930664,0.9513180255889893
1773049001,692250041,world,cf231,-2.599548816680908,-1.623360276222229,0.965801477432251
1773049001,692250041,world,cf231_leg,-2.59538197517395,-1.6268187761306763,0.9514350891113281
1773049001,697118905,world,cf231,-2.599364995956421,-1.623324990272522,0.965755820274353
1773049001,697118905,world,cf231_leg,-2.5952978134155273,-1.6268572807312012,0.951433539390564
1773049001,702225444,world,cf231,-2.599311351776123,-1.6234002113342285,0.9657526016235352
1773049001,702225444,world,cf231_leg,-2.595304012298584,-1.6269327402114868,0.9514044523239136
1773049001,707198863,world,cf231,-2.599198818206787,-1.6234891414642334,0.9657666683197021
1773049001,707198863,world,cf231_leg,-2.595268964767456,-1.627028226852417,0.9514836072921753
1773049001,712006473,world,cf231,-2.5990467071533203,-1.623636245727539,0.9657636880874634
1773049001,712006473,world,cf231_leg,-2.5950450897216797,-1.6269832849502563,0.9514895677566528
1773049001,718095564,world,cf231,-2.5988831520080566,-1.6236850023269653,0.9658023118972778
1773049001,718095564,world,cf231_leg,-2.595003604888916,-1.6271589994430542,0.9514830112457275
1773049001,722259832,world,cf231,-2.5986735820770264,-1.6237012147903442,0.9657772779464722
1773049001,722259832,world,cf231_leg,-2.594942808151245,-1.6271533966064453,0.9515093564987183
1773049001,727212554,world,cf231,-2.59854793548584,-1.6236802339553833,0.9657852649688721
1773049001,727212554,world,cf231_leg,-2.5948827266693115,-1.6271405220031738,0.951488733291626
1773049001,732352093,world,cf231,-2.5986666679382324,-1.6239430904388428,0.9657988548278809
1773049001,732352093,world,cf231_leg,-2.5948946475982666,-1.627256155014038,0.9515480995178223
1773049001,737091679,world,cf231,-2.598546028137207,-1.6239619255065918,0.9658970832824707
1773049001,737091679,world,cf231_leg,-2.5948379039764404,-1.627286434173584,0.9516540765762329
1773049001,742233059,world,cf231,-2.5984184741973877,-1.6240630149841309,0.9659122228622437
1773049001,742233059,world,cf231_leg,-2.5947396755218506,-1.6273313760757446,0.9516149759292603
1773049001,747078574,world,cf231,-2.5983688831329346,-1.624160885810852,0.9659134149551392
1773049001,747078574,world,cf231_leg,-2.5947628021240234,-1.6273953914642334,0.9515687227249146
1773049001,752003825,world,cf231,-2.598417282104492,-1.6242305040359497,0.9660756587982178
1773049001,752003825,world,cf231_leg,-2.594639539718628,-1.6273822784423828,0.9516276121139526
1773049001,757051439,world,cf231,-2.598362922668457,-1.624295711517334,0.9660203456878662
1773049001,757051439,world,cf231_leg,-2.5946762561798096,-1.6274446249008179,0.9516503810882568
1773049001,762228059,world,cf231,-2.598371744155884,-1.6244208812713623,0.9661459922790527
1773049001,762228059,world,cf231_leg,-2.594639778137207,-1.6275413036346436,0.951749324798584
1773049001,767052351,world,cf231,-2.5982613563537598,-1.6244003772735596,0.9662249088287354
1773049001,767052351,world,cf231_leg,-2.5945582389831543,-1.6274635791778564,0.9517539739608765
1773049001,772992414,world,cf231,-2.5981733798980713,-1.6244398355484009,0.9662401676177979
1773049001,772992414,world,cf231_leg,-2.5944464206695557,-1.6275180578231812,0.9516910314559937
1773049001,777220767,world,cf231,-2.598210334777832,-1.6245064735412598,0.966283917427063
1773049001,777220767,world,cf231_leg,-2.5945305824279785,-1.6276328563690186,0.9517854452133179
1773049001,782448551,world,cf231,-2.5982930660247803,-1.6245858669281006,0.9662860631942749
1773049001,782448551,world,cf231_leg,-2.594435214996338,-1.6275620460510254,0.9517515897750854
1773049001,787321382,world,cf231,-2.5983080863952637,-1.6245795488357544,0.9663219451904297
1773049001,787321382,world,cf231_leg,-2.594460964202881,-1.6276707649230957,0.951850175857544
1773049001,792408484,world,cf231,-2.5982611179351807,-1.6246637105941772,0.9662264585494995
1773049001,792408484,world,cf231_leg,-2.594385862350464,-1.6276662349700928,0.951809287071228
1773049001,797319116,world,cf231,-2.5981457233428955,-1.6246644258499146,0.9664623737335205
1773049001,797319116,world,cf231_leg,-2.5943098068237305,-1.6276261806488037,0.951887845993042
1773049001,802470657,world,cf231,-2.59816837310791,-1.6247280836105347,0.966415286064148
1773049001,802470657,world,cf231_leg,-2.5943634510040283,-1.6278780698776245,0.9519460201263428
1773049001,807382691,world,cf231,-2.59835147857666,-1.6249215602874756,0.9665693044662476
1773049001,807382691,world,cf231_leg,-2.5942702293395996,-1.627690076828003,0.9519203901290894
1773049001,812478419,world,cf231,-2.598362445831299,-1.6248799562454224,0.9665292501449585
1773049001,812478419,world,cf231_leg,-2.594252586364746,-1.6278142929077148,0.9518953561782837
1773049001,817832870,world,cf231,-2.598353385925293,-1.6249198913574219,0.9665464162826538
1773049001,817832870,world,cf231_leg,-2.594219446182251,-1.6279352903366089,0.9523093700408936
1773049001,822497414,world,cf231,-2.598315954208374,-1.62490713596344,0.9667158126831055
1773049001,822497414,world,cf231_leg,-2.59417724609375,-1.6279096603393555,0.9522522687911987
1773049001,827554798,world,cf231,-2.598339796066284,-1.6249687671661377,0.9666471481323242
1773049001,827554798,world,cf231_leg,-2.594118118286133,-1.6280115842819214,0.9521830081939697
1773049001,832265699,world,cf231,-2.5983381271362305,-1.6249735355377197,0.9666880369186401
1773049001,832265699,world,cf231_leg,-2.5940961837768555,-1.6280356645584106,0.9523239135742188
1773049001,837828181,world,cf231,-2.5984108448028564,-1.625098705291748,0.9667441844940186
1773049001,837828181,world,cf231_leg,-2.594149112701416,-1.6281311511993408,0.9524987936019897
1773049001,842445444,world,cf231,-2.5984034538269043,-1.6250131130218506,0.9667373895645142
1773049001,842445444,world,cf231_leg,-2.5941412448883057,-1.6281205415725708,0.9523047208786011
1773049001,848198584,world,cf231,-2.5984737873077393,-1.625148892402649,0.9668722152709961
1773049001,848198584,world,cf231_leg,-2.594034433364868,-1.628053069114685,0.952195405960083
1773049001,852457922,world,cf231,-2.598435401916504,-1.6252050399780273,0.9668334722518921
1773049001,852457922,world,cf231_leg,-2.593921661376953,-1.628088116645813,0.9525465965270996
1773049001,857668146,world,cf231,-2.598470449447632,-1.6252697706222534,0.9668830633163452
1773049001,857668146,world,cf231_leg,-2.594022035598755,-1.6281012296676636,0.952289342880249
1773049001,862464178,world,cf231,-2.5985805988311768,-1.6253410577774048,0.9669991731643677
1773049001,862464178,world,cf231_leg,-2.5940592288970947,-1.6282039880752563,0.9524478912353516
1773049001,867356834,world,cf231,-2.598703622817993,-1.625362753868103,0.9670162200927734
1773049001,867356834,world,cf231_leg,-2.59403657913208,-1.6282323598861694,0.9526216983795166
1773049001,873413246,world,cf231,-2.5986201763153076,-1.625282645225525,0.9670170545578003
1773049001,873413246,world,cf231_leg,-2.59409236907959,-1.6282728910446167,0.9525432586669922
1773049001,877853244,world,cf231,-2.59863018989563,-1.625398874282837,0.9670864343643188
1773049001,877853244,world,cf231_leg,-2.5939927101135254,-1.6281208992004395,0.952486515045166
1773049001,882140388,world,cf231,-2.598553419113159,-1.6253974437713623,0.9670599699020386
1773049001,882140388,world,cf231_leg,-2.593944549560547,-1.628199577331543,0.952683687210083
1773049001,887126791,world,cf231,-2.598679542541504,-1.6254565715789795,0.9671744108200073
1773049001,887126791,world,cf231_leg,-2.5940463542938232,-1.6282563209533691,0.9525749683380127
1773049001,892077002,world,cf231,-2.5986924171447754,-1.6254515647888184,0.9672340154647827
1773049001,892077002,world,cf231_leg,-2.593914031982422,-1.6281254291534424,0.9525341987609863
1773049001,897265432,world,cf231,-2.5986075401306152,-1.6253321170806885,0.9671154022216797
1773049001,897265432,world,cf231_leg,-2.593883991241455,-1.6281912326812744,0.9526951313018799
1773049001,902039936,world,cf231,-2.598568916320801,-1.6254359483718872,0.9672539234161377
1773049001,902039936,world,cf231_leg,-2.5939927101135254,-1.6282579898834229,0.9527832269668579
1773049001,907008115,world,cf231,-2.5984854698181152,-1.6253589391708374,0.9672725200653076
1773049001,907008115,world,cf231_leg,-2.5939502716064453,-1.6282801628112793,0.9529087543487549
1773049001,912239432,world,cf231,-2.598524808883667,-1.6252970695495605,0.9672726392745972
1773049001,912239432,world,cf231_leg,-2.594041347503662,-1.628314733505249,0.9528647661209106
1773049001,917218968,world,cf231,-2.598698139190674,-1.625374436378479,0.9673566818237305
1773049001,917218968,world,cf231_leg,-2.59395694732666,-1.6281968355178833,0.9527565240859985
1773049001,922989334,world,cf231,-2.5986008644104004,-1.6253012418746948,0.9673186540603638
1773049001,922989334,world,cf231_leg,-2.5939102172851562,-1.6281821727752686,0.9528052806854248
1773049001,927234405,world,cf231,-2.5985732078552246,-1.6253635883331299,0.9674168825149536
1773049001,927234405,world,cf231_leg,-2.5940539836883545,-1.6283119916915894,0.9529374837875366
1773049001,932127037,world,cf231,-2.5984292030334473,-1.6252667903900146,0.9673707485198975
1773049001,932127037,world,cf231_leg,-2.593855142593384,-1.6280953884124756,0.9529197216033936
1773049001,937895710,world,cf231,-2.598482131958008,-1.625204086303711,0.9674463272094727
1773049001,937895710,world,cf231_leg,-2.593924045562744,-1.6281756162643433,0.9528433084487915
1773049001,942205134,world,cf231,-2.5985193252563477,-1.6251084804534912,0.9673664569854736
1773049001,942205134,world,cf231_leg,-2.594010591506958,-1.6281766891479492,0.9529592990875244
1773049001,947025552,world,cf231,-2.598659038543701,-1.6251603364944458,0.9675201177597046
1773049001,947025552,world,cf231_leg,-2.5939383506774902,-1.6280561685562134,0.9529241323471069
1773049001,952111071,world,cf231,-2.5985827445983887,-1.6251591444015503,0.9674925804138184
1773049001,952111071,world,cf231_leg,-2.593865394592285,-1.628050684928894,0.9528626203536987
1773049001,958067867,world,cf231,-2.598560094833374,-1.6250956058502197,0.9675396680831909
1773049001,958067867,world,cf231_leg,-2.593996524810791,-1.628183126449585,0.952921986579895
1773049001,962090868,world,cf231,-2.5985240936279297,-1.625030279159546,0.9674919843673706
1773049001,962090868,world,cf231_leg,-2.5940492153167725,-1.6280066967010498,0.9532417058944702
1773049001,967081181,world,cf231,-2.598550796508789,-1.6250276565551758,0.9676445722579956
1773049001,967081181,world,cf231_leg,-2.594013214111328,-1.628057837486267,0.9529507160186768
1773049001,972126678,world,cf231,-2.5986149311065674,-1.6249234676361084,0.9676803350448608
1773049001,972126678,world,cf231_leg,-2.5939674377441406,-1.6279281377792358,0.9530253410339355
1773049001,977056440,world,cf231,-2.598616361618042,-1.6249148845672607,0.9676229953765869
1773049001,977056440,world,cf231_leg,-2.5939438343048096,-1.6279773712158203,0.9530280828475952
1773049001,982140199,world,cf231,-2.598468780517578,-1.624789834022522,0.9675354957580566
1773049001,982140199,world,cf231_leg,-2.594003915786743,-1.6279873847961426,0.953034520149231
1773049001,988076883,world,cf231,-2.5984957218170166,-1.6247810125350952,0.9676516056060791
1773049001,988076883,world,cf231_leg,-2.593993902206421,-1.627758264541626,0.9532192945480347
1773049001,992206882,world,cf231,-2.598680257797241,-1.6248135566711426,0.9676773548126221
1773049001,992206882,world,cf231_leg,-2.593994379043579,-1.6277563571929932,0.953202486038208
1773049001,997230093,world,cf231,-2.5986979007720947,-1.6246858835220337,0.9677044153213501
1773049001,997230093,world,cf231_leg,-2.593958854675293,-1.6276952028274536,0.95317542552948
1773049002,3226108,world,cf231,-2.5986528396606445,-1.6245014667510986,0.9675681591033936
1773049002,3226108,world,cf231_leg,-2.593967914581299,-1.6276543140411377,0.9531524181365967
1773049002,8050505,world,cf231,-2.5987515449523926,-1.6246200799942017,0.9677613973617554
1773049002,8050505,world,cf231_leg,-2.5940046310424805,-1.6277114152908325,0.9531451463699341
1773049002,12397650,world,cf231,-2.5985424518585205,-1.6244810819625854,0.9676468372344971
1773049002,12397650,world,cf231_leg,-2.593935489654541,-1.6276310682296753,0.9532221555709839
1773049002,18044750,world,cf231,-2.5986688137054443,-1.624385118484497,0.967671275138855
1773049002,18044750,world,cf231_leg,-2.5940535068511963,-1.627496361732483,0.9533711671829224
1773049002,22410071,world,cf231,-2.598769426345825,-1.624340295791626,0.9677170515060425
1773049002,22410071,world,cf231_leg,-2.5939388275146484,-1.62751042842865,0.9531955718994141
1773049002,27174070,world,cf231,-2.5987601280212402,-1.6242210865020752,0.9676287174224854
1773049002,27174070,world,cf231_leg,-2.5940723419189453,-1.6275238990783691,0.9532465934753418
1773049002,32035289,world,cf231,-2.5988712310791016,-1.6242871284484863,0.9677053689956665
1773049002,32035289,world,cf231_leg,-2.5940284729003906,-1.627390742301941,0.9532853364944458
1773049002,38003428,world,cf231,-2.598888874053955,-1.6241592168807983,0.9677330255508423
1773049002,38003428,world,cf231_leg,-2.594013214111328,-1.6274008750915527,0.9532830715179443
1773049002,42142563,world,cf231,-2.5987579822540283,-1.6239118576049805,0.9677108526229858
1773049002,42142563,world,cf231_leg,-2.59403395652771,-1.6273094415664673,0.9533742666244507
1773049002,47016807,world,cf231,-2.5989575386047363,-1.623931646347046,0.9677373170852661
1773049002,47016807,world,cf231_leg,-2.5939574241638184,-1.6272683143615723,0.9532321691513062
1773049002,52025459,world,cf231,-2.5990946292877197,-1.6239464282989502,0.9677928686141968
1773049002,52025459,world,cf231_leg,-2.5940303802490234,-1.627273678779602,0.9532941579818726
1773049002,57068047,world,cf231,-2.5991451740264893,-1.623722791671753,0.9680056571960449
1773049002,57068047,world,cf231_leg,-2.5940208435058594,-1.627203106880188,0.9533786773681641
1773049002,62261460,world,cf231,-2.599036455154419,-1.6236940622329712,0.9680267572402954
1773049002,62261460,world,cf231_leg,-2.5940258502960205,-1.6270285844802856,0.9531189203262329
1773049002,67125336,world,cf231,-2.5990874767303467,-1.6235911846160889,0.9679858684539795
1773049002,67125336,world,cf231_leg,-2.5940027236938477,-1.6270148754119873,0.9533629417419434
1773049002,73024601,world,cf231,-2.5991127490997314,-1.6235398054122925,0.9679652452468872
1773049002,73024601,world,cf231_leg,-2.5940117835998535,-1.6269221305847168,0.95334792137146
1773049002,77563122,world,cf231,-2.599167585372925,-1.6233162879943848,0.9679129123687744
1773049002,77563122,world,cf231_leg,-2.59407377243042,-1.6269783973693848,0.9532939195632935
1773049002,82200145,world,cf231,-2.599242687225342,-1.6233229637145996,0.9679789543151855
1773049002,82200145,world,cf231_leg,-2.5940499305725098,-1.6269164085388184,0.9533573389053345
1773049002,87145668,world,cf231,-2.5992214679718018,-1.623250961303711,0.9679688215255737
1773049002,87145668,world,cf231_leg,-2.593982458114624,-1.6267821788787842,0.9532006978988647
1773049002,92214242,world,cf231,-2.5991272926330566,-1.6230567693710327,0.9679205417633057
1773049002,92214242,world,cf231_leg,-2.59394907951355,-1.626760721206665,0.9532887935638428
1773049002,97206731,world,cf231,-2.5991644859313965,-1.6229645013809204,0.9678579568862915
1773049002,97206731,world,cf231_leg,-2.5939669609069824,-1.6266316175460815,0.9532828330993652
1773049002,103060451,world,cf231,-2.5992541313171387,-1.6229580640792847,0.9679257869720459
1773049002,103060451,world,cf231_leg,-2.5939579010009766,-1.6265188455581665,0.953213095664978
1773049002,107213296,world,cf231,-2.599292039871216,-1.6228630542755127,0.9678438901901245
1773049002,107213296,world,cf231_leg,-2.593970775604248,-1.6265114545822144,0.9532543420791626
1773049002,112093981,world,cf231,-2.5992560386657715,-1.6228008270263672,0.9678143262863159
1773049002,112093981,world,cf231_leg,-2.59391188621521,-1.6263911724090576,0.9533048868179321
1773049002,117252684,world,cf231,-2.5991761684417725,-1.622603178024292,0.9678213596343994
1773049002,117252684,world,cf231_leg,-2.593782424926758,-1.6262526512145996,0.953194260597229
1773049002,122231873,world,cf231,-2.599179744720459,-1.6224853992462158,0.9678287506103516
1773049002,122231873,world,cf231_leg,-2.593869686126709,-1.6262520551681519,0.9532922506332397
1773049002,127951687,world,cf231,-2.5991950035095215,-1.622320532798767,0.9677577018737793
1773049002,127951687,world,cf231_leg,-2.593794822692871,-1.6260944604873657,0.9533815383911133
1773049002,132334380,world,cf231,-2.5992379188537598,-1.6221444606781006,0.9677828550338745
1773049002,132334380,world,cf231_leg,-2.5938539505004883,-1.6261087656021118,0.9534209966659546
1773049002,137160562,world,cf231,-2.599290609359741,-1.6220362186431885,0.9677023887634277
1773049002,137160562,world,cf231_leg,-2.593820571899414,-1.6259284019470215,0.9533864259719849
1773049002,142053391,world,cf231,-2.59912109375,-1.6218383312225342,0.9676061868667603
1773049002,142053391,world,cf231_leg,-2.59374737739563,-1.6258090734481812,0.9533699750900269
1773049002,147112824,world,cf231,-2.599076747894287,-1.6217024326324463,0.967644453048706
1773049002,147112824,world,cf231_leg,-2.5935699939727783,-1.6256598234176636,0.9533426761627197
1773049002,152251766,world,cf231,-2.5990805625915527,-1.6215819120407104,0.9676321744918823
1773049002,152251766,world,cf231_leg,-2.593552589416504,-1.6254750490188599,0.953338623046875
1773049002,158139051,world,cf231,-2.5992074012756348,-1.6214832067489624,0.9676377773284912
1773049002,158139051,world,cf231_leg,-2.5935943126678467,-1.6255000829696655,0.953397274017334
1773049002,162229064,world,cf231,-2.5991244316101074,-1.6212507486343384,0.9675668478012085
1773049002,162229064,world,cf231_leg,-2.5935869216918945,-1.6254264116287231,0.9534448385238647
1773049002,167050126,world,cf231,-2.5990750789642334,-1.6210724115371704,0.9677324295043945
1773049002,167050126,world,cf231_leg,-2.593501329421997,-1.625309944152832,0.9533553123474121
1773049002,172087657,world,cf231,-2.599053382873535,-1.621003270149231,0.9677410125732422
1773049002,172087657,world,cf231_leg,-2.5933690071105957,-1.6251788139343262,0.9533145427703857
1773049002,177188009,world,cf231,-2.598998546600342,-1.6207534074783325,0.9677296876907349
1773049002,177188009,world,cf231_leg,-2.5932793617248535,-1.6250267028808594,0.9533686637878418
1773049002,182290351,world,cf231,-2.5991361141204834,-1.6207687854766846,0.9677839279174805
1773049002,182290351,world,cf231_leg,-2.5933332443237305,-1.6249617338180542,0.9534033536911011
1773049002,187196444,world,cf231,-2.5991578102111816,-1.620519995689392,0.9678003787994385
1773049002,187196444,world,cf231_leg,-2.5933656692504883,-1.6249823570251465,0.9533182382583618
1773049002,192063001,world,cf231,-2.5991127490997314,-1.6203835010528564,0.9678400754928589
1773049002,192063001,world,cf231_leg,-2.593271493911743,-1.6247961521148682,0.9533107280731201
1773049002,198225741,world,cf231,-2.598931074142456,-1.620235800743103,0.9678400754928589
1773049002,198225741,world,cf231_leg,-2.5930933952331543,-1.6246438026428223,0.953269362449646
1773049002,203783958,world,cf231,-2.5988988876342773,-1.620052695274353,0.9677997827529907
1773049002,203783958,world,cf231_leg,-2.593094825744629,-1.6246449947357178,0.9532650709152222
1773049002,207102264,world,cf231,-2.59897518157959,-1.6200538873672485,0.9678276777267456
1773049002,207102264,world,cf231_leg,-2.593064308166504,-1.624504804611206,0.953343391418457
1773049002,212187264,world,cf231,-2.598942518234253,-1.6198737621307373,0.9678058624267578
1773049002,212187264,world,cf231_leg,-2.592992067337036,-1.6243840456008911,0.9533083438873291
1773049002,217134212,world,cf231,-2.598912239074707,-1.6197305917739868,0.967882513999939
1773049002,217134212,world,cf231_leg,-2.592895984649658,-1.6243144273757935,0.9532928466796875
1773049002,222262054,world,cf231,-2.598766803741455,-1.6196354627609253,0.9678585529327393
1773049002,222262054,world,cf231_leg,-2.592839241027832,-1.6241835355758667,0.9532598257064819
1773049002,227172201,world,cf231,-2.598710775375366,-1.619550347328186,0.9679917097091675
1773049002,227172201,world,cf231_leg,-2.5927298069000244,-1.624002456665039,0.9532185792922974
1773049002,232239303,world,cf231,-2.598588705062866,-1.6193699836730957,0.9678663015365601
1773049002,232239303,world,cf231_leg,-2.592761754989624,-1.6240285634994507,0.953387975692749
1773049002,237220915,world,cf231,-2.5986554622650146,-1.619296669960022,0.9679639339447021
1773049002,237220915,world,cf231_leg,-2.5926058292388916,-1.6237876415252686,0.9532268047332764
1773049002,242129972,world,cf231,-2.5985968112945557,-1.619167447090149,0.9679639339447021
1773049002,242129972,world,cf231_leg,-2.592520236968994,-1.6238353252410889,0.9532901048660278
1773049002,247030663,world,cf231,-2.5983800888061523,-1.618948221206665,0.9678795337677002
1773049002,247030663,world,cf231_leg,-2.592507839202881,-1.6237190961837769,0.953231930732727
1773049002,252152319,world,cf231,-2.5982837677001953,-1.618917465209961,0.9679790735244751
1773049002,252152319,world,cf231_leg,-2.5922811031341553,-1.6235154867172241,0.9531377553939819
1773049002,257244658,world,cf231,-2.5982375144958496,-1.6187382936477661,0.9678815603256226
1773049002,257244658,world,cf231_leg,-2.592343807220459,-1.6235681772232056,0.9532731771469116
1773049002,262198909,world,cf231,-2.5982909202575684,-1.618675708770752,0.9679570198059082
1773049002,262198909,world,cf231_leg,-2.592203378677368,-1.6233572959899902,0.9532521963119507
1773049002,267016793,world,cf231,-2.598212957382202,-1.6184794902801514,0.9679590463638306
1773049002,267016793,world,cf231_leg,-2.5920937061309814,-1.6232949495315552,0.9531965255737305
1773049002,272158280,world,cf231,-2.598078727722168,-1.6183429956436157,0.9678943157196045
1773049002,272158280,world,cf231_leg,-2.5919623374938965,-1.6231622695922852,0.953136682510376
1773049002,277048319,world,cf231,-2.597947835922241,-1.6182481050491333,0.9679422378540039
1773049002,277048319,world,cf231_leg,-2.5919151306152344,-1.6231470108032227,0.9531872272491455
1773049002,282290069,world,cf231,-2.597792387008667,-1.618046522140503,0.967901349067688
1773049002,282290069,world,cf231_leg,-2.5918796062469482,-1.6230883598327637,0.95317542552948
1773049002,287182338,world,cf231,-2.5977494716644287,-1.6179083585739136,0.9679181575775146
1773049002,287182338,world,cf231_leg,-2.5918264389038086,-1.6229957342147827,0.9532386064529419
1773049002,292136970,world,cf231,-2.5977132320404053,-1.6178456544876099,0.9678897857666016
1773049002,292136970,world,cf231_leg,-2.591729164123535,-1.6229255199432373,0.9532251358032227
1773049002,297147984,world,cf231,-2.5974886417388916,-1.6175566911697388,0.9678881168365479
1773049002,297147984,world,cf231_leg,-2.5916574001312256,-1.6228047609329224,0.9531891345977783
1773049002,302219546,world,cf231,-2.5972445011138916,-1.6174002885818481,0.9679000377655029
1773049002,302219546,world,cf231_leg,-2.591611385345459,-1.6227885484695435,0.9532192945480347
1773049002,307066448,world,cf231,-2.5972256660461426,-1.6173653602600098,0.967988133430481
1773049002,307066448,world,cf231_leg,-2.5914664268493652,-1.6226624250411987,0.9531211853027344
1773049002,314001826,world,cf231,-2.597064256668091,-1.6171238422393799,0.9680954217910767
1773049002,314001826,world,cf231_leg,-2.5913450717926025,-1.6226435899734497,0.9531277418136597
1773049002,317295074,world,cf231,-2.596991539001465,-1.6170014142990112,0.96805739402771
1773049002,317295074,world,cf231_leg,-2.591304302215576,-1.6225508451461792,0.9532785415649414
1773049002,322150943,world,cf231,-2.5969784259796143,-1.6170544624328613,0.9681735038757324
1773049002,322150943,world,cf231_leg,-2.5912020206451416,-1.6225593090057373,0.9531608819961548
1773049002,327243669,world,cf231,-2.5966503620147705,-1.6167693138122559,0.9680107831954956
1773049002,327243669,world,cf231_leg,-2.5911197662353516,-1.6224812269210815,0.9531667232513428
1773049002,332239720,world,cf231,-2.596503257751465,-1.616682529449463,0.9680439233779907
1773049002,332239720,world,cf231_leg,-2.590967893600464,-1.622281789779663,0.9531139135360718
1773049002,337249859,world,cf231,-2.596442461013794,-1.616672396659851,0.9680328369140625
1773049002,337249859,world,cf231_leg,-2.590895891189575,-1.6223175525665283,0.9531855583190918
1773049002,342329877,world,cf231,-2.5963196754455566,-1.6164913177490234,0.9679086208343506
1773049002,342329877,world,cf231_leg,-2.590827703475952,-1.6222355365753174,0.9532440900802612
1773049002,347189463,world,cf231,-2.5960922241210938,-1.6163177490234375,0.9678792953491211
1773049002,347189463,world,cf231_leg,-2.5906474590301514,-1.622045874595642,0.9531030654907227
1773049002,352188508,world,cf231,-2.5958845615386963,-1.6162210702896118,0.9679005146026611
1773049002,352188508,world,cf231_leg,-2.5905730724334717,-1.622044563293457,0.9530746936798096
1773049002,357334182,world,cf231,-2.595550298690796,-1.6160612106323242,0.9677906036376953
1773049002,357334182,world,cf231_leg,-2.59051251411438,-1.6220390796661377,0.953100323677063
1773049002,362157964,world,cf231,-2.5955262184143066,-1.6161553859710693,0.967948317527771
1773049002,362157964,world,cf231_leg,-2.5903351306915283,-1.6218897104263306,0.9530715942382812
1773049002,367883980,world,cf231,-2.595292568206787,-1.6159058809280396,0.9677257537841797
1773049002,367883980,world,cf231_leg,-2.5902152061462402,-1.6218698024749756,0.9530576467514038
1773049002,373073812,world,cf231,-2.595240592956543,-1.6159095764160156,0.9679112434387207
1773049002,373073812,world,cf231_leg,-2.590207099914551,-1.621795415878296,0.9531073570251465
1773049002,377114140,world,cf231,-2.5950987339019775,-1.6158019304275513,0.9677865505218506
1773049002,377114140,world,cf231_leg,-2.59002685546875,-1.6216082572937012,0.9529813528060913
1773049002,382251901,world,cf231,-2.5947651863098145,-1.6156426668167114,0.9676741361618042
1773049002,382251901,world,cf231_leg,-2.589942693710327,-1.6216497421264648,0.9529935121536255
1773049002,387239297,world,cf231,-2.5947141647338867,-1.6156442165374756,0.9678385257720947
1773049002,387239297,world,cf231_leg,-2.5898232460021973,-1.6216274499893188,0.9529638290405273
1773049002,392244454,world,cf231,-2.594637870788574,-1.61564302444458,0.9678100347518921
1773049002,392244454,world,cf231_leg,-2.589498996734619,-1.6213555335998535,0.9528721570968628
1773049002,398391167,world,cf231,-2.5945043563842773,-1.6155041456222534,0.9677243232727051
1773049002,398391167,world,cf231_leg,-2.589574098587036,-1.6215194463729858,0.953035831451416
1773049002,402121704,world,cf231,-2.5943877696990967,-1.6153446435928345,0.9675800800323486
1773049002,402121704,world,cf231_leg,-2.589395523071289,-1.6213288307189941,0.9528731107711792
1773049002,407219999,world,cf231,-2.5942461490631104,-1.6153550148010254,0.9676960706710815
1773049002,407219999,world,cf231_leg,-2.5892832279205322,-1.621263861656189,0.9528254270553589
1773049002,412953946,world,cf231,-2.5941455364227295,-1.6154444217681885,0.9678088426589966
1773049002,412953946,world,cf231_leg,-2.589127540588379,-1.6211875677108765,0.9528154134750366
1773049002,418182822,world,cf231,-2.5939393043518066,-1.6151866912841797,0.9677014350891113
1773049002,418182822,world,cf231_leg,-2.5890464782714844,-1.621105432510376,0.9527868032455444
1773049002,422240599,world,cf231,-2.5938544273376465,-1.6151117086410522,0.9677407741546631
1773049002,422240599,world,cf231_leg,-2.588904619216919,-1.6210201978683472,0.9527995586395264
1773049002,427227480,world,cf231,-2.593780279159546,-1.6150963306427002,0.9676170349121094
1773049002,427227480,world,cf231_leg,-2.5889270305633545,-1.6210882663726807,0.9527876377105713
1773049002,432188552,world,cf231,-2.5934460163116455,-1.614854335784912,0.9677374362945557
1773049002,432188552,world,cf231_leg,-2.5887436866760254,-1.6209008693695068,0.9526852369308472
1773049002,437274870,world,cf231,-2.593392848968506,-1.6151145696640015,0.9678910970687866
1773049002,437274870,world,cf231_leg,-2.588697910308838,-1.6210012435913086,0.9526853561401367
1773049002,443174792,world,cf231,-2.5931975841522217,-1.6149646043777466,0.9677964448928833
1773049002,443174792,world,cf231_leg,-2.588526964187622,-1.620811104774475,0.9526559114456177
1773049002,447220356,world,cf231,-2.5930116176605225,-1.6149343252182007,0.967789888381958
1773049002,447220356,world,cf231_leg,-2.5884203910827637,-1.6207414865493774,0.9525291919708252
1773049002,452446558,world,cf231,-2.5929906368255615,-1.6147983074188232,0.9675123691558838
1773049002,452446558,world,cf231_leg,-2.588387966156006,-1.6207631826400757,0.952768087387085
1773049002,457259820,world,cf231,-2.5928547382354736,-1.6148196458816528,0.9675573110580444
1773049002,457259820,world,cf231_leg,-2.588303565979004,-1.620643138885498,0.9526418447494507
1773049002,462159131,world,cf231,-2.5925545692443848,-1.6147500276565552,0.9676412343978882
1773049002,462159131,world,cf231_leg,-2.5881216526031494,-1.6205761432647705,0.9525201320648193
1773049002,467971357,world,cf231,-2.5922932624816895,-1.614715814590454,0.9675869941711426
1773049002,467971357,world,cf231_leg,-2.588081121444702,-1.6206339597702026,0.9525256156921387
1773049002,472299861,world,cf231,-2.5923030376434326,-1.6148356199264526,0.9676748514175415
1773049002,472299861,world,cf231_leg,-2.5879008769989014,-1.6204873323440552,0.9525356292724609
1773049002,477153363,world,cf231,-2.5921332836151123,-1.6146310567855835,0.9675406217575073
1773049002,477153363,world,cf231_leg,-2.5878889560699463,-1.620540738105774,0.9526597261428833
1773049002,482103766,world,cf231,-2.5920817852020264,-1.6147369146347046,0.9676011800765991
1773049002,482103766,world,cf231_leg,-2.587770462036133,-1.6204720735549927,0.9524415731430054
1773049002,488202519,world,cf231,-2.5917701721191406,-1.6146444082260132,0.9674595594406128
1773049002,488202519,world,cf231_leg,-2.5877084732055664,-1.620462417602539,0.9524575471878052
1773049002,492253040,world,cf231,-2.5915513038635254,-1.6145827770233154,0.9674851894378662
1773049002,492253040,world,cf231_leg,-2.5875625610351562,-1.6203330755233765,0.9523448944091797
1773049002,498086928,world,cf231,-2.591420888900757,-1.614653468132019,0.967436671257019
1773049002,498086928,world,cf231_leg,-2.5874533653259277,-1.6204276084899902,0.9523956775665283
1773049002,502207079,world,cf231,-2.5911896228790283,-1.614431619644165,0.9672574996948242
1773049002,502207079,world,cf231_leg,-2.5873348712921143,-1.6202900409698486,0.9523916244506836
1773049002,507270345,world,cf231,-2.5910866260528564,-1.6146435737609863,0.9673776626586914
1773049002,507270345,world,cf231_leg,-2.5871877670288086,-1.6202809810638428,0.9522842168807983
1773049002,512195034,world,cf231,-2.5909128189086914,-1.6145660877227783,0.967292070388794
1773049002,512195034,world,cf231_leg,-2.5871498584747314,-1.6203337907791138,0.9522349834442139
1773049002,517237544,world,cf231,-2.5907013416290283,-1.6145871877670288,0.9673062562942505
1773049002,517237544,world,cf231_leg,-2.587031364440918,-1.6201963424682617,0.9522302150726318
1773049002,522138800,world,cf231,-2.5904178619384766,-1.6146012544631958,0.9669879674911499
1773049002,522138800,world,cf231_leg,-2.586916208267212,-1.6202552318572998,0.9522234201431274
1773049002,527296610,world,cf231,-2.590344190597534,-1.6146373748779297,0.9670581817626953
1773049002,527296610,world,cf231_leg,-2.5868425369262695,-1.6202493906021118,0.9521623849868774
1773049002,532651051,world,cf231,-2.590289831161499,-1.6147056818008423,0.9670207500457764
1773049002,532651051,world,cf231_leg,-2.5866823196411133,-1.6200919151306152,0.9521291255950928
1773049002,537303951,world,cf231,-2.5901787281036377,-1.6146336793899536,0.9669053554534912
1773049002,537303951,world,cf231_leg,-2.5867953300476074,-1.6203508377075195,0.9521827697753906
1773049002,543150997,world,cf231,-2.5899930000305176,-1.6146032810211182,0.9668987989425659
1773049002,543150997,world,cf231_leg,-2.586442470550537,-1.6200863122940063,0.9519848823547363
1773049002,548027811,world,cf231,-2.5899128913879395,-1.6147230863571167,0.9668819904327393
1773049002,548027811,world,cf231_leg,-2.586419105529785,-1.620136022567749,0.9519864320755005
1773049002,552215399,world,cf231,-2.589811325073242,-1.6147706508636475,0.966855525970459
1773049002,552215399,world,cf231_leg,-2.586277484893799,-1.6200482845306396,0.9519830942153931
1773049002,557302408,world,cf231,-2.589834213256836,-1.6148345470428467,0.9668076038360596
1773049002,557302408,world,cf231_leg,-2.5861711502075195,-1.6200213432312012,0.9520086050033569
1773049002,562339726,world,cf231,-2.5896499156951904,-1.6146430969238281,0.9666717052459717
1773049002,562339726,world,cf231_leg,-2.5861804485321045,-1.620094656944275,0.9519392251968384
1773049002,568007249,world,cf231,-2.589609146118164,-1.6148568391799927,0.9667457342147827
1773049002,568007249,world,cf231_leg,-2.586057662963867,-1.6200768947601318,0.95196533203125
1773049002,572456694,world,cf231,-2.589369535446167,-1.6148923635482788,0.9666814804077148
1773049002,572456694,world,cf231_leg,-2.5859341621398926,-1.620016098022461,0.9518392086029053
1773049002,577342158,world,cf231,-2.589245319366455,-1.6148730516433716,0.9666833877563477
1773049002,577342158,world,cf231_leg,-2.585845947265625,-1.6200159788131714,0.9517425298690796
1773049002,582353918,world,cf231,-2.5891811847686768,-1.6148247718811035,0.9665756225585938
1773049002,582353918,world,cf231_leg,-2.5858826637268066,-1.6202374696731567,0.9518896341323853
1773049002,587411839,world,cf231,-2.5891923904418945,-1.614932894706726,0.9665886163711548
1773049002,587411839,world,cf231_leg,-2.5856189727783203,-1.6199713945388794,0.9517700672149658
1773049002,592156700,world,cf231,-2.5890626907348633,-1.614994764328003,0.9664837121963501
1773049002,592156700,world,cf231_leg,-2.5854876041412354,-1.619957685470581,0.9516944885253906
1773049002,597247398,world,cf231,-2.5888404846191406,-1.6149020195007324,0.9664474725723267
1773049002,597247398,world,cf231_leg,-2.585536479949951,-1.6200144290924072,0.9517775774002075
1773049002,602300756,world,cf231,-2.5888478755950928,-1.6151338815689087,0.9664907455444336
1773049002,602300756,world,cf231_leg,-2.5854740142822266,-1.6199619770050049,0.951640248298645
1773049002,607286018,world,cf231,-2.5887861251831055,-1.6150654554367065,0.9662505388259888
1773049002,607286018,world,cf231_leg,-2.5852997303009033,-1.6200042963027954,0.9515771865844727
1773049002,612330725,world,cf231,-2.588735580444336,-1.6150065660476685,0.9661647081375122
1773049002,612330725,world,cf231_leg,-2.585303783416748,-1.6200430393218994,0.9516716003417969
1773049002,617325258,world,cf231,-2.5886847972869873,-1.6151034832000732,0.9661693572998047
1773049002,617325258,world,cf231_leg,-2.585230827331543,-1.6200406551361084,0.9516232013702393
1773049002,622325486,world,cf231,-2.588557481765747,-1.6152088642120361,0.9661999940872192
1773049002,622325486,world,cf231_leg,-2.585211753845215,-1.6201685667037964,0.9516338109970093
1773049002,627183142,world,cf231,-2.5884556770324707,-1.6152561902999878,0.9661736488342285
1773049002,627183142,world,cf231_leg,-2.5851166248321533,-1.6200977563858032,0.9515979290008545
1773049002,632731854,world,cf231,-2.5883290767669678,-1.615190029144287,0.9660228490829468
1773049002,632731854,world,cf231_leg,-2.5850443840026855,-1.6200882196426392,0.9515016078948975
1773049002,637260966,world,cf231,-2.5883877277374268,-1.6153258085250854,0.9660599231719971
1773049002,637260966,world,cf231_leg,-2.5849978923797607,-1.620071530342102,0.9515334367752075
1773049002,642211838,world,cf231,-2.588423728942871,-1.6153881549835205,0.9660897254943848
1773049002,642211838,world,cf231_leg,-2.5849125385284424,-1.6199525594711304,0.95142662525177
1773049002,647295709,world,cf231,-2.5881519317626953,-1.6152372360229492,0.965965747833252
1773049002,647295709,world,cf231_leg,-2.584967851638794,-1.6200875043869019,0.9514949321746826
1773049002,652323064,world,cf231,-2.5880508422851562,-1.6152851581573486,0.9659377336502075
1773049002,652323064,world,cf231_leg,-2.584852695465088,-1.619948148727417,0.9514486789703369
1773049002,657191201,world,cf231,-2.5879127979278564,-1.6152667999267578,0.965863823890686
1773049002,657191201,world,cf231_leg,-2.5848495960235596,-1.6200664043426514,0.9514607191085815
1773049002,662279708,world,cf231,-2.588083505630493,-1.615465521812439,0.9659605026245117
1773049002,662279708,world,cf231_leg,-2.5847315788269043,-1.619926929473877,0.9514384269714355
1773049002,667211026,world,cf231,-2.5879716873168945,-1.6153929233551025,0.9658470153808594
1773049002,667211026,world,cf231_leg,-2.5846962928771973,-1.619979977607727,0.9513654708862305
1773049002,673027792,world,cf231,-2.5879316329956055,-1.6154576539993286,0.9658656120300293
1773049002,673027792,world,cf231_leg,-2.5847392082214355,-1.620000958442688,0.951390266418457
1773049002,677256198,world,cf231,-2.5877723693847656,-1.6153674125671387,0.96578049659729
1773049002,677256198,world,cf231_leg,-2.5845839977264404,-1.6199201345443726,0.9513474702835083
1773049002,682342529,world,cf231,-2.5876224040985107,-1.6154025793075562,0.9658222198486328
1773049002,682342529,world,cf231_leg,-2.5846080780029297,-1.6199851036071777,0.9512985944747925
1773049002,687326828,world,cf231,-2.5877323150634766,-1.6154290437698364,0.9657810926437378
1773049002,687326828,world,cf231_leg,-2.584620237350464,-1.619982123374939,0.9513722658157349
1773049002,693076799,world,cf231,-2.5877184867858887,-1.6154330968856812,0.9657237529754639
1773049002,693076799,world,cf231_leg,-2.5845611095428467,-1.6199705600738525,0.9513469934463501
1773049002,698049998,world,cf231,-2.5877833366394043,-1.6154850721359253,0.9658477306365967
1773049002,698049998,world,cf231_leg,-2.584597110748291,-1.6200319528579712,0.951373815536499
1773049002,702258844,world,cf231,-2.587616205215454,-1.6154896020889282,0.9657531976699829
1773049002,702258844,world,cf231_leg,-2.5844759941101074,-1.6198519468307495,0.9512388706207275
1773049002,710546086,world,cf231,-2.5875966548919678,-1.6154508590698242,0.9658254384994507
1773049002,710546086,world,cf231_leg,-2.584507942199707,-1.6200337409973145,0.9512945413589478
1773049002,713412657,world,cf231,-2.587547540664673,-1.6153932809829712,0.9657354354858398
1773049002,713412657,world,cf231_leg,-2.5844709873199463,-1.6199735403060913,0.9512877464294434
1773049002,717202938,world,cf231,-2.5876708030700684,-1.615415096282959,0.9657539129257202
1773049002,717202938,world,cf231_leg,-2.58439040184021,-1.6198943853378296,0.9512720108032227
1773049002,722283353,world,cf231,-2.587721586227417,-1.6153115034103394,0.965713620185852
1773049002,722283353,world,cf231_leg,-2.584524154663086,-1.62002694606781,0.9513100385665894
1773049002,727206640,world,cf231,-2.5876576900482178,-1.6154166460037231,0.9656761884689331
1773049002,727206640,world,cf231_leg,-2.5843758583068848,-1.6198978424072266,0.9512201547622681
1773049002,732290724,world,cf231,-2.5875325202941895,-1.6153993606567383,0.9656994342803955
1773049002,732290724,world,cf231_leg,-2.5843517780303955,-1.6199493408203125,0.9512397050857544
1773049002,737248788,world,cf231,-2.587545394897461,-1.6153531074523926,0.9656175374984741
1773049002,737248788,world,cf231_leg,-2.584425687789917,-1.6200717687606812,0.9512710571289062
1773049002,743099861,world,cf231,-2.5876214504241943,-1.6153537034988403,0.9656476974487305
1773049002,743099861,world,cf231_leg,-2.584315061569214,-1.6198922395706177,0.9512460231781006
1773049002,748032012,world,cf231,-2.587620258331299,-1.6153595447540283,0.9656857252120972
1773049002,748032012,world,cf231_leg,-2.5843989849090576,-1.6201261281967163,0.9513289928436279
1773049002,752190211,world,cf231,-2.587780714035034,-1.6154444217681885,0.9657313823699951
1773049002,752190211,world,cf231_leg,-2.584364652633667,-1.6199495792388916,0.9513266086578369
1773049002,758151607,world,cf231,-2.58767032623291,-1.6154145002365112,0.9657554626464844
1773049002,758151607,world,cf231_leg,-2.58437442779541,-1.6200207471847534,0.9512407779693604
1773049002,762240564,world,cf231,-2.5875699520111084,-1.6153041124343872,0.9656170606613159
1773049002,762240564,world,cf231_leg,-2.5843732357025146,-1.6200218200683594,0.9512605667114258
1773049002,767988911,world,cf231,-2.587646722793579,-1.6153020858764648,0.9656270742416382
1773049002,767988911,world,cf231_leg,-2.5842769145965576,-1.619950294494629,0.9512274265289307
1773049002,773011317,world,cf231,-2.587803363800049,-1.6153521537780762,0.9655944108963013
1773049002,773011317,world,cf231_leg,-2.584247589111328,-1.619924545288086,0.9512581825256348
1773049002,777341164,world,cf231,-2.587744951248169,-1.6153788566589355,0.965683102607727
1773049002,777341164,world,cf231_leg,-2.584341526031494,-1.620002031326294,0.951343297958374
1773049002,782205398,world,cf231,-2.5877697467803955,-1.6153333187103271,0.9656997919082642
1773049002,782205398,world,cf231_leg,-2.5841474533081055,-1.6198142766952515,0.9511293172836304
1773049002,787280941,world,cf231,-2.5877840518951416,-1.615319848060608,0.9657027721405029
1773049002,787280941,world,cf231_leg,-2.584374189376831,-1.6200202703475952,0.9512423276901245
1773049002,792437702,world,cf231,-2.5877840518951416,-1.61531662940979,0.9656848907470703
1773049002,792437702,world,cf231_leg,-2.584338665008545,-1.6199564933776855,0.9511991739273071
1773049002,797533582,world,cf231,-2.58787202835083,-1.615276575088501,0.9656710624694824
1773049002,797533582,world,cf231_leg,-2.5843145847320557,-1.61989164352417,0.9512478113174438
1773049002,802219768,world,cf231,-2.587897777557373,-1.6152251958847046,0.9656500816345215
1773049002,802219768,world,cf231_leg,-2.58430552482605,-1.6199352741241455,0.9512865543365479
1773049002,808065332,world,cf231,-2.5880603790283203,-1.615347146987915,0.9657953977584839
1773049002,808065332,world,cf231_leg,-2.5843284130096436,-1.6200040578842163,0.9512726068496704
1773049002,812184313,world,cf231,-2.5878758430480957,-1.6151524782180786,0.9656412601470947
1773049002,812184313,world,cf231_leg,-2.5843169689178467,-1.6198915243148804,0.951224684715271
1773049002,817390602,world,cf231,-2.588121175765991,-1.6153669357299805,0.9658608436584473
1773049002,817390602,world,cf231_leg,-2.584312677383423,-1.620011329650879,0.951255202293396
1773049002,822373610,world,cf231,-2.588097333908081,-1.6152479648590088,0.9656970500946045
1773049002,822373610,world,cf231_leg,-2.5843665599823,-1.6199463605880737,0.9512900114059448
1773049002,827410004,world,cf231,-2.588198184967041,-1.6152031421661377,0.9657434225082397
1773049002,827410004,world,cf231_leg,-2.5843775272369385,-1.6198995113372803,0.9512147903442383
1773049002,832150595,world,cf231,-2.588247537612915,-1.6152160167694092,0.9656729698181152
1773049002,832150595,world,cf231_leg,-2.584355592727661,-1.6199932098388672,0.9513652324676514
1773049002,837291856,world,cf231,-2.588236093521118,-1.6152604818344116,0.9657328128814697
1773049002,837291856,world,cf231_leg,-2.584376573562622,-1.619901180267334,0.95123291015625
1773049002,843121097,world,cf231,-2.5882132053375244,-1.6152031421661377,0.9658160209655762
1773049002,843121097,world,cf231_leg,-2.5843300819396973,-1.6198816299438477,0.951250433921814
1773049002,847349891,world,cf231,-2.5882246494293213,-1.615152359008789,0.9657200574874878
1773049002,847349891,world,cf231_leg,-2.584425687789917,-1.6199581623077393,0.9513150453567505
1773049002,852398534,world,cf231,-2.5883851051330566,-1.6152342557907104,0.9657474756240845
1773049002,852398534,world,cf231_leg,-2.5843558311462402,-1.6198318004608154,0.9512253999710083
1773049002,857203860,world,cf231,-2.5884969234466553,-1.6153067350387573,0.965861439704895
1773049002,857203860,world,cf231_leg,-2.584351062774658,-1.6199537515640259,0.95127272605896
1773049002,862329879,world,cf231,-2.5883982181549072,-1.6152293682098389,0.965807318687439
1773049002,862329879,world,cf231_leg,-2.5843803882598877,-1.6199396848678589,0.9513287544250488
1773049002,867260548,world,cf231,-2.588350296020508,-1.615217685699463,0.9658735990524292
1773049002,867260548,world,cf231_leg,-2.5845015048980713,-1.6199582815170288,0.9513241052627563
1773049002,873082498,world,cf231,-2.588376522064209,-1.6151535511016846,0.9657800197601318
1773049002,873082498,world,cf231_leg,-2.5844485759735107,-1.6199052333831787,0.951299786567688
1773049002,877379035,world,cf231,-2.5885508060455322,-1.615237832069397,0.9659006595611572
1773049002,877379035,world,cf231_leg,-2.5843887329101562,-1.6198982000350952,0.9513068199157715
1773049002,882281157,world,cf231,-2.588660955429077,-1.6152642965316772,0.9658594131469727
1773049002,882281157,world,cf231_leg,-2.584392786026001,-1.6197752952575684,0.9512625932693481
1773049002,887344960,world,cf231,-2.588562250137329,-1.6151936054229736,0.9658404588699341
1773049002,887344960,world,cf231_leg,-2.584331750869751,-1.6197642087936401,0.9512592554092407
1773049002,893037032,world,cf231,-2.5885143280029297,-1.6151753664016724,0.9658710956573486
1773049002,893037032,world,cf231_leg,-2.5843446254730225,-1.6197618246078491,0.9513312578201294
1773049002,897355724,world,cf231,-2.588615655899048,-1.6151307821273804,0.9659165143966675
1773049002,897355724,world,cf231_leg,-2.5844309329986572,-1.6197197437286377,0.9512966871261597
1773049002,902417861,world,cf231,-2.588761806488037,-1.6152194738388062,0.9659056663513184
1773049002,902417861,world,cf231_leg,-2.5844268798828125,-1.6198400259017944,0.9513258934020996
1773049002,907311295,world,cf231,-2.5888023376464844,-1.6151549816131592,0.9658862352371216
1773049002,907311295,world,cf231_leg,-2.5844199657440186,-1.619763970375061,0.9513570070266724
1773049002,914011359,world,cf231,-2.5889241695404053,-1.615341067314148,0.9660518169403076
1773049002,914011359,world,cf231_leg,-2.5845768451690674,-1.6198468208312988,0.9513934850692749
1773049002,917381475,world,cf231,-2.588801622390747,-1.6151609420776367,0.9659237861633301
1773049002,917381475,world,cf231_leg,-2.584383487701416,-1.6197047233581543,0.9513468742370605
1773049002,922211096,world,cf231,-2.5889127254486084,-1.615233063697815,0.9660389423370361
1773049002,922211096,world,cf231_leg,-2.5844223499298096,-1.6196473836898804,0.9513628482818604
1773049002,927337388,world,cf231,-2.5889759063720703,-1.6152386665344238,0.9660087823867798
1773049002,927337388,world,cf231_leg,-2.5845558643341064,-1.6197794675827026,0.9514023065567017
1773049002,933012572,world,cf231,-2.589139699935913,-1.6151994466781616,0.9660243988037109
1773049002,933012572,world,cf231_leg,-2.584423065185547,-1.6196430921554565,0.9513300657272339
1773049002,938123387,world,cf231,-2.5891780853271484,-1.6151459217071533,0.9660826921463013
1773049002,938123387,world,cf231_leg,-2.584421396255493,-1.619646430015564,0.9513663053512573
1773049002,942219805,world,cf231,-2.5891175270080566,-1.615126371383667,0.9660168886184692
1773049002,942219805,world,cf231_leg,-2.58453106880188,-1.6197141408920288,0.9514529705047607
1773049002,947341649,world,cf231,-2.5890941619873047,-1.6150622367858887,0.9660649299621582
1773049002,947341649,world,cf231_leg,-2.5844719409942627,-1.6197022199630737,0.9514281749725342
1773049002,953016947,world,cf231,-2.5893044471740723,-1.6152055263519287,0.9661979675292969
1773049002,953016947,world,cf231_leg,-2.5844247341156006,-1.619525671005249,0.9513391256332397
1773049002,957154936,world,cf231,-2.58935284614563,-1.6151732206344604,0.9659700393676758
1773049002,957154936,world,cf231_leg,-2.5844085216522217,-1.6195324659347534,0.9513232707977295
1773049002,962990978,world,cf231,-2.5893826484680176,-1.6150490045547485,0.9661140441894531
1773049002,962990978,world,cf231_leg,-2.584510326385498,-1.6196446418762207,0.9514456987380981
1773049002,967266569,world,cf231,-2.5893659591674805,-1.6151716709136963,0.9660476446151733
1773049002,967266569,world,cf231_leg,-2.5845212936401367,-1.6194813251495361,0.9513998031616211
1773049002,972417265,world,cf231,-2.5893924236297607,-1.6151589155197144,0.9661487340927124
1773049002,972417265,world,cf231_leg,-2.584458589553833,-1.6195930242538452,0.951417088508606
1773049002,977254152,world,cf231,-2.5893704891204834,-1.6150418519973755,0.9659794569015503
1773049002,977254152,world,cf231_leg,-2.5844664573669434,-1.619511365890503,0.9514836072921753
1773049002,982258150,world,cf231,-2.5895793437957764,-1.6151905059814453,0.9661515951156616
1773049002,982258150,world,cf231_leg,-2.5844478607177734,-1.6194758415222168,0.9513373374938965
1773049002,987236822,world,cf231,-2.589604377746582,-1.615138292312622,0.9661328792572021
1773049002,987236822,world,cf231_leg,-2.584510087966919,-1.6195279359817505,0.951475977897644
1773049002,992315810,world,cf231,-2.589568853378296,-1.6150829792022705,0.9661372900009155
1773049002,992315810,world,cf231_leg,-2.5845372676849365,-1.619471788406372,0.9514003992080688
1773049002,997335538,world,cf231,-2.5895464420318604,-1.6150097846984863,0.9661297798156738
1773049002,997335538,world,cf231_leg,-2.584439277648926,-1.6194008588790894,0.9513887166976929
1773049003,2343893,world,cf231,-2.589582681655884,-1.6150691509246826,0.9661412239074707
1773049003,2343893,world,cf231_leg,-2.5844991207122803,-1.6194157600402832,0.9514267444610596
1773049003,8336914,world,cf231,-2.589669942855835,-1.615035057067871,0.9661650657653809
1773049003,8336914,world,cf231_leg,-2.584538221359253,-1.619358777999878,0.9514422416687012
1773049003,12867348,world,cf231,-2.5896739959716797,-1.61490797996521,0.9661166667938232
1773049003,12867348,world,cf231_leg,-2.5845389366149902,-1.6193543672561646,0.9514095783233643
1773049003,17384791,world,cf231,-2.589726209640503,-1.6149588823318481,0.9661431312561035
1773049003,17384791,world,cf231_leg,-2.5845136642456055,-1.6194096803665161,0.9514636993408203
1773049003,22871393,world,cf231,-2.589613437652588,-1.614894986152649,0.9660860300064087
1773049003,22871393,world,cf231_leg,-2.5844671726226807,-1.6192338466644287,0.951371431350708
1773049003,28324309,world,cf231,-2.5896618366241455,-1.6149582862854004,0.9662140607833862
1773049003,28324309,world,cf231_leg,-2.5844428539276123,-1.6191660165786743,0.9514064788818359
1773049003,32660902,world,cf231,-2.5897154808044434,-1.6148957014083862,0.9662890434265137
1773049003,32660902,world,cf231_leg,-2.5844645500183105,-1.6192337274551392,0.9513956308364868
1773049003,37305190,world,cf231,-2.589653968811035,-1.6147289276123047,0.9661902189254761
1773049003,37305190,world,cf231_leg,-2.584576368331909,-1.6191816329956055,0.9514753818511963
1773049003,42407349,world,cf231,-2.589789628982544,-1.614856481552124,0.9662004709243774
1773049003,42407349,world,cf231_leg,-2.5844881534576416,-1.619181752204895,0.9513776302337646
1773049003,48093739,world,cf231,-2.589625358581543,-1.6146725416183472,0.9660491943359375
1773049003,48093739,world,cf231_leg,-2.5845882892608643,-1.6191307306289673,0.9513658285140991
1773049003,52337113,world,cf231,-2.5896034240722656,-1.6147340536117554,0.966372013092041
1773049003,52337113,world,cf231_leg,-2.5844762325286865,-1.6190686225891113,0.9513318538665771
1773049003,58981780,world,cf231,-2.5896291732788086,-1.614682674407959,0.9663510322570801
1773049003,58981780,world,cf231_leg,-2.584481716156006,-1.6191089153289795,0.9514222145080566
1773049003,62753745,world,cf231,-2.58966064453125,-1.6146422624588013,0.9662585258483887
1773049003,62753745,world,cf231_leg,-2.5844919681549072,-1.6189420223236084,0.9513640403747559
1773049003,69153470,world,cf231,-2.589646577835083,-1.6145573854446411,0.9663974046707153
1773049003,69153470,world,cf231_leg,-2.5844013690948486,-1.618908166885376,0.9514055252075195
1773049003,72325025,world,cf231,-2.5895307064056396,-1.6143794059753418,0.9661413431167603
1773049003,72325025,world,cf231_leg,-2.5844714641571045,-1.61903977394104,0.951525092124939
1773049003,77311429,world,cf231,-2.589491844177246,-1.6143945455551147,0.9664764404296875
1773049003,77311429,world,cf231_leg,-2.584543466567993,-1.6189987659454346,0.951422929763794
1773049003,82325983,world,cf231,-2.5894277095794678,-1.6143463850021362,0.966368556022644
1773049003,82325983,world,cf231_leg,-2.584506034851074,-1.6189358234405518,0.9514012336730957
1773049003,87463769,world,cf231,-2.5895168781280518,-1.6143488883972168,0.9664936065673828
1773049003,87463769,world,cf231_leg,-2.5843498706817627,-1.6187349557876587,0.9513758420944214
1773049003,92456781,world,cf231,-2.58945894241333,-1.6142139434814453,0.9664541482925415
1773049003,92456781,world,cf231_leg,-2.5844123363494873,-1.6187423467636108,0.9513440132141113
1773049003,97162956,world,cf231,-2.5896153450012207,-1.6144195795059204,0.9665124416351318
1773049003,97162956,world,cf231_leg,-2.5844380855560303,-1.6188567876815796,0.9514731168746948
1773049003,103134634,world,cf231,-2.589383125305176,-1.6142098903656006,0.9664069414138794
1773049003,103134634,world,cf231_leg,-2.584329843521118,-1.6186689138412476,0.9513804912567139
1773049003,107451865,world,cf231,-2.5893795490264893,-1.614101767539978,0.966245174407959
1773049003,107451865,world,cf231_leg,-2.584404945373535,-1.6186736822128296,0.9514216184616089
1773049003,112423223,world,cf231,-2.5894248485565186,-1.6141914129257202,0.9665429592132568
1773049003,112423223,world,cf231_leg,-2.5843758583068848,-1.6187357902526855,0.9515483379364014
1773049003,117323559,world,cf231,-2.5894765853881836,-1.6140856742858887,0.9664820432662964
1773049003,117323559,world,cf231_leg,-2.5843942165374756,-1.6185590028762817,0.9513568878173828
1773049003,122341051,world,cf231,-2.5894763469696045,-1.6140886545181274,0.9665008783340454
1773049003,122341051,world,cf231_leg,-2.5843663215637207,-1.6186121702194214,0.9514188766479492
1773049003,127207246,world,cf231,-2.589517593383789,-1.6140730381011963,0.966655969619751
1773049003,127207246,world,cf231_leg,-2.584355592727661,-1.6185401678085327,0.9515080451965332
1773049003,133342941,world,cf231,-2.5894060134887695,-1.6140035390853882,0.966559886932373
1773049003,133342941,world,cf231_leg,-2.584324836730957,-1.6184784173965454,0.9514344930648804
1773049003,137600972,world,cf231,-2.589517593383789,-1.6140729188919067,0.9666560888290405
1773049003,137600972,world,cf231_leg,-2.5842537879943848,-1.618512749671936,0.9514873027801514
1773049003,143168489,world,cf231,-2.589482069015503,-1.6140046119689941,0.9665884971618652
1773049003,143168489,world,cf231_leg,-2.5842714309692383,-1.6184275150299072,0.9514273405075073
1773049003,147168394,world,cf231,-2.5895211696624756,-1.6139519214630127,0.9666445255279541
1773049003,147168394,world,cf231_leg,-2.584240198135376,-1.6184004545211792,0.9514626264572144
1773049003,152241970,world,cf231,-2.589437484741211,-1.6138681173324585,0.966626763343811
1773049003,152241970,world,cf231_leg,-2.5842528343200684,-1.6183925867080688,0.951505184173584
1773049003,158117799,world,cf231,-2.5893256664276123,-1.6138017177581787,0.9665495157241821
1773049003,158117799,world,cf231_leg,-2.584202527999878,-1.6183421611785889,0.9514726400375366
1773049003,162263916,world,cf231,-2.5893139839172363,-1.613845944404602,0.9666098356246948
1773049003,162263916,world,cf231_leg,-2.5840976238250732,-1.6183117628097534,0.9514621496200562
1773049003,168010615,world,cf231,-2.589313507080078,-1.6138490438461304,0.9666285514831543
1773049003,168010615,world,cf231_leg,-2.5841336250305176,-1.6183074712753296,0.9517163038253784
1773049003,172157320,world,cf231,-2.589353322982788,-1.6137902736663818,0.9666469097137451
1773049003,172157320,world,cf231_leg,-2.5840985774993896,-1.6181962490081787,0.9514883756637573
1773049003,177434031,world,cf231,-2.589353084564209,-1.6137933731079102,0.9666656255722046
1773049003,177434031,world,cf231_leg,-2.5841729640960693,-1.6181975603103638,0.9515169858932495
1773049003,182325596,world,cf231,-2.589207410812378,-1.6136986017227173,0.9666391611099243
1773049003,182325596,world,cf231_leg,-2.584077835083008,-1.6181293725967407,0.9514961242675781
1773049003,187334227,world,cf231,-2.5890824794769287,-1.6136850118637085,0.9666788578033447
1773049003,187334227,world,cf231_leg,-2.584054470062256,-1.6181817054748535,0.9515126943588257
1773049003,192241288,world,cf231,-2.5891451835632324,-1.6136903762817383,0.9666491746902466
1773049003,192241288,world,cf231_leg,-2.5840775966644287,-1.6181292533874512,0.9514964818954468
1773049003,197127410,world,cf231,-2.5891363620758057,-1.613619327545166,0.9667359590530396
1773049003,197127410,world,cf231_leg,-2.584007978439331,-1.618045687675476,0.9515597820281982
1773049003,202342679,world,cf231,-2.5890750885009766,-1.6136056184768677,0.9667079448699951
1773049003,202342679,world,cf231_leg,-2.584000825881958,-1.6179697513580322,0.9515906572341919
1773049003,207269369,world,cf231,-2.5889768600463867,-1.6135317087173462,0.9666707515716553
1773049003,207269369,world,cf231_leg,-2.583948850631714,-1.6180367469787598,0.9515494108200073
1773049003,212131815,world,cf231,-2.5888800621032715,-1.6135039329528809,0.9667887687683105
1773049003,212131815,world,cf231_leg,-2.5839831829071045,-1.617937445640564,0.9514570236206055
1773049003,217896638,world,cf231,-2.588890552520752,-1.613618016242981,0.9668389558792114
1773049003,217896638,world,cf231_leg,-2.58386492729187,-1.6179593801498413,0.951575517654419
1773049003,222181289,world,cf231,-2.588829517364502,-1.6134514808654785,0.9667388200759888
1773049003,222181289,world,cf231_leg,-2.5839040279388428,-1.6178998947143555,0.9515751600265503
1773049003,227350386,world,cf231,-2.5887231826782227,-1.6133038997650146,0.9667683839797974
1773049003,227350386,world,cf231_leg,-2.583843231201172,-1.6178914308547974,0.9515862464904785
1773049003,232177777,world,cf231,-2.5885233879089355,-1.613277792930603,0.9667035341262817
1773049003,232177777,world,cf231_leg,-2.5839333534240723,-1.6178697347640991,0.9520599842071533
1773049003,237225366,world,cf231,-2.5885539054870605,-1.613297462463379,0.9668631553649902
1773049003,237225366,world,cf231_leg,-2.5837583541870117,-1.6177549362182617,0.9518886804580688
1773049003,242318389,world,cf231,-2.5884294509887695,-1.613277792930603,0.966866135597229
1773049003,242318389,world,cf231_leg,-2.5837810039520264,-1.6178233623504639,0.9518760442733765
1773049003,247962502,world,cf231,-2.588407516479492,-1.613208293914795,0.9668755531311035
1773049003,247962502,world,cf231_leg,-2.583801746368408,-1.617798089981079,0.9517390727996826
1773049003,253028215,world,cf231,-2.5884199142456055,-1.6131618022918701,0.966794490814209
1773049003,253028215,world,cf231_leg,-2.5837581157684326,-1.6177573204040527,0.9519048929214478
1773049003,257224216,world,cf231,-2.588393211364746,-1.613215446472168,0.9668360948562622
1773049003,257224216,world,cf231_leg,-2.5837364196777344,-1.6176894903182983,0.9519158601760864
1773049003,262282205,world,cf231,-2.588197708129883,-1.6130685806274414,0.9667587280273438
1773049003,262282205,world,cf231_leg,-2.5836875438690186,-1.6176778078079224,0.9520021677017212
1773049003,267310187,world,cf231,-2.5880513191223145,-1.6129796504974365,0.9667702913284302
1773049003,267310187,world,cf231_leg,-2.5837037563323975,-1.6176661252975464,0.9519863128662109
1773049003,272235614,world,cf231,-2.5880253314971924,-1.6130340099334717,0.966809868812561
1773049003,272235614,world,cf231_leg,-2.583690643310547,-1.6176731586456299,0.9519459009170532
1773049003,277204335,world,cf231,-2.588001251220703,-1.612924337387085,0.9667013883590698
1773049003,277204335,world,cf231_leg,-2.5835835933685303,-1.6175321340560913,0.952017068862915
1773049003,282449152,world,cf231,-2.5880515575408936,-1.6129798889160156,0.9667694568634033
1773049003,282449152,world,cf231_leg,-2.5835328102111816,-1.6174784898757935,0.951971173286438
1773049003,287322002,world,cf231,-2.587869167327881,-1.6128315925598145,0.9667693376541138
1773049003,287322002,world,cf231_leg,-2.583552598953247,-1.6175050735473633,0.952052116394043
1773049003,292264579,world,cf231,-2.5878796577453613,-1.6129422187805176,0.9668020009994507
1773049003,292264579,world,cf231_leg,-2.583437442779541,-1.617404818534851,0.9519206285476685
1773049003,297232884,world,cf231,-2.587829113006592,-1.6128898859024048,0.9667520523071289
1773049003,297232884,world,cf231_leg,-2.5834434032440186,-1.6174856424331665,0.9521472454071045
1773049003,302365344,world,cf231,-2.587745428085327,-1.6128063201904297,0.9667340517044067
1773049003,302365344,world,cf231_leg,-2.583479881286621,-1.6174312829971313,0.9522016048431396
1773049003,307374292,world,cf231,-2.587686538696289,-1.612676739692688,0.9667333364486694
1773049003,307374292,world,cf231_leg,-2.5833449363708496,-1.617374300956726,0.951998233795166
1773049003,312135530,world,cf231,-2.5875487327575684,-1.6126619577407837,0.9666763544082642
1773049003,312135530,world,cf231_leg,-2.5833740234375,-1.617362380027771,0.9520710706710815
1773049003,317326905,world,cf231,-2.5874507427215576,-1.6125882863998413,0.9666385650634766
1773049003,317326905,world,cf231_leg,-2.583285331726074,-1.6172481775283813,0.9520190954208374
1773049003,322332203,world,cf231,-2.587500810623169,-1.6126466989517212,0.9667257070541382
1773049003,322332203,world,cf231_leg,-2.5832414627075195,-1.6172287464141846,0.9520127773284912
1773049003,327967047,world,cf231,-2.5873522758483887,-1.6125174760818481,0.9666194915771484
1773049003,327967047,world,cf231_leg,-2.58320689201355,-1.6172059774398804,0.9521045684814453
1773049003,333050568,world,cf231,-2.5872321128845215,-1.6123743057250977,0.966590404510498
1773049003,333050568,world,cf231_leg,-2.5831243991851807,-1.6170213222503662,0.9522008895874023
1773049003,337603131,world,cf231,-2.5873301029205322,-1.6124476194381714,0.9666293859481812
1773049003,337603131,world,cf231_leg,-2.5831239223480225,-1.6171373128890991,0.9521732330322266
1773049003,343055457,world,cf231,-2.5870234966278076,-1.6122738122940063,0.9665942192077637
1773049003,343055457,world,cf231_leg,-2.5830624103546143,-1.6171284914016724,0.9521857500076294
1773049003,347202094,world,cf231,-2.586867570877075,-1.612065315246582,0.9665162563323975
1773049003,347202094,world,cf231_leg,-2.583099365234375,-1.6171857118606567,0.9521791934967041
1773049003,352328129,world,cf231,-2.5869390964508057,-1.612199306488037,0.9666316509246826
1773049003,352328129,world,cf231_leg,-2.583017349243164,-1.6171053647994995,0.9521681070327759
1773049003,358872139,world,cf231,-2.58687686920166,-1.6121878623962402,0.9666242599487305
1773049003,358872139,world,cf231_leg,-2.5828840732574463,-1.616978406906128,0.9521582126617432
1773049003,362393563,world,cf231,-2.5868444442749023,-1.6120043992996216,0.9665822982788086
1773049003,362393563,world,cf231_leg,-2.5829238891601562,-1.6169624328613281,0.9523086547851562
1773049003,368052713,world,cf231,-2.5866849422454834,-1.6119201183319092,0.9665341377258301
1773049003,368052713,world,cf231_leg,-2.5828988552093506,-1.617018222808838,0.9523618221282959
1773049003,372311065,world,cf231,-2.5865888595581055,-1.6118866205215454,0.9666141271591187
1773049003,372311065,world,cf231_leg,-2.582888126373291,-1.616903305053711,0.952297568321228
1773049003,378119272,world,cf231,-2.5864899158477783,-1.611815333366394,0.9665963649749756
1773049003,378119272,world,cf231_leg,-2.5827884674072266,-1.616952657699585,0.9522912502288818
1773049003,382088950,world,cf231,-2.5865042209625244,-1.611808180809021,0.9666353464126587
1773049003,382088950,world,cf231_leg,-2.582839012145996,-1.6168941259384155,0.9523993730545044
1773049003,387218996,world,cf231,-2.586538314819336,-1.6117132902145386,0.9668195247650146
1773049003,387218996,world,cf231_leg,-2.582698106765747,-1.6168023347854614,0.9523618221282959
1773049003,392133710,world,cf231,-2.586399555206299,-1.6117008924484253,0.9667825698852539
1773049003,392133710,world,cf231_leg,-2.5827481746673584,-1.6169029474258423,0.952594518661499
1773049003,397134633,world,cf231,-2.586256265640259,-1.6116528511047363,0.9669095277786255
1773049003,397134633,world,cf231_leg,-2.5826661586761475,-1.616782307624817,0.9524449110031128
1773049003,402389078,world,cf231,-2.586059331893921,-1.6115049123764038,0.9668350219726562
1773049003,402389078,world,cf231_leg,-2.582540512084961,-1.616771936416626,0.9525408744812012
1773049003,407313472,world,cf231,-2.5860815048217773,-1.6115778684616089,0.9668433666229248
1773049003,407313472,world,cf231_leg,-2.5825400352478027,-1.6167713403701782,0.9525429010391235
1773049003,412382765,world,cf231,-2.586087942123413,-1.6114909648895264,0.9669126272201538
1773049003,412382765,world,cf231_leg,-2.5824391841888428,-1.6166659593582153,0.9526715278625488
1773049003,418221179,world,cf231,-2.585974931716919,-1.611430048942566,0.9668735265731812
1773049003,418221179,world,cf231_leg,-2.5825634002685547,-1.616724967956543,0.9527802467346191
1773049003,422249994,world,cf231,-2.585817337036133,-1.6113860607147217,0.9669429063796997
1773049003,422249994,world,cf231_leg,-2.582360029220581,-1.6166284084320068,0.952789306640625
1773049003,427208692,world,cf231,-2.5858170986175537,-1.6113890409469604,0.9669617414474487
1773049003,427208692,world,cf231_leg,-2.582385778427124,-1.6167341470718384,0.9526499509811401
1773049003,433270955,world,cf231,-2.5858302116394043,-1.6113842725753784,0.9670213460922241
1773049003,433270955,world,cf231_leg,-2.582219362258911,-1.6165810823440552,0.9526965618133545
1773049003,437283953,world,cf231,-2.5857677459716797,-1.6113756895065308,0.9670326709747314
1773049003,437283953,world,cf231_leg,-2.5823442935943604,-1.6167973279953003,0.9529117345809937
1773049003,443058031,world,cf231,-2.58579683303833,-1.6113625764846802,0.967107892036438
1773049003,443058031,world,cf231_leg,-2.58219313621521,-1.616479754447937,0.9528684616088867
1773049003,447187184,world,cf231,-2.5856873989105225,-1.6113333702087402,0.967129111289978
1773049003,447187184,world,cf231_leg,-2.582193613052368,-1.6166367530822754,0.9529764652252197
1773049003,453561103,world,cf231,-2.5856757164001465,-1.6113777160644531,0.9671896696090698
1773049003,453561103,world,cf231_leg,-2.5821683406829834,-1.6166925430297852,0.9530293941497803
1773049003,457299513,world,cf231,-2.585577964782715,-1.6113077402114868,0.9671679735183716
1773049003,457299513,world,cf231_leg,-2.5820775032043457,-1.6164941787719727,0.9529165029525757
1773049003,462247512,world,cf231,-2.585541009902954,-1.6112444400787354,0.9671405553817749
1773049003,462247512,world,cf231_leg,-2.582062005996704,-1.6166630983352661,0.9530390501022339
1773049003,467110532,world,cf231,-2.5855584144592285,-1.6112720966339111,0.9672586917877197
1773049003,467110532,world,cf231_leg,-2.5821354389190674,-1.6166713237762451,0.9531160593032837
1773049003,472175749,world,cf231,-2.5854804515838623,-1.6112760305404663,0.9672698974609375
1773049003,472175749,world,cf231_leg,-2.5819685459136963,-1.6166341304779053,0.9531354904174805
1773049003,478039602,world,cf231,-2.5853939056396484,-1.6113141775131226,0.9672616720199585
1773049003,478039602,world,cf231_leg,-2.581922769546509,-1.616618275642395,0.9531645774841309
1773049003,482292673,world,cf231,-2.585420608520508,-1.6113048791885376,0.9673800468444824
1773049003,482292673,world,cf231_leg,-2.581885576248169,-1.6165578365325928,0.9531576633453369
1773049003,487439847,world,cf231,-2.5854101181030273,-1.6113502979278564,0.9674371480941772
1773049003,487439847,world,cf231_leg,-2.5818393230438232,-1.6165438890457153,0.9532040357589722
1773049003,492245778,world,cf231,-2.5854310989379883,-1.6114223003387451,0.9674487113952637
1773049003,492245778,world,cf231_leg,-2.5818135738372803,-1.6165989637374878,0.9532591104507446
1773049003,497394585,world,cf231,-2.5853359699249268,-1.6113860607147217,0.9675086736679077
1773049003,497394585,world,cf231_leg,-2.581864356994629,-1.6166497468948364,0.9532907009124756
1773049003,502381411,world,cf231,-2.5852091312408447,-1.6113741397857666,0.9675712585449219
1773049003,502381411,world,cf231_leg,-2.5816755294799805,-1.6165472269058228,0.9533364772796631
1773049003,507474018,world,cf231,-2.5851352214813232,-1.61141037940979,0.9676417112350464
1773049003,507474018,world,cf231_leg,-2.581622838973999,-1.616613507270813,0.9532973766326904
1773049003,512263992,world,cf231,-2.585134744644165,-1.611419439315796,0.967697024345398
1773049003,512263992,world,cf231_leg,-2.5817813873291016,-1.6167324781417847,0.9534379243850708
1773049003,517278823,world,cf231,-2.5851986408233643,-1.6114705801010132,0.9678242206573486
1773049003,517278823,world,cf231_leg,-2.581660270690918,-1.616716742515564,0.9534571170806885
1773049003,522371885,world,cf231,-2.585097312927246,-1.6115154027938843,0.9677779674530029
1773049003,522371885,world,cf231_leg,-2.5815675258636475,-1.6166832447052002,0.9535214900970459
1773049003,527359457,world,cf231,-2.5849480628967285,-1.6114362478256226,0.9678701162338257
1773049003,527359457,world,cf231_leg,-2.581655740737915,-1.6166856288909912,0.9536341428756714
1773049003,532374789,world,cf231,-2.584923028945923,-1.6114819049835205,0.9678534269332886
1773049003,532374789,world,cf231_leg,-2.581580400466919,-1.616678237915039,0.9535781145095825
1773049003,537303796,world,cf231,-2.584876298904419,-1.6115094423294067,0.968040943145752
1773049003,537303796,world,cf231_leg,-2.5815939903259277,-1.6167956590652466,0.9536337852478027
1773049003,542215772,world,cf231,-2.584956169128418,-1.611716866493225,0.9680900573730469
1773049003,542215772,world,cf231_leg,-2.5813632011413574,-1.6165906190872192,0.9535641670227051
1773049003,549053082,world,cf231,-2.5848827362060547,-1.611594319343567,0.9680505990982056
1773049003,549053082,world,cf231_leg,-2.581364393234253,-1.6165893077850342,0.9535449743270874
1773049003,552121576,world,cf231,-2.5849432945251465,-1.611763596534729,0.9681710004806519
1773049003,552121576,world,cf231_leg,-2.581439733505249,-1.6167505979537964,0.9536957740783691
1773049003,557358417,world,cf231,-2.584733724594116,-1.6116684675216675,0.9682137966156006
1773049003,557358417,world,cf231_leg,-2.5814249515533447,-1.616761565208435,0.9536900520324707
1773049003,562249628,world,cf231,-2.584780693054199,-1.6118454933166504,0.9682929515838623
1773049003,562249628,world,cf231_leg,-2.581376791000366,-1.6167455911636353,0.9537429809570312
1773049003,568030846,world,cf231,-2.5847582817077637,-1.6117819547653198,0.9683389663696289
1773049003,568030846,world,cf231_leg,-2.5813677310943604,-1.61678946018219,0.953781247138977
1773049003,572201950,world,cf231,-2.584773302078247,-1.6117689609527588,0.9683406352996826
1773049003,572201950,world,cf231_leg,-2.581402063369751,-1.616851806640625,0.9538291692733765
1773049003,577237344,world,cf231,-2.584684371948242,-1.6118178367614746,0.9684102535247803
1773049003,577237344,world,cf231_leg,-2.581310272216797,-1.6168192625045776,0.9538896083831787
1773049003,582194123,world,cf231,-2.5845837593078613,-1.611907720565796,0.9685229063034058
1773049003,582194123,world,cf231_leg,-2.5813310146331787,-1.616886019706726,0.9538826942443848
1773049003,588138713,world,cf231,-2.584571361541748,-1.611964225769043,0.9686567783355713
1773049003,588138713,world,cf231_leg,-2.581320285797119,-1.6169356107711792,0.953972339630127
1773049003,592279276,world,cf231,-2.5846078395843506,-1.612023949623108,0.9686676263809204
1773049003,592279276,world,cf231_leg,-2.5812466144561768,-1.6169297695159912,0.9539111852645874
1773049003,597202634,world,cf231,-2.5846471786499023,-1.6119616031646729,0.9686692953109741
1773049003,597202634,world,cf231_leg,-2.5812411308288574,-1.616895318031311,0.9540756940841675
1773049003,603134399,world,cf231,-2.5847554206848145,-1.6121649742126465,0.9688488245010376
1773049003,603134399,world,cf231_leg,-2.5812127590179443,-1.616913080215454,0.9540309906005859
1773049003,607324972,world,cf231,-2.5847301483154297,-1.6122039556503296,0.968796968460083
1773049003,607324972,world,cf231_leg,-2.581249713897705,-1.616970419883728,0.9540241956710815
1773049003,614028459,world,cf231,-2.584583282470703,-1.6121271848678589,0.9688818454742432
1773049003,614028459,world,cf231_leg,-2.581240653991699,-1.6170167922973633,0.9540774822235107
1773049003,618031958,world,cf231,-2.5846896171569824,-1.6122779846191406,0.9688705205917358
1773049003,618031958,world,cf231_leg,-2.5812253952026367,-1.6170246601104736,0.9540586471557617
1773049003,622656630,world,cf231,-2.584754228591919,-1.6123261451721191,0.968978762626648
1773049003,622656630,world,cf231_leg,-2.5811173915863037,-1.6169986724853516,0.9541044235229492
1773049003,628059165,world,cf231,-2.5849368572235107,-1.6124777793884277,0.9689967632293701
1773049003,628059165,world,cf231_leg,-2.58115291595459,-1.617179036140442,0.954118013381958
1773049003,632605120,world,cf231,-2.584874153137207,-1.612472653388977,0.9690252542495728
1773049003,632605120,world,cf231_leg,-2.5811398029327393,-1.6170669794082642,0.9540919065475464
1773049003,637292781,world,cf231,-2.584874153137207,-1.612472653388977,0.9690252542495728
1773049003,637292781,world,cf231_leg,-2.5811517238616943,-1.6171804666519165,0.9541369676589966
1773049003,642276299,world,cf231,-2.5849108695983887,-1.612532138824463,0.9690365791320801
1773049003,642276299,world,cf231_leg,-2.5811374187469482,-1.617186427116394,0.9541008472442627
1773049003,647420781,world,cf231,-2.585045099258423,-1.612668514251709,0.9691040515899658
1773049003,647420781,world,cf231_leg,-2.581066131591797,-1.6172230243682861,0.954169750213623
1773049003,652264244,world,cf231,-2.5851194858551025,-1.6126294136047363,0.9690146446228027
1773049003,652264244,world,cf231_leg,-2.5811853408813477,-1.6172420978546143,0.954187273979187
1773049003,657155129,world,cf231,-2.5852279663085938,-1.6128168106079102,0.9691040515899658
1773049003,657155129,world,cf231_leg,-2.581102132797241,-1.6172846555709839,0.9541963338851929
1773049003,662236803,world,cf231,-2.585264205932617,-1.6128824949264526,0.9691518545150757
1773049003,662236803,world,cf231_leg,-2.581077814102173,-1.6173334121704102,0.954201340675354
1773049003,667712521,world,cf231,-2.585214138031006,-1.6128240823745728,0.9690643548965454
1773049003,667712521,world,cf231_leg,-2.5811166763305664,-1.617278814315796,0.9542324542999268
1773049003,672289155,world,cf231,-2.585236072540283,-1.6129001379013062,0.9690907001495361
1773049003,672289155,world,cf231_leg,-2.5810794830322266,-1.6173325777053833,0.9541802406311035
1773049003,677215323,world,cf231,-2.5853824615478516,-1.6129893064498901,0.9690790176391602
1773049003,677215323,world,cf231_leg,-2.5812103748321533,-1.6174747943878174,0.9543050527572632
1773049003,682502534,world,cf231,-2.5854952335357666,-1.6130493879318237,0.9691201448440552
1773049003,682502534,world,cf231_leg,-2.581136465072632,-1.6174635887145996,0.9542144536972046
1773049003,687330977,world,cf231,-2.5854671001434326,-1.6130702495574951,0.9690773487091064
1773049003,687330977,world,cf231_leg,-2.5811257362365723,-1.6175105571746826,0.9542895555496216
1773049003,692294312,world,cf231,-2.5855278968811035,-1.6132363080978394,0.9691789150238037
1773049003,692294312,world,cf231_leg,-2.5811727046966553,-1.617525577545166,0.9542396068572998
1773049003,697314445,world,cf231,-2.585561752319336,-1.613265037536621,0.9691267013549805
1773049003,697314445,world,cf231_leg,-2.581112861633301,-1.6175183057785034,0.954246997833252
1773049003,702221842,world,cf231,-2.585660219192505,-1.6133325099945068,0.969127893447876
1773049003,702221842,world,cf231_leg,-2.5811567306518555,-1.617648959159851,0.9541946649551392
1773049003,707349001,world,cf231,-2.58583927154541,-1.613605260848999,0.9691570997238159
1773049003,707349001,world,cf231_leg,-2.5812227725982666,-1.6176999807357788,0.9542895555496216
1773049003,712287580,world,cf231,-2.5859010219573975,-1.6136195659637451,0.9691839218139648
1773049003,712287580,world,cf231_leg,-2.5813045501708984,-1.617777705192566,0.9542860984802246
1773049003,717104701,world,cf231,-2.5857601165771484,-1.613722562789917,0.9691208600997925
1773049003,717104701,world,cf231_leg,-2.5811333656311035,-1.6178257465362549,0.9542266130447388
1773049003,722373100,world,cf231,-2.585867166519165,-1.6138641834259033,0.9690538644790649
1773049003,722373100,world,cf231_leg,-2.5813024044036865,-1.6178996562957764,0.9543095827102661
1773049003,728029945,world,cf231,-2.5860519409179688,-1.6140557527542114,0.9691897630691528
1773049003,728029945,world,cf231_leg,-2.581268548965454,-1.6178349256515503,0.9542461633682251
1773049003,732464649,world,cf231,-2.586137533187866,-1.6140644550323486,0.9688634872436523
1773049003,732464649,world,cf231_leg,-2.581392288208008,-1.618096947669983,0.954425573348999
1773049003,737313153,world,cf231,-2.586136817932129,-1.6140732765197754,0.9689197540283203
1773049003,737313153,world,cf231_leg,-2.581406831741333,-1.6180434226989746,0.9542772769927979
1773049003,742236923,world,cf231,-2.5860683917999268,-1.6141457557678223,0.9688242673873901
1773049003,742236923,world,cf231_leg,-2.5813324451446533,-1.6181586980819702,0.9542191028594971
1773049003,747378528,world,cf231,-2.5859766006469727,-1.6142619848251343,0.9686908721923828
1773049003,747378528,world,cf231_leg,-2.5814058780670166,-1.618161678314209,0.9542659521102905
1773049003,752264124,world,cf231,-2.586110830307007,-1.6143981218338013,0.9687583446502686
1773049003,752264124,world,cf231_leg,-2.5814666748046875,-1.6182887554168701,0.9542417526245117
1773049003,757418658,world,cf231,-2.586219549179077,-1.614534616470337,0.968651294708252
1773049003,757418658,world,cf231_leg,-2.581448554992676,-1.6183013916015625,0.954277753829956
1773049003,762218279,world,cf231,-2.5862762928009033,-1.6146749258041382,0.9687297344207764
1773049003,762218279,world,cf231_leg,-2.5815584659576416,-1.618483066558838,0.9543203115463257
1773049003,768162248,world,cf231,-2.586336135864258,-1.6147956848144531,0.968673825263977
1773049003,768162248,world,cf231_leg,-2.5815317630767822,-1.6184945106506348,0.9542254209518433
1773049003,772278139,world,cf231,-2.586297035217285,-1.6148515939712524,0.9686360359191895
1773049003,772278139,world,cf231_leg,-2.581594705581665,-1.6184996366500854,0.954177737236023
1773049003,777351203,world,cf231,-2.586291551589966,-1.6149358749389648,0.9685471057891846
1773049003,777351203,world,cf231_leg,-2.5815916061401367,-1.6186208724975586,0.9542036056518555
1773049003,782348467,world,cf231,-2.586548089981079,-1.6152007579803467,0.9685485363006592
1773049003,782348467,world,cf231_leg,-2.581613063812256,-1.6186881065368652,0.9541945457458496
1773049003,787272591,world,cf231,-2.5864484310150146,-1.6150879859924316,0.9683897495269775
1773049003,787272591,world,cf231_leg,-2.5815773010253906,-1.6186243295669556,0.9541515111923218
1773049003,792154032,world,cf231,-2.586465835571289,-1.615233063697815,0.9682356119155884
1773049003,792154032,world,cf231_leg,-2.5816574096679688,-1.6188219785690308,0.9541546106338501
1773049003,797487787,world,cf231,-2.5864758491516113,-1.6153528690338135,0.9683234691619873
1773049003,797487787,world,cf231_leg,-2.581777811050415,-1.618958830833435,0.9541383981704712
1773049003,803356992,world,cf231,-2.5865237712860107,-1.6153678894042969,0.9682749509811401
1773049003,803356992,world,cf231_leg,-2.5817275047302246,-1.6189006567001343,0.9540606737136841
1773049003,807458824,world,cf231,-2.586656332015991,-1.6156201362609863,0.9683135747909546
1773049003,807458824,world,cf231_leg,-2.581782817840576,-1.619030237197876,0.9540987014770508
1773049003,812358939,world,cf231,-2.5867197513580322,-1.6156295537948608,0.9682995080947876
1773049003,812358939,world,cf231_leg,-2.581855297088623,-1.6191537380218506,0.9541503190994263
1773049003,817387624,world,cf231,-2.5866286754608154,-1.6156316995620728,0.968215823173523
1773049003,817387624,world,cf231_leg,-2.581808090209961,-1.6190937757492065,0.954031229019165
1773049003,822298897,world,cf231,-2.5866756439208984,-1.6158050298690796,0.968278169631958
1773049003,822298897,world,cf231_leg,-2.581853151321411,-1.6192309856414795,0.9540042877197266
1773049003,827273411,world,cf231,-2.5866827964782715,-1.6158841848373413,0.9682496786117554
1773049003,827273411,world,cf231_leg,-2.581899404525757,-1.6192471981048584,0.9539737701416016
1773049003,832254439,world,cf231,-2.586657762527466,-1.6159297227859497,0.9682337045669556
1773049003,832254439,world,cf231_leg,-2.581921100616455,-1.6193124055862427,0.953947901725769
1773049003,838026316,world,cf231,-2.586766242980957,-1.6159136295318604,0.968053936958313
1773049003,838026316,world,cf231_leg,-2.5819830894470215,-1.6194783449172974,0.9540421962738037
1773049003,842341111,world,cf231,-2.5868990421295166,-1.6160510778427124,0.9681450128555298
1773049003,842341111,world,cf231_leg,-2.5820250511169434,-1.6194559335708618,0.9539163112640381
1773049003,847124441,world,cf231,-2.5867695808410645,-1.6161130666732788,0.9680395126342773
1773049003,847124441,world,cf231_leg,-2.5820107460021973,-1.6195834875106812,0.953880786895752
1773049003,852361754,world,cf231,-2.5867722034454346,-1.6161061525344849,0.9679775238037109
1773049003,852361754,world,cf231_leg,-2.5820536613464355,-1.619710087776184,0.9535917043685913
1773049003,857761312,world,cf231,-2.586792230606079,-1.6161736249923706,0.9679749011993408
1773049003,857761312,world,cf231_leg,-2.5819180011749268,-1.6196973323822021,0.9535605907440186
1773049003,863005150,world,cf231,-2.586791753768921,-1.6161384582519531,0.9678695201873779
1773049003,863005150,world,cf231_leg,-2.582075357437134,-1.6197834014892578,0.9538360834121704
1773049003,867255211,world,cf231,-2.5869736671447754,-1.6162923574447632,0.967907190322876
1773049003,867255211,world,cf231_leg,-2.5819811820983887,-1.6198583841323853,0.9533971548080444
1773049003,872241140,world,cf231,-2.586932897567749,-1.6163498163223267,0.9678925275802612
1773049003,872241140,world,cf231_leg,-2.5820274353027344,-1.619875192642212,0.9533648490905762
1773049003,877357165,world,cf231,-2.586871385574341,-1.6163361072540283,0.9678648710250854
1773049003,877357165,world,cf231_leg,-2.5819754600524902,-1.6200928688049316,0.9531785249710083
1773049003,882338140,world,cf231,-2.586832284927368,-1.6163920164108276,0.9678272008895874
1773049003,882338140,world,cf231_leg,-2.5820260047912598,-1.6201486587524414,0.9532408714294434
1773049003,888144341,world,cf231,-2.586855888366699,-1.6163008213043213,0.9676872491836548
1773049003,888144341,world,cf231_leg,-2.5820062160491943,-1.6200752258300781,0.9531992673873901
1773049003,892243105,world,cf231,-2.586989164352417,-1.616438865661621,0.9677759408950806
1773049003,892243105,world,cf231_leg,-2.5820748805999756,-1.6201574802398682,0.953140377998352
1773049003,897186269,world,cf231,-2.5870249271392822,-1.6165008544921875,0.9678069353103638
1773049003,897186269,world,cf231_leg,-2.5821313858032227,-1.6202905178070068,0.9531911611557007
1773049003,902360403,world,cf231,-2.5869715213775635,-1.6165668964385986,0.9677492380142212
1773049003,902360403,world,cf231_leg,-2.58215594291687,-1.620237112045288,0.9531539678573608
1773049003,907188344,world,cf231,-2.5867490768432617,-1.6164705753326416,0.9676961898803711
1773049003,907188344,world,cf231_leg,-2.582226037979126,-1.620477318763733,0.9531997442245483
1773049003,912340725,world,cf231,-2.5868475437164307,-1.6165447235107422,0.9677325487136841
1773049003,912340725,world,cf231_leg,-2.5823135375976562,-1.6204767227172852,0.9532983303070068
1773049003,917283300,world,cf231,-2.5869460105895996,-1.6166186332702637,0.9677691459655762
1773049003,917283300,world,cf231_leg,-2.582366943359375,-1.6205692291259766,0.9532362222671509
1773049003,922340463,world,cf231,-2.587029457092285,-1.6166954040527344,0.9677523374557495
1773049003,922340463,world,cf231_leg,-2.582294225692749,-1.6205617189407349,0.9531568288803101
1773049003,927377203,world,cf231,-2.58699893951416,-1.6168633699417114,0.967771053314209
1773049003,927377203,world,cf231_leg,-2.5823795795440674,-1.6206777095794678,0.9532498121261597
1773049003,932249551,world,cf231,-2.5868403911590576,-1.6167830228805542,0.9677391052246094
1773049003,932249551,world,cf231_leg,-2.5823307037353516,-1.6206213235855103,0.9531663656234741
1773049003,937345583,world,cf231,-2.5866925716400146,-1.6166517734527588,0.9676125049591064
1773049003,937345583,world,cf231_leg,-2.5824387073516846,-1.6208034753799438,0.9532301425933838
1773049003,942321205,world,cf231,-2.586862087249756,-1.6168489456176758,0.9677131175994873
1773049003,942321205,world,cf231_leg,-2.582421064376831,-1.6207771301269531,0.9533507823944092
1773049003,947686307,world,cf231,-2.586974620819092,-1.6169159412384033,0.967788815498352
1773049003,947686307,world,cf231_leg,-2.582498073577881,-1.62081778049469,0.9532699584960938
1773049003,952248560,world,cf231,-2.58683705329895,-1.6169044971466064,0.9677495956420898
1773049003,952248560,world,cf231_leg,-2.582531690597534,-1.6209959983825684,0.9532904624938965
1773049003,957118419,world,cf231,-2.586698055267334,-1.6168850660324097,0.9676799774169922
1773049003,957118419,world,cf231_leg,-2.582578659057617,-1.6210107803344727,0.953241229057312
1773049003,962355078,world,cf231,-2.5866382122039795,-1.6169137954711914,0.9677902460098267
1773049003,962355078,world,cf231_leg,-2.582462787628174,-1.6208657026290894,0.9531664848327637
1773049003,967312100,world,cf231,-2.5867080688476562,-1.6170015335083008,0.9677499532699585
1773049003,967312100,world,cf231_leg,-2.582554340362549,-1.6210620403289795,0.9532614946365356
1773049003,973096311,world,cf231,-2.5868070125579834,-1.617079257965088,0.9678031206130981
1773049003,973096311,world,cf231_leg,-2.5826778411865234,-1.6211228370666504,0.9533873796463013
1773049003,977271124,world,cf231,-2.5868427753448486,-1.6171380281448364,0.9678161144256592
1773049003,977271124,world,cf231_leg,-2.5825541019439697,-1.62106192111969,0.9532619714736938
1773049003,983153015,world,cf231,-2.586803674697876,-1.617200493812561,0.9678143262863159
1773049003,983153015,world,cf231_leg,-2.5825796127319336,-1.6211705207824707,0.9533627033233643
1773049003,987207469,world,cf231,-2.586806058883667,-1.6172374486923218,0.9679142236709595
1773049003,987207469,world,cf231_leg,-2.582638740539551,-1.6211823225021362,0.9533872604370117
1773049003,993134175,world,cf231,-2.5868146419525146,-1.6173146963119507,0.967863917350769
1773049003,993134175,world,cf231_leg,-2.5826613903045654,-1.6212482452392578,0.9533590078353882
1773049003,999059516,world,cf231,-2.5869743824005127,-1.6173990964889526,0.9679111242294312
1773049003,999059516,world,cf231_leg,-2.582703113555908,-1.6212313175201416,0.953488826751709
1773049004,2177404,world,cf231,-2.586937427520752,-1.617339015007019,0.9679015874862671
1773049004,2177404,world,cf231_leg,-2.5827248096466064,-1.6212990283966064,0.9534779787063599
1773049004,7229302,world,cf231,-2.587024688720703,-1.617457628250122,0.9679973125457764
1773049004,7229302,world,cf231_leg,-2.582784414291382,-1.6213113069534302,0.9535013437271118
1773049004,12467103,world,cf231,-2.5868759155273438,-1.617484211921692,0.967982292175293
1773049004,12467103,world,cf231_leg,-2.5827460289001465,-1.6213687658309937,0.9534841775894165
1773049004,17393348,world,cf231,-2.586912155151367,-1.617546796798706,0.9680116176605225
1773049004,17393348,world,cf231_leg,-2.5827229022979736,-1.6214185953140259,0.9534858465194702
1773049004,22175505,world,cf231,-2.5871222019195557,-1.6176897287368774,0.9681447744369507
1773049004,22175505,world,cf231_leg,-2.5828349590301514,-1.6213642358779907,0.9535490274429321
1773049004,27224492,world,cf231,-2.5872459411621094,-1.6177115440368652,0.9681625366210938
1773049004,27224492,world,cf231_leg,-2.582764148712158,-1.621401309967041,0.9536164999008179
1773049004,32177353,world,cf231,-2.587207078933716,-1.6177678108215332,0.9681240320205688
1773049004,32177353,world,cf231_leg,-2.582965850830078,-1.6215012073516846,0.9536430835723877
1773049004,37316430,world,cf231,-2.5871472358703613,-1.6177966594696045,0.9682341814041138
1773049004,37316430,world,cf231_leg,-2.582845687866211,-1.62148118019104,0.9536292552947998
1773049004,42238334,world,cf231,-2.5873911380767822,-1.6179652214050293,0.9682966470718384
1773049004,42238334,world,cf231_leg,-2.5828945636749268,-1.6215378046035767,0.953711986541748
1773049004,47202839,world,cf231,-2.5873804092407227,-1.6180068254470825,0.9683370590209961
1773049004,47202839,world,cf231_leg,-2.5828988552093506,-1.6215742826461792,0.9537907838821411
1773049004,52499240,world,cf231,-2.587491273880005,-1.6180752515792847,0.9684357643127441
1773049004,52499240,world,cf231_leg,-2.582944869995117,-1.6215932369232178,0.9537754058837891
1773049004,58053364,world,cf231,-2.587502956390381,-1.618027925491333,0.9683569669723511
1773049004,58053364,world,cf231_leg,-2.582897424697876,-1.621580719947815,0.9538410902023315
1773049004,62369376,world,cf231,-2.587491273880005,-1.6180784702301025,0.9684531688690186
1773049004,62369376,world,cf231_leg,-2.5829691886901855,-1.6217033863067627,0.9538947343826294
1773049004,68172958,world,cf231,-2.587527275085449,-1.6181440353393555,0.9685009717941284
1773049004,68172958,world,cf231_leg,-2.5830650329589844,-1.6217749118804932,0.9539282321929932
1773049004,72295258,world,cf231,-2.587578535079956,-1.6182003021240234,0.9685667753219604
1773049004,72295258,world,cf231_leg,-2.5829639434814453,-1.6216691732406616,0.954058051109314
1773049004,77087204,world,cf231,-2.5876903533935547,-1.6182663440704346,0.968644380569458
1773049004,77087204,world,cf231_leg,-2.58321213722229,-1.6217867136001587,0.9542752504348755
1773049004,82263396,world,cf231,-2.5878639221191406,-1.618343472480774,0.9687305688858032
1773049004,82263396,world,cf231_leg,-2.5832722187042236,-1.6218018531799316,0.9543126821517944
1773049004,87154939,world,cf231,-2.587766647338867,-1.6182706356048584,0.9686906337738037
1773049004,87154939,world,cf231_leg,-2.5832889080047607,-1.6218332052230835,0.9544485807418823
1773049004,92227686,world,cf231,-2.5879032611846924,-1.6184468269348145,0.968875527381897
1773049004,92227686,world,cf231_leg,-2.5833120346069336,-1.6219019889831543,0.9544342756271362
1773049004,98124069,world,cf231,-2.587902784347534,-1.6184464693069458,0.9688767194747925
1773049004,98124069,world,cf231_leg,-2.5833089351654053,-1.6217492818832397,0.9548132419586182
1773049004,102432365,world,cf231,-2.5880770683288574,-1.6185240745544434,0.9689610004425049
1773049004,102432365,world,cf231_leg,-2.5832927227020264,-1.6218714714050293,0.954545259475708
1773049004,108236474,world,cf231,-2.5882649421691895,-1.618597388267517,0.9691034555435181
1773049004,108236474,world,cf231_leg,-2.5834920406341553,-1.6219385862350464,0.9549331665039062
1773049004,112241323,world,cf231,-2.5883777141571045,-1.618664264678955,0.9691789150238037
1773049004,112241323,world,cf231_leg,-2.5836243629455566,-1.6219556331634521,0.9550199508666992
1773049004,117281898,world,cf231,-2.5882654190063477,-1.6185977458953857,0.9691025018692017
1773049004,117281898,world,cf231_leg,-2.58355450630188,-1.6219909191131592,0.9550700187683105
1773049004,122356746,world,cf231,-2.588489055633545,-1.6187366247177124,0.9692928791046143
1773049004,122356746,world,cf231_leg,-2.5835447311401367,-1.6220390796661377,0.9551413059234619
1773049004,128208430,world,cf231,-2.5884957313537598,-1.618653416633606,0.9693783521652222
1773049004,128208430,world,cf231_leg,-2.5836634635925293,-1.6220601797103882,0.955174446105957
1773049004,132460372,world,cf231,-2.588611364364624,-1.618760347366333,0.9693319797515869
1773049004,132460372,world,cf231_leg,-2.583594799041748,-1.6220941543579102,0.9552055597305298
1773049004,137285934,world,cf231,-2.5887882709503174,-1.6188756227493286,0.9695136547088623
1773049004,137285934,world,cf231_leg,-2.58379864692688,-1.6222312450408936,0.9553314447402954
1773049004,142143165,world,cf231,-2.5887389183044434,-1.6188623905181885,0.9695847034454346
1773049004,142143165,world,cf231_leg,-2.5837180614471436,-1.6222784519195557,0.9553487300872803
1773049004,148528865,world,cf231,-2.5888442993164062,-1.6188530921936035,0.969706654548645
1773049004,148528865,world,cf231_leg,-2.583740472793579,-1.6222254037857056,0.9553344249725342
1773049004,152337688,world,cf231,-2.5889029502868652,-1.6188263893127441,0.9696178436279297
1773049004,152337688,world,cf231_leg,-2.583730459213257,-1.6222705841064453,0.955391526222229
1773049004,157306266,world,cf231,-2.5891165733337402,-1.619004249572754,0.969828724861145
1773049004,157306266,world,cf231_leg,-2.5838303565979004,-1.6223832368850708,0.9555351734161377
1773049004,162218849,world,cf231,-2.5892391204833984,-1.6190252304077148,0.9698483943939209
1773049004,162218849,world,cf231_leg,-2.5838892459869385,-1.6223949193954468,0.9555600881576538
1773049004,168529707,world,cf231,-2.5892140865325928,-1.6190742254257202,0.9698494672775269
1773049004,168529707,world,cf231_leg,-2.5839478969573975,-1.6224035024642944,0.9555716514587402
1773049004,172306242,world,cf231,-2.5892856121063232,-1.6192047595977783,0.9699461460113525
1773049004,172306242,world,cf231_leg,-2.5839390754699707,-1.6224523782730103,0.9556398391723633
1773049004,177995521,world,cf231,-2.589310884475708,-1.6193087100982666,0.9700164794921875
1773049004,177995521,world,cf231_leg,-2.583951473236084,-1.6224446296691895,0.9556823968887329
1773049004,183152487,world,cf231,-2.589421033859253,-1.6193352937698364,0.9699742794036865
1773049004,183152487,world,cf231_leg,-2.58394193649292,-1.6224925518035889,0.9557539224624634
1773049004,187353204,world,cf231,-2.5894694328308105,-1.6193952560424805,0.9700835943222046
1773049004,187353204,world,cf231_leg,-2.584155559539795,-1.6227006912231445,0.9557944536209106
1773049004,192304446,world,cf231,-2.589491367340088,-1.619464635848999,0.9700746536254883
1773049004,192304446,world,cf231_leg,-2.5841681957244873,-1.6226955652236938,0.9558515548706055
1773049004,197159294,world,cf231,-2.589552879333496,-1.6196343898773193,0.9701913595199585
1773049004,197159294,world,cf231_leg,-2.5842299461364746,-1.6227071285247803,0.9558526277542114
1773049004,202215436,world,cf231,-2.589552164077759,-1.6196335554122925,0.9701938629150391
1773049004,202215436,world,cf231_leg,-2.584243059158325,-1.6228588819503784,0.9560174942016602
1773049004,207081225,world,cf231,-2.5895161628723145,-1.6195745468139648,0.9701815843582153
1773049004,207081225,world,cf231_leg,-2.584311008453369,-1.6228318214416504,0.9560343027114868
1773049004,212412936,world,cf231,-2.5896124839782715,-1.6196463108062744,0.9702242612838745
1773049004,212412936,world,cf231_leg,-2.5843122005462646,-1.6229441165924072,0.955971360206604
1773049004,217359169,world,cf231,-2.5897233486175537,-1.6198294162750244,0.9702699184417725
1773049004,217359169,world,cf231_leg,-2.584303140640259,-1.6228740215301514,0.9560539722442627
1773049004,222704858,world,cf231,-2.5895979404449463,-1.6198121309280396,0.9702942371368408
1773049004,222704858,world,cf231_leg,-2.584336519241333,-1.6229379177093506,0.9561192989349365
1773049004,227777090,world,cf231,-2.589682102203369,-1.6198928356170654,0.9702924489974976
1773049004,227777090,world,cf231_leg,-2.584470748901367,-1.6230707168579102,0.9561558961868286
1773049004,232221285,world,cf231,-2.5896830558776855,-1.6198904514312744,0.9702718257904053
1773049004,232221285,world,cf231_leg,-2.584458589553833,-1.623073935508728,0.9560813903808594
1773049004,237341774,world,cf231,-2.5897951126098633,-1.6199568510055542,0.9703483581542969
1773049004,237341774,world,cf231_leg,-2.5845649242401123,-1.6231428384780884,0.9562102556228638
1773049004,242392535,world,cf231,-2.589829921722412,-1.6200275421142578,0.9704352617263794
1773049004,242392535,world,cf231_leg,-2.584559679031372,-1.6230636835098267,0.956204891204834
1773049004,247257899,world,cf231,-2.589803457260132,-1.6200718879699707,0.9704228639602661
1773049004,247257899,world,cf231_leg,-2.584583282470703,-1.6231331825256348,0.9561880826950073
1773049004,252440164,world,cf231,-2.5898053646087646,-1.620070457458496,0.9703997373580933
1773049004,252440164,world,cf231_leg,-2.5846383571624756,-1.6232622861862183,0.9562273025512695
1773049004,257273524,world,cf231,-2.589779853820801,-1.6201250553131104,0.9704384803771973
1773049004,257273524,world,cf231_leg,-2.584712505340576,-1.6232662200927734,0.9562708139419556
1773049004,263059007,world,cf231,-2.58988881111145,-1.6201506853103638,0.9703992605209351
1773049004,263059007,world,cf231_leg,-2.584628105163574,-1.6233047246932983,0.9562702178955078
1773049004,267309822,world,cf231,-2.5900018215179443,-1.6202143430709839,0.9704562425613403
1773049004,267309822,world,cf231_leg,-2.58471417427063,-1.6232627630233765,0.9562351703643799
1773049004,272268464,world,cf231,-2.5900022983551025,-1.6202117204666138,0.9704368114471436
1773049004,272268464,world,cf231_leg,-2.5847692489624023,-1.6234021186828613,0.9563345909118652
1773049004,277373552,world,cf231,-2.5899603366851807,-1.620277762413025,0.9704787731170654
1773049004,277373552,world,cf231_leg,-2.584852457046509,-1.6234760284423828,0.9562954902648926
1773049004,283309544,world,cf231,-2.5899360179901123,-1.6203304529190063,0.9704958200454712
1773049004,283309544,world,cf231_leg,-2.584799289703369,-1.6233811378479004,0.956343412399292
1773049004,287639988,world,cf231,-2.590033531188965,-1.6204032897949219,0.9705349206924438
1773049004,287639988,world,cf231_leg,-2.58475661277771,-1.6233993768692017,0.956233024597168
1773049004,292619999,world,cf231,-2.5900232791900635,-1.6202833652496338,0.9704484939575195
1773049004,292619999,world,cf231_leg,-2.5848662853240967,-1.6234644651412964,0.9563037157058716
1773049004,297475655,world,cf231,-2.5900237560272217,-1.6202806234359741,0.9704290628433228
1773049004,297475655,world,cf231_leg,-2.584899425506592,-1.623530626296997,0.9563851356506348
1773049004,302586086,world,cf231,-2.59006929397583,-1.6204558610916138,0.9705121517181396
1773049004,302586086,world,cf231_leg,-2.584820508956909,-1.623448133468628,0.9563344717025757
1773049004,307480161,world,cf231,-2.590034246444702,-1.6204007863998413,0.9705153703689575
1773049004,307480161,world,cf231_leg,-2.5849502086639404,-1.6237002611160278,0.9564021825790405
1773049004,312643375,world,cf231,-2.590068817138672,-1.6204618215560913,0.9705489873886108
1773049004,312643375,world,cf231_leg,-2.5850002765655518,-1.6235967874526978,0.9563415050506592
1773049004,317540632,world,cf231,-2.5900979042053223,-1.6204073429107666,0.9704819917678833
1773049004,317540632,world,cf231_leg,-2.584984540939331,-1.6236040592193604,0.9563242197036743
1773049004,322581133,world,cf231,-2.5902903079986572,-1.620553731918335,0.9705862998962402
1773049004,322581133,world,cf231_leg,-2.5849239826202393,-1.6235935688018799,0.9563192129135132
1773049004,327263733,world,cf231,-2.590095043182373,-1.6204043626785278,0.9704910516738892
1773049004,327263733,world,cf231_leg,-2.585010290145874,-1.6235517263412476,0.9562838077545166
1773049004,332174873,world,cf231,-2.590047836303711,-1.6203868389129639,0.9705199003219604
1773049004,332174873,world,cf231_leg,-2.5850229263305664,-1.6236628293991089,0.9563124179840088
1773049004,337251737,world,cf231,-2.5900211334228516,-1.6203992366790771,0.9704197645187378
1773049004,337251737,world,cf231_leg,-2.5851025581359863,-1.6237409114837646,0.9563301801681519
1773049004,342302512,world,cf231,-2.5901596546173096,-1.6204150915145874,0.9704729318618774
1773049004,342302512,world,cf231_leg,-2.5850086212158203,-1.6236690282821655,0.9562751054763794
1773049004,347414300,world,cf231,-2.5901076793670654,-1.6203645467758179,0.9704452753067017
1773049004,347414300,world,cf231_leg,-2.5851633548736572,-1.6237516403198242,0.9563345909118652
1773049004,352255767,world,cf231,-2.590183973312378,-1.6203657388687134,0.970473051071167
1773049004,352255767,world,cf231_leg,-2.585232973098755,-1.6238723993301392,0.9563943147659302
1773049004,357274449,world,cf231,-2.590094566345215,-1.6204103231430054,0.9705281257629395
1773049004,357274449,world,cf231_leg,-2.5851852893829346,-1.623811960220337,0.9562777280807495
1773049004,362495120,world,cf231,-2.589984893798828,-1.6203399896621704,0.97040855884552
1773049004,362495120,world,cf231_leg,-2.5851356983184814,-1.6237596273422241,0.9562278985977173
1773049004,367442806,world,cf231,-2.590083599090576,-1.6204074621200562,0.9704092741012573
1773049004,367442806,world,cf231_leg,-2.585176944732666,-1.6238588094711304,0.9563288688659668
1773049004,373114033,world,cf231,-2.5900719165802,-1.6202994585037231,0.9703963994979858
1773049004,373114033,world,cf231_leg,-2.5852787494659424,-1.6238462924957275,0.9562102556228638
1773049004,377433464,world,cf231,-2.5900471210479736,-1.6203480958938599,0.97039794921875
1773049004,377433464,world,cf231_leg,-2.5852835178375244,-1.6238833665847778,0.9562870264053345
1773049004,382100371,world,cf231,-2.5900468826293945,-1.620344638824463,0.9703811407089233
1773049004,382100371,world,cf231_leg,-2.5853612422943115,-1.6239193677902222,0.9561740159988403
1773049004,387217808,world,cf231,-2.589911937713623,-1.6202179193496704,0.9703693389892578
1773049004,387217808,world,cf231_leg,-2.585254192352295,-1.6238971948623657,0.9562318325042725
1773049004,392129907,world,cf231,-2.5900402069091797,-1.620434284210205,0.9703309535980225
1773049004,392129907,world,cf231_leg,-2.5853121280670166,-1.6238677501678467,0.9561221599578857
1773049004,397205398,world,cf231,-2.589996099472046,-1.620295524597168,0.9703493118286133
1773049004,397205398,world,cf231_leg,-2.585383892059326,-1.6239882707595825,0.956159234046936
1773049004,402349840,world,cf231,-2.5899806022644043,-1.6202601194381714,0.9701727628707886
1773049004,402349840,world,cf231_leg,-2.5854077339172363,-1.6239365339279175,0.9561408758163452
1773049004,407324128,world,cf231,-2.5898993015289307,-1.6202199459075928,0.9702903032302856
1773049004,407324128,world,cf231_leg,-2.5854334831237793,-1.6240397691726685,0.9559855461120605
1773049004,413146936,world,cf231,-2.589843273162842,-1.6202452182769775,0.9701169729232788
1773049004,413146936,world,cf231_leg,-2.5854291915893555,-1.6240062713623047,0.956146240234375
1773049004,417276589,world,cf231,-2.589780569076538,-1.6202365159988403,0.9701290130615234
1773049004,417276589,world,cf231_leg,-2.5854694843292236,-1.6239397525787354,0.9558725357055664
1773049004,422405229,world,cf231,-2.5898020267486572,-1.6203086376190186,0.9701393842697144
1773049004,422405229,world,cf231_leg,-2.585416316986084,-1.6240055561065674,0.9558354616165161
1773049004,427165942,world,cf231,-2.589815616607666,-1.6202569007873535,0.9700192213058472
1773049004,427165942,world,cf231_leg,-2.585540533065796,-1.6240644454956055,0.9559431076049805
1773049004,432621379,world,cf231,-2.589740514755249,-1.6202914714813232,0.9700943231582642
1773049004,432621379,world,cf231_leg,-2.5855367183685303,-1.6240235567092896,0.9558320045471191
1773049004,437294549,world,cf231,-2.589651107788086,-1.6202985048294067,0.9700244665145874
1773049004,437294549,world,cf231_leg,-2.5855484008789062,-1.6239806413650513,0.9559932947158813
1773049004,442277526,world,cf231,-2.589542865753174,-1.620105266571045,0.9698992967605591
1773049004,442277526,world,cf231_leg,-2.585557222366333,-1.6239336729049683,0.9557161331176758
1773049004,448043559,world,cf231,-2.5896155834198,-1.6202335357666016,0.9699753522872925
1773049004,448043559,world,cf231_leg,-2.585608720779419,-1.6239852905273438,0.9557443857192993
1773049004,453163564,world,cf231,-2.5896027088165283,-1.6202385425567627,0.9699150323867798
1773049004,453163564,world,cf231_leg,-2.5857017040252686,-1.6240161657333374,0.955665111541748
1773049004,457559314,world,cf231,-2.589587450027466,-1.6202443838119507,0.9698799848556519
1773049004,457559314,world,cf231_leg,-2.5856575965881348,-1.6240358352661133,0.9555739164352417
1773049004,463130265,world,cf231,-2.5895273685455322,-1.62022864818573,0.969831109046936
1773049004,463130265,world,cf231_leg,-2.5857019424438477,-1.6240190267562866,0.9556792974472046
1773049004,467816681,world,cf231,-2.589463472366333,-1.620225191116333,0.9698823690414429
1773049004,467816681,world,cf231_leg,-2.585744857788086,-1.6239924430847168,0.9555203914642334
1773049004,473107411,world,cf231,-2.589451313018799,-1.6202247142791748,0.9697839021682739
1773049004,473107411,world,cf231_leg,-2.585779905319214,-1.6240558624267578,0.9555637836456299
1773049004,477440275,world,cf231,-2.589512586593628,-1.6202385425567627,0.9698110818862915
1773049004,477440275,world,cf231_leg,-2.585850477218628,-1.624021291732788,0.9555115699768066
1773049004,482241806,world,cf231,-2.589582681655884,-1.6203198432922363,0.9697352647781372
1773049004,482241806,world,cf231_leg,-2.585690498352051,-1.6238983869552612,0.9553624391555786
1773049004,488126164,world,cf231,-2.5894715785980225,-1.620251178741455,0.9696379899978638
1773049004,488126164,world,cf231_leg,-2.585829019546509,-1.6239486932754517,0.9554915428161621
1773049004,492321511,world,cf231,-2.5894479751586914,-1.6201868057250977,0.9696873426437378
1773049004,492321511,world,cf231_leg,-2.5859129428863525,-1.623864769935608,0.955325722694397
1773049004,504126733,world,cf231,-2.5893943309783936,-1.6202491521835327,0.9696128368377686
1773049004,504126733,world,cf231_leg,-2.585953950881958,-1.6240028142929077,0.9553420543670654
1773049004,504284430,world,cf231,-2.5895042419433594,-1.6202753782272339,0.9695717096328735
1773049004,504284430,world,cf231_leg,-2.5859572887420654,-1.6238843202590942,0.9553310871124268
1773049004,507120481,world,cf231,-2.589580774307251,-1.6202800273895264,0.9696167707443237
1773049004,507120481,world,cf231_leg,-2.585982322692871,-1.6238290071487427,0.9552772045135498
1773049004,512284768,world,cf231,-2.5894789695739746,-1.6201715469360352,0.9695017337799072
1773049004,512284768,world,cf231_leg,-2.586042881011963,-1.6238396167755127,0.9552819728851318
1773049004,517296153,world,cf231,-2.5894436836242676,-1.6201066970825195,0.969451904296875
1773049004,517296153,world,cf231_leg,-2.5860390663146973,-1.6238007545471191,0.9551875591278076
1773049004,522375773,world,cf231,-2.589477300643921,-1.6202844381332397,0.9694547653198242
1773049004,522375773,world,cf231_leg,-2.586050510406494,-1.6237519979476929,0.9550951719284058
1773049004,527320512,world,cf231,-2.589431047439575,-1.6201057434082031,0.9693546295166016
1773049004,527320512,world,cf231_leg,-2.58612060546875,-1.623719573020935,0.9550594091415405
1773049004,533162136,world,cf231,-2.589529037475586,-1.6201790571212769,0.9693925380706787
1773049004,533162136,world,cf231_leg,-2.5862059593200684,-1.6238330602645874,0.9551360607147217
1773049004,537370431,world,cf231,-2.5895767211914062,-1.6201969385147095,0.9693628549575806
1773049004,537370431,world,cf231_leg,-2.586196184158325,-1.6236034631729126,0.9550973176956177
1773049004,542083896,world,cf231,-2.5895252227783203,-1.6201437711715698,0.9693155288696289
1773049004,542083896,world,cf231_leg,-2.586315393447876,-1.6237413883209229,0.9550995826721191
1773049004,547275982,world,cf231,-2.5895659923553467,-1.620082974433899,0.9693127870559692
1773049004,547275982,world,cf231_leg,-2.5863122940063477,-1.6236984729766846,0.9549717903137207
1773049004,552301076,world,cf231,-2.589538097381592,-1.6200944185256958,0.9692161083221436
1773049004,552301076,world,cf231_leg,-2.586325168609619,-1.6235346794128418,0.954904317855835
1773049004,557401747,world,cf231,-2.5895657539367676,-1.620038628578186,0.9691535234451294
1773049004,557401747,world,cf231_leg,-2.586311101913452,-1.6235411167144775,0.9548664093017578
1773049004,563073600,world,cf231,-2.589709758758545,-1.6201316118240356,0.9691834449768066
1773049004,563073600,world,cf231_leg,-2.5864381790161133,-1.6234790086746216,0.9549481868743896
1773049004,567377781,world,cf231,-2.5897092819213867,-1.620131254196167,0.9691848754882812
1773049004,567377781,world,cf231_leg,-2.5862927436828613,-1.6233525276184082,0.9548506736755371
1773049004,572251043,world,cf231,-2.5895512104034424,-1.6198862791061401,0.9690078496932983
1773049004,572251043,world,cf231_leg,-2.586451292037964,-1.6234710216522217,0.9547650814056396
1773049004,577095320,world,cf231,-2.589649200439453,-1.6199595928192139,0.9690459966659546
1773049004,577095320,world,cf231_leg,-2.586432456970215,-1.6232821941375732,0.9547504186630249
1773049004,584267647,world,cf231,-2.5897510051727295,-1.619909405708313,0.969052791595459
1773049004,584267647,world,cf231_leg,-2.586515426635742,-1.6233583688735962,0.9547276496887207
1773049004,587367502,world,cf231,-2.5898232460021973,-1.6198750734329224,0.9690043926239014
1773049004,587367502,world,cf231_leg,-2.58652663230896,-1.6233092546463013,0.9546364545822144
1773049004,592273908,world,cf231,-2.589812755584717,-1.6197612285614014,0.9689542055130005
1773049004,592273908,world,cf231_leg,-2.5865132808685303,-1.623044490814209,0.954740047454834
1773049004,597132674,world,cf231,-2.5898754596710205,-1.6197667121887207,0.9689239263534546
1773049004,597132674,world,cf231_leg,-2.5866873264312744,-1.6231529712677002,0.9546571969985962
1773049004,602232012,world,cf231,-2.5897629261016846,-1.6197031736373901,0.9688667058944702
1773049004,602232012,world,cf231_leg,-2.5866734981536865,-1.623159408569336,0.9546194076538086
1773049004,607406217,world,cf231,-2.5898287296295166,-1.619590401649475,0.9688444137573242
1773049004,607406217,world,cf231_leg,-2.586721658706665,-1.623056411743164,0.9545806646347046
1773049004,612309268,world,cf231,-2.5900754928588867,-1.619631052017212,0.9688607454299927
1773049004,612309268,world,cf231_leg,-2.5866832733154297,-1.6229525804519653,0.954424262046814
1773049004,619006848,world,cf231,-2.5900938510894775,-1.6195034980773926,0.9688863754272461
1773049004,619006848,world,cf231_leg,-2.586763858795166,-1.6228759288787842,0.9545540809631348
1773049004,622303127,world,cf231,-2.5901808738708496,-1.6194629669189453,0.9688742160797119
1773049004,622303127,world,cf231_leg,-2.5868210792541504,-1.6228457689285278,0.9544475078582764
1773049004,627211655,world,cf231,-2.5901803970336914,-1.6194626092910767,0.968875527381897
1773049004,627211655,world,cf231_leg,-2.586930513381958,-1.622796893119812,0.9545636177062988
1773049004,632798805,world,cf231,-2.590123176574707,-1.6191725730895996,0.9687451124191284
1773049004,632798805,world,cf231_leg,-2.5870296955108643,-1.6228612661361694,0.9545252323150635
1773049004,637653123,world,cf231,-2.5903360843658447,-1.61919105052948,0.9688493013381958
1773049004,637653123,world,cf231_leg,-2.587075710296631,-1.6225999593734741,0.9543848037719727
1773049004,643098641,world,cf231,-2.5903234481811523,-1.6190372705459595,0.9686810970306396
1773049004,643098641,world,cf231_leg,-2.586984395980835,-1.6225645542144775,0.954206109046936
1773049004,647185436,world,cf231,-2.590365409851074,-1.6188628673553467,0.9687269926071167
1773049004,647185436,world,cf231_leg,-2.587191104888916,-1.6224249601364136,0.9544205665588379
1773049004,652098212,world,cf231,-2.590402126312256,-1.618922472000122,0.9687376022338867
1773049004,652098212,world,cf231_leg,-2.587247848510742,-1.6223968267440796,0.954330325126648
1773049004,657418375,world,cf231,-2.5904181003570557,-1.6187520027160645,0.9686270952224731
1773049004,657418375,world,cf231_leg,-2.5873372554779053,-1.622389793395996,0.9541540145874023
1773049004,662372217,world,cf231,-2.590628147125244,-1.618735909461975,0.9686520099639893
1773049004,662372217,world,cf231_leg,-2.587564468383789,-1.6223217248916626,0.9543921947479248
1773049004,668191943,world,cf231,-2.590747356414795,-1.6185604333877563,0.968705415725708
1773049004,668191943,world,cf231_leg,-2.587519884109497,-1.6223009824752808,0.9541645050048828
1773049004,672087209,world,cf231,-2.590794324874878,-1.6185811758041382,0.9686949253082275
1773049004,672087209,world,cf231_leg,-2.58766508102417,-1.6222680807113647,0.9541401863098145
1773049004,677278539,world,cf231,-2.5907626152038574,-1.6183888912200928,0.9685980081558228
1773049004,677278539,world,cf231_leg,-2.5877177715301514,-1.622201919555664,0.9541784524917603
1773049004,682298573,world,cf231,-2.5908143520355225,-1.6182866096496582,0.9685544967651367
1773049004,682298573,world,cf231_leg,-2.587979793548584,-1.6220382452011108,0.954337477684021
1773049004,687264493,world,cf231,-2.5908427238464355,-1.6181167364120483,0.9685420989990234
1773049004,687264493,world,cf231_leg,-2.587996006011963,-1.6219758987426758,0.954123854637146
1773049004,692151020,world,cf231,-2.5909814834594727,-1.6179702281951904,0.9684702157974243
1773049004,692151020,world,cf231_leg,-2.5881917476654053,-1.6218825578689575,0.9541901350021362
1773049004,698110823,world,cf231,-2.5911917686462402,-1.6181104183197021,0.9685834646224976
1773049004,698110823,world,cf231_leg,-2.5882415771484375,-1.6217786073684692,0.954131007194519
1773049004,702458098,world,cf231,-2.5911848545074463,-1.6178725957870483,0.968503475189209
1773049004,702458098,world,cf231_leg,-2.588390827178955,-1.6217845678329468,0.9542007446289062
1773049004,707373239,world,cf231,-2.591236114501953,-1.6177729368209839,0.9684797525405884
1773049004,707373239,world,cf231_leg,-2.5883989334106445,-1.6215418577194214,0.9541269540786743
1773049004,713487428,world,cf231,-2.5913500785827637,-1.6176756620407104,0.9684076309204102
1773049004,713487428,world,cf231_leg,-2.588456630706787,-1.6215097904205322,0.954002857208252
1773049004,717470169,world,cf231,-2.591540575027466,-1.6176273822784424,0.9685405492782593
1773049004,717470169,world,cf231_leg,-2.5886030197143555,-1.6213666200637817,0.954034686088562
1773049004,722346950,world,cf231,-2.591618061065674,-1.617470622062683,0.9684580564498901
1773049004,722346950,world,cf231_leg,-2.588616371154785,-1.6212007999420166,0.9539506435394287
1773049004,727380438,world,cf231,-2.5917060375213623,-1.6174275875091553,0.9684258699417114
1773049004,727380438,world,cf231_leg,-2.588620662689209,-1.6210808753967285,0.9539207220077515
1773049004,733112432,world,cf231,-2.591625690460205,-1.617226004600525,0.9684159755706787
1773049004,733112432,world,cf231_leg,-2.588780641555786,-1.621039867401123,0.9539159536361694
1773049004,737386152,world,cf231,-2.591641902923584,-1.6170583963394165,0.9683243036270142
1773049004,737386152,world,cf231_leg,-2.5887115001678467,-1.620798110961914,0.9538540840148926
1773049004,742491876,world,cf231,-2.59177303314209,-1.616835594177246,0.968299388885498
1773049004,742491876,world,cf231_leg,-2.588940382003784,-1.6207290887832642,0.9540719985961914
1773049004,747278867,world,cf231,-2.5919344425201416,-1.6165941953659058,0.9683104753494263
1773049004,747278867,world,cf231_leg,-2.588921070098877,-1.6205389499664307,0.95383620262146
1773049004,752369581,world,cf231,-2.5920815467834473,-1.6165696382522583,0.9683480262756348
1773049004,752369581,world,cf231_leg,-2.5889718532562256,-1.6202751398086548,0.953858494758606
1773049004,757456425,world,cf231,-2.592074394226074,-1.616337776184082,0.9683046340942383
1773049004,757456425,world,cf231_leg,-2.588998794555664,-1.6202603578567505,0.9537147283554077
1773049004,763079766,world,cf231,-2.5922160148620605,-1.6162289381027222,0.9683303833007812
1773049004,763079766,world,cf231_leg,-2.5891056060791016,-1.6201320886611938,0.9538028240203857
1773049004,768133962,world,cf231,-2.592428207397461,-1.6160491704940796,0.9682071208953857
1773049004,768133962,world,cf231_leg,-2.5891358852386475,-1.6198358535766602,0.9537167549133301
1773049004,772312713,world,cf231,-2.592580795288086,-1.6158989667892456,0.9681919813156128
1773049004,772312713,world,cf231_leg,-2.589308738708496,-1.6197947263717651,0.9537993669509888
1773049004,777479532,world,cf231,-2.592698097229004,-1.6156833171844482,0.9681283235549927
1773049004,777479532,world,cf231_leg,-2.5894904136657715,-1.6197024583816528,0.9537985324859619
1773049004,782361483,world,cf231,-2.592679023742676,-1.6154441833496094,0.9679516553878784
1773049004,782361483,world,cf231_leg,-2.589487314224243,-1.6195428371429443,0.9537010192871094
1773049004,787239509,world,cf231,-2.592841386795044,-1.6154134273529053,0.9680248498916626
1773049004,787239509,world,cf231_leg,-2.589599609375,-1.6194435358047485,0.9535955190658569
1773049004,792220666,world,cf231,-2.593034029006958,-1.6152048110961914,0.9680275917053223
1773049004,792220666,world,cf231_leg,-2.589702606201172,-1.6191095113754272,0.9534212350845337
1773049004,798104456,world,cf231,-2.5932700634002686,-1.6151411533355713,0.9680488109588623
1773049004,798104456,world,cf231_leg,-2.5898208618164062,-1.6191256046295166,0.9534246921539307
1773049004,802435382,world,cf231,-2.5934488773345947,-1.6149365901947021,0.9679938554763794
1773049004,802435382,world,cf231_leg,-2.5900561809539795,-1.618975281715393,0.9535064697265625
1773049004,807470223,world,cf231,-2.593552827835083,-1.6147288084030151,0.9678897857666016
1773049004,807470223,world,cf231_leg,-2.5901052951812744,-1.6188709735870361,0.953449010848999
1773049004,812385930,world,cf231,-2.5936241149902344,-1.6145347356796265,0.9679751396179199
1773049004,812385930,world,cf231_leg,-2.5902395248413086,-1.6187254190444946,0.953377366065979
1773049004,818349380,world,cf231,-2.5937178134918213,-1.6143498420715332,0.9678014516830444
1773049004,818349380,world,cf231_leg,-2.5904085636138916,-1.6186408996582031,0.9533346891403198
1773049004,822754390,world,cf231,-2.593919038772583,-1.614272952079773,0.9679667949676514
1773049004,822754390,world,cf231_leg,-2.590554714202881,-1.6186139583587646,0.9533379077911377
1773049004,827604632,world,cf231,-2.594087600708008,-1.6140974760055542,0.9678791761398315
1773049004,827604632,world,cf231_leg,-2.5907273292541504,-1.618567943572998,0.95339035987854
1773049004,832510083,world,cf231,-2.5942163467407227,-1.6139870882034302,0.9678095579147339
1773049004,832510083,world,cf231_leg,-2.5907175540924072,-1.6184568405151367,0.9533385038375854
1773049004,837458255,world,cf231,-2.5941505432128906,-1.613577961921692,0.967589259147644
1773049004,837458255,world,cf231_leg,-2.5908308029174805,-1.6182446479797363,0.9532750844955444
1773049004,842488286,world,cf231,-2.594283103942871,-1.6133978366851807,0.9677027463912964
1773049004,842488286,world,cf231_leg,-2.5908806324005127,-1.6181433200836182,0.9532310962677002
1773049004,847478609,world,cf231,-2.5945465564727783,-1.6132712364196777,0.967627763748169
1773049004,847478609,world,cf231_leg,-2.5910286903381348,-1.6179941892623901,0.9532120227813721
1773049004,852480930,world,cf231,-2.5946567058563232,-1.6129765510559082,0.9675925970077515
1773049004,852480930,world,cf231_leg,-2.5910935401916504,-1.6179249286651611,0.9533255100250244
1773049004,857477334,world,cf231,-2.594947576522827,-1.6128382682800293,0.9676159620285034
1773049004,857477334,world,cf231_leg,-2.5911214351654053,-1.6177101135253906,0.953126072883606
1773049004,862543145,world,cf231,-2.595015048980713,-1.6125710010528564,0.9675008058547974
1773049004,862543145,world,cf231_leg,-2.591183662414551,-1.6174465417861938,0.9530335664749146
1773049004,867608060,world,cf231,-2.5950942039489746,-1.612453579902649,0.9675384759902954
1773049004,867608060,world,cf231_leg,-2.5911691188812256,-1.6173330545425415,0.9530131816864014
1773049004,873203422,world,cf231,-2.5952956676483154,-1.612318992614746,0.9674733877182007
1773049004,873203422,world,cf231_leg,-2.5912728309631348,-1.6171613931655884,0.952974796295166
1773049004,877440471,world,cf231,-2.5955281257629395,-1.612149953842163,0.9673538208007812
1773049004,877440471,world,cf231_leg,-2.5912389755249023,-1.616825819015503,0.952850341796875
1773049004,882443163,world,cf231,-2.595707893371582,-1.611943006515503,0.9672789573669434
1773049004,882443163,world,cf231_leg,-2.591435432434082,-1.6167305707931519,0.9528999328613281
1773049004,887454591,world,cf231,-2.59572696685791,-1.6116565465927124,0.9671976566314697
1773049004,887454591,world,cf231_leg,-2.5913922786712646,-1.6164356470108032,0.9528001546859741
1773049004,892486058,world,cf231,-2.595820903778076,-1.6114877462387085,0.967113733291626
1773049004,892486058,world,cf231_leg,-2.591463088989258,-1.6162793636322021,0.9527484178543091
1773049004,897175986,world,cf231,-2.5960333347320557,-1.6115127801895142,0.9672551155090332
1773049004,897175986,world,cf231_leg,-2.5916566848754883,-1.6161409616470337,0.9526703357696533
1773049004,902433037,world,cf231,-2.59611439704895,-1.6112309694290161,0.9671465158462524
1773049004,902433037,world,cf231_leg,-2.591801881790161,-1.6161106824874878,0.9526617527008057
1773049004,907658992,world,cf231,-2.59623122215271,-1.6110146045684814,0.967085599899292
1773049004,907658992,world,cf231_leg,-2.5919055938720703,-1.615822196006775,0.9526541233062744
1773049004,912450636,world,cf231,-2.596360206604004,-1.6109206676483154,0.9671047925949097
1773049004,912450636,world,cf231_leg,-2.592036485671997,-1.6158004999160767,0.9526242017745972
1773049004,917358055,world,cf231,-2.596461534500122,-1.6108598709106445,0.9670615196228027
1773049004,917358055,world,cf231_leg,-2.592113971710205,-1.6155239343643188,0.952520489692688
1773049004,922446195,world,cf231,-2.5965521335601807,-1.6107113361358643,0.9671105146408081
1773049004,922446195,world,cf231_leg,-2.5922369956970215,-1.6154227256774902,0.9525096416473389
1773049004,927319292,world,cf231,-2.596733808517456,-1.610499382019043,0.9669958353042603
1773049004,927319292,world,cf231_leg,-2.592324733734131,-1.6154249906539917,0.9526228904724121
1773049004,932590575,world,cf231,-2.5969011783599854,-1.6103452444076538,0.9670383930206299
1773049004,932590575,world,cf231_leg,-2.59255051612854,-1.6153147220611572,0.9525070190429688
1773049004,940484434,world,cf231,-2.596968650817871,-1.6100810766220093,0.9669419527053833
1773049004,940484434,world,cf231_leg,-2.592540740966797,-1.6151982545852661,0.9524252414703369
1773049004,942398000,world,cf231,-2.5970842838287354,-1.6100165843963623,0.9669551849365234
1773049004,942398000,world,cf231_leg,-2.592642307281494,-1.6150346994400024,0.9524549245834351
1773049004,948279961,world,cf231,-2.5972156524658203,-1.6098036766052246,0.9669849872589111
1773049004,948279961,world,cf231_leg,-2.5926334857940674,-1.6148048639297485,0.9524166584014893
1773049004,952364716,world,cf231,-2.5972611904144287,-1.609466314315796,0.966881275177002
1773049004,952364716,world,cf231_leg,-2.592757225036621,-1.6147021055221558,0.9523874521255493
1773049004,957356075,world,cf231,-2.5975372791290283,-1.6095008850097656,0.9670089483261108
1773049004,957356075,world,cf231_leg,-2.5927488803863525,-1.6144728660583496,0.9523476362228394
1773049004,963093169,world,cf231,-2.597548246383667,-1.6090956926345825,0.96683669090271
1773049004,963093169,world,cf231_leg,-2.5927443504333496,-1.6141228675842285,0.9522804021835327
1773049004,967363949,world,cf231,-2.597687005996704,-1.6091053485870361,0.9668542146682739
1773049004,967363949,world,cf231_leg,-2.592881917953491,-1.6141326427459717,0.9522745609283447
1773049004,972555592,world,cf231,-2.597705364227295,-1.608824372291565,0.9668116569519043
1773049004,972555592,world,cf231_leg,-2.592858076095581,-1.613908290863037,0.9522013664245605
1773049004,979098850,world,cf231,-2.597740650177002,-1.6085262298583984,0.9667278528213501
1773049004,979098850,world,cf231_leg,-2.5929195880889893,-1.613757848739624,0.9520666599273682
1773049004,984574945,world,cf231,-2.5979788303375244,-1.608454704284668,0.9666913747787476
1773049004,984574945,world,cf231_leg,-2.592970132827759,-1.613537311553955,0.9520381689071655
1773049004,987202625,world,cf231,-2.5980610847473145,-1.608218789100647,0.9667385816574097
1773049004,987202625,world,cf231_leg,-2.5929973125457764,-1.613366961479187,0.9520096778869629
1773049004,992377777,world,cf231,-2.5980918407440186,-1.6080474853515625,0.9667035341262817
1773049004,992377777,world,cf231_leg,-2.5930395126342773,-1.6131885051727295,0.9520008563995361
1773049004,997238348,world,cf231,-2.598156452178955,-1.6079363822937012,0.9667048454284668
1773049004,997238348,world,cf231_leg,-2.5931358337402344,-1.6129844188690186,0.9519413709640503
1773049005,2309937,world,cf231,-2.598181962966919,-1.607722520828247,0.9667989015579224
1773049005,2309937,world,cf231_leg,-2.5931735038757324,-1.6127688884735107,0.9518561363220215
1773049005,7489723,world,cf231,-2.59824800491333,-1.6074532270431519,0.9666904211044312
1773049005,7489723,world,cf231_leg,-2.593353033065796,-1.6126456260681152,0.9520094394683838
1773049005,12400913,world,cf231,-2.5983755588531494,-1.6073545217514038,0.966697096824646
1773049005,12400913,world,cf231_leg,-2.5933053493499756,-1.612467646598816,0.9519249200820923
1773049005,17369516,world,cf231,-2.5984199047088623,-1.6071722507476807,0.9666849374771118
1773049005,17369516,world,cf231_leg,-2.5934038162231445,-1.6122630834579468,0.9518438577651978
1773049005,22431572,world,cf231,-2.5983049869537354,-1.6068735122680664,0.9665381908416748
1773049005,22431572,world,cf231_leg,-2.593346357345581,-1.612130880355835,0.9518139362335205
1773049005,28150826,world,cf231,-2.598356246948242,-1.6067705154418945,0.9664976596832275
1773049005,28150826,world,cf231_leg,-2.593514919281006,-1.6120532751083374,0.9518201351165771
1773049005,32397673,world,cf231,-2.598536968231201,-1.6066087484359741,0.9665817022323608
1773049005,32397673,world,cf231_leg,-2.5935795307159424,-1.6119384765625,0.9517666101455688
1773049005,37586002,world,cf231,-2.598578691482544,-1.606388807296753,0.9664723873138428
1773049005,37586002,world,cf231_leg,-2.593677043914795,-1.611894965171814,0.9518259763717651
1773049005,43198875,world,cf231,-2.598670244216919,-1.6062308549880981,0.9664671421051025
1773049005,43198875,world,cf231_leg,-2.5938587188720703,-1.6116546392440796,0.951987624168396
1773049005,47582479,world,cf231,-2.598649501800537,-1.6060057878494263,0.9663867950439453
1773049005,47582479,world,cf231_leg,-2.5938150882720947,-1.6115158796310425,0.9519964456558228
1773049005,52300558,world,cf231,-2.598714828491211,-1.6057333946228027,0.9664994478225708
1773049005,52300558,world,cf231_leg,-2.5940682888031006,-1.6114013195037842,0.9522260427474976
1773049005,57450791,world,cf231,-2.5987231731414795,-1.6056569814682007,0.9663807153701782
1773049005,57450791,world,cf231_leg,-2.5939390659332275,-1.6111079454421997,0.9520230293273926
1773049005,62542888,world,cf231,-2.5988409519195557,-1.6054446697235107,0.9663361310958862
1773049005,62542888,world,cf231_leg,-2.594132423400879,-1.6111339330673218,0.9520992040634155
1773049005,68113568,world,cf231,-2.5990090370178223,-1.6051642894744873,0.966596245765686
1773049005,68113568,world,cf231_leg,-2.594057083129883,-1.6108181476593018,0.9520847797393799
1773049005,72417110,world,cf231,-2.5989627838134766,-1.6049844026565552,0.9664995670318604
1773049005,72417110,world,cf231_leg,-2.593989849090576,-1.6105769872665405,0.952019453048706
1773049005,78053899,world,cf231,-2.598973274230957,-1.6047381162643433,0.9664348363876343
1773049005,78053899,world,cf231_leg,-2.594067335128784,-1.610459566116333,0.9520387649536133
1773049005,82277373,world,cf231,-2.5990042686462402,-1.6046018600463867,0.966505765914917
1773049005,82277373,world,cf231_leg,-2.593998670578003,-1.6102198362350464,0.9519931077957153
1773049005,87520231,world,cf231,-2.5991933345794678,-1.6045174598693848,0.9665393829345703
1773049005,87520231,world,cf231_leg,-2.5940890312194824,-1.61005699634552,0.951932430267334
1773049005,92380143,world,cf231,-2.599334955215454,-1.6044148206710815,0.96660315990448
1773049005,92380143,world,cf231_leg,-2.5940792560577393,-1.6098300218582153,0.9521349668502808
1773049005,97484834,world,cf231,-2.5993287563323975,-1.604179859161377,0.9665422439575195
1773049005,97484834,world,cf231_leg,-2.594092607498169,-1.609665870666504,0.9520690441131592
1773049005,102318322,world,cf231,-2.5992846488952637,-1.604036569595337,0.9665459394454956
1773049005,102318322,world,cf231_leg,-2.594024896621704,-1.609424114227295,0.9520058631896973
1773049005,107979888,world,cf231,-2.5992166996002197,-1.6037904024124146,0.966476321220398
1773049005,107979888,world,cf231_leg,-2.5940139293670654,-1.6093112230300903,0.9519597291946411
1773049005,112264139,world,cf231,-2.5992343425750732,-1.6036618947982788,0.9665058851242065
1773049005,112264139,world,cf231_leg,-2.5939228534698486,-1.6090025901794434,0.9519284963607788
1773049005,117534256,world,cf231,-2.5994131565093994,-1.6036198139190674,0.966577410697937
1773049005,117534256,world,cf231_leg,-2.5939695835113525,-1.6089030504226685,0.9519263505935669
1773049005,122352940,world,cf231,-2.599421977996826,-1.603381872177124,0.9665710926055908
1773049005,122352940,world,cf231_leg,-2.5939648151397705,-1.6087043285369873,0.9519369602203369
1773049005,127419724,world,cf231,-2.5993692874908447,-1.6031296253204346,0.9665372371673584
1773049005,127419724,world,cf231_leg,-2.5939319133758545,-1.6085258722305298,0.9519184827804565
1773049005,132477924,world,cf231,-2.599409341812134,-1.6030713319778442,0.9665554761886597
1773049005,132477924,world,cf231_leg,-2.5939338207244873,-1.6084030866622925,0.9518980979919434
1773049005,137426767,world,cf231,-2.5993921756744385,-1.6028879880905151,0.9665879011154175
1773049005,137426767,world,cf231_leg,-2.5939764976501465,-1.6082327365875244,0.951933741569519
1773049005,142223399,world,cf231,-2.5993826389312744,-1.6027741432189941,0.9665371179580688
1773049005,142223399,world,cf231_leg,-2.5939524173736572,-1.608162522315979,0.9519529342651367
1773049005,147452657,world,cf231,-2.5993545055389404,-1.6024725437164307,0.9665045738220215
1773049005,147452657,world,cf231_leg,-2.594017505645752,-1.608055591583252,0.9519443511962891
1773049005,152389306,world,cf231,-2.5993967056274414,-1.6024547815322876,0.9666390419006348
1773049005,152389306,world,cf231_leg,-2.593954563140869,-1.6078904867172241,0.9518721103668213
1773049005,157497424,world,cf231,-2.5992395877838135,-1.602211833000183,0.9664815664291382
1773049005,157497424,world,cf231_leg,-2.5939481258392334,-1.607814908027649,0.9519014358520508
1773049005,162428468,world,cf231,-2.599188804626465,-1.6019964218139648,0.966547966003418
1773049005,162428468,world,cf231_leg,-2.593998432159424,-1.6075940132141113,0.9518746137619019
1773049005,167458494,world,cf231,-2.59914231300354,-1.6018192768096924,0.9664702415466309
1773049005,167458494,world,cf231_leg,-2.5939786434173584,-1.6075278520584106,0.9518800973892212
1773049005,173236524,world,cf231,-2.599193572998047,-1.6017225980758667,0.9664658308029175
1773049005,173236524,world,cf231_leg,-2.5939478874206543,-1.6073869466781616,0.9519602060317993
1773049005,177416841,world,cf231,-2.599152088165283,-1.601578712463379,0.966443657875061
1773049005,177416841,world,cf231_leg,-2.593956232070923,-1.607148289680481,0.9519206285476685
1773049005,182415888,world,cf231,-2.5990514755249023,-1.6013081073760986,0.9664405584335327
1773049005,182415888,world,cf231_leg,-2.5939159393310547,-1.6070494651794434,0.9518179893493652
1773049005,187416767,world,cf231,-2.599066972732544,-1.6011838912963867,0.9665125608444214
1773049005,187416767,world,cf231_leg,-2.5939581394195557,-1.6068706512451172,0.9518098831176758
1773049005,193141507,world,cf231,-2.5988831520080566,-1.6008257865905762,0.9664746522903442
1773049005,193141507,world,cf231_leg,-2.5937702655792236,-1.606610894203186,0.9517480134963989
1773049005,197327789,world,cf231,-2.5988962650299072,-1.6006710529327393,0.9664829969406128
1773049005,197327789,world,cf231_leg,-2.593796968460083,-1.6064372062683105,0.9517068862915039
1773049005,202282662,world,cf231,-2.598900556564331,-1.600540041923523,0.9664187431335449
1773049005,202282662,world,cf231_leg,-2.593740701675415,-1.6063135862350464,0.9517198801040649
1773049005,207316991,world,cf231,-2.5988779067993164,-1.6004762649536133,0.966465950012207
1773049005,207316991,world,cf231_leg,-2.5936508178710938,-1.605997920036316,0.9516395330429077
1773049005,212275807,world,cf231,-2.598784923553467,-1.600281834602356,0.9664156436920166
1773049005,212275807,world,cf231_leg,-2.5936810970306396,-1.605987787246704,0.9517070055007935
1773049005,217250664,world,cf231,-2.598691701889038,-1.6000839471817017,0.9663474559783936
1773049005,217250664,world,cf231_leg,-2.5937135219573975,-1.605893850326538,0.951669454574585
1773049005,222556650,world,cf231,-2.598606824874878,-1.5998516082763672,0.9663009643554688
1773049005,222556650,world,cf231_leg,-2.5935487747192383,-1.6055787801742554,0.951576828956604
1773049005,227363557,world,cf231,-2.5986008644104004,-1.599766492843628,0.9662919044494629
1773049005,227363557,world,cf231_leg,-2.5935757160186768,-1.6054102182388306,0.9515661001205444
1773049005,232437948,world,cf231,-2.5985145568847656,-1.599696397781372,0.9663712978363037
1773049005,232437948,world,cf231_leg,-2.5934693813323975,-1.605223298072815,0.951469898223877
1773049005,237347340,world,cf231,-2.5983572006225586,-1.5994563102722168,0.9662317037582397
1773049005,237347340,world,cf231_leg,-2.5934255123138428,-1.6050891876220703,0.9515100717544556
1773049005,242339247,world,cf231,-2.598252058029175,-1.5993026494979858,0.966223955154419
1773049005,242339247,world,cf231_leg,-2.5934033393859863,-1.6050207614898682,0.9515235424041748
1773049005,248289968,world,cf231,-2.5982329845428467,-1.5991790294647217,0.966509222984314
1773049005,248289968,world,cf231_leg,-2.5934088230133057,-1.604784607887268,0.9515225887298584
1773049005,252268011,world,cf231,-2.5980968475341797,-1.5990082025527954,0.966361403465271
1773049005,252268011,world,cf231_leg,-2.593362808227539,-1.604767918586731,0.9515538215637207
1773049005,260876604,world,cf231,-2.59804630279541,-1.5987898111343384,0.9664088487625122
1773049005,260876604,world,cf231_leg,-2.5933656692504883,-1.6046488285064697,0.951545000076294
1773049005,262263015,world,cf231,-2.5979244709014893,-1.598657250404358,0.9664580821990967
1773049005,262263015,world,cf231_leg,-2.593268632888794,-1.6044155359268188,0.9513953924179077
1773049005,269115925,world,cf231,-2.5976943969726562,-1.5984445810317993,0.9663307666778564
1773049005,269115925,world,cf231_leg,-2.5932960510253906,-1.6044048070907593,0.9514884948730469
1773049005,272371897,world,cf231,-2.597627639770508,-1.5982444286346436,0.9664162397384644
1773049005,272371897,world,cf231_leg,-2.593273401260376,-1.6041808128356934,0.9514137506484985
1773049005,277417119,world,cf231,-2.5976054668426514,-1.5981776714324951,0.9664450883865356
1773049005,277417119,world,cf231_leg,-2.5931313037872314,-1.6040948629379272,0.9514265060424805
1773049005,284079707,world,cf231,-2.5974857807159424,-1.5980308055877686,0.9663984775543213
1773049005,284079707,world,cf231_leg,-2.593264579772949,-1.6041107177734375,0.9514967203140259
1773049005,288254594,world,cf231,-2.5973689556121826,-1.5977743864059448,0.9664169549942017
1773049005,288254594,world,cf231_leg,-2.5931878089904785,-1.6037944555282593,0.9517097473144531
1773049005,292494649,world,cf231,-2.597231388092041,-1.5977559089660645,0.966341495513916
1773049005,292494649,world,cf231_leg,-2.593174457550049,-1.603804111480713,0.9516844749450684
1773049005,297364652,world,cf231,-2.5971508026123047,-1.5975627899169922,0.9663877487182617
1773049005,297364652,world,cf231_leg,-2.593228578567505,-1.6036193370819092,0.9517372846603394
1773049005,302455620,world,cf231,-2.5971150398254395,-1.597500205039978,0.9663577079772949
1773049005,302455620,world,cf231_leg,-2.5932767391204834,-1.6036758422851562,0.9518216848373413
1773049005,307506305,world,cf231,-2.5971322059631348,-1.597377896308899,0.9664242267608643
1773049005,307506305,world,cf231_leg,-2.5931639671325684,-1.6034208536148071,0.951801061630249
1773049005,312399826,world,cf231,-2.5969884395599365,-1.5971786975860596,0.9665014743804932
1773049005,312399826,world,cf231_leg,-2.593153715133667,-1.6033062934875488,0.9517366886138916
1773049005,318183165,world,cf231,-2.596892833709717,-1.5970935821533203,0.9663853645324707
1773049005,318183165,world,cf231_leg,-2.593172073364258,-1.6031845808029175,0.9517769813537598
1773049005,322527142,world,cf231,-2.596806287765503,-1.5970263481140137,0.9664838314056396
1773049005,322527142,world,cf231_leg,-2.593013048171997,-1.6030614376068115,0.9516245126724243
1773049005,327387252,world,cf231,-2.596702814102173,-1.596717119216919,0.9663844108581543
1773049005,327387252,world,cf231_leg,-2.592942714691162,-1.602823257446289,0.9518229961395264
1773049005,332395857,world,cf231,-2.596752882003784,-1.5967729091644287,0.9664528369903564
1773049005,332395857,world,cf231_leg,-2.5928995609283447,-1.6026467084884644,0.9517085552215576
1773049005,337452914,world,cf231,-2.5965733528137207,-1.5964593887329102,0.9663057327270508
1773049005,337452914,world,cf231_leg,-2.5929243564605713,-1.6025981903076172,0.9517033100128174
1773049005,343185971,world,cf231,-2.5964014530181885,-1.5964183807373047,0.9663189649581909
1773049005,343185971,world,cf231_leg,-2.592899799346924,-1.6023749113082886,0.9516499042510986
1773049005,347501485,world,cf231,-2.5963337421417236,-1.5962235927581787,0.9664434194564819
1773049005,347501485,world,cf231_leg,-2.5928211212158203,-1.602332592010498,0.9517349004745483
1773049005,352405316,world,cf231,-2.5962576866149902,-1.5962191820144653,0.9663956165313721
1773049005,352405316,world,cf231_leg,-2.592752456665039,-1.602091908454895,0.9516909122467041
1773049005,357432959,world,cf231,-2.5961787700653076,-1.5960111618041992,0.9663476943969727
1773049005,357432959,world,cf231_leg,-2.5927047729492188,-1.6020383834838867,0.9516202211380005
1773049005,364206536,world,cf231,-2.596167802810669,-1.5959060192108154,0.9663540124893188
1773049005,364206536,world,cf231_leg,-2.592625617980957,-1.6018403768539429,0.9516172409057617
1773049005,367249635,world,cf231,-2.596008539199829,-1.59581458568573,0.9662696123123169
1773049005,367249635,world,cf231_leg,-2.5926151275634766,-1.601727843284607,0.9515694379806519
1773049005,372387324,world,cf231,-2.5959243774414062,-1.5957363843917847,0.966289758682251
1773049005,372387324,world,cf231_leg,-2.592434883117676,-1.6015344858169556,0.9514116048812866
1773049005,378267223,world,cf231,-2.5958406925201416,-1.5956521034240723,0.9662724733352661
1773049005,378267223,world,cf231_leg,-2.5924596786499023,-1.6015264987945557,0.9515440464019775
1773049005,382449128,world,cf231,-2.5959062576293945,-1.5955485105514526,0.9663071632385254
1773049005,382449128,world,cf231_leg,-2.5924625396728516,-1.6012494564056396,0.9514305591583252
1773049005,387475395,world,cf231,-2.595794439315796,-1.5954782962799072,0.9662113189697266
1773049005,387475395,world,cf231_leg,-2.592416763305664,-1.6012330055236816,0.9514610767364502
1773049005,393157401,world,cf231,-2.595674514770508,-1.5953342914581299,0.9661831855773926
1773049005,393157401,world,cf231_leg,-2.5922939777374268,-1.6010524034500122,0.9513496160507202
1773049005,398216382,world,cf231,-2.5956385135650635,-1.5952746868133545,0.9661725759506226
1773049005,398216382,world,cf231_leg,-2.5923352241516113,-1.6008720397949219,0.9513463973999023
1773049005,402568375,world,cf231,-2.595562219619751,-1.5952703952789307,0.9661245346069336
1773049005,402568375,world,cf231_leg,-2.5921790599823,-1.6007899045944214,0.9513052701950073
1773049005,407394906,world,cf231,-2.595496654510498,-1.59506094455719,0.9661538600921631
1773049005,407394906,world,cf231_leg,-2.592294931411743,-1.6007364988327026,0.9513440132141113
1773049005,412663222,world,cf231,-2.5955586433410645,-1.5950721502304077,0.966162919998169
1773049005,412663222,world,cf231_leg,-2.5921456813812256,-1.6006078720092773,0.9512736797332764
1773049005,417387497,world,cf231,-2.5955092906951904,-1.5950106382369995,0.9660561084747314
1773049005,417387497,world,cf231_leg,-2.592118740081787,-1.6005045175552368,0.951225996017456
1773049005,422269007,world,cf231,-2.595353364944458,-1.5948070287704468,0.9660171270370483
1773049005,422269007,world,cf231_leg,-2.5921123027801514,-1.6004287004470825,0.9512567520141602
1773049005,427448854,world,cf231,-2.5953431129455566,-1.5946959257125854,0.9659852981567383
1773049005,427448854,world,cf231_leg,-2.592122793197632,-1.6003834009170532,0.9511996507644653
1773049005,432263272,world,cf231,-2.5953352451324463,-1.5946191549301147,0.9660342931747437
1773049005,432263272,world,cf231_leg,-2.592087745666504,-1.6003196239471436,0.9511559009552002
1773049005,437492144,world,cf231,-2.59531307220459,-1.5945035219192505,0.9658864736557007
1773049005,437492144,world,cf231_leg,-2.592043876647949,-1.6001830101013184,0.9511808156967163
1773049005,442337783,world,cf231,-2.5952086448669434,-1.5941970348358154,0.965806245803833
1773049005,442337783,world,cf231_leg,-2.5920848846435547,-1.6001250743865967,0.9511761665344238
1773049005,447265806,world,cf231,-2.5952494144439697,-1.5941356420516968,0.9658055305480957
1773049005,447265806,world,cf231_leg,-2.591975212097168,-1.6000596284866333,0.9511034488677979
1773049005,452433965,world,cf231,-2.5952634811401367,-1.5941318273544312,0.9658631086349487
1773049005,452433965,world,cf231_leg,-2.5920205116271973,-1.6000778675079346,0.9510911703109741
1773049005,457529362,world,cf231,-2.59519100189209,-1.5940091609954834,0.9658232927322388
1773049005,457529362,world,cf231_leg,-2.5919859409332275,-1.6000148057937622,0.9510451555252075
1773049005,463264877,world,cf231,-2.5951461791992188,-1.5938266515731812,0.9657045602798462
1773049005,463264877,world,cf231_leg,-2.591935157775879,-1.5999606847763062,0.9510000944137573
1773049005,467557340,world,cf231,-2.5951905250549316,-1.593649983406067,0.9657306671142578
1773049005,467557340,world,cf231_leg,-2.5919392108917236,-1.599839448928833,0.9509739875793457
1773049005,473262195,world,cf231,-2.5952374935150146,-1.5936708450317383,0.9657206535339355
1773049005,473262195,world,cf231_leg,-2.5919740200042725,-1.599900484085083,0.9510029554367065
1773049005,477379390,world,cf231,-2.595089912414551,-1.5935379266738892,0.965595006942749
1773049005,477379390,world,cf231_leg,-2.5920236110687256,-1.5997980833053589,0.9509624242782593
1773049005,482371001,world,cf231,-2.59513258934021,-1.5935174226760864,0.9657111167907715
1773049005,482371001,world,cf231_leg,-2.5918352603912354,-1.5996954441070557,0.9510056972503662
1773049005,488544736,world,cf231,-2.5951104164123535,-1.5934021472930908,0.9655627012252808
1773049005,488544736,world,cf231_leg,-2.5919198989868164,-1.599651575088501,0.9509787559509277
1773049005,495107988,world,cf231,-2.5950992107391357,-1.5932930707931519,0.9655524492263794
1773049005,495107988,world,cf231_leg,-2.5918374061584473,-1.5995343923568726,0.9508635997772217
1773049005,497367460,world,cf231,-2.595078229904175,-1.5932176113128662,0.9655234813690186
1773049005,497367460,world,cf231_leg,-2.5918617248535156,-1.5994853973388672,0.950859785079956
1773049005,502406999,world,cf231,-2.5949912071228027,-1.593104600906372,0.9654643535614014
1773049005,502406999,world,cf231_leg,-2.5918257236480713,-1.5994231700897217,0.9508352279663086
1773049005,507464027,world,cf231,-2.594947099685669,-1.5929678678512573,0.9655028581619263
1773049005,507464027,world,cf231_leg,-2.5916810035705566,-1.5992993116378784,0.9507488012313843
1773049005,512404195,world,cf231,-2.595017194747925,-1.5930529832839966,0.9654440879821777
1773049005,512404195,world,cf231_leg,-2.59177827835083,-1.5993672609329224,0.950748085975647
1773049005,517723280,world,cf231,-2.595050096511841,-1.5929182767868042,0.9655098915100098
1773049005,517723280,world,cf231_leg,-2.591740846633911,-1.599306344985962,0.9507424831390381
1773049005,523552502,world,cf231,-2.5948915481567383,-1.5926735401153564,0.9653544425964355
1773049005,523552502,world,cf231_leg,-2.5917303562164307,-1.5991936922073364,0.9506947994232178
1773049005,527363923,world,cf231,-2.5949573516845703,-1.5927172899246216,0.9654217958450317
1773049005,527363923,world,cf231_leg,-2.5916857719421387,-1.599176287651062,0.9507046937942505
1773049005,532464714,world,cf231,-2.5947935581207275,-1.5925993919372559,0.9653160572052002
1773049005,532464714,world,cf231_leg,-2.591688871383667,-1.5990569591522217,0.9506959915161133
1773049005,537319782,world,cf231,-2.5947940349578857,-1.5925965309143066,0.9652968645095825
1773049005,537319782,world,cf231_leg,-2.591529130935669,-1.5989381074905396,0.9505759477615356
1773049005,542446679,world,cf231,-2.5948076248168945,-1.5925923585891724,0.965355396270752
1773049005,542446679,world,cf231_leg,-2.5916035175323486,-1.5989395380020142,0.9506053924560547
1773049005,547498118,world,cf231,-2.5948562622070312,-1.5926079750061035,0.9653053283691406
1773049005,547498118,world,cf231_leg,-2.59161639213562,-1.5988940000534058,0.9505252838134766
1773049005,552380698,world,cf231,-2.5947208404541016,-1.5924766063690186,0.965276837348938
1773049005,552380698,world,cf231_leg,-2.59158992767334,-1.5989463329315186,0.9505656957626343
1773049005,557415669,world,cf231,-2.5946860313415527,-1.5924080610275269,0.9652084112167358
1773049005,557415669,world,cf231_leg,-2.591517686843872,-1.598821759223938,0.9505163431167603
1773049005,562512468,world,cf231,-2.5945863723754883,-1.5923422574996948,0.9652286767959595
1773049005,562512468,world,cf231_leg,-2.591545581817627,-1.5987682342529297,0.9504556655883789
1773049005,567377388,world,cf231,-2.594536781311035,-1.5922836065292358,0.9651410579681396
1773049005,567377388,world,cf231_leg,-2.5914840698242188,-1.598762035369873,0.950482964515686
1773049005,572356604,world,cf231,-2.594602346420288,-1.5923269987106323,0.9652090072631836
1773049005,572356604,world,cf231_leg,-2.5914993286132812,-1.5986346006393433,0.9505183696746826
1773049005,578221700,world,cf231,-2.5945372581481934,-1.5922807455062866,0.9651215076446533
1773049005,578221700,world,cf231_leg,-2.5915231704711914,-1.5986993312835693,0.950469970703125
1773049005,582405347,world,cf231,-2.5944387912750244,-1.5922092199325562,0.9651029109954834
1773049005,582405347,world,cf231_leg,-2.5914385318756104,-1.5985829830169678,0.9503761529922485
1773049005,587416607,world,cf231,-2.5944347381591797,-1.59232759475708,0.9650949239730835
1773049005,587416607,world,cf231_leg,-2.5914225578308105,-1.5985926389694214,0.950374960899353
1773049005,592260059,world,cf231,-2.594348907470703,-1.5922088623046875,0.9649969339370728
1773049005,592260059,world,cf231_leg,-2.591292142868042,-1.5984545946121216,0.9502809047698975
1773049005,599047342,world,cf231,-2.5943214893341064,-1.5922658443450928,0.9650567770004272
1773049005,599047342,world,cf231_leg,-2.59132981300354,-1.5983984470367432,0.9503179788589478
1773049005,603144081,world,cf231,-2.5943121910095215,-1.592148780822754,0.9649869203567505
1773049005,603144081,world,cf231_leg,-2.5914347171783447,-1.598541021347046,0.95026695728302
1773049005,607338186,world,cf231,-2.594322681427002,-1.5922603607177734,0.965017557144165
1773049005,607338186,world,cf231_leg,-2.5913755893707275,-1.598414659500122,0.9502884149551392
1773049005,613167733,world,cf231,-2.5942025184631348,-1.592116355895996,0.9649890661239624
1773049005,613167733,world,cf231_leg,-2.5914270877838135,-1.5984694957733154,0.9503312110900879
1773049005,618244983,world,cf231,-2.59419846534729,-1.5922375917434692,0.9650001525878906
1773049005,618244983,world,cf231_leg,-2.591296672821045,-1.5983363389968872,0.9502683877944946
1773049005,622366876,world,cf231,-2.594188928604126,-1.5921202898025513,0.9649311304092407
1773049005,622366876,world,cf231_leg,-2.591352939605713,-1.5984654426574707,0.9502859115600586
1773049005,627365413,world,cf231,-2.5942728519439697,-1.592201590538025,0.9649299383163452
1773049005,627365413,world,cf231_leg,-2.591230869293213,-1.5982879400253296,0.950187087059021
1773049005,633276170,world,cf231,-2.594247579574585,-1.5922502279281616,0.9649311304092407
1773049005,633276170,world,cf231_leg,-2.591353416442871,-1.5983079671859741,0.9501796960830688
1773049005,637439562,world,cf231,-2.59415602684021,-1.592258334159851,0.9648832082748413
1773049005,637439562,world,cf231_leg,-2.5912485122680664,-1.59827721118927,0.950168251991272
1773049005,643241569,world,cf231,-2.5941591262817383,-1.5922901630401611,0.9649432897567749
1773049005,643241569,world,cf231_leg,-2.5913174152374268,-1.5982457399368286,0.9501545429229736
1773049005,647180979,world,cf231,-2.5941085815429688,-1.592237114906311,0.9648944139480591
1773049005,647180979,world,cf231_leg,-2.5912182331085205,-1.5982900857925415,0.9501148462295532
1773049005,652220526,world,cf231,-2.5942070484161377,-1.5923086404800415,0.964913010597229
1773049005,652220526,world,cf231_leg,-2.5912461280822754,-1.5982799530029297,0.9502065181732178
1773049005,657472956,world,cf231,-2.594142436981201,-1.592262625694275,0.9648246765136719
1773049005,657472956,world,cf231_leg,-2.5913009643554688,-1.5983693599700928,0.9501078128814697
1773049005,662543849,world,cf231,-2.5939958095550537,-1.5921727418899536,0.9648361206054688
1773049005,662543849,world,cf231_leg,-2.5913150310516357,-1.598360538482666,0.9501299858093262
1773049005,667916952,world,cf231,-2.5940184593200684,-1.5922366380691528,0.9647883176803589
1773049005,667916952,world,cf231_leg,-2.5912652015686035,-1.5983076095581055,0.9500812292098999
1773049005,673176440,world,cf231,-2.5939059257507324,-1.5921725034713745,0.9647297859191895
1773049005,673176440,world,cf231_leg,-2.59116530418396,-1.5983562469482422,0.9500750303268433
1773049005,678126937,world,cf231,-2.5940768718719482,-1.5923664569854736,0.9647890329360962
1773049005,678126937,world,cf231_leg,-2.591315746307373,-1.5983641147613525,0.9501423835754395
1773049005,683244818,world,cf231,-2.5941786766052246,-1.5923223495483398,0.9648351669311523
1773049005,683244818,world,cf231_leg,-2.5911812782287598,-1.5982297658920288,0.9501076936721802
1773049005,687518609,world,cf231,-2.594160795211792,-1.5924477577209473,0.9647880792617798
1773049005,687518609,world,cf231_leg,-2.591240167617798,-1.5983558893203735,0.9500871896743774
1773049005,692461913,world,cf231,-2.594027280807495,-1.5923045873641968,0.9646828174591064
1773049005,692461913,world,cf231_leg,-2.5911920070648193,-1.598299264907837,0.9500024318695068
1773049005,698615492,world,cf231,-2.5940229892730713,-1.5924288034439087,0.9647126197814941
1773049005,698615492,world,cf231_leg,-2.591226816177368,-1.5983601808547974,0.9500318765640259
1773049005,702568471,world,cf231,-2.5941107273101807,-1.592391848564148,0.9647194147109985
1773049005,702568471,world,cf231_leg,-2.5911526679992676,-1.5983563661575317,0.9499858617782593
1773049005,707419488,world,cf231,-2.5941951274871826,-1.5924701690673828,0.9646992683410645
1773049005,707419488,world,cf231_leg,-2.5911972522735596,-1.5985289812088013,0.9500665664672852
1773049005,712637853,world,cf231,-2.5941693782806396,-1.5924633741378784,0.9644885063171387
1773049005,712637853,world,cf231_leg,-2.591233730316162,-1.5984338521957397,0.9499847888946533
1773049005,718303515,world,cf231,-2.5941803455352783,-1.592479944229126,0.9646797180175781
1773049005,718303515,world,cf231_leg,-2.591113567352295,-1.5984134674072266,0.9499698877334595
1773049005,722461826,world,cf231,-2.594228506088257,-1.5925871133804321,0.9644513130187988
1773049005,722461826,world,cf231_leg,-2.5911364555358887,-1.598479986190796,0.9499393701553345
1773049005,728306547,world,cf231,-2.594302177429199,-1.592612385749817,0.9646314382553101
1773049005,728306547,world,cf231_leg,-2.5911612510681152,-1.5984262228012085,0.9499033689498901
1773049005,732939212,world,cf231,-2.5942633152008057,-1.5926103591918945,0.9643604755401611
1773049005,732939212,world,cf231_leg,-2.591097593307495,-1.598540186882019,0.9499366283416748
1773049005,737566799,world,cf231,-2.5943493843078613,-1.5927287340164185,0.9644591808319092
1773049005,737566799,world,cf231_leg,-2.5910801887512207,-1.5985023975372314,0.9497727155685425
1773049005,742364195,world,cf231,-2.5942468643188477,-1.592775583267212,0.9644324779510498
1773049005,742364195,world,cf231_leg,-2.59101939201355,-1.5984941720962524,0.9497826099395752
1773049005,748151154,world,cf231,-2.5942771434783936,-1.5929162502288818,0.9643363952636719
1773049005,748151154,world,cf231_leg,-2.59096622467041,-1.5985549688339233,0.949712872505188
1773049005,752634317,world,cf231,-2.594339609146118,-1.5929280519485474,0.9643439054489136
1773049005,752634317,world,cf231_leg,-2.591064214706421,-1.5986237525939941,0.949709415435791
1773049005,757527792,world,cf231,-2.5944113731384277,-1.5930081605911255,0.9642443656921387
1773049005,757527792,world,cf231_leg,-2.59100341796875,-1.5986155271530151,0.9497191905975342
1773049005,763157924,world,cf231,-2.5944466590881348,-1.593070387840271,0.9642758369445801
1773049005,763157924,world,cf231_leg,-2.5909993648529053,-1.5987341403961182,0.9497305154800415
1773049005,768186564,world,cf231,-2.5944690704345703,-1.5931404829025269,0.9642651081085205
1773049005,768186564,world,cf231_leg,-2.591045379638672,-1.5987529754638672,0.9497160911560059
1773049005,772457882,world,cf231,-2.59440279006958,-1.5932470560073853,0.9642496109008789
1773049005,772457882,world,cf231_leg,-2.5910205841064453,-1.5988070964813232,0.949750542640686
1773049005,778624732,world,cf231,-2.5943894386291504,-1.5932517051696777,0.964189887046814
1773049005,778624732,world,cf231_leg,-2.5909790992736816,-1.5988253355026245,0.9498423337936401
1773049005,782219427,world,cf231,-2.5944957733154297,-1.5933998823165894,0.9641597270965576
1773049005,782219427,world,cf231_leg,-2.59098219871521,-1.5988595485687256,0.9497016668319702
1773049005,787364963,world,cf231,-2.594594717025757,-1.5934714078903198,0.9641778469085693
1773049005,787364963,world,cf231_leg,-2.5909082889556885,-1.5988585948944092,0.9496704339981079
1773049005,792404904,world,cf231,-2.5944995880126953,-1.5935946702957153,0.9641038179397583
1773049005,792404904,world,cf231_leg,-2.590933322906494,-1.5989627838134766,0.9497396945953369
1773049005,797266416,world,cf231,-2.5944886207580566,-1.5936366319656372,0.9641433954238892
1773049005,797266416,world,cf231_leg,-2.590900421142578,-1.5989376306533813,0.9495886564254761
1773049005,805370686,world,cf231,-2.5943217277526855,-1.5936346054077148,0.9640090465545654
1773049005,805370686,world,cf231_leg,-2.59089732170105,-1.5990570783615112,0.949596643447876
1773049005,807449708,world,cf231,-2.5944924354553223,-1.5938316583633423,0.964086651802063
1773049005,807449708,world,cf231_leg,-2.590883493423462,-1.599063754081726,0.9495580196380615
1773049005,812448238,world,cf231,-2.594456434249878,-1.5939315557479858,0.963942289352417
1773049005,812448238,world,cf231_leg,-2.590883731842041,-1.599063754081726,0.9495576620101929
1773049005,818846094,world,cf231,-2.594489336013794,-1.5941098928451538,0.9639443159103394
1773049005,818846094,world,cf231_leg,-2.5909318923950195,-1.5991218090057373,0.9498647451400757
1773049005,822331235,world,cf231,-2.594391345977783,-1.5940325260162354,0.9638878107070923
1773049005,822331235,world,cf231_leg,-2.590794324874878,-1.5990689992904663,0.9497159719467163
1773049005,827333586,world,cf231,-2.5942118167877197,-1.5940808057785034,0.963851809501648
1773049005,827333586,world,cf231_leg,-2.5907835960388184,-1.5992677211761475,0.9496414661407471
1773049005,832401116,world,cf231,-2.594397783279419,-1.5942652225494385,0.9639295339584351
1773049005,832401116,world,cf231_leg,-2.5907812118530273,-1.5993837118148804,0.949410080909729
1773049005,839616157,world,cf231,-2.59442138671875,-1.594316840171814,0.9638071060180664
1773049005,839616157,world,cf231_leg,-2.590709686279297,-1.599264144897461,0.9495950937271118
1773049005,842501978,world,cf231,-2.5945441722869873,-1.5944957733154297,0.9639147520065308
1773049005,842501978,world,cf231_leg,-2.5907182693481445,-1.5994904041290283,0.9493952989578247
1773049005,847455135,world,cf231,-2.5945394039154053,-1.5946193933486938,0.9639463424682617
1773049005,847455135,world,cf231_leg,-2.5905730724334717,-1.5993634462356567,0.949295163154602
1773049005,852477766,world,cf231,-2.5944459438323975,-1.5947798490524292,0.9639720916748047
1773049005,852477766,world,cf231_leg,-2.5905840396881104,-1.5994764566421509,0.9493420124053955
1773049005,857482422,world,cf231,-2.59432315826416,-1.5946109294891357,0.9639180898666382
1773049005,857482422,world,cf231_leg,-2.590529441833496,-1.599543809890747,0.9493227005004883
1773049005,863512549,world,cf231,-2.594465970993042,-1.5948479175567627,0.96396803855896
1773049005,863512549,world,cf231_leg,-2.5905587673187256,-1.59952712059021,0.949364185333252
1773049005,867120837,world,cf231,-2.5944323539733887,-1.5947905778884888,0.9639496803283691
1773049005,867120837,world,cf231_leg,-2.5905604362487793,-1.5995723009109497,0.9495106935501099
1773049005,872340730,world,cf231,-2.5944018363952637,-1.5949597358703613,0.9639643430709839
1773049005,872340730,world,cf231_leg,-2.5905444622039795,-1.5996907949447632,0.9494328498840332
1773049005,877424398,world,cf231,-2.5942413806915283,-1.5948772430419922,0.9639359712600708
1773049005,877424398,world,cf231_leg,-2.5904693603515625,-1.5996887683868408,0.9494049549102783
1773049005,883307379,world,cf231,-2.5941622257232666,-1.595030426979065,0.9640020132064819
1773049005,883307379,world,cf231_leg,-2.590468645095825,-1.5996907949447632,0.9494223594665527
1773049005,887442754,world,cf231,-2.5942320823669434,-1.5951505899429321,0.9640491008758545
1773049005,887442754,world,cf231_leg,-2.5904440879821777,-1.59974205493927,0.9494423866271973
1773049005,892283757,world,cf231,-2.594219207763672,-1.5951653718948364,0.9640421867370605
1773049005,892283757,world,cf231_leg,-2.5904088020324707,-1.5996780395507812,0.9493991136550903
1773049005,897767234,world,cf231,-2.594193696975708,-1.5952140092849731,0.9640438556671143
1773049005,897767234,world,cf231_leg,-2.5904343128204346,-1.5997828245162964,0.9494664669036865
1773049005,902539914,world,cf231,-2.594089984893799,-1.5952531099319458,0.9639853239059448
1773049005,902539914,world,cf231_leg,-2.5903942584991455,-1.5998443365097046,0.9494832754135132
1773049005,907534687,world,cf231,-2.594001054763794,-1.595308780670166,0.9640892744064331
1773049005,907534687,world,cf231_leg,-2.590269088745117,-1.599900722503662,0.9493459463119507
1773049005,912396313,world,cf231,-2.593939781188965,-1.5952849388122559,0.9640071392059326
1773049005,912396313,world,cf231_leg,-2.5903258323669434,-1.5999211072921753,0.949870228767395
1773049005,917299814,world,cf231,-2.5939760208129883,-1.5953513383865356,0.9640536308288574
1773049005,917299814,world,cf231_leg,-2.590317964553833,-1.5998477935791016,0.9497126340866089
1773049005,922528914,world,cf231,-2.5940117835998535,-1.5954170227050781,0.964102029800415
1773049005,922528914,world,cf231_leg,-2.5902609825134277,-1.5999864339828491,0.949517011642456
1773049005,927489470,world,cf231,-2.59397292137146,-1.5954735279083252,0.9640617370605469
1773049005,927489470,world,cf231_leg,-2.590186595916748,-1.5999797582626343,0.9494569301605225
1773049005,932495651,world,cf231,-2.5938351154327393,-1.5955003499984741,0.9641443490982056
1773049005,932495651,world,cf231_leg,-2.5902557373046875,-1.5999524593353271,0.9496806859970093
1773049005,937413177,world,cf231,-2.593738555908203,-1.5954241752624512,0.9640843868255615
1773049005,937413177,world,cf231_leg,-2.590074062347412,-1.5999207496643066,0.9496620893478394
1773049005,942340387,world,cf231,-2.5938096046447754,-1.5955488681793213,0.9641464948654175
1773049005,942340387,world,cf231_leg,-2.5901453495025635,-1.6000468730926514,0.949730634689331
1773049005,947491337,world,cf231,-2.5938687324523926,-1.5956891775131226,0.9641983509063721
1773049005,947491337,world,cf231_leg,-2.5901131629943848,-1.6000237464904785,0.9497997760772705
1773049005,952458171,world,cf231,-2.593703031539917,-1.5957270860671997,0.964184045791626
1773049005,952458171,world,cf231_leg,-2.590059995651245,-1.6000899076461792,0.9497606754302979
1773049005,957414691,world,cf231,-2.59354567527771,-1.595676064491272,0.9642174243927002
1773049005,957414691,world,cf231_leg,-2.5900344848632812,-1.5999869108200073,0.9499149322509766
1773049005,962329075,world,cf231,-2.593552350997925,-1.5958200693130493,0.9644560813903809
1773049005,962329075,world,cf231_leg,-2.58998441696167,-1.6000913381576538,0.9499728679656982
1773049005,967280065,world,cf231,-2.5934643745422363,-1.5958571434020996,0.9644492864608765
1773049005,967280065,world,cf231_leg,-2.5900309085845947,-1.6001056432724,0.9499253034591675
1773049005,972695787,world,cf231,-2.5935497283935547,-1.5959815979003906,0.964585542678833
1773049005,972695787,world,cf231_leg,-2.59002947807312,-1.6001121997833252,0.949975848197937
1773049005,977465545,world,cf231,-2.593446731567383,-1.5960410833358765,0.9646322727203369
1773049005,977465545,world,cf231_leg,-2.589977741241455,-1.600171685218811,0.9498860836029053
1773049005,982684316,world,cf231,-2.593346118927002,-1.5960800647735596,0.9645464420318604
1773049005,982684316,world,cf231_leg,-2.5899453163146973,-1.6001511812210083,0.9499713182449341
1773049005,987414199,world,cf231,-2.5931689739227295,-1.5960735082626343,0.9647899866104126
1773049005,987414199,world,cf231_leg,-2.5899057388305664,-1.600208044052124,0.9499561786651611
1773049005,992520455,world,cf231,-2.5931689739227295,-1.5961689949035645,0.964627742767334
1773049005,992520455,world,cf231_leg,-2.5898847579956055,-1.6001405715942383,0.9499650001525879
1773049005,999159674,world,cf231,-2.5930843353271484,-1.5960904359817505,0.9646484851837158
1773049005,999159674,world,cf231_leg,-2.5898258686065674,-1.600172519683838,0.9500902891159058
1773049006,2275285,world,cf231,-2.5931527614593506,-1.5962392091751099,0.9648605585098267
1773049006,2275285,world,cf231_leg,-2.5899500846862793,-1.6002321243286133,0.9501990079879761
1773049006,7406929,world,cf231,-2.593027353286743,-1.5962250232696533,0.9649012088775635
1773049006,7406929,world,cf231_leg,-2.5898079872131348,-1.6001461744308472,0.9502112865447998
1773049006,12449376,world,cf231,-2.5929508209228516,-1.5962204933166504,0.9648540019989014
1773049006,12449376,world,cf231_leg,-2.5898325443267822,-1.6002063751220703,0.9501303434371948
1773049006,17473254,world,cf231,-2.592880964279175,-1.5962342023849487,0.9647685289382935
1773049006,17473254,world,cf231_leg,-2.58974027633667,-1.600215196609497,0.9501214027404785
1773049006,22403716,world,cf231,-2.5929133892059326,-1.5963165760040283,0.9649341106414795
1773049006,22403716,world,cf231_leg,-2.5897951126098633,-1.6003086566925049,0.9502600431442261
1773049006,28220153,world,cf231,-2.5929391384124756,-1.5962650775909424,0.9649132490158081
1773049006,28220153,world,cf231_leg,-2.589782238006592,-1.6001988649368286,0.9502507448196411
1773049006,32502033,world,cf231,-2.5927891731262207,-1.5962938070297241,0.9649167060852051
1773049006,32502033,world,cf231_leg,-2.589731454849243,-1.6003029346466064,0.9503098726272583
1773049006,37457744,world,cf231,-2.592838764190674,-1.5963525772094727,0.9650043249130249
1773049006,37457744,world,cf231_leg,-2.589770793914795,-1.6002429723739624,0.950311541557312
1773049006,43211981,world,cf231,-2.592665910720825,-1.5963174104690552,0.9650555849075317
1773049006,43211981,world,cf231_leg,-2.5896859169006348,-1.600284457206726,0.9503233432769775
1773049006,47426427,world,cf231,-2.592754602432251,-1.5962743759155273,0.9650241136550903
1773049006,47426427,world,cf231_leg,-2.5897390842437744,-1.6003813743591309,0.9504983425140381
1773049006,52395305,world,cf231,-2.5928521156311035,-1.5963512659072876,0.9650819301605225
1773049006,52395305,world,cf231_leg,-2.5898568630218506,-1.6003705263137817,0.9506676197052002
1773049006,57411619,world,cf231,-2.59281849861145,-1.5963263511657715,0.9651504755020142
1773049006,57411619,world,cf231_leg,-2.5896356105804443,-1.6003913879394531,0.9503965377807617
1773049006,62288989,world,cf231,-2.5926787853240967,-1.5963187217712402,0.9651529788970947
1773049006,62288989,world,cf231_leg,-2.589613437652588,-1.6003228425979614,0.9504095315933228
1773049006,67291626,world,cf231,-2.592693328857422,-1.5963090658187866,0.9651720523834229
1773049006,67291626,world,cf231_leg,-2.589665412902832,-1.6003750562667847,0.9504367113113403
1773049006,73159270,world,cf231,-2.592693328857422,-1.5963090658187866,0.9651721715927124
1773049006,73159270,world,cf231_leg,-2.58966326713562,-1.6003835201263428,0.9505045413970947
1773049006,78136888,world,cf231,-2.592736005783081,-1.5962883234024048,0.9652886390686035
1773049006,78136888,world,cf231_leg,-2.589625120162964,-1.6004364490509033,0.9504542350769043
1773049006,84243741,world,cf231,-2.592787265777588,-1.5961880683898926,0.9652667045593262
1773049006,84243741,world,cf231_leg,-2.589607000350952,-1.6004102230072021,0.9505752325057983
1773049006,88181182,world,cf231,-2.592707872390747,-1.5963022708892822,0.9652107954025269
1773049006,88181182,world,cf231_leg,-2.5895678997039795,-1.600494384765625,0.9509176015853882
1773049006,92328255,world,cf231,-2.5926802158355713,-1.5961965322494507,0.9653856754302979
1773049006,92328255,world,cf231_leg,-2.5895984172821045,-1.600544810295105,0.9507248401641846
1773049006,97369201,world,cf231,-2.5926918983459473,-1.5961517095565796,0.9653266668319702
1773049006,97369201,world,cf231_leg,-2.5894627571105957,-1.6003245115280151,0.9506102800369263
1773049006,103193843,world,cf231,-2.5926907062530518,-1.596157193183899,0.9653657674789429
1773049006,103193843,world,cf231_leg,-2.5895750522613525,-1.6005723476409912,0.9511069059371948
1773049006,107496379,world,cf231,-2.5927529335021973,-1.5961686372756958,0.9653744697570801
1773049006,107496379,world,cf231_leg,-2.589580535888672,-1.6005133390426636,0.9508153200149536
1773049006,112522653,world,cf231,-2.5927817821502686,-1.5961519479751587,0.9654325246810913
1773049006,112522653,world,cf231_leg,-2.589494466781616,-1.600534439086914,0.9510222673416138
1773049006,117521496,world,cf231,-2.5927085876464844,-1.5961858034133911,0.9654818773269653
1773049006,117521496,world,cf231_leg,-2.5895135402679443,-1.6005390882492065,0.9507764577865601
1773049006,122394012,world,cf231,-2.59254789352417,-1.5959492921829224,0.9653853178024292
1773049006,122394012,world,cf231_leg,-2.589491844177246,-1.6005640029907227,0.950916051864624
1773049006,128099529,world,cf231,-2.5926709175109863,-1.5961281061172485,0.9654927253723145
1773049006,128099529,world,cf231_leg,-2.5895678997039795,-1.6007004976272583,0.9512063264846802
1773049006,132318216,world,cf231,-2.592613697052002,-1.595992922782898,0.9654529094696045
1773049006,132318216,world,cf231_leg,-2.5895087718963623,-1.6006886959075928,0.9511804580688477
1773049006,137519942,world,cf231,-2.592642068862915,-1.5959789752960205,0.9655307531356812
1773049006,137519942,world,cf231_leg,-2.5894837379455566,-1.60073983669281,0.9512004852294922
1773049006,142361145,world,cf231,-2.592503309249878,-1.5959663391113281,0.9654930830001831
1773049006,142361145,world,cf231_leg,-2.589452028274536,-1.6006269454956055,0.9511553049087524
1773049006,148156189,world,cf231,-2.592494010925293,-1.5958976745605469,0.9656006097793579
1773049006,148156189,world,cf231_leg,-2.5893726348876953,-1.6005191802978516,0.9512654542922974
1773049006,152406025,world,cf231,-2.5924947261810303,-1.5958951711654663,0.9655804634094238
1773049006,152406025,world,cf231_leg,-2.5892493724823,-1.6005643606185913,0.9510459899902344
1773049006,157579624,world,cf231,-2.5925087928771973,-1.5958880186080933,0.9656198024749756
1773049006,157579624,world,cf231_leg,-2.589348793029785,-1.6007248163223267,0.9511510133743286
1773049006,162419368,world,cf231,-2.59259295463562,-1.5959663391113281,0.9655996561050415
1773049006,162419368,world,cf231_leg,-2.5893287658691406,-1.6006991863250732,0.9512938261032104
1773049006,167389480,world,cf231,-2.592559337615967,-1.5959442853927612,0.9656870365142822
1773049006,167389480,world,cf231_leg,-2.589301347732544,-1.6007099151611328,0.9512002468109131
1773049006,172497213,world,cf231,-2.5924341678619385,-1.5959270000457764,0.9657090902328491
1773049006,172497213,world,cf231_leg,-2.589311361312866,-1.6008272171020508,0.9512804746627808
1773049006,177351470,world,cf231,-2.5924196243286133,-1.5959337949752808,0.9656704664230347
1773049006,177351470,world,cf231_leg,-2.58929181098938,-1.6007534265518188,0.9512391090393066
1773049006,182422567,world,cf231,-2.592263698577881,-1.5957272052764893,0.9656124114990234
1773049006,182422567,world,cf231_leg,-2.5892093181610107,-1.6006770133972168,0.9512611627578735
1773049006,187380182,world,cf231,-2.5924482345581055,-1.595920205116272,0.9657478332519531
1773049006,187380182,world,cf231_leg,-2.5892817974090576,-1.6008449792861938,0.9514626264572144
1773049006,192512887,world,cf231,-2.592386484146118,-1.5959057807922363,0.9657204151153564
1773049006,192512887,world,cf231_leg,-2.5892038345336914,-1.6006455421447754,0.9514404535293579
1773049006,198317339,world,cf231,-2.592251777648926,-1.5957714319229126,0.9656727313995361
1773049006,198317339,world,cf231_leg,-2.589212417602539,-1.6008782386779785,0.9514943361282349
1773049006,203406230,world,cf231,-2.5921757221221924,-1.5957674980163574,0.9656238555908203
1773049006,203406230,world,cf231_leg,-2.5892903804779053,-1.6009175777435303,0.9513951539993286
1773049006,207441745,world,cf231,-2.5921630859375,-1.5958144664764404,0.9657039642333984
1773049006,207441745,world,cf231_leg,-2.589181900024414,-1.600847840309143,0.9512888193130493
1773049006,213157346,world,cf231,-2.5922515392303467,-1.5957711935043335,0.965673565864563
1773049006,213157346,world,cf231_leg,-2.589204788208008,-1.6009602546691895,0.9514261484146118
1773049006,218548144,world,cf231,-2.5921409130096436,-1.595744252204895,0.9657149314880371
1773049006,218548144,world,cf231_leg,-2.58919620513916,-1.600885272026062,0.951478123664856
1773049006,222532524,world,cf231,-2.592050790786743,-1.5957472324371338,0.9656269550323486
1773049006,222532524,world,cf231_leg,-2.5890605449676514,-1.6008265018463135,0.951277494430542
1773049006,227314518,world,cf231,-2.5920870304107666,-1.595810055732727,0.9656563997268677
1773049006,227314518,world,cf231_leg,-2.589162588119507,-1.6011368036270142,0.9514182806015015
1773049006,232392911,world,cf231,-2.5921010971069336,-1.5958032608032227,0.9656951427459717
1773049006,232392911,world,cf231_leg,-2.58906626701355,-1.6010644435882568,0.9513860940933228
1773049006,237399413,world,cf231,-2.592177629470825,-1.5958048105239868,0.9657233953475952
1773049006,237399413,world,cf231_leg,-2.5890979766845703,-1.601090908050537,0.9515563249588013
1773049006,242512591,world,cf231,-2.5921778678894043,-1.5958017110824585,0.9657047986984253
1773049006,242512591,world,cf231_leg,-2.5890939235687256,-1.6011215448379517,0.9514708518981934
1773049006,248298695,world,cf231,-2.5920023918151855,-1.5957285165786743,0.96565842628479
1773049006,248298695,world,cf231_leg,-2.5890276432037354,-1.601122260093689,0.9513672590255737
1773049006,252411595,world,cf231,-2.591977119445801,-1.5957804918289185,0.9656777381896973
1773049006,252411595,world,cf231_leg,-2.5889580249786377,-1.6012213230133057,0.951169490814209
1773049006,257513595,world,cf231,-2.591900110244751,-1.5957789421081543,0.9656494855880737
1773049006,257513595,world,cf231_leg,-2.5889899730682373,-1.6012439727783203,0.9511014223098755
1773049006,262499275,world,cf231,-2.5919907093048096,-1.5957763195037842,0.965735912322998
1773049006,262499275,world,cf231_leg,-2.5889546871185303,-1.6011826992034912,0.951073169708252
1773049006,267210409,world,cf231,-2.5919289588928223,-1.5957621335983276,0.9657082557678223
1773049006,267210409,world,cf231_leg,-2.5889790058135986,-1.6012911796569824,0.9511758089065552
1773049006,272411112,world,cf231,-2.591867446899414,-1.595747947692871,0.9656803607940674
1773049006,272411112,world,cf231_leg,-2.5890676975250244,-1.6013771295547485,0.9513548612594604
1773049006,277474385,world,cf231,-2.5917904376983643,-1.5957461595535278,0.965652585029602
1773049006,277474385,world,cf231_leg,-2.588923692703247,-1.6014724969863892,0.9511111974716187
1773049006,283412160,world,cf231,-2.591750144958496,-1.5958079099655151,0.9656521081924438
1773049006,283412160,world,cf231_leg,-2.589022159576416,-1.601428508758545,0.95137619972229
1773049006,288416940,world,cf231,-2.591735601425171,-1.5958143472671509,0.9656146764755249
1773049006,288416940,world,cf231_leg,-2.588933229446411,-1.6014301776885986,0.9512956142425537
1773049006,292805210,world,cf231,-2.5917139053344727,-1.5957446098327637,0.9656240940093994
1773049006,292805210,world,cf231_leg,-2.5888869762420654,-1.6015291213989258,0.9510724544525146
1773049006,297564132,world,cf231,-2.5917325019836426,-1.5959299802780151,0.9655873775482178
1773049006,297564132,world,cf231_leg,-2.58888578414917,-1.6015255451202393,0.9510610103607178
1773049006,302524895,world,cf231,-2.591604709625244,-1.59587824344635,0.9655286073684692
1773049006,302524895,world,cf231_leg,-2.588770866394043,-1.601692795753479,0.9507501125335693
1773049006,307686444,world,cf231,-2.5914814472198486,-1.595849871635437,0.9654730558395386
1773049006,307686444,world,cf231_leg,-2.588804244995117,-1.6017181873321533,0.9509000778198242
1773049006,312678951,world,cf231,-2.591392755508423,-1.5960099697113037,0.96523118019104
1773049006,312678951,world,cf231_leg,-2.588897466659546,-1.6019097566604614,0.9509420394897461
1773049006,317827023,world,cf231,-2.591392755508423,-1.5960099697113037,0.9652310609817505
1773049006,317827023,world,cf231_leg,-2.5888381004333496,-1.601893663406372,0.9506790637969971
1773049006,322738548,world,cf231,-2.591402292251587,-1.5961270332336426,0.9653006792068481
1773049006,322738548,world,cf231_leg,-2.5888242721557617,-1.6020554304122925,0.9507304430007935
1773049006,327518346,world,cf231,-2.5911777019500732,-1.5959926843643188,0.9651464223861694
1773049006,327518346,world,cf231_leg,-2.5888679027557373,-1.602191686630249,0.9507074356079102
1773049006,332484032,world,cf231,-2.5911989212036133,-1.5962157249450684,0.9652081727981567
1773049006,332484032,world,cf231_leg,-2.588735818862915,-1.6020143032073975,0.9504954814910889
1773049006,337587819,world,cf231,-2.591282844543457,-1.596296787261963,0.9652074575424194
1773049006,337587819,world,cf231_leg,-2.588736057281494,-1.6021721363067627,0.9506008625030518
1773049006,342549348,world,cf231,-2.591108560562134,-1.596218228340149,0.9651212692260742
1773049006,342549348,world,cf231_leg,-2.588872194290161,-1.602294683456421,0.9505548477172852
1773049006,347398625,world,cf231,-2.5912582874298096,-1.5963397026062012,0.9651700258255005
1773049006,347398625,world,cf231_leg,-2.5888636112213135,-1.6023809909820557,0.9505205154418945
1773049006,353433236,world,cf231,-2.5911519527435303,-1.5965111255645752,0.9651731252670288
1773049006,353433236,world,cf231_leg,-2.5887930393218994,-1.6023675203323364,0.9503873586654663
1773049006,357422668,world,cf231,-2.5910494327545166,-1.5965580940246582,0.9651466608047485
1773049006,357422668,world,cf231_leg,-2.5888874530792236,-1.6025550365447998,0.9503946304321289
1773049006,362477579,world,cf231,-2.591071844100952,-1.5966250896453857,0.9651176929473877
1773049006,362477579,world,cf231_leg,-2.5888328552246094,-1.6026196479797363,0.9503604173660278
1773049006,367545023,world,cf231,-2.5911080837249756,-1.5966849327087402,0.9651283025741577
1773049006,367545023,world,cf231_leg,-2.588923931121826,-1.6026203632354736,0.9504332542419434
1773049006,372520999,world,cf231,-2.5911448001861572,-1.5967448949813843,0.96513831615448
1773049006,372520999,world,cf231_leg,-2.5889041423797607,-1.6027430295944214,0.9504135847091675
1773049006,377337765,world,cf231,-2.591064453125,-1.596861720085144,0.9651021957397461
1773049006,377337765,world,cf231_leg,-2.5888712406158447,-1.602681279182434,0.9503631591796875
1773049006,382285802,world,cf231,-2.5910606384277344,-1.5969831943511963,0.9651129245758057
1773049006,382285802,world,cf231_leg,-2.5888760089874268,-1.6028698682785034,0.9502918720245361
1773049006,388358586,world,cf231,-2.5910661220550537,-1.5972180366516113,0.9651762247085571
1773049006,388358586,world,cf231_leg,-2.58888840675354,-1.6028671264648438,0.950365424156189
1773049006,392954045,world,cf231,-2.591066598892212,-1.5972185134887695,0.9651749134063721
1773049006,392954045,world,cf231_leg,-2.5887818336486816,-1.602797269821167,0.9502363204956055
1773049006,399124195,world,cf231,-2.5910751819610596,-1.5972862243652344,0.9650701284408569
1773049006,399124195,world,cf231_leg,-2.5888454914093018,-1.6029969453811646,0.9501928091049194
1773049006,402370899,world,cf231,-2.5910708904266357,-1.5974104404449463,0.9651004076004028
1773049006,402370899,world,cf231_leg,-2.58884596824646,-1.6029974222183228,0.9501912593841553
1773049006,408235651,world,cf231,-2.5910799503326416,-1.5975269079208374,0.9651718139648438
1773049006,408235651,world,cf231_leg,-2.588898181915283,-1.6032441854476929,0.9502228498458862
1773049006,412267881,world,cf231,-2.5909111499786377,-1.5978074073791504,0.9649112224578857
1773049006,412267881,world,cf231_leg,-2.5889437198638916,-1.6032629013061523,0.9502091407775879
1773049006,418267063,world,cf231,-2.590893268585205,-1.5979326963424683,0.9648641347885132
1773049006,418267063,world,cf231_leg,-2.588967800140381,-1.6033226251602173,0.9501296281814575
1773049006,422429529,world,cf231,-2.5910496711730957,-1.5981394052505493,0.9649219512939453
1773049006,422429529,world,cf231_leg,-2.5890352725982666,-1.6034095287322998,0.9501035213470459
1773049006,427494454,world,cf231,-2.591116428375244,-1.5983396768569946,0.9648370742797852
1773049006,427494454,world,cf231_leg,-2.588986873626709,-1.6035104990005493,0.9501252174377441
1773049006,432398095,world,cf231,-2.5909411907196045,-1.5981955528259277,0.9644869565963745
1773049006,432398095,world,cf231_leg,-2.5890676975250244,-1.6035445928573608,0.9499717950820923
1773049006,437528309,world,cf231,-2.5907235145568848,-1.598294734954834,0.9643731117248535
1773049006,437528309,world,cf231_leg,-2.589012384414673,-1.6035704612731934,0.9498177766799927
1773049006,442437114,world,cf231,-2.5907652378082275,-1.5983415842056274,0.9640423059463501
1773049006,442437114,world,cf231_leg,-2.589035749435425,-1.6036323308944702,0.949755072593689
1773049006,447471233,world,cf231,-2.5907552242279053,-1.598488688468933,0.9637339115142822
1773049006,447471233,world,cf231_leg,-2.5891692638397217,-1.603758692741394,0.9495409727096558
1773049006,453330467,world,cf231,-2.590869665145874,-1.5986454486846924,0.9633703231811523
1773049006,453330467,world,cf231_leg,-2.58914852142334,-1.6037968397140503,0.949233889579773
1773049006,457486219,world,cf231,-2.5907270908355713,-1.5987845659255981,0.9627690315246582
1773049006,457486219,world,cf231_leg,-2.5890979766845703,-1.604080080986023,0.9483642578125
1773049006,462372055,world,cf231,-2.5907680988311768,-1.5988378524780273,0.9624748229980469
1773049006,462372055,world,cf231_leg,-2.58915114402771,-1.6040781736373901,0.9479517936706543
1773049006,467251260,world,cf231,-2.590623140335083,-1.598981499671936,0.9619159698486328
1773049006,467251260,world,cf231_leg,-2.589223623275757,-1.6041179895401,0.9471901655197144
1773049006,472430414,world,cf231,-2.5905051231384277,-1.5990546941757202,0.9612258672714233
1773049006,472430414,world,cf231_leg,-2.589329242706299,-1.6042063236236572,0.9467006921768188
1773049006,478109779,world,cf231,-2.5904946327209473,-1.5990650653839111,0.9602020978927612
1773049006,478109779,world,cf231_leg,-2.589442014694214,-1.6043301820755005,0.9460420608520508
1773049006,483496810,world,cf231,-2.590542793273926,-1.5993388891220093,0.9591406583786011
1773049006,483496810,world,cf231_leg,-2.589297294616699,-1.6043726205825806,0.9449495077133179
1773049006,487785810,world,cf231,-2.5905699729919434,-1.5994271039962769,0.9582118988037109
1773049006,487785810,world,cf231_leg,-2.5894103050231934,-1.604508876800537,0.9438453912734985
1773049006,492745202,world,cf231,-2.5904006958007812,-1.599526047706604,0.9570760726928711
1773049006,492745202,world,cf231_leg,-2.5893893241882324,-1.6045173406600952,0.9427332878112793
1773049006,497332906,world,cf231,-2.590272903442383,-1.59961998462677,0.9555568695068359
1773049006,497332906,world,cf231_leg,-2.589336395263672,-1.6047030687332153,0.9412963390350342
1773049006,502343981,world,cf231,-2.5903964042663574,-1.5998598337173462,0.9542735815048218
1773049006,502343981,world,cf231_leg,-2.5894534587860107,-1.6047736406326294,0.9398699998855591
1773049006,507486129,world,cf231,-2.5901620388031006,-1.5999895334243774,0.9526318311691284
1773049006,507486129,world,cf231_leg,-2.589503765106201,-1.6049050092697144,0.9381591081619263
1773049006,512575744,world,cf231,-2.590139865875244,-1.6001302003860474,0.9507087469100952
1773049006,512575744,world,cf231_leg,-2.5897021293640137,-1.6049507856369019,0.9366327524185181
1773049006,517247540,world,cf231,-2.5898776054382324,-1.6002650260925293,0.9489303827285767
1773049006,517247540,world,cf231_leg,-2.5897984504699707,-1.6050736904144287,0.9345442056655884
1773049006,522403596,world,cf231,-2.5897223949432373,-1.6003950834274292,0.9466925859451294
1773049006,522403596,world,cf231_leg,-2.5898163318634033,-1.6051944494247437,0.9326770305633545
1773049006,527352238,world,cf231,-2.589698076248169,-1.6004470586776733,0.9448271989822388
1773049006,527352238,world,cf231_leg,-2.5897316932678223,-1.60527765750885,0.9302957057952881
1773049006,532400631,world,cf231,-2.5895161628723145,-1.6006720066070557,0.941866397857666
1773049006,532400631,world,cf231_leg,-2.589838981628418,-1.6053451299667358,0.928083062171936
1773049006,537491586,world,cf231,-2.5895578861236572,-1.6007157564163208,0.9398690462112427
1773049006,537491586,world,cf231_leg,-2.5900120735168457,-1.6053426265716553,0.9257611036300659
1773049006,542433899,world,cf231,-2.5894296169281006,-1.6008884906768799,0.9370360374450684
1773049006,542433899,world,cf231_leg,-2.590043544769287,-1.6053858995437622,0.922757625579834
1773049006,547245488,world,cf231,-2.5892062187194824,-1.6009598970413208,0.9339859485626221
1773049006,547245488,world,cf231_leg,-2.589808464050293,-1.6052755117416382,0.9196041822433472
1773049006,552453269,world,cf231,-2.5888919830322266,-1.6010996103286743,0.9308795928955078
1773049006,552453269,world,cf231_leg,-2.5897879600524902,-1.6055110692977905,0.9167627096176147
1773049006,557401651,world,cf231,-2.5885891914367676,-1.6011497974395752,0.9275497198104858
1773049006,557401651,world,cf231_leg,-2.5900368690490723,-1.6056416034698486,0.9135489463806152
1773049006,562475304,world,cf231,-2.588758945465088,-1.6013151407241821,0.9244022369384766
1773049006,562475304,world,cf231_leg,-2.5901548862457275,-1.605745553970337,0.9101700782775879
1773049006,567448589,world,cf231,-2.5886313915252686,-1.6013367176055908,0.9207370281219482
1773049006,567448589,world,cf231_leg,-2.5900869369506836,-1.6058928966522217,0.9066250324249268
1773049006,572430143,world,cf231,-2.5883474349975586,-1.6014519929885864,0.916866660118103
1773049006,572430143,world,cf231_leg,-2.5903232097625732,-1.6060913801193237,0.9028724431991577
1773049006,577260113,world,cf231,-2.588130474090576,-1.6016288995742798,0.9129122495651245
1773049006,577260113,world,cf231_leg,-2.590522050857544,-1.6061420440673828,0.8990215063095093
1773049006,583349862,world,cf231,-2.588036298751831,-1.6017781496047974,0.9087964296340942
1773049006,583349862,world,cf231_leg,-2.590259552001953,-1.6060539484024048,0.8948500156402588
1773049006,587376454,world,cf231,-2.588115930557251,-1.6020883321762085,0.9046283960342407
1773049006,587376454,world,cf231_leg,-2.590604305267334,-1.6062289476394653,0.8908573985099792
1773049006,592366544,world,cf231,-2.587726593017578,-1.6021324396133423,0.9000815153121948
1773049006,592366544,world,cf231_leg,-2.5906949043273926,-1.6063166856765747,0.8863416314125061
1773049006,597497597,world,cf231,-2.5875699520111084,-1.6023457050323486,0.8955010175704956
1773049006,597497597,world,cf231_leg,-2.590482711791992,-1.6061900854110718,0.8814157843589783
1773049006,603180244,world,cf231,-2.5874111652374268,-1.6024808883666992,0.8906701803207397
1773049006,603180244,world,cf231_leg,-2.5908048152923584,-1.606423020362854,0.8767101168632507
1773049006,607416017,world,cf231,-2.5872833728790283,-1.6027408838272095,0.8856384754180908
1773049006,607416017,world,cf231_leg,-2.5907154083251953,-1.6065422296524048,0.8716511130332947
1773049006,612445674,world,cf231,-2.5870726108551025,-1.6026817560195923,0.8801463842391968
1773049006,612445674,world,cf231_leg,-2.590998649597168,-1.6066384315490723,0.8664656281471252
1773049006,617391057,world,cf231,-2.58695387840271,-1.602826714515686,0.8748326301574707
1773049006,617391057,world,cf231_leg,-2.5909364223480225,-1.6068154573440552,0.8610456585884094
1773049006,622403557,world,cf231,-2.5865721702575684,-1.6029412746429443,0.8692038059234619
1773049006,622403557,world,cf231_leg,-2.5911359786987305,-1.6068429946899414,0.8554021120071411
1773049006,627435400,world,cf231,-2.586643934249878,-1.603185772895813,0.8632427453994751
1773049006,627435400,world,cf231_leg,-2.591036558151245,-1.6067533493041992,0.8494382500648499
1773049006,632230360,world,cf231,-2.586416006088257,-1.6035189628601074,0.8572962284088135
1773049006,632230360,world,cf231_leg,-2.5911269187927246,-1.6069936752319336,0.8433114290237427
1773049006,638350851,world,cf231,-2.586169481277466,-1.6035847663879395,0.8508687019348145
1773049006,638350851,world,cf231_leg,-2.5914041996002197,-1.607143759727478,0.8374107480049133
1773049006,642484284,world,cf231,-2.586081027984619,-1.6037205457687378,0.8446505069732666
1773049006,642484284,world,cf231_leg,-2.5914459228515625,-1.6071184873580933,0.8308762311935425
1773049006,647485782,world,cf231,-2.585761785507202,-1.6037858724594116,0.8378735780715942
1773049006,647485782,world,cf231_leg,-2.591259241104126,-1.6070489883422852,0.824104905128479
1773049006,652394738,world,cf231,-2.5855298042297363,-1.6039509773254395,0.8310490846633911
1773049006,652394738,world,cf231_leg,-2.5914697647094727,-1.607116460800171,0.8172402381896973
1773049006,658236417,world,cf231,-2.5852954387664795,-1.6042141914367676,0.8239296674728394
1773049006,658236417,world,cf231_leg,-2.5915257930755615,-1.6073137521743774,0.8103678226470947
1773049006,662488594,world,cf231,-2.585298538208008,-1.6044847965240479,0.8166368007659912
1773049006,662488594,world,cf231_leg,-2.5918071269989014,-1.6075559854507446,0.8030763268470764
1773049006,668213476,world,cf231,-2.585052728652954,-1.6045655012130737,0.8092981576919556
1773049006,668213476,world,cf231_leg,-2.591679811477661,-1.6073544025421143,0.7957345843315125
1773049006,673361280,world,cf231,-2.58486270904541,-1.6046912670135498,0.8016626834869385
1773049006,673361280,world,cf231_leg,-2.591709852218628,-1.607416033744812,0.7879113554954529
1773049006,677419223,world,cf231,-2.584578275680542,-1.6047760248184204,0.7936966419219971
1773049006,677419223,world,cf231_leg,-2.5920112133026123,-1.6076242923736572,0.7801833748817444
1773049006,682532296,world,cf231,-2.5844011306762695,-1.6049731969833374,0.7855647802352905
1773049006,682532296,world,cf231_leg,-2.5919735431671143,-1.6077125072479248,0.7720504403114319
1773049006,687312279,world,cf231,-2.584233045578003,-1.6052442789077759,0.7773213386535645
1773049006,687312279,world,cf231_leg,-2.592008113861084,-1.6077356338500977,0.7637657523155212
1773049006,692485343,world,cf231,-2.5841689109802246,-1.60538649559021,0.7688156366348267
1773049006,692485343,world,cf231_leg,-2.592212438583374,-1.6077523231506348,0.7552990317344666
1773049006,698270298,world,cf231,-2.583773612976074,-1.6055110692977905,0.760004997253418
1773049006,698270298,world,cf231_leg,-2.5922744274139404,-1.6080292463302612,0.7468398809432983
1773049006,702498095,world,cf231,-2.5834498405456543,-1.6056615114212036,0.7509222030639648
1773049006,702498095,world,cf231_leg,-2.592167615890503,-1.6078464984893799,0.7377400398254395
1773049006,707383248,world,cf231,-2.5835886001586914,-1.6061090230941772,0.742232084274292
1773049006,707383248,world,cf231_leg,-2.592379093170166,-1.6077992916107178,0.7286443114280701
1773049006,712416417,world,cf231,-2.583216905593872,-1.6063519716262817,0.7327628135681152
1773049006,712416417,world,cf231_leg,-2.5925283432006836,-1.6079773902893066,0.7191212773323059
1773049006,718350754,world,cf231,-2.583209991455078,-1.6064561605453491,0.7232086658477783
1773049006,718350754,world,cf231_leg,-2.59273624420166,-1.6081968545913696,0.7100965976715088
1773049006,722574802,world,cf231,-2.582934617996216,-1.606516718864441,0.713220477104187
1773049006,722574802,world,cf231_leg,-2.5925164222717285,-1.60810387134552,0.6999629139900208
1773049006,727440601,world,cf231,-2.582815170288086,-1.6068857908248901,0.7035473585128784
1773049006,727440601,world,cf231_leg,-2.592616558074951,-1.6079708337783813,0.6898107528686523
1773049006,732395003,world,cf231,-2.5827085971832275,-1.6072832345962524,0.6932874917984009
1773049006,732395003,world,cf231_leg,-2.5930235385894775,-1.6083381175994873,0.6800937652587891
1773049006,737337161,world,cf231,-2.582348346710205,-1.6071854829788208,0.6825786828994751
1773049006,737337161,world,cf231_leg,-2.59285831451416,-1.6082329750061035,0.6693764328956604
1773049006,742534284,world,cf231,-2.582092761993408,-1.6073397397994995,0.6721616983413696
1773049006,742534284,world,cf231_leg,-2.592895984649658,-1.608350396156311,0.6589955687522888
1773049006,747377817,world,cf231,-2.581843376159668,-1.6078052520751953,0.6608705520629883
1773049006,747377817,world,cf231_leg,-2.5929157733917236,-1.6083074808120728,0.6478310823440552
1773049006,753029459,world,cf231,-2.5819339752197266,-1.6080316305160522,0.6501930952072144
1773049006,753029459,world,cf231_leg,-2.592942237854004,-1.6082158088684082,0.6369820833206177
1773049006,757355437,world,cf231,-2.58160662651062,-1.6080269813537598,0.6387356519699097
1773049006,757355437,world,cf231_leg,-2.5931804180145264,-1.6084812879562378,0.6258036494255066
1773049006,762640341,world,cf231,-2.5814192295074463,-1.6084190607070923,0.6274278163909912
1773049006,762640341,world,cf231_leg,-2.5932579040527344,-1.608420729637146,0.6140587329864502
1773049006,768239227,world,cf231,-2.5811843872070312,-1.6086266040802002,0.615564227104187
1773049006,768239227,world,cf231_leg,-2.5933377742767334,-1.6082508563995361,0.6024152040481567
1773049006,772681938,world,cf231,-2.5810954570770264,-1.6086413860321045,0.6034355163574219
1773049006,772681938,world,cf231_leg,-2.593506097793579,-1.608655571937561,0.5908359885215759
1773049006,777481067,world,cf231,-2.5810461044311523,-1.6090922355651855,0.5914573669433594
1773049006,777481067,world,cf231_leg,-2.5935022830963135,-1.6084346771240234,0.5784043669700623
1773049006,782438366,world,cf231,-2.5810701847076416,-1.6095707416534424,0.5794649124145508
1773049006,782438366,world,cf231_leg,-2.5935401916503906,-1.608482003211975,0.5659346580505371
1773049006,788049202,world,cf231,-2.5806186199188232,-1.6093705892562866,0.5664383172988892
1773049006,788049202,world,cf231_leg,-2.5936903953552246,-1.6086846590042114,0.5533980131149292
1773049006,792468273,world,cf231,-2.5804245471954346,-1.6097162961959839,0.5535479784011841
1773049006,792468273,world,cf231_leg,-2.5934500694274902,-1.6083652973175049,0.5403594970703125
1773049006,797364665,world,cf231,-2.580552101135254,-1.610137701034546,0.540612518787384
1773049006,797364665,world,cf231_leg,-2.5938804149627686,-1.608733892440796,0.5278920531272888
1773049006,802662896,world,cf231,-2.5803916454315186,-1.610305666923523,0.5271356105804443
1773049006,802662896,world,cf231_leg,-2.5936741828918457,-1.6084064245224,0.5141677856445312
1773049006,810523830,world,cf231,-2.580413579940796,-1.6104671955108643,0.5138452053070068
1773049006,810523830,world,cf231_leg,-2.593735694885254,-1.608694076538086,0.5008586049079895
1773049006,814232823,world,cf231,-2.580348014831543,-1.6108083724975586,0.5002129077911377
1773049006,814232823,world,cf231_leg,-2.5940499305725098,-1.6086399555206299,0.48765334486961365
1773049006,817472087,world,cf231,-2.580106019973755,-1.6107465028762817,0.48613104224205017
1773049006,817472087,world,cf231_leg,-2.5936293601989746,-1.608595848083496,0.4731886088848114
1773049006,823266415,world,cf231,-2.580273389816284,-1.6111648082733154,0.47237667441368103
1773049006,823266415,world,cf231_leg,-2.5940163135528564,-1.6086194515228271,0.45939311385154724
1773049006,827447367,world,cf231,-2.580216407775879,-1.6115468740463257,0.4579106867313385
1773049006,827447367,world,cf231_leg,-2.593858480453491,-1.608328104019165,0.44458964467048645
1773049006,832387588,world,cf231,-2.5799827575683594,-1.6114797592163086,0.4432545602321625
1773049006,832387588,world,cf231_leg,-2.594270944595337,-1.608757495880127,0.43062981963157654
1773049006,837522286,world,cf231,-2.580326795578003,-1.6121854782104492,0.42884477972984314
1773049006,837522286,world,cf231_leg,-2.593994379043579,-1.6084644794464111,0.4154181182384491
1773049006,842635811,world,cf231,-2.5800271034240723,-1.6119775772094727,0.4133039116859436
1773049006,842635811,world,cf231_leg,-2.5941388607025146,-1.6087316274642944,0.40048930048942566
1773049006,848330846,world,cf231,-2.580019235610962,-1.6122827529907227,0.3981737494468689
1773049006,848330846,world,cf231_leg,-2.5941383838653564,-1.608474850654602,0.3855692446231842
1773049006,852531426,world,cf231,-2.5803210735321045,-1.6127681732177734,0.38330021500587463
1773049006,852531426,world,cf231_leg,-2.5941364765167236,-1.6087062358856201,0.36996689438819885
1773049006,857508092,world,cf231,-2.5801610946655273,-1.6127632856369019,0.36695772409439087
1773049006,857508092,world,cf231_leg,-2.594093084335327,-1.608583688735962,0.35433074831962585
1773049006,862729137,world,cf231,-2.5803046226501465,-1.6132272481918335,0.35139474272727966
1773049006,862729137,world,cf231_leg,-2.594242811203003,-1.6087026596069336,0.33863648772239685
1773049006,867634028,world,cf231,-2.5802664756774902,-1.6132471561431885,0.33519214391708374
1773049006,867634028,world,cf231_leg,-2.5941381454467773,-1.6083847284317017,0.3226044774055481
1773049006,872449253,world,cf231,-2.5803873538970947,-1.6136943101882935,0.3188520073890686
1773049006,872449253,world,cf231_leg,-2.594399929046631,-1.6086649894714355,0.30630117654800415
1773049006,877420146,world,cf231,-2.5804286003112793,-1.6140216588974,0.30242258310317993
1773049006,877420146,world,cf231_leg,-2.5943663120269775,-1.6086162328720093,0.2898363471031189
1773049006,883385357,world,cf231,-2.580575466156006,-1.6141176223754883,0.2856149673461914
1773049006,883385357,world,cf231_leg,-2.594290018081665,-1.6087180376052856,0.2728715240955353
1773049006,887490744,world,cf231,-2.5809192657470703,-1.6146999597549438,0.26884955167770386
1773049006,887490744,world,cf231_leg,-2.5940215587615967,-1.6082267761230469,0.2557983994483948
1773049006,892454413,world,cf231,-2.5808236598968506,-1.6144812107086182,0.2516791820526123
1773049006,892454413,world,cf231_leg,-2.5942225456237793,-1.6086139678955078,0.23912498354911804
1773049006,898836848,world,cf231,-2.5812392234802246,-1.6151007413864136,0.23435483872890472
1773049006,898836848,world,cf231_leg,-2.5940017700195312,-1.6082924604415894,0.2211202085018158
1773049006,902523969,world,cf231,-2.581202983856201,-1.6150785684585571,0.21642529964447021
1773049006,902523969,world,cf231_leg,-2.5943753719329834,-1.608595371246338,0.20380789041519165
1773049006,907606606,world,cf231,-2.581477642059326,-1.6155827045440674,0.1987648755311966
1773049006,907606606,world,cf231_leg,-2.594149351119995,-1.608201265335083,0.18606287240982056
1773049006,912449154,world,cf231,-2.5816001892089844,-1.6157203912734985,0.1805604100227356
1773049006,912449154,world,cf231_leg,-2.594421148300171,-1.6085861921310425,0.16852623224258423
1773049006,917297085,world,cf231,-2.581897258758545,-1.615943431854248,0.16234898567199707
1773049006,917297085,world,cf231_leg,-2.5940942764282227,-1.6082017421722412,0.15013587474822998
1773049006,922513535,world,cf231,-2.582029342651367,-1.616044044494629,0.14399807155132294
1773049006,922513535,world,cf231_leg,-2.5943148136138916,-1.6081854104995728,0.13193866610527039
1773049006,928327976,world,cf231,-2.5823357105255127,-1.6164714097976685,0.12548434734344482
1773049006,928327976,world,cf231_leg,-2.5943820476531982,-1.6081136465072632,0.11344114691019058
1773049006,932507238,world,cf231,-2.58254075050354,-1.6168105602264404,0.10675227642059326
1773049006,932507238,world,cf231_leg,-2.594254732131958,-1.608089804649353,0.09425529092550278
1773049006,937441327,world,cf231,-2.5827229022979736,-1.6169642210006714,0.08764423429965973
1773049006,937441327,world,cf231_leg,-2.594181776046753,-1.6081563234329224,0.07517897337675095
1773049006,942352559,world,cf231,-2.583132266998291,-1.6171610355377197,0.0684424340724945
1773049006,942352559,world,cf231_leg,-2.593888759613037,-1.60780930519104,0.05575814098119736
1773049006,948260700,world,cf231,-2.583489179611206,-1.6175469160079956,0.050255462527275085
1773049006,948260700,world,cf231_leg,-2.594298839569092,-1.6080322265625,0.03685159236192703
1773049006,952473991,world,cf231,-2.5843088626861572,-1.6174249649047852,0.047165561467409134
1773049006,952473991,world,cf231_leg,-2.594560146331787,-1.607771635055542,0.019638121128082275
1773049006,958270838,world,cf231,-2.586251974105835,-1.6168419122695923,0.0487184002995491
1773049006,958270838,world,cf231_leg,-2.5976526737213135,-1.6065993309020996,0.02176467329263687
1773049006,962512311,world,cf231,-2.5846409797668457,-1.6165738105773926,0.049600958824157715
1773049006,962512311,world,cf231_leg,-2.602362632751465,-1.6051464080810547,0.03210466355085373
1773049006,968886671,world,cf231,-2.5858242511749268,-1.617135763168335,0.053756847977638245
1773049006,968886671,world,cf231_leg,-2.60667085647583,-1.6025660037994385,0.04158184677362442
1773049006,972372360,world,cf231,-2.5883445739746094,-1.616693139076233,0.06345844268798828
1773049006,972372360,world,cf231_leg,-2.6113405227661133,-1.6011782884597778,0.05148793011903763
1773049006,977516675,world,cf231,-2.589681625366211,-1.6176328659057617,0.07290912419557571
1773049006,977516675,world,cf231_leg,-2.6150803565979004,-1.5990732908248901,0.06040973216295242
1773049006,982494464,world,cf231,-2.591010808944702,-1.6183514595031738,0.08399493992328644
1773049006,982494464,world,cf231_leg,-2.6192901134490967,-1.5973093509674072,0.06974519044160843
1773049006,989181162,world,cf231,-2.5930676460266113,-1.6184865236282349,0.09379240870475769
1773049006,989181162,world,cf231_leg,-2.623464345932007,-1.5956395864486694,0.078135646879673
1773049006,993851270,world,cf231,-2.5953054428100586,-1.6188857555389404,0.10249387472867966
1773049006,993851270,world,cf231_leg,-2.627544641494751,-1.593715786933899,0.08641401678323746
1773049006,997224554,world,cf231,-2.597846031188965,-1.619926929473877,0.11064673960208893
1773049006,997224554,world,cf231_leg,-2.630490303039551,-1.5918470621109009,0.09382884949445724
1773049007,2938512,world,cf231,-2.6002135276794434,-1.6202224493026733,0.11931589990854263
1773049007,2938512,world,cf231_leg,-2.635220527648926,-1.5902281999588013,0.10169049352407455
1773049007,7502301,world,cf231,-2.602079391479492,-1.620327115058899,0.1280428171157837
1773049007,7502301,world,cf231_leg,-2.640130043029785,-1.5882765054702759,0.10960223525762558
1773049007,12490124,world,cf231,-2.6038739681243896,-1.6206270456314087,0.1357950121164322
1773049007,12490124,world,cf231_leg,-2.644416332244873,-1.5868010520935059,0.11756963282823563
1773049007,17527892,world,cf231,-2.6062867641448975,-1.6214390993118286,0.14423152804374695
1773049007,17527892,world,cf231_leg,-2.648448944091797,-1.584621548652649,0.12435402721166611
1773049007,29764291,world,cf231,-2.6084749698638916,-1.6216001510620117,0.1522546112537384
1773049007,29764291,world,cf231_leg,-2.6527349948883057,-1.5830386877059937,0.13110440969467163
1773049007,33303742,world,cf231,-2.612499475479126,-1.622197151184082,0.16729530692100525
1773049007,33303742,world,cf231_leg,-2.6605098247528076,-1.5793516635894775,0.14348706603050232
1773049007,37824991,world,cf231,-2.6146063804626465,-1.622630000114441,0.17383480072021484
1773049007,37824991,world,cf231_leg,-2.6648952960968018,-1.5779772996902466,0.1499495804309845
1773049007,42505774,world,cf231,-2.616988182067871,-1.622805118560791,0.1813468486070633
1773049007,42505774,world,cf231_leg,-2.668440103530884,-1.575678825378418,0.1547158658504486
1773049007,47406581,world,cf231,-2.6192028522491455,-1.6235042810440063,0.18789945542812347
1773049007,47406581,world,cf231_leg,-2.672840118408203,-1.5742584466934204,0.16031160950660706
1773049007,52234944,world,cf231,-2.621290445327759,-1.6236013174057007,0.19460123777389526
1773049007,52234944,world,cf231_leg,-2.6767687797546387,-1.5722676515579224,0.16540059447288513
1773049007,57476591,world,cf231,-2.6233162879943848,-1.623595952987671,0.20088326930999756
1773049007,57476591,world,cf231_leg,-2.6806867122650146,-1.5706279277801514,0.17061880230903625
1773049007,62425860,world,cf231,-2.6256356239318848,-1.6239473819732666,0.206758052110672
1773049007,62425860,world,cf231_leg,-2.684373140335083,-1.5686970949172974,0.174678772687912
1773049007,67461729,world,cf231,-2.6278090476989746,-1.6241400241851807,0.21293674409389496
1773049007,67461729,world,cf231_leg,-2.688448190689087,-1.5671888589859009,0.17916080355644226
1773049007,72508336,world,cf231,-2.630089044570923,-1.624561071395874,0.21901266276836395
1773049007,72508336,world,cf231_leg,-2.6923582553863525,-1.5653166770935059,0.18345540761947632
1773049007,77341691,world,cf231,-2.6323516368865967,-1.6248080730438232,0.2246675044298172
1773049007,77341691,world,cf231_leg,-2.696268081665039,-1.563628077507019,0.1871383786201477
1773049007,82452665,world,cf231,-2.6346607208251953,-1.6250203847885132,0.2299492061138153
1773049007,82452665,world,cf231_leg,-2.700139284133911,-1.5617066621780396,0.19049659371376038
1773049007,88345396,world,cf231,-2.636932849884033,-1.6252692937850952,0.23518984019756317
1773049007,88345396,world,cf231_leg,-2.704162359237671,-1.5601929426193237,0.19416525959968567
1773049007,92410746,world,cf231,-2.639157295227051,-1.6254141330718994,0.24024416506290436
1773049007,92410746,world,cf231_leg,-2.7080039978027344,-1.558362364768982,0.19697123765945435
1773049007,97553859,world,cf231,-2.6412131786346436,-1.6253042221069336,0.24433863162994385
1773049007,97553859,world,cf231_leg,-2.7119500637054443,-1.5566911697387695,0.19976916909217834
1773049007,102639056,world,cf231,-2.643603563308716,-1.625349521636963,0.24907660484313965
1773049007,102639056,world,cf231_leg,-2.7158565521240234,-1.5549824237823486,0.20269864797592163
1773049007,108350429,world,cf231,-2.64604115486145,-1.625455379486084,0.25392240285873413
1773049007,108350429,world,cf231_leg,-2.719778060913086,-1.553341269493103,0.205267071723938
1773049007,112483531,world,cf231,-2.6482579708099365,-1.6254119873046875,0.25785115361213684
1773049007,112483531,world,cf231_leg,-2.723400592803955,-1.551458477973938,0.20672863721847534
1773049007,118340495,world,cf231,-2.6506853103637695,-1.625285267829895,0.26180562376976013
1773049007,118340495,world,cf231_leg,-2.7273173332214355,-1.5498895645141602,0.20875626802444458
1773049007,122524380,world,cf231,-2.65324068069458,-1.6253503561019897,0.2659478783607483
1773049007,122524380,world,cf231_leg,-2.731245994567871,-1.5479284524917603,0.21047186851501465
1773049007,127611816,world,cf231,-2.655557155609131,-1.6251999139785767,0.2692033350467682
1773049007,127611816,world,cf231_leg,-2.7350893020629883,-1.5466101169586182,0.21162202954292297
1773049007,132558532,world,cf231,-2.6580920219421387,-1.6252394914627075,0.2726711630821228
1773049007,132558532,world,cf231_leg,-2.7389395236968994,-1.5445865392684937,0.2130456566810608
1773049007,137442978,world,cf231,-2.66031813621521,-1.6250511407852173,0.2756009101867676
1773049007,137442978,world,cf231_leg,-2.742746353149414,-1.5431607961654663,0.21355387568473816
1773049007,142364342,world,cf231,-2.6631410121917725,-1.6247166395187378,0.2786370515823364
1773049007,142364342,world,cf231_leg,-2.7471201419830322,-1.5413726568222046,0.21455907821655273
1773049007,147368433,world,cf231,-2.6654908657073975,-1.6247379779815674,0.2813584804534912
1773049007,147368433,world,cf231_leg,-2.7503550052642822,-1.5396537780761719,0.21447709202766418
1773049007,152521943,world,cf231,-2.6680619716644287,-1.6243600845336914,0.28382408618927
1773049007,152521943,world,cf231_leg,-2.755810022354126,-1.5383015871047974,0.21600723266601562
1773049007,157591417,world,cf231,-2.6704113483428955,-1.6239492893218994,0.28583452105522156
1773049007,157591417,world,cf231_leg,-2.7581775188446045,-1.5361183881759644,0.21471118927001953
1773049007,162543827,world,cf231,-2.6730918884277344,-1.6236430406570435,0.2879602909088135
1773049007,162543827,world,cf231_leg,-2.7628209590911865,-1.5349336862564087,0.21493130922317505
1773049007,167751510,world,cf231,-2.675565004348755,-1.623221516609192,0.2897632420063019
1773049007,167751510,world,cf231_leg,-2.7659220695495605,-1.5329959392547607,0.21358466148376465
1773049007,172421250,world,cf231,-2.678419589996338,-1.6230181455612183,0.2916247248649597
1773049007,172421250,world,cf231_leg,-2.7696828842163086,-1.531484842300415,0.2129213511943817
1773049007,177674124,world,cf231,-2.681152105331421,-1.6227376461029053,0.2928832769393921
1773049007,177674124,world,cf231_leg,-2.7737882137298584,-1.5300300121307373,0.21199765801429749
1773049007,182453754,world,cf231,-2.6838457584381104,-1.6223092079162598,0.2942500114440918
1773049007,182453754,world,cf231_leg,-2.777153968811035,-1.5280381441116333,0.2104567289352417
1773049007,187445607,world,cf231,-2.6863925457000732,-1.6215875148773193,0.29519426822662354
1773049007,187445607,world,cf231_leg,-2.781196117401123,-1.5266785621643066,0.20899206399917603
1773049007,193679267,world,cf231,-2.6891162395477295,-1.620915412902832,0.29569560289382935
1773049007,193679267,world,cf231_leg,-2.784527540206909,-1.525019645690918,0.2066378891468048
1773049007,197803151,world,cf231,-2.692077398300171,-1.6206700801849365,0.2963167428970337
1773049007,197803151,world,cf231_leg,-2.7879300117492676,-1.5232298374176025,0.20441877841949463
1773049007,202511184,world,cf231,-2.6948652267456055,-1.620285153388977,0.2970251441001892
1773049007,202511184,world,cf231_leg,-2.792614221572876,-1.5219249725341797,0.20296332240104675
1773049007,207568470,world,cf231,-2.6976137161254883,-1.6194297075271606,0.2968851327896118
1773049007,207568470,world,cf231_leg,-2.7954373359680176,-1.5201784372329712,0.19987162947654724
1773049007,212403708,world,cf231,-2.700526475906372,-1.6186434030532837,0.2967556118965149
1773049007,212403708,world,cf231_leg,-2.8004910945892334,-1.518606424331665,0.19767168164253235
1773049007,217655749,world,cf231,-2.7036707401275635,-1.6182337999343872,0.2969183027744293
1773049007,217655749,world,cf231_leg,-2.8035566806793213,-1.517130732536316,0.19424140453338623
1773049007,222453962,world,cf231,-2.7064032554626465,-1.6173754930496216,0.2962184548377991
1773049007,222453962,world,cf231_leg,-2.808055877685547,-1.515499472618103,0.19132554531097412
1773049007,245151081,world,cf231,-2.7091293334960938,-1.6163958311080933,0.2948453724384308
1773049007,245151081,world,cf231_leg,-2.8113105297088623,-1.5138263702392578,0.18743625283241272
1773049007,248430638,world,cf231,-2.721400499343872,-1.613326072692871,0.2897871434688568
1773049007,248430638,world,cf231_leg,-2.827606678009033,-1.5080815553665161,0.17181551456451416
1773049007,252431722,world,cf231,-2.724466562271118,-1.6121010780334473,0.2876812815666199
1773049007,252431722,world,cf231_leg,-2.8312923908233643,-1.5065356492996216,0.1667163074016571
1773049007,257520916,world,cf231,-2.727743148803711,-1.6113637685775757,0.28541299700737
1773049007,257520916,world,cf231_leg,-2.835125207901001,-1.5050008296966553,0.16179758310317993
1773049007,262487790,world,cf231,-2.730872869491577,-1.6102702617645264,0.28317588567733765
1773049007,262487790,world,cf231_leg,-2.8389012813568115,-1.5036953687667847,0.1564544141292572
1773049007,267589525,world,cf231,-2.734097719192505,-1.6093753576278687,0.2806740999221802
1773049007,267589525,world,cf231_leg,-2.8428452014923096,-1.5022172927856445,0.1511003077030182
1773049007,272543397,world,cf231,-2.7371904850006104,-1.6081526279449463,0.27758920192718506
1773049007,272543397,world,cf231_leg,-2.8464531898498535,-1.5006023645401,0.14541012048721313
1773049007,278303814,world,cf231,-2.7406721115112305,-1.6071149110794067,0.2746864855289459
1773049007,278303814,world,cf231_leg,-2.850466251373291,-1.4993436336517334,0.13942012190818787
1773049007,282849188,world,cf231,-2.7438488006591797,-1.6058063507080078,0.2712121307849884
1773049007,282849188,world,cf231_leg,-2.854193925857544,-1.497899055480957,0.1335967481136322
1773049007,288293981,world,cf231,-2.7472662925720215,-1.6048444509506226,0.2677091956138611
1773049007,288293981,world,cf231_leg,-2.8577637672424316,-1.4965230226516724,0.12659808993339539
1773049007,295132582,world,cf231,-2.750713586807251,-1.6034913063049316,0.2639531195163727
1773049007,295132582,world,cf231_leg,-2.861595630645752,-1.4951834678649902,0.12005532532930374
1773049007,297432073,world,cf231,-2.754040241241455,-1.6022601127624512,0.2598828673362732
1773049007,297432073,world,cf231_leg,-2.865452527999878,-1.4937222003936768,0.11324179917573929
1773049007,303023632,world,cf231,-2.757322311401367,-1.6008490324020386,0.255495548248291
1773049007,303023632,world,cf231_leg,-2.8691518306732178,-1.492169976234436,0.10608569532632828
1773049007,308203586,world,cf231,-2.7609517574310303,-1.5996867418289185,0.25122785568237305
1773049007,308203586,world,cf231_leg,-2.872972011566162,-1.4910510778427124,0.09874062985181808
1773049007,312831332,world,cf231,-2.764516830444336,-1.5983080863952637,0.24627390503883362
1773049007,312831332,world,cf231_leg,-2.8768060207366943,-1.489668846130371,0.09111014753580093
1773049007,317439699,world,cf231,-2.7680130004882812,-1.5969003438949585,0.24149809777736664
1773049007,317439699,world,cf231_leg,-2.8802683353424072,-1.4883960485458374,0.08309834450483322
1773049007,322556250,world,cf231,-2.7714834213256836,-1.595349907875061,0.23588278889656067
1773049007,322556250,world,cf231_leg,-2.884047508239746,-1.4867708683013916,0.07510467618703842
1773049007,327804151,world,cf231,-2.775209426879883,-1.5941652059555054,0.23089130222797394
1773049007,327804151,world,cf231_leg,-2.8876779079437256,-1.4856871366500854,0.0667891576886177
1773049007,332650638,world,cf231,-2.778748035430908,-1.5922269821166992,0.2246379405260086
1773049007,332650638,world,cf231_leg,-2.891834259033203,-1.4846786260604858,0.05885881930589676
1773049007,337440753,world,cf231,-2.782369613647461,-1.590927243232727,0.2190975695848465
1773049007,337440753,world,cf231_leg,-2.8950719833374023,-1.4832406044006348,0.0496070459485054
1773049007,342458428,world,cf231,-2.7862539291381836,-1.5897730588912964,0.21287360787391663
1773049007,347698082,world,cf231,-2.789581775665283,-1.5876954793930054,0.2056795358657837
1773049007,352436297,world,cf231,-2.7937209606170654,-1.5862311124801636,0.1997908353805542
1773049007,358705359,world,cf231,-2.7973382472991943,-1.5845915079116821,0.19297286868095398
1773049007,362464618,world,cf231,-2.801365852355957,-1.583221673965454,0.18577846884727478
1773049007,368364498,world,cf231,-2.8051352500915527,-1.5813465118408203,0.17825357615947723
1773049007,373249775,world,cf231,-2.808811902999878,-1.579340934753418,0.17021691799163818
1773049007,377390851,world,cf231,-2.8127458095550537,-1.5775177478790283,0.16229069232940674
1773049007,383247990,world,cf231,-2.816624641418457,-1.5757976770401,0.15439805388450623
1773049007,387402571,world,cf231,-2.8208181858062744,-1.5741772651672363,0.1460757851600647
1773049007,392576477,world,cf231,-2.8246915340423584,-1.5721639394760132,0.13676822185516357
1773049007,398340409,world,cf231,-2.828674793243408,-1.5702476501464844,0.12817367911338806
1773049007,402764370,world,cf231,-2.832787036895752,-1.5683387517929077,0.1191837266087532
1773049007,407532912,world,cf231,-2.836702823638916,-1.5664634704589844,0.1095370352268219
1773049007,413204370,world,cf231,-2.840573310852051,-1.5639933347702026,0.0994182676076889
1773049007,417583212,world,cf231,-2.844165563583374,-1.5625568628311157,0.0905269980430603
1773049007,423371310,world,cf231,-2.8471145629882812,-1.5591790676116943,0.09359961748123169
1773049007,423371310,world,cf231_leg,-2.9479994773864746,-1.4627739191055298,-0.12753941118717194
1773049007,428283887,world,cf231,-2.8430287837982178,-1.5484364032745361,0.10389633476734161
1773049007,428283887,world,cf231_leg,-2.9468483924865723,-1.459381341934204,-0.12332000583410263
1773049007,433150590,world,cf231,-2.838487386703491,-1.5372254848480225,0.11350703239440918
1773049007,433150590,world,cf231_leg,-2.9459478855133057,-1.456405758857727,-0.11761710047721863
1773049007,439020660,world,cf231,-2.8382201194763184,-1.5307762622833252,0.12254732847213745
1773049007,442519534,world,cf231,-2.839080810546875,-1.5260117053985596,0.13152611255645752
1773049007,447379369,world,cf231,-2.8379523754119873,-1.5181180238723755,0.13911059498786926
1773049007,452457882,world,cf231,-2.834812641143799,-1.5079952478408813,0.14551016688346863
1773049007,457491001,world,cf231,-2.831894874572754,-1.497933030128479,0.15119138360023499
1773049007,462647738,world,cf231,-2.830554723739624,-1.4892078638076782,0.15759959816932678
1773049007,468221259,world,cf231,-2.8304033279418945,-1.4819282293319702,0.16411849856376648
1773049007,472585820,world,cf231,-2.8305392265319824,-1.473950982093811,0.17092788219451904
1773049007,472585820,world,cf231_leg,-2.9335148334503174,-1.4409047365188599,-0.08740350604057312
1773049007,477536420,world,cf231,-2.8297007083892822,-1.4648795127868652,0.17576444149017334
1773049007,477536420,world,cf231_leg,-2.9312832355499268,-1.4384784698486328,-0.08340872824192047
1773049007,482530827,world,cf231,-2.8284029960632324,-1.4558929204940796,0.17991912364959717
1773049007,482530827,world,cf231_leg,-2.9297428131103516,-1.4367111921310425,-0.07942605018615723
1773049007,488178837,world,cf231,-2.827359437942505,-1.4472203254699707,0.1833793818950653
1773049007,488178837,world,cf231_leg,-2.928863525390625,-1.4349570274353027,-0.07626786082983017
1773049007,493414740,world,cf231,-2.8263940811157227,-1.438263177871704,0.18642644584178925
1773049007,497586329,world,cf231,-2.825671911239624,-1.4293818473815918,0.18882155418395996
1773049007,497586329,world,cf231_leg,-2.9235265254974365,-1.4312447309494019,-0.07221940159797668
1773049007,502581023,world,cf231,-2.8253679275512695,-1.4202924966812134,0.19142070412635803
1773049007,502581023,world,cf231_leg,-2.9235105514526367,-1.429815411567688,-0.06968289613723755
1773049007,507529126,world,cf231,-2.8251967430114746,-1.411514163017273,0.19330823421478271
1773049007,507529126,world,cf231_leg,-2.9222822189331055,-1.4279299974441528,-0.06696656346321106
1773049007,512446564,world,cf231,-2.824779510498047,-1.4024896621704102,0.19452492892742157
1773049007,512446564,world,cf231_leg,-2.9222352504730225,-1.4279495477676392,-0.0625876784324646
1773049007,517383548,world,cf231,-2.8236682415008545,-1.3933483362197876,0.1939505934715271
1773049007,517383548,world,cf231_leg,-2.9207823276519775,-1.426315188407898,-0.05987492948770523
1773049007,522506368,world,cf231,-2.823150396347046,-1.3845025300979614,0.19393256306648254
1773049007,522506368,world,cf231_leg,-2.9195516109466553,-1.4244481325149536,-0.0574570931494236
1773049007,527524866,world,cf231,-2.822564125061035,-1.3756427764892578,0.19277527928352356
1773049007,527524866,world,cf231_leg,-2.9181458950042725,-1.4224138259887695,-0.05536998435854912
1773049007,532433294,world,cf231,-2.822256088256836,-1.3668588399887085,0.19135640561580658
1773049007,532433294,world,cf231_leg,-2.9169371128082275,-1.4205797910690308,-0.05399182811379433
1773049007,537544542,world,cf231,-2.82167649269104,-1.3580410480499268,0.18905404210090637
1773049007,537544542,world,cf231_leg,-2.9154305458068848,-1.4184165000915527,-0.052091147750616074
1773049007,542525549,world,cf231,-2.8212225437164307,-1.3497858047485352,0.18588250875473022
1773049007,542525549,world,cf231_leg,-2.9139926433563232,-1.4160743951797485,-0.050216782838106155
1773049007,547634553,world,cf231,-2.820876121520996,-1.3418242931365967,0.18292883038520813
1773049007,547634553,world,cf231_leg,-2.912423849105835,-1.4139081239700317,-0.049563564360141754
1773049007,553565285,world,cf231,-2.820401668548584,-1.3339849710464478,0.17878632247447968
1773049007,553565285,world,cf231_leg,-2.909895420074463,-1.4097657203674316,-0.04974900186061859
1773049007,557670222,world,cf231,-2.8204104900360107,-1.326371669769287,0.1749350130558014
1773049007,557670222,world,cf231_leg,-2.90883469581604,-1.4075896739959717,-0.048261988908052444
1773049007,562393393,world,cf231,-2.8201093673706055,-1.3188424110412598,0.17043356597423553
1773049007,562393393,world,cf231_leg,-2.9071686267852783,-1.4048256874084473,-0.04805416613817215
1773049007,567380629,world,cf231,-2.8195178508758545,-1.3114451169967651,0.16443000733852386
1773049007,567380629,world,cf231_leg,-2.9059371948242188,-1.4024420976638794,-0.04677042365074158
1773049007,572367387,world,cf231,-2.819084644317627,-1.3047058582305908,0.15819421410560608
1773049007,572367387,world,cf231_leg,-2.904179334640503,-1.3995109796524048,-0.0470162034034729
1773049007,577529069,world,cf231,-2.81912899017334,-1.2986327409744263,0.15235573053359985
1773049007,577529069,world,cf231_leg,-2.9029390811920166,-1.3967604637145996,-0.04626671224832535
1773049007,582698103,world,cf231,-2.8186144828796387,-1.2920331954956055,0.14529384672641754
1773049007,582698103,world,cf231_leg,-2.901486873626709,-1.393889307975769,-0.04661259427666664
1773049007,587569990,world,cf231,-2.818697452545166,-1.2865647077560425,0.13865694403648376
1773049007,587569990,world,cf231_leg,-2.899963140487671,-1.3904184103012085,-0.04681304842233658
1773049007,593280479,world,cf231,-2.8182308673858643,-1.280837059020996,0.13086648285388947
1773049007,593280479,world,cf231_leg,-2.8983869552612305,-1.3874977827072144,-0.04727502167224884
1773049007,597376767,world,cf231,-2.8179433345794678,-1.27581787109375,0.12277138233184814
1773049007,597376767,world,cf231_leg,-2.897081136703491,-1.384223461151123,-0.04719335585832596
1773049007,602448045,world,cf231,-2.8179938793182373,-1.271306037902832,0.11572130769491196
1773049007,602448045,world,cf231_leg,-2.8954498767852783,-1.380703091621399,-0.0486128143966198
1773049007,607596375,world,cf231,-2.817384719848633,-1.266907811164856,0.10603435337543488
1773049007,607596375,world,cf231_leg,-2.894087076187134,-1.3773534297943115,-0.049822840839624405
1773049007,612484165,world,cf231,-2.8168132305145264,-1.263147234916687,0.09714332222938538
1773049007,612484165,world,cf231_leg,-2.8928134441375732,-1.373823642730713,-0.05070595443248749
1773049007,617455619,world,cf231,-2.8167121410369873,-1.2593644857406616,0.0883314460515976
1773049007,617455619,world,cf231_leg,-2.891465425491333,-1.370346188545227,-0.05243588611483574
1773049007,622424579,world,cf231,-2.8158791065216064,-1.2561043500900269,0.07807043194770813
1773049007,622424579,world,cf231_leg,-2.889819860458374,-1.3664917945861816,-0.05466417223215103
1773049007,627501186,world,cf231,-2.8152995109558105,-1.2532174587249756,0.06910791993141174
1773049007,627501186,world,cf231_leg,-2.888300895690918,-1.3625544309616089,-0.05698453262448311
1773049007,632536933,world,cf231,-2.8144705295562744,-1.2505607604980469,0.058835167437791824
1773049007,632536933,world,cf231_leg,-2.8869314193725586,-1.3585973978042603,-0.059459611773490906
1773049007,637437406,world,cf231,-2.813913106918335,-1.2487865686416626,0.048581141978502274
1773049007,637437406,world,cf231_leg,-2.885721445083618,-1.354526400566101,-0.06216369569301605
1773049007,642386276,world,cf231,-2.813140392303467,-1.2467913627624512,0.03836199641227722
1773049007,642386276,world,cf231_leg,-2.8841605186462402,-1.3502098321914673,-0.06558365374803543
1773049007,647447453,world,cf231,-2.812997579574585,-1.2457431554794312,0.028855828568339348
1773049007,647447453,world,cf231_leg,-2.882736921310425,-1.3462793827056885,-0.06880998611450195
1773049007,652520362,world,cf231_leg,-2.88165545463562,-1.3423357009887695,-0.0725211650133133
1773049007,657572580,world,cf231,-2.8093748092651367,-1.2400881052017212,0.02120433934032917
1773049007,657572580,world,cf231_leg,-2.8813636302948,-1.3392362594604492,-0.07632428407669067
1773049007,662471099,world,cf231_leg,-2.8817877769470215,-1.3373029232025146,-0.08118890970945358
1773049007,668265640,world,cf231,-2.8135297298431396,-1.2364072799682617,0.023329073563218117
1773049007,668265640,world,cf231_leg,-2.881850242614746,-1.3352715969085693,-0.08735889941453934
1773049007,672500387,world,cf231,-2.8112878799438477,-1.2333686351776123,0.023617487400770187
1773049007,672500387,world,cf231_leg,-2.882011651992798,-1.3335074186325073,-0.09283343702554703
1773049007,678273301,world,cf231,-2.80954909324646,-1.2286739349365234,0.026498841121792793
1773049007,678273301,world,cf231_leg,-2.882537841796875,-1.3300710916519165,-0.09682537615299225
1773049007,682493464,world,cf231,-2.7997264862060547,-1.2229835987091064,0.02464989200234413
1773049007,682493464,world,cf231_leg,-2.8832459449768066,-1.3259855508804321,-0.0992405116558075
1773049007,687458166,world,cf231_leg,-2.8829777240753174,-1.3235424757003784,-0.0974489375948906
1773049007,692571858,world,cf231,-2.8067121505737305,-1.224319338798523,0.02451474405825138
1773049007,692571858,world,cf231_leg,-2.8823394775390625,-1.3222209215164185,-0.09544163942337036
1773049007,698280627,world,cf231,-2.805640697479248,-1.226076364517212,0.01965450868010521
1773049007,698280627,world,cf231_leg,-2.8818366527557373,-1.3214421272277832,-0.0934193879365921
1773049007,702528290,world,cf231_leg,-2.881387233734131,-1.320346713066101,-0.0911109521985054
1773049007,708235127,world,cf231,-2.805773973464966,-1.225506067276001,0.018612090498209
1773049007,708235127,world,cf231_leg,-2.8807590007781982,-1.3191417455673218,-0.089785136282444
1773049007,712517244,world,cf231,-2.8051819801330566,-1.2253227233886719,0.018322214484214783
1773049007,712517244,world,cf231_leg,-2.8803493976593018,-1.3176016807556152,-0.088128961622715
1773049007,717427764,world,cf231,-2.8043859004974365,-1.2252024412155151,0.017877783626317978
1773049007,717427764,world,cf231_leg,-2.879899501800537,-1.3164660930633545,-0.0872364491224289
1773049007,722518973,world,cf231,-2.8032498359680176,-1.2248766422271729,0.017757773399353027
1773049007,722518973,world,cf231_leg,-2.8797082901000977,-1.3156781196594238,-0.08633548766374588
1773049007,727592126,world,cf231,-2.8021514415740967,-1.2245980501174927,0.017579205334186554
1773049007,727592126,world,cf231_leg,-2.8793251514434814,-1.3151367902755737,-0.08650204539299011
1773049007,732511438,world,cf231,-2.801459789276123,-1.2244607210159302,0.017727088183164597
1773049007,732511438,world,cf231_leg,-2.879293203353882,-1.314468264579773,-0.08610393106937408
1773049007,737496988,world,cf231_leg,-2.8788695335388184,-1.313708782196045,-0.08624681830406189
1773049007,742424716,world,cf231_leg,-2.8783118724823,-1.3126994371414185,-0.08687946200370789
1773049007,747494360,world,cf231_leg,-2.8781075477600098,-1.31184720993042,-0.08755960315465927
1773049007,752531741,world,cf231_leg,-2.877814769744873,-1.3111950159072876,-0.08826163411140442
1773049007,757564102,world,cf231_leg,-2.877303123474121,-1.3106998205184937,-0.08962218463420868
1773049007,762501229,world,cf231_leg,-2.8772709369659424,-1.3100776672363281,-0.09058759361505508
1773049007,767509418,world,cf231_leg,-2.8768489360809326,-1.3093522787094116,-0.09255359321832657
1773049007,772316957,world,cf231_leg,-2.8764736652374268,-1.3084989786148071,-0.09439393877983093
1773049007,777508238,world,cf231_leg,-2.876565933227539,-1.307787299156189,-0.09448186308145523
1773049007,782501089,world,cf231_leg,-2.877089738845825,-1.3074482679367065,-0.09341847896575928
1773049007,787464421,world,cf231_leg,-2.877687454223633,-1.3067352771759033,-0.09230667352676392
1773049007,792634082,world,cf231,-2.798452854156494,-1.2152340412139893,0.016440249979496002
1773049007,792634082,world,cf231_leg,-2.878213405609131,-1.3059329986572266,-0.09178046137094498
1773049007,797422463,world,cf231,-2.7993404865264893,-1.2143319845199585,0.015857189893722534
1773049007,797422463,world,cf231_leg,-2.878767251968384,-1.3050328493118286,-0.0916309803724289
1773049007,802608939,world,cf231,-2.800415277481079,-1.213715672492981,0.01598731055855751
1773049007,802608939,world,cf231_leg,-2.8792638778686523,-1.3043142557144165,-0.0918474867939949
1773049007,807480109,world,cf231_leg,-2.8798716068267822,-1.3036625385284424,-0.09196554869413376
1773049007,812488171,world,cf231_leg,-2.8804454803466797,-1.303026795387268,-0.09273014217615128
1773049007,817617512,world,cf231_leg,-2.8811874389648438,-1.3022669553756714,-0.0932806134223938
1773049007,822512422,world,cf231_leg,-2.881753921508789,-1.3015488386154175,-0.09418515861034393
1773049007,827488643,world,cf231_leg,-2.882298707962036,-1.3009138107299805,-0.09521251171827316
1773049007,833336166,world,cf231_leg,-2.883188247680664,-1.3005516529083252,-0.09510266780853271
1773049007,837566232,world,cf231_leg,-2.8838303089141846,-1.300283670425415,-0.09504958242177963
1773049007,843624872,world,cf231_leg,-2.8846335411071777,-1.300059199333191,-0.09476031363010406
1773049007,847651588,world,cf231_leg,-2.8852906227111816,-1.299655795097351,-0.09498267620801926
1773049007,852630306,world,cf231_leg,-2.8857665061950684,-1.2990201711654663,-0.09542856365442276
1773049007,857555731,world,cf231_leg,-2.8864097595214844,-1.2983429431915283,-0.09602946043014526
1773049007,862485309,world,cf231_leg,-2.887190341949463,-1.2979224920272827,-0.09642788767814636
1773049007,867502217,world,cf231_leg,-2.888062000274658,-1.2976020574569702,-0.09652390331029892
1773049007,873279726,world,cf231_leg,-2.8890252113342285,-1.2972465753555298,-0.09644720703363419
1773049007,877555292,world,cf231_leg,-2.8899781703948975,-1.29679274559021,-0.09701909124851227
1773049007,882388079,world,cf231_leg,-2.8906664848327637,-1.295966386795044,-0.09764612466096878
1773049007,887516971,world,cf231_leg,-2.891535758972168,-1.2951574325561523,-0.09820569306612015
1773049007,893399063,world,cf231_leg,-2.892289638519287,-1.2945038080215454,-0.09868025034666061
1773049007,897575909,world,cf231_leg,-2.8933210372924805,-1.294001579284668,-0.09871746599674225
1773049007,902578794,world,cf231_leg,-2.894357919692993,-1.2933093309402466,-0.09914921969175339
1773049007,907546335,world,cf231_leg,-2.895003318786621,-1.2920423746109009,-0.09988784790039062
1773049007,912450712,world,cf231_leg,-2.8960378170013428,-1.2913665771484375,-0.10054146498441696
1773049007,917711977,world,cf231,-2.792337417602539,-1.2093465328216553,0.012790482491254807
1773049007,917711977,world,cf231_leg,-2.897355318069458,-1.2907209396362305,-0.10097898542881012
1773049007,922665218,world,cf231,-2.7926084995269775,-1.2093380689620972,0.013190940022468567
1773049007,922665218,world,cf231_leg,-2.8980770111083984,-1.289542555809021,-0.10195233672857285
1773049007,927486183,world,cf231,-2.792848825454712,-1.2092149257659912,0.01297111064195633
1773049007,927486183,world,cf231_leg,-2.8993232250213623,-1.2886532545089722,-0.10254557430744171
1773049007,932485803,world,cf231,-2.7932674884796143,-1.209267020225525,0.013138223439455032
1773049007,932485803,world,cf231_leg,-2.900620937347412,-1.2879207134246826,-0.10396294295787811
1773049007,938383300,world,cf231,-2.79353928565979,-1.2090399265289307,0.013064265251159668
1773049007,938383300,world,cf231_leg,-2.901851177215576,-1.2869603633880615,-0.10479643940925598
1773049007,942572324,world,cf231,-2.793811559677124,-1.20888090133667,0.013425864279270172
1773049007,942572324,world,cf231_leg,-2.902923822402954,-1.2859030961990356,-0.10586301237344742
1773049007,947678682,world,cf231,-2.7941067218780518,-1.208748459815979,0.013492561876773834
1773049007,947678682,world,cf231_leg,-2.9041426181793213,-1.2849339246749878,-0.10752872377634048
1773049007,953258738,world,cf231,-2.7944953441619873,-1.2087409496307373,0.013633400201797485
1773049007,953258738,world,cf231_leg,-2.905580997467041,-1.2842450141906738,-0.10866750776767731
1773049007,957572366,world,cf231,-2.7949044704437256,-1.2084259986877441,0.013979461044073105
1773049007,957572366,world,cf231_leg,-2.9067680835723877,-1.2828673124313354,-0.11014077812433243
1773049007,962398238,world,cf231,-2.797405242919922,-1.2108207941055298,0.016390088945627213
1773049007,962398238,world,cf231_leg,-2.908172845840454,-1.2824257612228394,-0.11160728335380554
1773049007,967630700,world,cf231,-2.798130750656128,-1.2106143236160278,0.016827266663312912
1773049007,967630700,world,cf231_leg,-2.9093172550201416,-1.2823909521102905,-0.11083771288394928
1773049007,972681952,world,cf231,-2.799567937850952,-1.210140585899353,0.018037497997283936
1773049007,972681952,world,cf231_leg,-2.909874439239502,-1.2824782133102417,-0.11043931543827057
1773049007,977443675,world,cf231,-2.7987606525421143,-1.2063401937484741,0.01742291823029518
1773049007,977443675,world,cf231_leg,-2.910457134246826,-1.2826346158981323,-0.11011436581611633
1773049007,982572208,world,cf231,-2.8019447326660156,-1.208686113357544,0.019597608596086502
1773049007,982572208,world,cf231_leg,-2.911160469055176,-1.282808780670166,-0.10985677689313889
1773049007,987565885,world,cf231,-2.8008840084075928,-1.2056078910827637,0.01828659325838089
1773049007,987565885,world,cf231_leg,-2.911909818649292,-1.2830177545547485,-0.10970490425825119
1773049007,992527981,world,cf231,-2.804107189178467,-1.2076845169067383,0.019853711128234863
1773049007,992527981,world,cf231_leg,-2.9127895832061768,-1.28326416015625,-0.10961323231458664
1773049007,997864317,world,cf231,-2.8049421310424805,-1.20789635181427,0.020560406148433685
1773049007,997864317,world,cf231_leg,-2.9135029315948486,-1.283515214920044,-0.10947459191083908
1773049008,2435186,world,cf231,-2.80578351020813,-1.2076209783554077,0.020780913531780243
1773049008,2435186,world,cf231_leg,-2.913750648498535,-1.2837120294570923,-0.11056007444858551
1773049008,7617488,world,cf231,-2.806448221206665,-1.2074352502822876,0.020973145961761475
1773049008,7617488,world,cf231_leg,-2.9142508506774902,-1.283726453781128,-0.11146599799394608
1773049008,12353881,world,cf231,-2.8071978092193604,-1.207276463508606,0.02097354829311371
1773049008,12353881,world,cf231_leg,-2.9147636890411377,-1.2841062545776367,-0.11199904978275299
1773049008,17620858,world,cf231,-2.807969808578491,-1.2069263458251953,0.020871885120868683
1773049008,17620858,world,cf231_leg,-2.915104627609253,-1.2845484018325806,-0.11205931752920151
1773049008,23239513,world,cf231,-2.8089284896850586,-1.2061535120010376,0.02137342281639576
1773049008,23239513,world,cf231_leg,-2.9153006076812744,-1.2847075462341309,-0.11208205670118332
1773049008,27462751,world,cf231,-2.8097801208496094,-1.2059575319290161,0.021700194105505943
1773049008,27462751,world,cf231_leg,-2.915449380874634,-1.2851159572601318,-0.1119527742266655
1773049008,33313048,world,cf231,-2.809699773788452,-1.2051832675933838,0.021318279206752777
1773049008,33313048,world,cf231_leg,-2.915421962738037,-1.2855935096740723,-0.1122158095240593
1773049008,37520343,world,cf231,-2.8103296756744385,-1.2049394845962524,0.02187531813979149
1773049008,37520343,world,cf231_leg,-2.9156556129455566,-1.2859196662902832,-0.11199530214071274
1773049008,42361763,world,cf231,-2.8093481063842773,-1.2024734020233154,0.020587533712387085
1773049008,42361763,world,cf231_leg,-2.9159960746765137,-1.2863138914108276,-0.11190389096736908
1773049008,47480097,world,cf231,-2.811392307281494,-1.2043731212615967,0.022321663796901703
1773049008,47480097,world,cf231_leg,-2.915940999984741,-1.28643798828125,-0.11214415729045868
1773049008,52495489,world,cf231,-2.811957359313965,-1.2040045261383057,0.022603238001465797
1773049008,52495489,world,cf231_leg,-2.916090965270996,-1.2867716550827026,-0.11194468289613724
1773049008,57565302,world,cf231,-2.8124194145202637,-1.203969955444336,0.022835467010736465
1773049008,57565302,world,cf231_leg,-2.916262626647949,-1.2870821952819824,-0.1117539256811142
1773049008,62591304,world,cf231,-2.8112952709198,-1.2017180919647217,0.02142336778342724
1773049008,62591304,world,cf231_leg,-2.9162378311157227,-1.287179946899414,-0.11192813515663147
1773049008,67578014,world,cf231,-2.8114633560180664,-1.2013123035430908,0.021322470158338547
1773049008,67578014,world,cf231_leg,-2.9164602756500244,-1.2873585224151611,-0.11203893274068832
1773049008,72529597,world,cf231,-2.8116836547851562,-1.2011383771896362,0.02118719182908535
1773049008,72529597,world,cf231_leg,-2.916398525238037,-1.2875139713287354,-0.11205501109361649
1773049008,77486004,world,cf231,-2.811756134033203,-1.2011107206344604,0.021496331319212914
1773049008,77486004,world,cf231_leg,-2.9165916442871094,-1.2875944375991821,-0.11200032383203506
1773049008,82518767,world,cf231,-2.811866044998169,-1.2010129690170288,0.021610749885439873
1773049008,82518767,world,cf231_leg,-2.916569232940674,-1.2877116203308105,-0.11201051622629166
1773049008,87451053,world,cf231,-2.811932325363159,-1.200905203819275,0.021463649347424507
1773049008,87451053,world,cf231_leg,-2.916489601135254,-1.2876849174499512,-0.11214243620634079
1773049008,92605665,world,cf231,-2.8118205070495605,-1.2009328603744507,0.021455353125929832
1773049008,92605665,world,cf231_leg,-2.916541814804077,-1.287740707397461,-0.11208152770996094
1773049008,98391000,world,cf231,-2.8118224143981934,-1.2010126113891602,0.02137615531682968
1773049008,98391000,world,cf231_leg,-2.9164071083068848,-1.2875791788101196,-0.11219573765993118
1773049008,102492813,world,cf231,-2.8133623600006104,-1.2034008502960205,0.023112745955586433
1773049008,102492813,world,cf231_leg,-2.91650128364563,-1.2877776622772217,-0.1120850145816803
1773049008,108288187,world,cf231,-2.8116159439086914,-1.2012355327606201,0.021309513598680496
1773049008,108288187,world,cf231_leg,-2.9164395332336426,-1.2876578569412231,-0.11212021857500076
1773049008,112618350,world,cf231,-2.8116402626037598,-1.2012853622436523,0.02118426375091076
1773049008,112618350,world,cf231_leg,-2.9164626598358154,-1.287672519683838,-0.11191143840551376
1773049008,117518478,world,cf231,-2.811584711074829,-1.2013922929763794,0.02099858596920967
1773049008,117518478,world,cf231_leg,-2.916447639465332,-1.2877169847488403,-0.11173707991838455
1773049008,122464841,world,cf231,-2.8116345405578613,-1.2014015913009644,0.02080293372273445
1773049008,122464841,world,cf231_leg,-2.91635799407959,-1.2875308990478516,-0.11182155460119247
1773049008,127543419,world,cf231,-2.8116166591644287,-1.2012362480163574,0.020436294376850128
1773049008,127543419,world,cf231_leg,-2.916276454925537,-1.28752863407135,-0.11175505071878433
1773049008,133007038,world,cf231,-2.8133513927459717,-1.203449010848999,0.021890467032790184
1773049008,133007038,world,cf231_leg,-2.9161899089813232,-1.2873718738555908,-0.11165037751197815
1773049008,137449811,world,cf231,-2.813175916671753,-1.2032020092010498,0.02134479023516178
1773049008,137449811,world,cf231_leg,-2.9160592555999756,-1.2871270179748535,-0.11171623319387436
1773049008,142263389,world,cf231,-2.8133444786071777,-1.2029801607131958,0.02075968310236931
1773049008,142263389,world,cf231_leg,-2.9159064292907715,-1.2870359420776367,-0.11157262325286865
1773049008,147417876,world,cf231,-2.81321120262146,-1.2028077840805054,0.020413905382156372
1773049008,147417876,world,cf231_leg,-2.9158360958099365,-1.286957859992981,-0.11147179454565048
1773049008,152616791,world,cf231,-2.813079595565796,-1.2027703523635864,0.019555382430553436
1773049008,152616791,world,cf231_leg,-2.91560959815979,-1.2866932153701782,-0.11171292513608932
1773049008,158576609,world,cf231,-2.8129377365112305,-1.202717661857605,0.01931840553879738
1773049008,158576609,world,cf231_leg,-2.9154508113861084,-1.2865887880325317,-0.1117011308670044
1773049008,162575278,world,cf231,-2.813019037246704,-1.202682375907898,0.01911182329058647
1773049008,162575278,world,cf231_leg,-2.915398120880127,-1.2864854335784912,-0.11161055415868759
1773049008,167602370,world,cf231,-2.8113436698913574,-1.2006531953811646,0.016883913427591324
1773049008,167602370,world,cf231_leg,-2.9153144359588623,-1.2863860130310059,-0.1116265207529068
1773049008,172652754,world,cf231,-2.811232328414917,-1.2007999420166016,0.01648930460214615
1773049008,172652754,world,cf231_leg,-2.9150390625,-1.286219596862793,-0.11168396472930908
1773049008,177552068,world,cf231,-2.8110995292663574,-1.2007659673690796,0.01600092276930809
1773049008,177552068,world,cf231_leg,-2.9150912761688232,-1.2861385345458984,-0.11119192093610764
1773049008,182501529,world,cf231,-2.812574863433838,-1.2029058933258057,0.016958601772785187
1773049008,182501529,world,cf231_leg,-2.9150454998016357,-1.2860286235809326,-0.11101485788822174
1773049008,187561336,world,cf231,-2.812700033187866,-1.2028664350509644,0.01660701259970665
1773049008,187561336,world,cf231_leg,-2.9148082733154297,-1.285737156867981,-0.1110168993473053
1773049008,192514655,world,cf231,-2.812469482421875,-1.2026787996292114,0.015921611338853836
1773049008,192514655,world,cf231_leg,-2.9146625995635986,-1.2854586839675903,-0.11082624644041061
1773049008,197529745,world,cf231,-2.812342643737793,-1.2024445533752441,0.01590820774435997
1773049008,197529745,world,cf231_leg,-2.9145705699920654,-1.285513162612915,-0.11055871844291687
1773049008,202536034,world,cf231,-2.812575340270996,-1.2023111581802368,0.0160534530878067
1773049008,202536034,world,cf231_leg,-2.9144985675811768,-1.2853776216506958,-0.11072656512260437
1773049008,208379188,world,cf231,-2.812547445297241,-1.2020853757858276,0.015793174505233765
1773049008,208379188,world,cf231_leg,-2.914419412612915,-1.2853418588638306,-0.11088548600673676
1773049008,212688614,world,cf231,-2.812652587890625,-1.201966404914856,0.01567995548248291
1773049008,212688614,world,cf231_leg,-2.914450168609619,-1.2855427265167236,-0.11064248532056808
1773049008,217612198,world,cf231,-2.8127248287200928,-1.2017922401428223,0.015619415789842606
1773049008,217612198,world,cf231_leg,-2.9144041538238525,-1.2854911088943481,-0.1107059195637703
1773049008,223346424,world,cf231,-2.8127601146698,-1.201732873916626,0.01569681242108345
1773049008,223346424,world,cf231_leg,-2.9143078327178955,-1.2853949069976807,-0.11080750077962875
1773049008,227532392,world,cf231,-2.8128318786621094,-1.2017213106155396,0.015621166676282883
1773049008,227532392,world,cf231_leg,-2.9142940044403076,-1.2854217290878296,-0.1106872409582138
1773049008,233175431,world,cf231,-2.8128669261932373,-1.2018510103225708,0.015667833387851715
1773049008,233175431,world,cf231_leg,-2.9144182205200195,-1.2854814529418945,-0.110657699406147
1773049008,237565498,world,cf231,-2.8127002716064453,-1.2017632722854614,0.015571244060993195
1773049008,237565498,world,cf231_leg,-2.9143178462982178,-1.2854199409484863,-0.11064868420362473
1773049008,242565939,world,cf231,-2.812605142593384,-1.2018580436706543,0.015540622174739838
1773049008,242565939,world,cf231_leg,-2.9142868518829346,-1.2853212356567383,-0.11076921224594116
1773049008,247505099,world,cf231,-2.812546730041504,-1.2017803192138672,0.015631869435310364
1773049008,247505099,world,cf231_leg,-2.9141626358032227,-1.2852346897125244,-0.11099322140216827
1773049008,253247578,world,cf231,-2.812678337097168,-1.201928973197937,0.015635035932064056
1773049008,253247578,world,cf231_leg,-2.914351224899292,-1.2854536771774292,-0.11071350425481796
1773049008,257954287,world,cf231,-2.8126707077026367,-1.2019100189208984,0.015755299478769302
1773049008,257954287,world,cf231_leg,-2.914252281188965,-1.2853648662567139,-0.1107848584651947
1773049008,262478040,world,cf231,-2.8126227855682373,-1.2018802165985107,0.015569925308227539
1773049008,262478040,world,cf231_leg,-2.914438009262085,-1.2855538129806519,-0.11069368571043015
1773049008,267588870,world,cf231,-2.8126628398895264,-1.2019727230072021,0.01572367176413536
1773049008,267588870,world,cf231_leg,-2.9143643379211426,-1.2855385541915894,-0.11068511009216309
1773049008,272625408,world,cf231,-2.812676429748535,-1.2018604278564453,0.015572361648082733
1773049008,272625408,world,cf231_leg,-2.914278268814087,-1.2853169441223145,-0.1108793094754219
1773049008,277520959,world,cf231,-2.81254506111145,-1.2018266916275024,0.015551034361124039
1773049008,277520959,world,cf231_leg,-2.9142510890960693,-1.2854489088058472,-0.1108294129371643
1773049008,282686780,world,cf231,-2.8126204013824463,-1.2018622159957886,0.015645477920770645
1773049008,282686780,world,cf231_leg,-2.914325714111328,-1.2854920625686646,-0.11064513772726059
1773049008,288661573,world,cf231,-2.81254506111145,-1.2019007205963135,0.015669595450162888
1773049008,288661573,world,cf231_leg,-2.9142942428588867,-1.2855170965194702,-0.11070897430181503
1773049008,292692054,world,cf231,-2.812659978866577,-1.201837420463562,0.015575867146253586
1773049008,292692054,world,cf231_leg,-2.9142520427703857,-1.2853740453720093,-0.11075817048549652
1773049008,298553153,world,cf231,-2.812612771987915,-1.2018518447875977,0.015510186553001404
1773049008,298553153,world,cf231_leg,-2.914307117462158,-1.2852991819381714,-0.11078525334596634
1773049008,304525516,world,cf231,-2.812596321105957,-1.2017556428909302,0.01560419425368309
1773049008,304525516,world,cf231_leg,-2.9142651557922363,-1.2854299545288086,-0.11080710589885712
1773049008,307743839,world,cf231,-2.8126487731933594,-1.2017877101898193,0.01564008742570877
1773049008,307743839,world,cf231_leg,-2.9143052101135254,-1.2854018211364746,-0.1107766181230545
1773049008,312760821,world,cf231,-2.812635660171509,-1.2017909288406372,0.015618100762367249
1773049008,312760821,world,cf231_leg,-2.914423942565918,-1.2854585647583008,-0.11074646562337875
1773049008,317670541,world,cf231,-2.8125360012054443,-1.2017781734466553,0.015579264611005783
1773049008,317670541,world,cf231_leg,-2.9143118858337402,-1.2854920625686646,-0.11071938276290894
1773049008,322774825,world,cf231,-2.8124852180480957,-1.2017003297805786,0.015475038439035416
1773049008,322774825,world,cf231_leg,-2.914220094680786,-1.2853034734725952,-0.11079983413219452
1773049008,327677508,world,cf231,-2.8126184940338135,-1.201775312423706,0.015473991632461548
1773049008,327677508,world,cf231_leg,-2.9142777919769287,-1.2853261232376099,-0.11085254698991776
1773049008,332909021,world,cf231,-2.8124589920043945,-1.2017382383346558,0.01550266519188881
1773049008,332909021,world,cf231_leg,-2.914322853088379,-1.2853578329086304,-0.11083947122097015
1773049008,338072750,world,cf231,-2.812586784362793,-1.201729655265808,0.015621092170476913
1773049008,338072750,world,cf231_leg,-2.9144210815429688,-1.2854747772216797,-0.1106892004609108
1773049008,342657539,world,cf231,-2.8125650882720947,-1.2017159461975098,0.015525829046964645
1773049008,342657539,world,cf231_leg,-2.9143214225769043,-1.2853755950927734,-0.11078488826751709
1773049008,347770960,world,cf231,-2.8125147819519043,-1.2017310857772827,0.015567686408758163
1773049008,347770960,world,cf231_leg,-2.9143612384796143,-1.2853184938430786,-0.11083141714334488
1773049008,352743017,world,cf231,-2.8125691413879395,-1.2017053365707397,0.015548605471849442
1773049008,352743017,world,cf231_leg,-2.914308547973633,-1.2853862047195435,-0.11083502322435379
1773049008,357892369,world,cf231,-2.8126060962677,-1.2017837762832642,0.015654344111680984
1773049008,357892369,world,cf231_leg,-2.914395809173584,-1.2855039834976196,-0.11064742505550385
1773049008,362644176,world,cf231,-2.812480926513672,-1.2017532587051392,0.01546970009803772
1773049008,362644176,world,cf231_leg,-2.9143383502960205,-1.2854543924331665,-0.11078910529613495
1773049008,367752655,world,cf231,-2.8126308917999268,-1.2018336057662964,0.015621572732925415
1773049008,367752655,world,cf231_leg,-2.9143333435058594,-1.2852522134780884,-0.11088116466999054
1773049008,372942438,world,cf231,-2.812532424926758,-1.2016708850860596,0.015512317419052124
1773049008,372942438,world,cf231_leg,-2.9142065048217773,-1.2852939367294312,-0.1109001561999321
1773049008,377932346,world,cf231,-2.812563419342041,-1.2017818689346313,0.015619538724422455
1773049008,377932346,world,cf231_leg,-2.914381504058838,-1.28538179397583,-0.11089442670345306
1773049008,382604002,world,cf231,-2.812558650970459,-1.2017362117767334,0.015613533556461334
1773049008,382604002,world,cf231_leg,-2.9143803119659424,-1.2853901386260986,-0.11086604744195938
1773049008,387443171,world,cf231,-2.812601089477539,-1.2017649412155151,0.015643198043107986
1773049008,387443171,world,cf231_leg,-2.9143381118774414,-1.285454273223877,-0.1107889711856842
1773049008,392676982,world,cf231,-2.8125736713409424,-1.2017120122909546,0.015621237456798553
1773049008,392676982,world,cf231_leg,-2.9142911434173584,-1.285401701927185,-0.11085069179534912
1773049008,397668280,world,cf231,-2.8125929832458496,-1.201702356338501,0.015514574944972992
1773049008,397668280,world,cf231_leg,-2.9142963886260986,-1.2853024005889893,-0.11086517572402954
1773049008,402561881,world,cf231,-2.8124191761016846,-1.20164155960083,0.015528544783592224
1773049008,402561881,world,cf231_leg,-2.914292097091675,-1.2854026556015015,-0.11085246503353119
1773049008,408446140,world,cf231,-2.8125274181365967,-1.2017123699188232,0.01555827260017395
1773049008,408446140,world,cf231_leg,-2.9143941402435303,-1.2854853868484497,-0.1108132153749466
1773049008,412402004,world,cf231,-2.812530040740967,-1.2017533779144287,0.015630599111318588
1773049008,412402004,world,cf231_leg,-2.9142560958862305,-1.2854443788528442,-0.11086463928222656
1773049008,418420063,world,cf231,-2.8125314712524414,-1.2016632556915283,0.0155840665102005
1773049008,418420063,world,cf231_leg,-2.914219379425049,-1.2852833271026611,-0.11084991693496704
1773049008,422595818,world,cf231,-2.8125810623168945,-1.2017024755477905,0.015602592378854752
1773049008,422595818,world,cf231_leg,-2.9142258167266846,-1.2853657007217407,-0.11093482375144958
1773049008,427527675,world,cf231,-2.8125433921813965,-1.2016470432281494,0.015527144074440002
1773049008,427527675,world,cf231_leg,-2.9143574237823486,-1.2853338718414307,-0.11077266186475754
1773049008,432641022,world,cf231,-2.8125061988830566,-1.201743721961975,0.015589766204357147
1773049008,432641022,world,cf231_leg,-2.914250373840332,-1.2852411270141602,-0.1109546571969986
1773049008,437533403,world,cf231,-2.8125994205474854,-1.2017155885696411,0.015603844076395035
1773049008,437533403,world,cf231_leg,-2.914393901824951,-1.2853899002075195,-0.11079144477844238
1773049008,444208733,world,cf231,-2.8125174045562744,-1.2016403675079346,0.015457820147275925
1773049008,444208733,world,cf231_leg,-2.914379835128784,-1.285399317741394,-0.11083930730819702
1773049008,447481396,world,cf231,-2.81247878074646,-1.2017199993133545,0.015588723123073578
1773049008,447481396,world,cf231_leg,-2.914337158203125,-1.2853412628173828,-0.11093495041131973
1773049008,452508753,world,cf231,-2.812472105026245,-1.2017276287078857,0.01548859104514122
1773049008,452508753,world,cf231_leg,-2.9143741130828857,-1.2854125499725342,-0.11077668517827988
1773049008,457459865,world,cf231,-2.8124420642852783,-1.201609492301941,0.015474047511816025
1773049008,457459865,world,cf231_leg,-2.9142777919769287,-1.2853164672851562,-0.1108783707022667
1773049008,462766445,world,cf231,-2.8125436305999756,-1.2016606330871582,0.01549065113067627
1773049008,462766445,world,cf231_leg,-2.9143924713134766,-1.285398006439209,-0.1107628270983696
1773049008,468331294,world,cf231,-2.8124492168426514,-1.201612949371338,0.015450827777385712
1773049008,468331294,world,cf231_leg,-2.914340019226074,-1.2854562997817993,-0.1107926294207573
1773049008,472507157,world,cf231,-2.812572717666626,-1.2017059326171875,0.015577781945466995
1773049008,472507157,world,cf231_leg,-2.91430926322937,-1.2853868007659912,-0.11083631962537766
1773049008,477712319,world,cf231,-2.8124969005584717,-1.201743721961975,0.0155060775578022
1773049008,477712319,world,cf231_leg,-2.914323091506958,-1.2854530811309814,-0.11086086928844452
1773049008,482674263,world,cf231,-2.81252384185791,-1.2016249895095825,0.015565216541290283
1773049008,482674263,world,cf231_leg,-2.914268732070923,-1.2854335308074951,-0.11081402748823166
1773049008,487603019,world,cf231,-2.812516212463379,-1.2016698122024536,0.0155404694378376
1773049008,487603019,world,cf231_leg,-2.9142744541168213,-1.285322666168213,-0.11084599047899246
1773049008,492575544,world,cf231,-2.812514543533325,-1.2016010284423828,0.015480894595384598
1773049008,492575544,world,cf231_leg,-2.9143762588500977,-1.285405158996582,-0.11080655455589294
1773049008,497571676,world,cf231,-2.8125226497650146,-1.2017048597335815,0.0155375637114048
1773049008,497571676,world,cf231_leg,-2.914335250854492,-1.2854706048965454,-0.11073151230812073
1773049008,503414968,world,cf231,-2.812469005584717,-1.2016263008117676,0.015431340783834457
1773049008,503414968,world,cf231_leg,-2.914311170578003,-1.2853889465332031,-0.11084003001451492
1773049008,507501009,world,cf231,-2.812467575073242,-1.2015337944030762,0.015346132218837738
1773049008,507501009,world,cf231_leg,-2.9143404960632324,-1.2854374647140503,-0.11084503680467606
1773049008,512622050,world,cf231,-2.812513589859009,-1.2016596794128418,0.015514954924583435
1773049008,512622050,world,cf231_leg,-2.9143388271331787,-1.2854551076889038,-0.11079030483961105
1773049008,517447687,world,cf231,-2.812439203262329,-1.2016314268112183,0.015486665070056915
1773049008,517447687,world,cf231_leg,-2.9142658710479736,-1.2853355407714844,-0.11078734695911407
1773049008,522477515,world,cf231,-2.8125040531158447,-1.2016154527664185,0.015583191066980362
1773049008,522477515,world,cf231_leg,-2.914363384246826,-1.2854328155517578,-0.11068789660930634
1773049008,527540670,world,cf231,-2.8124139308929443,-1.2015879154205322,0.015426285564899445
1773049008,527540670,world,cf231_leg,-2.914297580718994,-1.2853890657424927,-0.11091448366641998
1773049008,532488840,world,cf231,-2.812405824661255,-1.201683759689331,0.015441745519638062
1773049008,532488840,world,cf231_leg,-2.9143929481506348,-1.285483956336975,-0.11081070452928543
