sec,nanosec,frame_id,name,position.x,position.y,position.z
1773049066,254637773,world,cf231,-2.6765758991241455,-1.8985037803649902,0.6571455001831055
1773049066,254637773,world,cf231_leg,-2.6702678203582764,-1.8801325559616089,0.6437780857086182
1773049066,259774965,world,cf231,-2.676119327545166,-1.8964557647705078,0.6608736515045166
1773049066,259774965,world,cf231_leg,-2.669994592666626,-1.8790746927261353,0.6475568413734436
1773049066,264839230,world,cf231,-2.6759133338928223,-1.8945149183273315,0.6649078130722046
1773049066,264839230,world,cf231_leg,-2.669687271118164,-1.8779888153076172,0.6514014005661011
1773049066,269869579,world,cf231,-2.6753745079040527,-1.8924764394760132,0.6684073209762573
1773049066,269869579,world,cf231_leg,-2.669429302215576,-1.8769363164901733,0.655267059803009
1773049066,274848704,world,cf231,-2.6750121116638184,-1.8903323411941528,0.6723215579986572
1773049066,274848704,world,cf231_leg,-2.669285535812378,-1.8758217096328735,0.6592636108398438
1773049066,279847877,world,cf231,-2.674605131149292,-1.8881169557571411,0.6760520935058594
1773049066,279847877,world,cf231_leg,-2.668956756591797,-1.8745899200439453,0.6628175377845764
1773049066,284760077,world,cf231,-2.6742193698883057,-1.886052131652832,0.6796534061431885
1773049066,284760077,world,cf231_leg,-2.668671131134033,-1.8735089302062988,0.6664054989814758
1773049066,289818953,world,cf231,-2.6737539768218994,-1.883614420890808,0.6834162473678589
1773049066,289818953,world,cf231_leg,-2.6684153079986572,-1.8720405101776123,0.6703574657440186
1773049066,294703736,world,cf231,-2.673434019088745,-1.8813660144805908,0.6871509552001953
1773049066,294703736,world,cf231_leg,-2.6681771278381348,-1.870894432067871,0.6740158796310425
1773049066,300005761,world,cf231,-2.67279052734375,-1.8789361715316772,0.6905653476715088
1773049066,300005761,world,cf231_leg,-2.668023109436035,-1.8697702884674072,0.6778771877288818
1773049066,305123031,world,cf231,-2.672484874725342,-1.8765325546264648,0.694654107093811
1773049066,305123031,world,cf231_leg,-2.667717695236206,-1.8686338663101196,0.6814959645271301
1773049066,311239377,world,cf231,-2.671973943710327,-1.8742015361785889,0.6980446577072144
1773049066,311239377,world,cf231_leg,-2.6675045490264893,-1.8672000169754028,0.6850497126579285
1773049066,318371042,world,cf231,-2.6716055870056152,-1.871801733970642,0.701728343963623
1773049066,318371042,world,cf231_leg,-2.667154550552368,-1.865966796875,0.6888171434402466
1773049066,320033809,world,cf231,-2.671238660812378,-1.8694406747817993,0.7055555582046509
1773049066,320033809,world,cf231_leg,-2.66695237159729,-1.8645769357681274,0.6925950646400452
1773049066,325040502,world,cf231,-2.6705894470214844,-1.866916537284851,0.7089487314224243
1773049066,325040502,world,cf231_leg,-2.6666698455810547,-1.8632431030273438,0.6960472464561462
1773049066,330029750,world,cf231,-2.670152425765991,-1.8644355535507202,0.7126857042312622
1773049066,330029750,world,cf231_leg,-2.666409969329834,-1.8622115850448608,0.6995222568511963
1773049066,334974367,world,cf231,-2.66965913772583,-1.8618969917297363,0.7162209749221802
1773049066,334974367,world,cf231_leg,-2.6662323474884033,-1.8608636856079102,0.7031828761100769
1773049066,340018830,world,cf231,-2.669450283050537,-1.8596453666687012,0.7197878360748291
1773049066,340018830,world,cf231_leg,-2.666022539138794,-1.85947585105896,0.7068803906440735
1773049066,344838048,world,cf231,-2.6691200733184814,-1.8569979667663574,0.7236202955245972
1773049066,344838048,world,cf231_leg,-2.665796995162964,-1.857956886291504,0.7104166746139526
1773049066,349715301,world,cf231,-2.668675184249878,-1.8546949625015259,0.7270779609680176
1773049066,349715301,world,cf231_leg,-2.6654984951019287,-1.856724739074707,0.7137129902839661
1773049066,354831775,world,cf231,-2.668168306350708,-1.852057933807373,0.7305829524993896
1773049066,354831775,world,cf231_leg,-2.6653435230255127,-1.8555124998092651,0.7172104716300964
1773049066,359944769,world,cf231,-2.667856454849243,-1.8497380018234253,0.7344356775283813
1773049066,359944769,world,cf231_leg,-2.665071964263916,-1.8541442155838013,0.7205399870872498
1773049066,364806594,world,cf231,-2.667372703552246,-1.847228765487671,0.737726092338562
1773049066,364806594,world,cf231_leg,-2.664766550064087,-1.8527692556381226,0.7240527272224426
1773049066,370626755,world,cf231,-2.667026996612549,-1.8448190689086914,0.7414184808731079
1773049066,370626755,world,cf231_leg,-2.664623498916626,-1.8514509201049805,0.7276155352592468
1773049066,374996849,world,cf231,-2.6667916774749756,-1.8424770832061768,0.7448956966400146
1773049066,374996849,world,cf231_leg,-2.664292812347412,-1.849951982498169,0.7309539318084717
1773049066,379756631,world,cf231,-2.6663029193878174,-1.84003484249115,0.7483416795730591
1773049066,379756631,world,cf231_leg,-2.664137125015259,-1.84882652759552,0.7343376874923706
1773049066,384667742,world,cf231,-2.666043758392334,-1.837619423866272,0.7518081665039062
1773049066,384667742,world,cf231_leg,-2.663877010345459,-1.8475487232208252,0.7376713156700134
1773049066,389860624,world,cf231,-2.6657824516296387,-1.8352861404418945,0.75548255443573
1773049066,389860624,world,cf231_leg,-2.663792133331299,-1.8463025093078613,0.7410642504692078
1773049066,394685656,world,cf231,-2.6655170917510986,-1.8330274820327759,0.7586827278137207
1773049066,394685656,world,cf231_leg,-2.6636123657226562,-1.8449827432632446,0.7443838119506836
1773049066,399736007,world,cf231,-2.6651275157928467,-1.8306643962860107,0.7618763446807861
1773049066,399736007,world,cf231_leg,-2.663400411605835,-1.8435500860214233,0.747856855392456
1773049066,404766601,world,cf231,-2.6650466918945312,-1.8285843133926392,0.7656534910202026
1773049066,404766601,world,cf231_leg,-2.6630842685699463,-1.842268466949463,0.7508484721183777
1773049066,409778634,world,cf231,-2.664553642272949,-1.8262059688568115,0.7688999176025391
1773049066,409778634,world,cf231_leg,-2.662997007369995,-1.841338038444519,0.7541419267654419
1773049066,414953107,world,cf231,-2.6643707752227783,-1.8241801261901855,0.7722460031509399
1773049066,414953107,world,cf231_leg,-2.6627981662750244,-1.8399274349212646,0.7573522329330444
1773049066,419869016,world,cf231,-2.6641581058502197,-1.821951985359192,0.7757606506347656
1773049066,419869016,world,cf231_leg,-2.6625938415527344,-1.8387396335601807,0.7605668902397156
1773049066,424642752,world,cf231,-2.6639342308044434,-1.8197801113128662,0.779089093208313
1773049066,424642752,world,cf231_leg,-2.6624338626861572,-1.8375775814056396,0.7638092637062073
1773049066,429753099,world,cf231,-2.6637706756591797,-1.8178671598434448,0.7824921607971191
1773049066,429753099,world,cf231_leg,-2.6621928215026855,-1.8364157676696777,0.7668871283531189
1773049066,434737278,world,cf231,-2.6634905338287354,-1.815788984298706,0.7857533693313599
1773049066,434737278,world,cf231_leg,-2.662065267562866,-1.8352652788162231,0.7699074745178223
1773049066,439761120,world,cf231,-2.6634621620178223,-1.813839077949524,0.7894618511199951
1773049066,439761120,world,cf231_leg,-2.6618521213531494,-1.8342156410217285,0.7731187343597412
1773049066,444826428,world,cf231,-2.6632485389709473,-1.811826229095459,0.7925938367843628
1773049066,444826428,world,cf231_leg,-2.661787986755371,-1.8330819606781006,0.7762085795402527
1773049066,449734173,world,cf231,-2.663193941116333,-1.8100388050079346,0.7959021329879761
1773049066,449734173,world,cf231_leg,-2.661602735519409,-1.8320509195327759,0.7793452143669128
1773049066,454850184,world,cf231,-2.662980794906616,-1.8082194328308105,0.7989828586578369
1773049066,454850184,world,cf231_leg,-2.6615593433380127,-1.831043004989624,0.7826346158981323
1773049066,459700470,world,cf231,-2.662773847579956,-1.8063920736312866,0.8020278215408325
1773049066,459700470,world,cf231_leg,-2.661280393600464,-1.829870343208313,0.7854376435279846
1773049066,465002573,world,cf231,-2.662590503692627,-1.804668664932251,0.8051866292953491
1773049066,465002573,world,cf231_leg,-2.6610934734344482,-1.8289068937301636,0.7883769273757935
1773049066,469939683,world,cf231,-2.662491798400879,-1.8030411005020142,0.8084238767623901
1773049066,469939683,world,cf231_leg,-2.6609995365142822,-1.8280038833618164,0.7913150787353516
1773049066,474699390,world,cf231,-2.662480115890503,-1.8013161420822144,0.811833381652832
1773049066,474699390,world,cf231_leg,-2.660987377166748,-1.8272265195846558,0.7944563031196594
1773049066,479819457,world,cf231,-2.6623575687408447,-1.7997099161148071,0.814987301826477
1773049066,479819457,world,cf231_leg,-2.660954713821411,-1.8262550830841064,0.7975159287452698
1773049066,484701890,world,cf231,-2.6621646881103516,-1.798000693321228,0.8177751302719116
1773049066,484701890,world,cf231_leg,-2.6607697010040283,-1.8254064321517944,0.8004204630851746
1773049066,490481080,world,cf231,-2.662200689315796,-1.796866774559021,0.8208928108215332
1773049066,490481080,world,cf231_leg,-2.6605780124664307,-1.8245562314987183,0.8029235601425171
1773049066,494817348,world,cf231,-2.6621410846710205,-1.7953684329986572,0.8239737749099731
1773049066,494817348,world,cf231_leg,-2.660320520401001,-1.823685646057129,0.8057379722595215
1773049066,499773840,world,cf231,-2.6621084213256836,-1.7940306663513184,0.8270571231842041
1773049066,499773840,world,cf231_leg,-2.660376787185669,-1.8228713274002075,0.8087830543518066
1773049066,504707707,world,cf231,-2.6621618270874023,-1.7927521467208862,0.8300683498382568
1773049066,504707707,world,cf231_leg,-2.6601734161376953,-1.822234034538269,0.8115997314453125
1773049066,509737705,world,cf231,-2.662201404571533,-1.7916280031204224,0.832871675491333
1773049066,509737705,world,cf231_leg,-2.66003680229187,-1.821384310722351,0.8140795230865479
1773049066,514736229,world,cf231,-2.6620256900787354,-1.7904763221740723,0.8357433080673218
1773049066,514736229,world,cf231_leg,-2.6599855422973633,-1.8208534717559814,0.8170351386070251
1773049066,519824731,world,cf231,-2.6619505882263184,-1.789499282836914,0.8386621475219727
1773049066,519824731,world,cf231_leg,-2.6599323749542236,-1.8202632665634155,0.8198058605194092
1773049066,525851983,world,cf231,-2.6620125770568848,-1.7884817123413086,0.8415179252624512
1773049066,525851983,world,cf231_leg,-2.6596834659576416,-1.8195159435272217,0.8222533464431763
1773049066,529884139,world,cf231,-2.6620559692382812,-1.7875622510910034,0.8442220687866211
1773049066,529884139,world,cf231_leg,-2.6597089767456055,-1.8191134929656982,0.8250170350074768
1773049066,534895352,world,cf231,-2.661933183670044,-1.7866843938827515,0.8468382358551025
1773049066,534895352,world,cf231_leg,-2.659580945968628,-1.8186218738555908,0.8276771306991577
1773049066,539808109,world,cf231,-2.661771297454834,-1.7857983112335205,0.8495364189147949
1773049066,539808109,world,cf231_leg,-2.659477949142456,-1.8180500268936157,0.8301200866699219
1773049066,544791838,world,cf231,-2.661975383758545,-1.7853437662124634,0.8521914482116699
1773049066,544791838,world,cf231_leg,-2.6594021320343018,-1.8176312446594238,0.8329316973686218
1773049066,549618238,world,cf231,-2.662015438079834,-1.7846444845199585,0.8548734188079834
1773049066,549618238,world,cf231_leg,-2.659241199493408,-1.8171677589416504,0.8354447484016418
1773049066,554914919,world,cf231,-2.6621177196502686,-1.7842321395874023,0.8577466011047363
1773049066,554914919,world,cf231_leg,-2.6591925621032715,-1.8167715072631836,0.8377004265785217
1773049066,559888453,world,cf231,-2.6620168685913086,-1.783720850944519,0.859900712966919
1773049066,559888453,world,cf231_leg,-2.659168243408203,-1.8165432214736938,0.8403659462928772
1773049066,565359635,world,cf231,-2.662041425704956,-1.7834787368774414,0.8625309467315674
1773049066,565359635,world,cf231_leg,-2.659153938293457,-1.81627357006073,0.8429709076881409
1773049066,570088182,world,cf231,-2.661973714828491,-1.7830737829208374,0.8651680946350098
1773049066,570088182,world,cf231_leg,-2.6590888500213623,-1.815964937210083,0.8453291654586792
1773049066,575019213,world,cf231,-2.662163019180298,-1.7828634977340698,0.8674451112747192
1773049066,575019213,world,cf231_leg,-2.6588878631591797,-1.8157368898391724,0.8476992249488831
1773049066,579604415,world,cf231,-2.662123203277588,-1.7827517986297607,0.8697655200958252
1773049066,579604415,world,cf231_leg,-2.6589877605438232,-1.8157016038894653,0.8502526879310608
1773049066,584710803,world,cf231,-2.6621947288513184,-1.782494306564331,0.8719179630279541
1773049066,584710803,world,cf231_leg,-2.6587531566619873,-1.8154010772705078,0.8524251580238342
1773049066,589643169,world,cf231,-2.6621041297912598,-1.7825394868850708,0.874468207359314
1773049066,589643169,world,cf231_leg,-2.6587908267974854,-1.815420389175415,0.854853630065918
1773049066,594750361,world,cf231,-2.6622233390808105,-1.7827675342559814,0.8766632080078125
1773049066,594750361,world,cf231_leg,-2.6586620807647705,-1.815281867980957,0.8571001291275024
1773049066,600350069,world,cf231,-2.6622281074523926,-1.7827684879302979,0.878894567489624
1773049066,600350069,world,cf231_leg,-2.658562421798706,-1.8151869773864746,0.8593403100967407
1773049066,604745576,world,cf231,-2.662189245223999,-1.7830930948257446,0.8808634281158447
1773049066,604745576,world,cf231_leg,-2.6586015224456787,-1.8154654502868652,0.8618508577346802
1773049066,609823874,world,cf231,-2.662543773651123,-1.7835420370101929,0.8833245038986206
1773049066,609823874,world,cf231_leg,-2.6585311889648438,-1.8153444528579712,0.8638283610343933
1773049066,614997024,world,cf231,-2.6623494625091553,-1.7837727069854736,0.8851728439331055
1773049066,614997024,world,cf231_leg,-2.658464193344116,-1.8155306577682495,0.8661481142044067
1773049066,619805847,world,cf231,-2.662322998046875,-1.7841501235961914,0.8873807191848755
1773049066,619805847,world,cf231_leg,-2.658202886581421,-1.815408706665039,0.8680130839347839
1773049066,624647793,world,cf231,-2.662351131439209,-1.7846747636795044,0.8893014192581177
1773049066,624647793,world,cf231_leg,-2.6581780910491943,-1.8156052827835083,0.8702908754348755
1773049066,629866410,world,cf231,-2.6625077724456787,-1.785285472869873,0.8915129899978638
1773049066,629866410,world,cf231_leg,-2.6580889225006104,-1.8156929016113281,0.8719923496246338
1773049066,634741871,world,cf231,-2.6625916957855225,-1.7860740423202515,0.8931821584701538
1773049066,634741871,world,cf231_leg,-2.658169984817505,-1.8161085844039917,0.8745304942131042
1773049066,639855876,world,cf231,-2.662451982498169,-1.7865334749221802,0.8953653573989868
1773049066,639855876,world,cf231_leg,-2.657979965209961,-1.8162009716033936,0.876339316368103
1773049066,645973691,world,cf231,-2.6623690128326416,-1.7873647212982178,0.8969219923019409
1773049066,645973691,world,cf231_leg,-2.65804386138916,-1.8166719675064087,0.8786386847496033
1773049066,649756278,world,cf231,-2.662425994873047,-1.7882764339447021,0.8988437652587891
1773049066,649756278,world,cf231_leg,-2.6579813957214355,-1.816917061805725,0.8803510665893555
1773049066,654729417,world,cf231,-2.66259765625,-1.7891063690185547,0.900781512260437
1773049066,654729417,world,cf231_leg,-2.657883882522583,-1.8172777891159058,0.8823860883712769
1773049066,660177782,world,cf231,-2.6624953746795654,-1.7900118827819824,0.9024574756622314
1773049066,660177782,world,cf231_leg,-2.657695770263672,-1.8173775672912598,0.88422030210495
1773049066,664790325,world,cf231,-2.6625561714172363,-1.7911591529846191,0.9041042327880859
1773049066,664790325,world,cf231_leg,-2.657747745513916,-1.8180465698242188,0.886327862739563
1773049066,669859913,world,cf231,-2.6625778675079346,-1.7921005487442017,0.9059081077575684
1773049066,669859913,world,cf231_leg,-2.6575801372528076,-1.8184345960617065,0.8878887295722961
1773049066,675022827,world,cf231,-2.66249942779541,-1.7932782173156738,0.9075318574905396
1773049066,675022827,world,cf231_leg,-2.6575286388397217,-1.8189444541931152,0.8899191617965698
1773049066,679684526,world,cf231,-2.6624510288238525,-1.7945157289505005,0.909172534942627
1773049066,679684526,world,cf231_leg,-2.657243251800537,-1.8192673921585083,0.89136803150177
1773049066,684890232,world,cf231,-2.66257381439209,-1.7957085371017456,0.9105666875839233
1773049066,684890232,world,cf231_leg,-2.6573498249053955,-1.8197766542434692,0.8935163021087646
1773049066,689705509,world,cf231,-2.6625311374664307,-1.7968854904174805,0.9124132394790649
1773049066,689705509,world,cf231_leg,-2.6572837829589844,-1.8203911781311035,0.8949854969978333
1773049066,695254815,world,cf231,-2.662432909011841,-1.7982757091522217,0.9139082431793213
1773049066,695254815,world,cf231_leg,-2.6572134494781494,-1.8209129571914673,0.8967859745025635
1773049066,699806772,world,cf231,-2.6622729301452637,-1.799493432044983,0.9151744842529297
1773049066,699806772,world,cf231_leg,-2.6571881771087646,-1.8216228485107422,0.8986549377441406
1773049066,704679747,world,cf231,-2.662196159362793,-1.80104660987854,0.9166275262832642
1773049066,704679747,world,cf231_leg,-2.656757354736328,-1.8218196630477905,0.8998098373413086
1773049066,709880887,world,cf231,-2.662053108215332,-1.8023929595947266,0.9180862903594971
1773049066,709880887,world,cf231_leg,-2.656937837600708,-1.8227174282073975,0.9019244909286499
1773049066,714902213,world,cf231,-2.662278890609741,-1.8040039539337158,0.9195859432220459
1773049066,714902213,world,cf231_leg,-2.6568682193756104,-1.823408603668213,0.9032958745956421
1773049066,719844690,world,cf231,-2.6621274948120117,-1.8053302764892578,0.9209526777267456
1773049066,719844690,world,cf231_leg,-2.6568093299865723,-1.8239938020706177,0.9049806594848633
1773049066,724721475,world,cf231,-2.6619298458099365,-1.8068993091583252,0.9224381446838379
1773049066,724721475,world,cf231_leg,-2.656623125076294,-1.8245673179626465,0.9065158367156982
1773049066,729791524,world,cf231,-2.6617939472198486,-1.8084375858306885,0.9238268136978149
1773049066,729791524,world,cf231_leg,-2.656467914581299,-1.8253005743026733,0.9077696800231934
1773049066,735203705,world,cf231,-2.6617956161499023,-1.8100948333740234,0.924925684928894
1773049066,735203705,world,cf231_leg,-2.6564905643463135,-1.8260743618011475,0.9092804193496704
1773049066,739700979,world,cf231,-2.6617183685302734,-1.811737298965454,0.9262869358062744
1773049066,739700979,world,cf231_leg,-2.656390905380249,-1.8268283605575562,0.911078691482544
1773049066,744784739,world,cf231,-2.661421537399292,-1.813309907913208,0.9275665283203125
1773049066,744784739,world,cf231_leg,-2.656175136566162,-1.827375054359436,0.9121354818344116
1773049066,749701004,world,cf231,-2.6613526344299316,-1.8151195049285889,0.9287718534469604
1773049066,749701004,world,cf231_leg,-2.656106948852539,-1.828334093093872,0.9137587547302246
1773049066,754885760,world,cf231,-2.661137342453003,-1.8166083097457886,0.9298243522644043
1773049066,754885760,world,cf231_leg,-2.6561086177825928,-1.8290181159973145,0.915135383605957
1773049066,759856307,world,cf231,-2.661104440689087,-1.8184975385665894,0.9311865568161011
1773049066,759856307,world,cf231_leg,-2.6559622287750244,-1.8297345638275146,0.9164230823516846
1773049066,765047978,world,cf231,-2.6610352993011475,-1.82002592086792,0.932540774345398
1773049066,765047978,world,cf231_leg,-2.6557435989379883,-1.8305020332336426,0.9175646305084229
1773049066,769829911,world,cf231,-2.6609129905700684,-1.8217051029205322,0.9337022304534912
1773049066,769829911,world,cf231_leg,-2.655721664428711,-1.8313355445861816,0.918984055519104
1773049066,774846548,world,cf231,-2.660651922225952,-1.8232859373092651,0.9347870349884033
1773049066,774846548,world,cf231_leg,-2.655634880065918,-1.8320585489273071,0.920254111289978
1773049066,779827977,world,cf231,-2.660566568374634,-1.8249272108078003,0.9360916614532471
1773049066,779827977,world,cf231_leg,-2.6554160118103027,-1.8327370882034302,0.9213943481445312
1773049066,784802741,world,cf231,-2.6603660583496094,-1.826723337173462,0.9371790885925293
1773049066,784802741,world,cf231_leg,-2.655311346054077,-1.8336610794067383,0.9227257966995239
1773049066,790030205,world,cf231,-2.660247802734375,-1.828413724899292,0.9384098052978516
1773049066,790030205,world,cf231_leg,-2.655315637588501,-1.8345365524291992,0.9239686727523804
1773049066,794840328,world,cf231,-2.6600565910339355,-1.8300085067749023,0.9392176866531372
1773049066,794840328,world,cf231_leg,-2.655191421508789,-1.8352795839309692,0.9251158237457275
1773049066,799941754,world,cf231,-2.6598658561706543,-1.8317872285842896,0.9402792453765869
1773049066,799941754,world,cf231_leg,-2.6550774574279785,-1.8359475135803223,0.9266003370285034
1773049066,804684439,world,cf231,-2.6596577167510986,-1.8333958387374878,0.9414571523666382
1773049066,804684439,world,cf231_leg,-2.6548373699188232,-1.8368175029754639,0.9275040626525879
1773049066,809753238,world,cf231,-2.659461259841919,-1.8350741863250732,0.9425506591796875
1773049066,809753238,world,cf231_leg,-2.654719114303589,-1.8375376462936401,0.9283045530319214
1773049066,814777368,world,cf231,-2.659229040145874,-1.8366702795028687,0.9434928894042969
1773049066,814777368,world,cf231_leg,-2.6546735763549805,-1.8383464813232422,0.9294188022613525
1773049066,819794353,world,cf231,-2.6591238975524902,-1.8382855653762817,0.9445070028305054
1773049066,819794353,world,cf231_leg,-2.6544344425201416,-1.8389805555343628,0.9307819604873657
1773049066,824784757,world,cf231,-2.658984661102295,-1.8399326801300049,0.9454185962677002
1773049066,824784757,world,cf231_leg,-2.6543450355529785,-1.8398396968841553,0.9318071603775024
1773049066,829750993,world,cf231,-2.658743143081665,-1.8415528535842896,0.9464101791381836
1773049066,829750993,world,cf231_leg,-2.654324531555176,-1.8406898975372314,0.9328298568725586
1773049066,834940246,world,cf231,-2.6583917140960693,-1.8430958986282349,0.9475890398025513
1773049066,834940246,world,cf231_leg,-2.654078245162964,-1.8413889408111572,0.9335339069366455
1773049066,839743083,world,cf231,-2.6583120822906494,-1.8446165323257446,0.9484069347381592
1773049066,839743083,world,cf231_leg,-2.653872013092041,-1.8419313430786133,0.9348132610321045
1773049066,844686465,world,cf231,-2.658116102218628,-1.8462282419204712,0.9492489099502563
1773049066,844686465,world,cf231_leg,-2.6537139415740967,-1.842665433883667,0.9357249736785889
1773049066,849859137,world,cf231,-2.657877206802368,-1.8475840091705322,0.950055718421936
1773049066,849859137,world,cf231_leg,-2.6536760330200195,-1.8434590101242065,0.9365346431732178
1773049066,854897226,world,cf231,-2.6575982570648193,-1.8491065502166748,0.9508568048477173
1773049066,854897226,world,cf231_leg,-2.653594493865967,-1.8441534042358398,0.9374657869338989
1773049066,859782084,world,cf231,-2.657275438308716,-1.8504470586776733,0.9518550634384155
1773049066,859782084,world,cf231_leg,-2.6534693241119385,-1.8447604179382324,0.9385956525802612
1773049066,865225055,world,cf231,-2.657029867172241,-1.851868987083435,0.9528595209121704
1773049066,865225055,world,cf231_leg,-2.653244733810425,-1.8453739881515503,0.9392387866973877
1773049066,869854003,world,cf231,-2.6568844318389893,-1.8532546758651733,0.953586220741272
1773049066,869854003,world,cf231_leg,-2.653247356414795,-1.8461705446243286,0.9402235746383667
1773049066,874809840,world,cf231,-2.656545877456665,-1.8545576333999634,0.9543299674987793
1773049066,874809840,world,cf231_leg,-2.6532440185546875,-1.8469005823135376,0.9410175085067749
1773049066,879657544,world,cf231,-2.65629243850708,-1.8557889461517334,0.9550489187240601
1773049066,879657544,world,cf231_leg,-2.653010845184326,-1.8474570512771606,0.941718578338623
1773049066,884843383,world,cf231,-2.6560864448547363,-1.857120156288147,0.9559417963027954
1773049066,884843383,world,cf231_leg,-2.6528501510620117,-1.8478821516036987,0.9428436756134033
1773049066,889891328,world,cf231,-2.6558079719543457,-1.858332633972168,0.9567844867706299
1773049066,889891328,world,cf231_leg,-2.6527950763702393,-1.8486016988754272,0.9433344602584839
1773049066,894823910,world,cf231,-2.655575752258301,-1.8594459295272827,0.9575812816619873
1773049066,894823910,world,cf231_leg,-2.652831554412842,-1.849105954170227,0.9442800283432007
1773049066,902395673,world,cf231,-2.6552608013153076,-1.8604483604431152,0.9581916332244873
1773049066,902395673,world,cf231_leg,-2.652576446533203,-1.8496708869934082,0.9448404312133789
1773049066,905012813,world,cf231,-2.6550493240356445,-1.8616007566452026,0.9588462114334106
1773049066,905012813,world,cf231_leg,-2.6525487899780273,-1.850294828414917,0.945503830909729
1773049066,909811827,world,cf231,-2.6546876430511475,-1.8624380826950073,0.9593762159347534
1773049066,909811827,world,cf231_leg,-2.652527332305908,-1.8507839441299438,0.9462544918060303
1773049066,914966848,world,cf231,-2.6545047760009766,-1.863483190536499,0.9602251052856445
1773049066,914966848,world,cf231_leg,-2.6523048877716064,-1.8511991500854492,0.9469715356826782
1773049066,919936171,world,cf231,-2.6541781425476074,-1.8643450736999512,0.960739254951477
1773049066,919936171,world,cf231_leg,-2.6522419452667236,-1.8516536951065063,0.947611927986145
1773049066,924668378,world,cf231,-2.6540298461914062,-1.86530339717865,0.961520791053772
1773049066,924668378,world,cf231_leg,-2.6521944999694824,-1.8520145416259766,0.948340892791748
1773049066,931386493,world,cf231,-2.653820514678955,-1.8661069869995117,0.9621310234069824
1773049066,931386493,world,cf231_leg,-2.6520986557006836,-1.8523863554000854,0.9486202001571655
1773049066,934713934,world,cf231,-2.653519630432129,-1.8667209148406982,0.9626362323760986
1773049066,934713934,world,cf231_leg,-2.6520936489105225,-1.852953553199768,0.9492143392562866
1773049066,939990399,world,cf231,-2.6533665657043457,-1.867494821548462,0.9631197452545166
1773049066,939990399,world,cf231_leg,-2.65193772315979,-1.853192687034607,0.9496831893920898
1773049066,944674284,world,cf231,-2.6530959606170654,-1.8681056499481201,0.9634777307510376
1773049066,944674284,world,cf231_leg,-2.6519386768341064,-1.8536535501480103,0.9505434036254883
1773049066,949849577,world,cf231,-2.6529552936553955,-1.8686412572860718,0.9639884233474731
1773049066,949849577,world,cf231_leg,-2.6518454551696777,-1.853769302368164,0.9512834548950195
1773049066,954812621,world,cf231,-2.6528706550598145,-1.8692988157272339,0.9645248651504517
1773049066,954812621,world,cf231_leg,-2.6517956256866455,-1.8539561033248901,0.9515717029571533
1773049066,959618260,world,cf231,-2.652657985687256,-1.8697117567062378,0.9653530120849609
1773049066,959618260,world,cf231_leg,-2.65177059173584,-1.8542431592941284,0.9519612789154053
1773049066,964897254,world,cf231,-2.6525766849517822,-1.8701640367507935,0.9659193754196167
1773049066,964897254,world,cf231_leg,-2.651651620864868,-1.8543365001678467,0.9524831771850586
1773049066,970018524,world,cf231,-2.6523313522338867,-1.8704060316085815,0.9662909507751465
1773049066,970018524,world,cf231_leg,-2.6515772342681885,-1.8545353412628174,0.9526674747467041
1773049066,975014453,world,cf231,-2.652353286743164,-1.8706514835357666,0.966802716255188
1773049066,975014453,world,cf231_leg,-2.651611804962158,-1.8548603057861328,0.9531412124633789
1773049066,979910196,world,cf231,-2.6522796154022217,-1.8707996606826782,0.967182993888855
1773049066,979910196,world,cf231_leg,-2.651684522628784,-1.8549449443817139,0.9535126686096191
1773049066,984593911,world,cf231,-2.652160167694092,-1.8710286617279053,0.9675770998001099
1773049066,984593911,world,cf231_leg,-2.6515591144561768,-1.8550972938537598,0.9539320468902588
1773049066,989737460,world,cf231,-2.6520724296569824,-1.8711458444595337,0.9677679538726807
1773049066,989737460,world,cf231_leg,-2.6516530513763428,-1.8551570177078247,0.9545978307723999
1773049066,994604776,world,cf231,-2.6518478393554688,-1.8710813522338867,0.9680241346359253
1773049066,994604776,world,cf231_leg,-2.651599645614624,-1.8551894426345825,0.9547343254089355
1773049066,999793794,world,cf231,-2.6517698764801025,-1.871044635772705,0.9681586027145386
1773049066,999793794,world,cf231_leg,-2.6516058444976807,-1.8552050590515137,0.9552230834960938
1773049067,4742616,world,cf231,-2.651801109313965,-1.8710085153579712,0.9686020612716675
1773049067,4742616,world,cf231_leg,-2.6516408920288086,-1.8550993204116821,0.9557003974914551
1773049067,9760252,world,cf231,-2.651691436767578,-1.8708291053771973,0.9688407182693481
1773049067,9760252,world,cf231_leg,-2.6516528129577637,-1.855216145515442,0.9558255672454834
1773049067,14654848,world,cf231,-2.651581287384033,-1.8706576824188232,0.9690616130828857
1773049067,14654848,world,cf231_leg,-2.6515893936157227,-1.8550573587417603,0.9559661149978638
1773049067,19737395,world,cf231,-2.6516475677490234,-1.8704620599746704,0.9695204496383667
1773049067,19737395,world,cf231_leg,-2.651693344116211,-1.854946494102478,0.9564539194107056
1773049067,24731244,world,cf231,-2.6518404483795166,-1.8701534271240234,0.9699994325637817
1773049067,24731244,world,cf231_leg,-2.651677131652832,-1.8549277782440186,0.9563682079315186
1773049067,29822579,world,cf231,-2.651831865310669,-1.8697710037231445,0.9701520204544067
1773049067,29822579,world,cf231_leg,-2.651746988296509,-1.8547313213348389,0.9564827680587769
1773049067,34689070,world,cf231,-2.651961088180542,-1.869357705116272,0.9703118801116943
1773049067,34689070,world,cf231_leg,-2.6517632007598877,-1.85457181930542,0.9567630290985107
1773049067,39739833,world,cf231,-2.6519505977630615,-1.8689409494400024,0.9703489542007446
1773049067,39739833,world,cf231_leg,-2.6517601013183594,-1.854235291481018,0.9567756652832031
1773049067,44827185,world,cf231,-2.6519179344177246,-1.8684608936309814,0.970410943031311
1773049067,44827185,world,cf231_leg,-2.6517176628112793,-1.8540312051773071,0.9569255113601685
1773049067,49755403,world,cf231,-2.652069330215454,-1.86799156665802,0.9705148935317993
1773049067,49755403,world,cf231_leg,-2.6518707275390625,-1.8537400960922241,0.9571717977523804
1773049067,54785502,world,cf231,-2.652198076248169,-1.867336630821228,0.970596194267273
1773049067,54785502,world,cf231_leg,-2.6518335342407227,-1.8533469438552856,0.9571579694747925
1773049067,59641283,world,cf231,-2.652456760406494,-1.8667175769805908,0.9708070755004883
1773049067,59641283,world,cf231_leg,-2.651959180831909,-1.8532757759094238,0.9573204517364502
1773049067,64904052,world,cf231,-2.6524486541748047,-1.8658720254898071,0.9709006547927856
1773049067,64904052,world,cf231_leg,-2.652139902114868,-1.8527839183807373,0.957527756690979
1773049067,69665602,world,cf231,-2.652564525604248,-1.8651094436645508,0.9709323644638062
1773049067,69665602,world,cf231_leg,-2.6522176265716553,-1.852433443069458,0.9575897455215454
1773049067,74662754,world,cf231,-2.6526880264282227,-1.8643035888671875,0.9709117412567139
1773049067,74662754,world,cf231_leg,-2.6524159908294678,-1.8521637916564941,0.957829475402832
1773049067,79804399,world,cf231,-2.652864694595337,-1.8635517358779907,0.9709416627883911
1773049067,79804399,world,cf231_leg,-2.6524651050567627,-1.8518164157867432,0.9578577280044556
1773049067,85029069,world,cf231,-2.652991533279419,-1.862606167793274,0.970812201499939
1773049067,85029069,world,cf231_leg,-2.6525988578796387,-1.851364016532898,0.9579405784606934
1773049067,89873622,world,cf231,-2.6531760692596436,-1.8616951704025269,0.9707752466201782
1773049067,89873622,world,cf231_leg,-2.652690887451172,-1.850817084312439,0.9581558704376221
1773049067,94757414,world,cf231,-2.6533756256103516,-1.8607176542282104,0.9709455966949463
1773049067,94757414,world,cf231_leg,-2.652794361114502,-1.850419044494629,0.9579286575317383
1773049067,99895782,world,cf231,-2.653602361679077,-1.8598134517669678,0.9711141586303711
1773049067,99895782,world,cf231_leg,-2.652834892272949,-1.849860429763794,0.9578256607055664
1773049067,105030659,world,cf231,-2.6538925170898438,-1.8587234020233154,0.9711779356002808
1773049067,105030659,world,cf231_leg,-2.6530189514160156,-1.8493045568466187,0.958219051361084
1773049067,109876693,world,cf231,-2.6541106700897217,-1.8577121496200562,0.9710087776184082
1773049067,109876693,world,cf231_leg,-2.6532604694366455,-1.8488870859146118,0.9579538106918335
1773049067,114895378,world,cf231,-2.6542482376098633,-1.8565009832382202,0.9707765579223633
1773049067,114895378,world,cf231_leg,-2.653355121612549,-1.8483052253723145,0.9577734470367432
1773049067,119896734,world,cf231,-2.654451608657837,-1.8553736209869385,0.9708610773086548
1773049067,119896734,world,cf231_leg,-2.653491973876953,-1.8477672338485718,0.9579112529754639
1773049067,124845359,world,cf231,-2.6546971797943115,-1.8541494607925415,0.9708743095397949
1773049067,124845359,world,cf231_leg,-2.65373158454895,-1.8471388816833496,0.9577443599700928
1773049067,129843719,world,cf231,-2.655024766921997,-1.852916955947876,0.9709910154342651
1773049067,129843719,world,cf231_leg,-2.6537036895751953,-1.8463501930236816,0.9575620889663696
1773049067,135626312,world,cf231,-2.655177354812622,-1.8516587018966675,0.9707101583480835
1773049067,135626312,world,cf231_leg,-2.653903007507324,-1.8457326889038086,0.9574785232543945
1773049067,139799686,world,cf231,-2.6555395126342773,-1.8505396842956543,0.9706652164459229
1773049067,139799686,world,cf231_leg,-2.6541826725006104,-1.845179796218872,0.9573246240615845
1773049067,144684686,world,cf231,-2.6558291912078857,-1.849263072013855,0.9704158306121826
1773049067,144684686,world,cf231_leg,-2.6543569564819336,-1.844601035118103,0.9573171138763428
1773049067,149692075,world,cf231,-2.6562230587005615,-1.847878336906433,0.9707367420196533
1773049067,149692075,world,cf231_leg,-2.6544415950775146,-1.8438314199447632,0.9571744203567505
1773049067,154789636,world,cf231,-2.6565370559692383,-1.8465763330459595,0.9705327749252319
1773049067,154789636,world,cf231_leg,-2.6546998023986816,-1.8431421518325806,0.9571954011917114
1773049067,159866892,world,cf231,-2.656761646270752,-1.8452024459838867,0.9703042507171631
1773049067,159866892,world,cf231_leg,-2.6548449993133545,-1.8423693180084229,0.9567172527313232
1773049067,164986410,world,cf231,-2.6571834087371826,-1.8439406156539917,0.9701370000839233
1773049067,164986410,world,cf231_leg,-2.655066967010498,-1.8418210744857788,0.9566540718078613
1773049067,169728516,world,cf231,-2.6574628353118896,-1.8426718711853027,0.9698529243469238
1773049067,169728516,world,cf231_leg,-2.6554627418518066,-1.8412185907363892,0.9566957950592041
1773049067,174842580,world,cf231,-2.6578097343444824,-1.8411695957183838,0.9698745012283325
1773049067,174842580,world,cf231_leg,-2.655545473098755,-1.840301513671875,0.956445574760437
1773049067,179838626,world,cf231,-2.6581666469573975,-1.839756965637207,0.9698679447174072
1773049067,179838626,world,cf231_leg,-2.655637264251709,-1.8395631313323975,0.9561194181442261
1773049067,184682589,world,cf231,-2.6586313247680664,-1.8383687734603882,0.9695512056350708
1773049067,184682589,world,cf231_leg,-2.6559555530548096,-1.8388880491256714,0.955927848815918
1773049067,189917891,world,cf231,-2.6589560508728027,-1.8369531631469727,0.9693725109100342
1773049067,189917891,world,cf231_leg,-2.6561412811279297,-1.838249921798706,0.9557418823242188
1773049067,194704432,world,cf231,-2.659273862838745,-1.8354933261871338,0.9690061807632446
1773049067,194704432,world,cf231_leg,-2.65643310546875,-1.8375539779663086,0.9555892944335938
1773049067,199785653,world,cf231,-2.6597964763641357,-1.8341034650802612,0.9689809083938599
1773049067,199785653,world,cf231_leg,-2.656585693359375,-1.8366289138793945,0.955336332321167
1773049067,204690204,world,cf231,-2.660111904144287,-1.8325754404067993,0.969098687171936
1773049067,204690204,world,cf231_leg,-2.6567234992980957,-1.8358303308486938,0.9551112651824951
1773049067,209793179,world,cf231,-2.6605336666107178,-1.8312594890594482,0.9687415361404419
1773049067,209793179,world,cf231_leg,-2.65706729888916,-1.8351367712020874,0.9549791812896729
1773049067,215946485,world,cf231,-2.6610469818115234,-1.8298612833023071,0.9686442613601685
1773049067,215946485,world,cf231_leg,-2.6574368476867676,-1.8345144987106323,0.9548394680023193
1773049067,219909178,world,cf231,-2.6614696979522705,-1.8285387754440308,0.9682537317276001
1773049067,219909178,world,cf231_leg,-2.6576123237609863,-1.8336584568023682,0.9546076059341431
1773049067,224779886,world,cf231,-2.6618425846099854,-1.8271528482437134,0.96806800365448
1773049067,224779886,world,cf231_leg,-2.657890558242798,-1.8329659700393677,0.9544110298156738
1773049067,229847257,world,cf231,-2.662219524383545,-1.8255902528762817,0.9680217504501343
1773049067,229847257,world,cf231_leg,-2.6579740047454834,-1.8321558237075806,0.9541490077972412
1773049067,234865474,world,cf231,-2.6628222465515137,-1.824289321899414,0.9680429697036743
1773049067,234865474,world,cf231_leg,-2.6584455966949463,-1.8314541578292847,0.9539555311203003
1773049067,239856701,world,cf231,-2.663173198699951,-1.8230422735214233,0.9678075313568115
1773049067,239856701,world,cf231_leg,-2.6585686206817627,-1.8307008743286133,0.9536761045455933
1773049067,244772423,world,cf231,-2.6637308597564697,-1.8217800855636597,0.9676679372787476
1773049067,244772423,world,cf231_leg,-2.658870220184326,-1.8299641609191895,0.9534857273101807
1773049067,249897388,world,cf231,-2.6641013622283936,-1.8204445838928223,0.9673055410385132
1773049067,249897388,world,cf231_leg,-2.6590826511383057,-1.8290373086929321,0.9531766176223755
1773049067,254929766,world,cf231,-2.66450572013855,-1.8189938068389893,0.9674186706542969
1773049067,254929766,world,cf231_leg,-2.659188747406006,-1.828266978263855,0.9527599811553955
1773049067,259768546,world,cf231,-2.6649365425109863,-1.8177443742752075,0.9672794342041016
1773049067,259768546,world,cf231_leg,-2.6595141887664795,-1.827710747718811,0.9525669813156128
1773049067,265063786,world,cf231,-2.6655097007751465,-1.816567301750183,0.9671204090118408
1773049067,265063786,world,cf231_leg,-2.659872055053711,-1.8269518613815308,0.9522964954376221
1773049067,271046242,world,cf231,-2.6659185886383057,-1.8151949644088745,0.966823935508728
1773049067,271046242,world,cf231_leg,-2.659993886947632,-1.8261984586715698,0.9520390033721924
1773049067,274694722,world,cf231,-2.6663172245025635,-1.8140217065811157,0.966751217842102
1773049067,274694722,world,cf231_leg,-2.6602585315704346,-1.825484275817871,0.9517431259155273
1773049067,279726664,world,cf231,-2.66678524017334,-1.81290602684021,0.9665509462356567
1773049067,279726664,world,cf231_leg,-2.6604104042053223,-1.8247829675674438,0.9515269994735718
1773049067,284837496,world,cf231,-2.667079448699951,-1.8116340637207031,0.9662519693374634
1773049067,284837496,world,cf231_leg,-2.6607577800750732,-1.8241761922836304,0.9513164758682251
1773049067,289875526,world,cf231,-2.667703866958618,-1.8105143308639526,0.9665541648864746
1773049067,289875526,world,cf231_leg,-2.6609463691711426,-1.8235009908676147,0.9510014057159424
1773049067,295875778,world,cf231,-2.6682419776916504,-1.8095146417617798,0.966414213180542
1773049067,295875778,world,cf231_leg,-2.6612367630004883,-1.8228857517242432,0.950789213180542
1773049067,299787262,world,cf231,-2.6686079502105713,-1.808239221572876,0.9661440849304199
1773049067,299787262,world,cf231_leg,-2.6614391803741455,-1.8221242427825928,0.9506313800811768
1773049067,305080480,world,cf231,-2.6689934730529785,-1.807276725769043,0.9659602642059326
1773049067,305080480,world,cf231_leg,-2.6616504192352295,-1.8215525150299072,0.9504532814025879
1773049067,309714582,world,cf231,-2.669240951538086,-1.8062238693237305,0.9657363891601562
1773049067,309714582,world,cf231_leg,-2.661921262741089,-1.8209741115570068,0.9501674175262451
1773049067,314966672,world,cf231,-2.6696856021881104,-1.8052918910980225,0.9656081199645996
1773049067,314966672,world,cf231_leg,-2.662144899368286,-1.8204015493392944,0.950070858001709
1773049067,319976621,world,cf231,-2.670234203338623,-1.8043670654296875,0.9654254913330078
1773049067,319976621,world,cf231_leg,-2.662370443344116,-1.8198184967041016,0.9498955011367798
1773049067,324782100,world,cf231,-2.6708035469055176,-1.803360939025879,0.9657481908798218
1773049067,324782100,world,cf231_leg,-2.662661075592041,-1.8192023038864136,0.9496865272521973
1773049067,329704535,world,cf231,-2.671118974685669,-1.8023751974105835,0.9654016494750977
1773049067,329704535,world,cf231_leg,-2.6626734733581543,-1.8184070587158203,0.9492536783218384
1773049067,334742949,world,cf231,-2.671434164047241,-1.8015449047088623,0.9652004241943359
1773049067,334742949,world,cf231_leg,-2.662933111190796,-1.818115472793579,0.949155330657959
1773049067,341142550,world,cf231,-2.6719584465026855,-1.8008116483688354,0.9651192426681519
1773049067,341142550,world,cf231_leg,-2.6632769107818604,-1.8175764083862305,0.9490331411361694
1773049067,344745468,world,cf231,-2.672268867492676,-1.7999166250228882,0.9650626182556152
1773049067,344745468,world,cf231_leg,-2.663372278213501,-1.8169476985931396,0.9489498138427734
1773049067,349674371,world,cf231,-2.672682762145996,-1.7992029190063477,0.9647399187088013
1773049067,349674371,world,cf231_leg,-2.6636722087860107,-1.81662917137146,0.948684811592102
1773049067,354822413,world,cf231,-2.6729297637939453,-1.79841148853302,0.9646264314651489
1773049067,354822413,world,cf231_leg,-2.6637942790985107,-1.81599760055542,0.9485042095184326
1773049067,359990798,world,cf231,-2.673208713531494,-1.7977666854858398,0.9644720554351807
1773049067,359990798,world,cf231_leg,-2.6638970375061035,-1.8155087232589722,0.9481983184814453
1773049067,364905246,world,cf231,-2.6736855506896973,-1.7970942258834839,0.9643025398254395
1773049067,364905246,world,cf231_leg,-2.664073944091797,-1.8151006698608398,0.9479745626449585
1773049067,370124575,world,cf231,-2.6738789081573486,-1.7964545488357544,0.9639999866485596
1773049067,370124575,world,cf231_leg,-2.664297580718994,-1.8147547245025635,0.9478863477706909
1773049067,375014702,world,cf231,-2.67439866065979,-1.795765995979309,0.9643821716308594
1773049067,375014702,world,cf231_leg,-2.6645491123199463,-1.8145424127578735,0.947974681854248
1773049067,379908354,world,cf231,-2.6746652126312256,-1.795285940170288,0.9643340110778809
1773049067,379908354,world,cf231_leg,-2.664687395095825,-1.814126968383789,0.9477797746658325
1773049067,385114196,world,cf231,-2.674804449081421,-1.7946449518203735,0.9641051292419434
1773049067,385114196,world,cf231_leg,-2.664926290512085,-1.8138782978057861,0.947656512260437
1773049067,390045200,world,cf231,-2.6750900745391846,-1.7943412065505981,0.9640288352966309
1773049067,390045200,world,cf231_leg,-2.6650235652923584,-1.813518762588501,0.9474954605102539
1773049067,394866875,world,cf231,-2.675401449203491,-1.7939053773880005,0.964037299156189
1773049067,394866875,world,cf231_leg,-2.6652731895446777,-1.8132680654525757,0.9474586248397827
1773049067,401031896,world,cf231,-2.6757686138153076,-1.7934123277664185,0.9637855291366577
1773049067,401031896,world,cf231_leg,-2.665330410003662,-1.8130048513412476,0.9472814798355103
1773049067,405237609,world,cf231,-2.676041841506958,-1.7931551933288574,0.9638068675994873
1773049067,405237609,world,cf231_leg,-2.6654767990112305,-1.8125815391540527,0.947168231010437
1773049067,409899464,world,cf231,-2.6762893199920654,-1.7929112911224365,0.9637367725372314
1773049067,409899464,world,cf231_leg,-2.6656219959259033,-1.8125081062316895,0.947114109992981
1773049067,414960850,world,cf231,-2.6764230728149414,-1.7926589250564575,0.9636796712875366
1773049067,414960850,world,cf231_leg,-2.665822744369507,-1.8124364614486694,0.9470388889312744
1773049067,419883350,world,cf231,-2.6766130924224854,-1.7925221920013428,0.9635903835296631
1773049067,419883350,world,cf231_leg,-2.6657967567443848,-1.8119558095932007,0.9468170404434204
1773049067,424887508,world,cf231,-2.6767218112945557,-1.7923122644424438,0.9635229110717773
1773049067,424887508,world,cf231_leg,-2.6659789085388184,-1.811920166015625,0.9466469287872314
1773049067,429939903,world,cf231,-2.676910877227783,-1.7921748161315918,0.9634361267089844
1773049067,429939903,world,cf231_leg,-2.6660351753234863,-1.8118120431900024,0.9466450214385986
1773049067,434767390,world,cf231,-2.6770517826080322,-1.7921148538589478,0.9633442163467407
1773049067,434767390,world,cf231_leg,-2.6662044525146484,-1.8118528127670288,0.9467635154724121
1773049067,439954401,world,cf231,-2.677180290222168,-1.7921198606491089,0.9633810520172119
1773049067,439954401,world,cf231_leg,-2.6662611961364746,-1.8116838932037354,0.9464796781539917
1773049067,444933942,world,cf231,-2.67720365524292,-1.7920315265655518,0.963226318359375
1773049067,444933942,world,cf231_leg,-2.6663737297058105,-1.8116987943649292,0.9464917182922363
1773049067,449933434,world,cf231,-2.677316665649414,-1.7921297550201416,0.9631388187408447
1773049067,449933434,world,cf231_leg,-2.666407823562622,-1.8116017580032349,0.9463626146316528
1773049067,455007205,world,cf231,-2.67744517326355,-1.7921000719070435,0.9630577564239502
1773049067,455007205,world,cf231_leg,-2.666494369506836,-1.8116878271102905,0.9465546607971191
1773049067,460976582,world,cf231,-2.6774179935455322,-1.792237401008606,0.9630112648010254
1773049067,460976582,world,cf231_leg,-2.666574239730835,-1.811585545539856,0.9462555646896362
1773049067,464926968,world,cf231,-2.677415132522583,-1.792318344116211,0.9629087448120117
1773049067,464926968,world,cf231_leg,-2.666640520095825,-1.8116618394851685,0.946182131767273
1773049067,469804155,world,cf231,-2.677443504333496,-1.7926025390625,0.9629311561584473
1773049067,469804155,world,cf231_leg,-2.666696548461914,-1.8116639852523804,0.9461592435836792
1773049067,474793659,world,cf231,-2.6774258613586426,-1.7927805185317993,0.9627206325531006
1773049067,474793659,world,cf231_leg,-2.6666829586029053,-1.8117938041687012,0.9461787939071655
1773049067,479926104,world,cf231,-2.6775100231170654,-1.7931581735610962,0.9626636505126953
1773049067,479926104,world,cf231_leg,-2.666670322418213,-1.8117915391921997,0.9460830688476562
1773049067,484764747,world,cf231,-2.6775825023651123,-1.7935515642166138,0.9626022577285767
1773049067,484764747,world,cf231_leg,-2.6667563915252686,-1.8118655681610107,0.9457863569259644
1773049067,489649637,world,cf231,-2.6774580478668213,-1.7938097715377808,0.9623769521713257
1773049067,489649637,world,cf231_leg,-2.6666533946990967,-1.8120347261428833,0.9457041025161743
1773049067,494899712,world,cf231,-2.6774380207061768,-1.7941607236862183,0.9623451232910156
1773049067,494899712,world,cf231_leg,-2.6668765544891357,-1.8124213218688965,0.9458335638046265
1773049067,499728182,world,cf231,-2.6773016452789307,-1.7944663763046265,0.9622149467468262
1773049067,499728182,world,cf231_leg,-2.666785955429077,-1.8124254941940308,0.9456192255020142
1773049067,504802032,world,cf231,-2.6772990226745605,-1.7949732542037964,0.9620531797409058
1773049067,504802032,world,cf231_leg,-2.666792154312134,-1.8126925230026245,0.9454813003540039
1773049067,510015784,world,cf231,-2.6772637367248535,-1.7954325675964355,0.9619110822677612
1773049067,510015784,world,cf231_leg,-2.6668484210968018,-1.8129254579544067,0.9454754590988159
1773049067,515580177,world,cf231,-2.6772408485412598,-1.795902967453003,0.9619109630584717
1773049067,515580177,world,cf231_leg,-2.666902780532837,-1.8131694793701172,0.9455480575561523
1773049067,519888565,world,cf231,-2.6771674156188965,-1.7965505123138428,0.961834192276001
1773049067,519888565,world,cf231_leg,-2.66675066947937,-1.8133653402328491,0.9452887773513794
1773049067,526133745,world,cf231,-2.6769986152648926,-1.7969671487808228,0.9614973068237305
1773049067,526133745,world,cf231_leg,-2.6668756008148193,-1.8137085437774658,0.9453037977218628
1773049067,529892719,world,cf231,-2.676868200302124,-1.7977858781814575,0.9613133668899536
1773049067,529892719,world,cf231_leg,-2.666804552078247,-1.8139371871948242,0.9452862739562988
1773049067,534716142,world,cf231,-2.6767985820770264,-1.7983182668685913,0.9612199068069458
1773049067,534716142,world,cf231_leg,-2.6668827533721924,-1.8143748044967651,0.9453353881835938
1773049067,541685682,world,cf231,-2.6765730381011963,-1.79900062084198,0.9610769748687744
1773049067,541685682,world,cf231_leg,-2.6667232513427734,-1.8145307302474976,0.9452203512191772
1773049067,552370666,world,cf231,-2.6764426231384277,-1.7996621131896973,0.9610388278961182
1773049067,552370666,world,cf231_leg,-2.6667752265930176,-1.8148775100708008,0.9452507495880127
1773049067,552504734,world,cf231,-2.6762399673461914,-1.8003063201904297,0.9609479904174805
1773049067,552504734,world,cf231_leg,-2.666724681854248,-1.815172553062439,0.9452412128448486
1773049067,558199583,world,cf231,-2.676164150238037,-1.801072359085083,0.9609053134918213
1773049067,558199583,world,cf231_leg,-2.666585922241211,-1.815430998802185,0.9452672004699707
1773049067,560580186,world,cf231,-2.6759777069091797,-1.8017085790634155,0.9608241319656372
1773049067,560580186,world,cf231_leg,-2.6664936542510986,-1.8157918453216553,0.945158839225769
1773049067,566428973,world,cf231,-2.675734519958496,-1.802674651145935,0.9604856967926025
1773049067,566428973,world,cf231_leg,-2.6664340496063232,-1.816090703010559,0.9450576305389404
1773049067,569677732,world,cf231,-2.6756021976470947,-1.8034305572509766,0.9604140520095825
1773049067,569677732,world,cf231_leg,-2.666362762451172,-1.8165183067321777,0.9449565410614014
1773049067,574684881,world,cf231,-2.675250291824341,-1.8041495084762573,0.9603872299194336
1773049067,574684881,world,cf231_leg,-2.6662919521331787,-1.8169775009155273,0.9449567794799805
1773049067,579850319,world,cf231,-2.675128221511841,-1.8050158023834229,0.9603865146636963
1773049067,579850319,world,cf231_leg,-2.6662192344665527,-1.8173961639404297,0.9448158740997314
1773049067,585038720,world,cf231,-2.67492413520813,-1.8058850765228271,0.9602655172348022
1773049067,585038720,world,cf231_leg,-2.6661667823791504,-1.8180011510849,0.9447227716445923
1773049067,589771877,world,cf231,-2.674734592437744,-1.806632399559021,0.9601869583129883
1773049067,589771877,world,cf231_leg,-2.666149854660034,-1.8185856342315674,0.9447749853134155
1773049067,597966742,world,cf231,-2.6744322776794434,-1.8077095746994019,0.959874153137207
1773049067,597966742,world,cf231_leg,-2.6660566329956055,-1.8189712762832642,0.9447442293167114
1773049067,599938183,world,cf231,-2.674231767654419,-1.8085010051727295,0.9598735570907593
1773049067,599938183,world,cf231_leg,-2.665839910507202,-1.8192412853240967,0.9446814060211182
1773049067,608380516,world,cf231,-2.673924207687378,-1.809347152709961,0.9597954750061035
1773049067,608380516,world,cf231_leg,-2.6657955646514893,-1.8196884393692017,0.9447656869888306
1773049067,609674566,world,cf231,-2.673570394515991,-1.8101311922073364,0.9595808982849121
1773049067,609674566,world,cf231_leg,-2.6657826900482178,-1.820153832435608,0.9447534084320068
1773049067,618897629,world,cf231,-2.6734249591827393,-1.8110084533691406,0.9594701528549194
1773049067,618897629,world,cf231_leg,-2.665595769882202,-1.8206758499145508,0.9446461200714111
1773049067,620030445,world,cf231,-2.6730432510375977,-1.8119970560073853,0.9590915441513062
1773049067,620030445,world,cf231_leg,-2.665527105331421,-1.8211649656295776,0.944730281829834
1773049067,625056388,world,cf231,-2.672746419906616,-1.8129438161849976,0.9590331315994263
1773049067,625056388,world,cf231_leg,-2.6654186248779297,-1.8216445446014404,0.9446089267730713
1773049067,630061722,world,cf231,-2.6725120544433594,-1.8138008117675781,0.959050178527832
1773049067,630061722,world,cf231_leg,-2.665402889251709,-1.8222296237945557,0.9446589946746826
1773049067,635130928,world,cf231,-2.672126293182373,-1.8145720958709717,0.9589742422103882
1773049067,635130928,world,cf231_leg,-2.665138006210327,-1.8226734399795532,0.9445295333862305
1773049067,639763987,world,cf231,-2.671799898147583,-1.815492868423462,0.9586458206176758
1773049067,639763987,world,cf231_leg,-2.664984941482544,-1.8231056928634644,0.944339394569397
1773049067,644768064,world,cf231,-2.6716020107269287,-1.8164881467819214,0.9586169719696045
1773049067,644768064,world,cf231_leg,-2.6649136543273926,-1.8236500024795532,0.9442660808563232
1773049067,649707901,world,cf231,-2.6711907386779785,-1.8174998760223389,0.9584920406341553
1773049067,649707901,world,cf231_leg,-2.6647794246673584,-1.8241350650787354,0.9442545175552368
1773049067,654829713,world,cf231,-2.670781135559082,-1.8182796239852905,0.9582877159118652
1773049067,654829713,world,cf231_leg,-2.6647212505340576,-1.8247005939483643,0.9443037509918213
1773049067,659628833,world,cf231,-2.6705081462860107,-1.8191936016082764,0.9582444429397583
1773049067,659628833,world,cf231_leg,-2.6646976470947266,-1.825210690498352,0.9443843364715576
1773049067,664904346,world,cf231,-2.6701693534851074,-1.8201130628585815,0.9582183361053467
1773049067,664904346,world,cf231_leg,-2.6645607948303223,-1.8256878852844238,0.944352388381958
1773049067,671043272,world,cf231,-2.66998553276062,-1.8210339546203613,0.9583687782287598
1773049067,671043272,world,cf231_leg,-2.664586305618286,-1.8263713121414185,0.9443039894104004
1773049067,674679747,world,cf231,-2.6694650650024414,-1.8220072984695435,0.9578173160552979
1773049067,674679747,world,cf231_leg,-2.664323329925537,-1.8267067670822144,0.9441901445388794
1773049067,679829250,world,cf231,-2.6691489219665527,-1.8228968381881714,0.9578233957290649
1773049067,679829250,world,cf231_leg,-2.664219379425049,-1.8272210359573364,0.9441603422164917
1773049067,685211317,world,cf231,-2.6686766147613525,-1.823615550994873,0.9577552080154419
1773049067,685211317,world,cf231_leg,-2.664069414138794,-1.8278017044067383,0.9440760612487793
1773049067,689895127,world,cf231,-2.668398141860962,-1.8245691061019897,0.9578003883361816
1773049067,689895127,world,cf231_leg,-2.664091110229492,-1.8282109498977661,0.9440972805023193
1773049067,694747963,world,cf231,-2.6681535243988037,-1.8254586458206177,0.9578509330749512
1773049067,694747963,world,cf231_leg,-2.663863182067871,-1.8288286924362183,0.9439989328384399
1773049067,699841067,world,cf231,-2.667907953262329,-1.8263194561004639,0.9578207731246948
1773049067,699841067,world,cf231_leg,-2.663881301879883,-1.8294233083724976,0.943888783454895
1773049067,705919959,world,cf231,-2.667358160018921,-1.827261209487915,0.9573545455932617
1773049067,705919959,world,cf231_leg,-2.6638023853302,-1.8297991752624512,0.9438782930374146
1773049067,709905897,world,cf231,-2.667013645172119,-1.8279894590377808,0.9573620557785034
1773049067,709905897,world,cf231_leg,-2.663620710372925,-1.830245852470398,0.943884015083313
1773049067,715012741,world,cf231,-2.6666669845581055,-1.8288171291351318,0.9572985172271729
1773049067,715012741,world,cf231_leg,-2.663482189178467,-1.8305997848510742,0.9438949823379517
1773049067,719943617,world,cf231,-2.6664252281188965,-1.82960045337677,0.9573872089385986
1773049067,719943617,world,cf231_leg,-2.6635570526123047,-1.831209421157837,0.9438343048095703
1773049067,724842856,world,cf231,-2.6662065982818604,-1.830444574356079,0.9574310779571533
1773049067,724842856,world,cf231_leg,-2.663363218307495,-1.8317761421203613,0.943799614906311
1773049067,729873674,world,cf231,-2.66587233543396,-1.8312419652938843,0.9573584794998169
1773049067,729873674,world,cf231_leg,-2.663351058959961,-1.83223557472229,0.9437602758407593
1773049067,734726990,world,cf231,-2.665386199951172,-1.8318991661071777,0.9570252895355225
1773049067,734726990,world,cf231_leg,-2.6632375717163086,-1.8326280117034912,0.9435727596282959
1773049067,739779569,world,cf231,-2.6651196479797363,-1.832776665687561,0.9568983316421509
1773049067,739779569,world,cf231_leg,-2.6631345748901367,-1.8331373929977417,0.9435131549835205
1773049067,746036460,world,cf231,-2.6650190353393555,-1.8335307836532593,0.956994891166687
1773049067,746036460,world,cf231_leg,-2.6631767749786377,-1.8336070775985718,0.9435156583786011
1773049067,749787947,world,cf231,-2.6648027896881104,-1.834259033203125,0.9570244550704956
1773049067,749787947,world,cf231_leg,-2.6630961894989014,-1.833935260772705,0.9433192014694214
1773049067,754956975,world,cf231,-2.6644716262817383,-1.8348270654678345,0.9569424390792847
1773049067,754956975,world,cf231_leg,-2.662874460220337,-1.8345259428024292,0.9433724880218506
1773049067,759823033,world,cf231,-2.6643483638763428,-1.8354915380477905,0.9569269418716431
1773049067,759823033,world,cf231_leg,-2.6628544330596924,-1.8347796201705933,0.943244457244873
1773049067,764918897,world,cf231,-2.664085865020752,-1.8361680507659912,0.9568710327148438
1773049067,764918897,world,cf231_leg,-2.6628329753875732,-1.8351707458496094,0.9432824850082397
1773049067,769907901,world,cf231,-2.663926839828491,-1.8368518352508545,0.9567611217498779
1773049067,769907901,world,cf231_leg,-2.662823438644409,-1.8356655836105347,0.9433542490005493
1773049067,774865667,world,cf231,-2.6637797355651855,-1.837523341178894,0.9566720724105835
1773049067,774865667,world,cf231_leg,-2.662928819656372,-1.8360533714294434,0.943358302116394
1773049067,779935053,world,cf231,-2.663506269454956,-1.8380893468856812,0.9565471410751343
1773049067,779935053,world,cf231_leg,-2.66279673576355,-1.8363957405090332,0.9430079460144043
1773049067,784824151,world,cf231,-2.6633965969085693,-1.8386105298995972,0.956525444984436
1773049067,784824151,world,cf231_leg,-2.6628165245056152,-1.8369189500808716,0.9430638551712036
1773049067,789891557,world,cf231,-2.6632626056671143,-1.8391709327697754,0.9564756155014038
1773049067,789891557,world,cf231_leg,-2.662825345993042,-1.8372178077697754,0.9430266618728638
1773049067,794773593,world,cf231,-2.6631875038146973,-1.8396198749542236,0.9564019441604614
1773049067,794773593,world,cf231_leg,-2.662654399871826,-1.8373868465423584,0.9429072141647339
1773049067,799886281,world,cf231,-2.663088083267212,-1.840090036392212,0.9562695026397705
1773049067,799886281,world,cf231_leg,-2.6626408100128174,-1.83773934841156,0.9429233074188232
1773049067,804708504,world,cf231,-2.6631174087524414,-1.8406050205230713,0.9563244581222534
1773049067,804708504,world,cf231_leg,-2.662663459777832,-1.8380292654037476,0.9429028034210205
1773049067,809714262,world,cf231,-2.6631581783294678,-1.8412299156188965,0.9564501047134399
1773049067,809714262,world,cf231_leg,-2.662686586380005,-1.8383218050003052,0.9428967237472534
1773049067,815204341,world,cf231,-2.66304874420166,-1.8414802551269531,0.9562679529190063
1773049067,815204341,world,cf231_leg,-2.662693500518799,-1.8387072086334229,0.9428035020828247
1773049067,819788454,world,cf231,-2.6629271507263184,-1.8419771194458008,0.9560879468917847
1773049067,819788454,world,cf231_leg,-2.6627604961395264,-1.8390101194381714,0.9427363872528076
1773049067,824735082,world,cf231,-2.6630260944366455,-1.8424328565597534,0.9560037851333618
1773049067,824735082,world,cf231_leg,-2.6627728939056396,-1.8392261266708374,0.9427653551101685
1773049067,831037035,world,cf231,-2.662997007369995,-1.8427488803863525,0.9557666778564453
1773049067,831037035,world,cf231_leg,-2.6629140377044678,-1.8396861553192139,0.9426431655883789
1773049067,834896952,world,cf231,-2.6630868911743164,-1.8431662321090698,0.9558640718460083
1773049067,834896952,world,cf231_leg,-2.662935733795166,-1.8398630619049072,0.942629337310791
1773049067,839740377,world,cf231,-2.6630733013153076,-1.843404769897461,0.9558358192443848
1773049067,839740377,world,cf231_leg,-2.662947654724121,-1.8400832414627075,0.942690372467041
1773049067,844831002,world,cf231,-2.663208246231079,-1.8437094688415527,0.9558203220367432
1773049067,844831002,world,cf231_leg,-2.663004159927368,-1.8403195142745972,0.9427176713943481
1773049067,849976914,world,cf231,-2.6633095741271973,-1.8439573049545288,0.955773115158081
1773049067,849976914,world,cf231_leg,-2.6631035804748535,-1.840453863143921,0.942689061164856
1773049067,854820520,world,cf231,-2.6633756160736084,-1.8441438674926758,0.9556796550750732
1773049067,854820520,world,cf231_leg,-2.6631569862365723,-1.8406541347503662,0.9426072835922241
1773049067,860265613,world,cf231,-2.6635208129882812,-1.8444008827209473,0.9555709362030029
1773049067,860265613,world,cf231_leg,-2.6632909774780273,-1.8409596681594849,0.94261634349823
1773049067,864615974,world,cf231,-2.6636698246002197,-1.8445905447006226,0.9556294679641724
1773049067,864615974,world,cf231_leg,-2.663469076156616,-1.8410499095916748,0.9425548315048218
1773049067,870178412,world,cf231,-2.663818359375,-1.844779372215271,0.9556905031204224
1773049067,870178412,world,cf231_leg,-2.66338849067688,-1.8411710262298584,0.9424715042114258
1773049067,874715845,world,cf231,-2.664000988006592,-1.8448723554611206,0.9556323289871216
1773049067,874715845,world,cf231_leg,-2.663569211959839,-1.841405987739563,0.9425021409988403
1773049067,879889602,world,cf231,-2.6642649173736572,-1.845077395439148,0.9557074308395386
1773049067,879889602,world,cf231_leg,-2.6637473106384277,-1.8415011167526245,0.9424707889556885
1773049067,885005541,world,cf231,-2.6644017696380615,-1.8450027704238892,0.9555482864379883
1773049067,885005541,world,cf231_leg,-2.6637911796569824,-1.8416284322738647,0.942435622215271
1773049067,889832686,world,cf231,-2.664641857147217,-1.8451365232467651,0.9556187391281128
1773049067,889832686,world,cf231_leg,-2.6640079021453857,-1.841726541519165,0.9425817728042603
1773049067,895929191,world,cf231,-2.66475772857666,-1.8451530933380127,0.9556317329406738
1773049067,895929191,world,cf231_leg,-2.6641476154327393,-1.8418114185333252,0.9423267841339111
1773049067,899837139,world,cf231,-2.6650116443634033,-1.8451322317123413,0.9556212425231934
1773049067,899837139,world,cf231_leg,-2.6641697883605957,-1.8418716192245483,0.9422862529754639
1773049067,904799115,world,cf231,-2.6652188301086426,-1.8450599908828735,0.9555249214172363
1773049067,904799115,world,cf231_leg,-2.66445255279541,-1.8419383764266968,0.9423936605453491
1773049067,913043534,world,cf231,-2.6656107902526855,-1.8451554775238037,0.955639123916626
1773049067,913043534,world,cf231_leg,-2.664491653442383,-1.8418904542922974,0.9421855211257935
1773049067,914850440,world,cf231,-2.665726900100708,-1.8450217247009277,0.9555209875106812
1773049067,914850440,world,cf231_leg,-2.664638042449951,-1.8419569730758667,0.9421924352645874
1773049067,919830046,world,cf231,-2.665877103805542,-1.844828486442566,0.955420970916748
1773049067,919830046,world,cf231_leg,-2.6648647785186768,-1.842016339302063,0.9422949552536011
1773049067,924823879,world,cf231,-2.666236162185669,-1.8447448015213013,0.9554543495178223
1773049067,924823879,world,cf231_leg,-2.6650309562683105,-1.8419982194900513,0.942169189453125
1773049067,929717872,world,cf231,-2.6666181087493896,-1.8446146249771118,0.955483078956604
1773049067,929717872,world,cf231_leg,-2.6651647090911865,-1.8420751094818115,0.942155122756958
1773049067,934787694,world,cf231,-2.666964530944824,-1.844395637512207,0.9553834199905396
1773049067,934787694,world,cf231_leg,-2.6654107570648193,-1.8420298099517822,0.9420063495635986
1773049067,939913636,world,cf231,-2.667311429977417,-1.8442012071609497,0.9553488492965698
1773049067,939913636,world,cf231_leg,-2.665645122528076,-1.8420131206512451,0.9419378042221069
1773049067,944885888,world,cf231,-2.6675095558166504,-1.8439432382583618,0.9553209543228149
1773049067,944885888,world,cf231_leg,-2.6658132076263428,-1.8420348167419434,0.941954493522644
1773049067,949725078,world,cf231,-2.667799472808838,-1.8437477350234985,0.9553126096725464
1773049067,949725078,world,cf231_leg,-2.666059732437134,-1.8420124053955078,0.9419376850128174
1773049067,954699737,world,cf231,-2.668309211730957,-1.8436279296875,0.9554115533828735
1773049067,954699737,world,cf231_leg,-2.6663079261779785,-1.8418784141540527,0.9418289661407471
1773049067,960380601,world,cf231,-2.6685779094696045,-1.8432285785675049,0.9553496837615967
1773049067,960380601,world,cf231_leg,-2.6665303707122803,-1.8418974876403809,0.9418866634368896
1773049067,965025531,world,cf231,-2.6689610481262207,-1.8429791927337646,0.9553472995758057
1773049067,965025531,world,cf231_leg,-2.666645050048828,-1.8416557312011719,0.9416892528533936
1773049067,969839277,world,cf231,-2.6692638397216797,-1.8426281213760376,0.9552624225616455
1773049067,969839277,world,cf231_leg,-2.6669375896453857,-1.841686725616455,0.9417667388916016
1773049067,974918845,world,cf231,-2.6696808338165283,-1.8424088954925537,0.9552069902420044
1773049067,974918845,world,cf231_leg,-2.6672494411468506,-1.8417418003082275,0.9416948556900024
1773049067,980018462,world,cf231,-2.6699352264404297,-1.842018723487854,0.9550557136535645
1773049067,980018462,world,cf231_leg,-2.667360782623291,-1.841496229171753,0.9415832757949829
1773049067,984933307,world,cf231,-2.6703648567199707,-1.8415404558181763,0.9549281597137451
1773049067,984933307,world,cf231_leg,-2.6677088737487793,-1.8415238857269287,0.941608190536499
1773049067,989833707,world,cf231,-2.6709115505218506,-1.8412739038467407,0.9551115036010742
1773049067,989833707,world,cf231_leg,-2.6679904460906982,-1.841444730758667,0.9416049718856812
1773049067,994763312,world,cf231,-2.6711947917938232,-1.8407713174819946,0.9551205635070801
1773049067,994763312,world,cf231_leg,-2.668168783187866,-1.8413091897964478,0.9415346384048462
1773049067,999828788,world,cf231,-2.6717076301574707,-1.8404682874679565,0.9553228616714478
1773049067,999828788,world,cf231_leg,-2.6683578491210938,-1.8411660194396973,0.9415218830108643
1773049068,4791702,world,cf231,-2.6722183227539062,-1.8400816917419434,0.9552798271179199
1773049068,4791702,world,cf231_leg,-2.6687095165252686,-1.8410041332244873,0.941646933555603
1773049068,9714665,world,cf231,-2.6727306842803955,-1.8396100997924805,0.9553226232528687
1773049068,9714665,world,cf231_leg,-2.66900897026062,-1.8409552574157715,0.9415428638458252
1773049068,15132118,world,cf231,-2.6731438636779785,-1.8391417264938354,0.9551308155059814
1773049068,15132118,world,cf231_leg,-2.6691994667053223,-1.8408112525939941,0.9415103197097778
1773049068,19845687,world,cf231,-2.6734542846679688,-1.8387024402618408,0.9551403522491455
1773049068,19845687,world,cf231_leg,-2.669433355331421,-1.8405678272247314,0.9414371252059937
1773049068,24789361,world,cf231,-2.673978567123413,-1.8384284973144531,0.9551607370376587
1773049068,24789361,world,cf231_leg,-2.669740676879883,-1.840506911277771,0.941620945930481
1773049068,29822976,world,cf231,-2.6744701862335205,-1.8378642797470093,0.9551259279251099
1773049068,29822976,world,cf231_leg,-2.67004132270813,-1.8403400182724,0.9414725303649902
1773049068,34997020,world,cf231,-2.6750266551971436,-1.8374886512756348,0.9550180435180664
1773049068,34997020,world,cf231_leg,-2.670232057571411,-1.8400819301605225,0.9414288997650146
1773049068,40032589,world,cf231,-2.6755874156951904,-1.8370671272277832,0.9551255702972412
1773049068,40032589,world,cf231_leg,-2.6704626083374023,-1.8399473428726196,0.9415993690490723
1773049068,44856016,world,cf231,-2.6759262084960938,-1.8365176916122437,0.9549263715744019
1773049068,44856016,world,cf231_leg,-2.6707828044891357,-1.839730978012085,0.9414528608322144
1773049068,49910544,world,cf231,-2.676348924636841,-1.8360155820846558,0.9550484418869019
1773049068,49910544,world,cf231_leg,-2.671027898788452,-1.8395977020263672,0.9414606094360352
1773049068,54836618,world,cf231,-2.676978349685669,-1.835561752319336,0.9551043510437012
1773049068,54836618,world,cf231_leg,-2.6713078022003174,-1.8395121097564697,0.9414325952529907
1773049068,59805608,world,cf231,-2.677541494369507,-1.8350894451141357,0.9554159641265869
1773049068,59805608,world,cf231_leg,-2.6715991497039795,-1.8393105268478394,0.9414782524108887
1773049068,65261517,world,cf231,-2.678069591522217,-1.834587812423706,0.9554257392883301
1773049068,65261517,world,cf231_leg,-2.671809434890747,-1.8391962051391602,0.9413251876831055
1773049068,69867806,world,cf231,-2.678446054458618,-1.8341243267059326,0.9553896188735962
1773049068,69867806,world,cf231_leg,-2.6721017360687256,-1.839107632637024,0.9413633346557617
1773049068,74749323,world,cf231,-2.678867816925049,-1.8337116241455078,0.9554415941238403
1773049068,74749323,world,cf231_leg,-2.67246150970459,-1.8390201330184937,0.9414602518081665
1773049068,79755595,world,cf231,-2.679288387298584,-1.8331334590911865,0.955299973487854
1773049068,79755595,world,cf231_leg,-2.672675132751465,-1.8388301134109497,0.9414194822311401
1773049068,84749488,world,cf231,-2.679871082305908,-1.8327786922454834,0.9554015398025513
1773049068,84749488,world,cf231_leg,-2.6729776859283447,-1.8388128280639648,0.9413934946060181
1773049068,89824137,world,cf231,-2.6803386211395264,-1.8323769569396973,0.955388069152832
1773049068,89824137,world,cf231_leg,-2.673192024230957,-1.8385015726089478,0.9412952661514282
1773049068,94857666,world,cf231,-2.6808669567108154,-1.8319028615951538,0.9554822444915771
1773049068,94857666,world,cf231_leg,-2.6734371185302734,-1.8383737802505493,0.9413323402404785
1773049068,99686051,world,cf231,-2.6811630725860596,-1.8314778804779053,0.955443263053894
1773049068,99686051,world,cf231_leg,-2.673637628555298,-1.8381884098052979,0.9412426948547363
1773049068,104929490,world,cf231,-2.6816999912261963,-1.8310538530349731,0.9554294347763062
1773049068,104929490,world,cf231_leg,-2.673953056335449,-1.8381561040878296,0.9412071704864502
1773049068,109697519,world,cf231,-2.682137966156006,-1.8305797576904297,0.9557021856307983
1773049068,109697519,world,cf231_leg,-2.6741321086883545,-1.837903618812561,0.9411122798919678
1773049068,114780878,world,cf231,-2.6826436519622803,-1.8300591707229614,0.955856442451477
1773049068,114780878,world,cf231_leg,-2.6743650436401367,-1.8377865552902222,0.9411274194717407
1773049068,119758425,world,cf231,-2.6830532550811768,-1.8296797275543213,0.9559381008148193
1773049068,119758425,world,cf231_leg,-2.67464542388916,-1.8377089500427246,0.941143274307251
1773049068,124837244,world,cf231,-2.6833813190460205,-1.8292794227600098,0.9558357000350952
1773049068,124837244,world,cf231_leg,-2.6749069690704346,-1.8374806642532349,0.9412224292755127
1773049068,129846312,world,cf231,-2.683732748031616,-1.828984260559082,0.955856204032898
1773049068,129846312,world,cf231_leg,-2.6752126216888428,-1.8373801708221436,0.9412641525268555
1773049068,136112802,world,cf231,-2.68420147895813,-1.828580617904663,0.9558237791061401
1773049068,136112802,world,cf231_leg,-2.675347089767456,-1.8372312784194946,0.9412425756454468
1773049068,139781977,world,cf231,-2.6847028732299805,-1.8283910751342773,0.9559866189956665
1773049068,139781977,world,cf231_leg,-2.675546884536743,-1.8371648788452148,0.9411954879760742
1773049068,144886879,world,cf231,-2.6851582527160645,-1.8279917240142822,0.9559030532836914
1773049068,144886879,world,cf231_leg,-2.675682544708252,-1.8368951082229614,0.9411154985427856
1773049068,150003270,world,cf231,-2.6854074001312256,-1.8276722431182861,0.9559444189071655
1773049068,150003270,world,cf231_leg,-2.676018476486206,-1.8369343280792236,0.941117525100708
1773049068,154934567,world,cf231,-2.6856212615966797,-1.827256202697754,0.9558262825012207
1773049068,154934567,world,cf231_leg,-2.676133871078491,-1.836698055267334,0.9409490823745728
1773049068,159847635,world,cf231,-2.685914993286133,-1.8269463777542114,0.9558051824569702
1773049068,159847635,world,cf231_leg,-2.6763548851013184,-1.8366347551345825,0.9411197900772095
1773049068,165237435,world,cf231,-2.6862194538116455,-1.82675039768219,0.9558699131011963
1773049068,165237435,world,cf231_leg,-2.6765613555908203,-1.8364895582199097,0.9410512447357178
1773049068,169832365,world,cf231,-2.6867752075195312,-1.826643466949463,0.9559053182601929
1773049068,169832365,world,cf231_leg,-2.6767077445983887,-1.8364033699035645,0.940901517868042
1773049068,174716781,world,cf231,-2.687103033065796,-1.8263946771621704,0.9559313058853149
1773049068,174716781,world,cf231_leg,-2.676974296569824,-1.8362178802490234,0.9408758878707886
1773049068,179802584,world,cf231,-2.6874046325683594,-1.8262763023376465,0.9558775424957275
1773049068,179802584,world,cf231_leg,-2.67718768119812,-1.8362853527069092,0.9409422874450684
1773049068,184974131,world,cf231,-2.6877400875091553,-1.8262466192245483,0.9559522867202759
1773049068,184974131,world,cf231_leg,-2.67738676071167,-1.8362233638763428,0.9409270286560059
1773049068,189669156,world,cf231,-2.6878714561462402,-1.8259915113449097,0.955878496170044
1773049068,189669156,world,cf231_leg,-2.6775102615356445,-1.8361833095550537,0.94078528881073
1773049068,194851532,world,cf231,-2.6882927417755127,-1.8257547616958618,0.9561264514923096
1773049068,194851532,world,cf231_leg,-2.677690267562866,-1.8360825777053833,0.9408284425735474
1773049068,199878263,world,cf231,-2.6885249614715576,-1.8256375789642334,0.9560260772705078
1773049068,199878263,world,cf231_leg,-2.6778829097747803,-1.836030125617981,0.9406522512435913
1773049068,204884404,world,cf231,-2.688767194747925,-1.8256580829620361,0.9560772180557251
1773049068,204884404,world,cf231_leg,-2.677994966506958,-1.8360424041748047,0.9406478404998779
1773049068,209761877,world,cf231,-2.6887824535369873,-1.8253792524337769,0.9559558629989624
1773049068,209761877,world,cf231_leg,-2.6781046390533447,-1.8360650539398193,0.9407246112823486
1773049068,214835382,world,cf231,-2.6889333724975586,-1.8253339529037476,0.955970048904419
1773049068,214835382,world,cf231_leg,-2.678229808807373,-1.8359171152114868,0.9405981302261353
1773049068,219883125,world,cf231,-2.689152717590332,-1.8252463340759277,0.9558804035186768
1773049068,219883125,world,cf231_leg,-2.6783547401428223,-1.8360031843185425,0.9405215978622437
1773049068,224883782,world,cf231,-2.6894187927246094,-1.8252174854278564,0.9559094905853271
1773049068,224883782,world,cf231_leg,-2.678555488586426,-1.8360810279846191,0.940566897392273
1773049068,231557105,world,cf231,-2.689727306365967,-1.8253146409988403,0.9558882713317871
1773049068,231557105,world,cf231_leg,-2.6785640716552734,-1.8360408544540405,0.940528154373169
1773049068,234791301,world,cf231,-2.6897053718566895,-1.8252136707305908,0.9557808637619019
1773049068,234791301,world,cf231_leg,-2.6786534786224365,-1.8360637426376343,0.9403997659683228
1773049068,239880265,world,cf231,-2.6898105144500732,-1.8251200914382935,0.9557266235351562
1773049068,239880265,world,cf231_leg,-2.678785800933838,-1.8361420631408691,0.940403938293457
1773049068,245104504,world,cf231,-2.6900041103363037,-1.825197696685791,0.9556723833084106
1773049068,245104504,world,cf231_leg,-2.678863763809204,-1.836099624633789,0.9403895139694214
1773049068,249654813,world,cf231,-2.690152645111084,-1.8252404928207397,0.9556186199188232
1773049068,249654813,world,cf231_leg,-2.678940534591675,-1.8361736536026,0.9404014348983765
1773049068,254764880,world,cf231,-2.690171003341675,-1.8253806829452515,0.9554753303527832
1773049068,254764880,world,cf231_leg,-2.679015636444092,-1.836324691772461,0.9402973651885986
1773049068,260497995,world,cf231,-2.6902740001678467,-1.8254029750823975,0.9554347991943359
1773049068,260497995,world,cf231_leg,-2.679028034210205,-1.8363116979599,0.9403034448623657
1773049068,265044808,world,cf231,-2.6902599334716797,-1.8255279064178467,0.9554096460342407
1773049068,265044808,world,cf231_leg,-2.6789674758911133,-1.8363475799560547,0.9400887489318848
1773049068,269799638,world,cf231,-2.6903724670410156,-1.825656771659851,0.9554215669631958
1773049068,269799638,world,cf231_leg,-2.6790595054626465,-1.8364472389221191,0.9402304887771606
1773049068,275887336,world,cf231,-2.6904726028442383,-1.8257873058319092,0.9553619623184204
1773049068,275887336,world,cf231_leg,-2.6791799068450928,-1.83665132522583,0.9402209520339966
1773049068,289135186,world,cf231,-2.6905388832092285,-1.8258945941925049,0.9553898572921753
1773049068,289135186,world,cf231_leg,-2.6792147159576416,-1.8365869522094727,0.9401899576187134
1773049068,290648312,world,cf231,-2.6905009746551514,-1.8260688781738281,0.9553869962692261
1773049068,290648312,world,cf231_leg,-2.679088592529297,-1.8367741107940674,0.9400511980056763
1773049068,290845872,world,cf231,-2.6904399394989014,-1.8261685371398926,0.9553616046905518
1773049068,290845872,world,cf231_leg,-2.6791563034057617,-1.8368901014328003,0.9401189088821411
1773049068,294835435,world,cf231,-2.6904149055480957,-1.8263068199157715,0.9553135633468628
1773049068,294835435,world,cf231_leg,-2.679121971130371,-1.836955189704895,0.940148115158081
1773049068,299820453,world,cf231,-2.6904797554016113,-1.8265337944030762,0.9553700685501099
1773049068,299820453,world,cf231_leg,-2.679100513458252,-1.8371074199676514,0.9401016235351562
1773049068,305229848,world,cf231,-2.6904408931732178,-1.8266971111297607,0.9553179740905762
1773049068,305229848,world,cf231_leg,-2.6791906356811523,-1.8372838497161865,0.9401270151138306
1773049068,309970892,world,cf231,-2.6902875900268555,-1.8268578052520752,0.955318808555603
1773049068,309970892,world,cf231_leg,-2.6791443824768066,-1.8373523950576782,0.9400883913040161
1773049068,315137516,world,cf231,-2.6902122497558594,-1.8272063732147217,0.9553123712539673
1773049068,315137516,world,cf231_leg,-2.6791553497314453,-1.8376893997192383,0.9401723146438599
1773049068,319708490,world,cf231,-2.690023899078369,-1.827422857284546,0.955277681350708
1773049068,319708490,world,cf231_leg,-2.6791114807128906,-1.8377809524536133,0.9401686191558838
1773049068,324888258,world,cf231,-2.6898930072784424,-1.8276474475860596,0.9552505016326904
1773049068,324888258,world,cf231_leg,-2.679054021835327,-1.8380016088485718,0.9401862621307373
1773049068,329995119,world,cf231,-2.6897497177124023,-1.8279051780700684,0.9552508592605591
1773049068,329995119,world,cf231_leg,-2.6790072917938232,-1.8381813764572144,0.9401447772979736
1773049068,334888129,world,cf231,-2.689673662185669,-1.8282527923583984,0.9552476406097412
1773049068,334888129,world,cf231_leg,-2.6790616512298584,-1.8384548425674438,0.9403197765350342
1773049068,339797223,world,cf231,-2.6894965171813965,-1.8284623622894287,0.9552713632583618
1773049068,339797223,world,cf231_leg,-2.678921937942505,-1.8386489152908325,0.9401487112045288
1773049068,344763428,world,cf231,-2.6892926692962646,-1.8288298845291138,0.9552983045578003
1773049068,344763428,world,cf231_leg,-2.6788535118103027,-1.83876633644104,0.9401324987411499
1773049068,349849383,world,cf231,-2.6891369819641113,-1.8290958404541016,0.9552626609802246
1773049068,349849383,world,cf231_leg,-2.6786954402923584,-1.8390802145004272,0.9402042627334595
1773049068,355087845,world,cf231,-2.689094305038452,-1.829500675201416,0.9552898406982422
1773049068,355087845,world,cf231_leg,-2.678680896759033,-1.8393150568008423,0.9401942491531372
1773049068,359974182,world,cf231,-2.688713788986206,-1.8298109769821167,0.9547939300537109
1773049068,359974182,world,cf231_leg,-2.678623914718628,-1.8395308256149292,0.9401810169219971
1773049068,364961901,world,cf231,-2.6883955001831055,-1.8302186727523804,0.9546139240264893
1773049068,364961901,world,cf231_leg,-2.678474187850952,-1.839799165725708,0.940185546875
1773049068,370038525,world,cf231,-2.688138961791992,-1.8306114673614502,0.9547789096832275
1773049068,370038525,world,cf231_leg,-2.678372621536255,-1.839972972869873,0.9401348829269409
1773049068,374945436,world,cf231,-2.6878442764282227,-1.8310441970825195,0.954846978187561
1773049068,374945436,world,cf231_leg,-2.6782383918762207,-1.8401193618774414,0.9401410818099976
1773049068,379869465,world,cf231,-2.687732219696045,-1.8314399719238281,0.9547771215438843
1773049068,379869465,world,cf231_leg,-2.6780805587768555,-1.840404748916626,0.9401265382766724
1773049068,384934904,world,cf231,-2.687415599822998,-1.831805944442749,0.9548546075820923
1773049068,384934904,world,cf231_leg,-2.677967071533203,-1.8406988382339478,0.9400339126586914
1773049068,390025535,world,cf231,-2.6872317790985107,-1.83231782913208,0.954754114151001
1773049068,390025535,world,cf231_leg,-2.677879810333252,-1.8410117626190186,0.9401251077651978
1773049068,394794656,world,cf231,-2.6870052814483643,-1.8327385187149048,0.9548196792602539
1773049068,394794656,world,cf231_leg,-2.677663803100586,-1.8411351442337036,0.939955472946167
1773049068,399767673,world,cf231,-2.686739444732666,-1.8331878185272217,0.9547404050827026
1773049068,399767673,world,cf231_leg,-2.6775283813476562,-1.8415144681930542,0.9400146007537842
1773049068,404810359,world,cf231,-2.6864678859710693,-1.833560585975647,0.9547373056411743
1773049068,404810359,world,cf231_leg,-2.6774487495422363,-1.8419005870819092,0.9400811195373535
1773049068,409948736,world,cf231,-2.686093330383301,-1.8339916467666626,0.9546483755111694
1773049068,409948736,world,cf231_leg,-2.6772890090942383,-1.8420697450637817,0.9400622844696045
1773049068,415959822,world,cf231,-2.6857986450195312,-1.834647536277771,0.9547417163848877
1773049068,415959822,world,cf231_leg,-2.677107810974121,-1.8423981666564941,0.9400436878204346
1773049068,419918374,world,cf231,-2.6854681968688965,-1.8350979089736938,0.9546436071395874
1773049068,419918374,world,cf231_leg,-2.6770503520965576,-1.842771053314209,0.9402190446853638
1773049068,424981747,world,cf231,-2.6849961280822754,-1.8356372117996216,0.9543896913528442
1773049068,424981747,world,cf231_leg,-2.676813840866089,-1.842970848083496,0.9401389360427856
1773049068,429688463,world,cf231,-2.6847903728485107,-1.8362369537353516,0.9544438123703003
1773049068,429688463,world,cf231_leg,-2.6766228675842285,-1.8432257175445557,0.9401687383651733
1773049068,434784364,world,cf231,-2.684596061706543,-1.836690068244934,0.954424262046814
1773049068,434784364,world,cf231_leg,-2.676487684249878,-1.8434854745864868,0.9401892423629761
1773049068,442162821,world,cf231,-2.684197425842285,-1.8370555639266968,0.9543694257736206
1773049068,442162821,world,cf231_leg,-2.6763319969177246,-1.8436890840530396,0.9402607679367065
1773049068,444790103,world,cf231,-2.6838018894195557,-1.837600827217102,0.9545737504959106
1773049068,444790103,world,cf231_leg,-2.6761226654052734,-1.8439949750900269,0.9402846097946167
1773049068,450124271,world,cf231,-2.68339204788208,-1.8381240367889404,0.9545891284942627
1773049068,450124271,world,cf231_leg,-2.67596697807312,-1.8443078994750977,0.9403374195098877
1773049068,454772482,world,cf231,-2.683062791824341,-1.8386119604110718,0.9546256065368652
1773049068,454772482,world,cf231_leg,-2.675676107406616,-1.844511866569519,0.9403069019317627
1773049068,459778982,world,cf231,-2.6828696727752686,-1.839168667793274,0.9546016454696655
1773049068,459778982,world,cf231_leg,-2.6755926609039307,-1.8449803590774536,0.9403088092803955
1773049068,464958573,world,cf231,-2.6824376583099365,-1.8395109176635742,0.9546349048614502
1773049068,464958573,world,cf231_leg,-2.675447463989258,-1.8453643321990967,0.9402976036071777
1773049068,470829630,world,cf231,-2.682082176208496,-1.8402254581451416,0.954555869102478
1773049068,470829630,world,cf231_leg,-2.675255060195923,-1.8456205129623413,0.9403470754623413
1773049068,475198201,world,cf231,-2.681464910507202,-1.8406318426132202,0.9544066190719604
1773049068,475198201,world,cf231_leg,-2.6750311851501465,-1.845934271812439,0.9403579235076904
1773049068,479958643,world,cf231,-2.6813197135925293,-1.8412481546401978,0.9544987678527832
1773049068,479958643,world,cf231_leg,-2.674872636795044,-1.8462517261505127,0.9404647350311279
1773049068,485489577,world,cf231,-2.680943489074707,-1.841776728630066,0.9543989896774292
1773049068,485489577,world,cf231_leg,-2.6746459007263184,-1.846529245376587,0.9403685331344604
1773049068,489951557,world,cf231,-2.680558681488037,-1.8421339988708496,0.9543817043304443
1773049068,489951557,world,cf231_leg,-2.6745002269744873,-1.8468317985534668,0.940464973449707
1773049068,494798607,world,cf231,-2.6802420616149902,-1.8426097631454468,0.9544404745101929
1773049068,494798607,world,cf231_leg,-2.6741766929626465,-1.8470896482467651,0.9403858184814453
1773049068,501311468,world,cf231,-2.6798558235168457,-1.8430830240249634,0.9544367790222168
1773049068,501311468,world,cf231_leg,-2.673938512802124,-1.8472691774368286,0.9402856826782227
1773049068,506073657,world,cf231,-2.67948055267334,-1.8437035083770752,0.9546377658843994
1773049068,506073657,world,cf231_leg,-2.6737608909606934,-1.8475984334945679,0.9402424097061157
1773049068,509973095,world,cf231,-2.679016351699829,-1.8439627885818481,0.9545553922653198
1773049068,509973095,world,cf231_leg,-2.6736087799072266,-1.8480619192123413,0.9404138326644897
1773049068,516032294,world,cf231,-2.6788036823272705,-1.8444913625717163,0.9546729326248169
1773049068,516032294,world,cf231_leg,-2.6734495162963867,-1.8483455181121826,0.9404059648513794
1773049068,519858456,world,cf231,-2.678419828414917,-1.8448529243469238,0.9546712636947632
1773049068,519858456,world,cf231_leg,-2.6732709407806396,-1.8487088680267334,0.9405001401901245
1773049068,524778581,world,cf231,-2.6781270503997803,-1.8453962802886963,0.9547193050384521
1773049068,524778581,world,cf231_leg,-2.6731109619140625,-1.8490982055664062,0.9404616355895996
1773049068,531067782,world,cf231,-2.677591323852539,-1.845738410949707,0.9544895887374878
1773049068,531067782,world,cf231_leg,-2.67293119430542,-1.8493156433105469,0.9404460191726685
1773049068,534882694,world,cf231,-2.677136182785034,-1.8462165594100952,0.9544579982757568
1773049068,534882694,world,cf231_leg,-2.672706127166748,-1.8496278524398804,0.940462589263916
1773049068,541610762,world,cf231,-2.6768765449523926,-1.8467888832092285,0.9544565677642822
1773049068,541610762,world,cf231_leg,-2.6726174354553223,-1.8498263359069824,0.9405672550201416
1773049068,545346940,world,cf231,-2.676504135131836,-1.847110390663147,0.9543949365615845
1773049068,545346940,world,cf231_leg,-2.6724050045013428,-1.8501331806182861,0.9406347274780273
1773049068,549864519,world,cf231,-2.6760880947113037,-1.8475253582000732,0.9543931484222412
1773049068,549864519,world,cf231_leg,-2.6721253395080566,-1.850322961807251,0.940616250038147
1773049068,554634531,world,cf231,-2.675704002380371,-1.8479138612747192,0.9544767141342163
1773049068,554634531,world,cf231_leg,-2.6718223094940186,-1.850418210029602,0.9405257701873779
1773049068,559912458,world,cf231,-2.6753666400909424,-1.8482000827789307,0.9544985294342041
1773049068,559912458,world,cf231_leg,-2.6716341972351074,-1.850761890411377,0.9404727220535278
1773049068,565202291,world,cf231,-2.675074577331543,-1.848623514175415,0.9545185565948486
1773049068,565202291,world,cf231_leg,-2.671588897705078,-1.8512159585952759,0.9406448602676392
1773049068,572047341,world,cf231,-2.6747031211853027,-1.8488434553146362,0.9544569253921509
1773049068,572047341,world,cf231_leg,-2.6714208126068115,-1.8514271974563599,0.9406825304031372
1773049068,574909631,world,cf231,-2.6744132041931152,-1.8492908477783203,0.954595685005188
1773049068,574909631,world,cf231_leg,-2.6712541580200195,-1.8517436981201172,0.9406687021255493
1773049068,579878630,world,cf231,-2.6740305423736572,-1.8495333194732666,0.9545644521713257
1773049068,579878630,world,cf231_leg,-2.671130895614624,-1.8520779609680176,0.9406387805938721
1773049068,584785375,world,cf231,-2.673659324645996,-1.8498893976211548,0.9546195268630981
1773049068,584785375,world,cf231_leg,-2.671053647994995,-1.8523439168930054,0.9406459331512451
1773049068,590018255,world,cf231,-2.6735756397247314,-1.8502817153930664,0.954694390296936
1773049068,590018255,world,cf231_leg,-2.6708991527557373,-1.8526546955108643,0.94068443775177
1773049068,594829865,world,cf231,-2.6733767986297607,-1.8506547212600708,0.9547379016876221
1773049068,594829865,world,cf231_leg,-2.6708321571350098,-1.8529176712036133,0.9407796859741211
1773049068,599903408,world,cf231,-2.673051357269287,-1.850874662399292,0.9546142816543579
1773049068,599903408,world,cf231_leg,-2.6705379486083984,-1.8530827760696411,0.9406305551528931
1773049068,605005407,world,cf231,-2.672623634338379,-1.8511003255844116,0.9546136856079102
1773049068,605005407,world,cf231_leg,-2.6703693866729736,-1.8532880544662476,0.9406417608261108
1773049068,610912961,world,cf231,-2.672194242477417,-1.8512641191482544,0.954414963722229
1773049068,610912961,world,cf231_leg,-2.670222759246826,-1.8535584211349487,0.9406419992446899
1773049068,615025771,world,cf231,-2.6719970703125,-1.8515251874923706,0.9544603824615479
1773049068,615025771,world,cf231_leg,-2.6699867248535156,-1.8537379503250122,0.9405210018157959
1773049068,619823742,world,cf231,-2.6718316078186035,-1.8517776727676392,0.954322099685669
1773049068,619823742,world,cf231_leg,-2.6698641777038574,-1.8538448810577393,0.940466046333313
1773049068,624974301,world,cf231,-2.6717586517333984,-1.85211980342865,0.9542855024337769
1773049068,624974301,world,cf231_leg,-2.669734477996826,-1.854146957397461,0.9406213760375977
1773049068,629759555,world,cf231,-2.671478271484375,-1.8523565530776978,0.9541321992874146
1773049068,629759555,world,cf231_leg,-2.669675827026367,-1.8544608354568481,0.9406324625015259
1773049068,634808926,world,cf231,-2.6711316108703613,-1.8525409698486328,0.9541162252426147
1773049068,634808926,world,cf231_leg,-2.6695735454559326,-1.8546358346939087,0.9406020641326904
1773049068,639976786,world,cf231,-2.6710026264190674,-1.8527661561965942,0.9540920257568359
1773049068,639976786,world,cf231_leg,-2.669351577758789,-1.8548338413238525,0.9405864477157593
1773049068,645062059,world,cf231,-2.670942783355713,-1.8531125783920288,0.9541617631912231
1773049068,645062059,world,cf231_leg,-2.669304609298706,-1.8551318645477295,0.9405901432037354
1773049068,650164931,world,cf231,-2.6708383560180664,-1.8533227443695068,0.9542306661605835
1773049068,650164931,world,cf231_leg,-2.6692144870758057,-1.8551819324493408,0.9405708312988281
1773049068,654779835,world,cf231,-2.670687437057495,-1.853481411933899,0.9542144536972046
1773049068,654779835,world,cf231_leg,-2.6691203117370605,-1.8555220365524292,0.9406296014785767
1773049068,659930100,world,cf231,-2.670604944229126,-1.8537547588348389,0.9542583227157593
1773049068,659930100,world,cf231_leg,-2.669074058532715,-1.8555828332901,0.9405480623245239
1773049068,665073868,world,cf231,-2.6703507900238037,-1.8538882732391357,0.9542661905288696
1773049068,665073868,world,cf231_leg,-2.6689844131469727,-1.8558584451675415,0.9405372142791748
1773049068,669834894,world,cf231,-2.6704392433166504,-1.854270100593567,0.954247236251831
1773049068,669834894,world,cf231_leg,-2.6689529418945312,-1.856176733970642,0.9406406879425049
1773049068,674694268,world,cf231,-2.670185089111328,-1.8542572259902954,0.9541412591934204
1773049068,674694268,world,cf231_leg,-2.6688599586486816,-1.856196403503418,0.9405418634414673
1773049068,679786989,world,cf231,-2.6701369285583496,-1.8544647693634033,0.9541678428649902
1773049068,679786989,world,cf231_leg,-2.6687378883361816,-1.85633385181427,0.9405893087387085
1773049068,686098722,world,cf231,-2.6700439453125,-1.8546316623687744,0.9541581869125366
1773049068,686098722,world,cf231_leg,-2.6687395572662354,-1.8565630912780762,0.9406086206436157
1773049068,689846707,world,cf231,-2.6697888374328613,-1.8547344207763672,0.9540671110153198
1773049068,689846707,world,cf231_leg,-2.668699264526367,-1.8566677570343018,0.9404194355010986
1773049068,694851872,world,cf231,-2.669787883758545,-1.8548469543457031,0.9540643692016602
1773049068,694851872,world,cf231_leg,-2.6684744358062744,-1.8567192554473877,0.9402964115142822
1773049068,699645718,world,cf231,-2.669739246368408,-1.8550270795822144,0.9540081024169922
1773049068,699645718,world,cf231_leg,-2.6685307025909424,-1.8568379878997803,0.9402979612350464
1773049068,704972801,world,cf231,-2.6697492599487305,-1.8552429676055908,0.9540410041809082
1773049068,704972801,world,cf231_leg,-2.668428421020508,-1.8570102453231812,0.9402542114257812
1773049068,709799519,world,cf231,-2.669610023498535,-1.8552488088607788,0.9539675712585449
1773049068,709799519,world,cf231_leg,-2.6683478355407715,-1.8571330308914185,0.9401891231536865
1773049068,714968515,world,cf231,-2.669562578201294,-1.8554565906524658,0.9539933204650879
1773049068,714968515,world,cf231_leg,-2.66838002204895,-1.8572663068771362,0.9401007890701294
1773049068,719784424,world,cf231,-2.6694931983947754,-1.8554614782333374,0.9539647102355957
1773049068,719784424,world,cf231_leg,-2.6683027744293213,-1.8573088645935059,0.940116286277771
1773049068,724990531,world,cf231,-2.6694910526275635,-1.8555397987365723,0.9538453817367554
1773049068,724990531,world,cf231_leg,-2.668257236480713,-1.857372760772705,0.9400477409362793
1773049068,730031567,world,cf231,-2.6695351600646973,-1.8556689023971558,0.9538130760192871
1773049068,730031567,world,cf231_leg,-2.6682207584381104,-1.8575141429901123,0.9399639368057251
1773049068,734768777,world,cf231,-2.6695454120635986,-1.85574471950531,0.9537663459777832
1773049068,734768777,world,cf231_leg,-2.6682896614074707,-1.8576226234436035,0.939985990524292
1773049068,739882962,world,cf231,-2.669498920440674,-1.8558402061462402,0.9537943601608276
1773049068,739882962,world,cf231_leg,-2.6682333946228027,-1.857696294784546,0.9398763179779053
1773049068,744725124,world,cf231,-2.6693453788757324,-1.8558106422424316,0.9535162448883057
1773049068,744725124,world,cf231_leg,-2.668196201324463,-1.857831597328186,0.9397656917572021
1773049068,750022401,world,cf231,-2.669471025466919,-1.8560283184051514,0.9535493850708008
1773049068,750022401,world,cf231_leg,-2.6683764457702637,-1.8579615354537964,0.9398438930511475
1773049068,754835383,world,cf231,-2.6695613861083984,-1.855953335762024,0.9534544944763184
1773049068,754835383,world,cf231_leg,-2.6682748794555664,-1.85789954662323,0.9397280216217041
1773049068,759953977,world,cf231,-2.6695470809936523,-1.8560441732406616,0.9533149003982544
1773049068,759953977,world,cf231_leg,-2.6682848930358887,-1.8580865859985352,0.9396932125091553
1773049068,764817896,world,cf231,-2.6695573329925537,-1.8561197519302368,0.9532686471939087
1773049068,764817896,world,cf231_leg,-2.6684072017669678,-1.858169674873352,0.9396241903305054
1773049068,771024210,world,cf231,-2.669534683227539,-1.8560497760772705,0.953260064125061
1773049068,771024210,world,cf231_leg,-2.6683828830718994,-1.8581863641738892,0.9395503997802734
1773049068,774870514,world,cf231,-2.6695775985717773,-1.8560223579406738,0.9530627727508545
1773049068,774870514,world,cf231_leg,-2.6684482097625732,-1.858379602432251,0.9395229816436768
1773049068,779755348,world,cf231,-2.6697378158569336,-1.8561744689941406,0.9530775547027588
1773049068,779755348,world,cf231_leg,-2.668492317199707,-1.8582768440246582,0.9394475221633911
1773049068,784868611,world,cf231,-2.6698052883148193,-1.856131672859192,0.9529738426208496
1773049068,784868611,world,cf231_leg,-2.668570041656494,-1.8583436012268066,0.9394131898880005
1773049068,789782773,world,cf231,-2.669849157333374,-1.8561110496520996,0.9528102874755859
1773049068,789782773,world,cf231_leg,-2.6685891151428223,-1.8584891557693481,0.9393211603164673
1773049068,794838074,world,cf231,-2.669814109802246,-1.8560471534729004,0.9527460336685181
1773049068,794838074,world,cf231_leg,-2.668654680252075,-1.8584530353546143,0.9392522573471069
1773049068,800207348,world,cf231,-2.6699869632720947,-1.856070876121521,0.9527672529220581
1773049068,800207348,world,cf231_leg,-2.6686086654663086,-1.8584023714065552,0.9391738176345825
1773049068,805329510,world,cf231,-2.670111656188965,-1.8560359477996826,0.9526716470718384
1773049068,805329510,world,cf231_leg,-2.668797731399536,-1.8586044311523438,0.9392075538635254
1773049068,810064585,world,cf231,-2.670365810394287,-1.8560394048690796,0.9527240991592407
1773049068,810064585,world,cf231_leg,-2.668931245803833,-1.8585668802261353,0.9391812086105347
1773049068,815083559,world,cf231,-2.670374870300293,-1.8559612035751343,0.9525315761566162
1773049068,815083559,world,cf231_leg,-2.6689531803131104,-1.8586292266845703,0.9391556978225708
1773049068,820145603,world,cf231,-2.670534610748291,-1.8559839725494385,0.9524639844894409
1773049068,820145603,world,cf231_leg,-2.6691088676452637,-1.8586515188217163,0.9390894174575806
1773049068,824968233,world,cf231,-2.6707992553710938,-1.8559563159942627,0.9525102376937866
1773049068,824968233,world,cf231_leg,-2.669198751449585,-1.8587125539779663,0.9391065835952759
1773049068,829876967,world,cf231,-2.6709823608398438,-1.8559361696243286,0.9524549245834351
1773049068,829876967,world,cf231_leg,-2.6692633628845215,-1.8585666418075562,0.9390583038330078
1773049068,835042708,world,cf231,-2.671233892440796,-1.8559011220932007,0.9523773193359375
1773049068,835042708,world,cf231_leg,-2.6694560050964355,-1.8586784601211548,0.9391124248504639
1773049068,839963441,world,cf231,-2.6713595390319824,-1.855750322341919,0.9522666931152344
1773049068,839963441,world,cf231_leg,-2.6694865226745605,-1.858589768409729,0.9390498399734497
1773049068,844967765,world,cf231,-2.6715776920318604,-1.8557910919189453,0.952257513999939
1773049068,844967765,world,cf231_leg,-2.66963267326355,-1.8586535453796387,0.9390405416488647
1773049068,849820690,world,cf231,-2.6717965602874756,-1.855743169784546,0.952317476272583
1773049068,849820690,world,cf231_leg,-2.669788122177124,-1.8586831092834473,0.9390194416046143
1773049068,854696904,world,cf231,-2.6720261573791504,-1.8556243181228638,0.9522169828414917
1773049068,854696904,world,cf231_leg,-2.6698098182678223,-1.8586311340332031,0.938983678817749
1773049068,859854524,world,cf231,-2.672451972961426,-1.8556541204452515,0.9523106813430786
1773049068,859854524,world,cf231_leg,-2.669942855834961,-1.8584794998168945,0.9389457702636719
1773049068,864869879,world,cf231,-2.6726479530334473,-1.8555055856704712,0.9522621631622314
1773049068,864869879,world,cf231_leg,-2.670088529586792,-1.858549952507019,0.9389835596084595
1773049068,869831048,world,cf231,-2.672880172729492,-1.8554526567459106,0.9523748159408569
1773049068,869831048,world,cf231_leg,-2.6702561378479004,-1.858568787574768,0.9389837980270386
1773049068,874736986,world,cf231,-2.6731224060058594,-1.8553584814071655,0.9524296522140503
1773049068,874736986,world,cf231_leg,-2.6703217029571533,-1.8585325479507446,0.9389153718948364
1773049068,879714349,world,cf231,-2.6734554767608643,-1.8552956581115723,0.9524044990539551
1773049068,879714349,world,cf231_leg,-2.6704328060150146,-1.858435034751892,0.9389301538467407
1773049068,884934824,world,cf231,-2.6740193367004395,-1.8552948236465454,0.9525086879730225
1773049068,884934824,world,cf231_leg,-2.67055606842041,-1.8583265542984009,0.9389667510986328
1773049068,889727711,world,cf231,-2.6742725372314453,-1.855157494544983,0.9524853229522705
1773049068,889727711,world,cf231_leg,-2.670677661895752,-1.85829758644104,0.9389030933380127
1773049068,894953172,world,cf231,-2.67461895942688,-1.8551164865493774,0.9525965452194214
1773049068,894953172,world,cf231_leg,-2.6708226203918457,-1.8582537174224854,0.9389299154281616
1773049068,899787808,world,cf231,-2.6749889850616455,-1.8550900220870972,0.9529041051864624
1773049068,899787808,world,cf231_leg,-2.670990467071533,-1.858272671699524,0.9389303922653198
1773049068,904779263,world,cf231,-2.675278425216675,-1.8549281358718872,0.9530128240585327
1773049068,904779263,world,cf231_leg,-2.6710336208343506,-1.8581740856170654,0.9388877153396606
1773049068,909881450,world,cf231,-2.6757264137268066,-1.854880928993225,0.9530023336410522
1773049068,909881450,world,cf231_leg,-2.6712350845336914,-1.8581303358078003,0.938873291015625
1773049068,915033964,world,cf231,-2.6759345531463623,-1.8546699285507202,0.9528243541717529
1773049068,915033964,world,cf231_leg,-2.6714601516723633,-1.8580645322799683,0.9389044046401978
1773049068,919777685,world,cf231,-2.676302909851074,-1.854698657989502,0.9529451131820679
1773049068,919777685,world,cf231_leg,-2.671581506729126,-1.8580549955368042,0.9389618635177612
1773049068,924932955,world,cf231,-2.6765685081481934,-1.8545526266098022,0.9529585838317871
1773049068,924932955,world,cf231_leg,-2.671673059463501,-1.8579055070877075,0.9389621019363403
1773049068,929809833,world,cf231,-2.6769280433654785,-1.8543866872787476,0.9530937671661377
1773049068,929809833,world,cf231_leg,-2.6718084812164307,-1.8577888011932373,0.9390354156494141
1773049068,934820007,world,cf231,-2.6773312091827393,-1.854203462600708,0.9530833959579468
1773049068,934820007,world,cf231_leg,-2.672055244445801,-1.857800006866455,0.9391317367553711
1773049068,939712562,world,cf231,-2.6777243614196777,-1.8540678024291992,0.9531657695770264
1773049068,939712562,world,cf231_leg,-2.67220139503479,-1.857757329940796,0.9391553401947021
1773049068,944710675,world,cf231,-2.6780593395233154,-1.8539233207702637,0.9532428979873657
1773049068,944710675,world,cf231_leg,-2.6723363399505615,-1.8576425313949585,0.9392454624176025
1773049068,949676783,world,cf231,-2.678302049636841,-1.853826642036438,0.9532792568206787
1773049068,949676783,world,cf231_leg,-2.6724820137023926,-1.8576020002365112,0.9392850399017334
1773049068,954776343,world,cf231,-2.6784422397613525,-1.8535617589950562,0.9532428979873657
1773049068,954776343,world,cf231_leg,-2.672684907913208,-1.8576000928878784,0.9394285678863525
1773049068,959615102,world,cf231,-2.6787891387939453,-1.8534048795700073,0.953341007232666
1773049068,959615102,world,cf231_leg,-2.6727654933929443,-1.8573609590530396,0.9394670724868774
1773049068,964936749,world,cf231,-2.6791367530822754,-1.853248953819275,0.9534369707107544
1773049068,964936749,world,cf231_leg,-2.67290997505188,-1.8573142290115356,0.9394806623458862
1773049068,969762690,world,cf231,-2.6794838905334473,-1.853071689605713,0.9534868001937866
1773049068,969762690,world,cf231_leg,-2.6731014251708984,-1.8573237657546997,0.9396003484725952
1773049068,974652708,world,cf231,-2.6797616481781006,-1.8529196977615356,0.9535562992095947
1773049068,974652708,world,cf231_leg,-2.673170328140259,-1.8570979833602905,0.9396315813064575
1773049068,979956888,world,cf231,-2.6800291538238525,-1.8526649475097656,0.9535900354385376
1773049068,979956888,world,cf231_leg,-2.673304319381714,-1.8570536375045776,0.9395583868026733
1773049068,984770655,world,cf231,-2.6803650856018066,-1.8525278568267822,0.9537003040313721
1773049068,984770655,world,cf231_leg,-2.6734392642974854,-1.856946587562561,0.9396928548812866
1773049068,989682202,world,cf231,-2.6805968284606934,-1.8523283004760742,0.953701376914978
1773049068,989682202,world,cf231_leg,-2.6735751628875732,-1.856835126876831,0.9397954940795898
1773049068,994691386,world,cf231,-2.6809322834014893,-1.8521844148635864,0.9537774324417114
1773049068,994691386,world,cf231_leg,-2.6736884117126465,-1.8567750453948975,0.9399360418319702
1773049068,999823281,world,cf231,-2.6812820434570312,-1.8519771099090576,0.9540766477584839
1773049068,999823281,world,cf231_leg,-2.673778533935547,-1.856608510017395,0.9399288892745972
1773049069,4688300,world,cf231,-2.6814589500427246,-1.851718783378601,0.9542714357376099
1773049069,4688300,world,cf231_leg,-2.673837661743164,-1.8565304279327393,0.9399847984313965
1773049069,9857168,world,cf231,-2.6817615032196045,-1.851459264755249,0.9544880390167236
1773049069,9857168,world,cf231_leg,-2.6739823818206787,-1.856374979019165,0.9400161504745483
1773049069,14776674,world,cf231,-2.6820175647735596,-1.8513342142105103,0.9545106887817383
1773049069,14776674,world,cf231_leg,-2.6741576194763184,-1.8562673330307007,0.9402917623519897
1773049069,19749302,world,cf231,-2.6822736263275146,-1.8511165380477905,0.9545872211456299
1773049069,19749302,world,cf231_leg,-2.6743004322052,-1.856350064277649,0.9404264688491821
1773049069,24795300,world,cf231,-2.6825175285339355,-1.8509044647216797,0.9546093940734863
1773049069,24795300,world,cf231_leg,-2.6743993759155273,-1.8561465740203857,0.9403941631317139
1773049069,29778558,world,cf231,-2.682636260986328,-1.8507236242294312,0.954710841178894
1773049069,29778558,world,cf231_leg,-2.6744909286499023,-1.8561309576034546,0.9405257701873779
1773049069,34744951,world,cf231,-2.6828458309173584,-1.8504544496536255,0.9547029733657837
1773049069,34744951,world,cf231_leg,-2.674623727798462,-1.8559839725494385,0.940520167350769
1773049069,39691186,world,cf231,-2.6832849979400635,-1.8503700494766235,0.9548718929290771
1773049069,39691186,world,cf231_leg,-2.6747007369995117,-1.8559463024139404,0.9405351877212524
1773049069,44835795,world,cf231,-2.6834137439727783,-1.8501145839691162,0.9547978639602661
1773049069,44835795,world,cf231_leg,-2.674715995788574,-1.855852484703064,0.94062340259552
1773049069,49718357,world,cf231,-2.683487892150879,-1.8497703075408936,0.9548172950744629
1773049069,49718357,world,cf231_leg,-2.6748366355895996,-1.8557085990905762,0.9405517578125
1773049069,54664963,world,cf231,-2.683593988418579,-1.8495982885360718,0.9548815488815308
1773049069,54664963,world,cf231_leg,-2.674870491027832,-1.8556560277938843,0.9405968189239502
1773049069,59656803,world,cf231,-2.6837222576141357,-1.8494927883148193,0.9549373388290405
1773049069,59656803,world,cf231_leg,-2.674962282180786,-1.8556430339813232,0.9407426118850708
1773049069,64897359,world,cf231,-2.6838977336883545,-1.8493162393569946,0.9550298452377319
1773049069,64897359,world,cf231_leg,-2.6749937534332275,-1.8555502891540527,0.9406485557556152
1773049069,69801436,world,cf231,-2.684175491333008,-1.8491581678390503,0.9550646543502808
1773049069,69801436,world,cf231_leg,-2.6750621795654297,-1.8554354906082153,0.9406777620315552
1773049069,74780296,world,cf231,-2.684293746948242,-1.848980188369751,0.9551846981048584
1773049069,74780296,world,cf231_leg,-2.6752476692199707,-1.8553204536437988,0.9410104751586914
1773049069,79939026,world,cf231,-2.6843669414520264,-1.8487823009490967,0.9553171396255493
1773049069,79939026,world,cf231_leg,-2.675259828567505,-1.8553121089935303,0.941046953201294
1773049069,84637740,world,cf231,-2.684518337249756,-1.8486542701721191,0.9554343223571777
1773049069,84637740,world,cf231_leg,-2.675259590148926,-1.8550914525985718,0.9410700798034668
1773049069,89781975,world,cf231,-2.68448805809021,-1.8484002351760864,0.9554921388626099
1773049069,89781975,world,cf231_leg,-2.67529559135437,-1.8550664186477661,0.9411810636520386
1773049069,95051317,world,cf231,-2.6847314834594727,-1.8483415842056274,0.9556611776351929
1773049069,95051317,world,cf231_leg,-2.6753857135772705,-1.8550186157226562,0.9412157535552979
1773049069,99947909,world,cf231,-2.684858798980713,-1.8482288122177124,0.9556847810745239
1773049069,99947909,world,cf231_leg,-2.675419330596924,-1.8548470735549927,0.9412202835083008
1773049069,104664661,world,cf231,-2.6849424839019775,-1.8481401205062866,0.9558877944946289
1773049069,104664661,world,cf231_leg,-2.675408363342285,-1.8547701835632324,0.9412564039230347
1773049069,109907825,world,cf231,-2.6848995685577393,-1.847888469696045,0.9558736085891724
1773049069,109907825,world,cf231_leg,-2.6754889488220215,-1.854882836341858,0.9413894414901733
1773049069,116000747,world,cf231,-2.6848456859588623,-1.8477764129638672,0.955899715423584
1773049069,116000747,world,cf231_leg,-2.6754884719848633,-1.854651927947998,0.9413532018661499
1773049069,119864232,world,cf231,-2.6849730014801025,-1.8476935625076294,0.956024169921875
1773049069,119864232,world,cf231_leg,-2.6754910945892334,-1.8546850681304932,0.9414471387863159
1773049069,125040402,world,cf231,-2.6850316524505615,-1.847589373588562,0.9560343027114868
1773049069,125040402,world,cf231_leg,-2.6755330562591553,-1.8545897006988525,0.9414395093917847
1773049069,129781133,world,cf231,-2.6850459575653076,-1.847468376159668,0.9560743570327759
1773049069,129781133,world,cf231_leg,-2.6755242347717285,-1.8545153141021729,0.941468358039856
1773049069,134774256,world,cf231,-2.684955358505249,-1.847403883934021,0.9560354948043823
1773049069,134774256,world,cf231_leg,-2.6755824089050293,-1.8545600175857544,0.9415988922119141
1773049069,139649779,world,cf231,-2.684901237487793,-1.8473124504089355,0.9561095237731934
1773049069,139649779,world,cf231_leg,-2.6754355430603027,-1.854371428489685,0.9415401220321655
1773049069,144660217,world,cf231,-2.6847894191741943,-1.84720778465271,0.9562171697616577
1773049069,144660217,world,cf231_leg,-2.6754825115203857,-1.8544206619262695,0.9416004419326782
1773049069,149886355,world,cf231,-2.6849162578582764,-1.8472148180007935,0.9562691450119019
1773049069,149886355,world,cf231_leg,-2.6754932403564453,-1.854301929473877,0.9416600465774536
1773049069,154570798,world,cf231,-2.684861183166504,-1.8470981121063232,0.9562814235687256
1773049069,154570798,world,cf231_leg,-2.6754724979400635,-1.854352355003357,0.9416779279708862
1773049069,159688877,world,cf231,-2.6846542358398438,-1.847013235092163,0.956214427947998
1773049069,159688877,world,cf231_leg,-2.6754276752471924,-1.8543332815170288,0.941698431968689
1773049069,164994737,world,cf231,-2.6845555305480957,-1.8469148874282837,0.9563696384429932
1773049069,164994737,world,cf231_leg,-2.67539381980896,-1.8541679382324219,0.94169020652771
1773049069,171152269,world,cf231,-2.6845314502716064,-1.8469667434692383,0.9564110040664673
1773049069,171152269,world,cf231_leg,-2.675260543823242,-1.8540890216827393,0.9416898488998413
1773049069,174930777,world,cf231,-2.684361457824707,-1.8468341827392578,0.9564083814620972
1773049069,174930777,world,cf231_leg,-2.6752960681915283,-1.8541797399520874,0.941828727722168
1773049069,179774285,world,cf231,-2.6843156814575195,-1.8467861413955688,0.9563406705856323
1773049069,179774285,world,cf231_leg,-2.675297975540161,-1.8541842699050903,0.9418373107910156
1773049069,184900381,world,cf231,-2.6841561794281006,-1.846763253211975,0.9564076662063599
1773049069,184900381,world,cf231_leg,-2.675185203552246,-1.8540549278259277,0.9418191909790039
1773049069,189741753,world,cf231,-2.6839840412139893,-1.846739411354065,0.956385612487793
1773049069,189741753,world,cf231_leg,-2.675118923187256,-1.8540853261947632,0.9418606758117676
1773049069,194942051,world,cf231,-2.68380069732666,-1.8467316627502441,0.9563586711883545
1773049069,194942051,world,cf231_leg,-2.6750524044036865,-1.8540879487991333,0.9418139457702637
1773049069,200001527,world,cf231,-2.6837103366851807,-1.8467010259628296,0.9564367532730103
1773049069,200001527,world,cf231_leg,-2.6750080585479736,-1.8540817499160767,0.9419071674346924
1773049069,204722218,world,cf231,-2.683640956878662,-1.8467053174972534,0.9564089775085449
1773049069,204722218,world,cf231_leg,-2.6749677658081055,-1.8540089130401611,0.9420778751373291
1773049069,210047992,world,cf231,-2.6834113597869873,-1.8466732501983643,0.9563801288604736
1773049069,210047992,world,cf231_leg,-2.674840211868286,-1.8540550470352173,0.9418630599975586
1773049069,216087107,world,cf231,-2.6831934452056885,-1.846731185913086,0.9563701152801514
1773049069,216087107,world,cf231_leg,-2.674806594848633,-1.8539986610412598,0.9418359994888306
1773049069,219784028,world,cf231,-2.6830334663391113,-1.8467013835906982,0.956403374671936
1773049069,219784028,world,cf231_leg,-2.6746888160705566,-1.8539806604385376,0.9420963525772095
1773049069,224827489,world,cf231,-2.682814359664917,-1.8467793464660645,0.9564434289932251
1773049069,224827489,world,cf231_leg,-2.674611806869507,-1.8540258407592773,0.942125678062439
1773049069,229915641,world,cf231,-2.6826882362365723,-1.8467762470245361,0.9564065933227539
1773049069,229915641,world,cf231_leg,-2.6745402812957764,-1.8539602756500244,0.9418748617172241
1773049069,234804314,world,cf231,-2.6825499534606934,-1.8468096256256104,0.9564144611358643
1773049069,234804314,world,cf231_leg,-2.674320936203003,-1.8539937734603882,0.9420326948165894
1773049069,239915956,world,cf231,-2.6823086738586426,-1.846943736076355,0.9565105438232422
1773049069,239915956,world,cf231_leg,-2.6742842197418213,-1.8541066646575928,0.9418617486953735
1773049069,244777754,world,cf231,-2.6819417476654053,-1.846801996231079,0.9563931226730347
1773049069,244777754,world,cf231_leg,-2.6740922927856445,-1.8539875745773315,0.9417620897293091
1773049069,249873635,world,cf231,-2.6817097663879395,-1.847005009651184,0.9564083814620972
1773049069,249873635,world,cf231_leg,-2.673976421356201,-1.8539642095565796,0.9419716596603394
1773049069,255635360,world,cf231,-2.681584358215332,-1.8470395803451538,0.9565043449401855
1773049069,255635360,world,cf231_leg,-2.673964262008667,-1.8540889024734497,0.9419612884521484
1773049069,259757586,world,cf231,-2.6812524795532227,-1.8470854759216309,0.9564955234527588
1773049069,259757586,world,cf231_leg,-2.6737594604492188,-1.8540631532669067,0.94175124168396
1773049069,264896359,world,cf231,-2.680976152420044,-1.8471554517745972,0.9565284252166748
1773049069,264896359,world,cf231_leg,-2.673581600189209,-1.8540868759155273,0.9418258666992188
1773049069,269947771,world,cf231,-2.6807119846343994,-1.8471890687942505,0.9565165042877197
1773049069,269947771,world,cf231_leg,-2.6734821796417236,-1.854148030281067,0.9417611360549927
1773049069,274928929,world,cf231,-2.680413007736206,-1.8471620082855225,0.9564582109451294
1773049069,274928929,world,cf231_leg,-2.673280954360962,-1.8540703058242798,0.9417184591293335
1773049069,280033519,world,cf231,-2.6802852153778076,-1.8473013639450073,0.956519365310669
1773049069,280033519,world,cf231_leg,-2.673133134841919,-1.8541139364242554,0.9417140483856201
1773049069,285180120,world,cf231,-2.680053949356079,-1.847385048866272,0.9565048217773438
1773049069,285180120,world,cf231_leg,-2.6730690002441406,-1.8542778491973877,0.9418642520904541
1773049069,289851808,world,cf231,-2.6797335147857666,-1.8472949266433716,0.9564715623855591
1773049069,289851808,world,cf231_leg,-2.6729564666748047,-1.8541464805603027,0.9418298006057739
1773049069,294864486,world,cf231,-2.6795706748962402,-1.847466230392456,0.9564329385757446
1773049069,294864486,world,cf231_leg,-2.6728122234344482,-1.8543072938919067,0.941826581954956
1773049069,299877177,world,cf231,-2.67926025390625,-1.847478985786438,0.9564356803894043
1773049069,299877177,world,cf231_leg,-2.6726741790771484,-1.8543099164962769,0.9417643547058105
1773049069,304804804,world,cf231,-2.678926706314087,-1.8473910093307495,0.956331729888916
1773049069,304804804,world,cf231_leg,-2.672621488571167,-1.8544574975967407,0.9419083595275879
1773049069,309785899,world,cf231,-2.6786487102508545,-1.8475427627563477,0.9562619924545288
1773049069,309785899,world,cf231_leg,-2.672419548034668,-1.8543792963027954,0.9418672323226929
1773049069,315039863,world,cf231,-2.6784517765045166,-1.8476837873458862,0.956276535987854
1773049069,315039863,world,cf231_leg,-2.6722500324249268,-1.85443913936615,0.9417678117752075
1773049069,319732486,world,cf231,-2.6780498027801514,-1.8476284742355347,0.9562246799468994
1773049069,319732486,world,cf231_leg,-2.6721627712249756,-1.8545277118682861,0.9418710470199585
1773049069,324780020,world,cf231,-2.677727460861206,-1.8476536273956299,0.9562064409255981
1773049069,324780020,world,cf231_leg,-2.6718692779541016,-1.854462742805481,0.9416830539703369
1773049069,329944148,world,cf231,-2.6774609088897705,-1.8477959632873535,0.9561759233474731
1773049069,329944148,world,cf231_leg,-2.671825885772705,-1.8546779155731201,0.9417518377304077
1773049069,334836049,world,cf231,-2.677231550216675,-1.847764492034912,0.9561457633972168
1773049069,334836049,world,cf231_leg,-2.6716713905334473,-1.8546514511108398,0.9417855739593506
1773049069,347348462,world,cf231,-2.6771044731140137,-1.8479082584381104,0.9562220573425293
1773049069,347348462,world,cf231_leg,-2.6714675426483154,-1.8546596765518188,0.9416900873184204
1773049069,347847746,world,cf231,-2.676849365234375,-1.848010540008545,0.9561303853988647
1773049069,347847746,world,cf231_leg,-2.6712567806243896,-1.8547422885894775,0.9417459964752197
1773049069,349833569,world,cf231,-2.676469564437866,-1.8480216264724731,0.956069827079773
1773049069,349833569,world,cf231_leg,-2.6712448596954346,-1.8548622131347656,0.9417053461074829
1773049069,354725994,world,cf231,-2.676192283630371,-1.8480576276779175,0.9559861421585083
1773049069,354725994,world,cf231_leg,-2.670975923538208,-1.8547886610031128,0.9416335821151733
1773049069,359844076,world,cf231,-2.6760172843933105,-1.8482379913330078,0.9559098482131958
1773049069,359844076,world,cf231_leg,-2.670933246612549,-1.8550045490264893,0.94170081615448
1773049069,364922875,world,cf231,-2.675703763961792,-1.8483014106750488,0.9557119607925415
1773049069,364922875,world,cf231_leg,-2.6707098484039307,-1.854975938796997,0.9416800737380981
1773049069,369899185,world,cf231,-2.675368070602417,-1.848448634147644,0.9556524753570557
1773049069,369899185,world,cf231_leg,-2.67055344581604,-1.855026364326477,0.9415987730026245
1773049069,374680057,world,cf231,-2.6751132011413574,-1.8485511541366577,0.9555603265762329
1773049069,374680057,world,cf231_leg,-2.6704063415527344,-1.8550782203674316,0.9416366815567017
1773049069,379872684,world,cf231,-2.6748814582824707,-1.8489015102386475,0.9556884765625
1773049069,379872684,world,cf231_leg,-2.6701948642730713,-1.8551195859909058,0.9415338039398193
1773049069,386166235,world,cf231,-2.6747629642486572,-1.8490827083587646,0.9555866718292236
1773049069,386166235,world,cf231_leg,-2.670095205307007,-1.8552086353302002,0.9415565729141235
1773049069,389835661,world,cf231,-2.674586772918701,-1.8492588996887207,0.9554958343505859
1773049069,389835661,world,cf231_leg,-2.669935703277588,-1.8552707433700562,0.9415745735168457
1773049069,394936398,world,cf231,-2.674367666244507,-1.8493338823318481,0.9555187225341797
1773049069,394936398,world,cf231_leg,-2.6698367595672607,-1.8553553819656372,0.9415658712387085
1773049069,400080307,world,cf231,-2.6740775108337402,-1.8494980335235596,0.9554288387298584
1773049069,400080307,world,cf231_leg,-2.669724941253662,-1.8554621934890747,0.9416128396987915
1773049069,404796440,world,cf231,-2.673800468444824,-1.8495408296585083,0.955379843711853
1773049069,404796440,world,cf231_leg,-2.669555187225342,-1.8554083108901978,0.9415013790130615
1773049069,409829278,world,cf231,-2.673637628555298,-1.8497393131256104,0.9554247856140137
1773049069,409829278,world,cf231_leg,-2.6693429946899414,-1.8555606603622437,0.9413965940475464
1773049069,414965634,world,cf231,-2.67356538772583,-1.849968433380127,0.9553920030593872
1773049069,414965634,world,cf231_leg,-2.6692633628845215,-1.8556132316589355,0.9414933919906616
1773049069,419876363,world,cf231,-2.6733455657958984,-1.8500393629074097,0.9553999900817871
1773049069,419876363,world,cf231_leg,-2.669130563735962,-1.8556489944458008,0.941502571105957
1773049069,424966017,world,cf231,-2.6730806827545166,-1.850069522857666,0.9553717374801636
1773049069,424966017,world,cf231_leg,-2.668879985809326,-1.8557180166244507,0.9413256645202637
1773049069,429828451,world,cf231,-2.6729183197021484,-1.8502684831619263,0.9554160833358765
1773049069,429828451,world,cf231_leg,-2.6687347888946533,-1.8557615280151367,0.941299319267273
1773049069,434808124,world,cf231,-2.6727678775787354,-1.8504341840744019,0.9554324150085449
1773049069,434808124,world,cf231_leg,-2.668644905090332,-1.8558145761489868,0.9412937164306641
1773049069,439860871,world,cf231,-2.6724791526794434,-1.8505072593688965,0.9553927183151245
1773049069,439860871,world,cf231_leg,-2.6684906482696533,-1.8560088872909546,0.9413056373596191
1773049069,444827755,world,cf231,-2.6723508834838867,-1.8506131172180176,0.9553369283676147
1773049069,444827755,world,cf231_leg,-2.668433666229248,-1.8560055494308472,0.9413336515426636
1773049069,450053711,world,cf231,-2.6720404624938965,-1.8507463932037354,0.9553687572479248
1773049069,450053711,world,cf231_leg,-2.668208599090576,-1.855945348739624,0.9412147998809814
1773049069,454855039,world,cf231,-2.671773910522461,-1.850888967514038,0.9553384780883789
1773049069,454855039,world,cf231_leg,-2.6680655479431152,-1.8560261726379395,0.941314697265625
1773049069,460238946,world,cf231,-2.6715657711029053,-1.8509231805801392,0.955302357673645
1773049069,460238946,world,cf231_leg,-2.668031692504883,-1.856083869934082,0.9412994384765625
1773049069,464927039,world,cf231,-2.6713578701019287,-1.8510748147964478,0.955276370048523
1773049069,464927039,world,cf231_leg,-2.667888641357422,-1.8560460805892944,0.9413567781448364
1773049069,469872114,world,cf231,-2.6712870597839355,-1.8511948585510254,0.9552634954452515
1773049069,469872114,world,cf231_leg,-2.6677980422973633,-1.8562220335006714,0.9414255619049072
1773049069,474950489,world,cf231,-2.6711373329162598,-1.8513851165771484,0.955344557762146
1773049069,474950489,world,cf231_leg,-2.6677329540252686,-1.8561350107192993,0.9414209127426147
1773049069,479873491,world,cf231,-2.6708602905273438,-1.8514279127120972,0.9552958011627197
1773049069,479873491,world,cf231_leg,-2.667619228363037,-1.856316328048706,0.9413374662399292
1773049069,484867526,world,cf231,-2.6706526279449463,-1.8514597415924072,0.9552404880523682
1773049069,484867526,world,cf231_leg,-2.667464256286621,-1.8562896251678467,0.9413725137710571
1773049069,489958369,world,cf231,-2.6705713272094727,-1.8516267538070679,0.955322265625
1773049069,489958369,world,cf231_leg,-2.6673648357391357,-1.8563811779022217,0.9414104223251343
1773049069,494839534,world,cf231,-2.67038631439209,-1.8517316579818726,0.9552924633026123
1773049069,494839534,world,cf231_leg,-2.667351484298706,-1.85640287399292,0.94146728515625
1773049069,499876030,world,cf231,-2.6703176498413086,-1.851883888244629,0.9553754329681396
1773049069,499876030,world,cf231_leg,-2.66717529296875,-1.8564162254333496,0.9414621591567993
1773049069,504888419,world,cf231,-2.6699962615966797,-1.8519140481948853,0.9553713798522949
1773049069,504888419,world,cf231_leg,-2.6670515537261963,-1.8564082384109497,0.9413992166519165
1773049069,509885609,world,cf231,-2.6697869300842285,-1.8519409894943237,0.9553030729293823
1773049069,509885609,world,cf231_leg,-2.666973114013672,-1.8564494848251343,0.9414184093475342
1773049069,515039037,world,cf231,-2.6697309017181396,-1.8520877361297607,0.9554402828216553
1773049069,515039037,world,cf231_leg,-2.666928768157959,-1.8565670251846313,0.9415833950042725
1773049069,520082534,world,cf231,-2.669649362564087,-1.8521220684051514,0.9554228782653809
1773049069,520082534,world,cf231_leg,-2.66690731048584,-1.8566142320632935,0.9415892362594604
1773049069,524918253,world,cf231,-2.669543981552124,-1.8522981405258179,0.9553753137588501
1773049069,524918253,world,cf231_leg,-2.6667613983154297,-1.8565459251403809,0.9415674209594727
1773049069,529981393,world,cf231,-2.669325351715088,-1.8522571325302124,0.9553852081298828
1773049069,529981393,world,cf231_leg,-2.666686534881592,-1.8566209077835083,0.9416786432266235
1773049069,534925181,world,cf231,-2.6690964698791504,-1.8522181510925293,0.9553751945495605
1773049069,534925181,world,cf231_leg,-2.6666958332061768,-1.8566983938217163,0.9416632652282715
1773049069,539861180,world,cf231,-2.669039011001587,-1.852357268333435,0.9554809331893921
1773049069,539861180,world,cf231_leg,-2.6666300296783447,-1.8567321300506592,0.9417171478271484
1773049069,544805692,world,cf231,-2.668924570083618,-1.8523484468460083,0.9555000066757202
1773049069,544805692,world,cf231_leg,-2.666496515274048,-1.8566581010818481,0.941746711730957
1773049069,549882179,world,cf231,-2.6689674854278564,-1.852491021156311,0.9554840326309204
1773049069,549882179,world,cf231_leg,-2.6664068698883057,-1.8567039966583252,0.9416956901550293
1773049069,554846855,world,cf231,-2.668865919113159,-1.8524892330169678,0.9556270837783813
1773049069,554846855,world,cf231_leg,-2.6663968563079834,-1.8567520380020142,0.9417998790740967
1773049069,559920403,world,cf231,-2.668752908706665,-1.8525116443634033,0.9557443857192993
1773049069,559920403,world,cf231_leg,-2.666353225708008,-1.8567315340042114,0.9418020248413086
1773049069,565149950,world,cf231,-2.6686041355133057,-1.8524456024169922,0.9557331800460815
1773049069,565149950,world,cf231_leg,-2.666229486465454,-1.8567308187484741,0.9417840242385864
1773049069,569859449,world,cf231,-2.6685800552368164,-1.8524909019470215,0.9557409286499023
1773049069,569859449,world,cf231_leg,-2.6661734580993652,-1.856726050376892,0.9417939186096191
1773049069,574906840,world,cf231,-2.6686625480651855,-1.8524811267852783,0.9558224678039551
1773049069,574906840,world,cf231_leg,-2.6661853790283203,-1.856717586517334,0.941831111907959
1773049069,579805386,world,cf231,-2.6686861515045166,-1.852584958076477,0.9559483528137207
1773049069,579805386,world,cf231_leg,-2.6661758422851562,-1.8567612171173096,0.9419045448303223
1773049069,584823085,world,cf231,-2.668570041656494,-1.852541446685791,0.955851674079895
1773049069,584823085,world,cf231_leg,-2.666142225265503,-1.8568214178085327,0.9419040679931641
1773049069,589868108,world,cf231,-2.6685268878936768,-1.8525689840316772,0.9560490846633911
1773049069,589868108,world,cf231_leg,-2.6660306453704834,-1.8568072319030762,0.9418932199478149
1773049069,595132265,world,cf231,-2.668527603149414,-1.8525727987289429,0.9560648202896118
1773049069,595132265,world,cf231_leg,-2.66593074798584,-1.856787085533142,0.9419350624084473
1773049069,600155088,world,cf231,-2.6685380935668945,-1.8525587320327759,0.9560902118682861
1773049069,600155088,world,cf231_leg,-2.6659765243530273,-1.8567230701446533,0.9420032501220703
1773049069,605033996,world,cf231,-2.6685292720794678,-1.8524906635284424,0.9561681747436523
1773049069,605033996,world,cf231_leg,-2.665955066680908,-1.8567726612091064,0.9420243501663208
1773049069,609859991,world,cf231,-2.66851806640625,-1.8523842096328735,0.9561152458190918
1773049069,609859991,world,cf231_leg,-2.6659955978393555,-1.8566985130310059,0.9423166513442993
1773049069,615012844,world,cf231,-2.6684281826019287,-1.8523541688919067,0.9561917781829834
1773049069,615012844,world,cf231_leg,-2.666029214859009,-1.8566455841064453,0.9423619508743286
1773049069,619809825,world,cf231,-2.668475389480591,-1.8524152040481567,0.9563292264938354
1773049069,619809825,world,cf231_leg,-2.6659514904022217,-1.8566852807998657,0.9423638582229614
1773049069,624929781,world,cf231,-2.6684775352478027,-1.8523038625717163,0.9563287496566772
1773049069,624929781,world,cf231_leg,-2.665987491607666,-1.8566625118255615,0.9424906969070435
1773049069,629866533,world,cf231,-2.6686038970947266,-1.852306604385376,0.9563654661178589
1773049069,629866533,world,cf231_leg,-2.6660454273223877,-1.8567042350769043,0.9426077604293823
1773049069,634869088,world,cf231,-2.6686172485351562,-1.8523080348968506,0.9564536809921265
1773049069,634869088,world,cf231_leg,-2.6658999919891357,-1.8566362857818604,0.9425841569900513
1773049069,639964073,world,cf231,-2.6686646938323975,-1.8522372245788574,0.9564892053604126
1773049069,639964073,world,cf231_leg,-2.665945529937744,-1.8565698862075806,0.9426379203796387
1773049069,644927035,world,cf231,-2.6686556339263916,-1.8521748781204224,0.9566038846969604
1773049069,644927035,world,cf231_leg,-2.66599178314209,-1.8566182851791382,0.9427011013031006
1773049069,650091712,world,cf231,-2.668748617172241,-1.8520047664642334,0.9565962553024292
1773049069,650091712,world,cf231_leg,-2.665926456451416,-1.8566569089889526,0.9427846670150757
1773049069,654908685,world,cf231,-2.668807029724121,-1.8520197868347168,0.9566360712051392
1773049069,654908685,world,cf231_leg,-2.66609525680542,-1.8565958738327026,0.9428873062133789
1773049069,659886900,world,cf231,-2.66896915435791,-1.8519644737243652,0.9566876888275146
1773049069,659886900,world,cf231_leg,-2.6660614013671875,-1.8565423488616943,0.9428740739822388
1773049069,665059035,world,cf231,-2.668947458267212,-1.8519047498703003,0.956729531288147
1773049069,665059035,world,cf231_leg,-2.666008710861206,-1.856568455696106,0.9429627656936646
1773049069,669824036,world,cf231,-2.668982982635498,-1.8518463373184204,0.9567446708679199
1773049069,669824036,world,cf231_leg,-2.6660425662994385,-1.856515884399414,0.9430075883865356
1773049069,674809842,world,cf231,-2.6691699028015137,-1.8517826795578003,0.9569234848022461
1773049069,674809842,world,cf231_leg,-2.6660876274108887,-1.8564488887786865,0.9430630207061768
1773049069,679922833,world,cf231,-2.669320821762085,-1.851746678352356,0.9569873809814453
1773049069,679922833,world,cf231_leg,-2.666100263595581,-1.8565572500228882,0.9431257247924805
1773049069,684872907,world,cf231,-2.6693341732025146,-1.8516250848770142,0.9570281505584717
1773049069,684872907,world,cf231_leg,-2.6662251949310303,-1.8564807176589966,0.9432603120803833
1773049069,689868642,world,cf231,-2.6694393157958984,-1.851568579673767,0.9571062326431274
1773049069,689868642,world,cf231_leg,-2.6662368774414062,-1.856358289718628,0.9432860612869263
1773049069,694931752,world,cf231,-2.6694743633270264,-1.8515068292617798,0.9571045637130737
1773049069,694931752,world,cf231_leg,-2.666215181350708,-1.8564075231552124,0.9433079957962036
1773049069,700032581,world,cf231,-2.669475555419922,-1.8513975143432617,0.9571245908737183
1773049069,700032581,world,cf231_leg,-2.6662614345550537,-1.856344223022461,0.943374514579773
1773049069,705030915,world,cf231,-2.6696977615356445,-1.8512688875198364,0.9572842121124268
1773049069,705030915,world,cf231_leg,-2.666285753250122,-1.8563302755355835,0.9434624910354614
1773049069,711182288,world,cf231,-2.6699299812316895,-1.851218819618225,0.9574155807495117
1773049069,711182288,world,cf231_leg,-2.666353225708008,-1.8563284873962402,0.9435064792633057
1773049069,715044038,world,cf231,-2.6700596809387207,-1.8511475324630737,0.957586407661438
1773049069,715044038,world,cf231_leg,-2.6664233207702637,-1.856250524520874,0.943663477897644
1773049069,719936273,world,cf231,-2.6701769828796387,-1.8510853052139282,0.9577195644378662
1773049069,719936273,world,cf231_leg,-2.666367530822754,-1.8562434911727905,0.9436578750610352
1773049069,724862752,world,cf231,-2.67018985748291,-1.8509571552276611,0.9577257633209229
1773049069,724862752,world,cf231_leg,-2.6665732860565186,-1.8562768697738647,0.9439116716384888
1773049069,729842960,world,cf231,-2.6703648567199707,-1.850899577140808,0.9578491449356079
1773049069,729842960,world,cf231_leg,-2.6665163040161133,-1.8561246395111084,0.9437942504882812
1773049069,735028131,world,cf231,-2.6705288887023926,-1.8507624864578247,0.9580031633377075
1773049069,735028131,world,cf231_leg,-2.6665849685668945,-1.8561519384384155,0.9439226388931274
1773049069,739987047,world,cf231,-2.6706910133361816,-1.850710391998291,0.9580718278884888
1773049069,739987047,world,cf231_leg,-2.66668701171875,-1.8562144041061401,0.9440362453460693
1773049069,745038969,world,cf231,-2.6708431243896484,-1.8507057428359985,0.9582343101501465
1773049069,745038969,world,cf231_leg,-2.6666672229766846,-1.856037974357605,0.9440277814865112
1773049069,750186343,world,cf231,-2.67082142829895,-1.8505231142044067,0.9582291841506958
1773049069,750186343,world,cf231_leg,-2.6666789054870605,-1.8560292720794678,0.9440661668777466
1773049069,754902343,world,cf231,-2.6709840297698975,-1.850477933883667,0.9583315849304199
1773049069,754902343,world,cf231_leg,-2.666801929473877,-1.8560343980789185,0.944115400314331
1773049069,760026092,world,cf231,-2.671112060546875,-1.8503684997558594,0.958370566368103
1773049069,760026092,world,cf231_leg,-2.666801691055298,-1.8559422492980957,0.9442380666732788
1773049069,765285467,world,cf231,-2.67128586769104,-1.8503037691116333,0.9584615230560303
1773049069,765285467,world,cf231_leg,-2.666815996170044,-1.8559168577194214,0.9441486597061157
1773049069,769977792,world,cf231,-2.671344757080078,-1.8501993417739868,0.9584707021713257
1773049069,769977792,world,cf231_leg,-2.666914463043213,-1.855970859527588,0.9442439079284668
1773049069,774937622,world,cf231,-2.671403169631958,-1.8502380847930908,0.9585777521133423
1773049069,774937622,world,cf231_leg,-2.6669490337371826,-1.8559455871582031,0.9444503784179688
1773049069,779825295,world,cf231,-2.6714844703674316,-1.8500804901123047,0.9585492610931396
1773049069,779825295,world,cf231_leg,-2.6669490337371826,-1.8558295965194702,0.9444226026535034
1773049069,785104342,world,cf231,-2.671647787094116,-1.8500357866287231,0.9586499929428101
1773049069,785104342,world,cf231_leg,-2.6670844554901123,-1.8559402227401733,0.944521427154541
1773049069,790079673,world,cf231,-2.6718103885650635,-1.8498674631118774,0.9587061405181885
1773049069,790079673,world,cf231_leg,-2.6671643257141113,-1.8559402227401733,0.9446606636047363
1773049069,794870628,world,cf231,-2.671891927719116,-1.849856972694397,0.9587899446487427
1773049069,794870628,world,cf231_leg,-2.667130708694458,-1.8557729721069336,0.9446347951889038
1773049069,799931551,world,cf231,-2.6720190048217773,-1.8498637676239014,0.9588421583175659
1773049069,799931551,world,cf231_leg,-2.667118787765503,-1.8557765483856201,0.9445673227310181
1773049069,804836549,world,cf231,-2.6720547676086426,-1.8496887683868408,0.958845853805542
1773049069,804836549,world,cf231_leg,-2.6672258377075195,-1.855674386024475,0.9448330402374268
1773049069,809861132,world,cf231,-2.6721959114074707,-1.8495745658874512,0.9589372873306274
1773049069,809861132,world,cf231_leg,-2.6672372817993164,-1.8556679487228394,0.9448868036270142
1773049069,815035012,world,cf231,-2.6723601818084717,-1.8494110107421875,0.9590063095092773
1773049069,815035012,world,cf231_leg,-2.667292594909668,-1.8556843996047974,0.9449524879455566
1773049069,819973379,world,cf231,-2.672441244125366,-1.849369764328003,0.9589905738830566
1773049069,819973379,world,cf231_leg,-2.6673636436462402,-1.8555954694747925,0.9450315237045288
1773049069,824932194,world,cf231,-2.672466993331909,-1.849239468574524,0.9590682983398438
1773049069,824932194,world,cf231_leg,-2.667430877685547,-1.8555983304977417,0.9451056718826294
1773049069,829920011,world,cf231,-2.6724438667297363,-1.8491687774658203,0.9590620994567871
1773049069,829920011,world,cf231_leg,-2.667410135269165,-1.8555322885513306,0.9450976848602295
1773049069,834761131,world,cf231,-2.6726181507110596,-1.8490808010101318,0.9590849876403809
1773049069,834761131,world,cf231_leg,-2.6674420833587646,-1.8554800748825073,0.9451636075973511
1773049069,840117800,world,cf231,-2.6728177070617676,-1.8490054607391357,0.9592831134796143
1773049069,840117800,world,cf231_leg,-2.6674540042877197,-1.8553626537322998,0.9452184438705444
1773049069,844843099,world,cf231,-2.673025131225586,-1.8489705324172974,0.9593210220336914
1773049069,844843099,world,cf231_leg,-2.667534589767456,-1.8554675579071045,0.9453080892562866
1773049069,850181075,world,cf231,-2.673004150390625,-1.8487886190414429,0.9593147039413452
1773049069,850181075,world,cf231_leg,-2.667545795440674,-1.8553470373153687,0.945350170135498
1773049069,855055203,world,cf231,-2.673097848892212,-1.8487720489501953,0.9594541788101196
1773049069,855055203,world,cf231_leg,-2.6674561500549316,-1.8551676273345947,0.945290207862854
1773049069,859856496,world,cf231,-2.6731934547424316,-1.8484936952590942,0.9594646692276001
1773049069,859856496,world,cf231_leg,-2.6675145626068115,-1.8552098274230957,0.9454059600830078
1773049069,864927464,world,cf231,-2.6733882427215576,-1.8486078977584839,0.9595440626144409
1773049069,864927464,world,cf231_leg,-2.6675705909729004,-1.8552194833755493,0.9454255104064941
1773049069,870056424,world,cf231,-2.6735541820526123,-1.8485064506530762,0.9598115682601929
1773049069,870056424,world,cf231_leg,-2.6675820350646973,-1.8551015853881836,0.9454821348190308
1773049069,874921566,world,cf231,-2.6735098361968994,-1.848232626914978,0.9597510099411011
1773049069,874921566,world,cf231_leg,-2.6674795150756836,-1.8550411462783813,0.9453847408294678
1773049069,879977059,world,cf231,-2.6735684871673584,-1.8482753038406372,0.9598736763000488
1773049069,879977059,world,cf231_leg,-2.6676175594329834,-1.8550784587860107,0.9456098079681396
1773049069,884760742,world,cf231,-2.6735005378723145,-1.848160982131958,0.959813117980957
1773049069,884760742,world,cf231_leg,-2.667539596557617,-1.8550183773040771,0.9456905126571655
1773049069,890019073,world,cf231,-2.6737546920776367,-1.8481746912002563,0.9599179029464722
1773049069,890019073,world,cf231_leg,-2.667607069015503,-1.855014681816101,0.9457184076309204
1773049069,894782609,world,cf231,-2.6738688945770264,-1.8481930494308472,0.9599517583847046
1773049069,894782609,world,cf231_leg,-2.667553424835205,-1.8549284934997559,0.9458125829696655
1773049069,901254348,world,cf231,-2.673973560333252,-1.8481298685073853,0.9599961042404175
1773049069,901254348,world,cf231_leg,-2.667640447616577,-1.8549613952636719,0.9457648992538452
1773049069,904862582,world,cf231,-2.6738598346710205,-1.8479983806610107,0.9599672555923462
1773049069,904862582,world,cf231_leg,-2.6675286293029785,-1.854838252067566,0.9457722902297974
1773049069,909940291,world,cf231,-2.67395281791687,-1.8480983972549438,0.9601190090179443
1773049069,909940291,world,cf231_leg,-2.6675872802734375,-1.8548756837844849,0.9458576440811157
1773049069,915087149,world,cf231,-2.6739869117736816,-1.8480080366134644,0.9600378274917603
1773049069,915087149,world,cf231_leg,-2.667633295059204,-1.8548074960708618,0.9458949565887451
1773049069,920263794,world,cf231,-2.674044132232666,-1.8480432033538818,0.9601287841796875
1773049069,920263794,world,cf231_leg,-2.667621374130249,-1.8548206090927124,0.9458876848220825
1773049069,925367215,world,cf231,-2.6740922927856445,-1.847952127456665,0.9601148366928101
1773049069,925367215,world,cf231_leg,-2.667555570602417,-1.8547406196594238,0.9459292888641357
1773049069,930016514,world,cf231,-2.6739773750305176,-1.8479362726211548,0.9601001739501953
1773049069,930016514,world,cf231_leg,-2.667623996734619,-1.854742169380188,0.9459853172302246
1773049069,934916089,world,cf231,-2.6739656925201416,-1.8479759693145752,0.9601625204086304
1773049069,934916089,world,cf231_leg,-2.667409896850586,-1.8545562028884888,0.9458799362182617
1773049069,940494505,world,cf231,-2.6739089488983154,-1.8479751348495483,0.9601879119873047
1773049069,940494505,world,cf231_leg,-2.6674344539642334,-1.8545398712158203,0.9459531307220459
1773049069,944909223,world,cf231,-2.674046277999878,-1.8480515480041504,0.960158109664917
1773049069,944909223,world,cf231_leg,-2.667433738708496,-1.8545392751693726,0.9459549188613892
1773049069,949890032,world,cf231,-2.6739089488983154,-1.8479719161987305,0.9601703882217407
1773049069,949890032,world,cf231_leg,-2.6674797534942627,-1.854478120803833,0.9460370540618896
1773049069,954904109,world,cf231,-2.6738858222961426,-1.848021388053894,0.9601926803588867
1773049069,954904109,world,cf231_leg,-2.667346477508545,-1.85451340675354,0.9460477828979492
1773049069,959872349,world,cf231,-2.673736810684204,-1.8479515314102173,0.9601655006408691
1773049069,959872349,world,cf231_leg,-2.6674022674560547,-1.8544092178344727,0.9460558891296387
1773049069,964871092,world,cf231,-2.6736912727355957,-1.848063588142395,0.9602781534194946
1773049069,964871092,world,cf231_leg,-2.6673593521118164,-1.8543920516967773,0.9460704326629639
1773049069,969901374,world,cf231,-2.6736559867858887,-1.8479928970336914,0.9601806402206421
1773049069,969901374,world,cf231_leg,-2.667268991470337,-1.8544442653656006,0.9460668563842773
1773049069,974831357,world,cf231,-2.6736574172973633,-1.8480069637298584,0.9602465629577637
1773049069,974831357,world,cf231_leg,-2.6673243045806885,-1.8543397188186646,0.9460757970809937
1773049069,979816607,world,cf231,-2.6735198497772217,-1.8480439186096191,0.9602712392807007
1773049069,979816607,world,cf231_leg,-2.667191505432129,-1.8542591333389282,0.9460585117340088
1773049069,984967628,world,cf231,-2.6733927726745605,-1.8480373620986938,0.960218071937561
1773049069,984967628,world,cf231_leg,-2.6671910285949707,-1.8543750047683716,0.9460867643356323
1773049069,989979095,world,cf231,-2.6732096672058105,-1.8480634689331055,0.9603085517883301
1773049069,989979095,world,cf231_leg,-2.66715669631958,-1.8542017936706543,0.9460346698760986
1773049069,994918719,world,cf231,-2.6731176376342773,-1.8479949235916138,0.9602545499801636
1773049069,994918719,world,cf231_leg,-2.6670467853546143,-1.8541895151138306,0.9460179805755615
1773049069,999873264,world,cf231,-2.673036575317383,-1.8480119705200195,0.9602048397064209
1773049069,999873264,world,cf231_leg,-2.6670141220092773,-1.8541693687438965,0.9461203813552856
1773049070,4894802,world,cf231,-2.6729676723480225,-1.8480441570281982,0.9602583646774292
1773049070,4894802,world,cf231_leg,-2.6669790744781494,-1.8541122674942017,0.9460960626602173
1773049070,9807033,world,cf231,-2.6727473735809326,-1.8479485511779785,0.9600508213043213
1773049070,9807033,world,cf231_leg,-2.666856527328491,-1.8539888858795166,0.9460031986236572
1773049070,14923810,world,cf231,-2.6726224422454834,-1.8479629755020142,0.9600965976715088
1773049070,14923810,world,cf231_leg,-2.666767120361328,-1.8539257049560547,0.945969820022583
1773049070,20026841,world,cf231,-2.6725997924804688,-1.848022222518921,0.9601702690124512
1773049070,20026841,world,cf231_leg,-2.6667537689208984,-1.8539376258850098,0.9459662437438965
1773049070,25212273,world,cf231,-2.6724483966827393,-1.8480607271194458,0.9601256847381592
1773049070,25212273,world,cf231_leg,-2.6666882038116455,-1.8538553714752197,0.9459928274154663
1773049070,29862453,world,cf231,-2.672403573989868,-1.8480409383773804,0.9601377248764038
1773049070,29862453,world,cf231_leg,-2.6666295528411865,-1.8538126945495605,0.9458780288696289
1773049070,34951605,world,cf231,-2.6721854209899902,-1.847975730895996,0.9600818157196045
1773049070,34951605,world,cf231_leg,-2.666586399078369,-1.8537977933883667,0.9459083080291748
1773049070,41183974,world,cf231,-2.671954393386841,-1.8479430675506592,0.960054874420166
1773049070,41183974,world,cf231_leg,-2.6664958000183105,-1.853740930557251,0.9459229707717896
1773049070,46751364,world,cf231,-2.67189621925354,-1.8480545282363892,0.960078239440918
1773049070,46751364,world,cf231_leg,-2.6665053367614746,-1.8536972999572754,0.9458500146865845
1773049070,51060676,world,cf231,-2.671792507171631,-1.8479955196380615,0.9599850177764893
1773049070,51060676,world,cf231_leg,-2.666330575942993,-1.8536335229873657,0.9459614753723145
1773049070,54772159,world,cf231,-2.671757698059082,-1.8479377031326294,0.9599564075469971
1773049070,54772159,world,cf231_leg,-2.6663153171539307,-1.8536157608032227,0.9458751678466797
1773049070,59853278,world,cf231,-2.6716318130493164,-1.8479621410369873,0.9600024223327637
1773049070,59853278,world,cf231_leg,-2.6662020683288574,-1.853564739227295,0.9457367658615112
1773049070,64997248,world,cf231,-2.671412706375122,-1.8478931188583374,0.9599308967590332
1773049070,64997248,world,cf231_leg,-2.666172742843628,-1.8534598350524902,0.9458894729614258
1773049070,69826782,world,cf231,-2.671297311782837,-1.8478769063949585,0.9599170684814453
1773049070,69826782,world,cf231_leg,-2.666133403778076,-1.8534513711929321,0.9456849098205566
1773049070,74886715,world,cf231,-2.6712052822113037,-1.8478052616119385,0.9598453044891357
1773049070,74886715,world,cf231_leg,-2.6659650802612305,-1.8533178567886353,0.9456744194030762
1773049070,80005931,world,cf231,-2.6712284088134766,-1.847875714302063,0.959851861000061
1773049070,80005931,world,cf231_leg,-2.6658413410186768,-1.8533120155334473,0.9456266164779663
1773049070,86158141,world,cf231,-2.6710667610168457,-1.8478111028671265,0.9597707986831665
1773049070,86158141,world,cf231_leg,-2.6658434867858887,-1.853116512298584,0.9456992149353027
1773049070,90397904,world,cf231,-2.6709508895874023,-1.8477916717529297,0.959740400314331
1773049070,90397904,world,cf231_leg,-2.6656835079193115,-1.8531358242034912,0.9455399513244629
1773049070,94825847,world,cf231,-2.6707794666290283,-1.847769021987915,0.9597150087356567
1773049070,94825847,world,cf231_leg,-2.6656620502471924,-1.8531806468963623,0.9455306529998779
1773049070,100915211,world,cf231,-2.670802593231201,-1.8477191925048828,0.9596935510635376
1773049070,100915211,world,cf231_leg,-2.665642023086548,-1.8530391454696655,0.9456554651260376
1773049070,104867134,world,cf231,-2.6707212924957275,-1.847736120223999,0.959644079208374
1773049070,104867134,world,cf231_leg,-2.6654446125030518,-1.8529680967330933,0.9453771114349365
1773049070,110138273,world,cf231,-2.6705129146575928,-1.8476204872131348,0.9594764709472656
1773049070,110138273,world,cf231_leg,-2.665379285812378,-1.8530024290084839,0.9454295635223389
1773049070,116107941,world,cf231,-2.670524835586548,-1.8476049900054932,0.9594799280166626
1773049070,116107941,world,cf231_leg,-2.665337324142456,-1.8527913093566895,0.9455347061157227
1773049070,119815087,world,cf231,-2.670386791229248,-1.8476417064666748,0.9595053195953369
1773049070,119815087,world,cf231_leg,-2.6651861667633057,-1.8527661561965942,0.9453041553497314
1773049070,124873411,world,cf231,-2.6702020168304443,-1.8474767208099365,0.9593150615692139
1773049070,124873411,world,cf231_leg,-2.6651530265808105,-1.8528270721435547,0.9453012943267822
1773049070,129792636,world,cf231,-2.6702473163604736,-1.8475239276885986,0.9593859910964966
1773049070,129792636,world,cf231_leg,-2.665123462677002,-1.8526054620742798,0.9454282522201538
1773049070,134812197,world,cf231,-2.670121669769287,-1.8473683595657349,0.9591984748840332
1773049070,134812197,world,cf231_leg,-2.6649603843688965,-1.8525912761688232,0.945175051689148
1773049070,141040449,world,cf231,-2.670017957687378,-1.8473491668701172,0.9592586755752563
1773049070,141040449,world,cf231_leg,-2.6649820804595947,-1.8526558876037598,0.9451653957366943
1773049070,144863878,world,cf231,-2.669750452041626,-1.8473073244094849,0.9589806795120239
1773049070,144863878,world,cf231_leg,-2.664827585220337,-1.852427363395691,0.9452476501464844
1773049070,149805892,world,cf231,-2.6696853637695312,-1.8471426963806152,0.9591208696365356
1773049070,149805892,world,cf231_leg,-2.664653778076172,-1.8524227142333984,0.9449533224105835
1773049070,155113157,world,cf231,-2.6695079803466797,-1.847140908241272,0.958817720413208
1773049070,155113157,world,cf231_leg,-2.664618968963623,-1.8523657321929932,0.9449280500411987
1773049070,159803040,world,cf231,-2.66959285736084,-1.8470497131347656,0.9590017795562744
1773049070,159803040,world,cf231_leg,-2.6645796298980713,-1.8521873950958252,0.9451291561126709
1773049070,164820313,world,cf231,-2.6693918704986572,-1.8469674587249756,0.9586403369903564
1773049070,164820313,world,cf231_leg,-2.6644952297210693,-1.8522460460662842,0.9448678493499756
1773049070,169910659,world,cf231,-2.669175863265991,-1.8468146324157715,0.9586501121520996
1773049070,169910659,world,cf231_leg,-2.6644272804260254,-1.8522471189498901,0.9448256492614746
1773049070,174855907,world,cf231,-2.6690473556518555,-1.8467766046524048,0.9584985971450806
1773049070,174855907,world,cf231_leg,-2.664325475692749,-1.8520758152008057,0.9447284936904907
1773049070,179890931,world,cf231,-2.668990135192871,-1.8467754125595093,0.9585248231887817
1773049070,179890931,world,cf231_leg,-2.664189577102661,-1.8520809412002563,0.9446578025817871
1773049070,184774269,world,cf231,-2.6689212322235107,-1.846657156944275,0.9584487676620483
1773049070,184774269,world,cf231_leg,-2.6641218662261963,-1.8519707918167114,0.944617509841919
1773049070,190034090,world,cf231,-2.6686809062957764,-1.8464058637619019,0.9583699703216553
1773049070,190034090,world,cf231_leg,-2.6641154289245605,-1.851845383644104,0.9448336362838745
1773049070,194831454,world,cf231,-2.6684820652008057,-1.8462567329406738,0.9581239223480225
1773049070,194831454,world,cf231_leg,-2.663984775543213,-1.851853609085083,0.944493293762207
1773049070,200163601,world,cf231,-2.6683108806610107,-1.8461236953735352,0.958121657371521
1773049070,200163601,world,cf231_leg,-2.663938522338867,-1.851805329322815,0.9444296360015869
1773049070,204885524,world,cf231,-2.6681699752807617,-1.8459980487823486,0.9579707384109497
1773049070,204885524,world,cf231_leg,-2.6637933254241943,-1.8516215085983276,0.9443771839141846
1773049070,209911585,world,cf231,-2.668126106262207,-1.8458689451217651,0.9580029249191284
1773049070,209911585,world,cf231_leg,-2.6636688709259033,-1.8515011072158813,0.9443192481994629
1773049070,214869961,world,cf231,-2.6681032180786133,-1.8458915948867798,0.9579402208328247
1773049070,214869961,world,cf231_leg,-2.663635015487671,-1.8514472246170044,0.9443062543869019
1773049070,220128410,world,cf231,-2.667884349822998,-1.8456162214279175,0.9579278230667114
1773049070,220128410,world,cf231_leg,-2.663508176803589,-1.8512918949127197,0.9441368579864502
1773049070,224886258,world,cf231,-2.6675846576690674,-1.8454389572143555,0.9577378034591675
1773049070,224886258,world,cf231_leg,-2.663440465927124,-1.8512932062149048,0.9440937042236328
1773049070,229917250,world,cf231,-2.6674814224243164,-1.8454136848449707,0.9577620029449463
1773049070,229917250,world,cf231_leg,-2.663393974304199,-1.8512425422668457,0.9440149068832397
1773049070,235024263,world,cf231,-2.6674723625183105,-1.845327615737915,0.957809329032898
1773049070,235024263,world,cf231_leg,-2.6633472442626953,-1.851082444190979,0.9439547061920166
1773049070,239913522,world,cf231,-2.667447566986084,-1.8452396392822266,0.9577196836471558
1773049070,239913522,world,cf231_leg,-2.6632239818573,-1.850955843925476,0.9438481330871582
1773049070,244704681,world,cf231,-2.6671955585479736,-1.8449918031692505,0.957565188407898
1773049070,244704681,world,cf231_leg,-2.6631217002868652,-1.850900650024414,0.9437785148620605
1773049070,249915001,world,cf231,-2.6670615673065186,-1.8447908163070679,0.9575760364532471
1773049070,249915001,world,cf231_leg,-2.6630656719207764,-1.8507792949676514,0.9437615871429443
1773049070,255048334,world,cf231,-2.6668312549591064,-1.8446087837219238,0.9574147462844849
1773049070,255048334,world,cf231_leg,-2.663041114807129,-1.8506767749786377,0.9436461925506592
1773049070,259800149,world,cf231,-2.666717767715454,-1.844483733177185,0.9574192762374878
1773049070,259800149,world,cf231_leg,-2.6629388332366943,-1.8506213426589966,0.9435771703720093
1773049070,265014999,world,cf231,-2.6667640209198,-1.8443783521652222,0.9573396444320679
1773049070,265014999,world,cf231_leg,-2.662904739379883,-1.85056734085083,0.9435648918151855
1773049070,270038144,world,cf231,-2.666637897491455,-1.8441388607025146,0.9572595357894897
1773049070,270038144,world,cf231_leg,-2.662790298461914,-1.8503988981246948,0.943401575088501
1773049070,274748186,world,cf231,-2.66652512550354,-1.8440115451812744,0.9572440385818481
1773049070,274748186,world,cf231_leg,-2.662597894668579,-1.8503940105438232,0.9433119297027588
1773049070,280035708,world,cf231,-2.666283369064331,-1.843761920928955,0.9571855068206787
1773049070,280035708,world,cf231_leg,-2.662595272064209,-1.8502470254898071,0.9432041645050049
1773049070,286221839,world,cf231,-2.666271924972534,-1.8436517715454102,0.9571160078048706
1773049070,286221839,world,cf231_leg,-2.662480354309082,-1.8500829935073853,0.9430723190307617
1773049070,289988621,world,cf231,-2.666318655014038,-1.843552827835083,0.9570708274841309
1773049070,289988621,world,cf231_leg,-2.6624491214752197,-1.8500572443008423,0.9431248903274536
1773049070,295100621,world,cf231,-2.6663548946380615,-1.8433750867843628,0.957054615020752
1773049070,295100621,world,cf231_leg,-2.662367820739746,-1.8498376607894897,0.9430240392684937
1773049070,299811620,world,cf231,-2.666203022003174,-1.8431639671325684,0.9568980932235718
1773049070,299811620,world,cf231_leg,-2.6623218059539795,-1.8497897386550903,0.9429589509963989
1773049070,304977073,world,cf231,-2.6660096645355225,-1.8429434299468994,0.956853985786438
1773049070,304977073,world,cf231_leg,-2.662220001220703,-1.8498438596725464,0.9428707361221313
1773049070,309840733,world,cf231,-2.6660096645355225,-1.8429404497146606,0.9568359851837158
1773049070,309840733,world,cf231_leg,-2.662116765975952,-1.8495597839355469,0.9427785873413086
1773049070,315026271,world,cf231,-2.6659882068634033,-1.8427575826644897,0.9568308591842651
1773049070,315026271,world,cf231_leg,-2.6620802879333496,-1.8495867252349854,0.9426834583282471
1773049070,319794985,world,cf231,-2.6659979820251465,-1.8425769805908203,0.9566386938095093
1773049070,319794985,world,cf231_leg,-2.6619555950164795,-1.849463701248169,0.9426103830337524
1773049070,324888269,world,cf231,-2.6659295558929443,-1.8423722982406616,0.9566512107849121
1773049070,324888269,world,cf231_leg,-2.6620700359344482,-1.849394679069519,0.9426889419555664
1773049070,331201235,world,cf231,-2.6657328605651855,-1.8421330451965332,0.956527590751648
1773049070,331201235,world,cf231_leg,-2.6618988513946533,-1.849225401878357,0.9425675868988037
1773049070,334881346,world,cf231,-2.6656064987182617,-1.8420132398605347,0.9564777612686157
1773049070,334881346,world,cf231_leg,-2.661818742752075,-1.849232792854309,0.9424718618392944
1773049070,340071397,world,cf231,-2.6656296253204346,-1.8419636487960815,0.9564553499221802
1773049070,340071397,world,cf231_leg,-2.6618967056274414,-1.8491929769515991,0.9424705505371094
1773049070,344890940,world,cf231,-2.6656076908111572,-1.8417803049087524,0.9564511775970459
1773049070,344890940,world,cf231_leg,-2.661738157272339,-1.8490163087844849,0.9423837661743164
1773049070,349930302,world,cf231,-2.665574550628662,-1.841724157333374,0.9564175605773926
1773049070,349930302,world,cf231_leg,-2.6617259979248047,-1.8490220308303833,0.9423321485519409
1773049070,355040768,world,cf231,-2.665379047393799,-1.8414860963821411,0.9562901258468628
1773049070,355040768,world,cf231_leg,-2.661703586578369,-1.8488452434539795,0.9423462152481079
1773049070,359771815,world,cf231,-2.6652159690856934,-1.841450810432434,0.9563125371932983
1773049070,359771815,world,cf231_leg,-2.6616458892822266,-1.848781704902649,0.9420922994613647
1773049070,365026558,world,cf231,-2.6651713848114014,-1.8412872552871704,0.9562273025512695
1773049070,365026558,world,cf231_leg,-2.6616013050079346,-1.8487874269485474,0.9422613382339478
1773049070,369973732,world,cf231,-2.6650702953338623,-1.8411202430725098,0.9561481475830078
1773049070,369973732,world,cf231_leg,-2.661576747894287,-1.848670244216919,0.9420557022094727
1773049070,374919411,world,cf231,-2.66513991355896,-1.8411216735839844,0.9562128782272339
1773049070,374919411,world,cf231_leg,-2.661487340927124,-1.848490595817566,0.941994309425354
1773049070,379733058,world,cf231,-2.6650242805480957,-1.8409548997879028,0.956067681312561
1773049070,379733058,world,cf231_leg,-2.661576747894287,-1.8485610485076904,0.9420735836029053
1773049070,384968150,world,cf231,-2.6647260189056396,-1.840806484222412,0.9559551477432251
1773049070,384968150,world,cf231_leg,-2.6614749431610107,-1.8483823537826538,0.9419302940368652
1773049070,389753376,world,cf231,-2.6647417545318604,-1.8407118320465088,0.9561315774917603
1773049070,389753376,world,cf231_leg,-2.6615304946899414,-1.8483890295028687,0.9419368505477905
1773049070,395231181,world,cf231,-2.664785861968994,-1.840718150138855,0.9560514688491821
1773049070,395231181,world,cf231_leg,-2.6614410877227783,-1.8483284711837769,0.9419171810150146
1773049070,400068496,world,cf231,-2.664626121520996,-1.8405452966690063,0.955985426902771
1773049070,400068496,world,cf231_leg,-2.661395788192749,-1.848164677619934,0.9418226480484009
1773049070,404954602,world,cf231,-2.664695978164673,-1.8405441045761108,0.9560314416885376
1773049070,404954602,world,cf231_leg,-2.661360740661621,-1.8481097221374512,0.9418129920959473
1773049070,411215590,world,cf231,-2.6644654273986816,-1.840364694595337,0.9558875560760498
1773049070,411215590,world,cf231_leg,-2.661348342895508,-1.8481202125549316,0.9417916536331177
1773049070,415030065,world,cf231,-2.6643850803375244,-1.8402929306030273,0.9559067487716675
1773049070,415030065,world,cf231_leg,-2.661292552947998,-1.847994327545166,0.9417433738708496
1773049070,421879096,world,cf231,-2.664384126663208,-1.8402889966964722,0.9558916091918945
1773049070,421879096,world,cf231_leg,-2.6613268852233887,-1.8479344844818115,0.9417432546615601
1773049070,425269612,world,cf231,-2.6644186973571777,-1.840196132659912,0.9557899236679077
1773049070,425269612,world,cf231_leg,-2.661323308944702,-1.847786545753479,0.9416377544403076
1773049070,429987914,world,cf231,-2.664430856704712,-1.8401838541030884,0.9558106660842896
1773049070,429987914,world,cf231_leg,-2.6613481044769287,-1.8477729558944702,0.9417257308959961
1773049070,435040090,world,cf231,-2.6643388271331787,-1.8401216268539429,0.9557904005050659
1773049070,435040090,world,cf231_leg,-2.6613011360168457,-1.847726583480835,0.9416781663894653
1773049070,442517717,world,cf231,-2.664304733276367,-1.8400673866271973,0.9557774066925049
1773049070,442517717,world,cf231_leg,-2.66123366355896,-1.847609281539917,0.9415916204452515
1773049070,444908651,world,cf231,-2.664247751235962,-1.8399463891983032,0.9557732343673706
1773049070,444908651,world,cf231_leg,-2.6612465381622314,-1.8476015329360962,0.9416269063949585
1773049070,449819511,world,cf231,-2.664431571960449,-1.8400673866271973,0.9557973146438599
1773049070,449819511,world,cf231_leg,-2.661245584487915,-1.8474889993667603,0.9416325092315674
1773049070,454927343,world,cf231,-2.6644668579101562,-1.8399783372879028,0.9557113647460938
1773049070,454927343,world,cf231_leg,-2.6612210273742676,-1.8473937511444092,0.941561222076416
1773049070,460042477,world,cf231,-2.664386510848999,-1.839903473854065,0.9557127952575684
1773049070,460042477,world,cf231_leg,-2.6612114906311035,-1.8474326133728027,0.941604733467102
1773049070,466780918,world,cf231,-2.6643643379211426,-1.8398367166519165,0.9557214975357056
1773049070,466780918,world,cf231_leg,-2.661224603652954,-1.847306251525879,0.9415968656539917
1773049070,469867154,world,cf231,-2.6643521785736084,-1.8398492336273193,0.9557000398635864
1773049070,469867154,world,cf231_leg,-2.6612422466278076,-1.8472247123718262,0.9414995908737183
1773049070,474783663,world,cf231,-2.6643874645233154,-1.8397901058197021,0.9557168483734131
1773049070,474783663,world,cf231_leg,-2.6612210273742676,-1.8472723960876465,0.9415037631988525
1773049070,480079996,world,cf231,-2.6644680500030518,-1.839745283126831,0.9556851387023926
1773049070,480079996,world,cf231_leg,-2.661334991455078,-1.8472143411636353,0.9416612386703491
1773049070,485080464,world,cf231,-2.664388418197632,-1.8396742343902588,0.9557023048400879
1773049070,485080464,world,cf231_leg,-2.6612322330474854,-1.8470423221588135,0.9415645599365234
1773049070,491617099,world,cf231,-2.664353370666504,-1.839615821838379,0.9556746482849121
1773049070,491617099,world,cf231_leg,-2.6611859798431396,-1.8471078872680664,0.941513180732727
1773049070,494919006,world,cf231,-2.664318799972534,-1.8395521640777588,0.9556090831756592
1773049070,494919006,world,cf231_leg,-2.6612977981567383,-1.847119688987732,0.9415091276168823
1773049070,500115051,world,cf231,-2.6643896102905273,-1.8395580053329468,0.9556879997253418
1773049070,500115051,world,cf231_leg,-2.661323070526123,-1.8469899892807007,0.9415684938430786
1773049070,504963411,world,cf231,-2.6644341945648193,-1.8395617008209229,0.9555891752243042
1773049070,504963411,world,cf231_leg,-2.6612889766693115,-1.8470474481582642,0.9415537118911743
1773049070,509810411,world,cf231,-2.6644697189331055,-1.8395127058029175,0.9556573629379272
1773049070,509810411,world,cf231_leg,-2.6614205837249756,-1.847029685974121,0.9416697025299072
1773049070,515230467,world,cf231,-2.664365768432617,-1.8394595384597778,0.9555982351303101
1773049070,515230467,world,cf231_leg,-2.6613667011260986,-1.846888542175293,0.9415106773376465
1773049070,519856161,world,cf231,-2.6643781661987305,-1.8394536972045898,0.9556541442871094
1773049070,519856161,world,cf231_leg,-2.661421060562134,-1.8470252752304077,0.9416382312774658
1773049070,524870947,world,cf231,-2.664355993270874,-1.8393903970718384,0.9556795358657837
1773049070,524870947,world,cf231_leg,-2.661432981491089,-1.8469051122665405,0.9416787624359131
1773049070,529975356,world,cf231,-2.664482831954956,-1.8393902778625488,0.9556998014450073
1773049070,529975356,world,cf231_leg,-2.6613659858703613,-1.846773624420166,0.9415006637573242
1773049070,536818754,world,cf231,-2.664517641067505,-1.8392976522445679,0.9555976390838623
1773049070,536818754,world,cf231_leg,-2.661435604095459,-1.8468858003616333,0.9415353536605835
1773049070,540025890,world,cf231,-2.6645407676696777,-1.83926260471344,0.9555891752243042
1773049070,540025890,world,cf231_leg,-2.661546230316162,-1.8467845916748047,0.9415384531021118
1773049070,544937865,world,cf231,-2.664449453353882,-1.8392165899276733,0.9556554555892944
1773049070,544937865,world,cf231_leg,-2.661464214324951,-1.8468117713928223,0.9415844678878784
1773049070,549869731,world,cf231,-2.664517879486084,-1.8391774892807007,0.9555679559707642
1773049070,549869731,world,cf231_leg,-2.6615326404571533,-1.8468109369277954,0.9416263103485107
1773049070,554895819,world,cf231,-2.664701223373413,-1.8392951488494873,0.9555747509002686
1773049070,554895819,world,cf231_leg,-2.661644697189331,-1.84682297706604,0.9416216611862183
1773049070,560636779,world,cf231,-2.664761781692505,-1.8392044305801392,0.9556515216827393
1773049070,560636779,world,cf231_leg,-2.6616668701171875,-1.846771240234375,0.9415844678878784
1773049070,565033620,world,cf231,-2.6648178100585938,-1.8391921520233154,0.9555575847625732
1773049070,565033620,world,cf231_leg,-2.661700963973999,-1.8468300104141235,0.9416271448135376
1773049070,569862262,world,cf231,-2.664679765701294,-1.8390910625457764,0.9555208683013916
1773049070,569862262,world,cf231_leg,-2.661733865737915,-1.8467215299606323,0.9414219856262207
1773049070,575451863,world,cf231,-2.664747953414917,-1.8390697240829468,0.9554649591445923
1773049070,575451863,world,cf231_leg,-2.661746025085449,-1.8467108011245728,0.9414440393447876
1773049070,579930849,world,cf231,-2.664897918701172,-1.8391433954238892,0.9555096626281738
1773049070,579930849,world,cf231_leg,-2.661733865737915,-1.8467165231704712,0.9413924217224121
1773049070,584930306,world,cf231,-2.665013074874878,-1.839156150817871,0.9555076360702515
1773049070,584930306,world,cf231_leg,-2.661900520324707,-1.8467563390731812,0.9415327310562134
1773049070,591180115,world,cf231,-2.6650588512420654,-1.8391703367233276,0.9554586410522461
1773049070,591180115,world,cf231_leg,-2.6618003845214844,-1.8465619087219238,0.9412795305252075
1773049070,594841719,world,cf231,-2.6650233268737793,-1.8391116857528687,0.9554315805435181
1773049070,594841719,world,cf231_leg,-2.661980390548706,-1.846691608428955,0.941360354423523
1773049070,601137727,world,cf231,-2.665138006210327,-1.8392471075057983,0.9554784297943115
1773049070,601137727,world,cf231_leg,-2.6620476245880127,-1.8467657566070557,0.941270112991333
1773049070,605077949,world,cf231,-2.6652894020080566,-1.839319109916687,0.9555011987686157
1773049070,605077949,world,cf231_leg,-2.6619327068328857,-1.8466018438339233,0.9411369562149048
1773049070,611561896,world,cf231,-2.6653683185577393,-1.8392391204833984,0.9553543329238892
1773049070,611561896,world,cf231_leg,-2.6619908809661865,-1.8466414213180542,0.9412393569946289
1773049070,614962874,world,cf231,-2.6654951572418213,-1.8393622636795044,0.9554214477539062
1773049070,614962874,world,cf231_leg,-2.662135124206543,-1.846677541732788,0.9411647319793701
1773049070,620033691,world,cf231,-2.6654489040374756,-1.839197039604187,0.9553408622741699
1773049070,620033691,world,cf231_leg,-2.6621787548065186,-1.8466953039169312,0.9411487579345703
1773049070,624915042,world,cf231,-2.6655399799346924,-1.8393789529800415,0.9553921222686768
1773049070,624915042,world,cf231_leg,-2.6622018814086914,-1.846637487411499,0.9410630464553833
1773049070,629955167,world,cf231,-2.665642499923706,-1.8395143747329712,0.9553465843200684
1773049070,629955167,world,cf231_leg,-2.662233352661133,-1.8466583490371704,0.9409804344177246
1773049070,636056970,world,cf231,-2.66574764251709,-1.8394238948822021,0.9553073644638062
1773049070,636056970,world,cf231_leg,-2.6622672080993652,-1.8466005325317383,0.9409961700439453
1773049070,639964118,world,cf231,-2.665872097015381,-1.8395084142684937,0.9552432298660278
1773049070,639964118,world,cf231_leg,-2.662358045578003,-1.8466625213623047,0.9410114288330078
1773049070,646849059,world,cf231,-2.666032314300537,-1.8396852016448975,0.9553251266479492
1773049070,646849059,world,cf231_leg,-2.662388801574707,-1.8466852903366089,0.9409457445144653
1773049070,650015247,world,cf231,-2.6660783290863037,-1.8397060632705688,0.9553102254867554
1773049070,650015247,world,cf231_leg,-2.6624574661254883,-1.8466894626617432,0.9410170316696167
1773049070,657251203,world,cf231,-2.6661930084228516,-1.8397151231765747,0.9552919864654541
1773049070,657251203,world,cf231_leg,-2.662477970123291,-1.8465986251831055,0.9408360719680786
1773049070,659912875,world,cf231,-2.6662492752075195,-1.8396849632263184,0.9551664590835571
1773049070,659912875,world,cf231_leg,-2.6625680923461914,-1.846657395362854,0.9408383369445801
1773049070,665665983,world,cf231,-2.6664669513702393,-1.8398455381393433,0.95518958568573
1773049070,665665983,world,cf231_leg,-2.662590742111206,-1.8466014862060547,0.9407694339752197
1773049070,670183776,world,cf231,-2.6665358543395996,-1.8398101329803467,0.9551181793212891
1773049070,670183776,world,cf231_leg,-2.6627073287963867,-1.8466458320617676,0.9408397674560547
1773049070,675222957,world,cf231,-2.6666598320007324,-1.8400115966796875,0.9550662040710449
1773049070,675222957,world,cf231_leg,-2.6626343727111816,-1.8466166257858276,0.9407385587692261
1773049070,679919346,world,cf231,-2.666785955429077,-1.8401069641113281,0.9550509452819824
1773049070,679919346,world,cf231_leg,-2.6627683639526367,-1.8466986417770386,0.9407538175582886
1773049070,685268394,world,cf231,-2.6668524742126465,-1.840032696723938,0.9548486471176147
1773049070,685268394,world,cf231_leg,-2.662777900695801,-1.8465405702590942,0.9406687021255493
1773049070,690055595,world,cf231,-2.6671159267425537,-1.8403581380844116,0.954953670501709
1773049070,690055595,world,cf231_leg,-2.662745237350464,-1.8465946912765503,0.9406192302703857
1773049070,694848118,world,cf231,-2.6671841144561768,-1.840315580368042,0.954849362373352
1773049070,694848118,world,cf231_leg,-2.6629133224487305,-1.8466110229492188,0.9406064748764038
1773049070,699935522,world,cf231,-2.6672983169555664,-1.8404444456100464,0.9548611640930176
1773049070,699935522,world,cf231_leg,-2.662935256958008,-1.8465620279312134,0.9405838251113892
1773049070,705011597,world,cf231,-2.6673080921173096,-1.8405169248580933,0.9547972679138184
1773049070,705011597,world,cf231_leg,-2.663069486618042,-1.8466389179229736,0.9405691623687744
1773049070,710055944,world,cf231,-2.667445659637451,-1.840596318244934,0.9547866582870483
1773049070,710055944,world,cf231_leg,-2.6630899906158447,-1.8465906381607056,0.9405664205551147
1773049070,715131965,world,cf231,-2.6675710678100586,-1.8406912088394165,0.95477294921875
1773049070,715131965,world,cf231_leg,-2.6630780696868896,-1.8464823961257935,0.9405020475387573
1773049070,719927535,world,cf231,-2.6676738262176514,-1.8407095670700073,0.9547154903411865
1773049070,719927535,world,cf231_leg,-2.6632015705108643,-1.8466070890426636,0.9405936002731323
1773049070,726254599,world,cf231,-2.6678457260131836,-1.840849757194519,0.9547520875930786
1773049070,726254599,world,cf231_leg,-2.663292407989502,-1.8465497493743896,0.9405676126480103
1773049070,729964675,world,cf231,-2.6677308082580566,-1.840837001800537,0.9547543525695801
1773049070,729964675,world,cf231_leg,-2.6632893085479736,-1.8465138673782349,0.9404588937759399
1773049070,736578055,world,cf231,-2.667738914489746,-1.8408746719360352,0.9545750617980957
1773049070,736578055,world,cf231_leg,-2.6634013652801514,-1.8466471433639526,0.9405118227005005
1773049070,739930393,world,cf231,-2.6678543090820312,-1.8408873081207275,0.9545729160308838
1773049070,739930393,world,cf231_leg,-2.663422107696533,-1.846480131149292,0.9404665231704712
1773049070,744851275,world,cf231,-2.668095588684082,-1.8410230875015259,0.9546380043029785
1773049070,744851275,world,cf231_leg,-2.6634573936462402,-1.846532940864563,0.9404599666595459
1773049070,749851251,world,cf231,-2.6680490970611572,-1.8409744501113892,0.9545702934265137
1773049070,749851251,world,cf231_leg,-2.6636033058166504,-1.8466036319732666,0.9404985904693604
1773049070,758433125,world,cf231,-2.6679906845092773,-1.8409532308578491,0.9544937610626221
1773049070,758433125,world,cf231_leg,-2.663611650466919,-1.8464421033859253,0.9404020309448242
1773049070,759919158,world,cf231,-2.6681413650512695,-1.8410402536392212,0.9546070098876953
1773049070,759919158,world,cf231_leg,-2.6636464595794678,-1.8465018272399902,0.9404423236846924
1773049070,764835575,world,cf231,-2.6681747436523438,-1.8409367799758911,0.9544559717178345
1773049070,764835575,world,cf231_leg,-2.6637918949127197,-1.8465745449066162,0.9404970407485962
1773049070,771167781,world,cf231,-2.6683709621429443,-1.8410522937774658,0.9545342922210693
1773049070,771167781,world,cf231_leg,-2.6638147830963135,-1.8464070558547974,0.9404306411743164
1773049070,775024466,world,cf231,-2.6684162616729736,-1.841069221496582,0.9545037746429443
1773049070,775024466,world,cf231_leg,-2.663789987564087,-1.8464256525039673,0.9403729438781738
1773049070,779975705,world,cf231,-2.668405294418335,-1.8409656286239624,0.9544687271118164
1773049070,779975705,world,cf231_leg,-2.6640067100524902,-1.846533179283142,0.9405791759490967
1773049070,784939052,world,cf231,-2.668301820755005,-1.8409370183944702,0.9544751644134521
1773049070,784939052,world,cf231_leg,-2.664003610610962,-1.846380352973938,0.9404442310333252
1773049070,790013614,world,cf231,-2.6684749126434326,-1.840961217880249,0.954497218132019
1773049070,790013614,world,cf231_leg,-2.6640377044677734,-1.8464348316192627,0.9404555559158325
1773049070,796163730,world,cf231,-2.6685564517974854,-1.8409264087677002,0.9545164108276367
1773049070,796163730,world,cf231_leg,-2.664217948913574,-1.8464479446411133,0.9405088424682617
1773049070,800106553,world,cf231,-2.6686036586761475,-1.840855360031128,0.9545532464981079
1773049070,800106553,world,cf231_leg,-2.6641933917999268,-1.846349835395813,0.9404245615005493
1773049070,804909874,world,cf231,-2.6686594486236572,-1.8408185243606567,0.9543941020965576
1773049070,804909874,world,cf231_leg,-2.6642837524414062,-1.8464142084121704,0.940455436706543
1773049070,811209728,world,cf231,-2.668661117553711,-1.8407092094421387,0.9544137716293335
1773049070,811209728,world,cf231_leg,-2.664396286010742,-1.8464289903640747,0.9404647350311279
1773049070,814884334,world,cf231,-2.6687309741973877,-1.8407081365585327,0.9544593095779419
1773049070,814884334,world,cf231_leg,-2.6643049716949463,-1.8462473154067993,0.9404094219207764
1773049070,821106480,world,cf231,-2.668811321258545,-1.8406598567962646,0.9544103145599365
1773049070,821106480,world,cf231_leg,-2.6643970012664795,-1.846226692199707,0.9405127763748169
1773049070,824889253,world,cf231,-2.6689507961273193,-1.8406332731246948,0.9544366598129272
1773049070,824889253,world,cf231_leg,-2.6645314693450928,-1.8463138341903687,0.9405567646026611
1773049070,830329114,world,cf231,-2.6689980030059814,-1.8405622243881226,0.954473614692688
1773049070,830329114,world,cf231_leg,-2.6645402908325195,-1.8461477756500244,0.9404292106628418
1773049070,834892585,world,cf231,-2.6689748764038086,-1.8404643535614014,0.9543832540512085
1773049070,834892585,world,cf231_leg,-2.664597272872925,-1.8462752103805542,0.9404728412628174
1773049070,839820821,world,cf231,-2.669114589691162,-1.8404622077941895,0.9544745683670044
1773049070,839820821,world,cf231_leg,-2.66463303565979,-1.846132755279541,0.9405604600906372
1773049070,844850798,world,cf231,-2.6692583560943604,-1.8402903079986572,0.9547357559204102
1773049070,844850798,world,cf231_leg,-2.664698839187622,-1.8461015224456787,0.9405213594436646
1773049070,849930934,world,cf231,-2.6692888736724854,-1.8402438163757324,0.9544180631637573
1773049070,849930934,world,cf231_leg,-2.664698600769043,-1.8460988998413086,0.9405068159103394
1773049070,856531545,world,cf231,-2.6695497035980225,-1.8401535749435425,0.954910159111023
1773049070,856531545,world,cf231_leg,-2.664776086807251,-1.8460537195205688,0.9404774904251099
1773049070,859876436,world,cf231,-2.669562578201294,-1.8400005102157593,0.9548522233963013
1773049070,859876436,world,cf231_leg,-2.664846897125244,-1.8459737300872803,0.940618634223938
1773049070,865043134,world,cf231,-2.669738531112671,-1.8400769233703613,0.9550734758377075
1773049070,865043134,world,cf231_leg,-2.6648449897766113,-1.8460532426834106,0.9405179023742676
1773049070,869906584,world,cf231,-2.6696455478668213,-1.8398773670196533,0.9549400806427002
1773049070,869906584,world,cf231_leg,-2.664921998977661,-1.8460127115249634,0.9405190944671631
1773049070,874963757,world,cf231,-2.669773817062378,-1.839843511581421,0.9548933506011963
1773049070,874963757,world,cf231_leg,-2.664989948272705,-1.8458970785140991,0.9405511617660522
1773049070,879928986,world,cf231,-2.66990327835083,-1.8397654294967651,0.9550319910049438
1773049070,879928986,world,cf231_leg,-2.66503643989563,-1.845948338508606,0.9406286478042603
1773049070,884916155,world,cf231,-2.6699044704437256,-1.8396493196487427,0.9550180435180664
1773049070,884916155,world,cf231_leg,-2.6650357246398926,-1.845831036567688,0.9406039714813232
1773049070,889996765,world,cf231,-2.6699059009552,-1.8395367860794067,0.9550204277038574
1773049070,889996765,world,cf231_leg,-2.665046215057373,-1.8457881212234497,0.940528392791748
1773049070,894824708,world,cf231,-2.6699652671813965,-1.8394324779510498,0.9550299644470215
1773049070,894824708,world,cf231_leg,-2.6650900840759277,-1.8458009958267212,0.9404819011688232
1773049070,899743586,world,cf231,-2.670048236846924,-1.8392786979675293,0.9550169706344604
1773049070,899743586,world,cf231_leg,-2.665113925933838,-1.8457863330841064,0.9405728578567505
1773049070,904959922,world,cf231,-2.6701862812042236,-1.8392384052276611,0.9549757242202759
1773049070,904959922,world,cf231_leg,-2.665203809738159,-1.845735788345337,0.9405938386917114
1773049070,909847708,world,cf231,-2.670177459716797,-1.839019536972046,0.9549242258071899
1773049070,909847708,world,cf231_leg,-2.6652045249938965,-1.8457341194152832,0.9405767917633057
1773049070,915203326,world,cf231,-2.6702206134796143,-1.838922142982483,0.9548496007919312
1773049070,915203326,world,cf231_leg,-2.665247917175293,-1.8456422090530396,0.940579891204834
1773049070,921240446,world,cf231,-2.670325756072998,-1.8388621807098389,0.9549119472503662
1773049070,921240446,world,cf231_leg,-2.6652722358703613,-1.8456207513809204,0.9406242370605469
1773049070,924896928,world,cf231,-2.670349597930908,-1.8386896848678589,0.9548419713973999
1773049070,924896928,world,cf231_leg,-2.6652824878692627,-1.845579981803894,0.9405642747879028
1773049070,930187871,world,cf231,-2.670501470565796,-1.8386545181274414,0.9549051523208618
1773049070,930187871,world,cf231_leg,-2.6653385162353516,-1.8455873727798462,0.9405691623687744
1773049070,938979732,world,cf231,-2.6706531047821045,-1.8386160135269165,0.9549515247344971
1773049070,938979732,world,cf231_leg,-2.665372133255005,-1.845526933670044,0.9405707120895386
1773049070,939813504,world,cf231,-2.6707332134246826,-1.8385672569274902,0.9549040794372559
1773049070,939813504,world,cf231_leg,-2.6654186248779297,-1.8455777168273926,0.9406496286392212
1773049070,944803836,world,cf231,-2.670689105987549,-1.838437557220459,0.9549373388290405
1773049070,944803836,world,cf231_leg,-2.665440797805786,-1.8455263376235962,0.9406118392944336
1773049070,953291176,world,cf231,-2.6708521842956543,-1.838386058807373,0.9550062417984009
1773049070,953291176,world,cf231_leg,-2.665372371673584,-1.8454179763793945,0.9405879974365234
1773049070,954905778,world,cf231,-2.6708858013153076,-1.8382856845855713,0.9548734426498413
1773049070,954905778,world,cf231_leg,-2.6653947830200195,-1.84536874294281,0.940565824508667
1773049070,959834247,world,cf231,-2.6709585189819336,-1.8380528688430786,0.9548896551132202
1773049070,959834247,world,cf231_leg,-2.665419578552246,-1.8453477621078491,0.9406083822250366
1773049070,969025505,world,cf231,-2.6710402965545654,-1.8380154371261597,0.9548903703689575
1773049070,969025505,world,cf231_leg,-2.665384292602539,-1.8452644348144531,0.9405122995376587
1773049070,970016851,world,cf231,-2.6710071563720703,-1.8379652500152588,0.9548927545547485
1773049070,970016851,world,cf231_leg,-2.665452003479004,-1.8452630043029785,0.9405555725097656
1773049070,975035470,world,cf231,-2.6711807250976562,-1.837869644165039,0.9548848867416382
1773049070,975035470,world,cf231_leg,-2.6653733253479004,-1.845190167427063,0.9405627250671387
1773049070,981851686,world,cf231,-2.671238660812378,-1.837754487991333,0.9548453092575073
1773049070,981851686,world,cf231_leg,-2.665384531021118,-1.8451478481292725,0.9404851198196411
1773049070,985263376,world,cf231,-2.671389579772949,-1.8377087116241455,0.9548588991165161
1773049070,985263376,world,cf231_leg,-2.665396213531494,-1.8451366424560547,0.9405083656311035
1773049070,989871474,world,cf231,-2.67147159576416,-1.8377020359039307,0.9549598693847656
1773049070,989871474,world,cf231_leg,-2.665306329727173,-1.8450781106948853,0.9405051469802856
1773049070,998031969,world,cf231,-2.671368360519409,-1.8374985456466675,0.9547703266143799
1773049070,998031969,world,cf231_leg,-2.665297031402588,-1.8450030088424683,0.9405359029769897
1773049070,999822214,world,cf231,-2.6714160442352295,-1.8374309539794922,0.9548244476318359
1773049070,999822214,world,cf231_leg,-2.6653411388397217,-1.8449095487594604,0.9405213594436646
1773049071,10365404,world,cf231,-2.6715667247772217,-1.8373849391937256,0.9548386335372925
1773049071,10365404,world,cf231_leg,-2.665260076522827,-1.8449156284332275,0.9404290914535522
1773049071,11202925,world,cf231,-2.6716256141662598,-1.8372770547866821,0.954831600189209
1773049071,11202925,world,cf231_leg,-2.6652421951293945,-1.8447707891464233,0.9405190944671631
1773049071,14846153,world,cf231,-2.6716489791870117,-1.837227702140808,0.954809308052063
1773049071,14846153,world,cf231_leg,-2.665163040161133,-1.8448169231414795,0.9405683279037476
1773049071,23240487,world,cf231,-2.671605110168457,-1.8370978832244873,0.9548428058624268
1773049071,23240487,world,cf231_leg,-2.6651291847229004,-1.8447556495666504,0.9405108690261841
1773049071,24917251,world,cf231,-2.671537399291992,-1.8369899988174438,0.9548159837722778
1773049071,24917251,world,cf231_leg,-2.665095090866089,-1.8447015285491943,0.9404984712600708
1773049071,33226010,world,cf231,-2.6716761589050293,-1.8369808197021484,0.9548741579055786
1773049071,33226010,world,cf231_leg,-2.665095329284668,-1.8446967601776123,0.9404680728912354
1773049071,36043637,world,cf231,-2.671644449234009,-1.836817741394043,0.9548802375793457
1773049071,36043637,world,cf231_leg,-2.6650853157043457,-1.8447450399398804,0.9405723810195923
1773049071,40069864,world,cf231,-2.671736240386963,-1.8368834257125854,0.9549176692962646
1773049071,40069864,world,cf231_leg,-2.6650161743164062,-1.8446285724639893,0.940505862236023
1773049071,46101168,world,cf231,-2.671680212020874,-1.8367626667022705,0.9549130201339722
1773049071,46101168,world,cf231_leg,-2.664994478225708,-1.8446780443191528,0.9405272006988525
1773049071,50112392,world,cf231,-2.6716725826263428,-1.8367112874984741,0.955077052116394
1773049071,50112392,world,cf231_leg,-2.664907693862915,-1.8445359468460083,0.9405916929244995
1773049071,59261918,world,cf231,-2.671635627746582,-1.8366292715072632,0.9549301862716675
1773049071,59261918,world,cf231_leg,-2.664851427078247,-1.8445261716842651,0.940571665763855
1773049071,59893004,world,cf231,-2.671663999557495,-1.8365228176116943,0.9551267623901367
1773049071,59893004,world,cf231_leg,-2.664795398712158,-1.8445215225219727,0.9405813217163086
1773049071,67143094,world,cf231,-2.6716175079345703,-1.8364709615707397,0.955041766166687
1773049071,67143094,world,cf231_leg,-2.6646831035614014,-1.844514012336731,0.9406166076660156
1773049071,69857041,world,cf231,-2.671504259109497,-1.8363491296768188,0.9550634622573853
1773049071,69857041,world,cf231_leg,-2.664620876312256,-1.8444628715515137,0.9407203197479248
1773049071,76388264,world,cf231,-2.671504020690918,-1.8363457918167114,0.9550461769104004
1773049071,76388264,world,cf231_leg,-2.6645495891571045,-1.844544529914856,0.9405959844589233
1773049071,79942744,world,cf231,-2.6714024543762207,-1.836211085319519,0.955089807510376
1773049071,79942744,world,cf231_leg,-2.6644957065582275,-1.8444584608078003,0.9406896829605103
1773049071,87057155,world,cf231,-2.6713006496429443,-1.8360698223114014,0.9550988674163818
1773049071,87057155,world,cf231_leg,-2.66434907913208,-1.8445035219192505,0.9406802654266357
1773049071,89900370,world,cf231,-2.671278715133667,-1.8360098600387573,0.9551416635513306
1773049071,89900370,world,cf231_leg,-2.6643826961517334,-1.8445597887039185,0.9407083988189697
1773049071,95246618,world,cf231,-2.6712775230407715,-1.8361259698867798,0.9551557302474976
1773049071,95246618,world,cf231_leg,-2.664214611053467,-1.844423532485962,0.9406813383102417
1773049071,99910025,world,cf231,-2.6710944175720215,-1.836029052734375,0.9551976919174194
1773049071,99910025,world,cf231_leg,-2.664170742034912,-1.8445276021957397,0.9407540559768677
1773049071,105015505,world,cf231,-2.670865297317505,-1.8358839750289917,0.9551706314086914
1773049071,105015505,world,cf231_leg,-2.664073944091797,-1.8444215059280396,0.9408481121063232
1773049071,109872008,world,cf231,-2.670797824859619,-1.8358038663864136,0.9552261829376221
1773049071,109872008,world,cf231_leg,-2.6639833450317383,-1.8443572521209717,0.9408169984817505
1773049071,114783547,world,cf231,-2.670762300491333,-1.8358622789382935,0.9552104473114014
1773049071,114783547,world,cf231_leg,-2.6639370918273926,-1.8445401191711426,0.9407901763916016
1773049071,119888594,world,cf231,-2.670671224594116,-1.8358311653137207,0.9552894830703735
1773049071,119888594,world,cf231_leg,-2.663917064666748,-1.8445124626159668,0.9409281015396118
1773049071,124894065,world,cf231,-2.6704204082489014,-1.8356472253799438,0.9553532600402832
1773049071,124894065,world,cf231_leg,-2.6637051105499268,-1.8444727659225464,0.9409291744232178
1773049071,130371840,world,cf231,-2.670175552368164,-1.8357155323028564,0.9552342891693115
1773049071,130371840,world,cf231_leg,-2.663682460784912,-1.8445217609405518,0.9409520626068115
1773049071,135012755,world,cf231,-2.670121192932129,-1.8356540203094482,0.955410361289978
1773049071,135012755,world,cf231_leg,-2.6635630130767822,-1.844552993774414,0.9410086870193481
1773049071,139977629,world,cf231,-2.669947862625122,-1.8356297016143799,0.9553881883621216
1773049071,139977629,world,cf231_leg,-2.6634020805358887,-1.8444926738739014,0.9409710168838501
1773049071,144732925,world,cf231,-2.6696951389312744,-1.8355342149734497,0.9553834199905396
1773049071,144732925,world,cf231_leg,-2.6633260250091553,-1.8444175720214844,0.9409397840499878
1773049071,149879173,world,cf231,-2.6695220470428467,-1.8355131149291992,0.9553787708282471
1773049071,149879173,world,cf231_leg,-2.6632468700408936,-1.8445826768875122,0.9410313367843628
1773049071,154864402,world,cf231,-2.6691648960113525,-1.8355053663253784,0.9553934335708618
1773049071,154864402,world,cf231_leg,-2.6631124019622803,-1.844614863395691,0.9410285949707031
1773049071,160029222,world,cf231,-2.669060230255127,-1.8355995416641235,0.9554482698440552
1773049071,160029222,world,cf231_leg,-2.6630239486694336,-1.8445550203323364,0.941006064414978
1773049071,165194869,world,cf231,-2.66884183883667,-1.8355646133422852,0.955491304397583
1773049071,165194869,world,cf231_leg,-2.6627557277679443,-1.8446420431137085,0.941132664680481
1773049071,169925229,world,cf231,-2.668771982192993,-1.8357133865356445,0.9555577039718628
1773049071,169925229,world,cf231_leg,-2.6626980304718018,-1.8446404933929443,0.941177487373352
1773049071,174891532,world,cf231,-2.668494462966919,-1.8356356620788574,0.9554774761199951
1773049071,174891532,world,cf231_leg,-2.6625330448150635,-1.8446024656295776,0.9410316944122314
1773049071,179824609,world,cf231,-2.6681947708129883,-1.8356422185897827,0.9555351734161377
1773049071,179824609,world,cf231_leg,-2.6623520851135254,-1.8446409702301025,0.9412187337875366
1773049071,185017044,world,cf231,-2.667832851409912,-1.8356590270996094,0.9552867412567139
1773049071,185017044,world,cf231_leg,-2.6623525619506836,-1.844758152961731,0.9412436485290527
1773049071,189901578,world,cf231,-2.667681932449341,-1.835849642753601,0.9553674459457397
1773049071,189901578,world,cf231_leg,-2.662165403366089,-1.8446552753448486,0.941108226776123
1773049071,194803251,world,cf231,-2.667623281478882,-1.8359578847885132,0.9553734064102173
1773049071,194803251,world,cf231_leg,-2.662006378173828,-1.8447681665420532,0.9413455724716187
1773049071,199811364,world,cf231,-2.6674044132232666,-1.8360460996627808,0.9554640054702759
1773049071,199811364,world,cf231_leg,-2.6619255542755127,-1.8448123931884766,0.9414006471633911
1773049071,204901479,world,cf231,-2.6670944690704346,-1.8359737396240234,0.9555511474609375
1773049071,204901479,world,cf231_leg,-2.661712408065796,-1.8447716236114502,0.9414049386978149
1773049071,210008968,world,cf231,-2.6668949127197266,-1.8362101316452026,0.9555319547653198
1773049071,210008968,world,cf231_leg,-2.6615114212036133,-1.8448140621185303,0.9413985013961792
1773049071,214831913,world,cf231,-2.6666207313537598,-1.8361966609954834,0.9556452035903931
1773049071,214831913,world,cf231_leg,-2.661350965499878,-1.8448686599731445,0.9413712024688721
1773049071,219835346,world,cf231,-2.666480779647827,-1.8363616466522217,0.9557557106018066
1773049071,219835346,world,cf231_leg,-2.661275625228882,-1.8449558019638062,0.9415585994720459
1773049071,224915127,world,cf231,-2.6661219596862793,-1.836319088935852,0.9556552171707153
1773049071,224915127,world,cf231_leg,-2.661072254180908,-1.844990849494934,0.9415302276611328
1773049071,229837325,world,cf231,-2.666006088256836,-1.8365737199783325,0.9558007717132568
1773049071,229837325,world,cf231_leg,-2.660984992980957,-1.8450746536254883,0.9416038990020752
1773049071,234842120,world,cf231,-2.6656219959259033,-1.836554765701294,0.9556611776351929
1773049071,234842120,world,cf231_leg,-2.6607606410980225,-1.8450506925582886,0.9416126012802124
1773049071,240025932,world,cf231,-2.665482997894287,-1.836714744567871,0.9557331800460815
1773049071,240025932,world,cf231_leg,-2.6606597900390625,-1.8450320959091187,0.9416714906692505
1773049071,245467780,world,cf231,-2.665273427963257,-1.8368721008300781,0.9557433128356934
1773049071,245467780,world,cf231_leg,-2.6605477333068848,-1.8451416492462158,0.9417325258255005
1773049071,249848462,world,cf231,-2.6649951934814453,-1.8369383811950684,0.9557598829269409
1773049071,249848462,world,cf231_leg,-2.66030216217041,-1.845172643661499,0.9417911767959595
1773049071,256174650,world,cf231,-2.6648201942443848,-1.8371533155441284,0.9557995796203613
1773049071,256174650,world,cf231_leg,-2.660236120223999,-1.8452037572860718,0.9418305158615112
1773049071,259785271,world,cf231,-2.6644508838653564,-1.8371645212173462,0.9558285474777222
1773049071,259785271,world,cf231_leg,-2.6600120067596436,-1.8451751470565796,0.9418084621429443
1773049071,265059735,world,cf231,-2.664243221282959,-1.8373569250106812,0.9559537172317505
1773049071,265059735,world,cf231_leg,-2.65989089012146,-1.845321774482727,0.9418960809707642
1773049071,269889156,world,cf231,-2.6641721725463867,-1.8376249074935913,0.9560532569885254
1773049071,269889156,world,cf231_leg,-2.6596667766571045,-1.8453004360198975,0.9419189691543579
1773049071,274734432,world,cf231,-2.664010763168335,-1.837714672088623,0.9561170339584351
1773049071,274734432,world,cf231_leg,-2.6595094203948975,-1.8453508615493774,0.9418367147445679
1773049071,279937094,world,cf231,-2.663572072982788,-1.837730884552002,0.9561159610748291
1773049071,279937094,world,cf231_leg,-2.659421443939209,-1.8454387187957764,0.9419430494308472
1773049071,284840673,world,cf231,-2.6632351875305176,-1.83775794506073,0.9560256004333496
1773049071,284840673,world,cf231_leg,-2.6591968536376953,-1.845412254333496,0.9419370889663696
1773049071,289833498,world,cf231,-2.6629719734191895,-1.837960124015808,0.9562259912490845
1773049071,289833498,world,cf231_leg,-2.659060478210449,-1.8455262184143066,0.941848874092102
1773049071,295044132,world,cf231,-2.66284441947937,-1.8380799293518066,0.9562364816665649
1773049071,295044132,world,cf231_leg,-2.6589415073394775,-1.8455885648727417,0.9420070648193359
1773049071,300061021,world,cf231,-2.6626579761505127,-1.8382081985473633,0.9562743902206421
1773049071,300061021,world,cf231_leg,-2.658785820007324,-1.8455662727355957,0.9420722723007202
1773049071,305396147,world,cf231,-2.662447690963745,-1.838355541229248,0.9562336206436157
1773049071,305396147,world,cf231_leg,-2.6586620807647705,-1.8456676006317139,0.9419898986816406
1773049071,310154395,world,cf231,-2.6621458530426025,-1.8384438753128052,0.956189751625061
1773049071,310154395,world,cf231_leg,-2.6584620475769043,-1.8457438945770264,0.9420996904373169
1773049071,315250211,world,cf231,-2.661926507949829,-1.838529109954834,0.9562634229660034
1773049071,315250211,world,cf231_leg,-2.6583032608032227,-1.8457998037338257,0.9420680999755859
1773049071,320017577,world,cf231,-2.6617062091827393,-1.8386037349700928,0.9562867879867554
1773049071,320017577,world,cf231_leg,-2.658263683319092,-1.845930814743042,0.9421875476837158
1773049071,325113355,world,cf231,-2.661555290222168,-1.838787317276001,0.9563349485397339
1773049071,325113355,world,cf231_leg,-2.6580822467803955,-1.845921516418457,0.9421666860580444
1773049071,330070599,world,cf231,-2.6613123416900635,-1.8387709856033325,0.9563010931015015
1773049071,330070599,world,cf231_leg,-2.6579041481018066,-1.8459434509277344,0.9422249794006348
1773049071,335180917,world,cf231,-2.661102533340454,-1.8389250040054321,0.9562944173812866
1773049071,335180917,world,cf231_leg,-2.6578614711761475,-1.8460456132888794,0.942280650138855
1773049071,340224990,world,cf231,-2.660731792449951,-1.8390395641326904,0.9562689065933228
1773049071,340224990,world,cf231_leg,-2.657715320587158,-1.8460891246795654,0.9422541856765747
1773049071,345890124,world,cf231,-2.660513162612915,-1.8390049934387207,0.9563113451004028
1773049071,345890124,world,cf231_leg,-2.657559871673584,-1.8461765050888062,0.9423003196716309
1773049071,350070550,world,cf231,-2.6603622436523438,-1.8391953706741333,0.9563940763473511
1773049071,350070550,world,cf231_leg,-2.6574251651763916,-1.8462133407592773,0.9423284530639648
1773049071,355175709,world,cf231,-2.6601762771606445,-1.8393031358718872,0.9563822746276855
1773049071,355175709,world,cf231_leg,-2.6573359966278076,-1.8462599515914917,0.9422750473022461
1773049071,360017949,world,cf231,-2.660036563873291,-1.8394529819488525,0.9564039707183838
1773049071,360017949,world,cf231_leg,-2.657168388366699,-1.8463603258132935,0.9423143863677979
1773049071,365234168,world,cf231,-2.6596899032592773,-1.839408040046692,0.9563764333724976
1773049071,365234168,world,cf231_leg,-2.657060146331787,-1.846494436264038,0.9424079656600952
1773049071,370006251,world,cf231,-2.6595499515533447,-1.8395609855651855,0.9564162492752075
1773049071,370006251,world,cf231_leg,-2.6568799018859863,-1.8464813232421875,0.9423544406890869
1773049071,375147628,world,cf231,-2.659423589706421,-1.8397088050842285,0.9565093517303467
1773049071,375147628,world,cf231_leg,-2.6569056510925293,-1.8466920852661133,0.9424339532852173
1773049071,380238572,world,cf231,-2.659271717071533,-1.8397475481033325,0.9564634561538696
1773049071,380238572,world,cf231_leg,-2.6567723751068115,-1.8467351198196411,0.9424883127212524
1773049071,385134872,world,cf231,-2.6591336727142334,-1.8397880792617798,0.9565041065216064
1773049071,385134872,world,cf231_leg,-2.6566002368927,-1.8467934131622314,0.9423923492431641
1773049071,390171665,world,cf231,-2.658834218978882,-1.8397923707962036,0.9565435647964478
1773049071,390171665,world,cf231_leg,-2.6565864086151123,-1.8469117879867554,0.9423576593399048
1773049071,395092111,world,cf231,-2.658555746078491,-1.8398314714431763,0.9564766883850098
1773049071,395092111,world,cf231_leg,-2.6564314365386963,-1.8468904495239258,0.9424201250076294
1773049071,401036802,world,cf231,-2.658474922180176,-1.8400204181671143,0.9566061496734619
1773049071,401036802,world,cf231_leg,-2.656341791152954,-1.847053050994873,0.942395806312561
1773049071,404863781,world,cf231,-2.658230781555176,-1.840000033378601,0.9565571546554565
1773049071,404863781,world,cf231_leg,-2.656284809112549,-1.8471567630767822,0.9423909187316895
1773049071,410045594,world,cf231,-2.6579535007476807,-1.8399205207824707,0.9564559459686279
1773049071,410045594,world,cf231_leg,-2.6561951637268066,-1.847098708152771,0.9423853158950806
1773049071,415018737,world,cf231,-2.657757043838501,-1.8399522304534912,0.9564914703369141
1773049071,415018737,world,cf231_leg,-2.656059741973877,-1.847251057624817,0.9424442052841187
1773049071,419884331,world,cf231,-2.6575722694396973,-1.8399714231491089,0.9565489292144775
1773049071,419884331,world,cf231_leg,-2.6560845375061035,-1.8473491668701172,0.9425294399261475
1773049071,424964990,world,cf231,-2.657386064529419,-1.840103268623352,0.9566047191619873
1773049071,424964990,world,cf231_leg,-2.6558356285095215,-1.8473345041275024,0.9424192905426025
1773049071,429887402,world,cf231,-2.6571767330169678,-1.8401074409484863,0.9564645290374756
1773049071,429887402,world,cf231_leg,-2.6557700634002686,-1.8474823236465454,0.9424861669540405
1773049071,434830220,world,cf231,-2.6571314334869385,-1.8401206731796265,0.9565978050231934
1773049071,434830220,world,cf231_leg,-2.655768632888794,-1.84748375415802,0.9425044059753418
1773049071,439758430,world,cf231,-2.656954765319824,-1.8401806354522705,0.9564932584762573
1773049071,439758430,world,cf231_leg,-2.6556572914123535,-1.8475843667984009,0.9425036907196045
1773049071,444894024,world,cf231,-2.6567821502685547,-1.840160608291626,0.9564858675003052
1773049071,444894024,world,cf231_leg,-2.6555888652801514,-1.8476991653442383,0.9424750804901123
1773049071,449903454,world,cf231,-2.6567022800445557,-1.8402396440505981,0.9566365480422974
1773049071,449903454,world,cf231_leg,-2.6555657386779785,-1.8477449417114258,0.9424856901168823
1773049071,455020854,world,cf231,-2.6565499305725098,-1.8402811288833618,0.9566091299057007
1773049071,455020854,world,cf231_leg,-2.655397891998291,-1.8478378057479858,0.9424816370010376
1773049071,461145289,world,cf231,-2.656606435775757,-1.840404748916626,0.9566329717636108
1773049071,461145289,world,cf231_leg,-2.6554791927337646,-1.8479456901550293,0.9425865411758423
1773049071,464872216,world,cf231,-2.656526803970337,-1.8404537439346313,0.9566800594329834
1773049071,464872216,world,cf231_leg,-2.6553761959075928,-1.8478922843933105,0.9425326585769653
1773049071,469871229,world,cf231,-2.656444787979126,-1.8404911756515503,0.956680417060852
1773049071,469871229,world,cf231_leg,-2.655287265777588,-1.8480603694915771,0.9425363540649414
1773049071,474829432,world,cf231,-2.6563642024993896,-1.8405365943908691,0.9567116498947144
1773049071,474829432,world,cf231_leg,-2.65525221824646,-1.8480006456375122,0.9424965381622314
1773049071,479732134,world,cf231,-2.6561214923858643,-1.8403974771499634,0.9566287994384766
1773049071,479732134,world,cf231_leg,-2.655142307281494,-1.848100185394287,0.9424768686294556
1773049071,484934853,world,cf231,-2.6561200618743896,-1.8405098915100098,0.956627607345581
1773049071,484934853,world,cf231_leg,-2.6551425457000732,-1.8482192754745483,0.9425190687179565
1773049071,489812041,world,cf231,-2.656132459640503,-1.8406213521957397,0.9566950798034668
1773049071,489812041,world,cf231_leg,-2.6550867557525635,-1.848212480545044,0.9425122737884521
1773049071,494845999,world,cf231,-2.65606427192688,-1.8406541347503662,0.9567478895187378
1773049071,494845999,world,cf231_leg,-2.6549971103668213,-1.8482584953308105,0.9424610137939453
1773049071,499837712,world,cf231,-2.656005382537842,-1.840765357017517,0.9567728042602539
1773049071,499837712,world,cf231_leg,-2.654999256134033,-1.8484911918640137,0.9424949884414673
1773049071,504837830,world,cf231,-2.6559250354766846,-1.840810775756836,0.9568039178848267
1773049071,504837830,world,cf231_leg,-2.6550333499908447,-1.8485527038574219,0.942551851272583
1773049071,509977654,world,cf231,-2.655961036682129,-1.8408632278442383,0.9567955732345581
1773049071,509977654,world,cf231_leg,-2.6549785137176514,-1.8486582040786743,0.942541241645813
1773049071,515007272,world,cf231,-2.655996322631836,-1.8409278392791748,0.9568588733673096
1773049071,515007272,world,cf231_leg,-2.654991388320923,-1.8487695455551147,0.9426189661026001
1773049071,519921280,world,cf231,-2.6559035778045654,-1.840978980064392,0.9568345546722412
1773049071,519921280,world,cf231_leg,-2.6549789905548096,-1.848775029182434,0.9425677061080933
1773049071,524888341,world,cf231,-2.65590238571167,-1.841094970703125,0.9568500518798828
1773049071,524888341,world,cf231_leg,-2.654970407485962,-1.8489335775375366,0.9426517486572266
1773049071,530300012,world,cf231,-2.655913829803467,-1.8412083387374878,0.9569380283355713
1773049071,530300012,world,cf231_leg,-2.654984474182129,-1.849036455154419,0.942665696144104
1773049071,534919519,world,cf231,-2.6559503078460693,-1.8412643671035767,0.9569460153579712
1773049071,534919519,world,cf231_leg,-2.6550705432891846,-1.8491965532302856,0.9427253007888794
1773049071,539774273,world,cf231,-2.656113624572754,-1.8414621353149414,0.9571279287338257
1773049071,539774273,world,cf231_leg,-2.655109167098999,-1.8492754697799683,0.9427686929702759
1773049071,545223738,world,cf231,-2.6561012268066406,-1.8414744138717651,0.9571071863174438
1773049071,545223738,world,cf231_leg,-2.6550867557525635,-1.8494528532028198,0.9428951740264893
1773049071,549838511,world,cf231,-2.656078577041626,-1.8415242433547974,0.9571291208267212
1773049071,549838511,world,cf231_leg,-2.6550867557525635,-1.8494504690170288,0.942880392074585
1773049071,554938440,world,cf231,-2.6561827659606934,-1.8417034149169922,0.95725417137146
1773049071,554938440,world,cf231_leg,-2.6550662517547607,-1.8496079444885254,0.9428662061691284
1773049071,560128887,world,cf231,-2.656275987625122,-1.8417664766311646,0.9572725296020508
1773049071,560128887,world,cf231_leg,-2.655087471008301,-1.8496814966201782,0.942919135093689
1773049071,564997227,world,cf231,-2.6564953327178955,-1.8419551849365234,0.9573776721954346
1773049071,564997227,world,cf231_leg,-2.6551566123962402,-1.849792718887329,0.9429569244384766
1773049071,569826418,world,cf231,-2.6566109657287598,-1.8420852422714233,0.95738685131073
1773049071,569826418,world,cf231_leg,-2.655250310897827,-1.8500086069107056,0.9431265592575073
1773049071,574902717,world,cf231,-2.656623125076294,-1.8420789241790771,0.957443356513977
1773049071,574902717,world,cf231_leg,-2.6552042961120605,-1.8500747680664062,0.943074107170105
1773049071,579793872,world,cf231,-2.656680107116699,-1.842203140258789,0.9574652910232544
1773049071,579793872,world,cf231_leg,-2.6552963256835938,-1.8501232862472534,0.9429967403411865
1773049071,586087542,world,cf231,-2.6567721366882324,-1.842265248298645,0.9574861526489258
1773049071,586087542,world,cf231_leg,-2.6552886962890625,-1.8502802848815918,0.9430627822875977
1773049071,589861078,world,cf231,-2.6570143699645996,-1.8424006700515747,0.9575526714324951
1773049071,589861078,world,cf231_leg,-2.655411958694458,-1.8504016399383545,0.9431416988372803
1773049071,594924161,world,cf231,-2.657119035720825,-1.8424540758132935,0.9576106071472168
1773049071,594924161,world,cf231_leg,-2.655468463897705,-1.8505204916000366,0.9431445598602295
1773049071,599947939,world,cf231,-2.657257080078125,-1.842653512954712,0.9576296806335449
1773049071,599947939,world,cf231_leg,-2.65551495552063,-1.8506876230239868,0.9432514905929565
1773049071,604896350,world,cf231,-2.6572225093841553,-1.8425991535186768,0.9576172828674316
1773049071,604896350,world,cf231_leg,-2.655550003051758,-1.8507375717163086,0.9432318210601807
1773049071,609959738,world,cf231,-2.657383680343628,-1.8427764177322388,0.9576983451843262
1773049071,609959738,world,cf231_leg,-2.655517339706421,-1.8507965803146362,0.9432125091552734
1773049071,615010955,world,cf231,-2.657532215118408,-1.8428325653076172,0.9576599597930908
1773049071,615010955,world,cf231_leg,-2.655686616897583,-1.8509631156921387,0.9433425664901733
1773049071,620086733,world,cf231,-2.6577765941619873,-1.8429887294769287,0.9578255414962769
1773049071,620086733,world,cf231_leg,-2.6557862758636475,-1.8510993719100952,0.943329930305481
1773049071,624836909,world,cf231,-2.6578457355499268,-1.8429714441299438,0.9577853679656982
1773049071,624836909,world,cf231_leg,-2.6557533740997314,-1.8511629104614258,0.9433412551879883
1773049071,629884706,world,cf231,-2.6579577922821045,-1.8432148694992065,0.9578167200088501
1773049071,629884706,world,cf231_leg,-2.655799627304077,-1.8512063026428223,0.9433760643005371
1773049071,635132066,world,cf231,-2.658085346221924,-1.8432215452194214,0.9578700065612793
1773049071,635132066,world,cf231_leg,-2.6558544635772705,-1.8513258695602417,0.9433987140655518
1773049071,639881520,world,cf231,-2.658329486846924,-1.8433622121810913,0.9579477310180664
1773049071,639881520,world,cf231_leg,-2.6558902263641357,-1.851497769355774,0.943434476852417
1773049071,645002495,world,cf231,-2.658442974090576,-1.843483567237854,0.9579281806945801
1773049071,645002495,world,cf231_leg,-2.6559364795684814,-1.8515504598617554,0.9435297250747681
1773049071,650072971,world,cf231,-2.6586742401123047,-1.8436627388000488,0.958072304725647
1773049071,650072971,world,cf231_leg,-2.656078815460205,-1.851701021194458,0.9434884786605835
1773049071,654795696,world,cf231,-2.6588220596313477,-1.8438208103179932,0.9580327272415161
1773049071,654795696,world,cf231_leg,-2.656161069869995,-1.8518023490905762,0.943545937538147
1773049071,659840598,world,cf231,-2.6588704586029053,-1.843753695487976,0.9580847024917603
1773049071,659840598,world,cf231_leg,-2.6561949253082275,-1.8518611192703247,0.9435886144638062
1773049071,664958314,world,cf231,-2.6589715480804443,-1.8438904285430908,0.9580621719360352
1773049071,664958314,world,cf231_leg,-2.656331777572632,-1.8520541191101074,0.9435794353485107
1773049071,669833625,world,cf231,-2.659250497817993,-1.8440918922424316,0.958186149597168
1773049071,669833625,world,cf231_leg,-2.6562752723693848,-1.8520466089248657,0.9435752630233765
1773049071,674807950,world,cf231,-2.6594443321228027,-1.8441745042800903,0.9581694602966309
1773049071,674807950,world,cf231_leg,-2.656467914581299,-1.852409839630127,0.9438091516494751
1773049071,679830148,world,cf231,-2.659628391265869,-1.8443049192428589,0.958246111869812
1773049071,679830148,world,cf231_leg,-2.6565709114074707,-1.8524634838104248,0.9438618421554565
1773049071,684830757,world,cf231,-2.659651041030884,-1.8443719148635864,0.958236575126648
1773049071,684830757,world,cf231_leg,-2.656616449356079,-1.8525846004486084,0.9437785148620605
1773049071,689855313,world,cf231,-2.659778594970703,-1.8444982767105103,0.9583206176757812
1773049071,689855313,world,cf231_leg,-2.6566734313964844,-1.8527114391326904,0.9438236951828003
1773049071,694923354,world,cf231,-2.6600563526153564,-1.8446896076202393,0.9583945274353027
1773049071,694923354,world,cf231_leg,-2.6567981243133545,-1.852829098701477,0.9438686370849609
1773049071,702171309,world,cf231,-2.66021728515625,-1.8447195291519165,0.9583606719970703
1773049071,702171309,world,cf231_leg,-2.6568546295166016,-1.8529481887817383,0.9438698291778564
1773049071,704769451,world,cf231,-2.6602742671966553,-1.8447295427322388,0.9583885669708252
1773049071,704769451,world,cf231_leg,-2.656991720199585,-1.8531789779663086,0.9440091848373413
1773049071,709926746,world,cf231,-2.6604368686676025,-1.8450249433517456,0.958477258682251
1773049071,709926746,world,cf231_leg,-2.6569674015045166,-1.8531932830810547,0.94391930103302
1773049071,715010140,world,cf231,-2.6605851650238037,-1.8450936079025269,0.9585087299346924
1773049071,715010140,world,cf231_leg,-2.657146453857422,-1.8535091876983643,0.9438661336898804
1773049071,719739603,world,cf231,-2.660724639892578,-1.845180869102478,0.9585279226303101
1773049071,719739603,world,cf231_leg,-2.657217025756836,-1.8535453081130981,0.9440354108810425
1773049071,724799611,world,cf231,-2.6608967781066895,-1.8453208208084106,0.9585647583007812
1773049071,724799611,world,cf231_leg,-2.6572530269622803,-1.8537079095840454,0.9440101385116577
1773049071,729946633,world,cf231,-2.6611599922180176,-1.8456056118011475,0.9585163593292236
1773049071,729946633,world,cf231_leg,-2.6573753356933594,-1.8539117574691772,0.9440004825592041
1773049071,734914880,world,cf231,-2.6612284183502197,-1.8457199335098267,0.9585777521133423
1773049071,734914880,world,cf231_leg,-2.6574902534484863,-1.8539516925811768,0.9440616369247437
1773049071,740011185,world,cf231,-2.661435842514038,-1.8459209203720093,0.9586606025695801
1773049071,740011185,world,cf231_leg,-2.6575000286102295,-1.8541430234909058,0.9440584182739258
1773049071,744915577,world,cf231,-2.6616532802581787,-1.8460713624954224,0.9586316347122192
1773049071,744915577,world,cf231_leg,-2.657590866088867,-1.8543187379837036,0.9440869092941284
1773049071,749938662,world,cf231,-2.6618030071258545,-1.8462612628936768,0.9586893320083618
1773049071,749938662,world,cf231_leg,-2.6577491760253906,-1.8544971942901611,0.9441900253295898
1773049071,754771753,world,cf231,-2.6619622707366943,-1.8464034795761108,0.9586540460586548
1773049071,754771753,world,cf231_leg,-2.657829761505127,-1.8546017408370972,0.9442814588546753
1773049071,759838607,world,cf231,-2.6621336936950684,-1.8466626405715942,0.9587219953536987
1773049071,759838607,world,cf231_leg,-2.6579413414001465,-1.854726791381836,0.9442918300628662
1773049071,764863084,world,cf231,-2.662224769592285,-1.8468374013900757,0.9587396383285522
1773049071,764863084,world,cf231_leg,-2.657907485961914,-1.854784369468689,0.9442766904830933
1773049071,770488760,world,cf231,-2.662254810333252,-1.8470642566680908,0.9586009979248047
1773049071,770488760,world,cf231_leg,-2.658031463623047,-1.8549039363861084,0.9443379640579224
1773049071,775136039,world,cf231,-2.662461519241333,-1.8472580909729004,0.9586504697799683
1773049071,775136039,world,cf231_leg,-2.6581342220306396,-1.8550732135772705,0.9444193840026855
1773049071,779924952,world,cf231,-2.6627371311187744,-1.8475701808929443,0.958776593208313
1773049071,779924952,world,cf231_leg,-2.6581549644470215,-1.855131983757019,0.9443835020065308
1773049071,784976227,world,cf231,-2.6628739833831787,-1.8477685451507568,0.9587975740432739
1773049071,784976227,world,cf231_leg,-2.6581897735595703,-1.8551914691925049,0.9444233179092407
1773049071,790038192,world,cf231,-2.662954568862915,-1.8479936122894287,0.9589269161224365
1773049071,790038192,world,cf231_leg,-2.6582021713256836,-1.8552947044372559,0.9444584846496582
1773049071,794966803,world,cf231,-2.6629645824432373,-1.8480662107467651,0.9588631391525269
1773049071,794966803,world,cf231_leg,-2.658348560333252,-1.855481505393982,0.944523811340332
1773049071,799860297,world,cf231,-2.6631367206573486,-1.8482059240341187,0.9588994979858398
1773049071,799860297,world,cf231_leg,-2.6582701206207275,-1.8554120063781738,0.944543719291687
1773049071,804837365,world,cf231,-2.6633200645446777,-1.8484493494033813,0.9589712619781494
1773049071,804837365,world,cf231_leg,-2.6583831310272217,-1.8556498289108276,0.9445470571517944
1773049071,809975381,world,cf231,-2.6634912490844727,-1.84870183467865,0.9590049982070923
1773049071,809975381,world,cf231_leg,-2.6584413051605225,-1.855772852897644,0.9445592164993286
1773049071,815466779,world,cf231,-2.6635372638702393,-1.8488694429397583,0.9591041803359985
1773049071,815466779,world,cf231_leg,-2.6584765911102295,-1.855832576751709,0.9445980787277222
1773049071,820806392,world,cf231,-2.6635587215423584,-1.8490487337112427,0.9590930938720703
1773049071,820806392,world,cf231_leg,-2.658501148223877,-1.8559298515319824,0.944684624671936
1773049071,826452027,world,cf231,-2.6637423038482666,-1.8492921590805054,0.9591645002365112
1773049071,826452027,world,cf231_leg,-2.6585028171539307,-1.856040596961975,0.9446625709533691
1773049071,829938993,world,cf231,-2.663891315460205,-1.8494846820831299,0.959240198135376
1773049071,829938993,world,cf231_leg,-2.6586625576019287,-1.8562227487564087,0.9447758197784424
1773049071,836292026,world,cf231,-2.6639349460601807,-1.8496077060699463,0.9591729640960693
1773049071,836292026,world,cf231_leg,-2.6588001251220703,-1.8564515113830566,0.9448975324630737
1773049071,839936470,world,cf231,-2.6639692783355713,-1.8497843742370605,0.9592338800430298
1773049071,839936470,world,cf231_leg,-2.6588211059570312,-1.8566384315490723,0.9449636936187744
1773049071,847876920,world,cf231,-2.6640727519989014,-1.8499566316604614,0.9593234062194824
1773049071,847876920,world,cf231_leg,-2.6587436199188232,-1.8565646409988403,0.9449523687362671
1773049071,850094578,world,cf231,-2.6640021800994873,-1.850070595741272,0.9592750072479248
1773049071,850094578,world,cf231_leg,-2.6589035987854004,-1.856856107711792,0.9450479745864868
1773049071,855256242,world,cf231,-2.6642441749572754,-1.8503528833389282,0.9594529867172241
1773049071,855256242,world,cf231_leg,-2.658958673477173,-1.8568599224090576,0.9450404644012451
1773049071,859820772,world,cf231,-2.664276361465454,-1.8504916429519653,0.9593812227249146
1773049071,859820772,world,cf231_leg,-2.659008026123047,-1.8570197820663452,0.9450792074203491
1773049071,866249384,world,cf231,-2.6643099784851074,-1.8506649732589722,0.9594258069992065
1773049071,866249384,world,cf231_leg,-2.659088611602783,-1.8572404384613037,0.9451982975006104
1773049071,870019374,world,cf231,-2.6643455028533936,-1.8508728742599487,0.9595853090286255
1773049071,870019374,world,cf231_leg,-2.659067392349243,-1.8572971820831299,0.9452641010284424
1773049071,874785455,world,cf231,-2.6642751693725586,-1.8509901762008667,0.9595539569854736
1773049071,874785455,world,cf231_leg,-2.659123659133911,-1.857532024383545,0.9452942609786987
1773049071,879946310,world,cf231,-2.6643662452697754,-1.851168155670166,0.9595882892608643
1773049071,879946310,world,cf231_leg,-2.6592397689819336,-1.85768461227417,0.9453492164611816
1773049071,886316268,world,cf231,-2.664435386657715,-1.8512860536575317,0.9596655368804932
1773049071,886316268,world,cf231_leg,-2.659282684326172,-1.8577016592025757,0.9453346729278564
1773049071,890037409,world,cf231,-2.664376974105835,-1.8515169620513916,0.959720253944397
1773049071,890037409,world,cf231_leg,-2.6592531204223633,-1.8579070568084717,0.9454241991043091
1773049071,894847687,world,cf231,-2.6643779277801514,-1.851670742034912,0.9598671197891235
1773049071,894847687,world,cf231_leg,-2.6593213081359863,-1.8580195903778076,0.945479154586792
1773049071,900001336,world,cf231,-2.6642613410949707,-1.8517640829086304,0.9598338603973389
1773049071,900001336,world,cf231_leg,-2.6593196392059326,-1.8581318855285645,0.945496678352356
1773049071,904917491,world,cf231,-2.6643643379211426,-1.851908564567566,0.9598406553268433
1773049071,904917491,world,cf231_leg,-2.6592559814453125,-1.8581699132919312,0.9455602169036865
1773049071,910070722,world,cf231,-2.6642136573791504,-1.851951241493225,0.9598108530044556
1773049071,910070722,world,cf231_leg,-2.6593337059020996,-1.8582414388656616,0.9455562829971313
1773049071,915059187,world,cf231,-2.6642472743988037,-1.8521212339401245,0.9598381519317627
1773049071,915059187,world,cf231_leg,-2.6592557430267334,-1.8583968877792358,0.9455878734588623
1773049071,919926893,world,cf231,-2.664201021194458,-1.8522230386734009,0.9599014520645142
1773049071,919926893,world,cf231_leg,-2.6593918800354004,-1.8585078716278076,0.945685625076294
1773049071,924953774,world,cf231,-2.664120674133301,-1.85238778591156,0.9599635601043701
1773049071,924953774,world,cf231_leg,-2.6593563556671143,-1.8585615158081055,0.9456608295440674
1773049071,929963619,world,cf231,-2.6640737056732178,-1.8524796962738037,0.9599758386611938
1773049071,929963619,world,cf231_leg,-2.6592893600463867,-1.858680009841919,0.9456429481506348
1773049071,934944104,world,cf231,-2.664051055908203,-1.8525294065475464,0.9599975347518921
1773049071,934944104,world,cf231_leg,-2.659346580505371,-1.8587157726287842,0.9457340240478516
1773049071,940146540,world,cf231,-2.6642019748687744,-1.8527567386627197,0.9601879119873047
1773049071,940146540,world,cf231_leg,-2.6592445373535156,-1.8587794303894043,0.9457069635391235
1773049071,945023611,world,cf231,-2.664039373397827,-1.852805256843567,0.9601030349731445
1773049071,945023611,world,cf231_leg,-2.6592695713043213,-1.8588745594024658,0.945777416229248
1773049071,950240513,world,cf231,-2.6638662815093994,-1.8529011011123657,0.9601122140884399
1773049071,950240513,world,cf231_leg,-2.6591203212738037,-1.858886957168579,0.9456737041473389
1773049071,954938739,world,cf231,-2.663750648498535,-1.8528817892074585,0.9600812196731567
1773049071,954938739,world,cf231_leg,-2.6590912342071533,-1.85897696018219,0.9457335472106934
1773049071,959951184,world,cf231,-2.6637046337127686,-1.8529808521270752,0.9601262807846069
1773049071,959951184,world,cf231_leg,-2.659123182296753,-1.8590359687805176,0.9457969665527344
1773049071,965168066,world,cf231,-2.6637048721313477,-1.8531038761138916,0.9601733684539795
1773049071,965168066,world,cf231_leg,-2.659066915512085,-1.8590284585952759,0.9457933902740479
1773049071,969936412,world,cf231,-2.663681745529175,-1.8531500101089478,0.9601789712905884
1773049071,969936412,world,cf231_leg,-2.659017324447632,-1.8591665029525757,0.9458569288253784
1773049071,975013831,world,cf231,-2.6635775566101074,-1.8532408475875854,0.9602178335189819
1773049071,975013831,world,cf231_leg,-2.659047842025757,-1.859324336051941,0.945937991142273
1773049071,979967648,world,cf231,-2.6633477210998535,-1.8532094955444336,0.9601885080337524
1773049071,979967648,world,cf231_leg,-2.6590259075164795,-1.8593757152557373,0.9459758996963501
1773049071,984999732,world,cf231,-2.6633477210998535,-1.8533321619033813,0.9602364301681519
1773049071,984999732,world,cf231_leg,-2.6590192317962646,-1.8595306873321533,0.9460246562957764
1773049071,990020756,world,cf231,-2.6633362770080566,-1.853368878364563,0.960281252861023
1773049071,990020756,world,cf231_leg,-2.6590168476104736,-1.8596755266189575,0.946253776550293
1773049071,994973717,world,cf231,-2.663325786590576,-1.85352623462677,0.9603531360626221
1773049071,994973717,world,cf231_leg,-2.6589293479919434,-1.859647274017334,0.9463320970535278
1773049071,999993834,world,cf231,-2.663128137588501,-1.8535236120224,0.9602741003036499
1773049071,999993834,world,cf231_leg,-2.658928394317627,-1.8598359823226929,0.9462138414382935
1773049072,4933508,world,cf231,-2.663095474243164,-1.8536206483840942,0.9603896141052246
1773049072,4933508,world,cf231_leg,-2.6588308811187744,-1.8597921133041382,0.9460842609405518
1773049072,9929799,world,cf231,-2.6630606651306152,-1.853703260421753,0.9604408740997314
1773049072,9929799,world,cf231_leg,-2.6588289737701416,-1.8599348068237305,0.946297287940979
1773049072,14985222,world,cf231,-2.662992000579834,-1.8537087440490723,0.9604098796844482
1773049072,14985222,world,cf231_leg,-2.658846855163574,-1.8600541353225708,0.9463002681732178
1773049072,20439346,world,cf231,-2.6630265712738037,-1.8537691831588745,0.9604573249816895
1773049072,20439346,world,cf231_leg,-2.6588125228881836,-1.8601205348968506,0.9463472366333008
1773049072,24977903,world,cf231,-2.6628785133361816,-1.8538440465927124,0.9605242013931274
1773049072,24977903,world,cf231_leg,-2.6587157249450684,-1.8601289987564087,0.9464535713195801
1773049072,29996384,world,cf231,-2.6627159118652344,-1.853901982307434,0.9604917764663696
1773049072,29996384,world,cf231_leg,-2.6588196754455566,-1.8602993488311768,0.9465309381484985
1773049072,35016370,world,cf231,-2.6626133918762207,-1.8538777828216553,0.960513710975647
1773049072,35016370,world,cf231_leg,-2.6586127281188965,-1.8602654933929443,0.9462795257568359
1773049072,40348179,world,cf231,-2.6625216007232666,-1.853941798210144,0.9605588912963867
1773049072,40348179,world,cf231_leg,-2.6586086750030518,-1.8603812456130981,0.9465906620025635
1773049072,45232994,world,cf231,-2.6625912189483643,-1.8540538549423218,0.9605995416641235
1773049072,45232994,world,cf231_leg,-2.658552646636963,-1.8603743314743042,0.9465850591659546
1773049072,50268343,world,cf231,-2.6624975204467773,-1.8541038036346436,0.9605793952941895
1773049072,50268343,world,cf231_leg,-2.658522367477417,-1.860465407371521,0.9466638565063477
1773049072,54890326,world,cf231,-2.6623144149780273,-1.8541178703308105,0.9605995416641235
1773049072,54890326,world,cf231_leg,-2.658433437347412,-1.8606327772140503,0.9466694593429565
1773049072,59850288,world,cf231,-2.6621885299682617,-1.8541455268859863,0.9606636762619019
1773049072,59850288,world,cf231_leg,-2.6583776473999023,-1.8606303930282593,0.9466943740844727
1773049072,65075553,world,cf231,-2.6620752811431885,-1.8541347980499268,0.9606618881225586
1773049072,65075553,world,cf231_leg,-2.6583354473114014,-1.8607299327850342,0.9467353820800781
1773049072,69832435,world,cf231,-2.6620852947235107,-1.8542399406433105,0.9607186317443848
1773049072,69832435,world,cf231_leg,-2.6582233905792236,-1.8608293533325195,0.9467393159866333
1773049072,75145249,world,cf231,-2.661914110183716,-1.85410737991333,0.9607155323028564
1773049072,75145249,world,cf231_leg,-2.658290386199951,-1.860957384109497,0.946901798248291
1773049072,79963372,world,cf231,-2.661821126937866,-1.8541581630706787,0.9606930017471313
1773049072,79963372,world,cf231_leg,-2.6581385135650635,-1.8610306978225708,0.9468367099761963
1773049072,84779878,world,cf231,-2.6616740226745605,-1.8542433977127075,0.9608094692230225
1773049072,84779878,world,cf231_leg,-2.658026933670044,-1.8611327409744263,0.9468541145324707
1773049072,90081434,world,cf231,-2.661593437194824,-1.854282021522522,0.9608074426651001
1773049072,90081434,world,cf231_leg,-2.6579482555389404,-1.8610674142837524,0.946906566619873
1773049072,94837662,world,cf231,-2.6614651679992676,-1.8542773723602295,0.9607753753662109
1773049072,94837662,world,cf231_leg,-2.657872438430786,-1.8611066341400146,0.9468880891799927
1773049072,100084989,world,cf231,-2.6614327430725098,-1.8542613983154297,0.9608949422836304
1773049072,100084989,world,cf231_leg,-2.6577792167663574,-1.8612421751022339,0.9468177556991577
1773049072,104922489,world,cf231,-2.6613504886627197,-1.8542921543121338,0.9608621597290039
1773049072,104922489,world,cf231_leg,-2.657667875289917,-1.861233115196228,0.9468363523483276
1773049072,110024024,world,cf231,-2.661007881164551,-1.8542752265930176,0.9609701633453369
1773049072,110024024,world,cf231_leg,-2.657667398452759,-1.861464500427246,0.9468948841094971
1773049072,115060537,world,cf231,-2.660964012145996,-1.8542957305908203,0.9611347913742065
1773049072,115060537,world,cf231_leg,-2.6576366424560547,-1.861547827720642,0.9469306468963623
1773049072,119914932,world,cf231,-2.6608598232269287,-1.8542430400848389,0.9610763788223267
1773049072,119914932,world,cf231_leg,-2.6575253009796143,-1.8615367412567139,0.9469335079193115
1773049072,124921840,world,cf231,-2.6607909202575684,-1.8543914556503296,0.9611445665359497
1773049072,124921840,world,cf231_leg,-2.657503366470337,-1.8617039918899536,0.9470001459121704
1773049072,129941345,world,cf231,-2.6606884002685547,-1.8543670177459717,0.9611668586730957
1773049072,129941345,world,cf231_leg,-2.6574039459228516,-1.8616818189620972,0.947026252746582
1773049072,134931759,world,cf231,-2.6605851650238037,-1.8544707298278809,0.9612747430801392
1773049072,134931759,world,cf231_leg,-2.657245635986328,-1.861735463142395,0.9469811916351318
1773049072,140260903,world,cf231,-2.6604361534118652,-1.8544013500213623,0.9612463712692261
1773049072,140260903,world,cf231_leg,-2.6571924686431885,-1.8618866205215454,0.9471601247787476
1773049072,144839197,world,cf231,-2.66035532951355,-1.8544458150863647,0.9612802267074585
1773049072,144839197,world,cf231_leg,-2.6571249961853027,-1.861876368522644,0.9470424652099609
1773049072,150034254,world,cf231,-2.6602985858917236,-1.8544421195983887,0.9612877368927002
1773049072,150034254,world,cf231_leg,-2.65700364112854,-1.8619173765182495,0.9471811056137085
1773049072,154839606,world,cf231,-2.6601836681365967,-1.8544296026229858,0.9612904787063599
1773049072,154839606,world,cf231_leg,-2.6570065021514893,-1.8620591163635254,0.9472601413726807
1773049072,159889192,world,cf231,-2.660034418106079,-1.8545033931732178,0.9613604545593262
1773049072,159889192,world,cf231_leg,-2.6568477153778076,-1.8620012998580933,0.9472171068191528
1773049072,165086662,world,cf231,-2.6598856449127197,-1.8544375896453857,0.9613484144210815
1773049072,165086662,world,cf231_leg,-2.656770706176758,-1.8621526956558228,0.9472169876098633
1773049072,169812472,world,cf231,-2.659874439239502,-1.854600191116333,0.9614584445953369
1773049072,169812472,world,cf231_leg,-2.656635284423828,-1.8621653318405151,0.947190523147583
1773049072,174784106,world,cf231,-2.6597840785980225,-1.854546070098877,0.9614690542221069
1773049072,174784106,world,cf231_leg,-2.656569480895996,-1.8621989488601685,0.9472458362579346
1773049072,179971222,world,cf231,-2.659727096557617,-1.8546849489212036,0.9615767002105713
1773049072,179971222,world,cf231_leg,-2.656526803970337,-1.8622980117797852,0.9472887516021729
1773049072,185025016,world,cf231,-2.6595888137817383,-1.8547217845916748,0.9616024494171143
1773049072,185025016,world,cf231_leg,-2.656369686126709,-1.8623507022857666,0.9472243785858154
1773049072,189908622,world,cf231,-2.6594207286834717,-1.8547303676605225,0.9617269039154053
1773049072,189908622,world,cf231_leg,-2.656280279159546,-1.8623989820480347,0.947189211845398
1773049072,194924517,world,cf231,-2.6591994762420654,-1.8546446561813354,0.9615713357925415
1773049072,194924517,world,cf231_leg,-2.6562037467956543,-1.8625558614730835,0.9472167491912842
1773049072,200127484,world,cf231,-2.6590514183044434,-1.8547084331512451,0.9616408348083496
1773049072,200127484,world,cf231_leg,-2.6560802459716797,-1.8625530004501343,0.9471832513809204
1773049072,205020299,world,cf231,-2.658935785293579,-1.8547066450119019,0.9616426229476929
1773049072,205020299,world,cf231_leg,-2.656015396118164,-1.8625919818878174,0.9472661018371582
1773049072,210064879,world,cf231,-2.6588799953460693,-1.8548353910446167,0.9617491960525513
1773049072,210064879,world,cf231_leg,-2.655961513519287,-1.86281418800354,0.9472814798355103
1773049072,215138768,world,cf231,-2.6586265563964844,-1.8547340631484985,0.9617125988006592
1773049072,215138768,world,cf231_leg,-2.6558821201324463,-1.8628243207931519,0.947201132774353
1773049072,220011759,world,cf231,-2.6585116386413574,-1.8548412322998047,0.9617456197738647
1773049072,220011759,world,cf231_leg,-2.6558279991149902,-1.8630461692810059,0.9472178220748901
1773049072,225202728,world,cf231,-2.6584084033966064,-1.854816198348999,0.9617698192596436
1773049072,225202728,world,cf231_leg,-2.6557860374450684,-1.8631436824798584,0.9472432136535645
1773049072,229946540,world,cf231,-2.658304214477539,-1.8548797369003296,0.9617249965667725
1773049072,229946540,world,cf231_leg,-2.6557297706604004,-1.8631384372711182,0.9472551345825195
1773049072,235056320,world,cf231,-2.658212900161743,-1.8549649715423584,0.9618186950683594
1773049072,235056320,world,cf231_leg,-2.655611038208008,-1.8632789850234985,0.9472951889038086
1773049072,239925116,world,cf231,-2.6580052375793457,-1.8550001382827759,0.9617816209793091
1773049072,239925116,world,cf231_leg,-2.6554958820343018,-1.8633474111557007,0.9472200870513916
1773049072,244971587,world,cf231,-2.657819986343384,-1.8549858331680298,0.9617217779159546
1773049072,244971587,world,cf231_leg,-2.6554617881774902,-1.8634049892425537,0.9472055435180664
1773049072,250051577,world,cf231,-2.657773971557617,-1.8550845384597778,0.9617679119110107
1773049072,250051577,world,cf231_leg,-2.6554338932037354,-1.8637274503707886,0.9473204612731934
1773049072,256236571,world,cf231,-2.657717227935791,-1.8550838232040405,0.9617931842803955
1773049072,256236571,world,cf231_leg,-2.6553313732147217,-1.8636724948883057,0.9472512006759644
1773049072,260014482,world,cf231,-2.6576592922210693,-1.855191946029663,0.9618006944656372
1773049072,260014482,world,cf231_leg,-2.6552207469940186,-1.8637750148773193,0.9472676515579224
1773049072,265038049,world,cf231,-2.6574740409851074,-1.8552939891815186,0.961754322052002
1773049072,265038049,world,cf231_leg,-2.655209541320801,-1.8640066385269165,0.9472250938415527
1773049072,271141043,world,cf231,-2.657301187515259,-1.8552703857421875,0.9617329835891724
1773049072,271141043,world,cf231_leg,-2.6551198959350586,-1.8640594482421875,0.9472208023071289
1773049072,274921124,world,cf231,-2.657369375228882,-1.8554942607879639,0.9617741107940674
1773049072,274921124,world,cf231_leg,-2.6550652980804443,-1.8641672134399414,0.9472255706787109
1773049072,279948727,world,cf231,-2.6574041843414307,-1.8556714057922363,0.9618340730667114
1773049072,279948727,world,cf231_leg,-2.654963731765747,-1.8643419742584229,0.9471975564956665
1773049072,284961848,world,cf231,-2.657289505004883,-1.855778694152832,0.961867094039917
1773049072,284961848,world,cf231_leg,-2.6549761295318604,-1.8644521236419678,0.9472775459289551
1773049072,289947290,world,cf231,-2.657033920288086,-1.855758786201477,0.9617289304733276
1773049072,289947290,world,cf231_leg,-2.6549434661865234,-1.864619493484497,0.9472436904907227
1773049072,295174640,world,cf231,-2.6569631099700928,-1.8559861183166504,0.9616774320602417
1773049072,295174640,world,cf231_leg,-2.654808759689331,-1.8647345304489136,0.9471548795700073
1773049072,302442949,world,cf231,-2.6568009853363037,-1.8561580181121826,0.9616397619247437
1773049072,302442949,world,cf231_leg,-2.654794454574585,-1.8649396896362305,0.947063684463501
1773049072,304829808,world,cf231,-2.6566731929779053,-1.856264352798462,0.961584210395813
1773049072,304829808,world,cf231_leg,-2.654649257659912,-1.8649815320968628,0.9470223188400269
1773049072,311488066,world,cf231,-2.656662702560425,-1.856424331665039,0.9616758823394775
1773049072,311488066,world,cf231_leg,-2.6546285152435303,-1.8651448488235474,0.947056770324707
1773049072,316811543,world,cf231,-2.6565182209014893,-1.8567091226577759,0.9614142179489136
1773049072,316811543,world,cf231_leg,-2.654642105102539,-1.8653619289398193,0.94710373878479
1773049072,321524805,world,cf231,-2.6563329696655273,-1.8568110466003418,0.9613686800003052
1773049072,321524805,world,cf231_leg,-2.6545283794403076,-1.8654320240020752,0.9470237493515015
1773049072,325308535,world,cf231,-2.6561927795410156,-1.8570457696914673,0.9613069295883179
1773049072,325308535,world,cf231_leg,-2.6544642448425293,-1.8655757904052734,0.9470586776733398
1773049072,330164021,world,cf231,-2.6562047004699707,-1.8572721481323242,0.9613908529281616
1773049072,330164021,world,cf231_leg,-2.654418706893921,-1.8656420707702637,0.9470062255859375
1773049072,336954070,world,cf231,-2.656074285507202,-1.8574566841125488,0.9612171649932861
1773049072,336954070,world,cf231_leg,-2.654398202896118,-1.8658055067062378,0.9470399618148804
1773049072,340252027,world,cf231,-2.6560044288635254,-1.8575773239135742,0.9612035751342773
1773049072,340252027,world,cf231_leg,-2.6543309688568115,-1.865918755531311,0.9469946622848511
1773049072,344935288,world,cf231,-2.6559340953826904,-1.8578108549118042,0.9611865282058716
1773049072,344935288,world,cf231_leg,-2.65427565574646,-1.8660255670547485,0.9470020532608032
1773049072,350062905,world,cf231,-2.655853509902954,-1.858085036277771,0.9612302780151367
1773049072,350062905,world,cf231_leg,-2.6542093753814697,-1.8661420345306396,0.9469690322875977
1773049072,359427893,world,cf231,-2.6559109687805176,-1.8583284616470337,0.9612827301025391
1773049072,359427893,world,cf231_leg,-2.654202699661255,-1.8664075136184692,0.9470189809799194
1773049072,360216586,world,cf231,-2.6558284759521484,-1.8584487438201904,0.9611788988113403
1773049072,360216586,world,cf231_leg,-2.6541359424591064,-1.8665258884429932,0.9470024108886719
1773049072,366654042,world,cf231,-2.6557812690734863,-1.858633041381836,0.9611387252807617
1773049072,366654042,world,cf231_leg,-2.6541593074798584,-1.8667001724243164,0.9469735622406006
1773049072,370044452,world,cf231,-2.6556994915008545,-1.8589030504226685,0.9611678123474121
1773049072,370044452,world,cf231_leg,-2.6541173458099365,-1.866913080215454,0.9470292329788208
1773049072,375246646,world,cf231,-2.6556873321533203,-1.8591477870941162,0.9611752033233643
1773049072,375246646,world,cf231_leg,-2.6540489196777344,-1.8671109676361084,0.9469122886657715
1773049072,379975057,world,cf231,-2.655593156814575,-1.8593045473098755,0.9611170291900635
1773049072,379975057,world,cf231_leg,-2.653980016708374,-1.8673055171966553,0.9467833042144775
1773049072,384895820,world,cf231,-2.6556503772735596,-1.8595445156097412,0.9611527919769287
1773049072,384895820,world,cf231_leg,-2.6539807319641113,-1.8674241304397583,0.9468255043029785
1773049072,390010259,world,cf231,-2.6556718349456787,-1.8598363399505615,0.9611402750015259
1773049072,390010259,world,cf231_leg,-2.653970718383789,-1.8676587343215942,0.946796178817749
1773049072,394909557,world,cf231,-2.65557861328125,-1.8599998950958252,0.9611154794692993
1773049072,394909557,world,cf231_leg,-2.6538920402526855,-1.8678966760635376,0.9467414617538452
1773049072,399904914,world,cf231,-2.65549373626709,-1.860102653503418,0.9609299898147583
1773049072,399904914,world,cf231_leg,-2.6539034843444824,-1.868079423904419,0.9466755390167236
1773049072,405015915,world,cf231,-2.6554348468780518,-1.8604363203048706,0.9609328508377075
1773049072,405015915,world,cf231_leg,-2.653803825378418,-1.8681241273880005,0.9465076923370361
1773049072,409836791,world,cf231,-2.655488967895508,-1.8607505559921265,0.9608348608016968
1773049072,409836791,world,cf231_leg,-2.6538076400756836,-1.8684601783752441,0.946495771408081
1773049072,415071813,world,cf231,-2.655442237854004,-1.8609352111816406,0.9607939720153809
1773049072,415071813,world,cf231_leg,-2.65390682220459,-1.8685979843139648,0.9464986324310303
1773049072,420357014,world,cf231,-2.6553568840026855,-1.8612524271011353,0.960605263710022
1773049072,420357014,world,cf231_leg,-2.6538190841674805,-1.868864893913269,0.9464288949966431
1773049072,424972912,world,cf231,-2.6553070545196533,-1.8616337776184082,0.9604799747467041
1773049072,424972912,world,cf231_leg,-2.653761148452759,-1.869057059288025,0.9463849067687988
1773049072,430153769,world,cf231,-2.6552350521087646,-1.8619458675384521,0.9603441953659058
1773049072,430153769,world,cf231_leg,-2.653726100921631,-1.869192123413086,0.9462544918060303
1773049072,434995927,world,cf231,-2.6551620960235596,-1.8620301485061646,0.9601447582244873
1773049072,434995927,world,cf231_leg,-2.653752088546753,-1.8694032430648804,0.9463527202606201
1773049072,440020458,world,cf231,-2.655388832092285,-1.8623971939086914,0.960172176361084
1773049072,440020458,world,cf231_leg,-2.6537294387817383,-1.8695300817489624,0.9462586641311646
1773049072,445017723,world,cf231,-2.6553421020507812,-1.8626946210861206,0.960128664970398
1773049072,445017723,world,cf231_leg,-2.6536364555358887,-1.8695405721664429,0.946100115776062
1773049072,450262935,world,cf231,-2.6552367210388184,-1.8627543449401855,0.9600691795349121
1773049072,450262935,world,cf231_leg,-2.6536619663238525,-1.8699692487716675,0.9462592601776123
1773049072,454957981,world,cf231,-2.6551451683044434,-1.863035798072815,0.9600541591644287
1773049072,454957981,world,cf231_leg,-2.6536755561828613,-1.870072841644287,0.9462919235229492
1773049072,459883330,world,cf231,-2.655191659927368,-1.8633185625076294,0.9601699113845825
1773049072,459883330,world,cf231_leg,-2.653665781021118,-1.8703051805496216,0.9462476968765259
1773049072,465020263,world,cf231,-2.655168294906616,-1.8635669946670532,0.9601020812988281
1773049072,465020263,world,cf231_leg,-2.653679370880127,-1.870529294013977,0.94633948802948
1773049072,469806937,world,cf231,-2.6552488803863525,-1.8638709783554077,0.9601101875305176
1773049072,469806937,world,cf231_leg,-2.653702735900879,-1.8707082271575928,0.9463409185409546
1773049072,474901825,world,cf231,-2.655306339263916,-1.8642362356185913,0.9602128267288208
1773049072,474901825,world,cf231_leg,-2.653672218322754,-1.8708609342575073,0.9461967945098877
1773049072,479975415,world,cf231,-2.6550729274749756,-1.864276647567749,0.9600330591201782
1773049072,479975415,world,cf231_leg,-2.6536195278167725,-1.8710739612579346,0.9461523294448853
1773049072,486281854,world,cf231,-2.655177354812622,-1.864686369895935,0.9601873159408569
1773049072,486281854,world,cf231_leg,-2.653642416000366,-1.8712522983551025,0.9461555480957031
1773049072,489927119,world,cf231,-2.655198812484741,-1.8648557662963867,0.9601258039474487
1773049072,489927119,world,cf231_leg,-2.6536576747894287,-1.871465802192688,0.9461688995361328
1773049072,494940249,world,cf231,-2.655266761779785,-1.8650524616241455,0.9600824117660522
1773049072,494940249,world,cf231_leg,-2.6537022590637207,-1.8717728853225708,0.9459540843963623
1773049072,503527971,world,cf231,-2.6553103923797607,-1.8654096126556396,0.9600642919540405
1773049072,503527971,world,cf231_leg,-2.6537129878997803,-1.8719594478607178,0.9459207057952881
1773049072,504974331,world,cf231,-2.6552858352661133,-1.8656600713729858,0.960017204284668
1773049072,504974331,world,cf231_leg,-2.6537022590637207,-1.8721953630447388,0.9459093809127808
1773049072,509931372,world,cf231,-2.6552352905273438,-1.8659242391586304,0.9598804712295532
1773049072,509931372,world,cf231_leg,-2.653815507888794,-1.8724344968795776,0.945929765701294
1773049072,516392872,world,cf231,-2.6552574634552,-1.8661032915115356,0.9598702192306519
1773049072,516392872,world,cf231_leg,-2.653723955154419,-1.8725664615631104,0.9458268880844116
1773049072,519907150,world,cf231,-2.6553590297698975,-1.866442084312439,0.9597722291946411
1773049072,519907150,world,cf231_leg,-2.6537349224090576,-1.8728641271591187,0.9457926750183105
1773049072,524913943,world,cf231,-2.6554269790649414,-1.8667545318603516,0.9597440958023071
1773049072,524913943,world,cf231_leg,-2.6537349224090576,-1.8729770183563232,0.9458080530166626
1773049072,530148759,world,cf231,-2.6554019451141357,-1.8669776916503906,0.9596138000488281
1773049072,530148759,world,cf231_leg,-2.653588056564331,-1.8731003999710083,0.945683479309082
1773049072,535052657,world,cf231,-2.6553211212158203,-1.8672449588775635,0.9596239328384399
1773049072,535052657,world,cf231_leg,-2.6536004543304443,-1.873288631439209,0.9456449747085571
1773049072,540097905,world,cf231,-2.655308246612549,-1.8673665523529053,0.9595842361450195
1773049072,540097905,world,cf231_leg,-2.6535773277282715,-1.8734149932861328,0.9455525875091553
1773049072,547752245,world,cf231,-2.6556077003479004,-1.867740511894226,0.9596847295761108
1773049072,547752245,world,cf231_leg,-2.653604507446289,-1.8737127780914307,0.9455733299255371
1773049072,549971261,world,cf231,-2.6556403636932373,-1.8679951429367065,0.9596281051635742
1773049072,549971261,world,cf231_leg,-2.6536483764648438,-1.8738365173339844,0.9455258846282959
1773049072,555019744,world,cf231,-2.6556396484375,-1.8682202100753784,0.9596238136291504
1773049072,555019744,world,cf231_leg,-2.653687000274658,-1.8741251230239868,0.9455859661102295
1773049072,559787023,world,cf231,-2.655674934387207,-1.868515968322754,0.9597166776657104
1773049072,559787023,world,cf231_leg,-2.6536638736724854,-1.8743669986724854,0.9455227851867676
1773049072,568616680,world,cf231,-2.6557891368865967,-1.8687562942504883,0.9597270488739014
1773049072,568616680,world,cf231_leg,-2.6536166667938232,-1.8745124340057373,0.9453722238540649
1773049072,571652722,world,cf231,-2.6558682918548584,-1.8690584897994995,0.9597394466400146
1773049072,571652722,world,cf231_leg,-2.6536881923675537,-1.8748533725738525,0.9454488754272461
1773049072,574927296,world,cf231,-2.6559841632843018,-1.8693125247955322,0.9598160982131958
1773049072,574927296,world,cf231_leg,-2.6537363529205322,-1.8750156164169312,0.9455233812332153
1773049072,581460464,world,cf231,-2.6561570167541504,-1.8697068691253662,0.9599483013153076
1773049072,581460464,world,cf231_leg,-2.6537725925445557,-1.875182032585144,0.9455299377441406
1773049072,584919700,world,cf231,-2.6560983657836914,-1.8697847127914429,0.959855318069458
1773049072,584919700,world,cf231_leg,-2.6538517475128174,-1.8754801750183105,0.9455529451370239
1773049072,590027928,world,cf231,-2.656132221221924,-1.870072841644287,0.9599168300628662
1773049072,590027928,world,cf231_leg,-2.6537978649139404,-1.8755884170532227,0.9455569982528687
1773049072,595082320,world,cf231,-2.656153917312622,-1.8702480792999268,0.9598907232284546
1773049072,595082320,world,cf231_leg,-2.6537437438964844,-1.875693678855896,0.9455471038818359
1773049072,599949015,world,cf231,-2.656327486038208,-1.8705068826675415,0.959956169128418
1773049072,599949015,world,cf231_leg,-2.6539149284362793,-1.8759781122207642,0.945716381072998
1773049072,604996348,world,cf231,-2.656442165374756,-1.8708667755126953,0.9599963426589966
1773049072,604996348,world,cf231_leg,-2.6538610458374023,-1.8760861158370972,0.9457205533981323
1773049072,609960067,world,cf231,-2.6564295291900635,-1.8711011409759521,0.9599536657333374
1773049072,609960067,world,cf231_leg,-2.6538753509521484,-1.8763010501861572,0.9457517862319946
1773049072,615023242,world,cf231,-2.6564061641693115,-1.8713788986206055,0.9599894285202026
1773049072,615023242,world,cf231_leg,-2.6538631916046143,-1.8765373229980469,0.94576096534729
1773049072,619908147,world,cf231,-2.6564273834228516,-1.8715304136276245,0.959896445274353
1773049072,619908147,world,cf231_leg,-2.6538853645324707,-1.8765995502471924,0.9457361698150635
1773049072,626723392,world,cf231,-2.6564202308654785,-1.8719756603240967,0.9595240354537964
1773049072,626723392,world,cf231_leg,-2.6538407802581787,-1.876779556274414,0.9456970691680908
1773049072,629938688,world,cf231,-2.6565003395080566,-1.8722813129425049,0.9595522880554199
1773049072,629938688,world,cf231_leg,-2.6539535522460938,-1.8769049644470215,0.9457036256790161
1773049072,637007498,world,cf231,-2.656522512435913,-1.8724602460861206,0.9595425128936768
1773049072,637007498,world,cf231_leg,-2.6538517475128174,-1.8769638538360596,0.9456485509872437
1773049072,639922601,world,cf231,-2.6565003395080566,-1.8727415800094604,0.9595937728881836
1773049072,639922601,world,cf231_leg,-2.6539266109466553,-1.8772245645523071,0.9458044767379761
1773049072,645020726,world,cf231,-2.656639575958252,-1.8730891942977905,0.9597448110580444
1773049072,645020726,world,cf231_leg,-2.653869390487671,-1.877297043800354,0.9457001686096191
1773049072,649959197,world,cf231,-2.6566951274871826,-1.8732911348342896,0.9596481323242188
1773049072,649959197,world,cf231_leg,-2.6538267135620117,-1.877398133277893,0.9457589387893677
1773049072,655309382,world,cf231,-2.6568894386291504,-1.873625636100769,0.9597071409225464
1773049072,655309382,world,cf231_leg,-2.6538705825805664,-1.8775265216827393,0.9457417726516724
1773049072,660046616,world,cf231,-2.6569271087646484,-1.8739351034164429,0.9598652124404907
1773049072,660046616,world,cf231_leg,-2.6539978981018066,-1.8777613639831543,0.9458078145980835
1773049072,665102005,world,cf231,-2.6569042205810547,-1.8742128610610962,0.9599003791809082
1773049072,665102005,world,cf231_leg,-2.6540114879608154,-1.8778668642044067,0.9458565711975098
1773049072,669918823,world,cf231,-2.656892776489258,-1.874341607093811,0.9598934650421143
1773049072,669918823,world,cf231_leg,-2.654003858566284,-1.8780221939086914,0.945926308631897
1773049072,675023367,world,cf231,-2.656949520111084,-1.8745769262313843,0.9599144458770752
1773049072,675023367,world,cf231_leg,-2.6539804935455322,-1.878157377243042,0.9458954334259033
1773049072,681808730,world,cf231,-2.657076120376587,-1.8748111724853516,0.9599789381027222
1773049072,681808730,world,cf231_leg,-2.654118537902832,-1.8783775568008423,0.9459729194641113
1773049072,684896580,world,cf231,-2.6570188999176025,-1.8749191761016846,0.9599869251251221
1773049072,684896580,world,cf231_leg,-2.654085159301758,-1.8784399032592773,0.9459881782531738
1773049072,690661999,world,cf231,-2.656935691833496,-1.875165581703186,0.9598987102508545
1773049072,690661999,world,cf231_leg,-2.6540653705596924,-1.8785988092422485,0.9459911584854126
1773049072,694926872,world,cf231,-2.6569149494171143,-1.87534761428833,0.960019588470459
1773049072,694926872,world,cf231_leg,-2.6541223526000977,-1.8787195682525635,0.9460082054138184
1773049072,700354958,world,cf231,-2.6568331718444824,-1.8754712343215942,0.9599341154098511
1773049072,700354958,world,cf231_leg,-2.6541686058044434,-1.8787670135498047,0.9460729360580444
1773049072,704968515,world,cf231,-2.6570279598236084,-1.875690221786499,0.9599770307540894
1773049072,704968515,world,cf231_leg,-2.654247522354126,-1.878952145576477,0.9460810422897339
1773049072,710024556,world,cf231,-2.6570510864257812,-1.875875473022461,0.9600006341934204
1773049072,710024556,world,cf231_leg,-2.654226064682007,-1.879003643989563,0.9461182355880737
1773049072,715061140,world,cf231,-2.6570050716400146,-1.8759676218032837,0.9600127935409546
1773049072,715061140,world,cf231_leg,-2.654294967651367,-1.8791203498840332,0.9462029933929443
1773049072,719904380,world,cf231,-2.656831979751587,-1.8760334253311157,0.959923505783081
1773049072,719904380,world,cf231_leg,-2.654228925704956,-1.8792296648025513,0.946125864982605
1773049072,727025086,world,cf231,-2.6569132804870605,-1.8762503862380981,0.9600199460983276
1773049072,727025086,world,cf231_leg,-2.6543185710906982,-1.879294514656067,0.946174144744873
1773049072,730287770,world,cf231,-2.6569488048553467,-1.8763140439987183,0.9600834846496582
1773049072,730287770,world,cf231_leg,-2.6543102264404297,-1.879333734512329,0.946216344833374
1773049072,737268780,world,cf231,-2.6569807529449463,-1.8764457702636719,0.9599792957305908
1773049072,737268780,world,cf231_leg,-2.654331684112549,-1.8793972730636597,0.946209192276001
1773049072,739901340,world,cf231,-2.657027244567871,-1.876608967781067,0.9600629806518555
1773049072,739901340,world,cf231_leg,-2.6543781757354736,-1.879447340965271,0.9462882280349731
1773049072,745598523,world,cf231,-2.6568779945373535,-1.876652479171753,0.9600338935852051
1773049072,745598523,world,cf231_leg,-2.654367446899414,-1.8795675039291382,0.9462480545043945
1773049072,750042582,world,cf231,-2.6567976474761963,-1.8766909837722778,0.9600328207015991
1773049072,750042582,world,cf231_leg,-2.654388904571533,-1.8795185089111328,0.9462249279022217
1773049072,756276492,world,cf231,-2.656890630722046,-1.8768781423568726,0.9601179361343384
1773049072,756276492,world,cf231_leg,-2.654444932937622,-1.879640817642212,0.9462590217590332
1773049072,759964926,world,cf231,-2.656991481781006,-1.876888632774353,0.9600285291671753
1773049072,759964926,world,cf231_leg,-2.654503345489502,-1.8796796798706055,0.9463613033294678
1773049072,765017962,world,cf231,-2.656890630722046,-1.8769936561584473,0.9601333141326904
1773049072,765017962,world,cf231_leg,-2.654538154602051,-1.8797385692596436,0.946401834487915
1773049072,769856504,world,cf231,-2.6568686962127686,-1.8770467042922974,0.960172176361084
1773049072,769856504,world,cf231_leg,-2.6544909477233887,-1.879687786102295,0.9463251829147339
1773049072,774950310,world,cf231,-2.656740427017212,-1.8770337104797363,0.9600878953933716
1773049072,774950310,world,cf231_leg,-2.6545352935791016,-1.8797041177749634,0.9462903738021851
1773049072,779888648,world,cf231,-2.656822919845581,-1.8771450519561768,0.9602196216583252
1773049072,779888648,world,cf231_leg,-2.654569625854492,-1.8797599077224731,0.9463182687759399
1773049072,786218726,world,cf231,-2.65676212310791,-1.8769774436950684,0.9600318670272827
1773049072,786218726,world,cf231_leg,-2.654658079147339,-1.8797059059143066,0.9463250637054443
1773049072,789973818,world,cf231,-2.6570043563842773,-1.8772331476211548,0.9601447582244873
1773049072,789973818,world,cf231_leg,-2.654649257659912,-1.8797495365142822,0.9463979005813599
1773049072,794921351,world,cf231,-2.6569595336914062,-1.8772196769714355,0.960192084312439
1773049072,794921351,world,cf231_leg,-2.6546363830566406,-1.8796443939208984,0.946347713470459
1773049072,800200437,world,cf231,-2.6568686962127686,-1.87716543674469,0.9602048397064209
1773049072,800200437,world,cf231_leg,-2.654693603515625,-1.8797653913497925,0.946364164352417
1773049072,806227830,world,cf231,-2.656855821609497,-1.8770524263381958,0.960118293762207
1773049072,806227830,world,cf231_leg,-2.6547486782073975,-1.8797715902328491,0.9463708400726318
1773049072,810032679,world,cf231,-2.6570041179656982,-1.8771172761917114,0.9601300954818726
1773049072,810032679,world,cf231_leg,-2.6547348499298096,-1.879660725593567,0.9462940692901611
1773049072,815049627,world,cf231,-2.6570489406585693,-1.8770089149475098,0.9600328207015991
1773049072,815049627,world,cf231_leg,-2.6547446250915527,-1.8796253204345703,0.9462624788284302
1773049072,820095610,world,cf231,-2.657003879547119,-1.876862645149231,0.96003258228302
1773049072,820095610,world,cf231_leg,-2.654777765274048,-1.8795673847198486,0.9462782144546509
1773049072,825022283,world,cf231,-2.6568667888641357,-1.8767812252044678,0.9600262641906738
1773049072,825022283,world,cf231_leg,-2.6548235416412354,-1.8794969320297241,0.9462987184524536
1773049072,830002257,world,cf231,-2.6569228172302246,-1.8766628503799438,0.9599688053131104
1773049072,830002257,world,cf231_leg,-2.654888153076172,-1.879464864730835,0.946260929107666
1773049072,834930423,world,cf231,-2.657014846801758,-1.8766118288040161,0.9599907398223877
1773049072,834930423,world,cf231_leg,-2.6549322605133057,-1.8794782161712646,0.9462124109268188
1773049072,841317860,world,cf231,-2.6570944786071777,-1.8764539957046509,0.9599606990814209
1773049072,841317860,world,cf231_leg,-2.6548964977264404,-1.8793056011199951,0.9461592435836792
1773049072,844906059,world,cf231,-2.6570818424224854,-1.8763411045074463,0.9598740339279175
1773049072,844906059,world,cf231_leg,-2.654951810836792,-1.8793144226074219,0.9461801052093506
1773049072,849951523,world,cf231,-2.657015323638916,-1.8762682676315308,0.959962010383606
1773049072,849951523,world,cf231_leg,-2.6549606323242188,-1.8791581392288208,0.9460914134979248
1773049072,856041599,world,cf231,-2.6569676399230957,-1.876100778579712,0.9598642587661743
1773049072,856041599,world,cf231_leg,-2.6549596786499023,-1.8790396451950073,0.9460493326187134
1773049072,859980829,world,cf231,-2.6570820808410645,-1.8759970664978027,0.9598463773727417
1773049072,859980829,world,cf231_leg,-2.6550049781799316,-1.8789758682250977,0.9461158514022827
1773049072,865046002,world,cf231,-2.657149314880371,-1.8758454322814941,0.9597612619400024
1773049072,865046002,world,cf231_leg,-2.6550703048706055,-1.8789397478103638,0.946045994758606
1773049072,872191501,world,cf231,-2.657228469848633,-1.8756839036941528,0.9597153663635254
1773049072,872191501,world,cf231_leg,-2.6550545692443848,-1.8787167072296143,0.9459742307662964
1773049072,874950827,world,cf231,-2.657240629196167,-1.8755619525909424,0.9597558975219727
1773049072,874950827,world,cf231_leg,-2.655111074447632,-1.8787217140197754,0.94596266746521
1773049072,882334304,world,cf231,-2.6571719646453857,-1.8753360509872437,0.9596967697143555
1773049072,882334304,world,cf231_leg,-2.655041217803955,-1.8784934282302856,0.9458807706832886
1773049072,885382755,world,cf231,-2.6572067737579346,-1.8751646280288696,0.9597146511077881
1773049072,885382755,world,cf231_leg,-2.6551692485809326,-1.878430724143982,0.9458228349685669
1773049072,889944344,world,cf231,-2.657412052154541,-1.8751213550567627,0.9597195386886597
1773049072,889944344,world,cf231_leg,-2.655273199081421,-1.8782811164855957,0.9459017515182495
1773049072,899421985,world,cf231,-2.6575262546539307,-1.875014066696167,0.9596853256225586
1773049072,899421985,world,cf231_leg,-2.655245780944824,-1.878073811531067,0.9458365440368652
1773049072,900077311,world,cf231,-2.6574628353118896,-1.8748294115066528,0.9598242044448853
1773049072,900077311,world,cf231_leg,-2.655275583267212,-1.8779830932617188,0.9457570314407349
1773049072,904933324,world,cf231,-2.65718150138855,-1.8743717670440674,0.9595379829406738
1773049072,904933324,world,cf231_leg,-2.655397653579712,-1.8778740167617798,0.945793628692627
1773049072,913092831,world,cf231,-2.6572258472442627,-1.8742661476135254,0.9594591856002808
1773049072,913092831,world,cf231_leg,-2.6553478240966797,-1.8775995969772339,0.9457240104675293
1773049072,914898303,world,cf231,-2.657431125640869,-1.8741068840026855,0.9594496488571167
1773049072,914898303,world,cf231_leg,-2.6554925441741943,-1.877553105354309,0.9457342624664307
1773049072,920059790,world,cf231,-2.657489776611328,-1.8740060329437256,0.9594738483428955
1773049072,920059790,world,cf231_leg,-2.6555848121643066,-1.8773386478424072,0.9459236860275269
1773049072,927502127,world,cf231,-2.6573381423950195,-1.8736646175384521,0.9592674970626831
1773049072,927502127,world,cf231_leg,-2.65561580657959,-1.877163290977478,0.9459155797958374
1773049072,930098853,world,cf231,-2.6573281288146973,-1.8734798431396484,0.9593327045440674
1773049072,930098853,world,cf231_leg,-2.6556239128112793,-1.8770084381103516,0.9458450078964233
1773049072,935189455,world,cf231,-2.657212495803833,-1.873086929321289,0.9591735601425171
1773049072,935189455,world,cf231_leg,-2.655667543411255,-1.8769084215164185,0.9457827806472778
1773049072,942339533,world,cf231,-2.657362222671509,-1.8729310035705566,0.959205150604248
1773049072,942339533,world,cf231_leg,-2.6557650566101074,-1.876818060874939,0.9457612037658691
1773049072,945051825,world,cf231,-2.657419443130493,-1.8727037906646729,0.9591659307479858
1773049072,945051825,world,cf231_leg,-2.6558408737182617,-1.876661777496338,0.9457323551177979
1773049072,950221354,world,cf231,-2.657533645629883,-1.872483730316162,0.9591346979141235
1773049072,950221354,world,cf231_leg,-2.655839681625366,-1.8764368295669556,0.9457210302352905
1773049072,955965539,world,cf231,-2.6574995517730713,-1.872198462486267,0.9590917825698853
1773049072,955965539,world,cf231_leg,-2.6558823585510254,-1.8763312101364136,0.9456323385238647
1773049072,959990824,world,cf231,-2.6575567722320557,-1.8719743490219116,0.9590698480606079
1773049072,959990824,world,cf231_leg,-2.6559336185455322,-1.8760803937911987,0.9455313682556152
1773049072,970922734,world,cf231,-2.657510995864868,-1.8717018365859985,0.9590054750442505
1773049072,970922734,world,cf231_leg,-2.655978202819824,-1.8758982419967651,0.9455553293228149
1773049072,971055660,world,cf231,-2.6577420234680176,-1.8714325428009033,0.9591227769851685
1773049072,971055660,world,cf231_leg,-2.656029224395752,-1.8756449222564697,0.9454398155212402
1773049072,974938691,world,cf231,-2.657752275466919,-1.8710445165634155,0.9590189456939697
1773049072,974938691,world,cf231_leg,-2.656216621398926,-1.8754997253417969,0.945406436920166
1773049072,982880874,world,cf231,-2.657834053039551,-1.870804786682129,0.959091067314148
1773049072,982880874,world,cf231_leg,-2.656147003173828,-1.8752708435058594,0.9453258514404297
1773049072,985164437,world,cf231,-2.6578562259674072,-1.870519995689392,0.9590228796005249
1773049072,985164437,world,cf231_leg,-2.656141996383667,-1.875008225440979,0.9451906681060791
1773049072,990002232,world,cf231,-2.6579840183258057,-1.8703011274337769,0.959079384803772
1773049072,990002232,world,cf231_leg,-2.656195878982544,-1.8747895956039429,0.9451866149902344
1773049072,995220328,world,cf231,-2.65822696685791,-1.8699991703033447,0.9591677188873291
1773049072,995220328,world,cf231_leg,-2.6562936305999756,-1.8745818138122559,0.9451198577880859
1773049072,999963783,world,cf231,-2.6583876609802246,-1.8696842193603516,0.9591063261032104
1773049072,999963783,world,cf231_leg,-2.6564016342163086,-1.8743658065795898,0.9451115131378174
1773049073,7057397,world,cf231,-2.6584677696228027,-1.8692914247512817,0.9590301513671875
1773049073,7057397,world,cf231_leg,-2.6563961505889893,-1.8741072416305542,0.9450082778930664
1773049073,9830768,world,cf231,-2.6585376262664795,-1.8690550327301025,0.9590287208557129
1773049073,9830768,world,cf231_leg,-2.6564528942108154,-1.8739162683486938,0.9450702667236328
1773049073,18793143,world,cf231,-2.65863037109375,-1.8687784671783447,0.9590572118759155
1773049073,18793143,world,cf231_leg,-2.6565613746643066,-1.8736987113952637,0.9450443983078003
1773049073,19941218,world,cf231,-2.658813714981079,-1.8685297966003418,0.958987832069397
1773049073,19941218,world,cf231_leg,-2.6565940380096436,-1.8735339641571045,0.9450931549072266
1773049073,27039288,world,cf231,-2.6589057445526123,-1.868240475654602,0.9589471817016602
1773049073,27039288,world,cf231_leg,-2.656749963760376,-1.8733649253845215,0.9451287984848022
1773049073,29892614,world,cf231,-2.65897274017334,-1.8678526878356934,0.9588189125061035
1773049073,29892614,world,cf231_leg,-2.6568593978881836,-1.8731482028961182,0.9451009035110474
1773049073,35092366,world,cf231,-2.6590073108673096,-1.867445468902588,0.958793044090271
1773049073,35092366,world,cf231_leg,-2.656956672668457,-1.8729398250579834,0.9450356960296631
1773049073,40309817,world,cf231,-2.6590089797973633,-1.8671081066131592,0.9587987661361694
1773049073,40309817,world,cf231_leg,-2.6569104194641113,-1.8725873231887817,0.945061445236206
1773049073,46974904,world,cf231,-2.6592535972595215,-1.8670284748077393,0.9589149951934814
1773049073,46974904,world,cf231_leg,-2.6570417881011963,-1.872326374053955,0.9450404644012451
1773049073,54628579,world,cf231,-2.659494161605835,-1.8666881322860718,0.9588730335235596
1773049073,54628579,world,cf231_leg,-2.6570956707000732,-1.872102975845337,0.9450064897537231
1773049073,56208951,world,cf231,-2.6595869064331055,-1.8662627935409546,0.958767294883728
1773049073,56208951,world,cf231_leg,-2.657160758972168,-1.8717570304870605,0.9449979066848755
1773049073,61417586,world,cf231,-2.659633159637451,-1.8659322261810303,0.958692193031311
1773049073,61417586,world,cf231_leg,-2.6571712493896484,-1.8715183734893799,0.9449958801269531
1773049073,65105756,world,cf231,-2.6597142219543457,-1.865661859512329,0.9586648941040039
1773049073,65105756,world,cf231_leg,-2.657337188720703,-1.8713113069534302,0.9449865818023682
1773049073,71167128,world,cf231,-2.659794330596924,-1.8653850555419922,0.9586036205291748
1773049073,71167128,world,cf231_leg,-2.6573214530944824,-1.8709814548492432,0.9449467658996582
1773049073,74886328,world,cf231,-2.660083532333374,-1.8652225732803345,0.9587100744247437
1773049073,74886328,world,cf231_leg,-2.6573963165283203,-1.8707104921340942,0.944907546043396
1773049073,81830823,world,cf231,-2.6603405475616455,-1.8648293018341064,0.9589401483535767
1773049073,81830823,world,cf231_leg,-2.657543420791626,-1.8705826997756958,0.9450019598007202
1773049073,84908712,world,cf231,-2.6605851650238037,-1.8644450902938843,0.9591331481933594
1773049073,84908712,world,cf231_leg,-2.6576061248779297,-1.8703174591064453,0.9449120759963989
1773049073,91366681,world,cf231,-2.66064453125,-1.8642314672470093,0.959160566329956
1773049073,91366681,world,cf231_leg,-2.657684803009033,-1.8700823783874512,0.9449812173843384
1773049073,94875034,world,cf231,-2.660632610321045,-1.863772988319397,0.9590500593185425
1773049073,94875034,world,cf231_leg,-2.657717227935791,-1.8699079751968384,0.9449702501296997
1773049073,100094202,world,cf231,-2.6608052253723145,-1.8635607957839966,0.9590264558792114
1773049073,100094202,world,cf231_leg,-2.6579525470733643,-1.8696247339248657,0.9451332092285156
1773049073,104785835,world,cf231,-2.661137580871582,-1.863380789756775,0.9589872360229492
1773049073,104785835,world,cf231_leg,-2.6579630374908447,-1.8693883419036865,0.9451463222503662
1773049073,109992641,world,cf231,-2.6612908840179443,-1.8631410598754883,0.9591013193130493
1773049073,109992641,world,cf231_leg,-2.6579926013946533,-1.869072675704956,0.9450556039810181
1773049073,114938671,world,cf231,-2.6613597869873047,-1.8628771305084229,0.9590181112289429
1773049073,114938671,world,cf231_leg,-2.658067226409912,-1.8687989711761475,0.9450031518936157
1773049073,120056894,world,cf231,-2.661534070968628,-1.8625799417495728,0.959079384803772
1773049073,120056894,world,cf231_leg,-2.658156156539917,-1.8686367273330688,0.9450255632400513
1773049073,125096960,world,cf231,-2.6616621017456055,-1.8622117042541504,0.959004282951355
1773049073,125096960,world,cf231_leg,-2.658198118209839,-1.8683058023452759,0.9449268579483032
1773049073,129956193,world,cf231,-2.6619057655334473,-1.862008810043335,0.9590752124786377
1773049073,129956193,world,cf231_leg,-2.658238649368286,-1.8679805994033813,0.9448769092559814
1773049073,135009233,world,cf231,-2.6622040271759033,-1.8617688417434692,0.9589877128601074
1773049073,135009233,world,cf231_leg,-2.658271551132202,-1.8678113222122192,0.9448944330215454
1773049073,139943769,world,cf231,-2.662297248840332,-1.8614861965179443,0.9589815139770508
1773049073,139943769,world,cf231_leg,-2.658450126647949,-1.8673993349075317,0.944998025894165
1773049073,145377908,world,cf231,-2.662311553955078,-1.8612552881240845,0.9590412378311157
1773049073,145377908,world,cf231_leg,-2.6584603786468506,-1.8671625852584839,0.9450122117996216
1773049073,150216238,world,cf231,-2.6625192165374756,-1.8609845638275146,0.9590332508087158
1773049073,150216238,world,cf231_leg,-2.658482313156128,-1.8669191598892212,0.9450803995132446
1773049073,155152947,world,cf231,-2.6626832485198975,-1.8607107400894165,0.9591224193572998
1773049073,155152947,world,cf231_leg,-2.6585917472839355,-1.8665910959243774,0.9450551271438599
1773049073,160064836,world,cf231,-2.6628332138061523,-1.8604286909103394,0.959091067314148
1773049073,160064836,world,cf231_leg,-2.658747434616089,-1.8664286136627197,0.9451385736465454
1773049073,165015982,world,cf231,-2.6629273891448975,-1.8600571155548096,0.959154486656189
1773049073,165015982,world,cf231_leg,-2.6587932109832764,-1.8662537336349487,0.945206880569458
1773049073,169912633,world,cf231,-2.663024663925171,-1.8598263263702393,0.9593466520309448
1773049073,169912633,world,cf231_leg,-2.6587822437286377,-1.8658373355865479,0.9451999664306641
1773049073,174938117,world,cf231,-2.663187026977539,-1.8595384359359741,0.9593702554702759
1773049073,174938117,world,cf231_leg,-2.6589629650115967,-1.8657751083374023,0.9453825950622559
1773049073,180035672,world,cf231,-2.663431167602539,-1.8593595027923584,0.959507942199707
1773049073,180035672,world,cf231_leg,-2.659005880355835,-1.8654422760009766,0.9452673196792603
1773049073,185031549,world,cf231,-2.6636545658111572,-1.858883023262024,0.9596232175827026
1773049073,185031549,world,cf231_leg,-2.659029245376587,-1.865202784538269,0.9453456401824951
1773049073,189956954,world,cf231,-2.6638405323028564,-1.8586689233779907,0.9596710205078125
1773049073,189956954,world,cf231_leg,-2.6590731143951416,-1.864910364151001,0.945391058921814
1773049073,195041466,world,cf231,-2.6638894081115723,-1.858375906944275,0.9597299098968506
1773049073,195041466,world,cf231_leg,-2.6591672897338867,-1.8646950721740723,0.9455626010894775
1773049073,200132265,world,cf231,-2.664052963256836,-1.858095407485962,0.9597855806350708
1773049073,200132265,world,cf231_leg,-2.6592094898223877,-1.8643708229064941,0.945509672164917
1773049073,205025019,world,cf231,-2.664170503616333,-1.8577700853347778,0.9597905874252319
1773049073,205025019,world,cf231_leg,-2.6592864990234375,-1.8641362190246582,0.9456000328063965
1773049073,210026404,world,cf231,-2.6644136905670166,-1.857560396194458,0.9598288536071777
1773049073,210026404,world,cf231_leg,-2.659247636795044,-1.8638232946395874,0.94548499584198
1773049073,215225873,world,cf231,-2.6645560264587402,-1.8573462963104248,0.9599912166595459
1773049073,215225873,world,cf231_leg,-2.6592795848846436,-1.8635319471359253,0.9454493522644043
1773049073,220183554,world,cf231,-2.6646153926849365,-1.8571292161941528,0.9600030183792114
1773049073,220183554,world,cf231_leg,-2.6592466831207275,-1.8632827997207642,0.9455084800720215
1773049073,224863494,world,cf231,-2.6646528244018555,-1.8567266464233398,0.9599915742874146
1773049073,224863494,world,cf231_leg,-2.659275531768799,-1.8630741834640503,0.9454066753387451
1773049073,229909933,world,cf231,-2.6648285388946533,-1.8565564155578613,0.9601166248321533
1773049073,229909933,world,cf231_leg,-2.6593289375305176,-1.8628545999526978,0.9454061985015869
1773049073,234996496,world,cf231,-2.664991617202759,-1.8563885688781738,0.9601700305938721
1773049073,234996496,world,cf231_leg,-2.659505844116211,-1.862668752670288,0.9457995891571045
1773049073,241294455,world,cf231,-2.66509747505188,-1.8561235666275024,0.9602869749069214
1773049073,241294455,world,cf231_leg,-2.6596081256866455,-1.862418293952942,0.9459609985351562
1773049073,245121467,world,cf231,-2.665238618850708,-1.8558958768844604,0.9603826999664307
1773049073,245121467,world,cf231_leg,-2.6595656871795654,-1.8621795177459717,0.9459775686264038
1773049073,250007188,world,cf231,-2.665184497833252,-1.8555779457092285,0.960465669631958
1773049073,250007188,world,cf231_leg,-2.659667491912842,-1.8620119094848633,0.9460502862930298
1773049073,254980669,world,cf231,-2.6653265953063965,-1.8553779125213623,0.9606436491012573
1773049073,254980669,world,cf231_leg,-2.6596128940582275,-1.8616935014724731,0.9460898637771606
1773049073,259877000,world,cf231,-2.665480613708496,-1.8551654815673828,0.960842490196228
1773049073,259877000,world,cf231_leg,-2.6597461700439453,-1.8615962266921997,0.9463027715682983
1773049073,265135103,world,cf231,-2.665539264678955,-1.8548157215118408,0.9607563018798828
1773049073,265135103,world,cf231_leg,-2.659761905670166,-1.8613181114196777,0.9465408325195312
1773049073,269964411,world,cf231,-2.665576219558716,-1.8546514511108398,0.9608074426651001
1773049073,269964411,world,cf231_leg,-2.6598381996154785,-1.861052393913269,0.9465306997299194
1773049073,274996003,world,cf231,-2.665614604949951,-1.8543959856033325,0.9609091281890869
1773049073,274996003,world,cf231_leg,-2.659727096557617,-1.860737919807434,0.946642279624939
1773049073,279896375,world,cf231,-2.66562819480896,-1.8541520833969116,0.9609007835388184
1773049073,279896375,world,cf231_leg,-2.659762144088745,-1.8604867458343506,0.9467458724975586
1773049073,285477762,world,cf231,-2.665654182434082,-1.8539179563522339,0.961034893989563
1773049073,285477762,world,cf231_leg,-2.6597161293029785,-1.860251784324646,0.9468170404434204
1773049073,289817778,world,cf231,-2.665829658508301,-1.8537380695343018,0.9611088037490845
1773049073,289817778,world,cf231_leg,-2.6598052978515625,-1.860027551651001,0.947064995765686
1773049073,295046405,world,cf231,-2.665865421295166,-1.8535665273666382,0.9611281156539917
1773049073,295046405,world,cf231_leg,-2.659726142883301,-1.8598459959030151,0.9470895528793335
1773049073,300140339,world,cf231,-2.66589093208313,-1.8534389734268188,0.9612239599227905
1773049073,300140339,world,cf231_leg,-2.6596908569335938,-1.8595613241195679,0.9470396041870117
1773049073,305107656,world,cf231,-2.6658360958099365,-1.8532307147979736,0.9612865447998047
1773049073,305107656,world,cf231_leg,-2.659672498703003,-1.8593404293060303,0.9472644329071045
1773049073,309914898,world,cf231,-2.6658718585968018,-1.8530590534210205,0.9613059759140015
1773049073,309914898,world,cf231_leg,-2.6596951484680176,-1.8591022491455078,0.9473612308502197
1773049073,315009420,world,cf231,-2.6658971309661865,-1.8529313802719116,0.9614022970199585
1773049073,315009420,world,cf231_leg,-2.6596860885620117,-1.8588380813598633,0.947512149810791
1773049073,320211028,world,cf231,-2.6659460067749023,-1.8527545928955078,0.961475133895874
1773049073,320211028,world,cf231_leg,-2.6597344875335693,-1.8586933612823486,0.9476628303527832
1773049073,324939859,world,cf231,-2.6660172939300537,-1.8526684045791626,0.9616056680679321
1773049073,324939859,world,cf231_leg,-2.659748077392578,-1.8584940433502197,0.9478029012680054
1773049073,329919923,world,cf231,-2.6660947799682617,-1.8523675203323364,0.9621446132659912
1773049073,329919923,world,cf231_leg,-2.6597399711608887,-1.858232855796814,0.9479665756225586
1773049073,334971684,world,cf231,-2.6660375595092773,-1.8521567583084106,0.962214469909668
1773049073,334971684,world,cf231_leg,-2.6596176624298096,-1.8579250574111938,0.9480239152908325
1773049073,339989298,world,cf231,-2.6662261486053467,-1.8519809246063232,0.9623942375183105
1773049073,339989298,world,cf231_leg,-2.6596224308013916,-1.8577651977539062,0.9482052326202393
1773049073,345005137,world,cf231,-2.6662168502807617,-1.851912260055542,0.96247398853302
1773049073,345005137,world,cf231_leg,-2.659522771835327,-1.857401967048645,0.9481924772262573
1773049073,350032556,world,cf231,-2.666188955307007,-1.8516860008239746,0.9626613855361938
1773049073,350032556,world,cf231_leg,-2.659496545791626,-1.8572237491607666,0.9484716653823853
1773049073,354917635,world,cf231,-2.6660208702087402,-1.8514727354049683,0.9627580642700195
1773049073,354917635,world,cf231_leg,-2.659487009048462,-1.8569239377975464,0.9484912157058716
1773049073,360022256,world,cf231,-2.6659774780273438,-1.8513567447662354,0.9628585577011108
1773049073,360022256,world,cf231_leg,-2.6593260765075684,-1.8566412925720215,0.948458194732666
1773049073,365091866,world,cf231,-2.6658780574798584,-1.8511172533035278,0.9629361629486084
1773049073,365091866,world,cf231_leg,-2.6593093872070312,-1.856533408164978,0.9486759901046753
1773049073,370176397,world,cf231,-2.6659395694732666,-1.8510545492172241,0.9630935192108154
1773049073,370176397,world,cf231_leg,-2.6592659950256348,-1.8562171459197998,0.9488312005996704
1773049073,376374840,world,cf231,-2.6658732891082764,-1.8508620262145996,0.9631519317626953
1773049073,376374840,world,cf231_leg,-2.6591081619262695,-1.855851411819458,0.9488654136657715
1773049073,379862419,world,cf231,-2.6657397747039795,-1.8507153987884521,0.9633307456970215
1773049073,379862419,world,cf231_leg,-2.6590425968170166,-1.8555864095687866,0.9490587711334229
1773049073,385043817,world,cf231,-2.66562819480896,-1.8505090475082397,0.9634373188018799
1773049073,385043817,world,cf231_leg,-2.658942699432373,-1.8553760051727295,0.9492238759994507
1773049073,389951820,world,cf231,-2.6654467582702637,-1.850300669670105,0.9634814262390137
1773049073,389951820,world,cf231_leg,-2.6589319705963135,-1.8552545309066772,0.9495868682861328
1773049073,395205501,world,cf231,-2.6654045581817627,-1.8500865697860718,0.9635992050170898
1773049073,395205501,world,cf231_leg,-2.6588497161865234,-1.8549340963363647,0.949714183807373
1773049073,399913852,world,cf231,-2.665348768234253,-1.8498533964157104,0.9635975360870361
1773049073,399913852,world,cf231_leg,-2.6587696075439453,-1.8547559976577759,0.9497721195220947
1773049073,404942718,world,cf231,-2.6652421951293945,-1.8496283292770386,0.9640028476715088
1773049073,404942718,world,cf231_leg,-2.658761501312256,-1.8544920682907104,0.9499225616455078
1773049073,409828290,world,cf231,-2.6651792526245117,-1.8493791818618774,0.9642274379730225
1773049073,409828290,world,cf231_leg,-2.6586508750915527,-1.85440993309021,0.950088381767273
1773049073,415024496,world,cf231,-2.665022373199463,-1.8491559028625488,0.9643645286560059
1773049073,415024496,world,cf231_leg,-2.658599376678467,-1.8541313409805298,0.9502683877944946
1773049073,419916204,world,cf231,-2.664945125579834,-1.8490005731582642,0.9644660949707031
1773049073,419916204,world,cf231_leg,-2.6584646701812744,-1.8538339138031006,0.9503031969070435
1773049073,424838097,world,cf231,-2.6647629737854004,-1.848791480064392,0.9645122289657593
1773049073,424838097,world,cf231_leg,-2.6583759784698486,-1.8537001609802246,0.950432300567627
1773049073,430090256,world,cf231,-2.6646041870117188,-1.848533034324646,0.9645352363586426
1773049073,430090256,world,cf231_leg,-2.6582565307617188,-1.853425145149231,0.9505846500396729
1773049073,436252333,world,cf231,-2.664423942565918,-1.8483587503433228,0.9646965265274048
1773049073,436252333,world,cf231_leg,-2.658223867416382,-1.8531802892684937,0.9506752490997314
1773049073,440115305,world,cf231,-2.66424298286438,-1.8482675552368164,0.9647508859634399
1773049073,440115305,world,cf231_leg,-2.658071279525757,-1.8529611825942993,0.9507957696914673
1773049073,444932024,world,cf231,-2.6640260219573975,-1.8480278253555298,0.9648526906967163
1773049073,444932024,world,cf231_leg,-2.658029794692993,-1.8527554273605347,0.9509286880493164
1773049073,450040577,world,cf231,-2.663924217224121,-1.847779631614685,0.9649020433425903
1773049073,450040577,world,cf231_leg,-2.657796859741211,-1.8523485660552979,0.9510476589202881
1773049073,455157088,world,cf231,-2.663666009902954,-1.8476502895355225,0.9651434421539307
1773049073,455157088,world,cf231_leg,-2.657789945602417,-1.852081298828125,0.9511644840240479
1773049073,459944682,world,cf231,-2.6635220050811768,-1.8475384712219238,0.9653462171554565
1773049073,459944682,world,cf231_leg,-2.6576099395751953,-1.851764440536499,0.9512217044830322
1773049073,465070526,world,cf231,-2.663191795349121,-1.8472760915756226,0.9654483795166016
1773049073,465070526,world,cf231_leg,-2.657362699508667,-1.8514469861984253,0.9512194395065308
1773049073,469879404,world,cf231,-2.6629984378814697,-1.847079873085022,0.9654712677001953
1773049073,469879404,world,cf231_leg,-2.6572227478027344,-1.8511319160461426,0.9514368772506714
1773049073,474965624,world,cf231,-2.6629014015197754,-1.846657156944275,0.9656527042388916
1773049073,474965624,world,cf231_leg,-2.657165765762329,-1.8509128093719482,0.9515129327774048
1773049073,479931782,world,cf231,-2.6627092361450195,-1.8464775085449219,0.9657593965530396
1773049073,479931782,world,cf231_leg,-2.6571204662323,-1.8507177829742432,0.9517459869384766
1773049073,484901010,world,cf231,-2.6625192165374756,-1.8462313413619995,0.9659827947616577
1773049073,484901010,world,cf231_leg,-2.6569063663482666,-1.850453495979309,0.9517589807510376
1773049073,490350364,world,cf231,-2.662177085876465,-1.8458638191223145,0.9659788608551025
1773049073,490350364,world,cf231_leg,-2.656805992126465,-1.8503235578536987,0.951819658279419
1773049073,494910249,world,cf231,-2.6619746685028076,-1.8456264734268188,0.9661644697189331
1773049073,494910249,world,cf231_leg,-2.6567273139953613,-1.850030541419983,0.9518452882766724
1773049073,499887788,world,cf231,-2.6618969440460205,-1.8454676866531372,0.966249942779541
1773049073,499887788,world,cf231_leg,-2.65651535987854,-1.8498916625976562,0.9519233703613281
1773049073,504945737,world,cf231,-2.6616461277008057,-1.8451440334320068,0.9662348031997681
1773049073,504945737,world,cf231_leg,-2.6565098762512207,-1.849665641784668,0.9521986246109009
1773049073,509938405,world,cf231,-2.6614301204681396,-1.8448809385299683,0.966266393661499
1773049073,509938405,world,cf231_leg,-2.6563522815704346,-1.849302053451538,0.952247142791748
1773049073,515063619,world,cf231,-2.6610512733459473,-1.8445497751235962,0.9662002325057983
1773049073,515063619,world,cf231_leg,-2.656151294708252,-1.8490374088287354,0.9523385763168335
1773049073,519934859,world,cf231,-2.660835027694702,-1.8442836999893188,0.9662144184112549
1773049073,519934859,world,cf231_leg,-2.6559836864471436,-1.8487193584442139,0.9524770975112915
1773049073,524990229,world,cf231,-2.6606874465942383,-1.8441320657730103,0.9662892818450928
1773049073,524990229,world,cf231_leg,-2.6558732986450195,-1.8483977317810059,0.9525426626205444
1773049073,529950297,world,cf231,-2.660550355911255,-1.84393310546875,0.9662704467773438
1773049073,529950297,world,cf231_leg,-2.655763626098633,-1.8483047485351562,0.9526306390762329
1773049073,536160845,world,cf231,-2.6603329181671143,-1.8436658382415771,0.9662872552871704
1773049073,536160845,world,cf231_leg,-2.655653238296509,-1.8479832410812378,0.9526960849761963
1773049073,539849924,world,cf231,-2.660013198852539,-1.8433802127838135,0.9663619995117188
1773049073,539849924,world,cf231_leg,-2.6553938388824463,-1.847557544708252,0.9526287317276001
1773049073,545025956,world,cf231,-2.6597840785980225,-1.8431196212768555,0.9663213491439819
1773049073,545025956,world,cf231_leg,-2.6552581787109375,-1.8473705053329468,0.9526640176773071
1773049073,550286171,world,cf231,-2.659533977508545,-1.842949390411377,0.9664541482925415
1773049073,550286171,world,cf231_leg,-2.655043601989746,-1.8469914197921753,0.952666163444519
1773049073,555091970,world,cf231,-2.6593668460845947,-1.8426085710525513,0.9665365219116211
1773049073,555091970,world,cf231_leg,-2.6548640727996826,-1.8466750383377075,0.9527207612991333
1773049073,559938475,world,cf231,-2.6592326164245605,-1.842331886291504,0.9666347503662109
1773049073,559938475,world,cf231_leg,-2.6547439098358154,-1.8463916778564453,0.9528317451477051
1773049073,565027716,world,cf231,-2.658958911895752,-1.842061161994934,0.9666576385498047
1773049073,565027716,world,cf231_leg,-2.65456223487854,-1.8461538553237915,0.9527873992919922
1773049073,569849197,world,cf231,-2.65871000289917,-1.8417783975601196,0.9667919874191284
1773049073,569849197,world,cf231_leg,-2.654517650604248,-1.8459125757217407,0.9528102874755859
1773049073,574938679,world,cf231,-2.658609628677368,-1.8415346145629883,0.9668539762496948
1773049073,574938679,world,cf231_leg,-2.6542928218841553,-1.8456599712371826,0.9527961015701294
1773049073,579994894,world,cf231,-2.658372163772583,-1.841230034828186,0.9669582843780518
1773049073,579994894,world,cf231_leg,-2.6542153358459473,-1.8454794883728027,0.9528158903121948
1773049073,584977674,world,cf231,-2.6583988666534424,-1.8411216735839844,0.9671567678451538
1773049073,584977674,world,cf231_leg,-2.654012441635132,-1.8450615406036377,0.9527511596679688
1773049073,589888008,world,cf231,-2.6581594944000244,-1.8407849073410034,0.9671633243560791
1773049073,589888008,world,cf231_leg,-2.6537668704986572,-1.844852328300476,0.9527109861373901
1773049073,595289666,world,cf231,-2.657883405685425,-1.8404754400253296,0.967055082321167
1773049073,595289666,world,cf231_leg,-2.653648853302002,-1.844580888748169,0.9526331424713135
1773049073,599884949,world,cf231,-2.6576790809631348,-1.840203046798706,0.9671245813369751
1773049073,599884949,world,cf231_leg,-2.653508186340332,-1.8440489768981934,0.9529012441635132
1773049073,604950792,world,cf231,-2.657519817352295,-1.8399406671524048,0.967130184173584
1773049073,604950792,world,cf231_leg,-2.653317928314209,-1.843851089477539,0.9528975486755371
1773049073,609829238,world,cf231,-2.6572680473327637,-1.8396159410476685,0.967116117477417
1773049073,609829238,world,cf231_leg,-2.6532742977142334,-1.8435313701629639,0.9530396461486816
1773049073,615146256,world,cf231,-2.657189130783081,-1.8394285440444946,0.9671196937561035
1773049073,615146256,world,cf231_leg,-2.6530354022979736,-1.8431710004806519,0.9529812335968018
1773049073,619929175,world,cf231,-2.6568446159362793,-1.8390378952026367,0.9670692682266235
1773049073,619929175,world,cf231_leg,-2.652855634689331,-1.8428467512130737,0.9529920816421509
1773049073,625056908,world,cf231,-2.656593084335327,-1.8387131690979004,0.9670547246932983
1773049073,625056908,world,cf231_leg,-2.6525938510894775,-1.8425350189208984,0.9529578685760498
1773049073,629975697,world,cf231,-2.656398057937622,-1.8385032415390015,0.9670095443725586
1773049073,629975697,world,cf231_leg,-2.652526617050171,-1.8422324657440186,0.9530231952667236
1773049073,634960092,world,cf231,-2.6561825275421143,-1.8381237983703613,0.9670257568359375
1773049073,634960092,world,cf231_leg,-2.6524603366851807,-1.8420450687408447,0.9530977010726929
1773049073,639899249,world,cf231,-2.656033992767334,-1.8378177881240845,0.9669525623321533
1773049073,639899249,world,cf231_leg,-2.652372360229492,-1.8417906761169434,0.9531669616699219
1773049073,644951863,world,cf231,-2.655747890472412,-1.8374384641647339,0.9669253826141357
1773049073,644951863,world,cf231_leg,-2.6522839069366455,-1.8414193391799927,0.9532101154327393
1773049073,650024292,world,cf231,-2.6554036140441895,-1.8370417356491089,0.9668384790420532
1773049073,650024292,world,cf231_leg,-2.652108669281006,-1.8411321640014648,0.9533268213272095
1773049073,654777260,world,cf231,-2.655207633972168,-1.8366897106170654,0.9667158126831055
1773049073,654777260,world,cf231_leg,-2.6519572734832764,-1.8408095836639404,0.953248143196106
1773049073,659858538,world,cf231,-2.6550729274749756,-1.8362925052642822,0.9667845964431763
1773049073,659858538,world,cf231_leg,-2.651787281036377,-1.8404488563537598,0.9532289505004883
1773049073,665063786,world,cf231,-2.6549007892608643,-1.8360357284545898,0.9667348861694336
1773049073,665063786,world,cf231_leg,-2.6516945362091064,-1.840168833732605,0.9532670974731445
1773049073,669901355,world,cf231,-2.6546735763549805,-1.8356928825378418,0.9667962789535522
1773049073,669901355,world,cf231_leg,-2.651524543762207,-1.8399195671081543,0.9532462358474731
1773049073,675020138,world,cf231,-2.6544907093048096,-1.8353626728057861,0.9668126106262207
1773049073,675020138,world,cf231_leg,-2.6513047218322754,-1.839474081993103,0.9530535936355591
1773049073,679975658,world,cf231,-2.654261589050293,-1.8350145816802979,0.9668625593185425
1773049073,679975658,world,cf231_leg,-2.6511099338531494,-1.8391247987747192,0.9529305696487427
1773049073,684987348,world,cf231,-2.6541123390197754,-1.8347440958023071,0.9669291973114014
1773049073,684987348,world,cf231_leg,-2.650996446609497,-1.8388831615447998,0.9529135227203369
1773049073,690844748,world,cf231,-2.6539876461029053,-1.8343919515609741,0.966848611831665
1773049073,690844748,world,cf231_leg,-2.650951623916626,-1.838640809059143,0.9529383182525635
1773049073,695282372,world,cf231,-2.6537375450134277,-1.8340656757354736,0.9668105840682983
1773049073,695282372,world,cf231_leg,-2.650803804397583,-1.838340163230896,0.9528791904449463
1773049073,701241588,world,cf231,-2.653404474258423,-1.8336470127105713,0.9667656421661377
1773049073,701241588,world,cf231_leg,-2.650644302368164,-1.8381648063659668,0.9528083801269531
1773049073,704984990,world,cf231,-2.6531405448913574,-1.8333340883255005,0.9667284488677979
1773049073,704984990,world,cf231_leg,-2.650574207305908,-1.837712049484253,0.9527504444122314
1773049073,710033868,world,cf231,-2.653027057647705,-1.8330827951431274,0.9666663408279419
1773049073,710033868,world,cf231_leg,-2.650376081466675,-1.8373568058013916,0.9528640508651733
1773049073,715066609,world,cf231,-2.652923583984375,-1.8327991962432861,0.9665979146957397
1773049073,715066609,world,cf231_leg,-2.6502528190612793,-1.8369301557540894,0.9528965950012207
1773049073,719863014,world,cf231,-2.652751922607422,-1.8324344158172607,0.9665874242782593
1773049073,719863014,world,cf231_leg,-2.6502392292022705,-1.8365964889526367,0.9528414011001587
1773049073,724960183,world,cf231,-2.6525092124938965,-1.8320609331130981,0.9664801359176636
1773049073,724960183,world,cf231_leg,-2.6500446796417236,-1.8362447023391724,0.9527026414871216
1773049073,730022893,world,cf231,-2.6523256301879883,-1.8317025899887085,0.9664119482040405
1773049073,730022893,world,cf231_leg,-2.6499085426330566,-1.8358185291290283,0.9526548385620117
1773049073,735082374,world,cf231,-2.652189016342163,-1.8313897848129272,0.9663952589035034
1773049073,735082374,world,cf231_leg,-2.649782180786133,-1.8354700803756714,0.9525899887084961
1773049073,740032293,world,cf231,-2.6521193981170654,-1.8311537504196167,0.9663065671920776
1773049073,740032293,world,cf231_leg,-2.6497275829315186,-1.835154414176941,0.9526622295379639
1773049073,744911237,world,cf231,-2.652029514312744,-1.8308686017990112,0.9663072824478149
1773049073,744911237,world,cf231_leg,-2.6496002674102783,-1.834807276725769,0.9526150226593018
1773049073,750046979,world,cf231,-2.651949882507324,-1.8306771516799927,0.9662948846817017
1773049073,750046979,world,cf231_leg,-2.649508237838745,-1.8345084190368652,0.9525324106216431
1773049073,755111387,world,cf231,-2.6515696048736572,-1.8300766944885254,0.9660811424255371
1773049073,755111387,world,cf231_leg,-2.6494297981262207,-1.834214448928833,0.9525574445724487
1773049073,760044420,world,cf231,-2.651491165161133,-1.8297752141952515,0.9660882949829102
1773049073,760044420,world,cf231_leg,-2.649238348007202,-1.8337866067886353,0.9525308609008789
1773049073,765043136,world,cf231,-2.651435613632202,-1.8295408487319946,0.9660860300064087
1773049073,765043136,world,cf231_leg,-2.6492156982421875,-1.8334897756576538,0.95250403881073
1773049073,769991351,world,cf231,-2.6513671875,-1.8291888236999512,0.9659814834594727
1773049073,769991351,world,cf231_leg,-2.649156093597412,-1.8331081867218018,0.9523816108703613
1773049073,775006886,world,cf231,-2.651230812072754,-1.8288791179656982,0.9659814834594727
1773049073,775006886,world,cf231_leg,-2.6490211486816406,-1.8327969312667847,0.9523427486419678
1773049073,779857895,world,cf231,-2.6511049270629883,-1.828525424003601,0.9659035205841064
1773049073,779857895,world,cf231_leg,-2.6489195823669434,-1.8324345350265503,0.9523665904998779
1773049073,785028377,world,cf231,-2.6510274410247803,-1.828357219696045,0.9660084247589111
1773049073,785028377,world,cf231_leg,-2.648815631866455,-1.831917405128479,0.9522364139556885
1773049073,789883951,world,cf231,-2.650949478149414,-1.827935814857483,0.965984582901001
1773049073,789883951,world,cf231_leg,-2.648585319519043,-1.8315140008926392,0.9521191120147705
1773049073,795120996,world,cf231,-2.6508848667144775,-1.827512502670288,0.9660317897796631
1773049073,795120996,world,cf231_leg,-2.6486527919769287,-1.8312832117080688,0.9521410465240479
1773049073,800030203,world,cf231,-2.6508772373199463,-1.8272347450256348,0.9661515951156616
1773049073,800030203,world,cf231_leg,-2.648491621017456,-1.8308743238449097,0.9520357847213745
1773049073,805193207,world,cf231,-2.6507747173309326,-1.82697594165802,0.9661484956741333
1773049073,805193207,world,cf231_leg,-2.6484222412109375,-1.8306480646133423,0.9519858360290527
1773049073,810272758,world,cf231,-2.650543212890625,-1.8265827894210815,0.9660290479660034
1773049073,810272758,world,cf231_leg,-2.648352861404419,-1.8303096294403076,0.9519377946853638
1773049073,815348867,world,cf231,-2.6505119800567627,-1.826179027557373,0.9659723043441772
1773049073,815348867,world,cf231_leg,-2.648308753967285,-1.8298406600952148,0.9519522190093994
1773049073,823049622,world,cf231,-2.650501251220703,-1.825828194618225,0.96584153175354
1773049073,823049622,world,cf231_leg,-2.6482529640197754,-1.829485535621643,0.9518797397613525
1773049073,825307892,world,cf231,-2.6504342555999756,-1.8254954814910889,0.9658389091491699
1773049073,825307892,world,cf231_leg,-2.6481387615203857,-1.829128384590149,0.9518516063690186
1773049073,830293593,world,cf231,-2.6503090858459473,-1.8250213861465454,0.9657304286956787
1773049073,830293593,world,cf231_leg,-2.6480941772460938,-1.828656554222107,0.9518524408340454
1773049073,836687206,world,cf231,-2.650207757949829,-1.824646234512329,0.9657120704650879
1773049073,836687206,world,cf231_leg,-2.647864818572998,-1.828132152557373,0.9516749382019043
1773049073,842201123,world,cf231,-2.6502223014831543,-1.8244136571884155,0.9657740592956543
1773049073,842201123,world,cf231_leg,-2.647820234298706,-1.8277721405029297,0.9516735076904297
1773049073,845367535,world,cf231,-2.6501553058624268,-1.8239508867263794,0.965690016746521
1773049073,845367535,world,cf231_leg,-2.6477935314178467,-1.8273634910583496,0.9516921043395996
1773049073,850666848,world,cf231,-2.65017032623291,-1.8235952854156494,0.9657038450241089
1773049073,850666848,world,cf231_leg,-2.6477959156036377,-1.8270528316497803,0.9517538547515869
1773049073,854951205,world,cf231,-2.6502082347869873,-1.8233098983764648,0.9657257795333862
1773049073,854951205,world,cf231_leg,-2.6477270126342773,-1.8267141580581665,0.9517061710357666
1773049073,860153965,world,cf231,-2.6500942707061768,-1.8229399919509888,0.9656529426574707
1773049073,860153965,world,cf231_leg,-2.6477856636047363,-1.8264131546020508,0.9517885446548462
1773049073,866409974,world,cf231,-2.650062322616577,-1.8225351572036743,0.9655985832214355
1773049073,866409974,world,cf231_leg,-2.647735595703125,-1.8259001970291138,0.9519144296646118
1773049073,869939826,world,cf231,-2.6500627994537354,-1.8221465349197388,0.9654240608215332
1773049073,869939826,world,cf231_leg,-2.647714376449585,-1.8256069421768188,0.9518979787826538
1773049073,875880572,world,cf231,-2.6499857902526855,-1.8216078281402588,0.9653869867324829
1773049073,875880572,world,cf231_leg,-2.647617816925049,-1.8250497579574585,0.9517463445663452
1773049073,881288481,world,cf231,-2.6499886512756348,-1.8212608098983765,0.965362548828125
1773049073,881288481,world,cf231_leg,-2.6475601196289062,-1.8246994018554688,0.9517244100570679
1773049073,884972951,world,cf231,-2.6499531269073486,-1.8206398487091064,0.9656070470809937
1773049073,884972951,world,cf231_leg,-2.647429943084717,-1.8242005109786987,0.9515553712844849
1773049073,890094849,world,cf231,-2.6499812602996826,-1.8202847242355347,0.9657113552093506
1773049073,890094849,world,cf231_leg,-2.64738130569458,-1.8238056898117065,0.9514617919921875
1773049073,894862614,world,cf231,-2.650088310241699,-1.819984793663025,0.9657131433486938
1773049073,894862614,world,cf231_leg,-2.64735746383667,-1.8235068321228027,0.951439619064331
1773049073,900070677,world,cf231,-2.6500697135925293,-1.819460153579712,0.9657188653945923
1773049073,900070677,world,cf231_leg,-2.6474006175994873,-1.8231796026229858,0.9513905048370361
1773049073,905011716,world,cf231,-2.6500611305236816,-1.8190021514892578,0.9656251668930054
1773049073,905011716,world,cf231_leg,-2.6474013328552246,-1.822840929031372,0.9513827562332153
1773049073,910007790,world,cf231,-2.649925470352173,-1.8185687065124512,0.9655768871307373
1773049073,910007790,world,cf231_leg,-2.64744234085083,-1.822394609451294,0.9515562057495117
1773049073,915130849,world,cf231,-2.64994215965271,-1.818213939666748,0.965587854385376
1773049073,915130849,world,cf231_leg,-2.647364616394043,-1.8219761848449707,0.9515093564987183
1773049073,920022371,world,cf231,-2.6498637199401855,-1.8176301717758179,0.96538245677948
1773049073,920022371,world,cf231_leg,-2.6473522186279297,-1.8214648962020874,0.9516676664352417
1773049073,924994436,world,cf231,-2.6499733924865723,-1.8172334432601929,0.9654717445373535
1773049073,924994436,world,cf231_leg,-2.6472225189208984,-1.8209612369537354,0.9514678716659546
1773049073,930185943,world,cf231,-2.6499996185302734,-1.816829800605774,0.9653916358947754
1773049073,930185943,world,cf231_leg,-2.647188186645508,-1.8206145763397217,0.9516597986221313
1773049073,935137927,world,cf231,-2.6499807834625244,-1.816419243812561,0.9653923511505127
1773049073,935137927,world,cf231_leg,-2.647179126739502,-1.8200634717941284,0.9515408277511597
1773049073,939898099,world,cf231,-2.6499714851379395,-1.8159632682800293,0.9653185606002808
1773049073,939898099,world,cf231_leg,-2.647249937057495,-1.8197509050369263,0.9516488313674927
1773049073,945021813,world,cf231,-2.649986743927002,-1.8156037330627441,0.9653162956237793
1773049073,945021813,world,cf231_leg,-2.6471354961395264,-1.8193421363830566,0.9514003992080688
1773049073,950029027,world,cf231,-2.6500749588012695,-1.8151284456253052,0.9653422832489014
1773049073,950029027,world,cf231_leg,-2.6472389698028564,-1.8189659118652344,0.9515868425369263
1773049073,955077304,world,cf231,-2.6501903533935547,-1.814556360244751,0.9655667543411255
1773049073,955077304,world,cf231_leg,-2.647218942642212,-1.8184788227081299,0.9516804218292236
1773049073,960038119,world,cf231,-2.6502175331115723,-1.8140418529510498,0.9655085802078247
1773049073,960038119,world,cf231_leg,-2.647231340408325,-1.8181307315826416,0.9517139196395874
1773049073,965118519,world,cf231,-2.6502585411071777,-1.8136625289916992,0.9655632972717285
1773049073,965118519,world,cf231_leg,-2.647160053253174,-1.8176789283752441,0.9516929388046265
1773049073,970021304,world,cf231,-2.6503210067749023,-1.813206434249878,0.9655338525772095
1773049073,970021304,world,cf231_leg,-2.6469948291778564,-1.8171305656433105,0.9515597820281982
1773049073,974937698,world,cf231,-2.650359630584717,-1.812796711921692,0.9655104875564575
1773049073,974937698,world,cf231_leg,-2.6470632553100586,-1.8167872428894043,0.9515854120254517
1773049073,980042643,world,cf231,-2.650442361831665,-1.8124028444290161,0.9654601812362671
1773049073,980042643,world,cf231_leg,-2.6470725536346436,-1.816400170326233,0.951494574546814
1773049073,985038957,world,cf231,-2.650482416152954,-1.8118793964385986,0.9654403924942017
1773049073,985038957,world,cf231_leg,-2.647043228149414,-1.8158299922943115,0.9515763521194458
1773049073,990021430,world,cf231,-2.650543212890625,-1.8116545677185059,0.9654192924499512
1773049073,990021430,world,cf231_leg,-2.6471493244171143,-1.8154652118682861,0.9517279863357544
1773049073,995501545,world,cf231,-2.6505486965179443,-1.811187982559204,0.9653621912002563
1773049073,995501545,world,cf231_leg,-2.647197723388672,-1.8151682615280151,0.951740026473999
1773049073,999906492,world,cf231,-2.6505916118621826,-1.8106735944747925,0.9653692245483398
1773049073,999906492,world,cf231_leg,-2.6471967697143555,-1.8146017789840698,0.9517475366592407
1773049074,4974204,world,cf231,-2.6507248878479004,-1.8103349208831787,0.9653966426849365
1773049074,4974204,world,cf231_leg,-2.6470258235931396,-1.8140149116516113,0.9517545700073242
1773049074,11240564,world,cf231,-2.6508097648620605,-1.8099427223205566,0.9653410911560059
1773049074,11240564,world,cf231_leg,-2.6470727920532227,-1.8136060237884521,0.9517905712127686
1773049074,15329692,world,cf231,-2.6508262157440186,-1.809586763381958,0.9653551578521729
1773049074,15329692,world,cf231_leg,-2.6471095085144043,-1.8131234645843506,0.9518760442733765
1773049074,19930115,world,cf231,-2.6508214473724365,-1.809074878692627,0.9654495716094971
1773049074,19930115,world,cf231_leg,-2.646984100341797,-1.812540888786316,0.9517736434936523
1773049074,25001358,world,cf231,-2.651059627532959,-1.808674931526184,0.9655452966690063
1773049074,25001358,world,cf231_leg,-2.647099018096924,-1.8122458457946777,0.9518661499023438
1773049074,30140765,world,cf231,-2.6511473655700684,-1.8082258701324463,0.9656616449356079
1773049074,30140765,world,cf231_leg,-2.647169351577759,-1.8117910623550415,0.9518914222717285
1773049074,34887293,world,cf231,-2.6513025760650635,-1.8078322410583496,0.9656548500061035
1773049074,34887293,world,cf231_leg,-2.647179126739502,-1.8114110231399536,0.951845645904541
1773049074,40028311,world,cf231,-2.651380777359009,-1.8073762655258179,0.9656914472579956
1773049074,40028311,world,cf231_leg,-2.6470696926116943,-1.8108595609664917,0.9519040584564209
1773049074,45045490,world,cf231,-2.651421546936035,-1.8069865703582764,0.9657689332962036
1773049074,45045490,world,cf231_leg,-2.646979570388794,-1.8103300333023071,0.9517966508865356
1773049074,50172060,world,cf231,-2.65140438079834,-1.8065762519836426,0.965768575668335
1773049074,50172060,world,cf231_leg,-2.64693546295166,-1.8097432851791382,0.9518053531646729
1773049074,54964573,world,cf231,-2.6514906883239746,-1.8061943054199219,0.9657630920410156
1773049074,54964573,world,cf231_leg,-2.646982431411743,-1.8093292713165283,0.9518126249313354
1773049074,60182598,world,cf231,-2.6517527103424072,-1.8058598041534424,0.9658290147781372
1773049074,60182598,world,cf231_leg,-2.6469838619232178,-1.8087903261184692,0.9518903493881226
1773049074,64853474,world,cf231,-2.6517696380615234,-1.8053796291351318,0.9657977819442749
1773049074,64853474,world,cf231_leg,-2.6470553874969482,-1.8083672523498535,0.9520183801651001
1773049074,70159264,world,cf231,-2.6517488956451416,-1.8048193454742432,0.9656407833099365
1773049074,70159264,world,cf231_leg,-2.647012710571289,-1.8078968524932861,0.9520339965820312
1773049074,75045509,world,cf231,-2.6517691612243652,-1.8044979572296143,0.9658198356628418
1773049074,75045509,world,cf231_leg,-2.6471359729766846,-1.8074413537979126,0.9522905349731445
1773049074,80327509,world,cf231,-2.6519269943237305,-1.8041160106658936,0.9658597707748413
1773049074,80327509,world,cf231_leg,-2.6471123695373535,-1.8068822622299194,0.9521595239639282
1773049074,86284909,world,cf231,-2.6520285606384277,-1.8036340475082397,0.9659444093704224
1773049074,86284909,world,cf231_leg,-2.646956443786621,-1.8063938617706299,0.9521501064300537
1773049074,90058375,world,cf231,-2.6520960330963135,-1.8030973672866821,0.9660158157348633
1773049074,90058375,world,cf231_leg,-2.6470224857330322,-1.8059002161026,0.9520721435546875
1773049074,94946406,world,cf231,-2.652222156524658,-1.8026070594787598,0.9662308692932129
1773049074,94946406,world,cf231_leg,-2.64682674407959,-1.805207371711731,0.9519667625427246
1773049074,100080650,world,cf231,-2.6522045135498047,-1.8021925687789917,0.9662157297134399
1773049074,100080650,world,cf231_leg,-2.646883249282837,-1.804868459701538,0.9519429206848145
1773049074,105247159,world,cf231,-2.652317762374878,-1.8017040491104126,0.9663594961166382
1773049074,105247159,world,cf231_leg,-2.6469955444335938,-1.8044558763504028,0.9522781372070312
1773049074,110114931,world,cf231,-2.6525237560272217,-1.80135977268219,0.9664688110351562
1773049074,110114931,world,cf231_leg,-2.646975517272949,-1.8039307594299316,0.9522426128387451
1773049074,115128941,world,cf231,-2.65256667137146,-1.8008410930633545,0.9664621353149414
1773049074,115128941,world,cf231_leg,-2.647027015686035,-1.8034125566482544,0.952271580696106
1773049074,119882474,world,cf231,-2.6526191234588623,-1.800425410270691,0.9664956331253052
1773049074,119882474,world,cf231_leg,-2.6469366550445557,-1.8028262853622437,0.9524400234222412
1773049074,124869771,world,cf231,-2.6525440216064453,-1.7998849153518677,0.9664613008499146
1773049074,124869771,world,cf231_leg,-2.6469783782958984,-1.80237877368927,0.9526177644729614
1773049074,130084883,world,cf231,-2.652679681777954,-1.7994508743286133,0.9665266275405884
1773049074,130084883,world,cf231_leg,-2.6468753814697266,-1.8017445802688599,0.9524970054626465
1773049074,135163471,world,cf231,-2.652616500854492,-1.7988728284835815,0.9664475917816162
1773049074,135163471,world,cf231_leg,-2.6468119621276855,-1.8012428283691406,0.9526407718658447
1773049074,140059001,world,cf231,-2.652883768081665,-1.798490047454834,0.9667152166366577
1773049074,140059001,world,cf231_leg,-2.6468443870544434,-1.8007303476333618,0.9526840448379517
1773049074,145199505,world,cf231,-2.652858257293701,-1.7978856563568115,0.9667518138885498
1773049074,145199505,world,cf231_leg,-2.6467888355255127,-1.8002662658691406,0.9526662826538086
1773049074,150091716,world,cf231,-2.6528799533843994,-1.7973310947418213,0.9668563604354858
1773049074,150091716,world,cf231_leg,-2.646743059158325,-1.799883246421814,0.9526430368423462
1773049074,155070745,world,cf231,-2.652864933013916,-1.7968378067016602,0.9669630527496338
1773049074,155070745,world,cf231_leg,-2.6467034816741943,-1.7992150783538818,0.9527360200881958
1773049074,160007140,world,cf231,-2.6529080867767334,-1.7963120937347412,0.9669234752655029
1773049074,160007140,world,cf231_leg,-2.646732807159424,-1.798659324645996,0.9528685808181763
1773049074,166195295,world,cf231,-2.653034210205078,-1.7957801818847656,0.9669873714447021
1773049074,166195295,world,cf231_leg,-2.646713972091675,-1.7982240915298462,0.953202486038208
1773049074,170712916,world,cf231,-2.6531243324279785,-1.7953099012374878,0.9670522212982178
1773049074,170712916,world,cf231_leg,-2.6467621326446533,-1.797701358795166,0.9532455205917358
1773049074,174954887,world,cf231,-2.6529455184936523,-1.7945936918258667,0.9669291973114014
1773049074,174954887,world,cf231_leg,-2.6466739177703857,-1.7970948219299316,0.9532749652862549
1773049074,180016506,world,cf231,-2.6528592109680176,-1.7942180633544922,0.9670019149780273
1773049074,180016506,world,cf231_leg,-2.6467223167419434,-1.7966879606246948,0.9533270597457886
1773049074,184964838,world,cf231,-2.6528327465057373,-1.7936030626296997,0.9669893980026245
1773049074,184964838,world,cf231_leg,-2.6466057300567627,-1.7960535287857056,0.9533717632293701
1773049074,189945342,world,cf231,-2.652928352355957,-1.79287588596344,0.9673213958740234
1773049074,189945342,world,cf231_leg,-2.646547794342041,-1.7954492568969727,0.9533075094223022
1773049074,195305199,world,cf231,-2.653067111968994,-1.792453408241272,0.9674340486526489
1773049074,195305199,world,cf231_leg,-2.646562337875366,-1.794980525970459,0.9533005952835083
1773049074,201161122,world,cf231,-2.652925729751587,-1.7918071746826172,0.9673862457275391
1773049074,201161122,world,cf231_leg,-2.64654541015625,-1.7944906949996948,0.9533785581588745
1773049074,205015595,world,cf231,-2.6528429985046387,-1.7912037372589111,0.9674669504165649
1773049074,205015595,world,cf231_leg,-2.646328926086426,-1.7937289476394653,0.9532680511474609
1773049074,209988783,world,cf231,-2.6527578830718994,-1.7907103300094604,0.9675277471542358
1773049074,209988783,world,cf231_leg,-2.646322727203369,-1.7932292222976685,0.9533895254135132
1773049074,215290920,world,cf231,-2.65273118019104,-1.7900662422180176,0.967431902885437
1773049074,215290920,world,cf231_leg,-2.6463403701782227,-1.792804479598999,0.9535379409790039
1773049074,220064788,world,cf231,-2.6527154445648193,-1.7894270420074463,0.9673967361450195
1773049074,220064788,world,cf231_leg,-2.6462905406951904,-1.7921451330184937,0.9535894393920898
1773049074,224947967,world,cf231,-2.6527280807495117,-1.7888835668563843,0.967526912689209
1773049074,224947967,world,cf231_leg,-2.6461243629455566,-1.7915445566177368,0.953498125076294
1773049074,229918983,world,cf231,-2.6525864601135254,-1.788264513015747,0.967566728591919
1773049074,229918983,world,cf231_leg,-2.6460654735565186,-1.790959119796753,0.9537118673324585
1773049074,235059250,world,cf231,-2.65244722366333,-1.787691593170166,0.9677718877792358
1773049074,235059250,world,cf231_leg,-2.6459755897521973,-1.7903178930282593,0.9536451101303101
1773049074,239805148,world,cf231,-2.652461051940918,-1.7870643138885498,0.9679409265518188
1773049074,239805148,world,cf231_leg,-2.6458001136779785,-1.78968346118927,0.9535233974456787
1773049074,244862518,world,cf231,-2.652480363845825,-1.7865935564041138,0.967961311340332
1773049074,244862518,world,cf231_leg,-2.6459176540374756,-1.7892754077911377,0.9536218643188477
1773049074,249981583,world,cf231,-2.6525278091430664,-1.7860145568847656,0.9681822061538696
1773049074,249981583,world,cf231_leg,-2.6458544731140137,-1.7888566255569458,0.9536727666854858
1773049074,254994447,world,cf231,-2.6522457599639893,-1.7852743864059448,0.96809983253479
1773049074,254994447,world,cf231_leg,-2.64577054977417,-1.788185477256775,0.9538904428482056
1773049074,260147691,world,cf231,-2.6521265506744385,-1.7847189903259277,0.968113899230957
1773049074,260147691,world,cf231_leg,-2.645684003829956,-1.7875813245773315,0.9539333581924438
1773049074,265087393,world,cf231,-2.652020215988159,-1.7840018272399902,0.968036413192749
1773049074,265087393,world,cf231_leg,-2.6456408500671387,-1.786998987197876,0.9539915323257446
1773049074,270199217,world,cf231,-2.651960849761963,-1.783334493637085,0.9680277109146118
1773049074,270199217,world,cf231_leg,-2.6456234455108643,-1.7863318920135498,0.9543073177337646
1773049074,274993886,world,cf231,-2.6520376205444336,-1.7829831838607788,0.9680337905883789
1773049074,274993886,world,cf231_leg,-2.6455554962158203,-1.7858718633651733,0.9542392492294312
1773049074,279916647,world,cf231,-2.651926040649414,-1.7821472883224487,0.9682425260543823
1773049074,279916647,world,cf231_leg,-2.6454691886901855,-1.78536856174469,0.9542026519775391
1773049074,284946052,world,cf231,-2.65195894241333,-1.7816996574401855,0.9684028625488281
1773049074,284946052,world,cf231_leg,-2.6454415321350098,-1.7847739458084106,0.95424485206604
1773049074,290130263,world,cf231,-2.6518170833587646,-1.7810759544372559,0.9684277772903442
1773049074,290130263,world,cf231_leg,-2.6452739238739014,-1.7840687036514282,0.954241156578064
1773049074,294888633,world,cf231,-2.6518149375915527,-1.7804996967315674,0.9683196544647217
1773049074,294888633,world,cf231_leg,-2.6451597213745117,-1.7835590839385986,0.9541068077087402
1773049074,300045454,world,cf231,-2.6517789363861084,-1.7799031734466553,0.9683178663253784
1773049074,300045454,world,cf231_leg,-2.6450726985931396,-1.7829606533050537,0.9541975259780884
1773049074,305156154,world,cf231,-2.651637077331543,-1.7792507410049438,0.9682581424713135
1773049074,305156154,world,cf231_leg,-2.644869804382324,-1.7821894884109497,0.9541246891021729
1773049074,310094628,world,cf231,-2.6514382362365723,-1.7784911394119263,0.9682106971740723
1773049074,310094628,world,cf231_leg,-2.644855499267578,-1.7817349433898926,0.9543167352676392
1773049074,314967727,world,cf231,-2.6513185501098633,-1.7779343128204346,0.9682269096374512
1773049074,314967727,world,cf231_leg,-2.644813060760498,-1.7812614440917969,0.9543380737304688
1773049074,320000274,world,cf231,-2.65130352973938,-1.7774003744125366,0.9682028293609619
1773049074,320000274,world,cf231_leg,-2.644670009613037,-1.7804981470108032,0.9542478322982788
1773049074,325039125,world,cf231,-2.6511154174804688,-1.776692271232605,0.9680365324020386
1773049074,325039125,world,cf231_leg,-2.6445493698120117,-1.7799514532089233,0.9542728662490845
1773049074,330031633,world,cf231,-2.651073455810547,-1.7760889530181885,0.9682962894439697
1773049074,330031633,world,cf231_leg,-2.6445059776306152,-1.7793596982955933,0.9545178413391113
1773049074,334910324,world,cf231,-2.650862216949463,-1.7753628492355347,0.9683495759963989
1773049074,334910324,world,cf231_leg,-2.6442768573760986,-1.7785993814468384,0.9543609619140625
1773049074,340091786,world,cf231,-2.6507322788238525,-1.7748509645462036,0.9684419631958008
1773049074,340091786,world,cf231_leg,-2.644221305847168,-1.7781301736831665,0.9543324708938599
1773049074,344959620,world,cf231,-2.650498628616333,-1.7740439176559448,0.9684363603591919
1773049074,344959620,world,cf231_leg,-2.6441407203674316,-1.7775601148605347,0.9542206525802612
1773049074,350159815,world,cf231,-2.650449514389038,-1.7734638452529907,0.9684511423110962
1773049074,350159815,world,cf231_leg,-2.6439874172210693,-1.7769567966461182,0.9542140960693359
1773049074,355065653,world,cf231,-2.65034556388855,-1.772743821144104,0.9683525562286377
1773049074,355065653,world,cf231_leg,-2.6439149379730225,-1.7763420343399048,0.954277753829956
1773049074,359907990,world,cf231,-2.650085926055908,-1.7720816135406494,0.9683312177658081
1773049074,359907990,world,cf231_leg,-2.643747568130493,-1.7757471799850464,0.9542531967163086
1773049074,365259133,world,cf231,-2.6499454975128174,-1.771470546722412,0.9684234857559204
1773049074,365259133,world,cf231_leg,-2.6435697078704834,-1.7750725746154785,0.9542510509490967
1773049074,370110085,world,cf231,-2.6497557163238525,-1.7709261178970337,0.9684611558914185
1773049074,370110085,world,cf231_leg,-2.6435303688049316,-1.774395227432251,0.9543241262435913
1773049074,375674162,world,cf231,-2.6496875286102295,-1.7703384160995483,0.9686474800109863
1773049074,375674162,world,cf231_leg,-2.643439769744873,-1.7738667726516724,0.9542717933654785
1773049074,379988950,world,cf231,-2.6495609283447266,-1.769590973854065,0.9687150716781616
1773049074,379988950,world,cf231_leg,-2.6434502601623535,-1.7733659744262695,0.9544533491134644
1773049074,384999265,world,cf231,-2.6494081020355225,-1.7690073251724243,0.9688013792037964
1773049074,384999265,world,cf231_leg,-2.6433305740356445,-1.7728191614151,0.9544768333435059
1773049074,391263628,world,cf231,-2.649010181427002,-1.7680870294570923,0.9685386419296265
1773049074,391263628,world,cf231_leg,-2.6431262493133545,-1.7721805572509766,0.9545367956161499
1773049074,395248328,world,cf231,-2.64882230758667,-1.7674119472503662,0.9684940576553345
1773049074,395248328,world,cf231_leg,-2.6429555416107178,-1.7715470790863037,0.9544045925140381
1773049074,400009431,world,cf231,-2.6487038135528564,-1.7668579816818237,0.968525767326355
1773049074,400009431,world,cf231_leg,-2.642805814743042,-1.7710378170013428,0.954531192779541
1773049074,404958607,world,cf231,-2.6485843658447266,-1.7663030624389648,0.9685602188110352
1773049074,404958607,world,cf231_leg,-2.6427066326141357,-1.770384430885315,0.9543029069900513
1773049074,410042561,world,cf231,-2.648489236831665,-1.7656950950622559,0.9685548543930054
1773049074,410042561,world,cf231_leg,-2.6426966190338135,-1.7698482275009155,0.9545812606811523
1773049074,415260012,world,cf231,-2.6482300758361816,-1.7650192975997925,0.968463659286499
1773049074,415260012,world,cf231_leg,-2.64259934425354,-1.7693670988082886,0.9545930624008179
1773049074,420034530,world,cf231,-2.648000478744507,-1.7642751932144165,0.9686349630355835
1773049074,420034530,world,cf231_leg,-2.6424551010131836,-1.76860511302948,0.9545392990112305
1773049074,425092010,world,cf231,-2.647850275039673,-1.7635706663131714,0.9686899185180664
1773049074,425092010,world,cf231_leg,-2.6422295570373535,-1.7680493593215942,0.9547206163406372
1773049074,429908391,world,cf231,-2.6477205753326416,-1.7628998756408691,0.9686381816864014
1773049074,429908391,world,cf231_leg,-2.6421706676483154,-1.7674236297607422,0.9548075199127197
1773049074,435253001,world,cf231,-2.6475892066955566,-1.7623823881149292,0.9687179327011108
1773049074,435253001,world,cf231_leg,-2.642026901245117,-1.766810417175293,0.9548647403717041
1773049074,440058912,world,cf231,-2.6473731994628906,-1.7617177963256836,0.9685859680175781
1773049074,440058912,world,cf231_leg,-2.6420300006866455,-1.7663516998291016,0.9548546075820923
1773049074,444999568,world,cf231,-2.6471023559570312,-1.7610857486724854,0.9685739278793335
1773049074,444999568,world,cf231_leg,-2.6417715549468994,-1.765679955482483,0.9547373056411743
1773049074,449856719,world,cf231,-2.6469151973724365,-1.7605526447296143,0.9686553478240967
1773049074,449856719,world,cf231_leg,-2.6416738033294678,-1.7652026414871216,0.9547812938690186
1773049074,455047878,world,cf231,-2.646752119064331,-1.759836196899414,0.9686400890350342
1773049074,455047878,world,cf231_leg,-2.641446590423584,-1.7645583152770996,0.9546263217926025
1773049074,460085974,world,cf231,-2.64664626121521,-1.759272575378418,0.9687120914459229
1773049074,460085974,world,cf231_leg,-2.641288995742798,-1.763913869857788,0.9545164108276367
1773049074,465131981,world,cf231,-2.6464452743530273,-1.7586042881011963,0.9686301946640015
1773049074,465131981,world,cf231_leg,-2.64103102684021,-1.7632865905761719,0.9545763731002808
1773049074,470131882,world,cf231,-2.646073818206787,-1.757865071296692,0.9688128232955933
1773049074,470131882,world,cf231_leg,-2.640923500061035,-1.7626084089279175,0.9546040296554565
1773049074,474990308,world,cf231,-2.6459782123565674,-1.7573292255401611,0.9689962863922119
1773049074,474990308,world,cf231_leg,-2.6408941745758057,-1.762125015258789,0.954666256904602
1773049074,479998022,world,cf231,-2.6458842754364014,-1.7566889524459839,0.9688857793807983
1773049074,479998022,world,cf231_leg,-2.6408002376556396,-1.7616785764694214,0.9547724723815918
1773049074,485136690,world,cf231,-2.6456046104431152,-1.7559841871261597,0.9689370393753052
1773049074,485136690,world,cf231_leg,-2.6406290531158447,-1.7609237432479858,0.954849123954773
1773049074,490058763,world,cf231,-2.645507574081421,-1.755469799041748,0.9688949584960938
1773049074,490058763,world,cf231_leg,-2.640495538711548,-1.7602620124816895,0.9548190832138062
1773049074,495061667,world,cf231,-2.645214080810547,-1.7547723054885864,0.9689098596572876
1773049074,495061667,world,cf231_leg,-2.6403744220733643,-1.7596770524978638,0.9547303915023804
1773049074,500044338,world,cf231,-2.645036220550537,-1.75420081615448,0.9689016342163086
1773049074,500044338,world,cf231_leg,-2.640178918838501,-1.7590872049331665,0.9546116590499878
1773049074,506515203,world,cf231,-2.644808769226074,-1.7537027597427368,0.9688719511032104
1773049074,506515203,world,cf231_leg,-2.6400082111358643,-1.7585959434509277,0.9545629024505615
1773049074,510126646,world,cf231,-2.6447274684906006,-1.7530789375305176,0.9688695669174194
1773049074,510126646,world,cf231_leg,-2.640026092529297,-1.758135199546814,0.9546158313751221
1773049074,515055572,world,cf231,-2.644465446472168,-1.7525182962417603,0.9687929153442383
1773049074,515055572,world,cf231_leg,-2.6396965980529785,-1.7575876712799072,0.9545236825942993
1773049074,520062742,world,cf231,-2.644192934036255,-1.7518483400344849,0.9686636924743652
1773049074,520062742,world,cf231_leg,-2.639651298522949,-1.7570852041244507,0.9545155763626099
1773049074,525127691,world,cf231,-2.643951416015625,-1.7511403560638428,0.9688814878463745
1773049074,525127691,world,cf231_leg,-2.639630079269409,-1.7564446926116943,0.9547780752182007
1773049074,529993337,world,cf231,-2.643761157989502,-1.7505804300308228,0.9688504934310913
1773049074,529993337,world,cf231_leg,-2.639406204223633,-1.7557095289230347,0.9546674489974976
1773049074,535085629,world,cf231,-2.643603563308716,-1.750077247619629,0.9688563346862793
1773049074,535085629,world,cf231_leg,-2.6392767429351807,-1.7551236152648926,0.9548778533935547
1773049074,540058476,world,cf231,-2.643531322479248,-1.7495611906051636,0.9689100980758667
1773049074,540058476,world,cf231_leg,-2.6392345428466797,-1.7547684907913208,0.9549416303634644
1773049074,545127776,world,cf231,-2.643247604370117,-1.7489328384399414,0.9688407182693481
1773049074,545127776,world,cf231_leg,-2.6391468048095703,-1.7542400360107422,0.9548835754394531
1773049074,550208104,world,cf231,-2.642977714538574,-1.7483035326004028,0.968841552734375
1773049074,550208104,world,cf231_leg,-2.6390058994293213,-1.7536325454711914,0.9549636840820312
1773049074,556356424,world,cf231,-2.6427161693573,-1.747742772102356,0.9687631130218506
1773049074,556356424,world,cf231_leg,-2.63887095451355,-1.753212571144104,0.9550118446350098
1773049074,563488062,world,cf231,-2.6425600051879883,-1.7472602128982544,0.9688683748245239
1773049074,563488062,world,cf231_leg,-2.6387689113616943,-1.7525875568389893,0.955004096031189
1773049074,565406546,world,cf231,-2.6424641609191895,-1.7467621564865112,0.9688394069671631
1773049074,565406546,world,cf231_leg,-2.6385538578033447,-1.7519351243972778,0.9549047946929932
1773049074,572411542,world,cf231,-2.6422975063323975,-1.7461506128311157,0.9687892198562622
1773049074,572411542,world,cf231_leg,-2.6384434700012207,-1.7514517307281494,0.9548375606536865
1773049074,575189787,world,cf231,-2.6420295238494873,-1.7456876039505005,0.9686475992202759
1773049074,575189787,world,cf231_leg,-2.6382529735565186,-1.7509002685546875,0.9548236131668091
1773049074,582550525,world,cf231,-2.6418685913085938,-1.745177984237671,0.9689614772796631
1773049074,582550525,world,cf231_leg,-2.6383306980133057,-1.75063157081604,0.9550919532775879
1773049074,584930035,world,cf231,-2.641819477081299,-1.7447333335876465,0.9690208435058594
1773049074,584930035,world,cf231_leg,-2.638139247894287,-1.7499295473098755,0.9549694061279297
1773049074,591361927,world,cf231,-2.641608476638794,-1.7441151142120361,0.9690488576889038
1773049074,591361927,world,cf231_leg,-2.6379411220550537,-1.7493005990982056,0.954970121383667
1773049074,595114362,world,cf231,-2.641512632369995,-1.743626594543457,0.969071626663208
1773049074,595114362,world,cf231_leg,-2.6378910541534424,-1.7488679885864258,0.9550490379333496
1773049074,600075305,world,cf231,-2.6412956714630127,-1.7432496547698975,0.9691632986068726
1773049074,600075305,world,cf231_leg,-2.6377198696136475,-1.7481056451797485,0.9550992250442505
1773049074,605101729,world,cf231,-2.6411051750183105,-1.7426913976669312,0.9691509008407593
1773049074,605101729,world,cf231_leg,-2.6375629901885986,-1.747611403465271,0.9551148414611816
1773049074,610225663,world,cf231,-2.64089035987854,-1.7421834468841553,0.9691603183746338
1773049074,610225663,world,cf231_leg,-2.6374292373657227,-1.7470670938491821,0.9551093578338623
1773049074,615438923,world,cf231,-2.6408884525299072,-1.7417596578598022,0.9692051410675049
1773049074,615438923,world,cf231_leg,-2.637409210205078,-1.746660590171814,0.9551550149917603
1773049074,620002114,world,cf231,-2.6407546997070312,-1.7413222789764404,0.9691785573959351
1773049074,620002114,world,cf231_leg,-2.6372296810150146,-1.746181845664978,0.9550707340240479
1773049074,626575932,world,cf231,-2.640643358230591,-1.7409495115280151,0.9691250324249268
1773049074,626575932,world,cf231_leg,-2.637063503265381,-1.7455781698226929,0.9550173282623291
1773049074,630029422,world,cf231,-2.6402993202209473,-1.7403098344802856,0.9690499305725098
1773049074,630029422,world,cf231_leg,-2.6369621753692627,-1.7451727390289307,0.954931378364563
1773049074,635034714,world,cf231,-2.6401307582855225,-1.7398097515106201,0.9689755439758301
1773049074,635034714,world,cf231_leg,-2.636791706085205,-1.7445347309112549,0.9548015594482422
1773049074,640010359,world,cf231,-2.640021562576294,-1.7393248081207275,0.9689450263977051
1773049074,640010359,world,cf231_leg,-2.636606216430664,-1.7437801361083984,0.9548344612121582
1773049074,644946925,world,cf231,-2.639986038208008,-1.738871693611145,0.9690424203872681
1773049074,644946925,world,cf231_leg,-2.636613607406616,-1.7433900833129883,0.955040454864502
1773049074,650078511,world,cf231,-2.639878273010254,-1.738417625427246,0.9690932035446167
1773049074,650078511,world,cf231_leg,-2.6366422176361084,-1.743025541305542,0.95508873462677
1773049074,655010347,world,cf231,-2.639780282974243,-1.7380725145339966,0.9691973924636841
1773049074,655010347,world,cf231_leg,-2.636526346206665,-1.7423604726791382,0.9550995826721191
1773049074,660033620,world,cf231,-2.639646291732788,-1.737640619277954,0.9692072868347168
1773049074,660033620,world,cf231_leg,-2.636483669281006,-1.7419946193695068,0.955336332321167
1773049074,667611382,world,cf231,-2.639523983001709,-1.737189769744873,0.9692065715789795
1773049074,667611382,world,cf231_leg,-2.63647723197937,-1.7414705753326416,0.9554570913314819
1773049074,669964895,world,cf231,-2.6394755840301514,-1.73671555519104,0.969179630279541
1773049074,669964895,world,cf231_leg,-2.6362013816833496,-1.7407745122909546,0.9552733898162842
1773049074,675047610,world,cf231,-2.639413595199585,-1.7362425327301025,0.9690805673599243
1773049074,675047610,world,cf231_leg,-2.636064052581787,-1.7401957511901855,0.95518958568573
1773049074,680033792,world,cf231,-2.639186143875122,-1.73573899269104,0.9690334796905518
1773049074,680033792,world,cf231_leg,-2.6359403133392334,-1.7397202253341675,0.9551031589508057
1773049074,685030543,world,cf231,-2.6391003131866455,-1.7353588342666626,0.9691100120544434
1773049074,685030543,world,cf231_leg,-2.6358556747436523,-1.7392075061798096,0.9550398588180542
1773049074,690099413,world,cf231,-2.6389782428741455,-1.734869122505188,0.968970775604248
1773049074,690099413,world,cf231_leg,-2.6358795166015625,-1.7387999296188354,0.9550576210021973
1773049074,695050893,world,cf231,-2.638986825942993,-1.7343918085098267,0.9689068794250488
1773049074,695050893,world,cf231_leg,-2.635779619216919,-1.7384326457977295,0.9551023244857788
1773049074,700181825,world,cf231,-2.6389575004577637,-1.733975887298584,0.9688446521759033
1773049074,700181825,world,cf231_leg,-2.635709047317505,-1.7378208637237549,0.9552152156829834
1773049074,704975156,world,cf231,-2.6388120651245117,-1.7335888147354126,0.9689323902130127
1773049074,704975156,world,cf231_leg,-2.6357064247131348,-1.737220048904419,0.9554539918899536
1773049074,710150572,world,cf231,-2.6386961936950684,-1.7330560684204102,0.9690110683441162
1773049074,710150572,world,cf231_leg,-2.6355478763580322,-1.7366900444030762,0.9553720951080322
1773049074,715033888,world,cf231,-2.638705015182495,-1.732702612876892,0.968969464302063
1773049074,715033888,world,cf231_leg,-2.6354875564575195,-1.736137866973877,0.9553436040878296
1773049074,720023966,world,cf231,-2.6386592388153076,-1.7321611642837524,0.9691390991210938
1773049074,720023966,world,cf231_leg,-2.6353580951690674,-1.7355114221572876,0.9554246664047241
1773049074,725007238,world,cf231,-2.6386234760284424,-1.731680989265442,0.9691696166992188
1773049074,725007238,world,cf231_leg,-2.635390043258667,-1.73518967628479,0.9556126594543457
1773049074,730088137,world,cf231,-2.6385862827301025,-1.7311991453170776,0.9692058563232422
1773049074,730088137,world,cf231_leg,-2.6354310512542725,-1.7347835302352905,0.9555976390838623
1773049074,736299534,world,cf231,-2.6383821964263916,-1.7306339740753174,0.9690878391265869
1773049074,736299534,world,cf231_leg,-2.635225772857666,-1.7342027425765991,0.9554487466812134
1773049074,740027775,world,cf231,-2.6383066177368164,-1.7302066087722778,0.9690909385681152
1773049074,740027775,world,cf231_leg,-2.63506817817688,-1.7335604429244995,0.9553878307342529
1773049074,745075708,world,cf231,-2.6384034156799316,-1.7297406196594238,0.9691927433013916
1773049074,745075708,world,cf231_leg,-2.634934425354004,-1.73297119140625,0.9552210569381714
1773049074,750226129,world,cf231,-2.638376235961914,-1.7293294668197632,0.9691425561904907
1773049074,750226129,world,cf231_leg,-2.634735584259033,-1.7324570417404175,0.9552310705184937
1773049074,755078847,world,cf231,-2.638448476791382,-1.7289040088653564,0.9692139625549316
1773049074,755078847,world,cf231_leg,-2.6347596645355225,-1.7319104671478271,0.9551271200180054
1773049074,761383637,world,cf231,-2.6381893157958984,-1.7282254695892334,0.9691406488418579
1773049074,761383637,world,cf231_leg,-2.634613513946533,-1.7314847707748413,0.9550604820251465
1773049074,765167554,world,cf231,-2.638127088546753,-1.7277543544769287,0.9690605401992798
1773049074,765167554,world,cf231_leg,-2.6346724033355713,-1.7310285568237305,0.9553011655807495
1773049074,769922864,world,cf231,-2.638113260269165,-1.7273445129394531,0.9691017866134644
1773049074,769922864,world,cf231_leg,-2.63460373878479,-1.7304127216339111,0.9553802013397217
1773049074,775097242,world,cf231,-2.638018846511841,-1.7267237901687622,0.9691380262374878
1773049074,775097242,world,cf231_leg,-2.634610414505005,-1.7298320531845093,0.9553482532501221
1773049074,779930582,world,cf231,-2.638105630874634,-1.7263537645339966,0.9694329500198364
1773049074,779930582,world,cf231_leg,-2.634608268737793,-1.7292903661727905,0.9553416967391968
1773049074,785234695,world,cf231,-2.6380813121795654,-1.7258272171020508,0.9693880081176758
1773049074,785234695,world,cf231_leg,-2.6344668865203857,-1.7286709547042847,0.9553836584091187
1773049074,790066863,world,cf231,-2.637998580932617,-1.7253247499465942,0.9694358110427856
1773049074,790066863,world,cf231_leg,-2.6344170570373535,-1.7281156778335571,0.955446720123291
1773049074,795043380,world,cf231,-2.637847661972046,-1.7245640754699707,0.9693094491958618
1773049074,795043380,world,cf231_leg,-2.6344094276428223,-1.7276582717895508,0.9553886651992798
1773049074,801174231,world,cf231,-2.6379313468933105,-1.7240992784500122,0.9693392515182495
1773049074,801174231,world,cf231_leg,-2.634387969970703,-1.7273330688476562,0.9553442001342773
1773049074,804991786,world,cf231,-2.638023614883423,-1.723703384399414,0.9692882299423218
1773049074,804991786,world,cf231_leg,-2.634366512298584,-1.7267274856567383,0.9553403854370117
1773049074,809962909,world,cf231,-2.6380252838134766,-1.7231634855270386,0.9693387746810913
1773049074,809962909,world,cf231_leg,-2.6342434883117676,-1.7261021137237549,0.9551595449447632
1773049074,816297415,world,cf231,-2.637834072113037,-1.7225654125213623,0.9692109823226929
1773049074,816297415,world,cf231_leg,-2.6340761184692383,-1.7254992723464966,0.9551428556442261
1773049074,820196810,world,cf231,-2.6378798484802246,-1.7221583127975464,0.9692255258560181
1773049074,820196810,world,cf231_leg,-2.6340391635894775,-1.724900484085083,0.9551253318786621
1773049074,826523774,world,cf231,-2.6380107402801514,-1.7217375040054321,0.969292163848877
1773049074,826523774,world,cf231_leg,-2.634047031402588,-1.72431480884552,0.9550626277923584
1773049074,830081052,world,cf231,-2.638046979904175,-1.72122061252594,0.9692543745040894
1773049074,830081052,world,cf231_leg,-2.6339967250823975,-1.7238789796829224,0.9551482200622559
1773049074,837437693,world,cf231,-2.6380953788757324,-1.720685601234436,0.9692039489746094
1773049074,837437693,world,cf231_leg,-2.633965015411377,-1.7233561277389526,0.9553537368774414
1773049074,840200336,world,cf231,-2.6378941535949707,-1.7199705839157104,0.9689898490905762
1773049074,840200336,world,cf231_leg,-2.6339359283447266,-1.7229125499725342,0.9551758766174316
1773049074,845062427,world,cf231,-2.6378419399261475,-1.7193642854690552,0.969184160232544
1773049074,845062427,world,cf231_leg,-2.6338706016540527,-1.7220975160598755,0.9553582668304443
1773049074,850275413,world,cf231,-2.6379497051239014,-1.7188475131988525,0.9691964387893677
1773049074,850275413,world,cf231_leg,-2.6337249279022217,-1.7215654850006104,0.9553601741790771
1773049074,855010347,world,cf231,-2.6379740238189697,-1.7183626890182495,0.9691680669784546
1773049074,855010347,world,cf231_leg,-2.6336121559143066,-1.7209290266036987,0.9552270174026489
1773049074,860210984,world,cf231,-2.637953042984009,-1.7177168130874634,0.9691118001937866
1773049074,860210984,world,cf231_leg,-2.6336216926574707,-1.7203344106674194,0.9551010131835938
1773049074,865146965,world,cf231,-2.6380255222320557,-1.7172905206680298,0.9691859483718872
1773049074,865146965,world,cf231_leg,-2.6335887908935547,-1.7199218273162842,0.9550567865371704
1773049074,870229801,world,cf231,-2.637859344482422,-1.7166320085525513,0.9689837694168091
1773049074,870229801,world,cf231_leg,-2.633549690246582,-1.7195236682891846,0.9549518823623657
1773049074,874972841,world,cf231,-2.6378023624420166,-1.7160755395889282,0.9689921140670776
1773049074,874972841,world,cf231_leg,-2.63348388671875,-1.718968152999878,0.9550635814666748
1773049074,881033928,world,cf231,-2.637970209121704,-1.715558648109436,0.968960165977478
1773049074,881033928,world,cf231_leg,-2.633408308029175,-1.7182821035385132,0.9549897909164429
1773049074,886368864,world,cf231,-2.6380062103271484,-1.715040683746338,0.9689246416091919
1773049074,886368864,world,cf231_leg,-2.6333670616149902,-1.717763066291809,0.9548883438110352
1773049074,891702019,world,cf231,-2.638077735900879,-1.7146128416061401,0.9690032005310059
1773049074,891702019,world,cf231_leg,-2.6334052085876465,-1.7171388864517212,0.9552432298660278
1773049074,895016322,world,cf231,-2.6380369663238525,-1.7139631509780884,0.9691400527954102
1773049074,895016322,world,cf231_leg,-2.6333675384521484,-1.716484546661377,0.9550080299377441
1773049074,900023245,world,cf231,-2.638000965118408,-1.713437557220459,0.9690216779708862
1773049074,900023245,world,cf231_leg,-2.6334240436553955,-1.7161145210266113,0.9551923274993896
1773049074,905045158,world,cf231,-2.6380600929260254,-1.7129851579666138,0.9689568281173706
1773049074,905045158,world,cf231_leg,-2.6333117485046387,-1.7154791355133057,0.955288290977478
1773049074,910168163,world,cf231,-2.6381046772003174,-1.7122987508773804,0.9690952301025391
1773049074,910168163,world,cf231_leg,-2.633366584777832,-1.7149173021316528,0.9552358388900757
1773049074,915024939,world,cf231,-2.638131618499756,-1.7116576433181763,0.9689377546310425
1773049074,915024939,world,cf231_leg,-2.633293867111206,-1.7142665386199951,0.9552583694458008
1773049074,920157768,world,cf231,-2.6380386352539062,-1.7110458612442017,0.9689559936523438
1773049074,920157768,world,cf231_leg,-2.633112907409668,-1.7136709690093994,0.9552233219146729
1773049074,925147883,world,cf231,-2.637967109680176,-1.71048903465271,0.9688959121704102
1773049074,925147883,world,cf231_leg,-2.632970094680786,-1.713011622428894,0.9551554918289185
1773049074,929965155,world,cf231,-2.6379594802856445,-1.7099554538726807,0.9688843488693237
1773049074,929965155,world,cf231_leg,-2.632892608642578,-1.7125544548034668,0.9550681114196777
1773049074,936351845,world,cf231,-2.638045310974121,-1.7094841003417969,0.9688787460327148
1773049074,936351845,world,cf231_leg,-2.6329236030578613,-1.7120397090911865,0.9550237655639648
1773049074,940082384,world,cf231,-2.6378824710845947,-1.7087284326553345,0.9687875509262085
1773049074,940082384,world,cf231_leg,-2.632896900177002,-1.711511254310608,0.9549423456192017
1773049074,945048267,world,cf231,-2.637924909591675,-1.7081271409988403,0.9688355922698975
1773049074,945048267,world,cf231_leg,-2.6327240467071533,-1.710716724395752,0.9549635648727417
1773049074,950002192,world,cf231,-2.637782335281372,-1.707438349723816,0.9686688184738159
1773049074,950002192,world,cf231_leg,-2.6326801776885986,-1.7101978063583374,0.95511794090271
1773049074,955103608,world,cf231,-2.637787342071533,-1.7068041563034058,0.9687808752059937
1773049074,955103608,world,cf231_leg,-2.6327383518218994,-1.709545612335205,0.9551125764846802
1773049074,960026410,world,cf231,-2.6378324031829834,-1.7063912153244019,0.9687849283218384
1773049074,960026410,world,cf231_leg,-2.6327452659606934,-1.7089691162109375,0.9551328420639038
1773049074,965300040,world,cf231,-2.637988328933716,-1.705761432647705,0.9690299034118652
1773049074,965300040,world,cf231_leg,-2.6327338218688965,-1.7084734439849854,0.9552174806594849
1773049074,970067090,world,cf231,-2.637934923171997,-1.7050886154174805,0.9690452814102173
1773049074,970067090,world,cf231_leg,-2.632758617401123,-1.7079229354858398,0.955333948135376
1773049074,975048814,world,cf231,-2.6379010677337646,-1.7046102285385132,0.96909499168396
1773049074,975048814,world,cf231_leg,-2.632758617401123,-1.7072303295135498,0.9552352428436279
1773049074,979873905,world,cf231,-2.6377487182617188,-1.7039512395858765,0.968985915184021
1773049074,979873905,world,cf231_leg,-2.632520914077759,-1.7065848112106323,0.9550423622131348
1773049074,985054830,world,cf231,-2.63789963722229,-1.7034412622451782,0.9692672491073608
1773049074,985054830,world,cf231_leg,-2.6324713230133057,-1.7059954404830933,0.9550222158432007
1773049074,990132226,world,cf231,-2.6377618312835693,-1.7026312351226807,0.9690680503845215
1773049074,990132226,world,cf231_leg,-2.632431745529175,-1.705359697341919,0.9549311399459839
1773049074,994992573,world,cf231,-2.6378297805786133,-1.7019760608673096,0.9690773487091064
1773049074,994992573,world,cf231_leg,-2.6323745250701904,-1.704849362373352,0.9550656080245972
1773049075,274688,world,cf231,-2.637726306915283,-1.7013734579086304,0.9690515995025635
1773049075,274688,world,cf231_leg,-2.632382869720459,-1.7043874263763428,0.9550555944442749
1773049075,5121480,world,cf231,-2.637648344039917,-1.7007604837417603,0.9691407680511475
1773049075,5121480,world,cf231_leg,-2.6322224140167236,-1.7036585807800293,0.9549592733383179
1773049075,10119771,world,cf231,-2.6376216411590576,-1.7000807523727417,0.9692869186401367
1773049075,10119771,world,cf231_leg,-2.6321213245391846,-1.7029809951782227,0.9550138711929321
1773049075,15303658,world,cf231,-2.6375205516815186,-1.699355125427246,0.9692344665527344
1773049075,15303658,world,cf231_leg,-2.6320319175720215,-1.702287197113037,0.9550659656524658
1773049075,19943593,world,cf231,-2.6375749111175537,-1.6987366676330566,0.9692938327789307
1773049075,19943593,world,cf231_leg,-2.6319615840911865,-1.7016699314117432,0.9551905393600464
1773049075,25023767,world,cf231,-2.637497663497925,-1.6981174945831299,0.9693470001220703
1773049075,25023767,world,cf231_leg,-2.631959915161133,-1.7010079622268677,0.955203652381897
1773049075,30056671,world,cf231,-2.6373841762542725,-1.6973872184753418,0.9691838026046753
1773049075,30056671,world,cf231_leg,-2.6319329738616943,-1.700599193572998,0.9551435708999634
1773049075,35028846,world,cf231,-2.6373789310455322,-1.6967253684997559,0.9691327810287476
1773049075,35028846,world,cf231_leg,-2.631906270980835,-1.7000764608383179,0.9551106691360474
1773049075,39991880,world,cf231,-2.6374077796936035,-1.696142554283142,0.9692180156707764
1773049075,39991880,world,cf231_leg,-2.6316990852355957,-1.6992357969284058,0.9551970958709717
1773049075,45237500,world,cf231,-2.637463092803955,-1.6955246925354004,0.969275951385498
1773049075,45237500,world,cf231_leg,-2.63159441947937,-1.6986398696899414,0.9549480676651001
1773049075,50327563,world,cf231,-2.6374101638793945,-1.694880723953247,0.9693785905838013
1773049075,50327563,world,cf231_leg,-2.6315343379974365,-1.6980925798416138,0.9549884796142578
1773049075,55082542,world,cf231,-2.6372597217559814,-1.6942222118377686,0.9692656993865967
1773049075,55082542,world,cf231_leg,-2.6315603256225586,-1.6974221467971802,0.9551039934158325
1773049075,60053856,world,cf231,-2.6372692584991455,-1.6935936212539673,0.9693869352340698
1773049075,60053856,world,cf231_leg,-2.6315159797668457,-1.696906328201294,0.955292820930481
1773049075,65481214,world,cf231,-2.637220859527588,-1.6928014755249023,0.9693896770477295
1773049075,65481214,world,cf231_leg,-2.6316020488739014,-1.696363091468811,0.9553971290588379
1773049075,69997971,world,cf231,-2.6371212005615234,-1.6920655965805054,0.9692842960357666
1773049075,69997971,world,cf231_leg,-2.6314148902893066,-1.6956983804702759,0.9554358720779419
1773049075,76288346,world,cf231,-2.6371376514434814,-1.6915080547332764,0.969345211982727
1773049075,76288346,world,cf231_leg,-2.6313681602478027,-1.6950422525405884,0.9556165933609009
1773049075,80028992,world,cf231,-2.6369307041168213,-1.690756916999817,0.969333291053772
1773049075,80028992,world,cf231_leg,-2.6312482357025146,-1.6944499015808105,0.9555531740188599
1773049075,85163948,world,cf231,-2.6368420124053955,-1.6901459693908691,0.9693448543548584
1773049075,85163948,world,cf231_leg,-2.6311800479888916,-1.6938287019729614,0.9556424617767334
1773049075,90073993,world,cf231,-2.6367554664611816,-1.6894246339797974,0.9694005250930786
1773049075,90073993,world,cf231_leg,-2.631166934967041,-1.6932467222213745,0.9554400444030762
1773049075,95034975,world,cf231,-2.636643171310425,-1.688743233680725,0.9694274663925171
1773049075,95034975,world,cf231_leg,-2.6310107707977295,-1.692714810371399,0.9553725719451904
1773049075,100043682,world,cf231,-2.6366517543792725,-1.688090205192566,0.9694314002990723
1773049075,100043682,world,cf231_leg,-2.6308512687683105,-1.6920262575149536,0.9554243087768555
1773049075,105012159,world,cf231,-2.6365368366241455,-1.687280297279358,0.9694476127624512
1773049075,105012159,world,cf231_leg,-2.6308302879333496,-1.6914690732955933,0.9556553363800049
1773049075,110120991,world,cf231,-2.6364850997924805,-1.6868011951446533,0.9697775840759277
1773049075,110120991,world,cf231_leg,-2.6305031776428223,-1.6906675100326538,0.9555071592330933
1773049075,115023989,world,cf231,-2.636336088180542,-1.6861793994903564,0.9697825908660889
1773049075,115023989,world,cf231_leg,-2.630490303039551,-1.6900150775909424,0.9554952383041382
1773049075,120026927,world,cf231,-2.636275291442871,-1.6853975057601929,0.9697647094726562
1773049075,120026927,world,cf231_leg,-2.630511999130249,-1.6894632577896118,0.9558751583099365
1773049075,125246107,world,cf231,-2.636237382888794,-1.6847219467163086,0.9698542356491089
1773049075,125246107,world,cf231_leg,-2.6305558681488037,-1.6889429092407227,0.9559065103530884
1773049075,130027360,world,cf231,-2.636147975921631,-1.6841291189193726,0.9699736833572388
1773049075,130027360,world,cf231_leg,-2.6303725242614746,-1.6882649660110474,0.9558464288711548
1773049075,135019812,world,cf231,-2.636131763458252,-1.6835249662399292,0.9700717926025391
1773049075,135019812,world,cf231_leg,-2.6303322315216064,-1.6878665685653687,0.9557822942733765
1773049075,140033631,world,cf231,-2.635998249053955,-1.6827986240386963,0.9701588153839111
1773049075,140033631,world,cf231_leg,-2.6301686763763428,-1.6871001720428467,0.955610990524292
1773049075,145180953,world,cf231,-2.6358602046966553,-1.6820887327194214,0.9699529409408569
1773049075,145180953,world,cf231_leg,-2.629958391189575,-1.6863185167312622,0.9554907083511353
1773049075,150046545,world,cf231,-2.6358604431152344,-1.6813409328460693,0.9699922800064087
1773049075,150046545,world,cf231_leg,-2.629826068878174,-1.6857690811157227,0.9555078744888306
1773049075,155050362,world,cf231,-2.635713815689087,-1.680601716041565,0.9700068235397339
1773049075,155050362,world,cf231_leg,-2.6298105716705322,-1.6853495836257935,0.9554951190948486
1773049075,159956507,world,cf231,-2.635615825653076,-1.6799085140228271,0.9700549840927124
1773049075,159956507,world,cf231_leg,-2.6298704147338867,-1.6847072839736938,0.9557846784591675
1773049075,165188966,world,cf231,-2.635499954223633,-1.679341435432434,0.9700784683227539
1773049075,165188966,world,cf231_leg,-2.629767417907715,-1.6841415166854858,0.9558382034301758
1773049075,170092129,world,cf231,-2.6354799270629883,-1.678842306137085,0.9701204299926758
1773049075,170092129,world,cf231_leg,-2.6295926570892334,-1.6834248304367065,0.9557723999023438
1773049075,175033609,world,cf231,-2.6354918479919434,-1.6781799793243408,0.9701379537582397
1773049075,175033609,world,cf231_leg,-2.6295764446258545,-1.6827828884124756,0.956079363822937
1773049075,179968359,world,cf231,-2.6353812217712402,-1.6774849891662598,0.9700937271118164
1773049075,179968359,world,cf231_leg,-2.6293859481811523,-1.6820679903030396,0.9559693336486816
1773049075,185163053,world,cf231,-2.635183811187744,-1.6768085956573486,0.9700330495834351
1773049075,185163053,world,cf231_leg,-2.629206657409668,-1.681565284729004,0.9558025598526001
1773049075,190054038,world,cf231,-2.634955883026123,-1.6760140657424927,0.9701000452041626
1773049075,190054038,world,cf231_leg,-2.629239559173584,-1.6810710430145264,0.9558950662612915
1773049075,195168713,world,cf231,-2.634840488433838,-1.6754437685012817,0.9701049327850342
1773049075,195168713,world,cf231_leg,-2.629101514816284,-1.6804546117782593,0.9559839963912964
1773049075,200096069,world,cf231,-2.6348161697387695,-1.6749427318572998,0.9701790809631348
1773049075,200096069,world,cf231_leg,-2.629023313522339,-1.6800000667572021,0.9559496641159058
1773049075,205023025,world,cf231,-2.634767770767212,-1.674269676208496,0.9701892137527466
1773049075,205023025,world,cf231_leg,-2.6287643909454346,-1.6793222427368164,0.9559038877487183
1773049075,210066844,world,cf231,-2.634596824645996,-1.6735804080963135,0.9702243804931641
1773049075,210066844,world,cf231_leg,-2.6286256313323975,-1.6785905361175537,0.9560233354568481
1773049075,216180031,world,cf231,-2.634338855743408,-1.6729122400283813,0.9702621698379517
1773049075,216180031,world,cf231_leg,-2.628417491912842,-1.6779996156692505,0.9561220407485962
1773049075,220282889,world,cf231,-2.6342363357543945,-1.6723023653030396,0.9702233076095581
1773049075,220282889,world,cf231_leg,-2.6284053325653076,-1.677570104598999,0.9560250043869019
1773049075,225083787,world,cf231,-2.6341240406036377,-1.671621322631836,0.9702721834182739
1773049075,225083787,world,cf231_leg,-2.628415107727051,-1.6770275831222534,0.9563825130462646
1773049075,230072825,world,cf231,-2.6341123580932617,-1.670954942703247,0.9705132246017456
1773049075,230072825,world,cf231_leg,-2.6281611919403076,-1.6762347221374512,0.9563192129135132
1773049075,236579299,world,cf231,-2.6339471340179443,-1.6704615354537964,0.9705092906951904
1773049075,236579299,world,cf231_leg,-2.6280150413513184,-1.6758124828338623,0.9563184976577759
1773049075,240190048,world,cf231,-2.6335341930389404,-1.6696619987487793,0.9703090190887451
1773049075,240190048,world,cf231_leg,-2.6278598308563232,-1.675158977508545,0.956249475479126
1773049075,245262769,world,cf231,-2.633545160293579,-1.6690717935562134,0.9705722332000732
1773049075,245262769,world,cf231_leg,-2.627671241760254,-1.674442172050476,0.9561189413070679
1773049075,249996294,world,cf231,-2.6334171295166016,-1.6684911251068115,0.9705225229263306
1773049075,249996294,world,cf231_leg,-2.627668857574463,-1.6740195751190186,0.9561761617660522
1773049075,255007279,world,cf231,-2.633268117904663,-1.6679002046585083,0.9706344604492188
1773049075,255007279,world,cf231_leg,-2.6275882720947266,-1.6735174655914307,0.9562029838562012
1773049075,260206418,world,cf231,-2.633179187774658,-1.667285442352295,0.9706519842147827
1773049075,260206418,world,cf231_leg,-2.6275126934051514,-1.6730618476867676,0.9561465978622437
1773049075,265174873,world,cf231,-2.633052110671997,-1.666729211807251,0.9706512689590454
1773049075,265174873,world,cf231_leg,-2.627300262451172,-1.6723977327346802,0.9560514688491821
1773049075,270169978,world,cf231,-2.6328163146972656,-1.666133999824524,0.9706225395202637
1773049075,270169978,world,cf231_leg,-2.627201795578003,-1.671861171722412,0.9561518430709839
1773049075,275110124,world,cf231,-2.6325974464416504,-1.6653770208358765,0.9705204963684082
1773049075,275110124,world,cf231_leg,-2.6270337104797363,-1.6710972785949707,0.9562745094299316
1773049075,280024164,world,cf231,-2.6325302124023438,-1.6648272275924683,0.9705114364624023
1773049075,280024164,world,cf231_leg,-2.6269185543060303,-1.6704151630401611,0.9562731981277466
1773049075,285064940,world,cf231,-2.6323421001434326,-1.6642568111419678,0.970486044883728
1773049075,285064940,world,cf231_leg,-2.6269168853759766,-1.6700268983840942,0.9564340114593506
1773049075,290110958,world,cf231,-2.632157802581787,-1.6636008024215698,0.9705523252487183
1773049075,290110958,world,cf231_leg,-2.6268677711486816,-1.6695547103881836,0.9564383029937744
1773049075,296392922,world,cf231,-2.6319336891174316,-1.663002371788025,0.9706032276153564
1773049075,296392922,world,cf231_leg,-2.6267313957214355,-1.6690480709075928,0.9564650058746338
1773049075,300344168,world,cf231,-2.6318166255950928,-1.6625547409057617,0.9706336259841919
1773049075,300344168,world,cf231_leg,-2.6265764236450195,-1.6685088872909546,0.9563664197921753
1773049075,304996671,world,cf231,-2.631789207458496,-1.6619439125061035,0.9706223011016846
1773049075,304996671,world,cf231_leg,-2.6264801025390625,-1.6679816246032715,0.9562890529632568
1773049075,313192891,world,cf231,-2.631497383117676,-1.6612285375595093,0.970625638961792
1773049075,313192891,world,cf231_leg,-2.626288414001465,-1.6672779321670532,0.9562748670578003
1773049075,315196547,world,cf231,-2.6313555240631104,-1.6606746912002563,0.9705723524093628
1773049075,315196547,world,cf231_leg,-2.6261162757873535,-1.666804313659668,0.9564189910888672
1773049075,320191471,world,cf231,-2.631120443344116,-1.660079002380371,0.9705429077148438
1773049075,320191471,world,cf231_leg,-2.62585186958313,-1.6660844087600708,0.9559990167617798
1773049075,325023539,world,cf231,-2.6309409141540527,-1.6596087217330933,0.9705188274383545
1773049075,325023539,world,cf231_leg,-2.6258485317230225,-1.665777564048767,0.9560468196868896
1773049075,330163378,world,cf231,-2.630676031112671,-1.6590384244918823,0.9704896211624146
1773049075,330163378,world,cf231_leg,-2.6258959770202637,-1.6653119325637817,0.9562985897064209
1773049075,336515175,world,cf231,-2.6306450366973877,-1.6585500240325928,0.9705073833465576
1773049075,336515175,world,cf231_leg,-2.625709056854248,-1.6647917032241821,0.9564164876937866
1773049075,340142127,world,cf231,-2.6305158138275146,-1.6581337451934814,0.9706175327301025
1773049075,340142127,world,cf231_leg,-2.625629186630249,-1.6642941236495972,0.9564728736877441
1773049075,345257883,world,cf231,-2.630136728286743,-1.6574194431304932,0.970516562461853
1773049075,345257883,world,cf231_leg,-2.625473976135254,-1.6636441946029663,0.9564347267150879
1773049075,350220569,world,cf231,-2.6298747062683105,-1.6568926572799683,0.9706164598464966
1773049075,350220569,world,cf231_leg,-2.62534761428833,-1.6630194187164307,0.9565848112106323
1773049075,355013558,world,cf231,-2.6298129558563232,-1.6565316915512085,0.9705336093902588
1773049075,355013558,world,cf231_leg,-2.6252381801605225,-1.6626451015472412,0.956529974937439
1773049075,360059655,world,cf231,-2.6297240257263184,-1.655953049659729,0.9706729650497437
1773049075,360059655,world,cf231_leg,-2.6250956058502197,-1.662139654159546,0.9566211700439453
1773049075,365217350,world,cf231,-2.629593849182129,-1.6555386781692505,0.9708042144775391
1773049075,365217350,world,cf231_leg,-2.6249847412109375,-1.6617741584777832,0.9566307067871094
1773049075,370088278,world,cf231,-2.6293928623199463,-1.655009388923645,0.9708414077758789
1773049075,370088278,world,cf231_leg,-2.6249170303344727,-1.6611812114715576,0.9564164876937866
1773049075,375059065,world,cf231,-2.629322052001953,-1.6545746326446533,0.9708269834518433
1773049075,375059065,world,cf231_leg,-2.624663829803467,-1.6607396602630615,0.9565092325210571
1773049075,380247829,world,cf231,-2.6290948390960693,-1.6540608406066895,0.9707845449447632
1773049075,380247829,world,cf231_leg,-2.6244754791259766,-1.6601775884628296,0.9564988613128662
1773049075,385082648,world,cf231,-2.62896728515625,-1.6534861326217651,0.9706977605819702
1773049075,385082648,world,cf231_leg,-2.6243185997009277,-1.659595251083374,0.9562742710113525
1773049075,390090692,world,cf231,-2.628835916519165,-1.65304434299469,0.9706919193267822
1773049075,390090692,world,cf231_leg,-2.6241137981414795,-1.6591567993164062,0.9562371969223022
1773049075,395078085,world,cf231,-2.628695249557495,-1.6524869203567505,0.970618486404419
1773049075,395078085,world,cf231_leg,-2.6241042613983154,-1.6586624383926392,0.9563585519790649
1773049075,400067673,world,cf231,-2.6284773349761963,-1.6520912647247314,0.9706621170043945
1773049075,400067673,world,cf231_leg,-2.6239423751831055,-1.6580780744552612,0.95638108253479
1773049075,405196105,world,cf231,-2.6282851696014404,-1.6516319513320923,0.9706135988235474
1773049075,405196105,world,cf231_leg,-2.6238300800323486,-1.6578289270401,0.9563796520233154
1773049075,410028822,world,cf231,-2.6282272338867188,-1.6511954069137573,0.9706746339797974
1773049075,410028822,world,cf231_leg,-2.623844623565674,-1.6571661233901978,0.9567136764526367
1773049075,415159941,world,cf231,-2.6281299591064453,-1.6507723331451416,0.9705640077590942
1773049075,415159941,world,cf231_leg,-2.623596429824829,-1.6565531492233276,0.9565670490264893
1773049075,420089134,world,cf231,-2.6280035972595215,-1.6502394676208496,0.9706116914749146
1773049075,420089134,world,cf231_leg,-2.6236422061920166,-1.6562975645065308,0.9566621780395508
1773049075,425080521,world,cf231,-2.6279079914093018,-1.6498589515686035,0.9706342220306396
1773049075,425080521,world,cf231_leg,-2.623424768447876,-1.65571129322052,0.956480860710144
1773049075,430060708,world,cf231,-2.627584457397461,-1.6492658853530884,0.9705196619033813
1773049075,430060708,world,cf231_leg,-2.623267412185669,-1.6552858352661133,0.9563757181167603
1773049075,435036944,world,cf231,-2.6274662017822266,-1.64877450466156,0.9704164266586304
1773049075,435036944,world,cf231_leg,-2.623147487640381,-1.65468430519104,0.9563053846359253
1773049075,440177524,world,cf231,-2.627443790435791,-1.6483925580978394,0.9704717397689819
1773049075,440177524,world,cf231_leg,-2.6230626106262207,-1.6542987823486328,0.956363320350647
1773049075,445043928,world,cf231,-2.62733793258667,-1.6478990316390991,0.9704462289810181
1773049075,445043928,world,cf231_leg,-2.622997999191284,-1.653947114944458,0.9563248157501221
1773049075,450210986,world,cf231,-2.627288818359375,-1.6475671529769897,0.9705249071121216
1773049075,450210986,world,cf231_leg,-2.622972011566162,-1.6535391807556152,0.956299901008606
1773049075,456497280,world,cf231,-2.627108097076416,-1.6470633745193481,0.9704185724258423
1773049075,456497280,world,cf231_leg,-2.6226704120635986,-1.6531054973602295,0.9560902118682861
1773049075,460117554,world,cf231,-2.6270012855529785,-1.6465717554092407,0.9704140424728394
1773049075,460117554,world,cf231_leg,-2.622744083404541,-1.6526845693588257,0.9561692476272583
1773049075,465162173,world,cf231,-2.626966953277588,-1.6461957693099976,0.9704076051712036
1773049075,465162173,world,cf231_leg,-2.6224000453948975,-1.6519615650177002,0.9558771848678589
1773049075,470078777,world,cf231,-2.626936197280884,-1.6457027196884155,0.9704089164733887
1773049075,470078777,world,cf231_leg,-2.6223344802856445,-1.6516085863113403,0.955842137336731
1773049075,474921294,world,cf231,-2.626803398132324,-1.6452207565307617,0.9702876806259155
1773049075,474921294,world,cf231_leg,-2.622189521789551,-1.6511749029159546,0.9557780027389526
1773049075,480107854,world,cf231,-2.6266727447509766,-1.6447818279266357,0.9702976942062378
1773049075,480107854,world,cf231_leg,-2.622126579284668,-1.6507011651992798,0.955720067024231
1773049075,485156879,world,cf231,-2.6265058517456055,-1.6442668437957764,0.9702130556106567
1773049075,485156879,world,cf231_leg,-2.6219406127929688,-1.6502118110656738,0.955926775932312
1773049075,490237673,world,cf231,-2.626528024673462,-1.6437362432479858,0.9703390598297119
1773049075,490237673,world,cf231_leg,-2.6220579147338867,-1.649955153465271,0.9560554027557373
1773049075,495303831,world,cf231,-2.626476526260376,-1.6433322429656982,0.9702199697494507
1773049075,495303831,world,cf231_leg,-2.622002601623535,-1.6495288610458374,0.9561067819595337
1773049075,499960206,world,cf231,-2.626400947570801,-1.6429736614227295,0.9700831174850464
1773049075,499960206,world,cf231_leg,-2.6219398975372314,-1.6491707563400269,0.9560179710388184
1773049075,505213044,world,cf231,-2.626251220703125,-1.6426572799682617,0.9700520038604736
1773049075,505213044,world,cf231_leg,-2.6217715740203857,-1.6486831903457642,0.9560613632202148
1773049075,510093421,world,cf231,-2.626107692718506,-1.6422194242477417,0.9699867963790894
1773049075,510093421,world,cf231_leg,-2.6216180324554443,-1.6481798887252808,0.9560786485671997
1773049075,515041787,world,cf231,-2.6260809898376465,-1.6419222354888916,0.9699511528015137
1773049075,515041787,world,cf231_leg,-2.621490955352783,-1.647574543952942,0.9558612108230591
1773049075,520034746,world,cf231,-2.6259357929229736,-1.6414480209350586,0.9697880744934082
1773049075,520034746,world,cf231_leg,-2.621434211730957,-1.6473414897918701,0.955937385559082
1773049075,525194902,world,cf231,-2.6259939670562744,-1.6409856081008911,0.9699777364730835
1773049075,525194902,world,cf231_leg,-2.621299982070923,-1.6468523740768433,0.9557574987411499
1773049075,530065745,world,cf231,-2.6259102821350098,-1.6406055688858032,0.9700956344604492
1773049075,530065745,world,cf231_leg,-2.6210734844207764,-1.6463346481323242,0.955673336982727
1773049075,535034728,world,cf231,-2.625620126724243,-1.6400258541107178,0.9698611497879028
1773049075,535034728,world,cf231_leg,-2.621079921722412,-1.6461048126220703,0.9556828737258911
1773049075,539974333,world,cf231,-2.6255834102630615,-1.6396400928497314,0.9698281288146973
1773049075,539974333,world,cf231_leg,-2.621049642562866,-1.645828127861023,0.9557620286941528
1773049075,545089877,world,cf231,-2.62555193901062,-1.6391555070877075,0.9698853492736816
1773049075,545089877,world,cf231_leg,-2.620918035507202,-1.6453496217727661,0.9556175470352173
1773049075,550163776,world,cf231,-2.625619888305664,-1.6389217376708984,0.9698581695556641
1773049075,550163776,world,cf231_leg,-2.620889663696289,-1.6450985670089722,0.9557363986968994
1773049075,554994440,world,cf231,-2.6255593299865723,-1.6385984420776367,0.9698935747146606
1773049075,554994440,world,cf231_leg,-2.620814800262451,-1.6446324586868286,0.9556365013122559
1773049075,560014308,world,cf231,-2.625246524810791,-1.6381127834320068,0.9698786735534668
1773049075,560014308,world,cf231_leg,-2.6205615997314453,-1.6441389322280884,0.9555338621139526
1773049075,565038762,world,cf231,-2.625068187713623,-1.6376233100891113,0.9698358774185181
1773049075,565038762,world,cf231_leg,-2.6203882694244385,-1.643721580505371,0.9554293155670166
1773049075,570113777,world,cf231,-2.6250545978546143,-1.637320876121521,0.9698590040206909
1773049075,570113777,world,cf231_leg,-2.6202800273895264,-1.6434369087219238,0.9557000398635864
1773049075,575166608,world,cf231,-2.625114917755127,-1.6369801759719849,0.9697927236557007
1773049075,575166608,world,cf231_leg,-2.6202151775360107,-1.6429282426834106,0.9555598497390747
1773049075,579922664,world,cf231,-2.624922752380371,-1.6365256309509277,0.9697798490524292
1773049075,579922664,world,cf231_leg,-2.6201539039611816,-1.6426057815551758,0.9555704593658447
1773049075,585212936,world,cf231,-2.6247777938842773,-1.6360825300216675,0.9697015285491943
1773049075,585212936,world,cf231_leg,-2.620140552520752,-1.6422913074493408,0.9554835557937622
1773049075,590053709,world,cf231,-2.6246421337127686,-1.6357616186141968,0.9697265625
1773049075,590053709,world,cf231_leg,-2.619997262954712,-1.6419488191604614,0.9557424783706665
1773049075,595104306,world,cf231,-2.624668598175049,-1.6354283094406128,0.9699058532714844
1773049075,595104306,world,cf231_leg,-2.6199841499328613,-1.641594409942627,0.955520510673523
1773049075,600257842,world,cf231,-2.624594211578369,-1.635111927986145,0.9699029922485352
1773049075,600257842,world,cf231_leg,-2.6198582649230957,-1.641117811203003,0.9557456970214844
1773049075,605289951,world,cf231,-2.624493360519409,-1.6348074674606323,0.969802975654602
1773049075,605289951,world,cf231_leg,-2.6198325157165527,-1.640708088874817,0.9557238817214966
1773049075,609980497,world,cf231,-2.6243698596954346,-1.6344445943832397,0.9696952104568481
1773049075,609980497,world,cf231_leg,-2.6197314262390137,-1.6403007507324219,0.9557099342346191
1773049075,615138965,world,cf231,-2.6242692470550537,-1.6341503858566284,0.9696465730667114
1773049075,615138965,world,cf231_leg,-2.619584321975708,-1.6399821043014526,0.9556372165679932
1773049075,620215943,world,cf231,-2.624138355255127,-1.6337002515792847,0.969605565071106
1773049075,620215943,world,cf231_leg,-2.619459629058838,-1.6396185159683228,0.9555960893630981
1773049075,625012224,world,cf231,-2.6240546703338623,-1.633267879486084,0.9695349931716919
1773049075,625012224,world,cf231_leg,-2.6193978786468506,-1.6391445398330688,0.955535888671875
1773049075,630063548,world,cf231,-2.62400221824646,-1.6330204010009766,0.9695218801498413
1773049075,630063548,world,cf231_leg,-2.6192617416381836,-1.638778805732727,0.9553906917572021
1773049075,635341762,world,cf231,-2.62400221824646,-1.6327170133590698,0.969619870185852
1773049075,635341762,world,cf231_leg,-2.6193149089813232,-1.638598084449768,0.9554567337036133
1773049075,640062983,world,cf231,-2.6238045692443848,-1.6323394775390625,0.9694830179214478
1773049075,640062983,world,cf231_leg,-2.6193578243255615,-1.6382604837417603,0.9553121328353882
1773049075,645198290,world,cf231,-2.6237432956695557,-1.6320217847824097,0.9695556163787842
1773049075,645198290,world,cf231_leg,-2.6192495822906494,-1.6378902196884155,0.9552842378616333
1773049075,650046396,world,cf231,-2.6236681938171387,-1.631669282913208,0.9694525003433228
1773049075,650046396,world,cf231_leg,-2.619110107421875,-1.6376501321792603,0.9551936388015747
1773049075,655147486,world,cf231,-2.62358021736145,-1.631353497505188,0.9693751335144043
1773049075,655147486,world,cf231_leg,-2.619180202484131,-1.6371992826461792,0.9552452564239502
1773049075,671069712,world,cf231,-2.623492479324341,-1.6310408115386963,0.969315767288208
1773049075,671069712,world,cf231_leg,-2.6189494132995605,-1.6367677450180054,0.9550981521606445
1773049075,671262111,world,cf231,-2.6235361099243164,-1.6308659315109253,0.9693400859832764
1773049075,671262111,world,cf231_leg,-2.618847608566284,-1.6364673376083374,0.9550105333328247
1773049075,675754373,world,cf231,-2.6233479976654053,-1.6306074857711792,0.9692888259887695
1773049075,675754373,world,cf231_leg,-2.6187963485717773,-1.636061668395996,0.9548482894897461
1773049075,676181647,world,cf231,-2.6232292652130127,-1.6301065683364868,0.9691534042358398
1773049075,676181647,world,cf231_leg,-2.618685722351074,-1.6356887817382812,0.9548283815383911
1773049075,683072606,world,cf231,-2.6233861446380615,-1.629827618598938,0.9690731763839722
1773049075,683072606,world,cf231_leg,-2.6185755729675293,-1.6353164911270142,0.9548071622848511
1773049075,685542589,world,cf231,-2.62327241897583,-1.629569172859192,0.9690518379211426
1773049075,685542589,world,cf231_leg,-2.61850643157959,-1.6350420713424683,0.9546641111373901
1773049075,692357468,world,cf231,-2.623197555541992,-1.6292134523391724,0.968930721282959
1773049075,692357468,world,cf231_leg,-2.618490695953369,-1.6347352266311646,0.9546453952789307
1773049075,695149041,world,cf231,-2.6231095790863037,-1.628904104232788,0.9688887596130371
1773049075,695149041,world,cf231_leg,-2.6184353828430176,-1.634454369544983,0.9545398950576782
1773049075,700037742,world,cf231,-2.6231443881988525,-1.6286165714263916,0.9688626527786255
1773049075,700037742,world,cf231_leg,-2.6182878017425537,-1.6341370344161987,0.9544841051101685
1773049075,705077788,world,cf231,-2.623056650161743,-1.6283005475997925,0.9687851667404175
1773049075,705077788,world,cf231_leg,-2.6182854175567627,-1.633783221244812,0.9543691873550415
1773049075,711520911,world,cf231,-2.623016357421875,-1.6280028820037842,0.9686764478683472
1773049075,711520911,world,cf231_leg,-2.6183128356933594,-1.6333481073379517,0.9545173645019531
1773049075,715494473,world,cf231,-2.6229422092437744,-1.6276925802230835,0.968708872795105
1773049075,715494473,world,cf231_leg,-2.618105411529541,-1.6330231428146362,0.954471230506897
1773049075,720280815,world,cf231,-2.6228888034820557,-1.6274060010910034,0.96857750415802
1773049075,720280815,world,cf231_leg,-2.6180882453918457,-1.6326823234558105,0.9543678760528564
1773049075,725386696,world,cf231,-2.6228065490722656,-1.6270790100097656,0.9688119888305664
1773049075,725386696,world,cf231_leg,-2.6180171966552734,-1.6322479248046875,0.9543315172195435
1773049075,730081336,world,cf231,-2.6229026317596436,-1.6267956495285034,0.9687595367431641
1773049075,730081336,world,cf231_leg,-2.617941379547119,-1.6319379806518555,0.9543538093566895
1773049075,735067642,world,cf231,-2.6228713989257812,-1.626578688621521,0.9686166048049927
1773049075,735067642,world,cf231_leg,-2.6179001331329346,-1.6316454410552979,0.9542547464370728
1773049075,740225016,world,cf231,-2.6227355003356934,-1.6262187957763672,0.9685215950012207
1773049075,740225016,world,cf231_leg,-2.6178009510040283,-1.631223201751709,0.9541459083557129
1773049075,745049760,world,cf231,-2.6225385665893555,-1.625834345817566,0.9683476686477661
1773049075,745049760,world,cf231_leg,-2.617699384689331,-1.630922555923462,0.9540575742721558
1773049075,750111939,world,cf231,-2.6223762035369873,-1.6255180835723877,0.9682397842407227
1773049075,750111939,world,cf231_leg,-2.6176397800445557,-1.630641222000122,0.9541982412338257
1773049075,755127145,world,cf231,-2.6223227977752686,-1.6252275705337524,0.9680917263031006
1773049075,755127145,world,cf231_leg,-2.6176702976226807,-1.6303588151931763,0.9541921615600586
1773049075,760022005,world,cf231,-2.622309923171997,-1.6249215602874756,0.9680968523025513
1773049075,760022005,world,cf231_leg,-2.6175460815429688,-1.6299514770507812,0.9540008306503296
1773049075,765154536,world,cf231,-2.622230291366577,-1.624685287475586,0.9679874181747437
1773049075,765154536,world,cf231_leg,-2.617495059967041,-1.6297472715377808,0.9541051387786865
1773049075,770142096,world,cf231,-2.622054100036621,-1.6243795156478882,0.9678579568862915
1773049075,770142096,world,cf231_leg,-2.617382764816284,-1.6292915344238281,0.9538224935531616
1773049075,775072505,world,cf231,-2.6218700408935547,-1.6240001916885376,0.9677959680557251
1773049075,775072505,world,cf231_leg,-2.6172726154327393,-1.6289185285568237,0.9538012742996216
1773049075,780428771,world,cf231,-2.621816873550415,-1.623706579208374,0.9676293134689331
1773049075,780428771,world,cf231_leg,-2.617184638977051,-1.6286139488220215,0.9537655115127563
1773049075,785268466,world,cf231,-2.6218528747558594,-1.6234934329986572,0.9678235054016113
1773049075,785268466,world,cf231_leg,-2.617143154144287,-1.6283209323883057,0.9536678791046143
1773049075,791392994,world,cf231,-2.6217164993286133,-1.6231259107589722,0.9676947593688965
1773049075,791392994,world,cf231_leg,-2.6169955730438232,-1.6278492212295532,0.9535243511199951
1773049075,795024892,world,cf231,-2.6217474937438965,-1.6229621171951294,0.9676960706710815
1773049075,795024892,world,cf231_leg,-2.616847038269043,-1.6275306940078735,0.9534708261489868
1773049075,801426541,world,cf231,-2.621528387069702,-1.6225459575653076,0.9676539897918701
1773049075,801426541,world,cf231_leg,-2.6167967319488525,-1.627159833908081,0.9534108638763428
1773049075,804996079,world,cf231,-2.621488571166992,-1.6222480535507202,0.9675449132919312
1773049075,804996079,world,cf231_leg,-2.6167759895324707,-1.626936435699463,0.9533177614212036
1773049075,810407790,world,cf231,-2.621427297592163,-1.621874213218689,0.9674099683761597
1773049075,810407790,world,cf231_leg,-2.6168015003204346,-1.6267322301864624,0.9532079696655273
1773049075,815365952,world,cf231,-2.621400833129883,-1.6215722560882568,0.9673577547073364
1773049075,815365952,world,cf231_leg,-2.6167361736297607,-1.6265367269515991,0.9532911777496338
1773049075,819890388,world,cf231,-2.6212432384490967,-1.6211388111114502,0.967255711555481
1773049075,819890388,world,cf231_leg,-2.6166739463806152,-1.6261738538742065,0.9531878232955933
1773049075,825179734,world,cf231,-2.6211159229278564,-1.6208804845809937,0.9671595096588135
1773049075,825179734,world,cf231_leg,-2.6164793968200684,-1.6256517171859741,0.9529900550842285
1773049075,830110861,world,cf231,-2.6209793090820312,-1.6205190420150757,0.9670668840408325
1773049075,830110861,world,cf231_leg,-2.6164135932922363,-1.6254096031188965,0.9529112577438354
1773049075,835246014,world,cf231,-2.6208910942077637,-1.620208740234375,0.9670255184173584
1773049075,835246014,world,cf231_leg,-2.6164445877075195,-1.625121831893921,0.9528747797012329
1773049075,841019235,world,cf231,-2.620882987976074,-1.6197823286056519,0.9670193195343018
1773049075,841019235,world,cf231_leg,-2.616337299346924,-1.6245867013931274,0.9526969194412231
1773049075,845865413,world,cf231,-2.6208384037017822,-1.6196006536483765,0.9669045209884644
1773049075,845865413,world,cf231_leg,-2.6162326335906982,-1.6244012117385864,0.9526019096374512
1773049075,851407673,world,cf231,-2.6207644939422607,-1.6192933320999146,0.9669547080993652
1773049075,851407673,world,cf231_leg,-2.616170644760132,-1.6239327192306519,0.9525904655456543
1773049075,855050749,world,cf231,-2.620649814605713,-1.6190234422683716,0.9668823480606079
1773049075,855050749,world,cf231_leg,-2.616119146347046,-1.6236767768859863,0.9525018930435181
1773049075,860270305,world,cf231,-2.620623826980591,-1.6187212467193604,0.9668303728103638
1773049075,860270305,world,cf231_leg,-2.616027355194092,-1.623335361480713,0.9523897171020508
1773049075,865035434,world,cf231,-2.620562791824341,-1.6183607578277588,0.9667651653289795
1773049075,865035434,world,cf231_leg,-2.616114616394043,-1.6231811046600342,0.9523990154266357
1773049075,869969927,world,cf231,-2.6204538345336914,-1.6179749965667725,0.9666963815689087
1773049075,869969927,world,cf231_leg,-2.6160624027252197,-1.6229270696640015,0.9523274898529053
1773049075,875013401,world,cf231,-2.620379686355591,-1.6176153421401978,0.9665558338165283
1773049075,875013401,world,cf231_leg,-2.616095542907715,-1.622681736946106,0.9524189233779907
1773049075,880144802,world,cf231,-2.6201608180999756,-1.617163896560669,0.9664092063903809
1773049075,880144802,world,cf231_leg,-2.6159961223602295,-1.6222227811813354,0.9522073268890381
1773049075,885065587,world,cf231,-2.6200952529907227,-1.616958498954773,0.9664589166641235
1773049075,885065587,world,cf231_leg,-2.6158933639526367,-1.6219282150268555,0.9521682262420654
1773049075,889942669,world,cf231,-2.619913339614868,-1.616424560546875,0.9663056135177612
1773049075,889942669,world,cf231_leg,-2.6160194873809814,-1.6215507984161377,0.9522495269775391
1773049075,895039884,world,cf231,-2.61995005607605,-1.6161630153656006,0.966326117515564
1773049075,895039884,world,cf231_leg,-2.615872859954834,-1.6212742328643799,0.9523239135742188
1773049075,900124452,world,cf231,-2.6199233531951904,-1.6158699989318848,0.966328501701355
1773049075,900124452,world,cf231_leg,-2.6158699989318848,-1.6209261417388916,0.9522584676742554
1773049075,905280318,world,cf231,-2.619778871536255,-1.615463376045227,0.9663699865341187
1773049075,905280318,world,cf231_leg,-2.6158318519592285,-1.6205114126205444,0.9521371126174927
1773049075,909998892,world,cf231,-2.6197738647460938,-1.6152617931365967,0.9663944244384766
1773049075,909998892,world,cf231_leg,-2.615813970565796,-1.6203253269195557,0.9521403312683105
1773049075,915096921,world,cf231,-2.619734048843384,-1.6149346828460693,0.9662179946899414
1773049075,915096921,world,cf231_leg,-2.615858554840088,-1.6200358867645264,0.9521729946136475
1773049075,920031585,world,cf231,-2.619866132736206,-1.6147165298461914,0.9662120342254639
1773049075,920031585,world,cf231_leg,-2.615676164627075,-1.6194969415664673,0.9519730806350708
1773049075,925021326,world,cf231,-2.619673252105713,-1.6142137050628662,0.9660449028015137
1773049075,925021326,world,cf231_leg,-2.615706443786621,-1.6193675994873047,0.9520567655563354
1773049075,930011345,world,cf231,-2.6194894313812256,-1.613827109336853,0.965945839881897
1773049075,930011345,world,cf231_leg,-2.6157538890838623,-1.6191109418869019,0.9521546363830566
1773049075,934989684,world,cf231,-2.619400978088379,-1.6134737730026245,0.9657678604125977
1773049075,934989684,world,cf231_leg,-2.6155905723571777,-1.6187670230865479,0.9519929885864258
1773049075,939997801,world,cf231,-2.619436502456665,-1.6132210493087769,0.9658445119857788
1773049075,939997801,world,cf231_leg,-2.6156322956085205,-1.6185911893844604,0.9520024061203003
1773049075,945044793,world,cf231,-2.619415044784546,-1.6128016710281372,0.9657987356185913
1773049075,945044793,world,cf231_leg,-2.6155593395233154,-1.618120551109314,0.9518846273422241
1773049075,950032617,world,cf231,-2.6195175647735596,-1.612437129020691,0.9658529758453369
1773049075,950032617,world,cf231_leg,-2.61549973487854,-1.6178001165390015,0.951907753944397
1773049075,955005545,world,cf231,-2.6194021701812744,-1.612144112586975,0.9657508134841919
1773049075,955005545,world,cf231_leg,-2.615478992462158,-1.6175733804702759,0.9518004655838013
1773049075,960405857,world,cf231,-2.6194121837615967,-1.6119393110275269,0.9658299684524536
1773049075,960405857,world,cf231_leg,-2.615356683731079,-1.6172071695327759,0.9517375230789185
1773049075,965159133,world,cf231,-2.6193902492523193,-1.611515760421753,0.965768575668335
1773049075,965159133,world,cf231_leg,-2.615220546722412,-1.6168419122695923,0.9516068696975708
1773049075,970118195,world,cf231,-2.6194028854370117,-1.6111501455307007,0.9657214879989624
1773049075,970118195,world,cf231_leg,-2.6152188777923584,-1.6165326833724976,0.9516569375991821
1773049075,975031107,world,cf231,-2.6195576190948486,-1.6110376119613647,0.9658056497573853
1773049075,975031107,world,cf231_leg,-2.615187406539917,-1.6161983013153076,0.9515359401702881
1773049075,980081925,world,cf231,-2.6195015907287598,-1.6105563640594482,0.9657294750213623
1773049075,980081925,world,cf231_leg,-2.6151812076568604,-1.615963101387024,0.951448917388916
1773049075,984968802,world,cf231,-2.6193792819976807,-1.6101908683776855,0.965691328048706
1773049075,984968802,world,cf231_leg,-2.615035057067871,-1.6155318021774292,0.9514361619949341
1773049075,989856306,world,cf231,-2.619429111480713,-1.609885811805725,0.9656504392623901
1773049075,989856306,world,cf231_leg,-2.6151468753814697,-1.615472674369812,0.9514690637588501
1773049075,995022598,world,cf231,-2.6194779872894287,-1.609593152999878,0.9656833410263062
1773049075,995022598,world,cf231_leg,-2.615084409713745,-1.6151139736175537,0.9513970613479614
1773049076,41194,world,cf231,-2.619527816772461,-1.6092915534973145,0.9656599760055542
1773049076,41194,world,cf231_leg,-2.615088701248169,-1.6148414611816406,0.9513000249862671
1773049076,5213741,world,cf231,-2.6194584369659424,-1.6088143587112427,0.9655259847640991
1773049076,5213741,world,cf231_leg,-2.615027904510498,-1.6145278215408325,0.9513720273971558
1773049076,9929581,world,cf231,-2.6193408966064453,-1.6083531379699707,0.965528130531311
1773049076,9929581,world,cf231_leg,-2.6151528358459473,-1.6142687797546387,0.9512393474578857
1773049076,15321687,world,cf231,-2.6193716526031494,-1.6081918478012085,0.9655489921569824
1773049076,15321687,world,cf231_leg,-2.6151039600372314,-1.6139060258865356,0.9512208700180054
1773049076,19899866,world,cf231,-2.619324207305908,-1.6078128814697266,0.9654721021652222
1773049076,19899866,world,cf231_leg,-2.6150243282318115,-1.6136692762374878,0.9511055946350098
1773049076,25000158,world,cf231,-2.6194076538085938,-1.6075783967971802,0.965518593788147
1773049076,25000158,world,cf231_leg,-2.615028142929077,-1.6132813692092896,0.9512604475021362
1773049076,30005292,world,cf231,-2.61942195892334,-1.6072559356689453,0.9656062126159668
1773049076,30005292,world,cf231_leg,-2.614985227584839,-1.612950086593628,0.9510643482208252
1773049076,35097478,world,cf231,-2.619251251220703,-1.606825590133667,0.9654451608657837
1773049076,35097478,world,cf231_leg,-2.6149563789367676,-1.612650990486145,0.9510235786437988
1773049076,40150956,world,cf231,-2.6191511154174805,-1.6065161228179932,0.9653254747390747
1773049076,40150956,world,cf231_leg,-2.614985466003418,-1.612209439277649,0.9511431455612183
1773049076,45211310,world,cf231,-2.6190896034240723,-1.6061606407165527,0.9652984142303467
1773049076,45211310,world,cf231_leg,-2.6149497032165527,-1.6118749380111694,0.9512695074081421
1773049076,50500164,world,cf231,-2.619236707687378,-1.6059746742248535,0.9654508829116821
1773049076,50500164,world,cf231_leg,-2.615039348602295,-1.6117116212844849,0.9512132406234741
1773049076,55108154,world,cf231,-2.6191530227661133,-1.6055423021316528,0.9654004573822021
1773049076,55108154,world,cf231_leg,-2.6152141094207764,-1.6115572452545166,0.9513212442398071
1773049076,60232705,world,cf231,-2.6191067695617676,-1.605167269706726,0.9653390645980835
1773049076,60232705,world,cf231_leg,-2.615180730819702,-1.6112226247787476,0.9514236450195312
1773049076,65154008,world,cf231,-2.6189613342285156,-1.6047234535217285,0.9652807712554932
1773049076,65154008,world,cf231_leg,-2.615274667739868,-1.6109493970870972,0.9514020681381226
1773049076,70294539,world,cf231,-2.6189489364624023,-1.6044162511825562,0.9652872085571289
1773049076,70294539,world,cf231_leg,-2.61519718170166,-1.6107478141784668,0.9513678550720215
1773049076,75031509,world,cf231,-2.6189000606536865,-1.6040419340133667,0.9652506113052368
1773049076,75031509,world,cf231_leg,-2.6152291297912598,-1.6104702949523926,0.9513916969299316
1773049076,80408965,world,cf231,-2.6190226078033447,-1.6037412881851196,0.9652841091156006
1773049076,80408965,world,cf231_leg,-2.615180015563965,-1.6100608110427856,0.9512102603912354
1773049076,86416489,world,cf231,-2.619023084640503,-1.6034257411956787,0.965333104133606
1773049076,86416489,world,cf231_leg,-2.6151533126831055,-1.6098041534423828,0.9512982368469238
1773049076,90433429,world,cf231,-2.619032859802246,-1.6032171249389648,0.9653959274291992
1773049076,90433429,world,cf231_leg,-2.615088939666748,-1.6095598936080933,0.9511996507644653
1773049076,95201931,world,cf231,-2.6190099716186523,-1.6029202938079834,0.9653536081314087
1773049076,95201931,world,cf231_leg,-2.6150338649749756,-1.609118938446045,0.9509958028793335
1773049076,100325912,world,cf231,-2.618936538696289,-1.602573275566101,0.9652831554412842
1773049076,100325912,world,cf231_leg,-2.614983081817627,-1.6089115142822266,0.9510855674743652
1773049076,105128515,world,cf231,-2.6192331314086914,-1.6023555994033813,0.96541428565979
1773049076,105128515,world,cf231_leg,-2.614946126937866,-1.6085402965545654,0.9511113166809082
1773049076,110167060,world,cf231,-2.6191506385803223,-1.6019272804260254,0.9653792381286621
1773049076,110167060,world,cf231_leg,-2.6149182319641113,-1.6082439422607422,0.9510847330093384
1773049076,115414378,world,cf231,-2.619077682495117,-1.6016058921813965,0.9653575420379639
1773049076,115414378,world,cf231_leg,-2.6148834228515625,-1.6080225706100464,0.9509416818618774
1773049076,120151213,world,cf231,-2.6190881729125977,-1.6013659238815308,0.9653326272964478
1773049076,120151213,world,cf231_leg,-2.6148908138275146,-1.6077879667282104,0.9509401321411133
1773049076,125135264,world,cf231,-2.6190884113311768,-1.6010534763336182,0.9654003381729126
1773049076,125135264,world,cf231_leg,-2.6148860454559326,-1.6075971126556396,0.9509987831115723
1773049076,130127044,world,cf231,-2.6191115379333496,-1.6007663011550903,0.9652974605560303
1773049076,130127044,world,cf231_leg,-2.614865779876709,-1.6073726415634155,0.9509060382843018
1773049076,135130235,world,cf231,-2.619131326675415,-1.6003131866455078,0.9653210639953613
1773049076,135130235,world,cf231_leg,-2.614974021911621,-1.607131838798523,0.9510402679443359
1773049076,140066704,world,cf231,-2.6191248893737793,-1.6000874042510986,0.9653193950653076
1773049076,140066704,world,cf231_leg,-2.614921808242798,-1.6068434715270996,0.950881838798523
1773049076,145166323,world,cf231,-2.619062662124634,-1.5997169017791748,0.9652255773544312
1773049076,145166323,world,cf231_leg,-2.6150758266448975,-1.6066162586212158,0.9509706497192383
1773049076,150462196,world,cf231,-2.619108200073242,-1.5995454788208008,0.9652671813964844
1773049076,150462196,world,cf231_leg,-2.614995241165161,-1.6063809394836426,0.9508733749389648
1773049076,155560234,world,cf231,-2.6192140579223633,-1.5993455648422241,0.96519935131073
1773049076,155560234,world,cf231_leg,-2.6150052547454834,-1.6060264110565186,0.9508671760559082
1773049076,160110632,world,cf231,-2.6193621158599854,-1.5991532802581787,0.9653160572052002
1773049076,160110632,world,cf231_leg,-2.614942789077759,-1.605669379234314,0.9508121013641357
1773049076,165157434,world,cf231,-2.619352340698242,-1.5988619327545166,0.9653857946395874
1773049076,165157434,world,cf231_leg,-2.6149849891662598,-1.6053756475448608,0.9510588645935059
1773049076,170020351,world,cf231,-2.619265079498291,-1.5985536575317383,0.9653620719909668
1773049076,170020351,world,cf231_leg,-2.614886999130249,-1.6050714254379272,0.9507284164428711
1773049076,175227301,world,cf231,-2.619217872619629,-1.5982229709625244,0.9654597043991089
1773049076,175227301,world,cf231_leg,-2.6150941848754883,-1.6046994924545288,0.9512113332748413
1773049076,180362018,world,cf231,-2.619277238845825,-1.5980024337768555,0.965401291847229
1773049076,180362018,world,cf231_leg,-2.6150219440460205,-1.604541301727295,0.9510774612426758
1773049076,185374059,world,cf231,-2.619265079498291,-1.597694754600525,0.9654088020324707
1773049076,185374059,world,cf231_leg,-2.615203619003296,-1.6042959690093994,0.9512124061584473
1773049076,189993436,world,cf231,-2.6194117069244385,-1.597475528717041,0.9654803276062012
1773049076,189993436,world,cf231_leg,-2.6151282787323,-1.6039762496948242,0.9511910676956177
1773049076,195086066,world,cf231,-2.6193723678588867,-1.5972217321395874,0.9655278921127319
1773049076,195086066,world,cf231_leg,-2.615140914916992,-1.603816032409668,0.9511629343032837
1773049076,199937738,world,cf231,-2.6193687915802,-1.5969812870025635,0.9654306173324585
1773049076,199937738,world,cf231_leg,-2.6152193546295166,-1.6036999225616455,0.9511802196502686
1773049076,205002484,world,cf231,-2.619462013244629,-1.5968601703643799,0.9655277729034424
1773049076,205002484,world,cf231_leg,-2.615316390991211,-1.6034650802612305,0.9512540102005005
1773049076,210015966,world,cf231,-2.619657039642334,-1.5966469049453735,0.9654953479766846
1773049076,210015966,world,cf231_leg,-2.6153719425201416,-1.6032464504241943,0.9511996507644653
1773049076,215179418,world,cf231,-2.6197407245635986,-1.5963777303695679,0.965368390083313
1773049076,215179418,world,cf231_leg,-2.615318775177002,-1.6029648780822754,0.9510899782180786
1773049076,220022895,world,cf231,-2.6197261810302734,-1.596031904220581,0.9652806520462036
1773049076,220022895,world,cf231_leg,-2.6153154373168945,-1.6027750968933105,0.9511452913284302
1773049076,225058951,world,cf231,-2.6197354793548584,-1.5957869291305542,0.9652426242828369
1773049076,225058951,world,cf231_leg,-2.6152501106262207,-1.6024229526519775,0.9511454105377197
1773049076,230048939,world,cf231,-2.6198441982269287,-1.5956523418426514,0.9654113054275513
1773049076,230048939,world,cf231_leg,-2.6152682304382324,-1.602148413658142,0.9511183500289917
1773049076,235057346,world,cf231,-2.6200520992279053,-1.5954339504241943,0.9654397964477539
1773049076,235057346,world,cf231_leg,-2.6152145862579346,-1.6019047498703003,0.9511297941207886
1773049076,239940577,world,cf231,-2.620270252227783,-1.5953054428100586,0.965463399887085
1773049076,239940577,world,cf231_leg,-2.6152143478393555,-1.601593017578125,0.9511632919311523
1773049076,245108550,world,cf231,-2.6203086376190186,-1.5950474739074707,0.9655002355575562
1773049076,245108550,world,cf231_leg,-2.6151816844940186,-1.6013728380203247,0.9510152339935303
1773049076,250019641,world,cf231,-2.620237350463867,-1.594928503036499,0.965479850769043
1773049076,250019641,world,cf231_leg,-2.615056037902832,-1.601118803024292,0.9509305953979492
1773049076,255198650,world,cf231,-2.620206594467163,-1.5945504903793335,0.9654717445373535
1773049076,255198650,world,cf231_leg,-2.615065813064575,-1.6007637977600098,0.9509258270263672
1773049076,260006365,world,cf231,-2.620250940322876,-1.5943320989608765,0.9653609991073608
1773049076,260006365,world,cf231_leg,-2.6150059700012207,-1.6005455255508423,0.9508422613143921
1773049076,265083750,world,cf231,-2.620384454727173,-1.594117522239685,0.9653733968734741
1773049076,265083750,world,cf231_leg,-2.615030288696289,-1.6003353595733643,0.950725793838501
1773049076,270213201,world,cf231,-2.6204562187194824,-1.5938878059387207,0.9653607606887817
1773049076,270213201,world,cf231_leg,-2.6150383949279785,-1.6000983715057373,0.9507077932357788
1773049076,275001839,world,cf231,-2.620452404022217,-1.5936673879623413,0.9653708934783936
1773049076,275001839,world,cf231_leg,-2.6149961948394775,-1.5999630689620972,0.9507299661636353
1773049076,280102011,world,cf231,-2.6203794479370117,-1.593374252319336,0.9654175043106079
1773049076,280102011,world,cf231_leg,-2.615046501159668,-1.5998613834381104,0.9506893157958984
1773049076,285165718,world,cf231,-2.620424509048462,-1.593163251876831,0.9653408527374268
1773049076,285165718,world,cf231_leg,-2.6149959564208984,-1.5995118618011475,0.9507699012756348
1773049076,290281950,world,cf231,-2.6204075813293457,-1.592936635017395,0.9652397632598877
1773049076,290281950,world,cf231_leg,-2.6150453090667725,-1.5994118452072144,0.9507478475570679
1773049076,295038074,world,cf231,-2.6204164028167725,-1.5926978588104248,0.9652388095855713
1773049076,295038074,world,cf231_leg,-2.6150424480438232,-1.5992224216461182,0.9508017301559448
1773049076,299989571,world,cf231,-2.62031626701355,-1.592421293258667,0.9652975797653198
1773049076,299989571,world,cf231_leg,-2.615010976791382,-1.598888874053955,0.950698971748352
1773049076,305625296,world,cf231,-2.6202781200408936,-1.5921646356582642,0.9653253555297852
1773049076,305625296,world,cf231_leg,-2.6150636672973633,-1.5986725091934204,0.9506853818893433
1773049076,310301411,world,cf231,-2.6203365325927734,-1.5919404029846191,0.9651809930801392
1773049076,310301411,world,cf231_leg,-2.6149697303771973,-1.5982868671417236,0.9506680965423584
1773049076,315577048,world,cf231,-2.6203551292419434,-1.5918468236923218,0.9653860330581665
1773049076,315577048,world,cf231_leg,-2.6150808334350586,-1.5981911420822144,0.95060133934021
1773049076,320274168,world,cf231,-2.6204397678375244,-1.5915712118148804,0.9652223587036133
1773049076,320274168,world,cf231_leg,-2.615060806274414,-1.5978564023971558,0.9507923126220703
1773049076,325578412,world,cf231,-2.6202785968780518,-1.5912631750106812,0.9651641845703125
1773049076,325578412,world,cf231_leg,-2.6149513721466064,-1.597590684890747,0.95048987865448
1773049076,330454999,world,cf231,-2.620164632797241,-1.5909984111785889,0.9651278257369995
1773049076,330454999,world,cf231_leg,-2.6151070594787598,-1.5974438190460205,0.9510315656661987
1773049076,335267905,world,cf231,-2.620245933532715,-1.590893030166626,0.965215802192688
1773049076,335267905,world,cf231_leg,-2.615152597427368,-1.5972058773040771,0.9510589838027954
1773049076,340181908,world,cf231,-2.620159149169922,-1.5905779600143433,0.965156078338623
1773049076,340181908,world,cf231_leg,-2.6150662899017334,-1.5968343019485474,0.9507520198822021
1773049076,345484963,world,cf231,-2.6201603412628174,-1.5902162790298462,0.9650497436523438
1773049076,345484963,world,cf231_leg,-2.6150641441345215,-1.5966733694076538,0.9508624076843262
1773049076,353408517,world,cf231,-2.6201303005218506,-1.5900436639785767,0.9650622606277466
1773049076,353408517,world,cf231_leg,-2.6152632236480713,-1.596583604812622,0.9509233236312866
1773049076,355283035,world,cf231,-2.620065689086914,-1.5898343324661255,0.9650938510894775
1773049076,355283035,world,cf231_leg,-2.615247964859009,-1.5963362455368042,0.9506648778915405
1773049076,360561407,world,cf231,-2.619978904724121,-1.5895192623138428,0.9650341272354126
1773049076,360561407,world,cf231_leg,-2.6152024269104004,-1.5961613655090332,0.9505956172943115
1773049076,365373931,world,cf231,-2.6200318336486816,-1.5894203186035156,0.9650113582611084
1773049076,365373931,world,cf231_leg,-2.615297555923462,-1.5959433317184448,0.950782299041748
1773049076,370297858,world,cf231,-2.6200201511383057,-1.5891298055648804,0.9651064872741699
1773049076,370297858,world,cf231_leg,-2.615312099456787,-1.5957820415496826,0.9507334232330322
1773049076,375378138,world,cf231,-2.6200602054595947,-1.5890681743621826,0.9651080369949341
1773049076,375378138,world,cf231_leg,-2.615363359451294,-1.5956867933273315,0.9507198333740234
1773049076,380246840,world,cf231,-2.6199381351470947,-1.588693618774414,0.9650375843048096
1773049076,380246840,world,cf231_leg,-2.615262985229492,-1.5953811407089233,0.9506164789199829
1773049076,385303683,world,cf231,-2.619886875152588,-1.5884512662887573,0.9650599956512451
1773049076,385303683,world,cf231_leg,-2.6152725219726562,-1.595186710357666,0.9507274627685547
1773049076,390472382,world,cf231,-2.6198084354400635,-1.5882166624069214,0.9649671316146851
1773049076,390472382,world,cf231_leg,-2.6151905059814453,-1.5949103832244873,0.9505174160003662
1773049076,395379105,world,cf231,-2.6199021339416504,-1.5880892276763916,0.9650281667709351
1773049076,395379105,world,cf231_leg,-2.61519718170166,-1.5946824550628662,0.9505653381347656
1773049076,400308489,world,cf231,-2.620044469833374,-1.5879844427108765,0.9650743007659912
1773049076,400308489,world,cf231_leg,-2.6151671409606934,-1.5945003032684326,0.9505128860473633
1773049076,405365875,world,cf231,-2.6199874877929688,-1.5878485441207886,0.9650384187698364
1773049076,405365875,world,cf231_leg,-2.6150951385498047,-1.594183087348938,0.950481653213501
1773049076,409926213,world,cf231,-2.6199445724487305,-1.5876835584640503,0.9650094509124756
1773049076,409926213,world,cf231_leg,-2.615037679672241,-1.5940136909484863,0.9503525495529175
1773049076,415106883,world,cf231,-2.6198222637176514,-1.5872949361801147,0.9648691415786743
1773049076,415106883,world,cf231_leg,-2.6150386333465576,-1.5937937498092651,0.9504945278167725
1773049076,419903363,world,cf231,-2.619929790496826,-1.5871107578277588,0.9647969007492065
1773049076,419903363,world,cf231_leg,-2.61505126953125,-1.5934947729110718,0.9501938819885254
1773049076,425088567,world,cf231,-2.619947910308838,-1.5869466066360474,0.9647247791290283
1773049076,425088567,world,cf231_leg,-2.6149890422821045,-1.5933864116668701,0.950350284576416
1773049076,431625748,world,cf231,-2.6199584007263184,-1.5867018699645996,0.9646855592727661
1773049076,431625748,world,cf231_leg,-2.6148829460144043,-1.5932035446166992,0.9502896070480347
1773049076,435076664,world,cf231,-2.6197566986083984,-1.5864769220352173,0.964659571647644
1773049076,435076664,world,cf231_leg,-2.614875555038452,-1.5928740501403809,0.9500991106033325
1773049076,440074985,world,cf231,-2.619717836380005,-1.5861833095550537,0.9645874500274658
1773049076,440074985,world,cf231_leg,-2.6149110794067383,-1.5927799940109253,0.9500404596328735
1773049076,445204167,world,cf231,-2.619758129119873,-1.5861389636993408,0.9646772146224976
1773049076,445204167,world,cf231_leg,-2.614948272705078,-1.5926239490509033,0.9499243497848511
1773049076,450072946,world,cf231,-2.6198925971984863,-1.5859211683273315,0.9646716117858887
1773049076,450072946,world,cf231_leg,-2.614936351776123,-1.5924736261367798,0.9497808218002319
1773049076,455245460,world,cf231,-2.6197383403778076,-1.5856577157974243,0.9644075632095337
1773049076,455245460,world,cf231_leg,-2.6148407459259033,-1.5923054218292236,0.949905514717102
1773049076,460110588,world,cf231,-2.6197216510772705,-1.585484266281128,0.9644961357116699
1773049076,460110588,world,cf231_leg,-2.6148629188537598,-1.5921574831008911,0.9497696161270142
1773049076,465230217,world,cf231,-2.619746208190918,-1.5852752923965454,0.9646338224411011
1773049076,465230217,world,cf231_leg,-2.614788055419922,-1.5918642282485962,0.9498990774154663
1773049076,470071547,world,cf231,-2.619696855545044,-1.5851870775222778,0.9644807577133179
1773049076,470071547,world,cf231_leg,-2.614798069000244,-1.5918209552764893,0.9498609304428101
1773049076,475156848,world,cf231,-2.619699239730835,-1.5848720073699951,0.9645282030105591
1773049076,475156848,world,cf231_leg,-2.6148009300231934,-1.591706395149231,0.9498867988586426
1773049076,480260928,world,cf231,-2.619863271713257,-1.5848371982574463,0.9645636081695557
1773049076,480260928,world,cf231_leg,-2.6147146224975586,-1.5913971662521362,0.9498350620269775
1773049076,485322217,world,cf231,-2.619792938232422,-1.5847086906433105,0.9644867181777954
1773049076,485322217,world,cf231_leg,-2.614694118499756,-1.5911765098571777,0.9497766494750977
1773049076,490186462,world,cf231,-2.6197192668914795,-1.584345817565918,0.964349627494812
1773049076,490186462,world,cf231_leg,-2.6146624088287354,-1.5909984111785889,0.9497584104537964
1773049076,495098014,world,cf231,-2.619676351547241,-1.584220051765442,0.9644408226013184
1773049076,495098014,world,cf231_leg,-2.614558696746826,-1.590811848640442,0.9496608972549438
1773049076,500059784,world,cf231,-2.619751453399658,-1.5841814279556274,0.9643523693084717
1773049076,500059784,world,cf231_leg,-2.6144845485687256,-1.5904974937438965,0.9496674537658691
1773049076,505425506,world,cf231,-2.6198103427886963,-1.5839555263519287,0.9642815589904785
1773049076,505425506,world,cf231_leg,-2.614461660385132,-1.5903892517089844,0.9495658874511719
1773049076,510069068,world,cf231,-2.6198019981384277,-1.583842158317566,0.9642306566238403
1773049076,510069068,world,cf231_leg,-2.6144821643829346,-1.590146541595459,0.9496071338653564
1773049076,515062422,world,cf231,-2.6197102069854736,-1.5836368799209595,0.9641293287277222
1773049076,515062422,world,cf231_leg,-2.6145801544189453,-1.590104341506958,0.9496657848358154
1773049076,520082063,world,cf231,-2.619680166244507,-1.5834672451019287,0.9641600847244263
1773049076,520082063,world,cf231_leg,-2.614403247833252,-1.5898493528366089,0.9497504234313965
1773049076,524892760,world,cf231,-2.619682550430298,-1.5831385850906372,0.9641361236572266
1773049076,524892760,world,cf231_leg,-2.6144888401031494,-1.5898091793060303,0.9497368335723877
1773049076,530221824,world,cf231,-2.6196534633636475,-1.582952618598938,0.9640758037567139
1773049076,530221824,world,cf231_leg,-2.614374876022339,-1.5895097255706787,0.9495941400527954
1773049076,536802598,world,cf231,-2.6197690963745117,-1.5829087495803833,0.9641976356506348
1773049076,536802598,world,cf231_leg,-2.6142585277557373,-1.589369535446167,0.9495728015899658
1773049076,540055301,world,cf231,-2.619739055633545,-1.5827287435531616,0.9641755819320679
1773049076,540055301,world,cf231_leg,-2.6143887042999268,-1.5891906023025513,0.9496680498123169
1773049076,545311665,world,cf231,-2.6196744441986084,-1.582516074180603,0.9641884565353394
1773049076,545311665,world,cf231_leg,-2.614285707473755,-1.5889472961425781,0.9493421316146851
1773049076,550506145,world,cf231,-2.6196093559265137,-1.5822733640670776,0.9641374349594116
1773049076,550506145,world,cf231_leg,-2.614229202270508,-1.588858723640442,0.9494627714157104
1773049076,555014280,world,cf231,-2.6196413040161133,-1.5821017026901245,0.9641057252883911
1773049076,555014280,world,cf231_leg,-2.6143288612365723,-1.5886974334716797,0.9497393369674683
1773049076,560293344,world,cf231,-2.61967396736145,-1.5819666385650635,0.9641743898391724
1773049076,560293344,world,cf231_leg,-2.6144673824310303,-1.588484764099121,0.9500634670257568
1773049076,565133808,world,cf231,-2.6196789741516113,-1.5818525552749634,0.9642001390457153
1773049076,565133808,world,cf231_leg,-2.6142616271972656,-1.5884623527526855,0.9497274160385132
1773049076,571699818,world,cf231,-2.6196765899658203,-1.5816513299942017,0.9642218351364136
1773049076,571699818,world,cf231_leg,-2.614283800125122,-1.5882185697555542,0.9497485160827637
1773049076,575079581,world,cf231,-2.619563102722168,-1.5813933610916138,0.9642195701599121
1773049076,575079581,world,cf231_leg,-2.6142823696136475,-1.5880993604660034,0.9499914646148682
1773049076,580096021,world,cf231,-2.6195552349090576,-1.5813196897506714,0.964287519454956
1773049076,580096021,world,cf231_leg,-2.614339828491211,-1.5879203081130981,0.9500528573989868
1773049076,585075561,world,cf231,-2.6196489334106445,-1.5811597108840942,0.9642646312713623
1773049076,585075561,world,cf231_leg,-2.614331007003784,-1.5878140926361084,0.95003342628479
1773049076,590016620,world,cf231,-2.6196322441101074,-1.5809720754623413,0.9642837047576904
1773049076,590016620,world,cf231_leg,-2.6142523288726807,-1.587620735168457,0.9500651359558105
1773049076,595016819,world,cf231,-2.619518756866455,-1.5807104110717773,0.9642636775970459
1773049076,595016819,world,cf231_leg,-2.6141531467437744,-1.5873184204101562,0.9499722719192505
1773049076,599974640,world,cf231,-2.6195461750030518,-1.5806994438171387,0.964361310005188
1773049076,599974640,world,cf231_leg,-2.614083766937256,-1.587234377861023,0.9500370025634766
1773049076,605032438,world,cf231,-2.6194589138031006,-1.580383062362671,0.9643039703369141
1773049076,605032438,world,cf231_leg,-2.614027738571167,-1.5870037078857422,0.9501482248306274
1773049076,610205767,world,cf231,-2.619521379470825,-1.580438256263733,0.9644483327865601
1773049076,610205767,world,cf231_leg,-2.6141552925109863,-1.5869452953338623,0.9502468109130859
1773049076,615251482,world,cf231,-2.6195671558380127,-1.5802592039108276,0.9644571542739868
1773049076,615251482,world,cf231_leg,-2.614084243774414,-1.5868237018585205,0.9502124786376953
1773049076,620026839,world,cf231,-2.619537353515625,-1.5801117420196533,0.9645196199417114
1773049076,620026839,world,cf231_leg,-2.613971710205078,-1.5865612030029297,0.9501696825027466
1773049076,625000184,world,cf231,-2.619577646255493,-1.58005690574646,0.9645565748214722
1773049076,625000184,world,cf231_leg,-2.613966464996338,-1.5863332748413086,0.9501281976699829
1773049076,630000303,world,cf231,-2.6194725036621094,-1.5799087285995483,0.9645875692367554
1773049076,630000303,world,cf231_leg,-2.6138722896575928,-1.5863006114959717,0.9502108097076416
1773049076,635019655,world,cf231,-2.6194570064544678,-1.5797189474105835,0.9645848274230957
1773049076,635019655,world,cf231_leg,-2.6139752864837646,-1.5861374139785767,0.9502439498901367
1773049076,640007443,world,cf231,-2.6194894313812256,-1.579551100730896,0.9645695686340332
1773049076,640007443,world,cf231_leg,-2.613767623901367,-1.5858054161071777,0.9501830339431763
1773049076,645164367,world,cf231,-2.6195497512817383,-1.5794342756271362,0.9648028612136841
1773049076,645164367,world,cf231_leg,-2.6137583255767822,-1.585737705230713,0.9502836465835571
1773049076,650123611,world,cf231,-2.6194097995758057,-1.5792276859283447,0.964820146560669
1773049076,650123611,world,cf231_leg,-2.6137173175811768,-1.5856002569198608,0.9502880573272705
1773049076,655112918,world,cf231,-2.6192831993103027,-1.578966498374939,0.9647239446640015
1773049076,655112918,world,cf231_leg,-2.613565683364868,-1.5852385759353638,0.9501434564590454
1773049076,660042756,world,cf231,-2.619358777999878,-1.5789780616760254,0.9648077487945557
1773049076,660042756,world,cf231_leg,-2.613499641418457,-1.5851999521255493,0.9503293037414551
1773049076,665256935,world,cf231,-2.6193771362304688,-1.578852891921997,0.9648562669754028
1773049076,665256935,world,cf231_leg,-2.613513946533203,-1.5850402116775513,0.9502983093261719
1773049076,670080709,world,cf231,-2.619250535964966,-1.5785952806472778,0.9647778272628784
1773049076,670080709,world,cf231_leg,-2.6133761405944824,-1.5848289728164673,0.9502745866775513
1773049076,675047107,world,cf231,-2.6191940307617188,-1.5785059928894043,0.9648958444595337
1773049076,675047107,world,cf231_leg,-2.6133458614349365,-1.5846906900405884,0.9503713846206665
1773049076,680163466,world,cf231,-2.6190264225006104,-1.5783095359802246,0.9648172855377197
1773049076,680163466,world,cf231_leg,-2.6134064197540283,-1.5847015380859375,0.9503775835037231
1773049076,685244397,world,cf231,-2.618859052658081,-1.5781135559082031,0.9647371768951416
1773049076,685244397,world,cf231_leg,-2.6132798194885254,-1.5844534635543823,0.9503419399261475
1773049076,690154239,world,cf231,-2.6190097332000732,-1.578125238418579,0.9648538827896118
1773049076,690154239,world,cf231_leg,-2.613293409347534,-1.584444284439087,0.9503650665283203
1773049076,695157768,world,cf231,-2.6189446449279785,-1.5778861045837402,0.9648195505142212
1773049076,695157768,world,cf231_leg,-2.613250970840454,-1.5843110084533691,0.9504040479660034
1773049076,699975189,world,cf231,-2.6188247203826904,-1.577574372291565,0.9648956060409546
1773049076,699975189,world,cf231_leg,-2.613091230392456,-1.5840418338775635,0.950454831123352
1773049076,705057555,world,cf231,-2.618657112121582,-1.5774173736572266,0.9649370908737183
1773049076,705057555,world,cf231_leg,-2.613138437271118,-1.5840984582901,0.9505397081375122
1773049076,710083591,world,cf231,-2.6186745166778564,-1.5772913694381714,0.9649885892868042
1773049076,710083591,world,cf231_leg,-2.612919330596924,-1.5838114023208618,0.9505352973937988
1773049076,715031953,world,cf231,-2.618610143661499,-1.5770885944366455,0.9650553464889526
1773049076,715031953,world,cf231_leg,-2.6129562854766846,-1.5837185382843018,0.9504722356796265
1773049076,720034770,world,cf231,-2.6185665130615234,-1.5769447088241577,0.9650609493255615
1773049076,720034770,world,cf231_leg,-2.6128275394439697,-1.5836246013641357,0.9505268335342407
1773049076,725028293,world,cf231,-2.61848783493042,-1.5767416954040527,0.9650541543960571
1773049076,725028293,world,cf231_leg,-2.6127734184265137,-1.5833792686462402,0.9507440328598022
1773049076,730058100,world,cf231,-2.6183018684387207,-1.5763953924179077,0.9651196002960205
1773049076,730058100,world,cf231_leg,-2.612826347351074,-1.5831981897354126,0.9510385990142822
1773049076,735091685,world,cf231,-2.6182823181152344,-1.576370358467102,0.9652621746063232
1773049076,735091685,world,cf231_leg,-2.612755537033081,-1.5830793380737305,0.9510189294815063
1773049076,740146390,world,cf231,-2.6182992458343506,-1.5762369632720947,0.9652801752090454
1773049076,740146390,world,cf231_leg,-2.612654209136963,-1.582972764968872,0.9511505365371704
1773049076,745153095,world,cf231,-2.6183340549468994,-1.5761176347732544,0.9654134511947632
1773049076,745153095,world,cf231_leg,-2.6126132011413574,-1.5826817750930786,0.9510858058929443
1773049076,750026624,world,cf231,-2.618217945098877,-1.5758463144302368,0.9653662443161011
1773049076,750026624,world,cf231_leg,-2.612435817718506,-1.5825377702713013,0.9511063098907471
1773049076,755890450,world,cf231,-2.6180999279022217,-1.575716257095337,0.9654076099395752
1773049076,755890450,world,cf231_leg,-2.612426280975342,-1.5824668407440186,0.9511933326721191
1773049076,760242938,world,cf231,-2.6180615425109863,-1.5754910707473755,0.9655231237411499
1773049076,760242938,world,cf231_leg,-2.6123828887939453,-1.5823357105255127,0.9512494802474976
1773049076,765201391,world,cf231,-2.617921829223633,-1.5753189325332642,0.9657150506973267
1773049076,765201391,world,cf231_leg,-2.6122186183929443,-1.5821850299835205,0.9513095617294312
1773049076,770209586,world,cf231,-2.6179771423339844,-1.5752614736557007,0.9658066034317017
1773049076,770209586,world,cf231_leg,-2.612086534500122,-1.5820542573928833,0.951286792755127
1773049076,775238966,world,cf231,-2.617810010910034,-1.5751155614852905,0.9658982753753662
1773049076,775238966,world,cf231_leg,-2.6120479106903076,-1.5818488597869873,0.9514822959899902
1773049076,780151425,world,cf231,-2.6177914142608643,-1.5747989416122437,0.9661439657211304
1773049076,780151425,world,cf231_leg,-2.6118791103363037,-1.581769585609436,0.9513877630233765
1773049076,785013514,world,cf231,-2.617638349533081,-1.5746030807495117,0.9661374092102051
1773049076,785013514,world,cf231_leg,-2.6119065284729004,-1.5817594528198242,0.951480507850647
1773049076,790123445,world,cf231,-2.617457628250122,-1.5744571685791016,0.9661544561386108
1773049076,790123445,world,cf231_leg,-2.611743688583374,-1.5814872980117798,0.9515407085418701
1773049076,795252757,world,cf231,-2.617344617843628,-1.5741957426071167,0.9661327600479126
1773049076,795252757,world,cf231_leg,-2.6116793155670166,-1.5815025568008423,0.9517135620117188
1773049076,800152761,world,cf231,-2.617398262023926,-1.574140191078186,0.9662466049194336
1773049076,800152761,world,cf231_leg,-2.6115024089813232,-1.5813484191894531,0.9516711235046387
1773049076,805063561,world,cf231,-2.6171815395355225,-1.5739344358444214,0.966253399848938
1773049076,805063561,world,cf231_leg,-2.6114094257354736,-1.581160545349121,0.9516663551330566
1773049076,810167988,world,cf231,-2.6170413494110107,-1.573720097541809,0.9662365913391113
1773049076,810167988,world,cf231_leg,-2.6113154888153076,-1.5811313390731812,0.9517618417739868
1773049076,815200599,world,cf231,-2.6170194149017334,-1.5736534595489502,0.9662654399871826
1773049076,815200599,world,cf231_leg,-2.611210823059082,-1.5809434652328491,0.9516669511795044
1773049076,820402233,world,cf231,-2.6168386936187744,-1.573500394821167,0.9662477970123291
1773049076,820402233,world,cf231_leg,-2.611114740371704,-1.5809226036071777,0.9518312215805054
1773049076,825303794,world,cf231,-2.616934299468994,-1.5734142065048218,0.9664252996444702
1773049076,825303794,world,cf231_leg,-2.61106014251709,-1.580828070640564,0.9518990516662598
1773049076,830221905,world,cf231,-2.616878032684326,-1.5732817649841309,0.9664056301116943
1773049076,830221905,world,cf231_leg,-2.6108226776123047,-1.5806684494018555,0.951880693435669
1773049076,835105360,world,cf231,-2.6166746616363525,-1.573068380355835,0.9664539098739624
1773049076,835105360,world,cf231_leg,-2.610748052597046,-1.5806660652160645,0.9518529176712036
1773049076,840076038,world,cf231,-2.616645097732544,-1.5729210376739502,0.9665156602859497
1773049076,840076038,world,cf231_leg,-2.610779285430908,-1.5805339813232422,0.951923131942749
1773049076,846350327,world,cf231,-2.6165266036987305,-1.572823405265808,0.9666428565979004
1773049076,846350327,world,cf231_leg,-2.6105763912200928,-1.5804357528686523,0.9519321918487549
1773049076,850063068,world,cf231,-2.616567611694336,-1.5727657079696655,0.9666603803634644
1773049076,850063068,world,cf231_leg,-2.6104822158813477,-1.580405831336975,0.9520300626754761
1773049076,855034756,world,cf231,-2.616502285003662,-1.5725551843643188,0.9666944742202759
1773049076,855034756,world,cf231_leg,-2.6103296279907227,-1.5802079439163208,0.9520158767700195
1773049076,860171509,world,cf231,-2.616356611251831,-1.572468638420105,0.9667230844497681
1773049076,860171509,world,cf231_leg,-2.6101889610290527,-1.580155849456787,0.9521137475967407
1773049076,865186410,world,cf231,-2.6162333488464355,-1.572485327720642,0.9668240547180176
1773049076,865186410,world,cf231_leg,-2.6102025508880615,-1.5801522731781006,0.9521673917770386
1773049076,870186296,world,cf231,-2.6160836219787598,-1.5721595287322998,0.9667774438858032
1773049076,870186296,world,cf231_leg,-2.6100103855133057,-1.580011248588562,0.9521363973617554
1773049076,875049483,world,cf231,-2.6161599159240723,-1.572204351425171,0.966944694519043
1773049076,875049483,world,cf231_leg,-2.6099722385406494,-1.5799490213394165,0.952338457107544
1773049076,881380223,world,cf231,-2.6160497665405273,-1.5721772909164429,0.9669848680496216
1773049076,881380223,world,cf231_leg,-2.6098968982696533,-1.5799514055252075,0.952343225479126
1773049076,885418697,world,cf231,-2.6157915592193604,-1.5720577239990234,0.9670430421829224
1773049076,885418697,world,cf231_leg,-2.6097936630249023,-1.5798068046569824,0.9523767232894897
1773049076,890214660,world,cf231,-2.6156723499298096,-1.5719162225723267,0.9670346975326538
1773049076,890214660,world,cf231_leg,-2.6096887588500977,-1.579817295074463,0.952499270439148
1773049076,895285087,world,cf231,-2.6155359745025635,-1.5719341039657593,0.9670579433441162
1773049076,895285087,world,cf231_leg,-2.60957932472229,-1.5797477960586548,0.9524139165878296
1773049076,900074985,world,cf231,-2.6153171062469482,-1.5717192888259888,0.9670356512069702
1773049076,900074985,world,cf231_leg,-2.6093876361846924,-1.5796489715576172,0.9525148868560791
1773049076,905114729,world,cf231,-2.6153054237365723,-1.571771264076233,0.9671280384063721
1773049076,905114729,world,cf231_leg,-2.609347105026245,-1.579551100730896,0.9526357650756836
1773049076,910226669,world,cf231,-2.6150741577148438,-1.5715906620025635,0.9671117067337036
1773049076,910226669,world,cf231_leg,-2.6092724800109863,-1.5795514583587646,0.9526227712631226
1773049076,915222549,world,cf231,-2.6148526668548584,-1.571542501449585,0.9672298431396484
1773049076,915222549,world,cf231_leg,-2.60906982421875,-1.579445242881775,0.9525861740112305
1773049076,920328259,world,cf231,-2.6146793365478516,-1.5715060234069824,0.9672820568084717
1773049076,920328259,world,cf231_leg,-2.6089882850646973,-1.5794110298156738,0.9527401924133301
1773049076,925119506,world,cf231,-2.614532709121704,-1.5714081525802612,0.9672605991363525
1773049076,925119506,world,cf231_leg,-2.608816385269165,-1.5794907808303833,0.9527688026428223
1773049076,930128848,world,cf231,-2.6144444942474365,-1.5714448690414429,0.9672530889511108
1773049076,930128848,world,cf231_leg,-2.6086647510528564,-1.579332947731018,0.9528698921203613
1773049076,935703801,world,cf231,-2.6141505241394043,-1.571268916130066,0.9673182964324951
1773049076,935703801,world,cf231_leg,-2.6085500717163086,-1.5792276859283447,0.9529315233230591
1773049076,940060357,world,cf231,-2.6138501167297363,-1.5711628198623657,0.9672243595123291
1773049076,940060357,world,cf231_leg,-2.608344078063965,-1.5792498588562012,0.952944278717041
1773049076,945114387,world,cf231,-2.6136133670806885,-1.571236252784729,0.967248797416687
1773049076,945114387,world,cf231_leg,-2.6082823276519775,-1.5792402029037476,0.9529581069946289
1773049076,950035129,world,cf231,-2.613440990447998,-1.5712454319000244,0.9675264358520508
1773049076,950035129,world,cf231_leg,-2.607957601547241,-1.5791168212890625,0.9529416561126709
1773049076,956468325,world,cf231,-2.613328695297241,-1.5711716413497925,0.9673439264297485
1773049076,956468325,world,cf231_leg,-2.6079068183898926,-1.5792267322540283,0.9530274868011475
1773049076,960101404,world,cf231,-2.6131432056427,-1.571175456047058,0.9675078392028809
1773049076,960101404,world,cf231_leg,-2.607769250869751,-1.5790183544158936,0.9530168771743774
1773049076,965440474,world,cf231,-2.612833023071289,-1.5711579322814941,0.9676758050918579
1773049076,965440474,world,cf231_leg,-2.607560873031616,-1.5790354013442993,0.953022837638855
1773049076,970079779,world,cf231,-2.612619638442993,-1.5711733102798462,0.9676721096038818
1773049076,970079779,world,cf231_leg,-2.607353925704956,-1.5790587663650513,0.9530555009841919
1773049076,975398578,world,cf231,-2.6124680042266846,-1.571213960647583,0.9677480459213257
1773049076,975398578,world,cf231_leg,-2.60725998878479,-1.5789850950241089,0.9530023336410522
1773049076,980164662,world,cf231,-2.6123082637786865,-1.5711308717727661,0.9677196741104126
1773049076,980164662,world,cf231_leg,-2.607057809829712,-1.5788904428482056,0.9530231952667236
1773049076,985040320,world,cf231,-2.612170696258545,-1.5711439847946167,0.9677289724349976
1773049076,985040320,world,cf231_leg,-2.6069798469543457,-1.5790027379989624,0.9529696702957153
1773049076,990114396,world,cf231,-2.6119790077209473,-1.5712294578552246,0.9677143096923828
1773049076,990114396,world,cf231_leg,-2.6068358421325684,-1.5789138078689575,0.9529904127120972
1773049076,995031793,world,cf231,-2.6116943359375,-1.5711325407028198,0.9677232503890991
1773049076,995031793,world,cf231_leg,-2.606675863265991,-1.5789523124694824,0.9529737234115601
1773049077,76974,world,cf231,-2.6114046573638916,-1.5711395740509033,0.9676543474197388
1773049077,76974,world,cf231_leg,-2.606529712677002,-1.5788748264312744,0.9530764818191528
1773049077,5232748,world,cf231,-2.6111152172088623,-1.5711537599563599,0.9676196575164795
1773049077,5232748,world,cf231_leg,-2.6064460277557373,-1.5789062976837158,0.953022837638855
1773049077,10035119,world,cf231,-2.610990524291992,-1.5711297988891602,0.9676038026809692
1773049077,10035119,world,cf231_leg,-2.6063108444213867,-1.5788904428482056,0.9529730081558228
1773049077,15192598,world,cf231,-2.610874652862549,-1.5712302923202515,0.9676902294158936
1773049077,15192598,world,cf231_leg,-2.606189250946045,-1.57886803150177,0.9529627561569214
1773049077,21501288,world,cf231,-2.610598564147949,-1.571230173110962,0.9676611423492432
1773049077,21501288,world,cf231_leg,-2.606029510498047,-1.5789042711257935,0.9529298543930054
1773049077,25178646,world,cf231,-2.6101927757263184,-1.5713015794754028,0.9675759077072144
1773049077,25178646,world,cf231_leg,-2.6059935092926025,-1.5789076089859009,0.9531762599945068
1773049077,30045082,world,cf231,-2.6099441051483154,-1.5712541341781616,0.9675427675247192
1773049077,30045082,world,cf231_leg,-2.6057872772216797,-1.5788660049438477,0.9529356956481934
1773049077,35066437,world,cf231,-2.609849214553833,-1.5713775157928467,0.967464804649353
1773049077,35066437,world,cf231_leg,-2.6055808067321777,-1.5789399147033691,0.9529411792755127
1773049077,40131003,world,cf231,-2.6095736026763916,-1.5713815689086914,0.9674516916275024
1773049077,40131003,world,cf231_leg,-2.6055517196655273,-1.5788958072662354,0.9528636932373047
1773049077,45211444,world,cf231,-2.609452962875366,-1.5715899467468262,0.9674769639968872
1773049077,45211444,world,cf231_leg,-2.6054108142852783,-1.5788434743881226,0.9529629945755005
1773049077,50126737,world,cf231,-2.6091854572296143,-1.5716676712036133,0.9673951864242554
1773049077,50126737,world,cf231_leg,-2.605266571044922,-1.578977108001709,0.9531335830688477
1773049077,55177956,world,cf231,-2.6089985370635986,-1.5716420412063599,0.9674241542816162
1773049077,55177956,world,cf231_leg,-2.6050326824188232,-1.5787887573242188,0.9529211521148682
1773049077,60178549,world,cf231,-2.608912944793701,-1.5718700885772705,0.9673416614532471
1773049077,60178549,world,cf231_leg,-2.6047961711883545,-1.5788178443908691,0.9528517723083496
1773049077,65281811,world,cf231,-2.608859062194824,-1.5719718933105469,0.9673846960067749
1773049077,65281811,world,cf231_leg,-2.604724645614624,-1.5788522958755493,0.9529026746749878
1773049077,70058669,world,cf231,-2.6086666584014893,-1.5720638036727905,0.9674071073532104
1773049077,70058669,world,cf231_leg,-2.6044533252716064,-1.5788911581039429,0.9531058073043823
1773049077,75263221,world,cf231,-2.608397960662842,-1.5721473693847656,0.9673643112182617
1773049077,75263221,world,cf231_leg,-2.604365110397339,-1.5788956880569458,0.9530372619628906
1773049077,80037018,world,cf231,-2.608325481414795,-1.5723809003829956,0.9673953056335449
1773049077,80037018,world,cf231_leg,-2.6040613651275635,-1.578845739364624,0.9530397653579712
1773049077,85135215,world,cf231,-2.6080703735351562,-1.5724141597747803,0.9672542810440063
1773049077,85135215,world,cf231_leg,-2.6039745807647705,-1.578887701034546,0.9530719518661499
1773049077,90085904,world,cf231,-2.60789155960083,-1.5724560022354126,0.9671783447265625
1773049077,90085904,world,cf231_leg,-2.603804588317871,-1.578810453414917,0.9529941082000732
1773049077,95278656,world,cf231,-2.6077215671539307,-1.5726549625396729,0.967290997505188
1773049077,95278656,world,cf231_leg,-2.6037535667419434,-1.5789670944213867,0.9532461166381836
1773049077,100070638,world,cf231,-2.6075243949890137,-1.5728613138198853,0.9672881364822388
1773049077,100070638,world,cf231_leg,-2.6035447120666504,-1.5789501667022705,0.9531642198562622
1773049077,105111200,world,cf231,-2.6072566509246826,-1.5729422569274902,0.9672254323959351
1773049077,105111200,world,cf231_leg,-2.603445529937744,-1.578994631767273,0.9531222581863403
1773049077,110154947,world,cf231,-2.606940507888794,-1.5730077028274536,0.9672116041183472
1773049077,110154947,world,cf231_leg,-2.6032297611236572,-1.5789453983306885,0.9532235860824585
1773049077,115289245,world,cf231,-2.6068665981292725,-1.5731974840164185,0.967106819152832
1773049077,115289245,world,cf231_leg,-2.6031627655029297,-1.5790152549743652,0.9531286954879761
1773049077,120166942,world,cf231,-2.6067025661468506,-1.5732758045196533,0.9672079086303711
1773049077,120166942,world,cf231_leg,-2.6030945777893066,-1.578932523727417,0.9531879425048828
1773049077,125140815,world,cf231,-2.6064486503601074,-1.5733532905578613,0.967201828956604
1773049077,125140815,world,cf231_leg,-2.6028735637664795,-1.5789542198181152,0.9531368017196655
1773049077,131338838,world,cf231,-2.6062214374542236,-1.5733760595321655,0.9671578407287598
1773049077,131338838,world,cf231_leg,-2.6028285026550293,-1.579095482826233,0.9530436992645264
1773049077,135041684,world,cf231,-2.6060917377471924,-1.5734769105911255,0.9671697616577148
1773049077,135041684,world,cf231_leg,-2.6027181148529053,-1.579030990600586,0.9529898166656494
1773049077,140849621,world,cf231,-2.6059985160827637,-1.5736380815505981,0.9671908617019653
1773049077,140849621,world,cf231_leg,-2.602592706680298,-1.5791308879852295,0.953001856803894
1773049077,145127044,world,cf231,-2.6058456897735596,-1.5736279487609863,0.9670965671539307
1773049077,145127044,world,cf231_leg,-2.602559804916382,-1.5791072845458984,0.9530725479125977
1773049077,150042123,world,cf231,-2.6057116985321045,-1.5738506317138672,0.967117190361023
1773049077,150042123,world,cf231_leg,-2.6024253368377686,-1.5790895223617554,0.9530047178268433
1773049077,155171375,world,cf231,-2.6054348945617676,-1.5738208293914795,0.9670220613479614
1773049077,155171375,world,cf231_leg,-2.602236270904541,-1.579147458076477,0.9529616832733154
1773049077,160158295,world,cf231,-2.605278253555298,-1.5739727020263672,0.9670553207397461
1773049077,160158295,world,cf231_leg,-2.6022913455963135,-1.5791194438934326,0.9531000852584839
1773049077,165225800,world,cf231,-2.60510516166687,-1.5739232301712036,0.967035174369812
1773049077,165225800,world,cf231_leg,-2.602156162261963,-1.5791064500808716,0.9530653953552246
1773049077,170071237,world,cf231,-2.605025291442871,-1.5740803480148315,0.9671152830123901
1773049077,170071237,world,cf231_leg,-2.601982355117798,-1.5791460275650024,0.9529796838760376
1773049077,175035749,world,cf231,-2.604882001876831,-1.5741850137710571,0.967069149017334
1773049077,175035749,world,cf231_leg,-2.6018524169921875,-1.5790513753890991,0.9530365467071533
1773049077,180170810,world,cf231,-2.6046056747436523,-1.5741883516311646,0.9670584201812744
1773049077,180170810,world,cf231_leg,-2.6019015312194824,-1.5791095495224,0.9531168937683105
1773049077,185079906,world,cf231,-2.6043639183044434,-1.5742213726043701,0.9669935703277588
1773049077,185079906,world,cf231_leg,-2.6016054153442383,-1.5791288614273071,0.9530376195907593
1773049077,189963655,world,cf231,-2.604200839996338,-1.5742971897125244,0.9670736789703369
1773049077,189963655,world,cf231_leg,-2.6016812324523926,-1.579179286956787,0.9532275199890137
1773049077,195328377,world,cf231,-2.604187250137329,-1.5743404626846313,0.9671374559402466
1773049077,195328377,world,cf231_leg,-2.601451873779297,-1.5790870189666748,0.9531089067459106
1773049077,200364552,world,cf231,-2.6041290760040283,-1.5745247602462769,0.9670679569244385
1773049077,200364552,world,cf231_leg,-2.6013855934143066,-1.5792018175125122,0.9531620740890503
1773049077,205067889,world,cf231,-2.603809356689453,-1.574388027191162,0.9670785665512085
1773049077,205067889,world,cf231_leg,-2.6013619899749756,-1.5791364908218384,0.9534167051315308
1773049077,210200857,world,cf231,-2.6037425994873047,-1.5745048522949219,0.9671140909194946
1773049077,210200857,world,cf231_leg,-2.6011829376220703,-1.579101324081421,0.9531539678573608
1773049077,215107696,world,cf231,-2.6035921573638916,-1.5745398998260498,0.9671521186828613
1773049077,215107696,world,cf231_leg,-2.6009557247161865,-1.579209566116333,0.9530431032180786
1773049077,220245768,world,cf231,-2.6035234928131104,-1.5746545791625977,0.9671941995620728
1773049077,220245768,world,cf231_leg,-2.601139783859253,-1.5791598558425903,0.953384280204773
1773049077,225120568,world,cf231,-2.6033775806427,-1.5745582580566406,0.9671683311462402
1773049077,225120568,world,cf231_leg,-2.600942373275757,-1.5790983438491821,0.9532430171966553
1773049077,229998086,world,cf231,-2.6032986640930176,-1.5747125148773193,0.9672292470932007
1773049077,229998086,world,cf231_leg,-2.6009340286254883,-1.5791822671890259,0.9533964395523071
1773049077,235133805,world,cf231,-2.6031875610351562,-1.5746488571166992,0.9671673774719238
1773049077,235133805,world,cf231_leg,-2.600801944732666,-1.5790494680404663,0.9533551931381226
1773049077,240119416,world,cf231,-2.603102684020996,-1.5745699405670166,0.9671884775161743
1773049077,240119416,world,cf231_leg,-2.600645065307617,-1.578965187072754,0.9533177614212036
1773049077,245278242,world,cf231,-2.6031243801116943,-1.5746430158615112,0.9671968221664429
1773049077,245278242,world,cf231_leg,-2.600656032562256,-1.5790765285491943,0.9533461332321167
1773049077,252229326,world,cf231,-2.603102684020996,-1.5745664834976196,0.9671709537506104
1773049077,252229326,world,cf231_leg,-2.6006338596343994,-1.5790131092071533,0.9533900022506714
1773049077,255141224,world,cf231,-2.6030759811401367,-1.5746208429336548,0.9672102928161621
1773049077,255141224,world,cf231_leg,-2.6006076335906982,-1.5790657997131348,0.9534289836883545
1773049077,260106938,world,cf231,-2.602963924407959,-1.5745630264282227,0.9671868085861206
1773049077,260106938,world,cf231_leg,-2.600534200668335,-1.5790596008300781,0.953365683555603
1773049077,265270218,world,cf231,-2.6029155254364014,-1.5745408535003662,0.9672001600265503
1773049077,265270218,world,cf231_leg,-2.6004669666290283,-1.5790166854858398,0.95354163646698
1773049077,270222794,world,cf231,-2.602893590927124,-1.5744707584381104,0.9672110080718994
1773049077,270222794,world,cf231_leg,-2.600308656692505,-1.5788898468017578,0.9533730745315552
1773049077,275299793,world,cf231,-2.602919578552246,-1.5744223594665527,0.9672093391418457
1773049077,275299793,world,cf231_leg,-2.600248336791992,-1.5788843631744385,0.9533969163894653
1773049077,280096656,world,cf231,-2.60286283493042,-1.5742831230163574,0.9671535491943359
1773049077,280096656,world,cf231_leg,-2.600222587585449,-1.5789350271224976,0.953418493270874
1773049077,285349734,world,cf231,-2.6028623580932617,-1.574285864830017,0.9671729803085327
1773049077,285349734,world,cf231_leg,-2.6001877784729004,-1.5788708925247192,0.9533752202987671
1773049077,290053792,world,cf231,-2.6028621196746826,-1.5742788314819336,0.9671382904052734
1773049077,290053792,world,cf231_leg,-2.6000919342041016,-1.5787981748580933,0.9533424377441406
1773049077,295192750,world,cf231,-2.602853536605835,-1.5741685628890991,0.9671039581298828
1773049077,295192750,world,cf231_leg,-2.60002064704895,-1.5788356065750122,0.9534071683883667
1773049077,300167485,world,cf231,-2.6028940677642822,-1.5741137266159058,0.9671403169631958
1773049077,300167485,world,cf231_leg,-2.6000828742980957,-1.5787250995635986,0.9534119367599487
1773049077,305522249,world,cf231,-2.602982521057129,-1.5740703344345093,0.9671120643615723
1773049077,305522249,world,cf231_leg,-2.59991192817688,-1.5786526203155518,0.9533666372299194
1773049077,310061557,world,cf231,-2.6030232906341553,-1.5740089416503906,0.9671124219894409
1773049077,310061557,world,cf231_leg,-2.600036382675171,-1.5787051916122437,0.9534293413162231
1773049077,316355821,world,cf231,-2.602965831756592,-1.573875904083252,0.9670935869216919
1773049077,316355821,world,cf231_leg,-2.5998778343200684,-1.578586459159851,0.9533059597015381
1773049077,320188107,world,cf231,-2.6029551029205322,-1.573766827583313,0.9670834541320801
1773049077,320188107,world,cf231_leg,-2.5998923778533936,-1.578580617904663,0.9533426761627197
1773049077,327044299,world,cf231,-2.6030807495117188,-1.5737848281860352,0.9670614004135132
1773049077,327044299,world,cf231_leg,-2.5999059677124023,-1.578576922416687,0.9533967971801758
1773049077,330037431,world,cf231,-2.6031808853149414,-1.5735793113708496,0.9672499895095825
1773049077,330037431,world,cf231_leg,-2.5998566150665283,-1.578515648841858,0.9533023834228516
1773049077,335090783,world,cf231,-2.6031930446624756,-1.5735347270965576,0.9671907424926758
1773049077,335090783,world,cf231_leg,-2.5997817516326904,-1.578515887260437,0.9532896280288696
1773049077,340418952,world,cf231,-2.6032874584198,-1.5734105110168457,0.9672698974609375
1773049077,340418952,world,cf231_leg,-2.5997841358184814,-1.578395128250122,0.9532862901687622
1773049077,345358046,world,cf231,-2.6032769680023193,-1.573294758796692,0.9672243595123291
1773049077,345358046,world,cf231_leg,-2.5998730659484863,-1.5783913135528564,0.9533525705337524
1773049077,350060701,world,cf231,-2.6034305095672607,-1.5733054876327515,0.9673172235488892
1773049077,350060701,world,cf231_leg,-2.599775791168213,-1.5783227682113647,0.953353762626648
1773049077,355056238,world,cf231,-2.603585720062256,-1.5731557607650757,0.9673051834106445
1773049077,355056238,world,cf231_leg,-2.599775552749634,-1.578322410583496,0.9533548355102539
1773049077,360330620,world,cf231,-2.603666067123413,-1.5730451345443726,0.9673807621002197
1773049077,360330620,world,cf231_leg,-2.59985089302063,-1.5783226490020752,0.9533659219741821
1773049077,365161687,world,cf231,-2.6037065982818604,-1.5729801654815674,0.9673643112182617
1773049077,365161687,world,cf231_leg,-2.5997555255889893,-1.578252911567688,0.953346848487854
1773049077,370239641,world,cf231,-2.6036760807037354,-1.572803020477295,0.9673589468002319
1773049077,370239641,world,cf231_leg,-2.5996930599212646,-1.5781986713409424,0.9532114267349243
1773049077,375164541,world,cf231,-2.6038200855255127,-1.5726956129074097,0.9673855304718018
1773049077,375164541,world,cf231_leg,-2.599733352661133,-1.5781837701797485,0.9533618688583374
1773049077,380051372,world,cf231,-2.6039438247680664,-1.5727182626724243,0.967404842376709
1773049077,380051372,world,cf231_leg,-2.5997719764709473,-1.5781259536743164,0.9533815383911133
1773049077,385195035,world,cf231,-2.6041154861450195,-1.57260000705719,0.9675294160842896
1773049077,385195035,world,cf231_leg,-2.599757671356201,-1.5781346559524536,0.9533591270446777
1773049077,390392784,world,cf231,-2.6041479110717773,-1.5724284648895264,0.9674950838088989
1773049077,390392784,world,cf231_leg,-2.5997719764709473,-1.5781311988830566,0.9534120559692383
1773049077,395119410,world,cf231,-2.604179620742798,-1.572252631187439,0.9674456119537354
1773049077,395119410,world,cf231_leg,-2.599761724472046,-1.5780125856399536,0.9533361196517944
1773049077,400040760,world,cf231,-2.604172706604004,-1.5721830129623413,0.9675294160842896
1773049077,400040760,world,cf231_leg,-2.5997753143310547,-1.5780116319656372,0.9534052610397339
1773049077,405189454,world,cf231,-2.6043078899383545,-1.571958303451538,0.9674874544143677
1773049077,405189454,world,cf231_leg,-2.599804162979126,-1.5779945850372314,0.9534485340118408
1773049077,410053082,world,cf231,-2.6044373512268066,-1.5718706846237183,0.9675469398498535
1773049077,410053082,world,cf231_leg,-2.599691867828369,-1.5778920650482178,0.9532957077026367
1773049077,415041090,world,cf231,-2.6044070720672607,-1.5716835260391235,0.967488169670105
1773049077,415041090,world,cf231_leg,-2.599673271179199,-1.577865719795227,0.9534176588058472
1773049077,420183845,world,cf231,-2.6043365001678467,-1.5715579986572266,0.9674277305603027
1773049077,420183845,world,cf231_leg,-2.5997467041015625,-1.5778666734695435,0.9534507989883423
1773049077,425168055,world,cf231,-2.6044797897338867,-1.5714499950408936,0.9674563407897949
1773049077,425168055,world,cf231_leg,-2.599818229675293,-1.5778348445892334,0.9534156322479248
1773049077,430140943,world,cf231,-2.604588270187378,-1.5712897777557373,0.9675061702728271
1773049077,430140943,world,cf231_leg,-2.5997581481933594,-1.5778217315673828,0.9533923864364624
1773049077,435084942,world,cf231,-2.6046831607818604,-1.5711266994476318,0.9674627780914307
1773049077,435084942,world,cf231_leg,-2.599748373031616,-1.5777143239974976,0.953374981880188
1773049077,440097080,world,cf231,-2.6048145294189453,-1.5710667371749878,0.9675682783126831
1773049077,440097080,world,cf231_leg,-2.59980845451355,-1.5777275562286377,0.9533977508544922
1773049077,445081676,world,cf231,-2.6048057079315186,-1.5709561109542847,0.9675352573394775
1773049077,445081676,world,cf231_leg,-2.599808692932129,-1.5777194499969482,0.9533524513244629
1773049077,450177550,world,cf231,-2.6047873497009277,-1.570766568183899,0.9675575494766235
1773049077,450177550,world,cf231_leg,-2.599822521209717,-1.5777158737182617,0.9534058570861816
1773049077,455462629,world,cf231,-2.6048691272735596,-1.5706508159637451,0.9675935506820679
1773049077,455462629,world,cf231_leg,-2.5996901988983154,-1.577582597732544,0.9533658027648926
1773049077,460324772,world,cf231,-2.6049997806549072,-1.570547342300415,0.9675618410110474
1773049077,460324772,world,cf231_leg,-2.599740982055664,-1.5776344537734985,0.9533953666687012
1773049077,465302652,world,cf231,-2.605003595352173,-1.570428490638733,0.9675719738006592
1773049077,465302652,world,cf231_leg,-2.599839210510254,-1.577589511871338,0.9534393548965454
1773049077,470026278,world,cf231,-2.6050491333007812,-1.5702455043792725,0.9675633907318115
1773049077,470026278,world,cf231_leg,-2.5997097492218018,-1.5774562358856201,0.9533745050430298
1773049077,475206112,world,cf231,-2.6049916744232178,-1.570115566253662,0.9675625562667847
1773049077,475206112,world,cf231_leg,-2.5997793674468994,-1.5775820016860962,0.9534454345703125
1773049077,480187066,world,cf231,-2.605067491531372,-1.5701199769973755,0.9676122665405273
1773049077,480187066,world,cf231_leg,-2.5997228622436523,-1.5774492025375366,0.9534157514572144
1773049077,484967614,world,cf231,-2.605194330215454,-1.5698601007461548,0.96776282787323
1773049077,484967614,world,cf231_leg,-2.599663734436035,-1.577439785003662,0.9534041881561279
1773049077,490123994,world,cf231,-2.6053833961486816,-1.5699304342269897,0.9678677320480347
1773049077,490123994,world,cf231_leg,-2.5997724533081055,-1.5775079727172852,0.953494668006897
1773049077,495270238,world,cf231,-2.6053988933563232,-1.5697660446166992,0.967821478843689
1773049077,495270238,world,cf231_leg,-2.5996766090393066,-1.5774352550506592,0.9534608125686646
1773049077,500424241,world,cf231,-2.605501651763916,-1.5697195529937744,0.9678487777709961
1773049077,500424241,world,cf231_leg,-2.5996551513671875,-1.577372431755066,0.9535033702850342
1773049077,505032007,world,cf231,-2.6054537296295166,-1.5697044134140015,0.9678970575332642
1773049077,505032007,world,cf231_leg,-2.5996203422546387,-1.5773082971572876,0.9534598588943481
1773049077,510087753,world,cf231,-2.6054470539093018,-1.569473147392273,0.9678800106048584
1773049077,510087753,world,cf231_leg,-2.5996155738830566,-1.577426791191101,0.9534709453582764
1773049077,515159806,world,cf231,-2.6056084632873535,-1.569557547569275,0.9679050445556641
1773049077,515159806,world,cf231_leg,-2.599632501602173,-1.5773029327392578,0.9535191059112549
1773049077,520127950,world,cf231,-2.6056132316589355,-1.5694361925125122,0.9678951501846313
1773049077,520127950,world,cf231_leg,-2.599653959274292,-1.5773684978485107,0.9534921646118164
1773049077,525330485,world,cf231,-2.605550765991211,-1.569430947303772,0.967922568321228
1773049077,525330485,world,cf231_leg,-2.59957218170166,-1.5772950649261475,0.9535270929336548
1773049077,530133822,world,cf231,-2.605527877807617,-1.569356083869934,0.9679198265075684
1773049077,530133822,world,cf231_leg,-2.5995233058929443,-1.577239751815796,0.9534608125686646
1773049077,535147271,world,cf231,-2.60550594329834,-1.569289207458496,0.9679484367370605
1773049077,535147271,world,cf231_leg,-2.5995407104492188,-1.577272891998291,0.9535932540893555
1773049077,540020015,world,cf231,-2.6056575775146484,-1.569258689880371,0.9679255485534668
1773049077,540020015,world,cf231_leg,-2.5995473861694336,-1.5773465633392334,0.9535460472106934
1773049077,545139892,world,cf231,-2.605720043182373,-1.5693135261535645,0.9680730104446411
1773049077,545139892,world,cf231_leg,-2.5995891094207764,-1.5773333311080933,0.953690767288208
1773049077,553443142,world,cf231,-2.6056721210479736,-1.5692557096481323,0.9679809808731079
1773049077,553443142,world,cf231_leg,-2.5994160175323486,-1.5774071216583252,0.9536924362182617
1773049077,555776465,world,cf231,-2.6056225299835205,-1.5692460536956787,0.9680685997009277
1773049077,555776465,world,cf231_leg,-2.599487066268921,-1.5773801803588867,0.9536888599395752
1773049077,560140619,world,cf231,-2.6055867671966553,-1.5691827535629272,0.9680402278900146
1773049077,560140619,world,cf231_leg,-2.599346399307251,-1.5772868394851685,0.9536515474319458
1773049077,566045203,world,cf231,-2.605649948120117,-1.5691953897476196,0.9680459499359131
1773049077,566045203,world,cf231_leg,-2.599348306655884,-1.5773276090621948,0.9537652730941772
1773049077,570089979,world,cf231,-2.6056511402130127,-1.5692274570465088,0.9682008028030396
1773049077,570089979,world,cf231_leg,-2.5993216037750244,-1.5773801803588867,0.9538044929504395
1773049077,575340303,world,cf231,-2.605616569519043,-1.569211483001709,0.9683259725570679
1773049077,575340303,world,cf231_leg,-2.599323034286499,-1.577378511428833,0.9537858963012695
1773049077,586449621,world,cf231,-2.6056649684906006,-1.569266676902771,0.9683973789215088
1773049077,586449621,world,cf231_leg,-2.5991671085357666,-1.5773372650146484,0.9538789987564087
1773049077,586622192,world,cf231,-2.6055054664611816,-1.569190502166748,0.9684031009674072
1773049077,586622192,world,cf231_leg,-2.5991392135620117,-1.5773496627807617,0.9538023471832275
1773049077,590063701,world,cf231,-2.6054787635803223,-1.5692453384399414,0.9684411287307739
1773049077,590063701,world,cf231_leg,-2.5990796089172363,-1.5773394107818604,0.9537938833236694
1773049077,595143366,world,cf231,-2.6055245399475098,-1.5691382884979248,0.9686564207077026
1773049077,595143366,world,cf231_leg,-2.599055051803589,-1.5774329900741577,0.953946590423584
1773049077,601778018,world,cf231,-2.605597496032715,-1.5692965984344482,0.9688694477081299
1773049077,601778018,world,cf231_leg,-2.598970890045166,-1.5773158073425293,0.9538534879684448
1773049077,605174660,world,cf231,-2.605569362640381,-1.5693451166152954,0.968803882598877
1773049077,605174660,world,cf231_leg,-2.599008321762085,-1.577379822731018,0.9538731575012207
1773049077,611937215,world,cf231,-2.605334997177124,-1.569303035736084,0.9689512252807617
1773049077,611937215,world,cf231_leg,-2.598923444747925,-1.577457308769226,0.9539889097213745
1773049077,615034373,world,cf231,-2.6053621768951416,-1.5692847967147827,0.9690152406692505
1773049077,615034373,world,cf231_leg,-2.5989203453063965,-1.577613353729248,0.9540998935699463
1773049077,622443278,world,cf231,-2.6053974628448486,-1.5693477392196655,0.9690448045730591
1773049077,622443278,world,cf231_leg,-2.5988965034484863,-1.5775091648101807,0.9540301561355591
1773049077,625072797,world,cf231,-2.6052730083465576,-1.5693309307098389,0.9690632820129395
1773049077,625072797,world,cf231_leg,-2.5986897945404053,-1.5775645971298218,0.9541343450546265
1773049077,630054519,world,cf231,-2.605259418487549,-1.569371223449707,0.9691077470779419
1773049077,630054519,world,cf231_leg,-2.5987727642059326,-1.577647089958191,0.95414137840271
1773049077,635061961,world,cf231,-2.6051437854766846,-1.5694682598114014,0.9691771268844604
1773049077,635061961,world,cf231_leg,-2.598672389984131,-1.577692985534668,0.9541187286376953
1773049077,640540957,world,cf231,-2.6051032543182373,-1.5695334672927856,0.9691931009292603
1773049077,640540957,world,cf231_leg,-2.5984930992126465,-1.5777015686035156,0.9542120695114136
1773049077,645219852,world,cf231,-2.6051394939422607,-1.56963312625885,0.9693243503570557
1773049077,645219852,world,cf231_leg,-2.5984857082366943,-1.577729344367981,0.9544318914413452
1773049077,650362668,world,cf231,-2.6050989627838135,-1.5696948766708374,0.9693231582641602
1773049077,650362668,world,cf231_leg,-2.5984652042388916,-1.5777530670166016,0.9542553424835205
1773049077,657848926,world,cf231,-2.6049611568450928,-1.5697147846221924,0.9693681001663208
1773049077,657848926,world,cf231_leg,-2.5983035564422607,-1.5778557062149048,0.9545148611068726
1773049077,660406260,world,cf231,-2.6048808097839355,-1.5698684453964233,0.9694308042526245
1773049077,660406260,world,cf231_leg,-2.598172187805176,-1.57781982421875,0.9543154239654541
1773049077,666601212,world,cf231,-2.604679822921753,-1.5698463916778564,0.9694020748138428
1773049077,666601212,world,cf231_leg,-2.5979597568511963,-1.5778595209121704,0.9544864892959595
1773049077,670127753,world,cf231,-2.6046884059906006,-1.569963812828064,0.969470739364624
1773049077,670127753,world,cf231_leg,-2.597930908203125,-1.5779781341552734,0.954819917678833
1773049077,676199837,world,cf231,-2.604559898376465,-1.5700948238372803,0.9695477485656738
1773049077,676199837,world,cf231_leg,-2.597777843475342,-1.5778685808181763,0.9546024799346924
1773049077,680227695,world,cf231,-2.6043806076049805,-1.570136308670044,0.9694727659225464
1773049077,680227695,world,cf231_leg,-2.597720146179199,-1.5781136751174927,0.9548134803771973
1773049077,687459777,world,cf231,-2.6041042804718018,-1.5701464414596558,0.9694967269897461
1773049077,687459777,world,cf231_leg,-2.597578525543213,-1.5780634880065918,0.9549295902252197
1773049077,690360811,world,cf231,-2.6039834022521973,-1.5703648328781128,0.9695767164230347
1773049077,690360811,world,cf231_leg,-2.5974512100219727,-1.5781253576278687,0.9548428058624268
1773049077,700284797,world,cf231,-2.6039044857025146,-1.5706363916397095,0.9693611860275269
1773049077,700284797,world,cf231_leg,-2.5972907543182373,-1.578163504600525,0.9548274278640747
1773049077,700574477,world,cf231,-2.6038715839385986,-1.5706872940063477,0.9696539640426636
1773049077,700574477,world,cf231_leg,-2.5972774028778076,-1.578371286392212,0.955022931098938
1773049077,705090554,world,cf231,-2.603485107421875,-1.5707480907440186,0.9693208932876587
1773049077,705090554,world,cf231_leg,-2.5970451831817627,-1.5782791376113892,0.9549280405044556
1773049077,710086931,world,cf231,-2.6032891273498535,-1.5709952116012573,0.9694359302520752
1773049077,710086931,world,cf231_leg,-2.596947431564331,-1.5783276557922363,0.9548969268798828
1773049077,715332904,world,cf231,-2.60302734375,-1.5710352659225464,0.9696012735366821
1773049077,715332904,world,cf231_leg,-2.5968127250671387,-1.5785131454467773,0.9550811052322388
1773049077,720479091,world,cf231,-2.6029059886932373,-1.5712069272994995,0.9695258140563965
1773049077,720479091,world,cf231_leg,-2.5966989994049072,-1.578568458557129,0.9550338983535767
1773049077,725145552,world,cf231,-2.6028125286102295,-1.5713711977005005,0.9695659875869751
1773049077,725145552,world,cf231_leg,-2.596553087234497,-1.5785987377166748,0.9550387859344482
1773049077,729996290,world,cf231,-2.602691173553467,-1.5715891122817993,0.9696475267410278
1773049077,729996290,world,cf231_leg,-2.5965020656585693,-1.5787005424499512,0.9550806283950806
1773049077,735179791,world,cf231,-2.6025149822235107,-1.571702003479004,0.9697543382644653
1773049077,735179791,world,cf231_leg,-2.5965209007263184,-1.5789331197738647,0.955224871635437
1773049077,741031909,world,cf231,-2.6023871898651123,-1.5720036029815674,0.9697470664978027
1773049077,741031909,world,cf231_leg,-2.5963494777679443,-1.5790140628814697,0.9552510976791382
1773049077,745221616,world,cf231,-2.602257490158081,-1.57210111618042,0.9697414636611938
1773049077,745221616,world,cf231_leg,-2.596346378326416,-1.5791313648223877,0.9552422761917114
1773049077,750092880,world,cf231,-2.602177381515503,-1.5722578763961792,0.9698225259780884
1773049077,750092880,world,cf231_leg,-2.596162796020508,-1.5791023969650269,0.9552590847015381
1773049077,755159250,world,cf231,-2.6020209789276123,-1.5724064111709595,0.9698385000228882
1773049077,755159250,world,cf231_leg,-2.5961501598358154,-1.5793102979660034,0.9554543495178223
1773049077,762226214,world,cf231,-2.6016814708709717,-1.572400689125061,0.9698396921157837
1773049077,762226214,world,cf231_leg,-2.595961809158325,-1.579358458518982,0.9553468227386475
1773049077,765142944,world,cf231,-2.601422071456909,-1.5725922584533691,0.9698103666305542
1773049077,765142944,world,cf231_leg,-2.5959107875823975,-1.5794601440429688,0.9553890228271484
1773049077,770141027,world,cf231,-2.601154327392578,-1.5726804733276367,0.9697822332382202
1773049077,770141027,world,cf231_leg,-2.595799446105957,-1.5795564651489258,0.9554547071456909
1773049077,776379848,world,cf231,-2.6009504795074463,-1.5728075504302979,0.9698094129562378
1773049077,776379848,world,cf231_leg,-2.595686435699463,-1.5796072483062744,0.9553745985031128
1773049077,780109741,world,cf231,-2.600942850112915,-1.5730847120285034,0.9699108600616455
1773049077,780109741,world,cf231_leg,-2.595451831817627,-1.5796773433685303,0.9554191827774048
1773049077,786686450,world,cf231,-2.6007375717163086,-1.573184847831726,0.9698905944824219
1773049077,786686450,world,cf231_leg,-2.59541654586792,-1.5797746181488037,0.9554939270019531
1773049077,790192234,world,cf231,-2.6003549098968506,-1.5733578205108643,0.9698582887649536
1773049077,790192234,world,cf231_leg,-2.595357894897461,-1.5799635648727417,0.9554976224899292
1773049077,795605987,world,cf231,-2.5999906063079834,-1.573525309562683,0.9696177244186401
1773049077,795605987,world,cf231_leg,-2.595172643661499,-1.5800482034683228,0.9554708003997803
1773049077,800307388,world,cf231,-2.5998494625091553,-1.5736678838729858,0.9696705341339111
1773049077,800307388,world,cf231_leg,-2.594978094100952,-1.5800620317459106,0.9555298089981079
1773049077,805398356,world,cf231,-2.599714756011963,-1.5738933086395264,0.9697109460830688
1773049077,805398356,world,cf231_leg,-2.5948963165283203,-1.5802909135818481,0.9554711580276489
1773049077,810454783,world,cf231,-2.599592924118042,-1.5740644931793213,0.9696379899978638
1773049077,810454783,world,cf231_leg,-2.594749689102173,-1.5803253650665283,0.9555100202560425
1773049077,816191623,world,cf231,-2.599346399307251,-1.57421875,0.9695835113525391
1773049077,816191623,world,cf231_leg,-2.594609498977661,-1.5804282426834106,0.9554715156555176
1773049077,820257162,world,cf231,-2.599198341369629,-1.5744874477386475,0.9696884155273438
1773049077,820257162,world,cf231_leg,-2.594449996948242,-1.580462098121643,0.9554228782653809
1773049077,827142580,world,cf231,-2.5988314151763916,-1.5744863748550415,0.9695553779602051
1773049077,827142580,world,cf231_leg,-2.5942680835723877,-1.5804349184036255,0.9554343223571777
1773049077,830159714,world,cf231,-2.5986828804016113,-1.5747119188308716,0.9695215225219727
1773049077,830159714,world,cf231_leg,-2.594118595123291,-1.580579161643982,0.9554176330566406
1773049077,835115469,world,cf231,-2.598477363586426,-1.5748018026351929,0.9694490432739258
1773049077,835115469,world,cf231_leg,-2.594021797180176,-1.580511212348938,0.9554169178009033
1773049077,840224488,world,cf231,-2.5982933044433594,-1.575000286102295,0.969490647315979
1773049077,840224488,world,cf231_leg,-2.5938973426818848,-1.5806092023849487,0.9554113149642944
1773049077,845333363,world,cf231,-2.597872734069824,-1.5750758647918701,0.9693484306335449
1773049077,845333363,world,cf231_leg,-2.593759536743164,-1.5807114839553833,0.9553505182266235
1773049077,850218562,world,cf231,-2.5975868701934814,-1.5753253698349,0.9693773984909058
1773049077,850218562,world,cf231_leg,-2.5936713218688965,-1.5807082653045654,0.9552364349365234
1773049077,855198645,world,cf231,-2.5974180698394775,-1.5754823684692383,0.9693495035171509
1773049077,855198645,world,cf231_leg,-2.593499183654785,-1.5807937383651733,0.9552962779998779
1773049077,860279684,world,cf231,-2.5972611904144287,-1.5755982398986816,0.9692798852920532
1773049077,860279684,world,cf231_leg,-2.5935287475585938,-1.5809370279312134,0.9552322626113892
1773049077,865316312,world,cf231,-2.5970678329467773,-1.5756793022155762,0.9692527055740356
1773049077,865316312,world,cf231_leg,-2.59344220161438,-1.5809764862060547,0.9552484750747681
1773049077,871129849,world,cf231,-2.5968024730682373,-1.5757699012756348,0.9692178964614868
1773049077,871129849,world,cf231_leg,-2.59328293800354,-1.5810105800628662,0.9551995992660522
1773049077,875176191,world,cf231,-2.5965840816497803,-1.5758678913116455,0.9691025018692017
1773049077,875176191,world,cf231_leg,-2.5932514667510986,-1.5811452865600586,0.9551459550857544
1773049077,880206333,world,cf231,-2.5963993072509766,-1.5760302543640137,0.9690406322479248
1773049077,880206333,world,cf231_leg,-2.593113660812378,-1.5810940265655518,0.9550130367279053
1773049077,885444093,world,cf231,-2.59635591506958,-1.5762083530426025,0.969009518623352
1773049077,885444093,world,cf231_leg,-2.593010663986206,-1.5812551975250244,0.9549649953842163
1773049077,890438299,world,cf231,-2.596177577972412,-1.5762509107589722,0.9689323902130127
1773049077,890438299,world,cf231_leg,-2.592937707901001,-1.581252098083496,0.9549155235290527
1773049077,895421093,world,cf231,-2.595930337905884,-1.5764048099517822,0.9688799381256104
1773049077,895421093,world,cf231_leg,-2.5929059982299805,-1.5813812017440796,0.9548325538635254
1773049077,900152533,world,cf231,-2.5957014560699463,-1.576422929763794,0.9688231945037842
1773049077,900152533,world,cf231_leg,-2.592780113220215,-1.5814834833145142,0.9548612833023071
1773049077,905814119,world,cf231,-2.5955464839935303,-1.5765763521194458,0.9688535928726196
1773049077,905814119,world,cf231_leg,-2.5926554203033447,-1.5815813541412354,0.9548566341400146
1773049077,910090715,world,cf231,-2.5954654216766357,-1.5766929388046265,0.9688161611557007
1773049077,910090715,world,cf231_leg,-2.592595338821411,-1.5815683603286743,0.9548337459564209
1773049077,915328936,world,cf231,-2.595287322998047,-1.576775074005127,0.9688606262207031
1773049077,915328936,world,cf231_leg,-2.5925393104553223,-1.581749439239502,0.9547684192657471
1773049077,923143624,world,cf231,-2.5950093269348145,-1.5767382383346558,0.9687312841415405
1773049077,923143624,world,cf231_leg,-2.592475414276123,-1.5818583965301514,0.9547693729400635
1773049077,925142601,world,cf231,-2.594817876815796,-1.5768280029296875,0.9687342643737793
1773049077,925142601,world,cf231_leg,-2.5922985076904297,-1.5818618535995483,0.9546031951904297
1773049077,930464590,world,cf231,-2.5947039127349854,-1.5769168138504028,0.9687461853027344
1773049077,930464590,world,cf231_leg,-2.5921335220336914,-1.581818699836731,0.9543601274490356
1773049077,939154027,world,cf231,-2.59462308883667,-1.577033519744873,0.9687086343765259
1773049077,939154027,world,cf231_leg,-2.592057704925537,-1.5819720029830933,0.9544215202331543
1773049077,940235130,world,cf231,-2.5945825576782227,-1.577091932296753,0.968690037727356
1773049077,940235130,world,cf231_leg,-2.592050552368164,-1.5818977355957031,0.954471230506897
1773049077,945179472,world,cf231,-2.5945656299591064,-1.5772610902786255,0.9687788486480713
1773049077,945179472,world,cf231_leg,-2.5919089317321777,-1.581963062286377,0.9543317556381226
1773049077,950032160,world,cf231,-2.5942399501800537,-1.5772063732147217,0.9686788320541382
1773049077,950032160,world,cf231_leg,-2.591869592666626,-1.582023024559021,0.9543296098709106
1773049077,955935413,world,cf231,-2.593984842300415,-1.5772440433502197,0.9685541391372681
1773049077,955935413,world,cf231_leg,-2.5918588638305664,-1.58206307888031,0.9543560743331909
1773049077,960050782,world,cf231,-2.5940358638763428,-1.577304720878601,0.9686374664306641
1773049077,960050782,world,cf231_leg,-2.5918526649475098,-1.5821441411972046,0.9542667865753174
1773049077,965175428,world,cf231,-2.5940234661102295,-1.5774624347686768,0.9684059619903564
1773049077,965175428,world,cf231_leg,-2.5917787551879883,-1.5821374654769897,0.9542051553726196
1773049077,972645652,world,cf231,-2.594017505645752,-1.5775468349456787,0.9683152437210083
1773049077,972645652,world,cf231_leg,-2.5918028354644775,-1.5822442770004272,0.9542906284332275
1773049077,975301189,world,cf231,-2.593733072280884,-1.5774378776550293,0.9682493209838867
1773049077,975301189,world,cf231_leg,-2.591700792312622,-1.5822526216506958,0.9541680812835693
1773049077,980391427,world,cf231,-2.5936641693115234,-1.5775096416473389,0.9681531190872192
1773049077,980391427,world,cf231_leg,-2.591639518737793,-1.5822440385818481,0.9541785717010498
1773049077,988544473,world,cf231,-2.5936777591705322,-1.5775090456008911,0.9682291746139526
1773049077,988544473,world,cf231_leg,-2.5915796756744385,-1.5822312831878662,0.9541546106338501
1773049077,992054988,world,cf231,-2.593825101852417,-1.5775834321975708,0.968126654624939
1773049077,992054988,world,cf231_leg,-2.591526508331299,-1.5822948217391968,0.9540989398956299
1773049077,995107823,world,cf231,-2.5938327312469482,-1.5776666402816772,0.9681135416030884
1773049077,995107823,world,cf231_leg,-2.591622829437256,-1.5823676586151123,0.9541314840316772
1773049078,23723,world,cf231,-2.5938329696655273,-1.577666997909546,0.968112587928772
1773049078,23723,world,cf231_leg,-2.5915136337280273,-1.5822968482971191,0.954026460647583
1773049078,6932888,world,cf231,-2.5937302112579346,-1.5777136087417603,0.9680856466293335
1773049078,6932888,world,cf231_leg,-2.5915966033935547,-1.582373857498169,0.9540035724639893
1773049078,11533513,world,cf231,-2.5937561988830566,-1.5776617527008057,0.9680662155151367
1773049078,11533513,world,cf231_leg,-2.591449737548828,-1.582249641418457,0.9539400339126587
1773049078,15107543,world,cf231,-2.593733549118042,-1.5775452852249146,0.9679195880889893
1773049078,15107543,world,cf231_leg,-2.591543674468994,-1.5824377536773682,0.953946590423584
1773049078,22240275,world,cf231,-2.5939419269561768,-1.577653169631958,0.9679546356201172
1773049078,22240275,world,cf231_leg,-2.5915942192077637,-1.5823330879211426,0.9538898468017578
1773049078,25171814,world,cf231,-2.5939600467681885,-1.577524185180664,0.9679850339889526
1773049078,25171814,world,cf231_leg,-2.5915775299072266,-1.5824569463729858,0.9538424015045166
1773049078,30008495,world,cf231,-2.5939059257507324,-1.5775866508483887,0.9679075479507446
1773049078,30008495,world,cf231_leg,-2.591552495956421,-1.5825080871582031,0.9538624286651611
1773049078,38192629,world,cf231,-2.5938963890075684,-1.5774791240692139,0.9678922891616821
1773049078,38192629,world,cf231_leg,-2.5915074348449707,-1.5823311805725098,0.9537707567214966
1773049078,40209570,world,cf231,-2.5939135551452637,-1.5773032903671265,0.9677673578262329
1773049078,40209570,world,cf231_leg,-2.591506242752075,-1.582332730293274,0.953789472579956
1773049078,45038617,world,cf231,-2.594248056411743,-1.5774686336517334,0.9679019451141357
1773049078,45038617,world,cf231_leg,-2.59165358543396,-1.582457423210144,0.9538522958755493
1773049078,54344363,world,cf231,-2.5942792892456055,-1.5772894620895386,0.9678338766098022
1773049078,54344363,world,cf231_leg,-2.591738700866699,-1.5824165344238281,0.953839898109436
1773049078,55453918,world,cf231,-2.5943684577941895,-1.5772465467453003,0.9678030014038086
1773049078,55453918,world,cf231_leg,-2.5915944576263428,-1.5822840929031372,0.953707218170166
1773049078,60206859,world,cf231,-2.5943596363067627,-1.5771329402923584,0.9677505493164062
1773049078,60206859,world,cf231_leg,-2.5917320251464844,-1.582499623298645,0.9537678956985474
1773049078,69388004,world,cf231,-2.594559907913208,-1.57716703414917,0.9678531885147095
1773049078,69388004,world,cf231_leg,-2.591762065887451,-1.5823249816894531,0.9537044763565063
1773049078,70227162,world,cf231,-2.5948362350463867,-1.577152967453003,0.967811107635498
1773049078,70227162,world,cf231_leg,-2.5918211936950684,-1.5824956893920898,0.9538339376449585
1773049078,75577802,world,cf231,-2.5950021743774414,-1.5771187543869019,0.9678446054458618
1773049078,75577802,world,cf231_leg,-2.591939926147461,-1.5824788808822632,0.9537492990493774
1773049078,84101557,world,cf231,-2.595139741897583,-1.5770947933197021,0.9677820205688477
1773049078,84101557,world,cf231_leg,-2.591944694519043,-1.582352638244629,0.9536910057067871
1773049078,85027433,world,cf231,-2.5950498580932617,-1.576783299446106,0.9677602052688599
1773049078,85027433,world,cf231_leg,-2.5918874740600586,-1.5823811292648315,0.9537795782089233
1773049078,90192471,world,cf231,-2.595299243927002,-1.576827049255371,0.9677759408950806
1773049078,90192471,world,cf231_leg,-2.591956615447998,-1.582305908203125,0.9536145925521851
1773049078,98530977,world,cf231,-2.5954787731170654,-1.5767886638641357,0.9678680896759033
1773049078,98530977,world,cf231_leg,-2.592003345489502,-1.5823229551315308,0.9535825252532959
1773049078,100154407,world,cf231,-2.5956790447235107,-1.5767734050750732,0.9677956104278564
1773049078,100154407,world,cf231_leg,-2.592054605484009,-1.5824187994003296,0.9537632465362549
1773049078,105065261,world,cf231,-2.5958266258239746,-1.5765502452850342,0.9678487777709961
1773049078,105065261,world,cf231_leg,-2.5920445919036865,-1.582254409790039,0.9535176753997803
1773049078,111812731,world,cf231,-2.5959017276763916,-1.576517939567566,0.9677959680557251
1773049078,111812731,world,cf231_leg,-2.5921170711517334,-1.5822207927703857,0.9534631967544556
1773049078,115971676,world,cf231,-2.5960588455200195,-1.5764058828353882,0.9678817987442017
1773049078,115971676,world,cf231_leg,-2.592085838317871,-1.5821911096572876,0.9534827470779419
1773049078,120112272,world,cf231,-2.5961880683898926,-1.576304316520691,0.9678710699081421
1773049078,120112272,world,cf231_leg,-2.592254161834717,-1.5822298526763916,0.9534633159637451
1773049078,125259034,world,cf231,-2.596393585205078,-1.5762112140655518,0.9679254293441772
1773049078,125259034,world,cf231_leg,-2.5924057960510254,-1.5823323726654053,0.9536560773849487
1773049078,129993221,world,cf231,-2.5964608192443848,-1.5761018991470337,0.9679218530654907
1773049078,129993221,world,cf231_leg,-2.5924463272094727,-1.582270860671997,0.9536392688751221
1773049078,138225256,world,cf231,-2.5965685844421387,-1.575966715812683,0.968024730682373
1773049078,138225256,world,cf231_leg,-2.592439651489258,-1.582142949104309,0.9534734487533569
1773049078,140080234,world,cf231,-2.5966579914093018,-1.575924038887024,0.9679930210113525
1773049078,140080234,world,cf231_leg,-2.592435359954834,-1.5821573734283447,0.9535939693450928
1773049078,145250068,world,cf231,-2.59686279296875,-1.5758368968963623,0.9680851697921753
1773049078,145250068,world,cf231_leg,-2.5926318168640137,-1.5821813344955444,0.9536342620849609
1773049078,150321019,world,cf231,-2.5971667766571045,-1.5758153200149536,0.9681591987609863
1773049078,150321019,world,cf231_leg,-2.5926454067230225,-1.5821774005889893,0.9536889791488647
1773049078,155053766,world,cf231,-2.597308397293091,-1.5756694078445435,0.9680881500244141
1773049078,155053766,world,cf231_leg,-2.59275484085083,-1.5822458267211914,0.9537779092788696
1773049078,162488142,world,cf231,-2.597349166870117,-1.5756146907806396,0.9681239128112793
1773049078,162488142,world,cf231_leg,-2.5927960872650146,-1.5821332931518555,0.953561544418335
1773049078,165117620,world,cf231,-2.5975582599639893,-1.5757240056991577,0.9681549072265625
1773049078,165117620,world,cf231_leg,-2.5927934646606445,-1.5821439027786255,0.9536463022232056
1773049078,177044513,world,cf231,-2.5976526737213135,-1.5755926370620728,0.9681994915008545
1773049078,177044513,world,cf231_leg,-2.593003988265991,-1.5822086334228516,0.9538902044296265
1773049078,177557030,world,cf231,-2.597893714904785,-1.5755332708358765,0.9682143926620483
1773049078,177557030,world,cf231_leg,-2.5930016040802,-1.582167625427246,0.9537776708602905
1773049078,180456786,world,cf231,-2.597996473312378,-1.575486660003662,0.9682416915893555
1773049078,180456786,world,cf231_leg,-2.5930399894714355,-1.582112193107605,0.9538129568099976
1773049078,187350340,world,cf231,-2.598125696182251,-1.575385332107544,0.9682304859161377
1773049078,187350340,world,cf231_leg,-2.5930612087249756,-1.5820232629776,0.9539215564727783
1773049078,190236189,world,cf231,-2.5981218814849854,-1.5751537084579468,0.968185305595398
1773049078,190236189,world,cf231_leg,-2.593153953552246,-1.582059383392334,0.9538751840591431
1773049078,200409933,world,cf231,-2.598322868347168,-1.575178623199463,0.9682327508926392
1773049078,200409933,world,cf231_leg,-2.593189239501953,-1.5821210145950317,0.9539028406143188
1773049078,201957818,world,cf231,-2.5986459255218506,-1.5750784873962402,0.9685095548629761
1773049078,201957818,world,cf231_leg,-2.5933175086975098,-1.5820602178573608,0.9539855718612671
1773049078,205255956,world,cf231,-2.5987489223480225,-1.5750255584716797,0.9685004949569702
1773049078,205255956,world,cf231_leg,-2.5933408737182617,-1.58201265335083,0.9540014266967773
1773049078,211082621,world,cf231,-2.598865509033203,-1.5749680995941162,0.9685509204864502
1773049078,211082621,world,cf231_leg,-2.593411684036255,-1.5821391344070435,0.9540700912475586
1773049078,215133202,world,cf231,-2.5989465713500977,-1.5748584270477295,0.9686236381530762
1773049078,215133202,world,cf231_leg,-2.5934934616088867,-1.5820584297180176,0.9541698694229126
1773049078,221880933,world,cf231,-2.598966121673584,-1.5747275352478027,0.9686324596405029
1773049078,221880933,world,cf231_leg,-2.593466281890869,-1.582071304321289,0.9540921449661255
1773049078,225093322,world,cf231,-2.599130630493164,-1.5746887922286987,0.9686520099639893
1773049078,225093322,world,cf231_leg,-2.5935587882995605,-1.582107424736023,0.9540457725524902
1773049078,230336015,world,cf231,-2.5993456840515137,-1.5747170448303223,0.9687913656234741
1773049078,230336015,world,cf231_leg,-2.593674659729004,-1.5820951461791992,0.9542223215103149
1773049078,237932040,world,cf231,-2.5994210243225098,-1.5746816396713257,0.9687201976776123
1773049078,237932040,world,cf231_leg,-2.593588352203369,-1.5819815397262573,0.9541658163070679
1773049078,239958631,world,cf231,-2.599529504776001,-1.5745505094528198,0.9688385725021362
1773049078,239958631,world,cf231_leg,-2.5936994552612305,-1.5820435285568237,0.9542038440704346
1773049078,246089099,world,cf231,-2.5995922088623047,-1.5745627880096436,0.9688457250595093
1773049078,246089099,world,cf231_leg,-2.5937492847442627,-1.5820995569229126,0.9542672634124756
1773049078,253226116,world,cf231,-2.5996592044830322,-1.5744563341140747,0.9688618183135986
1773049078,253226116,world,cf231_leg,-2.5938336849212646,-1.5820633172988892,0.9542883634567261
1773049078,255157138,world,cf231,-2.5998120307922363,-1.5744593143463135,0.9689216613769531
1773049078,255157138,world,cf231_leg,-2.59386944770813,-1.5821231603622437,0.954297661781311
1773049078,263199051,world,cf231,-2.599942445755005,-1.5743985176086426,0.9690293073654175
1773049078,263199051,world,cf231_leg,-2.593979835510254,-1.582189917564392,0.9543677568435669
1773049078,269900086,world,cf231,-2.6000404357910156,-1.5744800567626953,0.9691022634506226
1773049078,269900086,world,cf231_leg,-2.5939581394195557,-1.5821216106414795,0.9543803930282593
1773049078,271643067,world,cf231,-2.6000187397003174,-1.574410080909729,0.9691126346588135
1773049078,271643067,world,cf231_leg,-2.5939619541168213,-1.5821585655212402,0.9544585943222046
1773049078,280327850,world,cf231,-2.600121021270752,-1.5743663311004639,0.9691592454910278
1773049078,280327850,world,cf231_leg,-2.594014883041382,-1.5822539329528809,0.9544117450714111
1773049078,291444062,world,cf231,-2.600259304046631,-1.5743824243545532,0.96921706199646
1773049078,291444062,world,cf231_leg,-2.5941431522369385,-1.5821902751922607,0.9544795751571655
1773049078,291580534,world,cf231,-2.600433826446533,-1.5744589567184448,0.9692840576171875
1773049078,291580534,world,cf231_leg,-2.594083070755005,-1.5822241306304932,0.9546222686767578
1773049078,291686495,world,cf231,-2.600557565689087,-1.574481725692749,0.9693034887313843
1773049078,291686495,world,cf231_leg,-2.5942130088806152,-1.5823185443878174,0.954566240310669
1773049078,295239153,world,cf231,-2.6004955768585205,-1.5744702816009521,0.9692938327789307
1773049078,295239153,world,cf231_leg,-2.5941970348358154,-1.5821712017059326,0.954684853553772
1773049078,306751276,world,cf231,-2.6006128787994385,-1.5744171142578125,0.9693596363067627
1773049078,306751276,world,cf231_leg,-2.59421443939209,-1.5823612213134766,0.9546974897384644
1773049078,312022175,world,cf231,-2.6007027626037598,-1.574418067932129,0.9694658517837524
1773049078,312022175,world,cf231_leg,-2.5942397117614746,-1.5823100805282593,0.9546773433685303
1773049078,312523117,world,cf231,-2.600888967514038,-1.5744527578353882,0.9694929122924805
1773049078,312523117,world,cf231_leg,-2.594339370727539,-1.582419514656067,0.9547892808914185
1773049078,315181661,world,cf231,-2.600938320159912,-1.5745083093643188,0.9695631265640259
1773049078,315181661,world,cf231_leg,-2.5944013595581055,-1.582470178604126,0.9549121856689453
1773049078,320105061,world,cf231,-2.600973606109619,-1.5745710134506226,0.9695934057235718
1773049078,320105061,world,cf231_leg,-2.594484806060791,-1.5824326276779175,0.9551422595977783
1773049078,325847059,world,cf231,-2.6009249687194824,-1.5745587348937988,0.9696608781814575
1773049078,325847059,world,cf231_leg,-2.594534397125244,-1.5824910402297974,0.9552218914031982
1773049078,332744218,world,cf231,-2.600996732711792,-1.5746850967407227,0.9697184562683105
1773049078,332744218,world,cf231_leg,-2.594519853591919,-1.58260977268219,0.9549140930175781
1773049078,335713392,world,cf231,-2.6011135578155518,-1.5746349096298218,0.9698030948638916
1773049078,335713392,world,cf231_leg,-2.594609022140503,-1.582495927810669,0.9552655220031738
1773049078,340172141,world,cf231,-2.601114273071289,-1.5746287107467651,0.9697661399841309
1773049078,340172141,world,cf231_leg,-2.5947389602661133,-1.582793116569519,0.9554625749588013
1773049078,346967454,world,cf231,-2.601170539855957,-1.5747641324996948,0.9698053598403931
1773049078,346967454,world,cf231_leg,-2.594785690307617,-1.5828101634979248,0.9554306268692017
1773049078,350100376,world,cf231,-2.6010959148406982,-1.5748001337051392,0.9698747396469116
1773049078,350100376,world,cf231_leg,-2.5946059226989746,-1.5827723741531372,0.955153226852417
1773049078,355110462,world,cf231,-2.601090431213379,-1.574924111366272,0.9699054956436157
1773049078,355110462,world,cf231_leg,-2.5947132110595703,-1.5828436613082886,0.9554849863052368
1773049078,362617384,world,cf231,-2.6011314392089844,-1.5748629570007324,0.9699050188064575
1773049078,362617384,world,cf231_leg,-2.5947701930999756,-1.5829737186431885,0.955499529838562
1773049078,368689671,world,cf231,-2.6012167930603027,-1.574988603591919,0.9700385332107544
1773049078,368689671,world,cf231_leg,-2.5947837829589844,-1.5829672813415527,0.9555386304855347
1773049078,371433207,world,cf231,-2.6010782718658447,-1.574965476989746,0.9699468612670898
1773049078,371433207,world,cf231_leg,-2.594827175140381,-1.583103895187378,0.9555143117904663
1773049078,383340353,world,cf231,-2.601024627685547,-1.5750739574432373,0.9700260162353516
1773049078,383340353,world,cf231_leg,-2.594855308532715,-1.583248257637024,0.9554705619812012
1773049078,383490102,world,cf231,-2.6009273529052734,-1.5749998092651367,0.9699865579605103
1773049078,383490102,world,cf231_leg,-2.5947885513305664,-1.5833206176757812,0.9553912878036499
1773049078,398233716,world,cf231,-2.6009926795959473,-1.5752458572387695,0.9700592756271362
1773049078,398233716,world,cf231_leg,-2.5948524475097656,-1.5833683013916016,0.9554766416549683
1773049078,398369613,world,cf231,-2.601104736328125,-1.5753206014633179,0.9701714515686035
1773049078,398369613,world,cf231_leg,-2.5948963165283203,-1.5833874940872192,0.9556901454925537
1773049078,398473764,world,cf231,-2.6010377407073975,-1.5754233598709106,0.9701381921768188
1773049078,398473764,world,cf231_leg,-2.594848871231079,-1.5834848880767822,0.9554702043533325
1773049078,411712536,world,cf231,-2.600970506668091,-1.575535774230957,0.9701592922210693
1773049078,411712536,world,cf231_leg,-2.5948948860168457,-1.5836548805236816,0.9555118083953857
1773049078,411879376,world,cf231,-2.600895404815674,-1.5755681991577148,0.9702116250991821
1773049078,411879376,world,cf231_leg,-2.5948944091796875,-1.5836597681045532,0.9555435180664062
1773049078,411991180,world,cf231,-2.600924491882324,-1.5757540464401245,0.9702749252319336
1773049078,411991180,world,cf231_leg,-2.594973564147949,-1.5838559865951538,0.9555292129516602
1773049078,422544403,world,cf231,-2.6008710861206055,-1.5758200883865356,0.9702138900756836
1773049078,422544403,world,cf231_leg,-2.5950064659118652,-1.5840821266174316,0.9557116031646729
1773049078,429368267,world,cf231,-2.600893497467041,-1.5758875608444214,0.9701831340789795
1773049078,429368267,world,cf231_leg,-2.5949459075927734,-1.5840659141540527,0.9556757211685181
1773049078,429495673,world,cf231,-2.6008753776550293,-1.576052188873291,0.9702568054199219
1773049078,429495673,world,cf231_leg,-2.5949318408966064,-1.58407461643219,0.9556534290313721
1773049078,435442939,world,cf231,-2.600710868835449,-1.576094388961792,0.9702550172805786
1773049078,435442939,world,cf231_leg,-2.5950119495391846,-1.5843157768249512,0.9557864665985107
1773049078,435551516,world,cf231,-2.6008403301239014,-1.5763500928878784,0.9703142642974854
1773049078,435551516,world,cf231_leg,-2.5950348377227783,-1.5843799114227295,0.9557403326034546
1773049078,445808639,world,cf231,-2.6007511615753174,-1.5763859748840332,0.9703102111816406
1773049078,445808639,world,cf231_leg,-2.5949501991271973,-1.5844597816467285,0.95587158203125
1773049078,446549181,world,cf231,-2.600795030593872,-1.5765228271484375,0.9702709913253784
1773049078,446549181,world,cf231_leg,-2.5948703289031982,-1.584539532661438,0.9557510614395142
1773049078,451500959,world,cf231,-2.600736379623413,-1.5767133235931396,0.9702388048171997
1773049078,451500959,world,cf231_leg,-2.594883441925049,-1.5845327377319336,0.9557912349700928
1773049078,457744510,world,cf231,-2.600733757019043,-1.5768755674362183,0.9703660011291504
1773049078,457744510,world,cf231_leg,-2.5948801040649414,-1.5846548080444336,0.9558143615722656
1773049078,466824415,world,cf231,-2.60056209564209,-1.5769940614700317,0.970241904258728
1773049078,466824415,world,cf231_leg,-2.5948708057403564,-1.584852695465088,0.9557173252105713
1773049078,478630740,world,cf231,-2.600665807723999,-1.5773378610610962,0.9704234600067139
1773049078,478630740,world,cf231_leg,-2.5949201583862305,-1.584908127784729,0.9557822942733765
1773049078,478762532,world,cf231,-2.600633382797241,-1.5774734020233154,0.9703541994094849
1773049078,478762532,world,cf231_leg,-2.594820976257324,-1.5849525928497314,0.9557411670684814
1773049078,478868323,world,cf231,-2.6007001399993896,-1.5777273178100586,0.9704585075378418
1773049078,478868323,world,cf231_leg,-2.5948641300201416,-1.5850918292999268,0.9557322263717651
1773049078,490031148,world,cf231,-2.6005072593688965,-1.5777727365493774,0.9703264236450195
1773049078,490031148,world,cf231_leg,-2.5947256088256836,-1.5851930379867554,0.9556751251220703
1773049078,490188622,world,cf231,-2.600346326828003,-1.5780458450317383,0.9703707695007324
1773049078,490188622,world,cf231_leg,-2.594764232635498,-1.585294246673584,0.9557960033416748
1773049078,500313492,world,cf231,-2.600372552871704,-1.578341007232666,0.9703689813613892
1773049078,500313492,world,cf231_leg,-2.594757080078125,-1.5855352878570557,0.9558286666870117
1773049078,500474369,world,cf231,-2.600451707839966,-1.5785503387451172,0.9704139232635498
1773049078,500474369,world,cf231_leg,-2.594717264175415,-1.5855945348739624,0.9558283090591431
1773049078,500580129,world,cf231,-2.6003663539886475,-1.5787849426269531,0.9703688621520996
1773049078,500580129,world,cf231_leg,-2.5946338176727295,-1.5856289863586426,0.9557901620864868
1773049078,513109882,world,cf231,-2.599994659423828,-1.5788789987564087,0.9701970815658569
1773049078,513109882,world,cf231_leg,-2.594700813293457,-1.5858745574951172,0.9558671712875366
1773049078,526842833,world,cf231,-2.599860429763794,-1.5790908336639404,0.970167875289917
1773049078,526842833,world,cf231_leg,-2.5946221351623535,-1.585991382598877,0.9558480978012085
1773049078,526995706,world,cf231,-2.5998291969299316,-1.5792633295059204,0.970199465751648
1773049078,526995706,world,cf231_leg,-2.5945372581481934,-1.5860297679901123,0.9558451175689697
1773049078,527103895,world,cf231,-2.599895477294922,-1.5795098543167114,0.9702705144882202
1773049078,527103895,world,cf231_leg,-2.5944695472717285,-1.586257815361023,0.9558552503585815
1773049078,539811022,world,cf231,-2.5998148918151855,-1.5796265602111816,0.9702326059341431
1773049078,539811022,world,cf231_leg,-2.594550848007202,-1.5863385200500488,0.9558676481246948
1773049078,539971831,world,cf231,-2.5997347831726074,-1.5797832012176514,0.9703147411346436
1773049078,539971831,world,cf231_leg,-2.594496726989746,-1.5865620374679565,0.9559338092803955
1773049078,540088028,world,cf231,-2.5997278690338135,-1.5800634622573853,0.970434308052063
1773049078,540088028,world,cf231_leg,-2.594432830810547,-1.5866706371307373,0.9559355974197388
1773049078,555721258,world,cf231,-2.5995986461639404,-1.580154538154602,0.9703933000564575
1773049078,555721258,world,cf231_leg,-2.5944228172302246,-1.5867141485214233,0.9559746980667114
1773049078,555853334,world,cf231,-2.599578619003296,-1.5804429054260254,0.9704699516296387
1773049078,555853334,world,cf231_leg,-2.5943193435668945,-1.5868794918060303,0.955960750579834
1773049078,555957970,world,cf231,-2.599630355834961,-1.580660104751587,0.9703980684280396
1773049078,555957970,world,cf231_leg,-2.594214677810669,-1.5870521068572998,0.955994725227356
1773049078,564126024,world,cf231,-2.5994796752929688,-1.5806883573532104,0.9704018831253052
1773049078,564126024,world,cf231_leg,-2.594240427017212,-1.587152123451233,0.9560306072235107
1773049078,571769047,world,cf231,-2.5993618965148926,-1.5809019804000854,0.9704411029815674
1773049078,571769047,world,cf231_leg,-2.594182252883911,-1.5873414278030396,0.95603346824646
1773049078,571941256,world,cf231,-2.5993940830230713,-1.5812464952468872,0.9703435897827148
1773049078,571941256,world,cf231_leg,-2.594153642654419,-1.587509036064148,0.9560471773147583
1773049078,572051719,world,cf231,-2.599179744720459,-1.5812222957611084,0.9702214002609253
1773049078,572051719,world,cf231_leg,-2.594006061553955,-1.587498664855957,0.9559394121170044
1773049078,592488921,world,cf231,-2.5992825031280518,-1.5815322399139404,0.9703201055526733
1773049078,592488921,world,cf231_leg,-2.594158887863159,-1.5878543853759766,0.9560598134994507
1773049078,592664553,world,cf231,-2.599250316619873,-1.5816645622253418,0.9702326059341431
1773049078,592664553,world,cf231_leg,-2.593977212905884,-1.5878220796585083,0.9560415744781494
1773049078,592769722,world,cf231,-2.5992636680603027,-1.5820165872573853,0.9703640937805176
1773049078,592769722,world,cf231_leg,-2.5940420627593994,-1.5880216360092163,0.955974817276001
1773049078,592875020,world,cf231,-2.5990707874298096,-1.5820655822753906,0.970250129699707
1773049078,592875020,world,cf231_leg,-2.5938925743103027,-1.5881755352020264,0.9560220241546631
1773049078,618236206,world,cf231,-2.5990970134735107,-1.5823705196380615,0.9703021049499512
1773049078,618236206,world,cf231_leg,-2.593867301940918,-1.588223934173584,0.956027626991272
1773049078,623891479,world,cf231,-2.5990164279937744,-1.5824871063232422,0.9702649116516113
1773049078,623891479,world,cf231_leg,-2.5937764644622803,-1.588346242904663,0.9559493064880371
1773049078,623999439,world,cf231,-2.59892201423645,-1.5826468467712402,0.9702913761138916
1773049078,623999439,world,cf231_leg,-2.5938479900360107,-1.5884677171707153,0.9559856653213501
1773049078,624106947,world,cf231,-2.598788261413574,-1.5828657150268555,0.9702967405319214
1773049078,624106947,world,cf231_leg,-2.593809127807617,-1.5885250568389893,0.9559682607650757
1773049078,658400884,world,cf231,-2.5985608100891113,-1.5828884840011597,0.9702553749084473
1773049078,658400884,world,cf231_leg,-2.5936570167541504,-1.5886332988739014,0.9558712244033813
1773049078,658573177,world,cf231,-2.598515033721924,-1.5830672979354858,0.9702495336532593
1773049078,658573177,world,cf231_leg,-2.5936896800994873,-1.5888174772262573,0.9559195041656494
1773049078,658688694,world,cf231,-2.5983805656433105,-1.583249568939209,0.9701532125473022
1773049078,658688694,world,cf231_leg,-2.5936291217803955,-1.5888041257858276,0.9558981657028198
1773049078,658795719,world,cf231,-2.598357677459717,-1.583495855331421,0.9701169729232788
1773049078,658795719,world,cf231_leg,-2.5935943126678467,-1.589060664176941,0.9558688402175903
1773049078,658943080,world,cf231,-2.598104238510132,-1.5835705995559692,0.9700943231582642
1773049078,658943080,world,cf231_leg,-2.5936949253082275,-1.5891629457473755,0.9559319019317627
1773049078,659091742,world,cf231,-2.5979127883911133,-1.5836241245269775,0.969994306564331
1773049078,659091742,world,cf231_leg,-2.5935895442962646,-1.589290738105774,0.9558182954788208
1773049078,659208233,world,cf231,-2.597703456878662,-1.5838322639465332,0.9699151515960693
1773049078,659208233,world,cf231_leg,-2.5936434268951416,-1.5895428657531738,0.9558559656143188
1773049078,659321779,world,cf231,-2.597560167312622,-1.5839014053344727,0.9697659015655518
1773049078,659321779,world,cf231_leg,-2.593594551086426,-1.5896410942077637,0.9558618068695068
1773049078,659419662,world,cf231,-2.597564697265625,-1.5841364860534668,0.9698278903961182
1773049078,659419662,world,cf231_leg,-2.5934858322143555,-1.58973228931427,0.9556691646575928
1773049078,698243033,world,cf231,-2.59736704826355,-1.5842704772949219,0.9696215391159058
1773049078,698243033,world,cf231_leg,-2.593526840209961,-1.5899863243103027,0.9556347131729126
1773049078,715103534,world,cf231,-2.5973222255706787,-1.584450364112854,0.9696130752563477
1773049078,715103534,world,cf231_leg,-2.5935208797454834,-1.5900648832321167,0.9555299282073975
1773049078,715276907,world,cf231,-2.59706974029541,-1.5845224857330322,0.969570517539978
1773049078,715276907,world,cf231_leg,-2.593482255935669,-1.5901226997375488,0.9555107355117798
1773049078,715382299,world,cf231,-2.596989154815674,-1.5846360921859741,0.9695148468017578
1773049078,715382299,world,cf231_leg,-2.593447208404541,-1.5903759002685547,0.9554682970046997
1773049078,715481544,world,cf231,-2.596970796585083,-1.584764003753662,0.9694870710372925
1773049078,715481544,world,cf231_leg,-2.5934741497039795,-1.590428113937378,0.9553182125091553
1773049078,715578956,world,cf231,-2.597074508666992,-1.5850679874420166,0.969548225402832
1773049078,715578956,world,cf231_leg,-2.5934340953826904,-1.590487003326416,0.9553191661834717
1773049078,715676233,world,cf231,-2.5969719886779785,-1.585114598274231,0.9695217609405518
1773049078,715676233,world,cf231_leg,-2.5933544635772705,-1.5907150506973267,0.9552404880523682
1773049078,749730586,world,cf231,-2.5968434810638428,-1.5852097272872925,0.9694966077804565
1773049078,749730586,world,cf231_leg,-2.5933704376220703,-1.5908591747283936,0.9551081657409668
1773049078,749930107,world,cf231,-2.596860647201538,-1.5854004621505737,0.9694985151290894
1773049078,749930107,world,cf231_leg,-2.5933189392089844,-1.5909217596054077,0.9550319910049438
1773049078,750013759,world,cf231,-2.596722364425659,-1.585381269454956,0.969423770904541
1773049078,750013759,world,cf231_leg,-2.5933799743652344,-1.5910857915878296,0.9551103115081787
1773049078,788500793,world,cf231,-2.5967464447021484,-1.585612416267395,0.9692740440368652
1773049078,788500793,world,cf231_leg,-2.5933568477630615,-1.5912925004959106,0.9549912214279175
1773049078,788687039,world,cf231,-2.596729278564453,-1.5857776403427124,0.9693464040756226
1773049078,788687039,world,cf231_leg,-2.5934388637542725,-1.5913686752319336,0.9549705982208252
1773049078,788794806,world,cf231,-2.596635341644287,-1.585898518562317,0.9692503213882446
1773049078,788794806,world,cf231_leg,-2.59328556060791,-1.591321587562561,0.955012321472168
1773049078,788900984,world,cf231,-2.5965824127197266,-1.5859978199005127,0.969274640083313
1773049078,788900984,world,cf231_leg,-2.593287467956543,-1.591469407081604,0.954826831817627
1773049078,789012812,world,cf231,-2.5965142250061035,-1.586069941520691,0.9691777229309082
1773049078,789012812,world,cf231_leg,-2.5933785438537598,-1.5916212797164917,0.9547522068023682
1773049078,789113029,world,cf231,-2.5965538024902344,-1.5863312482833862,0.9691674709320068
1773049078,789113029,world,cf231_leg,-2.5932672023773193,-1.5917094945907593,0.9547741413116455
1773049078,789212785,world,cf231,-2.596339225769043,-1.5863105058670044,0.9690636396408081
1773049078,789212785,world,cf231_leg,-2.593329668045044,-1.591719388961792,0.954758882522583
1773049078,789316677,world,cf231,-2.5963175296783447,-1.5866036415100098,0.9691824913024902
1773049078,789316677,world,cf231_leg,-2.5933125019073486,-1.5917906761169434,0.9545176029205322
1773049078,789415601,world,cf231,-2.5961294174194336,-1.5865252017974854,0.9690213203430176
1773049078,789415601,world,cf231_leg,-2.5932834148406982,-1.5919551849365234,0.9545183181762695
1773049078,789513969,world,cf231,-2.5961389541625977,-1.5866426229476929,0.9690898656845093
1773049078,789513969,world,cf231_leg,-2.5934150218963623,-1.592086672782898,0.954562783241272
1773049078,789612399,world,cf231,-2.596147298812866,-1.5867133140563965,0.9690036773681641
1773049078,789612399,world,cf231_leg,-2.5933268070220947,-1.592089056968689,0.9544786214828491
1773049078,789710777,world,cf231,-2.5960090160369873,-1.586700677871704,0.9689644575119019
1773049078,789710777,world,cf231_leg,-2.5933351516723633,-1.5921640396118164,0.9544268846511841
1773049078,789809086,world,cf231,-2.5959644317626953,-1.5868803262710571,0.9689565896987915
1773049078,789809086,world,cf231_leg,-2.5934078693389893,-1.592284083366394,0.9544438123703003
1773049078,789907446,world,cf231,-2.5958259105682373,-1.5868608951568604,0.96888267993927
1773049078,789907446,world,cf231_leg,-2.5933804512023926,-1.5922998189926147,0.9543811082839966
1773049078,789996786,world,cf231,-2.595745086669922,-1.5869672298431396,0.968793511390686
1773049078,789996786,world,cf231_leg,-2.593376874923706,-1.592421293258667,0.9544059038162231
1773049078,790097608,world,cf231,-2.5958924293518066,-1.58706796169281,0.9688327312469482
1773049078,790097608,world,cf231_leg,-2.5935306549072266,-1.5924582481384277,0.9543019533157349
1773049078,844482748,world,cf231,-2.595940351486206,-1.5870765447616577,0.9687484502792358
1773049078,844482748,world,cf231_leg,-2.593505620956421,-1.5925065279006958,0.9543076753616333
1773049078,854453694,world,cf231,-2.5959227085113525,-1.58720862865448,0.9687360525131226
1773049078,854453694,world,cf231_leg,-2.593526601791382,-1.592699408531189,0.9543100595474243
1773049078,854624899,world,cf231,-2.5958194732666016,-1.58721923828125,0.9686059951782227
1773049078,854624899,world,cf231_leg,-2.593510627746582,-1.592698335647583,0.9542486667633057
1773049078,854729950,world,cf231,-2.5958056449890137,-1.5872232913970947,0.968548059463501
1773049078,854729950,world,cf231_leg,-2.593520402908325,-1.5927695035934448,0.9541617631912231
1773049078,854828247,world,cf231,-2.5959391593933105,-1.587353229522705,0.9685813188552856
1773049078,854828247,world,cf231_leg,-2.593613862991333,-1.5929646492004395,0.9542150497436523
1773049078,854925510,world,cf231,-2.5960190296173096,-1.587351679801941,0.9682565927505493
1773049078,854925510,world,cf231_leg,-2.593721628189087,-1.5929902791976929,0.9541721343994141
1773049078,854996754,world,cf231,-2.596121072769165,-1.5874735116958618,0.9685131311416626
1773049078,854996754,world,cf231_leg,-2.5937769412994385,-1.5932435989379883,0.9542052745819092
1773049078,855098299,world,cf231,-2.5959672927856445,-1.587432861328125,0.9682621955871582
1773049078,855098299,world,cf231_leg,-2.5937418937683105,-1.5931769609451294,0.9541473388671875
1773049078,855207989,world,cf231,-2.5960867404937744,-1.5875635147094727,0.9682202339172363
1773049078,855207989,world,cf231_leg,-2.5937676429748535,-1.593277931213379,0.9539752006530762
1773049078,855308788,world,cf231,-2.5961620807647705,-1.587531566619873,0.9681652784347534
1773049078,855308788,world,cf231_leg,-2.5937652587890625,-1.593398094177246,0.9539809226989746
1773049078,855410174,world,cf231,-2.5963733196258545,-1.5874732732772827,0.9679621458053589
1773049078,855410174,world,cf231_leg,-2.593979597091675,-1.5936115980148315,0.9540325403213501
1773049078,855506197,world,cf231,-2.5964958667755127,-1.587660312652588,0.9681943655014038
1773049078,855506197,world,cf231_leg,-2.5939531326293945,-1.5936228036880493,0.9539369344711304
1773049078,929664018,world,cf231,-2.5965511798858643,-1.5877082347869873,0.9678679704666138
1773049078,929664018,world,cf231_leg,-2.5939431190490723,-1.5938198566436768,0.9538431167602539
1773049078,929878606,world,cf231,-2.5965511798858643,-1.5877082347869873,0.9678679704666138
1773049078,929878606,world,cf231_leg,-2.5940659046173096,-1.5938374996185303,0.9538198709487915
1773049078,930006880,world,cf231,-2.5967612266540527,-1.587814450263977,0.9678781032562256
1773049078,930006880,world,cf231_leg,-2.5940909385681152,-1.5937838554382324,0.9537836313247681
1773049078,930119150,world,cf231,-2.5969555377960205,-1.5879193544387817,0.9678183794021606
1773049078,930119150,world,cf231_leg,-2.5941240787506104,-1.5939635038375854,0.9537994861602783
1773049078,930221572,world,cf231,-2.597180128097534,-1.5880157947540283,0.9678483009338379
1773049078,930221572,world,cf231_leg,-2.594169855117798,-1.5940947532653809,0.953516960144043
1773049078,930321100,world,cf231,-2.5972604751586914,-1.588176965713501,0.9677143096923828
1773049078,930321100,world,cf231_leg,-2.59428334236145,-1.5942000150680542,0.9536819458007812
1773049078,930421184,world,cf231,-2.5972728729248047,-1.5881329774856567,0.9676533937454224
1773049078,930421184,world,cf231_leg,-2.5943758487701416,-1.5943890810012817,0.9537079334259033
1773049078,930519479,world,cf231,-2.597334384918213,-1.588140606880188,0.9676458835601807
1773049078,930519479,world,cf231_leg,-2.5944652557373047,-1.5943862199783325,0.9535658359527588
1773049078,930618318,world,cf231,-2.5976064205169678,-1.588254690170288,0.9676476716995239
1773049078,930618318,world,cf231_leg,-2.5945236682891846,-1.5945119857788086,0.9535465240478516
1773049078,930716276,world,cf231,-2.597792387008667,-1.5882855653762817,0.9676563739776611
1773049078,930716276,world,cf231_leg,-2.5946483612060547,-1.5945699214935303,0.9536373615264893
1773049078,930815570,world,cf231,-2.597989082336426,-1.588431477546692,0.9677121639251709
1773049078,930815570,world,cf231_leg,-2.594653606414795,-1.5946061611175537,0.9534897804260254
1773049078,930914298,world,cf231,-2.598051071166992,-1.5884462594985962,0.9677385091781616
1773049078,930914298,world,cf231_leg,-2.594675064086914,-1.5946717262268066,0.9534628391265869
1773049078,930997980,world,cf231,-2.5980279445648193,-1.5883296728134155,0.9675943851470947
1773049078,930997980,world,cf231_leg,-2.5948140621185303,-1.594880223274231,0.953472375869751
1773049078,931098901,world,cf231,-2.5983221530914307,-1.5885530710220337,0.9677067995071411
1773049078,931098901,world,cf231_leg,-2.594914197921753,-1.5948314666748047,0.9534785747528076
1773049078,990432348,world,cf231,-2.598792552947998,-1.5886895656585693,0.9677608013153076
1773049078,990432348,world,cf231_leg,-2.594960927963257,-1.595001459121704,0.9535198211669922
1773049078,990687984,world,cf231,-2.599015712738037,-1.5887877941131592,0.9678127765655518
1773049078,990687984,world,cf231_leg,-2.5951640605926514,-1.5951014757156372,0.953526496887207
1773049078,990803964,world,cf231,-2.599074602127075,-1.5887541770935059,0.9676896333694458
1773049078,990803964,world,cf231_leg,-2.595147132873535,-1.5950692892074585,0.9533916711807251
1773049078,990913829,world,cf231,-2.5992000102996826,-1.5887782573699951,0.9677037000656128
1773049078,990913829,world,cf231_leg,-2.595139503479004,-1.5951504707336426,0.9535295963287354
1773049078,991001376,world,cf231,-2.599444627761841,-1.5889462232589722,0.9677461385726929
1773049078,991001376,world,cf231_leg,-2.595240592956543,-1.5952563285827637,0.9534001350402832
1773049078,991109394,world,cf231,-2.599630832672119,-1.588974118232727,0.9677356481552124
1773049078,991109394,world,cf231_leg,-2.5953824520111084,-1.5953476428985596,0.953418493270874
1773049078,991215593,world,cf231,-2.599865436553955,-1.5890240669250488,0.9677116870880127
1773049078,991215593,world,cf231_leg,-2.5955374240875244,-1.5955384969711304,0.9533834457397461
1773049078,991324471,world,cf231,-2.5999631881713867,-1.5890980958938599,0.967750072479248
1773049078,991324471,world,cf231_leg,-2.595654249191284,-1.5956835746765137,0.9534369707107544
1773049078,991426436,world,cf231,-2.6000664234161377,-1.5890488624572754,0.967756986618042
1773049078,991426436,world,cf231_leg,-2.5955886840820312,-1.595587968826294,0.953396201133728
1773049079,59022753,world,cf231,-2.6002843379974365,-1.5892577171325684,0.9677679538726807
1773049079,59022753,world,cf231_leg,-2.595677375793457,-1.5956964492797852,0.9531930685043335
1773049079,59271381,world,cf231,-2.600517749786377,-1.5892744064331055,0.9676599502563477
1773049079,59271381,world,cf231_leg,-2.5958080291748047,-1.595832347869873,0.9532699584960938
1773049079,59381096,world,cf231,-2.6006762981414795,-1.5893234014511108,0.9676058292388916
1773049079,59381096,world,cf231_leg,-2.5958681106567383,-1.595842719078064,0.9532772302627563
1773049079,59484893,world,cf231,-2.6008503437042236,-1.589395523071289,0.9676557779312134
1773049079,59484893,world,cf231_leg,-2.5960824489593506,-1.5960509777069092,0.95329749584198
1773049079,59585120,world,cf231,-2.600876808166504,-1.589354395866394,0.9676874876022339
1773049079,59585120,world,cf231_leg,-2.5960850715637207,-1.5960431098937988,0.9532283544540405
1773049079,59684565,world,cf231,-2.600947380065918,-1.589433193206787,0.9675918817520142
1773049079,59684565,world,cf231_leg,-2.5961520671844482,-1.5961320400238037,0.9532190561294556
1773049079,59784105,world,cf231,-2.6012189388275146,-1.589583158493042,0.967697024345398
1773049079,59784105,world,cf231_leg,-2.596390724182129,-1.5962860584259033,0.953205943107605
1773049079,59885746,world,cf231,-2.601391553878784,-1.589621663093567,0.9676641225814819
1773049079,59885746,world,cf231_leg,-2.5963449478149414,-1.5962673425674438,0.9532202482223511
1773049079,127922041,world,cf231,-2.601487636566162,-1.589665412902832,0.9676381349563599
1773049079,127922041,world,cf231_leg,-2.596508264541626,-1.596423864364624,0.9532120227813721
1773049079,128195516,world,cf231,-2.601600408554077,-1.5897201299667358,0.9676415920257568
1773049079,128195516,world,cf231_leg,-2.5966646671295166,-1.5965044498443604,0.9532345533370972
1773049079,128312189,world,cf231,-2.601585626602173,-1.5897332429885864,0.9676394462585449
1773049079,128312189,world,cf231_leg,-2.5965723991394043,-1.5964277982711792,0.9531444311141968
1773049079,128418025,world,cf231,-2.6017801761627197,-1.5898419618606567,0.9675959348678589
1773049079,128418025,world,cf231_leg,-2.596830368041992,-1.5966500043869019,0.9531431198120117
1773049079,128522962,world,cf231,-2.601896047592163,-1.589790940284729,0.9676815271377563
1773049079,128522962,world,cf231_leg,-2.596973180770874,-1.5967423915863037,0.9531570672988892
1773049079,128627373,world,cf231,-2.601980447769165,-1.5898628234863281,0.9676249027252197
1773049079,128627373,world,cf231_leg,-2.5970370769500732,-1.5967247486114502,0.9529707431793213
1773049079,128731314,world,cf231,-2.6021006107330322,-1.5900040864944458,0.9676334857940674
1773049079,128731314,world,cf231_leg,-2.597090721130371,-1.5968748331069946,0.9531326293945312
1773049079,128836509,world,cf231,-2.6020870208740234,-1.5900046825408936,0.9675576686859131
1773049079,128836509,world,cf231_leg,-2.597320795059204,-1.5969616174697876,0.9532172679901123
1773049079,216530302,world,cf231,-2.602184534072876,-1.5900788307189941,0.9675955772399902
1773049079,216530302,world,cf231_leg,-2.5973117351531982,-1.5969436168670654,0.9529972076416016
1773049079,216760062,world,cf231,-2.602330207824707,-1.5901747941970825,0.9676206111907959
1773049079,216760062,world,cf231_leg,-2.5974721908569336,-1.5971184968948364,0.9531188011169434
1773049079,216870573,world,cf231,-2.6025607585906982,-1.5903395414352417,0.9675706624984741
1773049079,216870573,world,cf231_leg,-2.5975520610809326,-1.5971019268035889,0.9529932737350464
1773049079,216972593,world,cf231,-2.602684736251831,-1.5903626680374146,0.9675873517990112
1773049079,216972593,world,cf231_leg,-2.5976293087005615,-1.5971375703811646,0.9528825283050537
1773049079,217080524,world,cf231,-2.6027066707611084,-1.5904291868209839,0.9675590991973877
1773049079,217080524,world,cf231_leg,-2.59768009185791,-1.5971944332122803,0.9529420137405396
1773049079,217182587,world,cf231,-2.6026668548583984,-1.590484380722046,0.9675225019454956
1773049079,217182587,world,cf231_leg,-2.597848415374756,-1.597269058227539,0.9530258178710938
1773049079,217288901,world,cf231,-2.602972984313965,-1.590650200843811,0.9675024747848511
1773049079,217288901,world,cf231_leg,-2.5978951454162598,-1.597406268119812,0.9529742002487183
1773049079,217392523,world,cf231,-2.6031863689422607,-1.5906665325164795,0.9675906896591187
1773049079,217392523,world,cf231_leg,-2.598080635070801,-1.597503662109375,0.952924370765686
1773049079,217496452,world,cf231,-2.6032702922821045,-1.5907379388809204,0.9675354957580566
1773049079,217496452,world,cf231_leg,-2.598144292831421,-1.5975691080093384,0.953115701675415
1773049079,217598778,world,cf231,-2.6033263206481934,-1.5908335447311401,0.9674545526504517
1773049079,217598778,world,cf231_leg,-2.5982625484466553,-1.5976561307907104,0.9529222249984741
1773049079,217701945,world,cf231,-2.603423833847046,-1.5909074544906616,0.9674931764602661
1773049079,217701945,world,cf231_leg,-2.598402976989746,-1.5978686809539795,0.9529411792755127
1773049079,258482225,world,cf231,-2.6035516262054443,-1.5911152362823486,0.9673994779586792
1773049079,258482225,world,cf231_leg,-2.5984528064727783,-1.5978045463562012,0.9530223608016968
1773049079,259352782,world,cf231,-2.6037516593933105,-1.591139554977417,0.9674457311630249
1773049079,259352782,world,cf231_leg,-2.5985474586486816,-1.5979572534561157,0.952919602394104
1773049079,260024725,world,cf231,-2.6039421558380127,-1.5914084911346436,0.9675335884094238
1773049079,260024725,world,cf231_leg,-2.598712921142578,-1.598151683807373,0.9530091285705566
1773049079,260132629,world,cf231,-2.6041362285614014,-1.5915101766586304,0.9674549102783203
1773049079,260132629,world,cf231_leg,-2.598808526992798,-1.598226547241211,0.953057050704956
1773049079,260235979,world,cf231,-2.604060649871826,-1.5915024280548096,0.9673889875411987
1773049079,260235979,world,cf231_leg,-2.5988166332244873,-1.5982985496520996,0.952991247177124
1773049079,260336613,world,cf231,-2.6043484210968018,-1.5918452739715576,0.9675153493881226
1773049079,260336613,world,cf231_leg,-2.5989363193511963,-1.5984305143356323,0.9529436826705933
1773049079,260440808,world,cf231,-2.60449481010437,-1.591918706893921,0.9674133062362671
1773049079,260440808,world,cf231_leg,-2.599100112915039,-1.59859299659729,0.9529628753662109
1773049079,260544801,world,cf231,-2.6047112941741943,-1.5920770168304443,0.9672528505325317
1773049079,260544801,world,cf231_leg,-2.599242925643921,-1.598680019378662,0.9529469013214111
1773049079,260648474,world,cf231,-2.604933738708496,-1.592408537864685,0.9673978090286255
1773049079,260648474,world,cf231_leg,-2.5992257595062256,-1.598805546760559,0.9529167413711548
1773049079,260751620,world,cf231,-2.604982614517212,-1.5924177169799805,0.9673115015029907
1773049079,260751620,world,cf231_leg,-2.599392890930176,-1.5990017652511597,0.9529998302459717
1773049079,260854161,world,cf231,-2.60497784614563,-1.5925029516220093,0.9672189950942993
1773049079,260854161,world,cf231_leg,-2.5993990898132324,-1.5990337133407593,0.9528194665908813
1773049079,260956211,world,cf231,-2.605196475982666,-1.5927225351333618,0.9672794342041016
1773049079,260956211,world,cf231_leg,-2.5995349884033203,-1.5992408990859985,0.9530583620071411
1773049079,261062417,world,cf231,-2.605396032333374,-1.5927140712738037,0.9672404527664185
1773049079,261062417,world,cf231_leg,-2.599622964859009,-1.599359154701233,0.9529184103012085
1773049079,261166037,world,cf231,-2.6054129600524902,-1.5928910970687866,0.9671715497970581
1773049079,261166037,world,cf231_leg,-2.5996415615081787,-1.5993860960006714,0.952795147895813
1773049079,261273985,world,cf231,-2.605496883392334,-1.5929758548736572,0.967186689376831
1773049079,261273985,world,cf231_leg,-2.5996551513671875,-1.599532127380371,0.9529072046279907
1773049079,261376933,world,cf231,-2.605433940887451,-1.5929211378097534,0.9670417308807373
1773049079,261376933,world,cf231_leg,-2.599726915359497,-1.5996546745300293,0.9527357816696167
1773049079,261479257,world,cf231,-2.605602741241455,-1.5931206941604614,0.9671376943588257
1773049079,261479257,world,cf231_leg,-2.5997893810272217,-1.599661946296692,0.9527047872543335
1773049079,261581439,world,cf231,-2.6057989597320557,-1.5932310819625854,0.9670883417129517
1773049079,261581439,world,cf231_leg,-2.599855661392212,-1.5999031066894531,0.9527703523635864
1773049079,261683641,world,cf231,-2.6058685779571533,-1.5933159589767456,0.9670299291610718
1773049079,261683641,world,cf231_leg,-2.5999653339385986,-1.6000868082046509,0.9526029825210571
1773049079,261786539,world,cf231,-2.606034278869629,-1.593634009361267,0.9671157598495483
1773049079,261786539,world,cf231_leg,-2.59997820854187,-1.600082278251648,0.9526587724685669
1773049079,261888684,world,cf231,-2.606055736541748,-1.5937036275863647,0.9671063423156738
1773049079,261888684,world,cf231_leg,-2.5999488830566406,-1.6002075672149658,0.952540397644043
1773049079,261995145,world,cf231,-2.6060309410095215,-1.5938799381256104,0.9668852090835571
1773049079,261995145,world,cf231_leg,-2.6001250743865967,-1.6003624200820923,0.9526021480560303
1773049079,315141840,world,cf231,-2.606149196624756,-1.593860387802124,0.9670313596725464
1773049079,315141840,world,cf231_leg,-2.600100517272949,-1.6004085540771484,0.9525909423828125
1773049079,315383546,world,cf231,-2.6062660217285156,-1.593927264213562,0.9668405055999756
1773049079,315383546,world,cf231_leg,-2.6001577377319336,-1.6005382537841797,0.9526050090789795
1773049079,315510342,world,cf231,-2.606247901916504,-1.594055414199829,0.9668115377426147
1773049079,315510342,world,cf231_leg,-2.6001298427581787,-1.6005507707595825,0.9525295495986938
1773049079,315616302,world,cf231,-2.6063425540924072,-1.5942842960357666,0.9669414758682251
1773049079,315616302,world,cf231_leg,-2.600306510925293,-1.6008586883544922,0.9526617527008057
1773049079,315720526,world,cf231,-2.6063642501831055,-1.5943574905395508,0.9669486284255981
1773049079,315720526,world,cf231_leg,-2.600374698638916,-1.600938320159912,0.9525879621505737
1773049079,315824122,world,cf231,-2.6064486503601074,-1.5944359302520752,0.9669274091720581
1773049079,315824122,world,cf231_leg,-2.6002676486968994,-1.6009080410003662,0.952599287033081
1773049079,315928030,world,cf231,-2.606630325317383,-1.5945883989334106,0.9669440984725952
1773049079,315928030,world,cf231_leg,-2.600454092025757,-1.6011368036270142,0.9525880813598633
1773049079,315998480,world,cf231,-2.60666561126709,-1.5946471691131592,0.9669570922851562
1773049079,315998480,world,cf231_leg,-2.600536584854126,-1.6012080907821655,0.9525349140167236
1773049079,316102331,world,cf231,-2.606639862060547,-1.5946955680847168,0.9669586420059204
1773049079,316102331,world,cf231_leg,-2.60046648979187,-1.6012381315231323,0.9525525569915771
1773049079,316205431,world,cf231,-2.606621265411377,-1.5948234796524048,0.9669305086135864
1773049079,316205431,world,cf231_leg,-2.600480794906616,-1.601391077041626,0.9524866342544556
1773049079,316306230,world,cf231,-2.6067142486572266,-1.5950216054916382,0.9669970273971558
1773049079,316306230,world,cf231_leg,-2.600562810897827,-1.6014697551727295,0.9524809122085571
1773049079,316408109,world,cf231,-2.6067144870758057,-1.5950154066085815,0.9669603109359741
1773049079,316408109,world,cf231_leg,-2.6004645824432373,-1.6015145778656006,0.9524393081665039
1773049079,316511004,world,cf231,-2.606771230697632,-1.5951080322265625,0.9668604135513306
1773049079,316511004,world,cf231_leg,-2.6005818843841553,-1.6016550064086914,0.9524593353271484
1773049079,316612606,world,cf231,-2.6067662239074707,-1.5952284336090088,0.9668726921081543
1773049079,316612606,world,cf231_leg,-2.600581407546997,-1.6016545295715332,0.9524608850479126
1773049079,316713170,world,cf231,-2.6068191528320312,-1.5954850912094116,0.9669201374053955
1773049079,316713170,world,cf231_leg,-2.6005375385284424,-1.6017882823944092,0.9523220062255859
1773049079,316817034,world,cf231,-2.6067168712615967,-1.5955249071121216,0.966858983039856
1773049079,316817034,world,cf231_leg,-2.6006107330322266,-1.601944088935852,0.9524424076080322
1773049079,316918489,world,cf231,-2.60679292678833,-1.5955297946929932,0.9669049978256226
1773049079,316918489,world,cf231_leg,-2.60056209564209,-1.6018894910812378,0.9523757696151733
1773049079,316998067,world,cf231,-2.606884479522705,-1.5956910848617554,0.9668718576431274
1773049079,316998067,world,cf231_leg,-2.6005804538726807,-1.6020820140838623,0.9524021148681641
1773049079,350542062,world,cf231,-2.6068317890167236,-1.5957931280136108,0.9669145345687866
1773049079,350542062,world,cf231_leg,-2.600745439529419,-1.602237582206726,0.9523718357086182
1773049079,350782700,world,cf231,-2.6067159175872803,-1.595836877822876,0.9667953252792358
1773049079,350782700,world,cf231_leg,-2.600661277770996,-1.6022710800170898,0.9523371458053589
1773049079,350904488,world,cf231,-2.6066975593566895,-1.5959750413894653,0.9668195247650146
1773049079,350904488,world,cf231_leg,-2.600703716278076,-1.6024037599563599,0.9523007869720459
1773049079,350998960,world,cf231,-2.6067187786102295,-1.5960408449172974,0.966793417930603
1773049079,350998960,world,cf231_leg,-2.600654363632202,-1.6025116443634033,0.9523694515228271
1773049079,351104552,world,cf231,-2.6068522930145264,-1.5961713790893555,0.9668234586715698
1773049079,351104552,world,cf231_leg,-2.600853681564331,-1.6027276515960693,0.9523696899414062
1773049079,351208952,world,cf231,-2.6066653728485107,-1.596100091934204,0.9666985273361206
1773049079,351208952,world,cf231_leg,-2.600839138031006,-1.6028937101364136,0.952452540397644
1773049079,351317206,world,cf231,-2.6066696643829346,-1.5963377952575684,0.9667786359786987
1773049079,351317206,world,cf231_leg,-2.6008479595184326,-1.6029640436172485,0.9523680210113525
1773049079,351434838,world,cf231,-2.6067001819610596,-1.5965172052383423,0.9668029546737671
1773049079,351434838,world,cf231_leg,-2.6007742881774902,-1.6029603481292725,0.9523226022720337
1773049079,351540330,world,cf231,-2.606757402420044,-1.5966492891311646,0.9668228626251221
1773049079,351540330,world,cf231_leg,-2.6008055210113525,-1.603140115737915,0.9523599147796631
1773049079,351644391,world,cf231,-2.606703519821167,-1.596714973449707,0.9667642116546631
1773049079,351644391,world,cf231_leg,-2.6007561683654785,-1.6032453775405884,0.9524140357971191
1773049079,351747812,world,cf231,-2.606734275817871,-1.596898078918457,0.9668056964874268
1773049079,351747812,world,cf231_leg,-2.6008353233337402,-1.6034353971481323,0.9523696899414062
1773049079,414497669,world,cf231,-2.6064462661743164,-1.596878170967102,0.9666683673858643
1773049079,414497669,world,cf231_leg,-2.6008214950561523,-1.603444218635559,0.9523475170135498
1773049079,414707633,world,cf231,-2.606273889541626,-1.5968328714370728,0.966666579246521
1773049079,414707633,world,cf231_leg,-2.6007931232452393,-1.6036169528961182,0.9523913860321045
1773049079,414830394,world,cf231,-2.606215238571167,-1.5970158576965332,0.9666019678115845
1773049079,414830394,world,cf231_leg,-2.6007821559906006,-1.6036590337753296,0.9524344205856323
1773049079,414934614,world,cf231,-2.6062862873077393,-1.5971406698226929,0.9666620492935181
1773049079,414934614,world,cf231_leg,-2.600750684738159,-1.6037927865982056,0.9523841142654419
1773049079,414997649,world,cf231,-2.606170654296875,-1.5971949100494385,0.9665948152542114
1773049079,414997649,world,cf231_leg,-2.600701332092285,-1.6038951873779297,0.9524233341217041
1773049079,415098460,world,cf231,-2.6061484813690186,-1.5974442958831787,0.9665756225585938
1773049079,415098460,world,cf231_leg,-2.6006548404693604,-1.6039823293685913,0.9523463249206543
1773049079,415209395,world,cf231,-2.605985164642334,-1.5974804162979126,0.9665385484695435
1773049079,415209395,world,cf231_leg,-2.600672483444214,-1.6040648221969604,0.9524537324905396
1773049079,415322408,world,cf231,-2.6058080196380615,-1.5975592136383057,0.9665660858154297
1773049079,415322408,world,cf231_leg,-2.6005964279174805,-1.604172706604004,0.952369213104248
1773049079,415423637,world,cf231,-2.6057987213134766,-1.597761869430542,0.9664671421051025
1773049079,415423637,world,cf231_leg,-2.6005866527557373,-1.6042133569717407,0.9523931741714478
1773049079,415523348,world,cf231,-2.6058969497680664,-1.5978785753250122,0.9666426181793213
1773049079,415523348,world,cf231_leg,-2.6005682945251465,-1.6043404340744019,0.95238196849823
1773049079,415628928,world,cf231,-2.6057417392730713,-1.5979881286621094,0.9665381908416748
1773049079,415628928,world,cf231_leg,-2.6005196571350098,-1.6044840812683105,0.9525554180145264
1773049079,420154950,world,cf231,-2.605621576309204,-1.5981634855270386,0.9664821624755859
1773049079,420154950,world,cf231_leg,-2.6004528999328613,-1.6045591831207275,0.9524935483932495
1773049079,421492848,world,cf231,-2.60562801361084,-1.5984313488006592,0.9666260480880737
1773049079,421492848,world,cf231_leg,-2.600443124771118,-1.6045970916748047,0.9525022506713867
1773049079,421616644,world,cf231,-2.605539083480835,-1.5984349250793457,0.9665367603302002
1773049079,421616644,world,cf231_leg,-2.6004269123077393,-1.6047617197036743,0.9525898694992065
1773049079,425153102,world,cf231,-2.6055922508239746,-1.5986847877502441,0.9665490388870239
1773049079,425153102,world,cf231_leg,-2.6004364490509033,-1.6048811674118042,0.9526851177215576
1773049079,430457499,world,cf231,-2.6055610179901123,-1.5988563299179077,0.9665826559066772
1773049079,430457499,world,cf231_leg,-2.600411891937256,-1.604929804801941,0.9526897668838501
1773049079,435202386,world,cf231,-2.6056065559387207,-1.599032998085022,0.9666612148284912
1773049079,435202386,world,cf231_leg,-2.6002042293548584,-1.6049119234085083,0.952592134475708
1773049079,440034482,world,cf231,-2.6055352687835693,-1.5992693901062012,0.9667118787765503
1773049079,440034482,world,cf231_leg,-2.6001713275909424,-1.604891061782837,0.9526783227920532
1773049079,445268291,world,cf231,-2.605433464050293,-1.5993164777755737,0.9666845798492432
1773049079,445268291,world,cf231_leg,-2.600107192993164,-1.6049987077713013,0.9526832103729248
1773049079,450148728,world,cf231,-2.6055126190185547,-1.5995184183120728,0.9666938781738281
1773049079,450148728,world,cf231_leg,-2.600126266479492,-1.6051889657974243,0.9526931047439575
1773049079,455142957,world,cf231,-2.6055219173431396,-1.5996286869049072,0.9667271375656128
1773049079,455142957,world,cf231_leg,-2.600093364715576,-1.6051654815673828,0.9527637958526611
1773049079,460388683,world,cf231,-2.6054909229278564,-1.5998103618621826,0.9668135643005371
1773049079,460388683,world,cf231_leg,-2.5999343395233154,-1.605202078819275,0.952733039855957
1773049079,466890679,world,cf231,-2.6054956912994385,-1.600037693977356,0.9668407440185547
1773049079,466890679,world,cf231_leg,-2.599860668182373,-1.6052011251449585,0.9527024030685425
1773049079,470500728,world,cf231,-2.605323314666748,-1.600005865097046,0.9669101238250732
1773049079,470500728,world,cf231_leg,-2.599863290786743,-1.6052416563034058,0.9528154134750366
1773049079,475190511,world,cf231,-2.6054115295410156,-1.6003209352493286,0.9669713973999023
1773049079,475190511,world,cf231_leg,-2.5997753143310547,-1.605241298675537,0.9527179002761841
1773049079,480474372,world,cf231,-2.605349540710449,-1.6003096103668213,0.9669628143310547
1773049079,480474372,world,cf231_leg,-2.599809169769287,-1.6054672002792358,0.9528975486755371
1773049079,486445863,world,cf231,-2.6052699089050293,-1.6004585027694702,0.9670119285583496
1773049079,486445863,world,cf231_leg,-2.5997047424316406,-1.6053194999694824,0.9529187679290771
1773049079,490252539,world,cf231,-2.605039596557617,-1.6005744934082031,0.9669116735458374
1773049079,490252539,world,cf231_leg,-2.5996010303497314,-1.6054459810256958,0.9527873992919922
1773049079,495119946,world,cf231,-2.6049246788024902,-1.60066819190979,0.9669650793075562
1773049079,495119946,world,cf231_leg,-2.5995616912841797,-1.6055080890655518,0.9528021812438965
1773049079,500180280,world,cf231,-2.604933738708496,-1.6007814407348633,0.967016339302063
1773049079,500180280,world,cf231_leg,-2.599550724029541,-1.6055554151535034,0.9528753757476807
1773049079,505218610,world,cf231,-2.604943037033081,-1.6008917093276978,0.9670495986938477
1773049079,505218610,world,cf231_leg,-2.599479913711548,-1.6055901050567627,0.9529260396957397
1773049079,510260014,world,cf231,-2.6048810482025146,-1.6008869409561157,0.9670768976211548
1773049079,510260014,world,cf231_leg,-2.5995078086853027,-1.605617880821228,0.9531383514404297
1773049079,515270125,world,cf231,-2.6046688556671143,-1.6009035110473633,0.9670741558074951
1773049079,515270125,world,cf231_leg,-2.599473237991333,-1.605717658996582,0.9532274007797241
1773049079,520358930,world,cf231,-2.6045188903808594,-1.6009352207183838,0.9670970439910889
1773049079,520358930,world,cf231_leg,-2.59934663772583,-1.6057772636413574,0.953127384185791
1773049079,525113313,world,cf231,-2.604382038116455,-1.6009591817855835,0.9671602249145508
1773049079,525113313,world,cf231_leg,-2.5992798805236816,-1.6057319641113281,0.9532877206802368
1773049079,530062349,world,cf231,-2.604499578475952,-1.6012611389160156,0.9672969579696655
1773049079,530062349,world,cf231_leg,-2.59928297996521,-1.6057730913162231,0.9533987045288086
1773049079,535057430,world,cf231,-2.6043524742126465,-1.60113525390625,0.967207670211792
1773049079,535057430,world,cf231_leg,-2.5992178916931152,-1.6058826446533203,0.9534213542938232
1773049079,541590578,world,cf231,-2.6042518615722656,-1.6012256145477295,0.967316746711731
1773049079,541590578,world,cf231_leg,-2.599100351333618,-1.605742335319519,0.9534016847610474
1773049079,545171490,world,cf231,-2.6041595935821533,-1.601386308670044,0.9673404693603516
1773049079,545171490,world,cf231_leg,-2.598970651626587,-1.6058032512664795,0.9535481929779053
1773049079,550185690,world,cf231,-2.604085683822632,-1.601173758506775,0.9676487445831299
1773049079,550185690,world,cf231_leg,-2.598994731903076,-1.6058763265609741,0.9535428285598755
1773049079,555237141,world,cf231,-2.6041111946105957,-1.6012822389602661,0.9677324295043945
1773049079,555237141,world,cf231_leg,-2.5988945960998535,-1.605810523033142,0.9535850286483765
1773049079,560269939,world,cf231,-2.604048252105713,-1.6012734174728394,0.9677442312240601
1773049079,560269939,world,cf231_leg,-2.5988502502441406,-1.6059505939483643,0.9536994695663452
1773049079,565082271,world,cf231,-2.603839874267578,-1.601175308227539,0.9677678346633911
1773049079,565082271,world,cf231_leg,-2.598766565322876,-1.6058781147003174,0.9537564516067505
1773049079,570348659,world,cf231,-2.6036908626556396,-1.60124671459198,0.9679092168807983
1773049079,570348659,world,cf231_leg,-2.598621368408203,-1.6059082746505737,0.9537643194198608
1773049079,575453580,world,cf231,-2.6035678386688232,-1.6012245416641235,0.9678909778594971
1773049079,575453580,world,cf231_leg,-2.5984644889831543,-1.6058303117752075,0.9537585973739624
1773049079,580299267,world,cf231,-2.6034998893737793,-1.6011803150177002,0.9680662155151367
1773049079,580299267,world,cf231_leg,-2.598515748977661,-1.605922818183899,0.9539225101470947
1773049079,584994843,world,cf231,-2.6035475730895996,-1.6011985540390015,0.9680356979370117
1773049079,584994843,world,cf231_leg,-2.598386287689209,-1.605948567390442,0.9539618492126465
1773049079,590236725,world,cf231,-2.603330612182617,-1.6010264158248901,0.9681282043457031
1773049079,590236725,world,cf231_leg,-2.5984740257263184,-1.6061559915542603,0.954139232635498
1773049079,595180011,world,cf231,-2.603242874145508,-1.6010730266571045,0.9681756496429443
1773049079,595180011,world,cf231_leg,-2.5983450412750244,-1.6060599088668823,0.9541792869567871
1773049079,602052311,world,cf231,-2.603083848953247,-1.6010501384735107,0.9683742523193359
1773049079,602052311,world,cf231_leg,-2.598083019256592,-1.6059530973434448,0.9541802406311035
1773049079,605204156,world,cf231,-2.603013038635254,-1.6009643077850342,0.9684358835220337
1773049079,605204156,world,cf231_leg,-2.5982258319854736,-1.6060861349105835,0.9543293714523315
1773049079,610179612,world,cf231,-2.6030983924865723,-1.6010991334915161,0.9686222076416016
1773049079,610179612,world,cf231_leg,-2.5980238914489746,-1.6059871912002563,0.9543215036392212
1773049079,615295016,world,cf231,-2.6029040813446045,-1.600987195968628,0.9686495065689087
1773049079,615295016,world,cf231_leg,-2.5979292392730713,-1.605959415435791,0.9544370174407959
1773049079,620335507,world,cf231,-2.6027939319610596,-1.6009973287582397,0.9688844680786133
1773049079,620335507,world,cf231_leg,-2.5978777408599854,-1.6060271263122559,0.9543919563293457
1773049079,625215738,world,cf231,-2.602560043334961,-1.600951075553894,0.9689271450042725
1773049079,625215738,world,cf231_leg,-2.597827434539795,-1.606016755104065,0.9544979333877563
1773049079,630334754,world,cf231,-2.6024906635284424,-1.6009052991867065,0.9691065549850464
1773049079,630334754,world,cf231_leg,-2.5977578163146973,-1.6060525178909302,0.9545450210571289
1773049079,635092527,world,cf231,-2.6022377014160156,-1.6006284952163696,0.9690299034118652
1773049079,635092527,world,cf231_leg,-2.597602367401123,-1.6058590412139893,0.9545661211013794
1773049079,640063425,world,cf231,-2.602163076400757,-1.6006640195846558,0.969101071357727
1773049079,640063425,world,cf231_leg,-2.5976436138153076,-1.6060519218444824,0.9547913074493408
1773049079,645149895,world,cf231,-2.6019911766052246,-1.6006325483322144,0.9691694974899292
1773049079,645149895,world,cf231_leg,-2.5976223945617676,-1.6059819459915161,0.9547863006591797
1773049079,650398399,world,cf231,-2.6018459796905518,-1.6005758047103882,0.9692662954330444
1773049079,650398399,world,cf231_leg,-2.597446918487549,-1.6058741807937622,0.954889178276062
1773049079,655239154,world,cf231,-2.6016640663146973,-1.600420355796814,0.9692316055297852
1773049079,655239154,world,cf231_leg,-2.5974600315093994,-1.6058696508407593,0.9549444913864136
1773049079,660085585,world,cf231,-2.6014962196350098,-1.6002681255340576,0.9692885875701904
1773049079,660085585,world,cf231_leg,-2.597339153289795,-1.6058508157730103,0.9549490213394165
1773049079,665247140,world,cf231,-2.6014342308044434,-1.6002600193023682,0.9692981243133545
1773049079,665247140,world,cf231_leg,-2.5972776412963867,-1.6058446168899536,0.9549764394760132
1773049079,670383463,world,cf231,-2.6013872623443604,-1.6002808809280396,0.9694494009017944
1773049079,670383463,world,cf231_leg,-2.5972235202789307,-1.6057533025741577,0.9550585746765137
1773049079,675171710,world,cf231,-2.6011970043182373,-1.6000550985336304,0.969499945640564
1773049079,675171710,world,cf231_leg,-2.597198963165283,-1.6058045625686646,0.9550784826278687
1773049079,680579452,world,cf231,-2.6010429859161377,-1.599920392036438,0.9696497917175293
1773049079,680579452,world,cf231_leg,-2.597101926803589,-1.6057367324829102,0.9550795555114746
1773049079,685137272,world,cf231,-2.601031541824341,-1.5999720096588135,0.9697427749633789
1773049079,685137272,world,cf231_leg,-2.5970475673675537,-1.6056454181671143,0.9551616907119751
1773049079,690153933,world,cf231,-2.6009323596954346,-1.5998934507369995,0.9696916341781616
1773049079,690153933,world,cf231_leg,-2.5970473289489746,-1.605644941329956,0.9551626443862915
1773049079,695266369,world,cf231,-2.600937843322754,-1.5997835397720337,0.9697301387786865
1773049079,695266369,world,cf231_leg,-2.5970120429992676,-1.6055837869644165,0.9551352262496948
1773049079,700803652,world,cf231,-2.6007556915283203,-1.5996243953704834,0.9696789979934692
1773049079,700803652,world,cf231_leg,-2.596872568130493,-1.6055353879928589,0.9552475214004517
1773049079,705082706,world,cf231,-2.6006455421447754,-1.599601149559021,0.9697372913360596
1773049079,705082706,world,cf231_leg,-2.5968832969665527,-1.605493187904358,0.955204963684082
1773049079,710216685,world,cf231,-2.6004858016967773,-1.5995125770568848,0.9696735143661499
1773049079,710216685,world,cf231_leg,-2.5968008041381836,-1.6054167747497559,0.9552277326583862
1773049079,715354508,world,cf231,-2.6004409790039062,-1.5993398427963257,0.9696102142333984
1773049079,715354508,world,cf231_leg,-2.5967295169830322,-1.6054483652114868,0.9552649259567261
1773049079,720141788,world,cf231,-2.6004767417907715,-1.5994057655334473,0.9696571826934814
1773049079,720141788,world,cf231_leg,-2.5967400074005127,-1.6054084300994873,0.9552383422851562
1773049079,725275136,world,cf231,-2.600370407104492,-1.5992542505264282,0.9696710109710693
1773049079,725275136,world,cf231_leg,-2.5966451168060303,-1.6053320169448853,0.9551726579666138
1773049079,730470066,world,cf231,-2.6002373695373535,-1.5991216897964478,0.9696197509765625
1773049079,730470066,world,cf231_leg,-2.596625566482544,-1.60530424118042,0.9552981853485107
1773049079,735658013,world,cf231,-2.6001267433166504,-1.5990910530090332,0.9696447849273682
1773049079,735658013,world,cf231_leg,-2.596578598022461,-1.6051344871520996,0.9552580118179321
1773049079,740245305,world,cf231,-2.600179433822632,-1.5989857912063599,0.9695833921432495
1773049079,740245305,world,cf231_leg,-2.5964694023132324,-1.605064034461975,0.955155611038208
1773049079,745395680,world,cf231,-2.6001229286193848,-1.5988579988479614,0.9695781469345093
1773049079,745395680,world,cf231_leg,-2.5964438915252686,-1.6051222085952759,0.9552242755889893
1773049079,750209291,world,cf231,-2.6000990867614746,-1.5987510681152344,0.9694888591766357
1773049079,750209291,world,cf231_leg,-2.596379518508911,-1.6049137115478516,0.9552270174026489
1773049079,755271668,world,cf231,-2.5999534130096436,-1.5986586809158325,0.9694820642471313
1773049079,755271668,world,cf231_leg,-2.5962774753570557,-1.6049220561981201,0.9551074504852295
1773049079,760172379,world,cf231,-2.5998189449310303,-1.5985243320465088,0.9694359302520752
1773049079,760172379,world,cf231_leg,-2.5964014530181885,-1.6049795150756836,0.9551985263824463
1773049079,765200423,world,cf231,-2.599872589111328,-1.5984200239181519,0.9693716764450073
1773049079,765200423,world,cf231_leg,-2.596266508102417,-1.6048117876052856,0.9550768136978149
1773049079,770220708,world,cf231,-2.5999481678009033,-1.5984240770339966,0.9694201946258545
1773049079,770220708,world,cf231_leg,-2.5961461067199707,-1.6047884225845337,0.9550485610961914
1773049079,775340368,world,cf231,-2.5998904705047607,-1.598294973373413,0.969419002532959
1773049079,775340368,world,cf231_leg,-2.5961709022521973,-1.604737401008606,0.9550281763076782
1773049079,780372657,world,cf231,-2.599757194519043,-1.5981552600860596,0.9693331718444824
1773049079,780372657,world,cf231_leg,-2.5961198806762695,-1.6045218706130981,0.955070972442627
1773049079,785321756,world,cf231,-2.599623680114746,-1.598018765449524,0.9692656993865967
1773049079,785321756,world,cf231_leg,-2.5959935188293457,-1.6045873165130615,0.954999566078186
1773049079,790373674,world,cf231,-2.599663257598877,-1.5979633331298828,0.9693028926849365
1773049079,790373674,world,cf231_leg,-2.5959694385528564,-1.6044787168502808,0.9548982381820679
1773049079,795186301,world,cf231,-2.599728584289551,-1.5978175401687622,0.9691982269287109
1773049079,795186301,world,cf231_leg,-2.596034526824951,-1.60440993309021,0.9550118446350098
1773049079,800068121,world,cf231,-2.5997543334960938,-1.5977625846862793,0.9691604375839233
1773049079,800068121,world,cf231_leg,-2.595914125442505,-1.6043891906738281,0.9549988508224487
1773049079,805166392,world,cf231,-2.599656820297241,-1.5976886749267578,0.969122052192688
1773049079,805166392,world,cf231_leg,-2.595898151397705,-1.6043554544448853,0.9548461437225342
1773049079,810188486,world,cf231,-2.5995993614196777,-1.5975565910339355,0.9691017866134644
1773049079,810188486,world,cf231_leg,-2.5958404541015625,-1.604227900505066,0.9548485279083252
1773049079,815261524,world,cf231,-2.5994656085968018,-1.5974230766296387,0.9690531492233276
1773049079,815261524,world,cf231_leg,-2.5958356857299805,-1.6041890382766724,0.9549801349639893
1773049079,820097873,world,cf231,-2.5995664596557617,-1.5973362922668457,0.9689610004425049
1773049079,820097873,world,cf231_leg,-2.5957915782928467,-1.6041706800460815,0.9547669887542725
1773049079,825373223,world,cf231,-2.5995829105377197,-1.59716796875,0.9688712358474731
1773049079,825373223,world,cf231_leg,-2.595877170562744,-1.6041303873062134,0.95475172996521
1773049079,832434673,world,cf231,-2.599485158920288,-1.5970906019210815,0.9688160419464111
1773049079,832434673,world,cf231_leg,-2.5957486629486084,-1.6040349006652832,0.954789400100708
1773049079,835315168,world,cf231,-2.599459171295166,-1.5971453189849854,0.9688544273376465
1773049079,835315168,world,cf231_leg,-2.595759868621826,-1.6039879322052002,0.9547150135040283
1773049079,840330557,world,cf231,-2.599351644515991,-1.596950650215149,0.9687309265136719
1773049079,840330557,world,cf231_leg,-2.5957725048065186,-1.6039341688156128,0.9545911550521851
1773049079,845387008,world,cf231,-2.5994133949279785,-1.5969717502593994,0.9687931537628174
1773049079,845387008,world,cf231_leg,-2.595674991607666,-1.6038709878921509,0.9546242952346802
1773049079,851493782,world,cf231,-2.5994925498962402,-1.5968084335327148,0.9686756134033203
1773049079,851493782,world,cf231_leg,-2.595651865005493,-1.6037609577178955,0.9545042514801025
1773049079,855347404,world,cf231,-2.599506139755249,-1.5968012809753418,0.9687154293060303
1773049079,855347404,world,cf231_leg,-2.5956411361694336,-1.6036481857299805,0.9544576406478882
1773049079,860133224,world,cf231,-2.5993106365203857,-1.596656322479248,0.9686578512191772
1773049079,860133224,world,cf231_leg,-2.5955944061279297,-1.6036336421966553,0.9545055627822876
1773049079,865217535,world,cf231,-2.5992608070373535,-1.596597671508789,0.9685710668563843
1773049079,865217535,world,cf231_leg,-2.5955708026885986,-1.6035228967666626,0.9543875455856323
1773049079,870183315,world,cf231,-2.5992870330810547,-1.5965466499328613,0.9685492515563965
1773049079,870183315,world,cf231_leg,-2.5955710411071777,-1.6035232543945312,0.9543864727020264
1773049079,875272215,world,cf231,-2.5993878841400146,-1.5964564085006714,0.9684392213821411
1773049079,875272215,world,cf231_leg,-2.59547758102417,-1.6032878160476685,0.9541966915130615
1773049079,880139473,world,cf231,-2.5994856357574463,-1.5965336561203003,0.9684954881668091
1773049079,880139473,world,cf231_leg,-2.5954689979553223,-1.6032153367996216,0.9542641639709473
1773049079,885248560,world,cf231,-2.5993523597717285,-1.5963938236236572,0.9684097766876221
1773049079,885248560,world,cf231_leg,-2.5954692363739014,-1.6032129526138306,0.954248309135437
1773049079,890207737,world,cf231,-2.599196195602417,-1.596186876296997,0.9683537483215332
1773049079,890207737,world,cf231_leg,-2.5953750610351562,-1.6029796600341797,0.9540748596191406
1773049079,895258810,world,cf231,-2.5992321968078613,-1.5962563753128052,0.9684183597564697
1773049079,895258810,world,cf231_leg,-2.595325231552124,-1.6029267311096191,0.9540268182754517
1773049079,900187527,world,cf231,-2.5993731021881104,-1.5961109399795532,0.9683452844619751
1773049079,900187527,world,cf231_leg,-2.595426082611084,-1.6029198169708252,0.9541655778884888
1773049079,905560670,world,cf231,-2.5993731021881104,-1.5961142778396606,0.9683628082275391
1773049079,905560670,world,cf231_leg,-2.5954158306121826,-1.6028074026107788,0.9541178941726685
1773049079,910200005,world,cf231,-2.599337339401245,-1.596048355102539,0.9683154821395874
1773049079,910200005,world,cf231_leg,-2.5953147411346436,-1.6027077436447144,0.954072117805481
1773049079,915337040,world,cf231,-2.599153757095337,-1.5958460569381714,0.9681264162063599
1773049079,915337040,world,cf231_leg,-2.5953354835510254,-1.6026184558868408,0.9541809558868408
1773049079,920254928,world,cf231,-2.599167823791504,-1.5958387851715088,0.9681664705276489
1773049079,920254928,world,cf231_leg,-2.5952937602996826,-1.6024802923202515,0.9539613723754883
1773049079,925478527,world,cf231,-2.5992207527160645,-1.5957502126693726,0.9681931734085083
1773049079,925478527,world,cf231_leg,-2.5952329635620117,-1.6024718284606934,0.9539722204208374
1773049079,930243980,world,cf231,-2.5992465019226074,-1.5956887006759644,0.9681198596954346
1773049079,930243980,world,cf231_leg,-2.5953330993652344,-1.602420687675476,0.9539625644683838
1773049079,935458363,world,cf231,-2.5993711948394775,-1.5957154035568237,0.968152642250061
1773049079,935458363,world,cf231_leg,-2.59533429145813,-1.6022590398788452,0.953823447227478
1773049079,940220783,world,cf231,-2.5992865562438965,-1.595633625984192,0.9681558609008789
1773049079,940220783,world,cf231_leg,-2.5952486991882324,-1.6023015975952148,0.9538546800613403
1773049079,945273417,world,cf231,-2.5991885662078857,-1.5955559015274048,0.9681013822555542
1773049079,945273417,world,cf231_leg,-2.595255136489868,-1.6020632982254028,0.953837513923645
1773049079,950208592,world,cf231,-2.599255084991455,-1.5954468250274658,0.9680976867675781
1773049079,950208592,world,cf231_leg,-2.5952374935150146,-1.6018719673156738,0.9538072347640991
1773049079,955423949,world,cf231,-2.5992722511291504,-1.5952787399291992,0.96800696849823
1773049079,955423949,world,cf231_leg,-2.5951473712921143,-1.6018826961517334,0.9537920951843262
1773049079,960914629,world,cf231,-2.5994324684143066,-1.595371127128601,0.9680880308151245
1773049079,960914629,world,cf231_leg,-2.5951852798461914,-1.6017783880233765,0.9536457061767578
1773049079,965388197,world,cf231,-2.599269151687622,-1.5951231718063354,0.9681844711303711
1773049079,965388197,world,cf231_leg,-2.595205068588257,-1.6016910076141357,0.9537726640701294
1773049079,970440902,world,cf231,-2.5990002155303955,-1.5947741270065308,0.9678267240524292
1773049079,970440902,world,cf231_leg,-2.5951690673828125,-1.60163152217865,0.9537625312805176
1773049079,976628292,world,cf231,-2.599195718765259,-1.5949255228042603,0.9679205417633057
1773049079,976628292,world,cf231_leg,-2.5952436923980713,-1.601478099822998,0.9537022113800049
1773049079,980262932,world,cf231,-2.5993664264678955,-1.5948418378829956,0.9681485891342163
1773049079,980262932,world,cf231_leg,-2.595120429992676,-1.6014167070388794,0.953575849533081
1773049079,985199663,world,cf231,-2.599517822265625,-1.5948433876037598,0.968209981918335
1773049079,985199663,world,cf231_leg,-2.5953049659729004,-1.6013662815093994,0.9539135694503784
1773049079,990158856,world,cf231,-2.5994112491607666,-1.5946593284606934,0.9681373834609985
1773049079,990158856,world,cf231_leg,-2.59537410736084,-1.6011792421340942,0.9540151357650757
1773049079,995254098,world,cf231,-2.599367380142212,-1.5945130586624146,0.9681218862533569
1773049079,995254098,world,cf231_leg,-2.595219135284424,-1.6010987758636475,0.9537661075592041
1773049080,179555,world,cf231,-2.599331855773926,-1.5944604873657227,0.9681453704833984
1773049080,179555,world,cf231_leg,-2.5952577590942383,-1.6009151935577393,0.9539779424667358
1773049080,5198022,world,cf231,-2.599384307861328,-1.5943548679351807,0.9680849313735962
1773049080,5198022,world,cf231_leg,-2.595367908477783,-1.6008260250091553,0.9539586305618286
1773049080,10261761,world,cf231,-2.5994553565979004,-1.5941210985183716,0.968052864074707
1773049080,10261761,world,cf231_leg,-2.59538197517395,-1.6008200645446777,0.9539955854415894
1773049080,15658835,world,cf231,-2.599518060684204,-1.5941686630249023,0.9681642055511475
1773049080,15658835,world,cf231_leg,-2.595494031906128,-1.6007604598999023,0.9540308713912964
1773049080,20628966,world,cf231,-2.5994739532470703,-1.5939933061599731,0.9680806398391724
1773049080,20628966,world,cf231_leg,-2.595444917678833,-1.6007134914398193,0.9540103673934937
1773049080,25125682,world,cf231,-2.5994246006011963,-1.5939381122589111,0.968010425567627
1773049080,25125682,world,cf231_leg,-2.5954596996307373,-1.6007025241851807,0.9540159702301025
1773049080,30163645,world,cf231,-2.599372148513794,-1.5937206745147705,0.9680826663970947
1773049080,30163645,world,cf231_leg,-2.5954885482788086,-1.6005332469940186,0.9539839029312134
1773049080,35251810,world,cf231,-2.5995612144470215,-1.5936040878295898,0.9680308103561401
1773049080,35251810,world,cf231_leg,-2.595557451248169,-1.6005045175552368,0.9539850950241089
1773049080,40370944,world,cf231,-2.5995800495147705,-1.5934698581695557,0.968022346496582
1773049080,40370944,world,cf231_leg,-2.595600128173828,-1.6004785299301147,0.95405113697052
1773049080,46816063,world,cf231,-2.599558115005493,-1.5933998823165894,0.9680325984954834
1773049080,46816063,world,cf231_leg,-2.5956497192382812,-1.6003789901733398,0.954025387763977
1773049080,50130280,world,cf231,-2.5995614528656006,-1.5932878255844116,0.9680781364440918
1773049080,50130280,world,cf231_leg,-2.5955655574798584,-1.6002494096755981,0.9538568258285522
1773049080,55196698,world,cf231,-2.5995304584503174,-1.5931044816970825,0.9680361747741699
1773049080,55196698,world,cf231_leg,-2.5956389904022217,-1.6002634763717651,0.9539637565612793
1773049080,60121773,world,cf231,-2.5997183322906494,-1.5931727886199951,0.9681433439254761
1773049080,60121773,world,cf231_leg,-2.595703363418579,-1.6001476049423218,0.9539141654968262
1773049080,65185690,world,cf231,-2.5997631549835205,-1.5929934978485107,0.96815025806427
1773049080,65185690,world,cf231_leg,-2.5956952571868896,-1.6000728607177734,0.9539651870727539
1773049080,70090533,world,cf231,-2.5996949672698975,-1.5927494764328003,0.968100905418396
1773049080,70090533,world,cf231_leg,-2.595794916152954,-1.6000237464904785,0.953972578048706
1773049080,75242391,world,cf231,-2.5997490882873535,-1.592684030532837,0.9681588411331177
1773049080,75242391,world,cf231_leg,-2.5957705974578857,-1.5999176502227783,0.9538866281509399
1773049080,80139630,world,cf231,-2.5997393131256104,-1.5925698280334473,0.9681092500686646
1773049080,80139630,world,cf231_leg,-2.5957648754119873,-1.5998399257659912,0.9538998603820801
1773049080,85182425,world,cf231,-2.5998194217681885,-1.592449426651001,0.9681293964385986
1773049080,85182425,world,cf231_leg,-2.5958151817321777,-1.5997766256332397,0.9539785385131836
1773049080,90124059,world,cf231,-2.599975109100342,-1.5923399925231934,0.9682334661483765
1773049080,90124059,world,cf231_leg,-2.5959255695343018,-1.5996850728988647,0.9539437294006348
1773049080,95253050,world,cf231,-2.6000001430511475,-1.5922520160675049,0.9681112766265869
1773049080,95253050,world,cf231_leg,-2.595926523208618,-1.599691390991211,0.9539703130722046
1773049080,100305355,world,cf231,-2.599992036819458,-1.592174768447876,0.9681618213653564
1773049080,100305355,world,cf231_leg,-2.5959293842315674,-1.5995744466781616,0.953978419303894
1773049080,105133552,world,cf231,-2.6000096797943115,-1.592049479484558,0.968209981918335
1773049080,105133552,world,cf231_leg,-2.5959928035736084,-1.599460482597351,0.9539462327957153
1773049080,110371862,world,cf231,-2.6001734733581543,-1.592010259628296,0.9682285785675049
1773049080,110371862,world,cf231_leg,-2.5958855152130127,-1.5994404554367065,0.9540189504623413
1773049080,115465681,world,cf231,-2.600391387939453,-1.5919122695922852,0.9683413505554199
1773049080,115465681,world,cf231_leg,-2.5960230827331543,-1.599335789680481,0.9540615081787109
1773049080,121592700,world,cf231,-2.6004440784454346,-1.5918065309524536,0.9682815074920654
1773049080,121592700,world,cf231_leg,-2.5959765911102295,-1.5991660356521606,0.9540205001831055
1773049080,125136530,world,cf231,-2.600531578063965,-1.5916810035705566,0.9686321020126343
1773049080,125136530,world,cf231_leg,-2.596024751663208,-1.5991796255111694,0.9539518356323242
1773049080,130519109,world,cf231,-2.6005496978759766,-1.591552972793579,0.9686604738235474
1773049080,130519109,world,cf231_leg,-2.5961122512817383,-1.5990729331970215,0.9541444778442383
1773049080,135082658,world,cf231,-2.6006035804748535,-1.5914582014083862,0.9686505794525146
1773049080,135082658,world,cf231_leg,-2.5959928035736084,-1.5988949537277222,0.9540245532989502
1773049080,140291657,world,cf231,-2.600670337677002,-1.591339111328125,0.9685937166213989
1773049080,140291657,world,cf231_leg,-2.596102714538574,-1.5989583730697632,0.9540798664093018
1773049080,145093179,world,cf231,-2.600701093673706,-1.591170310974121,0.9685789346694946
1773049080,145093179,world,cf231_leg,-2.596153974533081,-1.5988985300064087,0.9541703462600708
1773049080,150143873,world,cf231,-2.6007633209228516,-1.591185212135315,0.9686048030853271
1773049080,150143873,world,cf231_leg,-2.596047878265381,-1.598716378211975,0.9541054964065552
1773049080,155247694,world,cf231,-2.6007680892944336,-1.5910711288452148,0.9686280488967896
1773049080,155247694,world,cf231_leg,-2.5960662364959717,-1.5985842943191528,0.9540849924087524
1773049080,160145438,world,cf231,-2.6007587909698486,-1.5909574031829834,0.9685771465301514
1773049080,160145438,world,cf231_leg,-2.5961122512817383,-1.5986034870147705,0.9540697336196899
1773049080,165227098,world,cf231,-2.600800037384033,-1.5908933877944946,0.9685572385787964
1773049080,165227098,world,cf231_leg,-2.5961642265319824,-1.598541498184204,0.9541436433792114
1773049080,170209113,world,cf231,-2.600830078125,-1.5907303094863892,0.9685808420181274
1773049080,170209113,world,cf231_leg,-2.596111536026001,-1.598293662071228,0.954116702079773
1773049080,175295503,world,cf231,-2.600893020629883,-1.5907396078109741,0.9685680866241455
1773049080,175295503,world,cf231_leg,-2.5961427688598633,-1.598315715789795,0.9540508985519409
1773049080,180264700,world,cf231,-2.6008260250091553,-1.5904929637908936,0.9684990644454956
1773049080,180264700,world,cf231_leg,-2.596181869506836,-1.598258376121521,0.9540681838989258
1773049080,185156700,world,cf231,-2.6008388996124268,-1.590488314628601,0.9685590267181396
1773049080,185156700,world,cf231_leg,-2.596099853515625,-1.5981824398040771,0.954088568687439
1773049080,190314067,world,cf231,-2.6009321212768555,-1.5903311967849731,0.9685519933700562
1773049080,190314067,world,cf231_leg,-2.5961508750915527,-1.5980737209320068,0.9539985656738281
1773049080,195236170,world,cf231,-2.601093292236328,-1.5904115438461304,0.9685591459274292
1773049080,195236170,world,cf231_leg,-2.5961806774139404,-1.5979485511779785,0.9541157484054565
1773049080,200385748,world,cf231,-2.600999593734741,-1.5902191400527954,0.968529462814331
1773049080,200385748,world,cf231_leg,-2.596097946166992,-1.5978715419769287,0.9541394710540771
1773049080,209272861,world,cf231,-2.6009409427642822,-1.5900923013687134,0.9685482978820801
1773049080,209272861,world,cf231_leg,-2.5961687564849854,-1.5978398323059082,0.9541031122207642
1773049080,210242046,world,cf231,-2.600944995880127,-1.5899673700332642,0.9685211181640625
1773049080,210242046,world,cf231_leg,-2.59614896774292,-1.597765326499939,0.9540647268295288
1773049080,215303652,world,cf231,-2.6010212898254395,-1.5899754762649536,0.9685862064361572
1773049080,215303652,world,cf231_leg,-2.5960795879364014,-1.5976818799972534,0.9541271924972534
1773049080,220180423,world,cf231,-2.6010379791259766,-1.5898137092590332,0.9685318470001221
1773049080,220180423,world,cf231_leg,-2.5961294174194336,-1.597582221031189,0.9541019201278687
1773049080,225252801,world,cf231,-2.6010427474975586,-1.5896894931793213,0.9685029983520508
1773049080,225252801,world,cf231_leg,-2.5960798263549805,-1.5975267887115479,0.9540377855300903
1773049080,230238222,world,cf231,-2.6010687351226807,-1.589638113975525,0.9684826135635376
1773049080,230238222,world,cf231_leg,-2.596086263656616,-1.5974464416503906,0.9541245698928833
1773049080,235513500,world,cf231,-2.6010403633117676,-1.5895278453826904,0.9686437845230103
1773049080,235513500,world,cf231_leg,-2.5960965156555176,-1.5974010229110718,0.9540685415267944
1773049080,240169234,world,cf231,-2.6009130477905273,-1.5894274711608887,0.9684090614318848
1773049080,240169234,world,cf231_leg,-2.5960967540740967,-1.5974011421203613,0.9540679454803467
1773049080,245136270,world,cf231,-2.601027488708496,-1.5892161130905151,0.9686318635940552
1773049080,245136270,world,cf231_leg,-2.596031665802002,-1.5971965789794922,0.9541043043136597
1773049080,250137002,world,cf231,-2.6011123657226562,-1.5892949104309082,0.9686096906661987
1773049080,250137002,world,cf231_leg,-2.5960922241210938,-1.5972099304199219,0.9541256427764893
1773049080,255229254,world,cf231,-2.601116180419922,-1.5891766548156738,0.9686182737350464
1773049080,255229254,world,cf231_leg,-2.5959954261779785,-1.5971394777297974,0.9541106224060059
1773049080,260306183,world,cf231,-2.601045608520508,-1.5890873670578003,0.9686617851257324
1773049080,260306183,world,cf231_leg,-2.596047878265381,-1.5970726013183594,0.9541529417037964
1773049080,265203448,world,cf231,-2.6010310649871826,-1.5891040563583374,0.9686770439147949
1773049080,265203448,world,cf231_leg,-2.5960209369659424,-1.5970863103866577,0.954073429107666
1773049080,270164518,world,cf231,-2.6009366512298584,-1.5888975858688354,0.9685783386230469
1773049080,270164518,world,cf231_leg,-2.5960123538970947,-1.5970109701156616,0.9541264772415161
1773049080,275252791,world,cf231,-2.6010138988494873,-1.5889030694961548,0.968623161315918
1773049080,275252791,world,cf231_leg,-2.596015214920044,-1.5968914031982422,0.9541189670562744
1773049080,280263767,world,cf231,-2.6010398864746094,-1.5888515710830688,0.9686030149459839
1773049080,280263767,world,cf231_leg,-2.5960235595703125,-1.5969665050506592,0.9540667533874512
1773049080,285080436,world,cf231,-2.601027488708496,-1.5888991355895996,0.9686810970306396
1773049080,285080436,world,cf231_leg,-2.5960144996643066,-1.5968960523605347,0.9541513919830322
1773049080,290337280,world,cf231,-2.601041555404663,-1.588895559310913,0.9687380790710449
1773049080,290337280,world,cf231_leg,-2.5959110260009766,-1.5967466831207275,0.9541536569595337
1773049080,295414458,world,cf231,-2.6009693145751953,-1.5887657403945923,0.9686640501022339
1773049080,295414458,world,cf231_leg,-2.5959441661834717,-1.5967706441879272,0.9540815353393555
1773049080,300247960,world,cf231,-2.6009953022003174,-1.5887110233306885,0.9686259031295776
1773049080,300247960,world,cf231_leg,-2.5959508419036865,-1.5966876745224,0.9541529417037964
1773049080,305176145,world,cf231,-2.6010499000549316,-1.5886492729187012,0.9687008857727051
1773049080,305176145,world,cf231_leg,-2.595818281173706,-1.596557855606079,0.9541277885437012
1773049080,310437503,world,cf231,-2.601008892059326,-1.5887033939361572,0.9686672687530518
1773049080,310437503,world,cf231_leg,-2.595889091491699,-1.5966837406158447,0.9541966915130615
1773049080,315272321,world,cf231,-2.600853443145752,-1.5885066986083984,0.9686628580093384
1773049080,315272321,world,cf231_leg,-2.59584379196167,-1.596506953239441,0.9541065692901611
1773049080,320674315,world,cf231,-2.6009397506713867,-1.5886225700378418,0.9687411785125732
1773049080,320674315,world,cf231_leg,-2.595771074295044,-1.5965429544448853,0.9541767835617065
1773049080,325908024,world,cf231,-2.6008899211883545,-1.5885634422302246,0.9686546325683594
1773049080,325908024,world,cf231_leg,-2.5958569049835205,-1.596502661705017,0.9541618824005127
1773049080,330119162,world,cf231,-2.601100206375122,-1.5887123346328735,0.9688032865524292
1773049080,330119162,world,cf231_leg,-2.595820903778076,-1.5964431762695312,0.95415198802948
1773049080,335317421,world,cf231,-2.600952625274658,-1.5885756015777588,0.9686611890792847
1773049080,335317421,world,cf231_leg,-2.595787763595581,-1.5964195728302002,0.9542235136032104
1773049080,340074123,world,cf231,-2.6007776260375977,-1.5884957313537598,0.9685788154602051
1773049080,340074123,world,cf231_leg,-2.595761299133301,-1.5964281558990479,0.9541124105453491
1773049080,345091569,world,cf231,-2.6007423400878906,-1.5884790420532227,0.9687057733535767
1773049080,345091569,world,cf231_leg,-2.595717430114746,-1.5962939262390137,0.9541537761688232
1773049080,350238778,world,cf231,-2.6007437705993652,-1.588470220565796,0.9686489105224609
1773049080,350238778,world,cf231_leg,-2.595677375793457,-1.5963555574417114,0.9541696310043335
1773049080,355236509,world,cf231,-2.600742816925049,-1.5884761810302734,0.968686580657959
1773049080,355236509,world,cf231_leg,-2.5956804752349854,-1.5962388515472412,0.9541770219802856
1773049080,360261379,world,cf231,-2.6008191108703613,-1.5884841680526733,0.9687515497207642
1773049080,360261379,world,cf231_leg,-2.595571517944336,-1.5961734056472778,0.9541043043136597
1773049080,365284774,world,cf231,-2.600672960281372,-1.5883909463882446,0.9687458276748657
1773049080,365284774,world,cf231_leg,-2.5956201553344727,-1.596228003501892,0.9541716575622559
1773049080,370264149,world,cf231,-2.600484609603882,-1.5883188247680664,0.9686219692230225
1773049080,370264149,world,cf231_leg,-2.5955159664154053,-1.596081018447876,0.9541895389556885
1773049080,375778830,world,cf231,-2.600534200668335,-1.5883744955062866,0.9686909914016724
1773049080,375778830,world,cf231_leg,-2.5954880714416504,-1.5960960388183594,0.9541292190551758
1773049080,380254623,world,cf231,-2.6005260944366455,-1.5882973670959473,0.9687412977218628
1773049080,380254623,world,cf231_leg,-2.5955021381378174,-1.5960925817489624,0.9541819095611572
1773049080,385302017,world,cf231,-2.6004221439361572,-1.5883036851882935,0.9685968160629272
1773049080,385302017,world,cf231_leg,-2.5955216884613037,-1.5960050821304321,0.9543095827102661
1773049080,390241797,world,cf231,-2.6002893447875977,-1.588206171989441,0.9686498641967773
1773049080,390241797,world,cf231_leg,-2.595447540283203,-1.5959981679916382,0.9542500972747803
1773049080,395250068,world,cf231,-2.6001017093658447,-1.588183879852295,0.9686989784240723
1773049080,395250068,world,cf231_leg,-2.5953280925750732,-1.5958229303359985,0.9541443586349487
1773049080,400314425,world,cf231,-2.6000399589538574,-1.5881623029708862,0.9686371088027954
1773049080,400314425,world,cf231_leg,-2.59531831741333,-1.5959044694900513,0.9543051719665527
1773049080,405214034,world,cf231,-2.600029945373535,-1.588047742843628,0.9685884714126587
1773049080,405214034,world,cf231_leg,-2.5952329635620117,-1.595789909362793,0.9542293548583984
1773049080,410274172,world,cf231,-2.600067138671875,-1.5881540775299072,0.9687541723251343
1773049080,410274172,world,cf231_leg,-2.595149040222168,-1.595676302909851,0.9541507959365845
1773049080,415211535,world,cf231,-2.600041151046753,-1.5882058143615723,0.9687734842300415
1773049080,415211535,world,cf231_leg,-2.595116138458252,-1.595655083656311,0.9542373418807983
1773049080,420220732,world,cf231,-2.5998542308807373,-1.58817720413208,0.9687858819961548
1773049080,420220732,world,cf231_leg,-2.595090389251709,-1.5957030057907104,0.9542447328567505
1773049080,425281381,world,cf231,-2.599673271179199,-1.5880159139633179,0.9687113761901855
1773049080,425281381,world,cf231_leg,-2.594944715499878,-1.595577597618103,0.9541634321212769
1773049080,430204736,world,cf231,-2.5997445583343506,-1.588147759437561,0.9688066244125366
1773049080,430204736,world,cf231_leg,-2.595010995864868,-1.595509648323059,0.9542742967605591
1773049080,435266254,world,cf231,-2.5997214317321777,-1.5880764722824097,0.9688212871551514
1773049080,435266254,world,cf231_leg,-2.5947952270507812,-1.5954145193099976,0.9542102813720703
1773049080,441553214,world,cf231,-2.5995967388153076,-1.5880494117736816,0.9687882661819458
1773049080,441553214,world,cf231_leg,-2.594921588897705,-1.5955123901367188,0.9544172286987305
1773049080,445373018,world,cf231,-2.599400281906128,-1.5879102945327759,0.9687674045562744
1773049080,445373018,world,cf231_leg,-2.5949461460113525,-1.595463752746582,0.954412579536438
1773049080,450163533,world,cf231,-2.5992271900177,-1.5878578424453735,0.968731164932251
1773049080,450163533,world,cf231_leg,-2.594797372817993,-1.5954574346542358,0.9543402194976807
1773049080,455131173,world,cf231,-2.5992276668548584,-1.5878616571426392,0.9687471389770508
1773049080,455131173,world,cf231_leg,-2.5948526859283447,-1.5954318046569824,0.954493522644043
1773049080,460132396,world,cf231,-2.599201202392578,-1.5879260301589966,0.9688396453857422
1773049080,460132396,world,cf231_leg,-2.5946035385131836,-1.5951571464538574,0.9544140100479126
1773049080,465201273,world,cf231,-2.5991530418395996,-1.5879043340682983,0.9688525199890137
1773049080,465201273,world,cf231_leg,-2.5946552753448486,-1.5952506065368652,0.9545770883560181
1773049080,470252113,world,cf231,-2.598956823348999,-1.587748408317566,0.9687432050704956
1773049080,470252113,world,cf231_leg,-2.594564914703369,-1.59521484375,0.9543957710266113
1773049080,475451325,world,cf231,-2.5988423824310303,-1.587856411933899,0.9688644409179688
1773049080,475451325,world,cf231_leg,-2.594435691833496,-1.595121145248413,0.9544501304626465
1773049080,480254636,world,cf231,-2.598695993423462,-1.5877633094787598,0.9688582420349121
1773049080,480254636,world,cf231_leg,-2.5944912433624268,-1.5950932502746582,0.9545882940292358
1773049080,485247936,world,cf231,-2.598724365234375,-1.5877509117126465,0.9690254926681519
1773049080,485247936,world,cf231_leg,-2.5944154262542725,-1.5950953960418701,0.9545936584472656
1773049080,490282484,world,cf231,-2.598710536956787,-1.5877567529678345,0.9688965082168579
1773049080,490282484,world,cf231_leg,-2.5943546295166016,-1.5950844287872314,0.9545886516571045
1773049080,495339718,world,cf231,-2.59861159324646,-1.587674617767334,0.9688266515731812
1773049080,495339718,world,cf231_leg,-2.5942509174346924,-1.594896674156189,0.9544696807861328
1773049080,500153034,world,cf231,-2.5984036922454834,-1.5875738859176636,0.9688279628753662
1773049080,500153034,world,cf231_leg,-2.594223976135254,-1.5949485301971436,0.9545115232467651
1773049080,505684062,world,cf231,-2.5982444286346436,-1.587528944015503,0.9689911603927612
1773049080,505684062,world,cf231_leg,-2.5941712856292725,-1.5948970317840576,0.954709529876709
1773049080,510170788,world,cf231,-2.598295211791992,-1.5876258611679077,0.9692693948745728
1773049080,510170788,world,cf231_leg,-2.594130039215088,-1.5949193239212036,0.9546080827713013
1773049080,515339632,world,cf231,-2.5981690883636475,-1.5875253677368164,0.9689404964447021
1773049080,515339632,world,cf231_leg,-2.594064712524414,-1.5948724746704102,0.9547498226165771
1773049080,520128701,world,cf231,-2.59804630279541,-1.5875792503356934,0.969237208366394
1773049080,520128701,world,cf231_leg,-2.5938756465911865,-1.5946135520935059,0.9547064304351807
1773049080,525390678,world,cf231,-2.597935676574707,-1.5875554084777832,0.9692963361740112
1773049080,525390678,world,cf231_leg,-2.5938379764556885,-1.594666838645935,0.9546546936035156
1773049080,530421451,world,cf231,-2.5978376865386963,-1.5874775648117065,0.9692411422729492
1773049080,530421451,world,cf231_leg,-2.593742847442627,-1.5946335792541504,0.9547405242919922
1773049080,536637355,world,cf231,-2.597851276397705,-1.5874736309051514,0.9692989587783813
1773049080,536637355,world,cf231_leg,-2.593647003173828,-1.5945611000061035,0.9547080993652344
1773049080,540372234,world,cf231,-2.5977671146392822,-1.5873918533325195,0.969301700592041
1773049080,540372234,world,cf231_leg,-2.5935637950897217,-1.5944868326187134,0.9547467231750488
1773049080,545617560,world,cf231,-2.5977535247802734,-1.5874061584472656,0.9692963361740112
1773049080,545617560,world,cf231_leg,-2.5936343669891357,-1.5946123600006104,0.9548166990280151
1773049080,551430919,world,cf231,-2.59761643409729,-1.5874300003051758,0.9693593978881836
1773049080,551430919,world,cf231_leg,-2.593543529510498,-1.594422698020935,0.9547688961029053
1773049080,555306443,world,cf231,-2.5974433422088623,-1.5873911380767822,0.9693928956985474
1773049080,555306443,world,cf231_leg,-2.593374252319336,-1.5943851470947266,0.954810380935669
1773049080,560386488,world,cf231,-2.5973498821258545,-1.5871955156326294,0.9693443775177002
1773049080,560386488,world,cf231_leg,-2.593336582183838,-1.5943318605422974,0.9548509120941162
1773049080,565262189,world,cf231,-2.5973634719848633,-1.5871949195861816,0.9694198369979858
1773049080,565262189,world,cf231_leg,-2.5932066440582275,-1.5941994190216064,0.9547858238220215
1773049080,570283796,world,cf231,-2.5973591804504395,-1.5873128175735474,0.9694129228591919
1773049080,570283796,world,cf231_leg,-2.5931692123413086,-1.5942991971969604,0.9549002647399902
1773049080,576369980,world,cf231,-2.5972044467926025,-1.5871455669403076,0.9694759845733643
1773049080,576369980,world,cf231_leg,-2.593172550201416,-1.5941798686981201,0.954891562461853
1773049080,581661865,world,cf231,-2.5970797538757324,-1.5871256589889526,0.9694772958755493
1773049080,581661865,world,cf231_leg,-2.5929582118988037,-1.5941219329833984,0.954928994178772
1773049080,585180548,world,cf231,-2.5970535278320312,-1.5871800184249878,0.9695162773132324
1773049080,585180548,world,cf231_leg,-2.593003988265991,-1.5941433906555176,0.9549294710159302
1773049080,590098389,world,cf231,-2.596843719482422,-1.587038516998291,0.9694006443023682
1773049080,590098389,world,cf231_leg,-2.5929465293884277,-1.594018578529358,0.9549458026885986
1773049080,595181466,world,cf231,-2.596795082092285,-1.5870229005813599,0.9694505929946899
1773049080,595181466,world,cf231_leg,-2.592874526977539,-1.5940548181533813,0.9550150632858276
1773049080,600143614,world,cf231,-2.5967605113983154,-1.5870002508163452,0.969539999961853
1773049080,600143614,world,cf231_leg,-2.592787981033325,-1.5939412117004395,0.9549591541290283
1773049080,605356794,world,cf231,-2.5965158939361572,-1.5868290662765503,0.969478964805603
1773049080,605356794,world,cf231_leg,-2.5927059650421143,-1.5938600301742554,0.954948902130127
1773049080,610280474,world,cf231,-2.5963335037231445,-1.5866729021072388,0.9694440364837646
1773049080,610280474,world,cf231_leg,-2.592586040496826,-1.5938425064086914,0.9549479484558105
1773049080,615344053,world,cf231,-2.5963828563690186,-1.5867348909378052,0.9695498943328857
1773049080,615344053,world,cf231_leg,-2.5926225185394287,-1.5937879085540771,0.9550042152404785
1773049080,620291548,world,cf231,-2.596320867538452,-1.5867234468460083,0.9695409536361694
1773049080,620291548,world,cf231_leg,-2.5925631523132324,-1.593775749206543,0.954979419708252
1773049080,626644500,world,cf231,-2.5961389541625977,-1.5865710973739624,0.9695223569869995
1773049080,626644500,world,cf231_leg,-2.592463493347168,-1.5938249826431274,0.954971194267273
1773049080,630203791,world,cf231,-2.5960283279418945,-1.5865405797958374,0.969545841217041
1773049080,630203791,world,cf231_leg,-2.592515230178833,-1.5937628746032715,0.9550455808639526
1773049080,636673648,world,cf231,-2.595867395401001,-1.586453914642334,0.9695018529891968
1773049080,636673648,world,cf231_leg,-2.5923447608947754,-1.5936884880065918,0.9549844264984131
1773049080,640358748,world,cf231,-2.5958333015441895,-1.5864317417144775,0.9695897102355957
1773049080,640358748,world,cf231_leg,-2.592379331588745,-1.5937520265579224,0.9550290107727051
1773049080,645140418,world,cf231,-2.5957553386688232,-1.5863900184631348,0.9694417715072632
1773049080,645140418,world,cf231_leg,-2.592287063598633,-1.5935583114624023,0.9549707174301147
1773049080,650319307,world,cf231,-2.595747232437134,-1.5863128900527954,0.9694919586181641
1773049080,650319307,world,cf231_leg,-2.592236280441284,-1.5936623811721802,0.9550292491912842
1773049080,655271225,world,cf231,-2.5956509113311768,-1.586275577545166,0.9695541858673096
1773049080,655271225,world,cf231_leg,-2.5921971797943115,-1.5936154127120972,0.9551204442977905
1773049080,660195234,world,cf231,-2.5954692363739014,-1.5861234664916992,0.9695346355438232
1773049080,660195234,world,cf231_leg,-2.5921614170074463,-1.5935559272766113,0.9551105499267578
1773049080,665363083,world,cf231,-2.5956361293792725,-1.5861650705337524,0.9697908163070679
1773049080,665363083,world,cf231_leg,-2.5921332836151123,-1.5935187339782715,0.9550596475601196
1773049080,670243141,world,cf231,-2.5954041481018066,-1.5859565734863281,0.9697037935256958
1773049080,670243141,world,cf231_leg,-2.5921387672424316,-1.593489646911621,0.9551398754119873
1773049080,675337591,world,cf231,-2.595454216003418,-1.5860124826431274,0.9697723388671875
1773049080,675337591,world,cf231_leg,-2.5920774936676025,-1.5934809446334839,0.9551512002944946
1773049080,680149674,world,cf231,-2.5952975749969482,-1.5858079195022583,0.9697352647781372
1773049080,680149674,world,cf231_leg,-2.592045783996582,-1.5934559106826782,0.9552034139633179
1773049080,685350927,world,cf231,-2.5952932834625244,-1.585925817489624,0.9697282314300537
1773049080,685350927,world,cf231_leg,-2.5920252799987793,-1.5933349132537842,0.9549987316131592
1773049080,690220058,world,cf231,-2.5952320098876953,-1.585915207862854,0.9697169065475464
1773049080,690220058,world,cf231_leg,-2.5920698642730713,-1.593406319618225,0.9552017450332642
1773049080,695197642,world,cf231,-2.5950980186462402,-1.5857778787612915,0.9696497917175293
1773049080,695197642,world,cf231_leg,-2.5919322967529297,-1.5933531522750854,0.9550533294677734
1773049080,700277572,world,cf231,-2.59515118598938,-1.58571457862854,0.9697290658950806
1773049080,700277572,world,cf231_leg,-2.5919349193573,-1.5933915376663208,0.9551502466201782
1773049080,705263698,world,cf231,-2.595067024230957,-1.585591197013855,0.969589114189148
1773049080,705263698,world,cf231_leg,-2.59199595451355,-1.5934027433395386,0.9551547765731812
1773049080,710292889,world,cf231,-2.594905376434326,-1.5855169296264648,0.969618558883667
1773049080,710292889,world,cf231_leg,-2.5919244289398193,-1.5932785272598267,0.9551036357879639
1773049080,715617760,world,cf231,-2.594831705093384,-1.5855439901351929,0.9696321487426758
1773049080,715617760,world,cf231_leg,-2.5918684005737305,-1.5932512283325195,0.9549617767333984
1773049080,720447549,world,cf231,-2.5948071479797363,-1.5854389667510986,0.9695636034011841
1773049080,720447549,world,cf231_leg,-2.5918147563934326,-1.5932103395462036,0.955016016960144
1773049080,725468591,world,cf231,-2.5947718620300293,-1.5853769779205322,0.9695312976837158
1773049080,725468591,world,cf231_leg,-2.5918498039245605,-1.5932741165161133,0.9550595283508301
1773049080,731578092,world,cf231,-2.5947370529174805,-1.585308313369751,0.969463586807251
1773049080,731578092,world,cf231_leg,-2.591829538345337,-1.5932047367095947,0.9550517797470093
1773049080,735207396,world,cf231,-2.5945887565612793,-1.5852200984954834,0.9694980382919312
1773049080,735207396,world,cf231_leg,-2.5917935371398926,-1.5931401252746582,0.9550108909606934
1773049080,740136176,world,cf231,-2.5946521759033203,-1.5852258205413818,0.969468355178833
1773049080,740136176,world,cf231_leg,-2.591925621032715,-1.593274712562561,0.9550687074661255
1773049080,745423731,world,cf231,-2.594491720199585,-1.5851433277130127,0.9694393873214722
1773049080,745423731,world,cf231_leg,-2.5917489528656006,-1.5930683612823486,0.9548088312149048
1773049080,750385481,world,cf231,-2.5945398807525635,-1.5851616859436035,0.9694086313247681
1773049080,750385481,world,cf231_leg,-2.591766119003296,-1.5931528806686401,0.9549336433410645
1773049080,755200658,world,cf231,-2.594602108001709,-1.585176706314087,0.9694346189498901
1773049080,755200658,world,cf231_leg,-2.591770648956299,-1.5930296182632446,0.9548903703689575
1773049080,761104339,world,cf231,-2.594517469406128,-1.585091471672058,0.9694198369979858
1773049080,761104339,world,cf231_leg,-2.5918128490448,-1.593170166015625,0.954900860786438
1773049080,765234394,world,cf231,-2.594468116760254,-1.5850359201431274,0.9693499803543091
1773049080,765234394,world,cf231_leg,-2.591766834259033,-1.5931483507156372,0.9549010992050171
1773049080,770136222,world,cf231,-2.594404935836792,-1.5850168466567993,0.969308614730835
1773049080,770136222,world,cf231_leg,-2.5917673110961914,-1.592990756034851,0.954795241355896
1773049080,775182414,world,cf231,-2.594442367553711,-1.5850812196731567,0.9693336486816406
1773049080,775182414,world,cf231_leg,-2.5917928218841553,-1.5930957794189453,0.9548614025115967
1773049080,780154268,world,cf231,-2.594592571258545,-1.585052490234375,0.9693310260772705
1773049080,780154268,world,cf231_leg,-2.591803789138794,-1.5930508375167847,0.9548032283782959
1773049080,785219287,world,cf231,-2.5945427417755127,-1.5850002765655518,0.9692789316177368
1773049080,785219287,world,cf231_leg,-2.5917935371398926,-1.592932939529419,0.9547247886657715
1773049080,790247864,world,cf231,-2.594454526901245,-1.5850334167480469,0.9692555665969849
1773049080,790247864,world,cf231_leg,-2.591826915740967,-1.5931148529052734,0.9547572135925293
1773049080,795245172,world,cf231,-2.594454526901245,-1.5850402116775513,0.9692909717559814
1773049080,795245172,world,cf231_leg,-2.591705322265625,-1.5929350852966309,0.9546419382095337
1773049080,800200762,world,cf231,-2.594418525695801,-1.5849738121032715,0.9692442417144775
1773049080,800200762,world,cf231_leg,-2.5917811393737793,-1.5929381847381592,0.954666256904602
1773049080,805191014,world,cf231,-2.5945656299591064,-1.5850578546524048,0.9691948890686035
1773049080,805191014,world,cf231_leg,-2.591731071472168,-1.5929888486862183,0.9545102119445801
1773049080,810502269,world,cf231,-2.594726085662842,-1.5851504802703857,0.9692766666412354
1773049080,810502269,world,cf231_leg,-2.5918517112731934,-1.5929030179977417,0.9546175003051758
1773049080,815216741,world,cf231,-2.594550609588623,-1.5850671529769897,0.9691762924194336
1773049080,815216741,world,cf231_leg,-2.591813564300537,-1.592958688735962,0.9545814990997314
1773049080,820228410,world,cf231,-2.594463348388672,-1.5851116180419922,0.9692023992538452
1773049080,820228410,world,cf231_leg,-2.591918468475342,-1.5928879976272583,0.9544219970703125
1773049080,825188867,world,cf231,-2.594515323638916,-1.5850049257278442,0.9691448211669922
1773049080,825188867,world,cf231_leg,-2.5919342041015625,-1.592930793762207,0.9544134140014648
1773049080,830275951,world,cf231,-2.5946614742279053,-1.5850908756256104,0.9691176414489746
1773049080,830275951,world,cf231_leg,-2.591892957687378,-1.5929005146026611,0.954322338104248
1773049080,835382739,world,cf231,-2.5946972370147705,-1.5851536989212036,0.9691470861434937
1773049080,835382739,world,cf231_leg,-2.5919792652130127,-1.5928500890731812,0.9542453289031982
1773049080,840289915,world,cf231,-2.5946223735809326,-1.585274338722229,0.9688559770584106
1773049080,840289915,world,cf231_leg,-2.592045307159424,-1.592941164970398,0.9542534351348877
1773049080,845236945,world,cf231,-2.5946009159088135,-1.5851980447769165,0.9688295125961304
1773049080,845236945,world,cf231_leg,-2.5919995307922363,-1.5929169654846191,0.9542381763458252
1773049080,850276873,world,cf231,-2.594649076461792,-1.585216760635376,0.9687979221343994
1773049080,850276873,world,cf231_leg,-2.5920724868774414,-1.592881441116333,0.9541658163070679
1773049080,855365206,world,cf231,-2.594768524169922,-1.5853674411773682,0.9688626527786255
1773049080,855365206,world,cf231_leg,-2.591996908187866,-1.5928789377212524,0.9541397094726562
1773049080,860124869,world,cf231,-2.5949184894561768,-1.5852928161621094,0.9687026739120483
1773049080,860124869,world,cf231_leg,-2.592167854309082,-1.5929481983184814,0.9541702270507812
1773049080,865128580,world,cf231,-2.5949044227600098,-1.5852965116500854,0.9686455726623535
1773049080,865128580,world,cf231_leg,-2.592191696166992,-1.592862606048584,0.9540627002716064
1773049080,870217311,world,cf231,-2.5949625968933105,-1.5854331254959106,0.9686813354492188
1773049080,870217311,world,cf231_leg,-2.5921056270599365,-1.592902660369873,0.9540785551071167
1773049080,875479917,world,cf231,-2.594912528991699,-1.5853736400604248,0.9685952663421631
1773049080,875479917,world,cf231_leg,-2.5922741889953613,-1.5929392576217651,0.9540406465530396
1773049080,880158281,world,cf231,-2.5950605869293213,-1.585497260093689,0.9686665534973145
1773049080,880158281,world,cf231_leg,-2.59222412109375,-1.5928804874420166,0.9539632797241211
1773049080,885349829,world,cf231,-2.595282554626465,-1.5855588912963867,0.9686176776885986
1773049080,885349829,world,cf231_leg,-2.592463254928589,-1.5930428504943848,0.9539951086044312
1773049080,890216421,world,cf231,-2.5952682495117188,-1.5855656862258911,0.9685789346694946
1773049080,890216421,world,cf231_leg,-2.5923924446105957,-1.5929170846939087,0.9539252519607544
1773049080,895083425,world,cf231,-2.5951740741729736,-1.585689663887024,0.9685015678405762
1773049080,895083425,world,cf231_leg,-2.592449903488159,-1.5930445194244385,0.9539244174957275
1773049080,900180115,world,cf231,-2.595200538635254,-1.585638403892517,0.9684803485870361
1773049080,900180115,world,cf231_leg,-2.5924878120422363,-1.5929450988769531,0.9538091421127319
1773049080,905284825,world,cf231,-2.595324754714966,-1.5856549739837646,0.9684615135192871
1773049080,905284825,world,cf231_leg,-2.5925493240356445,-1.5928341150283813,0.9538147449493408
1773049080,910161105,world,cf231,-2.5954577922821045,-1.5857558250427246,0.9684267044067383
1773049080,910161105,world,cf231_leg,-2.5925345420837402,-1.5929595232009888,0.9537613391876221
1773049080,915446877,world,cf231,-2.5955681800842285,-1.585762619972229,0.9682798385620117
1773049080,915446877,world,cf231_leg,-2.5927023887634277,-1.5931134223937988,0.9534865617752075
1773049080,920627385,world,cf231,-2.595541000366211,-1.5857741832733154,0.968180775642395
1773049080,920627385,world,cf231_leg,-2.5928149223327637,-1.5929466485977173,0.9538215398788452
1773049080,925503426,world,cf231,-2.5955145359039307,-1.5858221054077148,0.9681838750839233
1773049080,925503426,world,cf231_leg,-2.5927674770355225,-1.5931572914123535,0.9533309936523438
1773049080,930446327,world,cf231,-2.595512866973877,-1.585784912109375,0.9680838584899902
1773049080,930446327,world,cf231_leg,-2.5929336547851562,-1.592922329902649,0.9536893367767334
1773049080,936276055,world,cf231,-2.5955617427825928,-1.5857974290847778,0.9680150747299194
1773049080,936276055,world,cf231_leg,-2.5929453372955322,-1.5931499004364014,0.9532562494277954
1773049080,940449953,world,cf231,-2.59574818611145,-1.5858186483383179,0.9679701328277588
1773049080,940449953,world,cf231_leg,-2.5930001735687256,-1.5930801630020142,0.953260064125061
1773049080,945385263,world,cf231,-2.5957343578338623,-1.5858259201049805,0.9679299592971802
1773049080,945385263,world,cf231_leg,-2.593057155609131,-1.5930514335632324,0.9531723260879517
1773049080,950270502,world,cf231,-2.595729351043701,-1.5859140157699585,0.9678560495376587
1773049080,950270502,world,cf231_leg,-2.593071222305298,-1.5930454730987549,0.9532092809677124
1773049080,955875229,world,cf231,-2.595827102661133,-1.585975170135498,0.9678230285644531
1773049080,955875229,world,cf231_leg,-2.5932469367980957,-1.5931588411331177,0.9531382322311401
1773049080,961536626,world,cf231,-2.5958263874053955,-1.5859354734420776,0.9677027463912964
1773049080,961536626,world,cf231_leg,-2.5933585166931152,-1.5932211875915527,0.9531736373901367
1773049080,966015676,world,cf231,-2.5960135459899902,-1.5859673023223877,0.9677090644836426
1773049080,966015676,world,cf231_leg,-2.593440532684326,-1.5931414365768433,0.9530653953552246
1773049080,970211430,world,cf231,-2.5961122512817383,-1.5860259532928467,0.9676553010940552
1773049080,970211430,world,cf231_leg,-2.5935511589050293,-1.5932029485702515,0.9531036615371704
1773049080,975200824,world,cf231,-2.5960614681243896,-1.5859370231628418,0.9675015211105347
1773049080,975200824,world,cf231_leg,-2.5935630798339844,-1.5931565761566162,0.953026533126831
1773049080,980143458,world,cf231,-2.5960843563079834,-1.5859944820404053,0.96741783618927
1773049080,980143458,world,cf231_leg,-2.5936434268951416,-1.5931951999664307,0.9529060125350952
1773049080,985253508,world,cf231,-2.5960566997528076,-1.5860087871551514,0.9673380851745605
1773049080,985253508,world,cf231_leg,-2.5937788486480713,-1.5932104587554932,0.9529557228088379
1773049080,990171183,world,cf231,-2.596327304840088,-1.5861116647720337,0.9672906398773193
1773049080,990171183,world,cf231_leg,-2.5938260555267334,-1.593222975730896,0.9528903961181641
1773049080,995312745,world,cf231,-2.596475601196289,-1.586196780204773,0.9672380685806274
1773049080,995312745,world,cf231_leg,-2.593961238861084,-1.5932354927062988,0.9529255628585815
1773049081,1617764,world,cf231,-2.5964882373809814,-1.5861494541168213,0.9671589136123657
1773049081,1617764,world,cf231_leg,-2.5938615798950195,-1.5931236743927002,0.9527989625930786
1773049081,5541780,world,cf231,-2.596571207046509,-1.5862265825271606,0.9671424627304077
1773049081,5541780,world,cf231_leg,-2.594026803970337,-1.5932796001434326,0.9527695178985596
1773049081,10227114,world,cf231,-2.59666109085083,-1.5861849784851074,0.967107892036438
1773049081,10227114,world,cf231_leg,-2.593994140625,-1.593100666999817,0.9527511596679688
1773049081,15522647,world,cf231,-2.5968077182769775,-1.586277961730957,0.9671144485473633
1773049081,15522647,world,cf231_leg,-2.5940775871276855,-1.5931729078292847,0.9526956081390381
1773049081,20202687,world,cf231,-2.596930980682373,-1.5862613916397095,0.9670113325119019
1773049081,20202687,world,cf231_leg,-2.5942864418029785,-1.5931893587112427,0.9527766704559326
1773049081,25567694,world,cf231,-2.5970511436462402,-1.5864025354385376,0.9670207500457764
1773049081,25567694,world,cf231_leg,-2.594210147857666,-1.5931499004364014,0.9526480436325073
1773049081,30365471,world,cf231,-2.5970711708068848,-1.5864354372024536,0.9669102430343628
1773049081,30365471,world,cf231_leg,-2.594271183013916,-1.5931529998779297,0.9526071548461914
1773049081,35154321,world,cf231,-2.5971078872680664,-1.5864888429641724,0.9668844938278198
1773049081,35154321,world,cf231_leg,-2.5943779945373535,-1.593183159828186,0.9525971412658691
1773049081,40172581,world,cf231,-2.597270965576172,-1.5864132642745972,0.966801643371582
1773049081,40172581,world,cf231_leg,-2.5944039821624756,-1.5931276082992554,0.9525438547134399
1773049081,45318800,world,cf231,-2.5975632667541504,-1.5865956544876099,0.9667986631393433
1773049081,45318800,world,cf231_leg,-2.594573974609375,-1.5932066440582275,0.9526374340057373
1773049081,50406163,world,cf231,-2.5977983474731445,-1.586681604385376,0.9668785333633423
1773049081,50406163,world,cf231_leg,-2.594536304473877,-1.593104362487793,0.9524970054626465
1773049081,55481506,world,cf231,-2.597848415374756,-1.5867021083831787,0.9668418169021606
1773049081,55481506,world,cf231_leg,-2.5946714878082275,-1.5931198596954346,0.9525461196899414
1773049081,60163939,world,cf231,-2.597874164581299,-1.5866504907608032,0.9668219089508057
1773049081,60163939,world,cf231_leg,-2.5947184562683105,-1.5931344032287598,0.952498197555542
1773049081,65201199,world,cf231,-2.5980827808380127,-1.5867483615875244,0.9668017625808716
1773049081,65201199,world,cf231_leg,-2.594660997390747,-1.5930041074752808,0.9524846076965332
1773049081,70129528,world,cf231,-2.5984513759613037,-1.5869425535202026,0.9668803215026855
1773049081,70129528,world,cf231_leg,-2.5948646068573,-1.593102216720581,0.9524743556976318
1773049081,76618020,world,cf231,-2.5985279083251953,-1.5869441032409668,0.9669094085693359
1773049081,76618020,world,cf231_leg,-2.5949997901916504,-1.5931172370910645,0.9525249004364014
1773049081,80989313,world,cf231,-2.5986380577087402,-1.586977243423462,0.9669054746627808
1773049081,80989313,world,cf231_leg,-2.5950982570648193,-1.5930724143981934,0.9525667428970337
1773049081,85067164,world,cf231,-2.598677158355713,-1.586879014968872,0.9668046236038208
1773049081,85067164,world,cf231_leg,-2.5950710773468018,-1.5930830240249634,0.9524732828140259
1773049081,90161020,world,cf231,-2.5988917350769043,-1.5868964195251465,0.9668905735015869
1773049081,90161020,world,cf231_leg,-2.5951132774353027,-1.5929062366485596,0.9524829387664795
1773049081,95136050,world,cf231,-2.5991406440734863,-1.586936116218567,0.9668880701065063
1773049081,95136050,world,cf231_leg,-2.5953164100646973,-1.5930064916610718,0.9524896144866943
1773049081,100123903,world,cf231,-2.599501132965088,-1.587049961090088,0.9669985771179199
1773049081,100123903,world,cf231_leg,-2.5953941345214844,-1.5928889513015747,0.9525102376937866
1773049081,105402138,world,cf231,-2.5995280742645264,-1.5869957208633423,0.9669586420059204
1773049081,105402138,world,cf231_leg,-2.595465660095215,-1.5928573608398438,0.9524731636047363
1773049081,110236182,world,cf231,-2.5996382236480713,-1.5870224237442017,0.9669185876846313
1773049081,110236182,world,cf231_leg,-2.595576047897339,-1.5929185152053833,0.9525127410888672
1773049081,115098960,world,cf231,-2.59977650642395,-1.5870354175567627,0.9669567346572876
1773049081,115098960,world,cf231_leg,-2.5956270694732666,-1.5928094387054443,0.9524232149124146
1773049081,120199385,world,cf231,-2.6001715660095215,-1.5871750116348267,0.9669958353042603
1773049081,120199385,world,cf231_leg,-2.595677375793457,-1.5928550958633423,0.9524242877960205
1773049081,125245597,world,cf231,-2.6002511978149414,-1.5870184898376465,0.9669135808944702
1773049081,125245597,world,cf231_leg,-2.595930814743042,-1.5929102897644043,0.9526166915893555
1773049081,130555124,world,cf231,-2.6004250049591064,-1.5871003866195679,0.9670181274414062
1773049081,130555124,world,cf231_leg,-2.5959279537200928,-1.5927019119262695,0.9525630474090576
1773049081,136758950,world,cf231,-2.6003799438476562,-1.586923599243164,0.9669378995895386
1773049081,136758950,world,cf231_leg,-2.5960166454315186,-1.5928648710250854,0.9525713920593262
1773049081,140211594,world,cf231,-2.600517988204956,-1.5869330167770386,0.9669586420059204
1773049081,140211594,world,cf231_leg,-2.596059799194336,-1.5926835536956787,0.9525480270385742
1773049081,145327858,world,cf231,-2.6006484031677246,-1.5868754386901855,0.9670822620391846
1773049081,145327858,world,cf231_leg,-2.596179485321045,-1.5926653146743774,0.9524438381195068
1773049081,150126484,world,cf231,-2.6007778644561768,-1.5867680311203003,0.9670331478118896
1773049081,150126484,world,cf231_leg,-2.5961992740631104,-1.5925780534744263,0.9525703191757202
1773049081,155393315,world,cf231,-2.6009204387664795,-1.5866661071777344,0.9670970439910889
1773049081,155393315,world,cf231_leg,-2.596292734146118,-1.5924943685531616,0.9527448415756226
1773049081,160183365,world,cf231,-2.601015090942383,-1.586669683456421,0.966952919960022
1773049081,160183365,world,cf231_leg,-2.5963656902313232,-1.5924972295761108,0.952794075012207
1773049081,165256141,world,cf231,-2.6010751724243164,-1.5865199565887451,0.9671010971069336
1773049081,165256141,world,cf231_leg,-2.5964772701263428,-1.5924066305160522,0.9527566432952881
1773049081,170498147,world,cf231,-2.6011557579040527,-1.5863999128341675,0.9671205282211304
1773049081,170498147,world,cf231_leg,-2.5965561866760254,-1.5922901630401611,0.952774167060852
1773049081,175116089,world,cf231,-2.6013476848602295,-1.5863498449325562,0.9672372341156006
1773049081,175116089,world,cf231_leg,-2.596630096435547,-1.5923378467559814,0.9529708623886108
1773049081,180185373,world,cf231,-2.6016767024993896,-1.5862830877304077,0.9673252105712891
1773049081,180185373,world,cf231_leg,-2.596755027770996,-1.5922406911849976,0.9529725313186646
1773049081,185068949,world,cf231,-2.6016180515289307,-1.586116909980774,0.9672229290008545
1773049081,185068949,world,cf231_leg,-2.5968501567840576,-1.5921610593795776,0.953156590461731
1773049081,190306137,world,cf231,-2.601810932159424,-1.5861037969589233,0.9674403667449951
1773049081,190306137,world,cf231_leg,-2.5968689918518066,-1.5921881198883057,0.9530330896377563
1773049081,195148451,world,cf231,-2.6017305850982666,-1.5858644247055054,0.9673304557800293
1773049081,195148451,world,cf231_leg,-2.5968966484069824,-1.5920222997665405,0.9530375003814697
1773049081,200272445,world,cf231,-2.6020383834838867,-1.5857672691345215,0.9675495624542236
1773049081,200272445,world,cf231_leg,-2.5969035625457764,-1.5919368267059326,0.953093409538269
1773049081,205327933,world,cf231,-2.6021318435668945,-1.5856066942214966,0.9675254821777344
1773049081,205327933,world,cf231_leg,-2.5970113277435303,-1.5918552875518799,0.9533493518829346
1773049081,210305176,world,cf231,-2.6023595333099365,-1.5856200456619263,0.9676698446273804
1773049081,210305176,world,cf231_leg,-2.597107410430908,-1.5917694568634033,0.9532790184020996
1773049081,215675799,world,cf231,-2.6022439002990723,-1.5853605270385742,0.9676696062088013
1773049081,215675799,world,cf231_leg,-2.5970709323883057,-1.5917584896087646,0.9534521102905273
1773049081,220146642,world,cf231,-2.6023123264312744,-1.5852850675582886,0.9677486419677734
1773049081,220146642,world,cf231_leg,-2.5970652103424072,-1.5915275812149048,0.9533932209014893
1773049081,225351088,world,cf231,-2.6024680137634277,-1.5851786136627197,0.9678725004196167
1773049081,225351088,world,cf231_leg,-2.597188949584961,-1.5915874242782593,0.9535024166107178
1773049081,230155859,world,cf231,-2.6025748252868652,-1.58497154712677,0.9677674770355225
1773049081,230155859,world,cf231_leg,-2.5971519947052,-1.5915294885635376,0.9535107612609863
1773049081,235391450,world,cf231,-2.6026062965393066,-1.5848352909088135,0.9678388833999634
1773049081,235391450,world,cf231_leg,-2.5971601009368896,-1.5912894010543823,0.9534753561019897
1773049081,240266609,world,cf231,-2.602762460708618,-1.584722638130188,0.9679259061813354
1773049081,240266609,world,cf231_leg,-2.5972554683685303,-1.59136164188385,0.9535089731216431
1773049081,245244069,world,cf231,-2.6026430130004883,-1.5845853090286255,0.9679330587387085
1773049081,245244069,world,cf231_leg,-2.5972609519958496,-1.5912799835205078,0.953600287437439
1773049081,250269862,world,cf231,-2.6027379035949707,-1.5844618082046509,0.9680094718933105
1773049081,250269862,world,cf231_leg,-2.5972752571105957,-1.5911210775375366,0.9535645246505737
1773049081,255354290,world,cf231,-2.6028940677642822,-1.584349274635315,0.9680962562561035
1773049081,255354290,world,cf231_leg,-2.597193479537964,-1.5910426378250122,0.9535691738128662
1773049081,260207287,world,cf231,-2.6029624938964844,-1.584241509437561,0.9680887460708618
1773049081,260207287,world,cf231_leg,-2.5972719192504883,-1.5909255743026733,0.9535883665084839
1773049081,265290908,world,cf231,-2.6029725074768066,-1.5840390920639038,0.9681870937347412
1773049081,265290908,world,cf231_leg,-2.5972537994384766,-1.5907381772994995,0.9535918235778809
1773049081,270270961,world,cf231,-2.6029274463653564,-1.5838689804077148,0.9681426286697388
1773049081,270270961,world,cf231_leg,-2.597214460372925,-1.590797781944275,0.9535905122756958
1773049081,275286541,world,cf231,-2.6029038429260254,-1.5836378335952759,0.9682927131652832
1773049081,275286541,world,cf231_leg,-2.5973520278930664,-1.5906955003738403,0.9536503553390503
1773049081,280242269,world,cf231,-2.602858781814575,-1.5834643840789795,0.9682309627532959
1773049081,280242269,world,cf231_leg,-2.5972976684570312,-1.5906041860580444,0.9537322521209717
1773049081,285520078,world,cf231,-2.603060007095337,-1.5834863185882568,0.9682571887969971
1773049081,285520078,world,cf231_leg,-2.5973448753356934,-1.590621829032898,0.9536982774734497
1773049081,290177348,world,cf231,-2.6030163764953613,-1.5833462476730347,0.9682788848876953
1773049081,290177348,world,cf231_leg,-2.597243547439575,-1.5903569459915161,0.953727126121521
1773049081,295103190,world,cf231,-2.6028740406036377,-1.5830988883972168,0.968177318572998
1773049081,295103190,world,cf231_leg,-2.597282648086548,-1.5902996063232422,0.9537444114685059
1773049081,300087843,world,cf231,-2.602883815765381,-1.5829062461853027,0.968329668045044
1773049081,300087843,world,cf231_leg,-2.5971996784210205,-1.5902225971221924,0.9537680149078369
1773049081,305200529,world,cf231,-2.6027774810791016,-1.582754135131836,0.9683436155319214
1773049081,305200529,world,cf231_leg,-2.5971181392669678,-1.5899882316589355,0.9536852836608887
1773049081,310217926,world,cf231,-2.6029212474823,-1.5826499462127686,0.9683873653411865
1773049081,310217926,world,cf231_leg,-2.5972492694854736,-1.5901224613189697,0.9537450075149536
1773049081,315564014,world,cf231,-2.6028897762298584,-1.582465648651123,0.9683481454849243
1773049081,315564014,world,cf231_leg,-2.5972304344177246,-1.5899369716644287,0.9537661075592041
1773049081,320191218,world,cf231,-2.6028738021850586,-1.5823179483413696,0.96848464012146
1773049081,320191218,world,cf231_leg,-2.5971615314483643,-1.5898486375808716,0.9537967443466187
1773049081,325147428,world,cf231,-2.6026415824890137,-1.5821086168289185,0.9684001207351685
1773049081,325147428,world,cf231_leg,-2.5972092151641846,-1.5898691415786743,0.9537770748138428
1773049081,330200658,world,cf231,-2.602626085281372,-1.5819581747055054,0.9685174226760864
1773049081,330200658,world,cf231_leg,-2.5971298217773438,-1.5896728038787842,0.9537922143936157
1773049081,335249810,world,cf231,-2.6027138233184814,-1.5819246768951416,0.968542218208313
1773049081,335249810,world,cf231_leg,-2.597104072570801,-1.589726209640503,0.9538291692733765
1773049081,341683556,world,cf231,-2.6026837825775146,-1.5817673206329346,0.9685505628585815
1773049081,341683556,world,cf231_leg,-2.597087860107422,-1.5895789861679077,0.9539477825164795
1773049081,345156387,world,cf231,-2.602680206298828,-1.5815786123275757,0.9686448574066162
1773049081,345156387,world,cf231_leg,-2.597137928009033,-1.5894739627838135,0.9538925886154175
1773049081,350104966,world,cf231,-2.602632522583008,-1.5815606117248535,0.9686737060546875
1773049081,350104966,world,cf231_leg,-2.5970985889434814,-1.5895336866378784,0.9538909196853638
1773049081,355293101,world,cf231,-2.6024889945983887,-1.5813474655151367,0.9686813354492188
1773049081,355293101,world,cf231_leg,-2.5970804691314697,-1.589343547821045,0.9538794755935669
1773049081,360483620,world,cf231,-2.6024575233459473,-1.5811628103256226,0.9686428308486938
1773049081,360483620,world,cf231_leg,-2.596909523010254,-1.5892715454101562,0.9538339376449585
1773049081,365269747,world,cf231,-2.602341413497925,-1.5808994770050049,0.9686256647109985
1773049081,365269747,world,cf231_leg,-2.5970237255096436,-1.5892165899276733,0.9538789987564087
1773049081,370619767,world,cf231,-2.6022844314575195,-1.5807636976242065,0.9685877561569214
1773049081,370619767,world,cf231_leg,-2.5969626903533936,-1.5892080068588257,0.9538897275924683
1773049081,375671842,world,cf231,-2.6021997928619385,-1.580688238143921,0.9686270952224731
1773049081,375671842,world,cf231_leg,-2.596987247467041,-1.5891563892364502,0.953871488571167
1773049081,380296074,world,cf231,-2.6022017002105713,-1.5807257890701294,0.9687259197235107
1773049081,380296074,world,cf231_leg,-2.596968173980713,-1.5891237258911133,0.9539656639099121
1773049081,385079759,world,cf231,-2.602036237716675,-1.580413579940796,0.9686744213104248
1773049081,385079759,world,cf231_leg,-2.5968832969665527,-1.5890116691589355,0.9539049863815308
1773049081,390864013,world,cf231,-2.6021265983581543,-1.5804048776626587,0.9687250852584839
1773049081,390864013,world,cf231_leg,-2.5968611240386963,-1.5889453887939453,0.9539345502853394
1773049081,395283987,world,cf231,-2.6021389961242676,-1.5804028511047363,0.9688054323196411
1773049081,395283987,world,cf231_leg,-2.596891403198242,-1.5889712572097778,0.9541078805923462
1773049081,401534732,world,cf231,-2.6019580364227295,-1.580277919769287,0.9689258337020874
1773049081,401534732,world,cf231_leg,-2.5967788696289062,-1.5888665914535522,0.9539401531219482
1773049081,405334137,world,cf231,-2.6018242835998535,-1.5801435708999634,0.9688770771026611
1773049081,405334137,world,cf231_leg,-2.5968143939971924,-1.5889257192611694,0.9539512395858765
1773049081,410227283,world,cf231,-2.6017889976501465,-1.580120325088501,0.9689681529998779
1773049081,410227283,world,cf231_leg,-2.59677791595459,-1.5888710021972656,0.9539735317230225
1773049081,415379141,world,cf231,-2.601767063140869,-1.580053687095642,0.968996524810791
1773049081,415379141,world,cf231_leg,-2.596674680709839,-1.5887190103530884,0.9539594650268555
1773049081,420223991,world,cf231,-2.601682186126709,-1.5799421072006226,0.968932032585144
1773049081,420223991,world,cf231_leg,-2.59666109085083,-1.5887254476547241,0.9539206027984619
1773049081,425158199,world,cf231,-2.6015982627868652,-1.5798604488372803,0.9689340591430664
1773049081,425158199,world,cf231_leg,-2.596565008163452,-1.5886558294296265,0.9539022445678711
1773049081,430082331,world,cf231,-2.601304769515991,-1.5796403884887695,0.9688376188278198
1773049081,430082331,world,cf231_leg,-2.5966250896453857,-1.5886634588241577,0.9538949728012085
1773049081,435484038,world,cf231,-2.601318836212158,-1.579636812210083,0.968894362449646
1773049081,435484038,world,cf231_leg,-2.5966885089874268,-1.5887150764465332,0.9540137052536011
1773049081,440111284,world,cf231,-2.6012909412384033,-1.5796868801116943,0.9689191579818726
1773049081,440111284,world,cf231_leg,-2.5965893268585205,-1.5886037349700928,0.9538853168487549
1773049081,445118954,world,cf231,-2.601135730743408,-1.57948637008667,0.9688972234725952
1773049081,445118954,world,cf231_leg,-2.596468687057495,-1.5885798931121826,0.9538565874099731
1773049081,450077381,world,cf231,-2.6010515689849854,-1.5793583393096924,0.9687426090240479
1773049081,450077381,world,cf231_leg,-2.596494197845459,-1.5885292291641235,0.9538346529006958
1773049081,455181315,world,cf231,-2.6008780002593994,-1.579329013824463,0.9688302278518677
1773049081,455181315,world,cf231_leg,-2.596494674682617,-1.5885295867919922,0.9538336992263794
1773049081,460108210,world,cf231,-2.600900173187256,-1.5793925523757935,0.9687836170196533
1773049081,460108210,world,cf231_leg,-2.5963876247406006,-1.588502287864685,0.9538582563400269
1773049081,465169406,world,cf231,-2.6006417274475098,-1.5792417526245117,0.9687529802322388
1773049081,465169406,world,cf231_leg,-2.5963027477264404,-1.5883899927139282,0.9537980556488037
1773049081,470100283,world,cf231,-2.600663661956787,-1.5793049335479736,0.9687072038650513
1773049081,470100283,world,cf231_leg,-2.596254348754883,-1.5883301496505737,0.9536994695663452
1773049081,475277132,world,cf231,-2.600529670715332,-1.579167366027832,0.9686403274536133
1773049081,475277132,world,cf231_leg,-2.5963246822357178,-1.5884530544281006,0.9537549018859863
1773049081,480243496,world,cf231,-2.6003291606903076,-1.5791460275650024,0.9686110019683838
1773049081,480243496,world,cf231_leg,-2.596242666244507,-1.5883769989013672,0.9537749290466309
1773049081,485394076,world,cf231,-2.6001551151275635,-1.5790600776672363,0.9684896469116211
1773049081,485394076,world,cf231_leg,-2.596097469329834,-1.5882490873336792,0.9536770582199097
1773049081,490313768,world,cf231,-2.600158929824829,-1.5792913436889648,0.9685351848602295
1773049081,490313768,world,cf231_leg,-2.596059799194336,-1.588305115699768,0.9536397457122803
1773049081,495190723,world,cf231,-2.600216865539551,-1.5794312953948975,0.9685889482498169
1773049081,495190723,world,cf231_leg,-2.595928430557251,-1.5881733894348145,0.9535952806472778
1773049081,500134360,world,cf231,-2.6000826358795166,-1.5792863368988037,0.9684882164001465
1773049081,500134360,world,cf231_leg,-2.596057653427124,-1.5883055925369263,0.9536621570587158
1773049081,505277490,world,cf231,-2.6000373363494873,-1.5794625282287598,0.9684624671936035
1773049081,505277490,world,cf231_leg,-2.596041440963745,-1.5884324312210083,0.9536279439926147
1773049081,510129026,world,cf231,-2.5998501777648926,-1.5793979167938232,0.9683693647384644
1773049081,510129026,world,cf231_leg,-2.5959560871124268,-1.5883119106292725,0.9535235166549683
1773049081,515201208,world,cf231,-2.5997824668884277,-1.5795000791549683,0.9683382511138916
1773049081,515201208,world,cf231_leg,-2.59591007232666,-1.5882928371429443,0.9535380601882935
1773049081,520364348,world,cf231,-2.5997819900512695,-1.5794928073883057,0.9683046340942383
1773049081,520364348,world,cf231_leg,-2.5958974361419678,-1.588297724723816,0.9534804821014404
1773049081,525161306,world,cf231,-2.599754810333252,-1.579533338546753,0.9682745933532715
1773049081,525161306,world,cf231_leg,-2.5958571434020996,-1.588356375694275,0.9534823894500732
1773049081,530392335,world,cf231,-2.599625825881958,-1.5795987844467163,0.9681814908981323
1773049081,530392335,world,cf231_leg,-2.5957701206207275,-1.5883595943450928,0.9533950090408325
1773049081,535300787,world,cf231,-2.5994598865509033,-1.5796329975128174,0.9681482315063477
1773049081,535300787,world,cf231_leg,-2.5956978797912598,-1.5883880853652954,0.9534183740615845
1773049081,540403477,world,cf231,-2.5992722511291504,-1.5795611143112183,0.9680215120315552
1773049081,540403477,world,cf231_leg,-2.5957088470458984,-1.5883430242538452,0.9533605575561523
1773049081,545236247,world,cf231,-2.599241018295288,-1.5797302722930908,0.9680358171463013
1773049081,545236247,world,cf231_leg,-2.5956220626831055,-1.5883489847183228,0.9532878398895264
1773049081,550227442,world,cf231,-2.599177598953247,-1.5796645879745483,0.9678385257720947
1773049081,550227442,world,cf231_leg,-2.5955605506896973,-1.588339924812317,0.9533001184463501
1773049081,555188759,world,cf231,-2.5990757942199707,-1.5797256231307983,0.9678794145584106
1773049081,555188759,world,cf231_leg,-2.5955607891082764,-1.5883375406265259,0.9532843828201294
1773049081,560206344,world,cf231,-2.59901762008667,-1.5799251794815063,0.9678101539611816
1773049081,560206344,world,cf231_leg,-2.595475196838379,-1.5883779525756836,0.9532982110977173
1773049081,565340195,world,cf231,-2.598816156387329,-1.5798966884613037,0.9677468538284302
1773049081,565340195,world,cf231_leg,-2.5954818725585938,-1.5884513854980469,0.9532514810562134
1773049081,570348750,world,cf231,-2.598738670349121,-1.5798872709274292,0.9676851034164429
1773049081,570348750,world,cf231_leg,-2.5954549312591553,-1.5884597301483154,0.9531412124633789
1773049081,575374450,world,cf231,-2.5986502170562744,-1.5798845291137695,0.9675573110580444
1773049081,575374450,world,cf231_leg,-2.5952887535095215,-1.5884199142456055,0.9531412124633789
1773049081,580393367,world,cf231,-2.5985960960388184,-1.5799148082733154,0.9673922061920166
1773049081,580393367,world,cf231_leg,-2.595370054244995,-1.588500738143921,0.9531532526016235
1773049081,585269374,world,cf231,-2.598459243774414,-1.5799291133880615,0.9674004316329956
1773049081,585269374,world,cf231_leg,-2.595282554626465,-1.5885008573532104,0.9530521631240845
1773049081,590255216,world,cf231,-2.5983927249908447,-1.5800490379333496,0.9674547910690308
1773049081,590255216,world,cf231_leg,-2.5952937602996826,-1.5886504650115967,0.9532018899917603
1773049081,595345044,world,cf231,-2.59820556640625,-1.5799713134765625,0.9672901630401611
1773049081,595345044,world,cf231_leg,-2.59519624710083,-1.5885378122329712,0.9530537128448486
1773049081,600262318,world,cf231,-2.5982980728149414,-1.580166220664978,0.9673416614532471
1773049081,600262318,world,cf231_leg,-2.5950961112976074,-1.5885865688323975,0.953046441078186
1773049081,605315418,world,cf231,-2.598222255706787,-1.580161690711975,0.9672931432723999
1773049081,605315418,world,cf231_leg,-2.595022201538086,-1.5885800123214722,0.9529848098754883
1773049081,610186200,world,cf231,-2.5981264114379883,-1.5802490711212158,0.967113733291626
1773049081,610186200,world,cf231_leg,-2.5949976444244385,-1.588629126548767,0.9529880285263062
1773049081,615225594,world,cf231,-2.598029613494873,-1.5802112817764282,0.9671767950057983
1773049081,615225594,world,cf231_leg,-2.5949079990386963,-1.5886348485946655,0.9529407024383545
1773049081,620561515,world,cf231,-2.5978384017944336,-1.5802552700042725,0.9670215845108032
1773049081,620561515,world,cf231_leg,-2.5949695110321045,-1.5886411666870117,0.9529132843017578
1773049081,625335221,world,cf231,-2.5978384017944336,-1.580297589302063,0.9671621322631836
1773049081,625335221,world,cf231_leg,-2.59480881690979,-1.5886791944503784,0.9529000520706177
1773049081,630252577,world,cf231,-2.5978705883026123,-1.5804473161697388,0.9670940637588501
1773049081,630252577,world,cf231_leg,-2.5948338508605957,-1.5887839794158936,0.9529672861099243
1773049081,635302515,world,cf231,-2.597806453704834,-1.5803979635238647,0.9669867753982544
1773049081,635302515,world,cf231_leg,-2.5948524475097656,-1.588810920715332,0.9528439044952393
1773049081,640472348,world,cf231,-2.59767746925354,-1.5805284976959229,0.9670673608779907
1773049081,640472348,world,cf231_leg,-2.5947318077087402,-1.5887925624847412,0.9528449773788452
1773049081,645532510,world,cf231,-2.597587823867798,-1.5805350542068481,0.9669947624206543
1773049081,645532510,world,cf231_leg,-2.594775676727295,-1.588929295539856,0.9528201818466187
1773049081,650114115,world,cf231,-2.5975635051727295,-1.5805948972702026,0.9670456647872925
1773049081,650114115,world,cf231_leg,-2.5947399139404297,-1.5888621807098389,0.9527633190155029
1773049081,655240385,world,cf231,-2.5974714756011963,-1.5805888175964355,0.9669277667999268
1773049081,655240385,world,cf231_leg,-2.594736337661743,-1.5889865159988403,0.9528026580810547
1773049081,660783567,world,cf231,-2.597615957260132,-1.5808484554290771,0.9670776128768921
1773049081,660783567,world,cf231_leg,-2.594714879989624,-1.5889132022857666,0.9527838230133057
1773049081,665360385,world,cf231,-2.5974934101104736,-1.5808169841766357,0.9670015573501587
1773049081,665360385,world,cf231_leg,-2.5945773124694824,-1.5890183448791504,0.9527385234832764
1773049081,670112715,world,cf231,-2.5973522663116455,-1.5807983875274658,0.9669523239135742
1773049081,670112715,world,cf231_leg,-2.5944881439208984,-1.5890167951583862,0.952642560005188
1773049081,675260210,world,cf231,-2.5971028804779053,-1.5807511806488037,0.9669201374053955
1773049081,675260210,world,cf231_leg,-2.594571113586426,-1.5890939235687256,0.9526190757751465
1773049081,680240288,world,cf231,-2.597266435623169,-1.5810357332229614,0.9669276475906372
1773049081,680240288,world,cf231_leg,-2.594446897506714,-1.5891894102096558,0.952599048614502
1773049081,685448067,world,cf231,-2.597290277481079,-1.58110773563385,0.9669113159179688
1773049081,685448067,world,cf231_leg,-2.5945417881011963,-1.589227557182312,0.9525454044342041
1773049081,690463059,world,cf231,-2.597151041030884,-1.5810874700546265,0.9668387174606323
1773049081,690463059,world,cf231_leg,-2.594433307647705,-1.589193344116211,0.9525449275970459
1773049081,695219668,world,cf231,-2.597142219543457,-1.5813368558883667,0.9668954610824585
1773049081,695219668,world,cf231_leg,-2.5944390296936035,-1.5893914699554443,0.9525126218795776
1773049081,700269919,world,cf231,-2.5970253944396973,-1.5813905000686646,0.9668292999267578
1773049081,700269919,world,cf231_leg,-2.594499349594116,-1.5893937349319458,0.9524749517440796
1773049081,705280969,world,cf231,-2.5970840454101562,-1.5815110206604004,0.9667747020721436
1773049081,705280969,world,cf231_leg,-2.594386339187622,-1.589455246925354,0.9524562358856201
1773049081,710251430,world,cf231,-2.5970516204833984,-1.5816431045532227,0.9666883945465088
1773049081,710251430,world,cf231_leg,-2.594515562057495,-1.5897046327590942,0.9524902105331421
1773049081,715372520,world,cf231,-2.5970733165740967,-1.5817127227783203,0.9666792154312134
1773049081,715372520,world,cf231_leg,-2.594491720199585,-1.5895956754684448,0.9523887634277344
1773049081,720259129,world,cf231,-2.596858024597168,-1.5816948413848877,0.9665933847427368
1773049081,720259129,world,cf231_leg,-2.594400405883789,-1.5897150039672852,0.9522973299026489
1773049081,725769505,world,cf231,-2.5968902111053467,-1.5818732976913452,0.9665955305099487
1773049081,725769505,world,cf231_leg,-2.59454607963562,-1.5898431539535522,0.9523942470550537
1773049081,730326996,world,cf231,-2.596906900405884,-1.5820640325546265,0.9665977954864502
1773049081,730326996,world,cf231_leg,-2.594493865966797,-1.589905023574829,0.9523205757141113
1773049081,735536969,world,cf231,-2.5969512462615967,-1.5822010040283203,0.9665586948394775
1773049081,735536969,world,cf231_leg,-2.594416379928589,-1.5900177955627441,0.9522676467895508
1773049081,740180228,world,cf231,-2.5970444679260254,-1.5823899507522583,0.9665727615356445
1773049081,740180228,world,cf231_leg,-2.594515085220337,-1.5900936126708984,0.9520857334136963
1773049081,745141815,world,cf231,-2.5969319343566895,-1.5823184251785278,0.9664791822433472
1773049081,745141815,world,cf231_leg,-2.5944154262542725,-1.5901376008987427,0.9520463943481445
1773049081,750110971,world,cf231,-2.596797466278076,-1.5824980735778809,0.9663634300231934
1773049081,750110971,world,cf231_leg,-2.594405174255371,-1.5902961492538452,0.9518321752548218
1773049081,755228722,world,cf231,-2.5967655181884766,-1.5826764106750488,0.9664334058761597
1773049081,755228722,world,cf231_leg,-2.5944504737854004,-1.5901551246643066,0.9519234895706177
1773049081,760208009,world,cf231,-2.5967957973480225,-1.5828173160552979,0.9663364887237549
1773049081,760208009,world,cf231_leg,-2.59442400932312,-1.5904841423034668,0.9518271684646606
1773049081,765263141,world,cf231,-2.596893548965454,-1.5828557014465332,0.9662706851959229
1773049081,765263141,world,cf231_leg,-2.5946054458618164,-1.5905159711837769,0.9518464803695679
1773049081,770207682,world,cf231,-2.5968620777130127,-1.5830209255218506,0.9662691354751587
1773049081,770207682,world,cf231_leg,-2.5945043563842773,-1.5905201435089111,0.9516911506652832
1773049081,775202097,world,cf231,-2.5967540740966797,-1.5831458568572998,0.9661146402359009
1773049081,775202097,world,cf231_leg,-2.5945260524749756,-1.5905883312225342,0.9516792297363281
1773049081,780393330,world,cf231,-2.596784830093384,-1.583336353302002,0.9661920070648193
1773049081,780393330,world,cf231_leg,-2.5945093631744385,-1.5907121896743774,0.9516315460205078
1773049081,785206252,world,cf231,-2.596792459487915,-1.5834062099456787,0.9661078453063965
1773049081,785206252,world,cf231_leg,-2.5946059226989746,-1.5907824039459229,0.9516479969024658
1773049081,790292740,world,cf231,-2.5968735218048096,-1.5836987495422363,0.9657689332962036
1773049081,790292740,world,cf231_leg,-2.594620704650879,-1.590881109237671,0.9515738487243652
1773049081,795294889,world,cf231,-2.5968194007873535,-1.583754301071167,0.9656568765640259
1773049081,795294889,world,cf231_leg,-2.5945816040039062,-1.5907800197601318,0.9514532089233398
1773049081,800403081,world,cf231,-2.59684157371521,-1.5838245153427124,0.9656459093093872
1773049081,800403081,world,cf231_leg,-2.59454083442688,-1.5909532308578491,0.9514074325561523
1773049081,805376272,world,cf231,-2.5968995094299316,-1.5839576721191406,0.9656645059585571
1773049081,805376272,world,cf231_leg,-2.5947699546813965,-1.591156005859375,0.9514647722244263
1773049081,810329451,world,cf231,-2.596921682357788,-1.5840245485305786,0.9656360149383545
1773049081,810329451,world,cf231_leg,-2.5947067737579346,-1.5911070108413696,0.9513610601425171
1773049081,815434938,world,cf231,-2.597228527069092,-1.5841975212097168,0.965652346611023
1773049081,815434938,world,cf231_leg,-2.594750165939331,-1.5912408828735352,0.9513223171234131
1773049081,820240963,world,cf231,-2.597349166870117,-1.5843424797058105,0.9656785726547241
1773049081,820240963,world,cf231_leg,-2.5949220657348633,-1.5913112163543701,0.9513486623764038
1773049081,825466675,world,cf231,-2.59721040725708,-1.584326148033142,0.9656225442886353
1773049081,825466675,world,cf231_leg,-2.5949058532714844,-1.5914326906204224,0.9512848854064941
1773049081,830423462,world,cf231,-2.5973620414733887,-1.5846450328826904,0.9656367301940918
1773049081,830423462,world,cf231_leg,-2.594916820526123,-1.5913878679275513,0.9512264728546143
1773049081,835249220,world,cf231,-2.597348690032959,-1.584656000137329,0.9656133651733398
1773049081,835249220,world,cf231_leg,-2.5950465202331543,-1.5916348695755005,0.9512441158294678
1773049081,840389450,world,cf231,-2.5976033210754395,-1.5849286317825317,0.965652585029602
1773049081,840389450,world,cf231_leg,-2.594984769821167,-1.59158194065094,0.9511057138442993
1773049081,845736120,world,cf231,-2.597641706466675,-1.5848292112350464,0.9655547142028809
1773049081,845736120,world,cf231_leg,-2.5951662063598633,-1.5917153358459473,0.9510006904602051
1773049081,850391180,world,cf231,-2.5977730751037598,-1.5851969718933105,0.9652990102767944
1773049081,850391180,world,cf231_leg,-2.5951497554779053,-1.5916807651519775,0.950849175453186
1773049081,856710273,world,cf231,-2.597886323928833,-1.5853824615478516,0.9650994539260864
1773049081,856710273,world,cf231_leg,-2.5952041149139404,-1.5917284488677979,0.9506161212921143
1773049081,860216798,world,cf231,-2.5979278087615967,-1.5854154825210571,0.9646979570388794
1773049081,860216798,world,cf231_leg,-2.595285654067993,-1.591760277748108,0.9504461288452148
1773049081,865431693,world,cf231,-2.5980849266052246,-1.5856688022613525,0.9641762971878052
1773049081,865431693,world,cf231_leg,-2.5953922271728516,-1.59189772605896,0.9501370191574097
1773049081,870150357,world,cf231,-2.5981874465942383,-1.5856342315673828,0.9635416269302368
1773049081,870150357,world,cf231_leg,-2.5952799320220947,-1.5918546915054321,0.9495004415512085
1773049081,875185151,world,cf231,-2.5982041358947754,-1.5858185291290283,0.9628664255142212
1773049081,875185151,world,cf231_leg,-2.5953638553619385,-1.5920000076293945,0.94883131980896
1773049081,880234608,world,cf231,-2.5983657836914062,-1.5859606266021729,0.9623870849609375
1773049081,880234608,world,cf231_leg,-2.595379114151001,-1.592004418373108,0.9482007026672363
1773049081,885204413,world,cf231,-2.598402738571167,-1.5862065553665161,0.9616711139678955
1773049081,885204413,world,cf231_leg,-2.5954439640045166,-1.5920180082321167,0.9474669694900513
1773049081,890194788,world,cf231,-2.59852933883667,-1.5863902568817139,0.960814356803894
1773049081,890194788,world,cf231_leg,-2.5954174995422363,-1.5920358896255493,0.9466917514801025
1773049081,895217959,world,cf231,-2.598498821258545,-1.586548924446106,0.9593977928161621
1773049081,895217959,world,cf231_leg,-2.595393419265747,-1.5919455289840698,0.9457640647888184
1773049081,900298074,world,cf231,-2.5988197326660156,-1.5868512392044067,0.9585527181625366
1773049081,900298074,world,cf231_leg,-2.595263957977295,-1.591939091682434,0.9445724487304688
1773049081,905295555,world,cf231,-2.598825693130493,-1.5869680643081665,0.957273006439209
1773049081,905295555,world,cf231_leg,-2.5952608585357666,-1.591833472251892,0.9430619478225708
1773049081,910834519,world,cf231,-2.5990381240844727,-1.5872724056243896,0.9557979106903076
1773049081,910834519,world,cf231_leg,-2.595303535461426,-1.5920473337173462,0.941525936126709
1773049081,915292026,world,cf231,-2.5991158485412598,-1.587448000907898,0.9543834924697876
1773049081,915292026,world,cf231_leg,-2.5954091548919678,-1.5920042991638184,0.9403772354125977
1773049081,920173523,world,cf231,-2.5993688106536865,-1.5877829790115356,0.952582836151123
1773049081,920173523,world,cf231_leg,-2.5952937602996826,-1.5919004678726196,0.9381723403930664
1773049081,925268511,world,cf231,-2.599529266357422,-1.5879266262054443,0.9507464170455933
1773049081,925268511,world,cf231_leg,-2.5953989028930664,-1.591755986213684,0.9366418123245239
1773049081,930255242,world,cf231,-2.5994744300842285,-1.5880357027053833,0.9487330913543701
1773049081,930255242,world,cf231_leg,-2.595393657684326,-1.5918768644332886,0.9346094131469727
1773049081,935329125,world,cf231,-2.5992953777313232,-1.588260531425476,0.9465333223342896
1773049081,935329125,world,cf231_leg,-2.5954341888427734,-1.5918060541152954,0.9327703714370728
1773049081,940335466,world,cf231,-2.5995888710021973,-1.5885711908340454,0.9441156387329102
1773049081,940335466,world,cf231_leg,-2.5954248905181885,-1.5919512510299683,0.9301888942718506
1773049081,945265248,world,cf231,-2.5997581481933594,-1.588889479637146,0.9419173002243042
1773049081,945265248,world,cf231_leg,-2.595515012741089,-1.5919997692108154,0.9274483919143677
1773049081,950210895,world,cf231,-2.5998353958129883,-1.5890657901763916,0.9390428066253662
1773049081,950210895,world,cf231_leg,-2.595656394958496,-1.5918395519256592,0.9254745244979858
1773049081,955358430,world,cf231,-2.5999364852905273,-1.5893423557281494,0.9362202882766724
1773049081,955358430,world,cf231_leg,-2.595644235610962,-1.5918611288070679,0.9225015640258789
1773049081,961260135,world,cf231,-2.5998189449310303,-1.5895906686782837,0.9334375858306885
1773049081,961260135,world,cf231_leg,-2.5955443382263184,-1.5917246341705322,0.9193195104598999
1773049081,965357710,world,cf231,-2.599973201751709,-1.5898762941360474,0.9302562475204468
1773049081,965357710,world,cf231_leg,-2.595468282699585,-1.5917482376098633,0.9162192344665527
1773049081,970275185,world,cf231,-2.600050210952759,-1.5900861024856567,0.9268167018890381
1773049081,970275185,world,cf231_leg,-2.595592975616455,-1.591780185699463,0.9130343198776245
1773049081,975204684,world,cf231,-2.600221633911133,-1.5904715061187744,0.9233131408691406
1773049081,975204684,world,cf231_leg,-2.595301628112793,-1.591443419456482,0.9093317985534668
1773049081,980503754,world,cf231,-2.6002626419067383,-1.5907297134399414,0.9195265769958496
1773049081,980503754,world,cf231_leg,-2.5955185890197754,-1.5915672779083252,0.9058167934417725
1773049081,985386088,world,cf231,-2.6004786491394043,-1.591049313545227,0.9157321453094482
1773049081,985386088,world,cf231_leg,-2.5957181453704834,-1.591615080833435,0.9020098447799683
1773049081,990237085,world,cf231,-2.600503444671631,-1.5913548469543457,0.9116189479827881
1773049081,990237085,world,cf231_leg,-2.595555067062378,-1.591453194618225,0.8981078863143921
1773049081,995237741,world,cf231,-2.6004586219787598,-1.5917577743530273,0.9074547290802002
1773049081,995237741,world,cf231_leg,-2.5955443382263184,-1.5912786722183228,0.89393550157547
1773049082,164194,world,cf231,-2.600609302520752,-1.592195987701416,0.9030197858810425
1773049082,164194,world,cf231_leg,-2.59567928314209,-1.5911909341812134,0.8897227644920349
1773049082,5348747,world,cf231,-2.6008150577545166,-1.5925266742706299,0.8984955549240112
1773049082,5348747,world,cf231_leg,-2.595308303833008,-1.5909068584442139,0.8848481774330139
1773049082,10544538,world,cf231,-2.6007542610168457,-1.592781662940979,0.8937880992889404
1773049082,10544538,world,cf231_leg,-2.5956244468688965,-1.5910168886184692,0.8800792694091797
1773049082,16699011,world,cf231,-2.600794792175293,-1.5930556058883667,0.8885680437088013
1773049082,16699011,world,cf231_leg,-2.595668315887451,-1.5909463167190552,0.8753612637519836
1773049082,20290899,world,cf231,-2.600882053375244,-1.5932841300964355,0.8833804130554199
1773049082,20290899,world,cf231_leg,-2.5954484939575195,-1.5908554792404175,0.8698405027389526
1773049082,25226149,world,cf231,-2.600696563720703,-1.5936689376831055,0.8777753114700317
1773049082,25226149,world,cf231_leg,-2.5956461429595947,-1.5906405448913574,0.8648844361305237
1773049082,30342504,world,cf231,-2.6009907722473145,-1.5939970016479492,0.8725864887237549
1773049082,30342504,world,cf231_leg,-2.5953290462493896,-1.5903760194778442,0.8589330911636353
1773049082,35190750,world,cf231,-2.6008901596069336,-1.5943630933761597,0.8665144443511963
1773049082,35190750,world,cf231_leg,-2.59570050239563,-1.5904746055603027,0.8536551594734192
1773049082,40389419,world,cf231,-2.6010477542877197,-1.5947524309158325,0.8608723878860474
1773049082,40389419,world,cf231_leg,-2.595438241958618,-1.5903432369232178,0.847224771976471
1773049082,45358544,world,cf231,-2.6011154651641846,-1.5950716733932495,0.8544317483901978
1773049082,45358544,world,cf231_leg,-2.595698595046997,-1.5901985168457031,0.8417478203773499
1773049082,50252137,world,cf231,-2.6012885570526123,-1.5956652164459229,0.8484107255935669
1773049082,50252137,world,cf231_leg,-2.5952634811401367,-1.5896642208099365,0.8349634408950806
1773049082,55912204,world,cf231,-2.6011784076690674,-1.595827341079712,0.8416084051132202
1773049082,55912204,world,cf231_leg,-2.5956013202667236,-1.5899667739868164,0.8286059498786926
1773049082,60136968,world,cf231,-2.6013007164001465,-1.5962822437286377,0.8348263502120972
1773049082,60136968,world,cf231_leg,-2.595414400100708,-1.5897490978240967,0.8216208219528198
1773049082,65361569,world,cf231,-2.601376533508301,-1.5964808464050293,0.8280104398727417
1773049082,65361569,world,cf231_leg,-2.595309019088745,-1.5894064903259277,0.8145995140075684
1773049082,70297811,world,cf231,-2.601240873336792,-1.5967762470245361,0.8207626342773438
1773049082,70297811,world,cf231_leg,-2.595339775085449,-1.5892589092254639,0.8076184988021851
1773049082,76291115,world,cf231,-2.601369619369507,-1.5971204042434692,0.813217282295227
1773049082,76291115,world,cf231_leg,-2.5952255725860596,-1.5892398357391357,0.8002147078514099
1773049082,80246326,world,cf231,-2.6013221740722656,-1.5974966287612915,0.8056586980819702
1773049082,80246326,world,cf231_leg,-2.595444679260254,-1.5890089273452759,0.7927445769309998
1773049082,85219697,world,cf231,-2.6012914180755615,-1.5980110168457031,0.79813551902771
1773049082,85219697,world,cf231_leg,-2.5953993797302246,-1.588736891746521,0.7851918339729309
1773049082,91576104,world,cf231,-2.6014726161956787,-1.5984948873519897,0.7901921272277832
1773049082,91576104,world,cf231_leg,-2.595142364501953,-1.5886110067367554,0.7767294645309448
1773049082,95328207,world,cf231,-2.601226329803467,-1.5986521244049072,0.7818224430084229
1773049082,95328207,world,cf231_leg,-2.5953218936920166,-1.5884695053100586,0.7686151266098022
1773049082,100357277,world,cf231,-2.6012930870056152,-1.598946452140808,0.7733399868011475
1773049082,100357277,world,cf231_leg,-2.595217704772949,-1.5880982875823975,0.7604304552078247
1773049082,105377577,world,cf231,-2.6011948585510254,-1.5991530418395996,0.7647840976715088
1773049082,105377577,world,cf231_leg,-2.59529185295105,-1.5882072448730469,0.7518638968467712
1773049082,110352279,world,cf231,-2.601325035095215,-1.5997430086135864,0.7560865879058838
1773049082,110352279,world,cf231_leg,-2.5953094959259033,-1.5879331827163696,0.742821216583252
1773049082,115363127,world,cf231,-2.6012229919433594,-1.6002126932144165,0.7469016313552856
1773049082,115363127,world,cf231_leg,-2.595292568206787,-1.5877372026443481,0.7341444492340088
1773049082,120307817,world,cf231,-2.6011056900024414,-1.6002250909805298,0.7375116348266602
1773049082,120307817,world,cf231_leg,-2.595175266265869,-1.5877281427383423,0.7244752645492554
1773049082,125394395,world,cf231,-2.6010334491729736,-1.600486159324646,0.7280224561691284
1773049082,125394395,world,cf231_leg,-2.5953216552734375,-1.587473750114441,0.7153390645980835
1773049082,130299677,world,cf231,-2.6009294986724854,-1.600775122642517,0.7185027599334717
1773049082,130299677,world,cf231_leg,-2.5953400135040283,-1.5872371196746826,0.7056419253349304
1773049082,135264102,world,cf231,-2.600813388824463,-1.60142183303833,0.7085098028182983
1773049082,135264102,world,cf231_leg,-2.5954034328460693,-1.5872130393981934,0.6960449814796448
1773049082,140261955,world,cf231,-2.600754499435425,-1.6015526056289673,0.6983033418655396
1773049082,140261955,world,cf231_leg,-2.5952389240264893,-1.586854100227356,0.6855892539024353
1773049082,145246500,world,cf231,-2.6006293296813965,-1.6017520427703857,0.6881989240646362
1773049082,145246500,world,cf231_leg,-2.595299005508423,-1.5865710973739624,0.6758207082748413
1773049082,150080434,world,cf231,-2.6004292964935303,-1.6018896102905273,0.6772359609603882
1773049082,150080434,world,cf231_leg,-2.59539532661438,-1.5866097211837769,0.6650734543800354
1773049082,155218421,world,cf231,-2.6004557609558105,-1.6024610996246338,0.6668380498886108
1773049082,155218421,world,cf231_leg,-2.5952892303466797,-1.5862559080123901,0.6541712880134583
1773049082,160209434,world,cf231,-2.600362539291382,-1.6028367280960083,0.6559633016586304
1773049082,160209434,world,cf231_leg,-2.5954489707946777,-1.5862607955932617,0.6432102918624878
1773049082,165236216,world,cf231,-2.6000845432281494,-1.6027663946151733,0.6447558403015137
1773049082,165236216,world,cf231_leg,-2.59531569480896,-1.5859014987945557,0.6320390701293945
1773049082,170251494,world,cf231,-2.5999503135681152,-1.6030558347702026,0.6329553127288818
1773049082,170251494,world,cf231_leg,-2.5952675342559814,-1.5857415199279785,0.6204604506492615
1773049082,175224814,world,cf231,-2.5999131202697754,-1.6037590503692627,0.621711015701294
1773049082,175224814,world,cf231_leg,-2.5953009128570557,-1.5855293273925781,0.609099805355072
1773049082,180249546,world,cf231,-2.5997819900512695,-1.6037065982818604,0.6097782850265503
1773049082,180249546,world,cf231_leg,-2.59515643119812,-1.5850929021835327,0.5971342921257019
1773049082,185206889,world,cf231,-2.5995123386383057,-1.6038806438446045,0.5975164175033569
1773049082,185206889,world,cf231_leg,-2.595344066619873,-1.585202932357788,0.5853487253189087
1773049082,190180507,world,cf231,-2.5995538234710693,-1.6043097972869873,0.5856454372406006
1773049082,190180507,world,cf231_leg,-2.595066785812378,-1.5847139358520508,0.5727829933166504
1773049082,195248076,world,cf231,-2.5990376472473145,-1.6043689250946045,0.5729531049728394
1773049082,195248076,world,cf231_leg,-2.595280408859253,-1.5846691131591797,0.5605202913284302
1773049082,201940237,world,cf231,-2.599026679992676,-1.6044353246688843,0.5603518486022949
1773049082,201940237,world,cf231_leg,-2.5952091217041016,-1.5841857194900513,0.5478450655937195
1773049082,205777971,world,cf231,-2.598905324935913,-1.6047784090042114,0.5477166175842285
1773049082,205777971,world,cf231_leg,-2.595346212387085,-1.5842148065567017,0.5353024005889893
1773049082,210632584,world,cf231,-2.598653793334961,-1.6047457456588745,0.5345156192779541
1773049082,210632584,world,cf231_leg,-2.595362424850464,-1.5837833881378174,0.5220587849617004
1773049082,215065450,world,cf231,-2.598233461380005,-1.6048036813735962,0.5210906267166138
1773049082,215065450,world,cf231_leg,-2.595399856567383,-1.5836628675460815,0.5091223120689392
1773049082,220240601,world,cf231,-2.598134994506836,-1.6051682233810425,0.5076560974121094
1773049082,220240601,world,cf231_leg,-2.5954158306121826,-1.5834007263183594,0.49520233273506165
1773049082,225151518,world,cf231,-2.597590684890747,-1.6048550605773926,0.49356070160865784
1773049082,225151518,world,cf231_leg,-2.595365047454834,-1.5830883979797363,0.4814315736293793
1773049082,230346665,world,cf231,-2.597527265548706,-1.6051385402679443,0.4799914062023163
1773049082,230346665,world,cf231_leg,-2.5953383445739746,-1.5828076601028442,0.4674491584300995
1773049082,235120342,world,cf231,-2.5971121788024902,-1.60517156124115,0.4657175540924072
1773049082,235120342,world,cf231_leg,-2.5953803062438965,-1.5826219320297241,0.45336320996284485
1773049082,240257485,world,cf231,-2.596743106842041,-1.6050859689712524,0.4513425827026367
1773049082,240257485,world,cf231_leg,-2.5953962802886963,-1.5823453664779663,0.43908777832984924
1773049082,245222591,world,cf231,-2.596634864807129,-1.60555100440979,0.4370790123939514
1773049082,245222591,world,cf231_leg,-2.5954525470733643,-1.5821386575698853,0.42446640133857727
1773049082,250158284,world,cf231,-2.596019744873047,-1.6053763628005981,0.42195600271224976
1773049082,250158284,world,cf231_leg,-2.5956437587738037,-1.58183753490448,0.4097975790500641
1773049082,255175792,world,cf231,-2.59582257270813,-1.6055785417556763,0.4073675274848938
1773049082,255175792,world,cf231_leg,-2.5956857204437256,-1.5817005634307861,0.3947910964488983
1773049082,260729344,world,cf231,-2.595431327819824,-1.6056643724441528,0.3917824923992157
1773049082,260729344,world,cf231_leg,-2.595726251602173,-1.5813077688217163,0.3795720338821411
1773049082,265282395,world,cf231,-2.59494948387146,-1.6054718494415283,0.37645283341407776
1773049082,265282395,world,cf231_leg,-2.5958304405212402,-1.5811350345611572,0.36392349004745483
1773049082,270203585,world,cf231,-2.594893217086792,-1.6059409379959106,0.36126595735549927
1773049082,270203585,world,cf231_leg,-2.5958526134490967,-1.5807931423187256,0.3485764265060425
1773049082,275273082,world,cf231,-2.5942108631134033,-1.6055359840393066,0.34486138820648193
1773049082,275273082,world,cf231_leg,-2.5959279537200928,-1.5806183815002441,0.3326183557510376
1773049082,280321355,world,cf231,-2.5938780307769775,-1.6057071685791016,0.32903173565864563
1773049082,280321355,world,cf231_leg,-2.595838785171509,-1.5802217721939087,0.3167223036289215
1773049082,285496314,world,cf231,-2.5934767723083496,-1.6053962707519531,0.3128509223461151
1773049082,285496314,world,cf231_leg,-2.5960538387298584,-1.5802009105682373,0.3003145158290863
1773049082,291637230,world,cf231,-2.5930776596069336,-1.6057220697402954,0.2960871458053589
1773049082,291637230,world,cf231_leg,-2.595984935760498,-1.5795756578445435,0.2839650809764862
1773049082,295408446,world,cf231,-2.5925848484039307,-1.6055353879928589,0.2797003388404846
1773049082,295408446,world,cf231_leg,-2.596147298812866,-1.5795459747314453,0.2673693895339966
1773049082,300352930,world,cf231,-2.592272996902466,-1.6053898334503174,0.26283568143844604
1773049082,300352930,world,cf231_leg,-2.596263885498047,-1.5792086124420166,0.2502494752407074
1773049082,305421231,world,cf231,-2.591733932495117,-1.6053987741470337,0.2457730919122696
1773049082,305421231,world,cf231_leg,-2.596322536468506,-1.5790804624557495,0.23358750343322754
1773049082,310459031,world,cf231,-2.591179370880127,-1.6054515838623047,0.22793813049793243
1773049082,310459031,world,cf231_leg,-2.5963187217712402,-1.5787274837493896,0.21627670526504517
1773049082,316333244,world,cf231,-2.590766668319702,-1.6051912307739258,0.2109876573085785
1773049082,316333244,world,cf231_leg,-2.596201181411743,-1.5781753063201904,0.19840717315673828
1773049082,320402723,world,cf231,-2.590445041656494,-1.6051489114761353,0.19319316744804382
1773049082,320402723,world,cf231_leg,-2.5966885089874268,-1.5782779455184937,0.18106508255004883
1773049082,325326708,world,cf231,-2.5899360179901123,-1.6047595739364624,0.1755198836326599
1773049082,325326708,world,cf231_leg,-2.596567153930664,-1.5777398347854614,0.16317197680473328
1773049082,330513379,world,cf231,-2.5895044803619385,-1.60490882396698,0.157554030418396
1773049082,330513379,world,cf231_leg,-2.596696615219116,-1.57763671875,0.14509624242782593
1773049082,336639571,world,cf231,-2.5889317989349365,-1.6045383214950562,0.13887250423431396
1773049082,336639571,world,cf231_leg,-2.596609354019165,-1.5771114826202393,0.1266670823097229
1773049082,340279859,world,cf231,-2.588529109954834,-1.6045515537261963,0.12032957375049591
1773049082,340279859,world,cf231_leg,-2.5968785285949707,-1.576857566833496,0.10812947899103165
1773049082,345331682,world,cf231,-2.5880069732666016,-1.6042165756225586,0.10171552002429962
1773049082,345331682,world,cf231_leg,-2.5969834327697754,-1.5766854286193848,0.0893438532948494
1773049082,350473616,world,cf231,-2.5875608921051025,-1.6041462421417236,0.08286017179489136
1773049082,350473616,world,cf231_leg,-2.59680438041687,-1.576103925704956,0.07011859863996506
1773049082,355216264,world,cf231,-2.5870158672332764,-1.6037951707839966,0.06350814551115036
1773049082,355216264,world,cf231_leg,-2.5971248149871826,-1.5762646198272705,0.05129279941320419
1773049082,360578495,world,cf231,-2.5868380069732666,-1.6034460067749023,0.04760279878973961
1773049082,360578495,world,cf231_leg,-2.5971643924713135,-1.5758392810821533,0.031617648899555206
1773049082,366095742,world,cf231,-2.586671829223633,-1.602705717086792,0.043745316565036774
1773049082,366095742,world,cf231_leg,-2.5978710651397705,-1.5746275186538696,0.015542536973953247
1773049082,370362551,world,cf231,-2.5881710052490234,-1.601757526397705,0.04492564499378204
1773049082,370362551,world,cf231_leg,-2.6015236377716064,-1.570197582244873,0.01749613881111145
1773049082,376548363,world,cf231,-2.588346481323242,-1.6007572412490845,0.0458812490105629
1773049082,376548363,world,cf231_leg,-2.60689115524292,-1.5647375583648682,0.027635835111141205
1773049082,380147247,world,cf231,-2.5889759063720703,-1.5996460914611816,0.050312891602516174
1773049082,380147247,world,cf231_leg,-2.611626148223877,-1.5584081411361694,0.03572302311658859
1773049082,385555048,world,cf231,-2.590482711791992,-1.5968241691589355,0.05917658284306526
1773049082,385555048,world,cf231_leg,-2.616187810897827,-1.5524476766586304,0.04391903430223465
1773049082,390205580,world,cf231,-2.5920021533966064,-1.5948420763015747,0.0692824050784111
1773049082,390205580,world,cf231_leg,-2.620650291442871,-1.5466662645339966,0.05169222503900528
1773049082,396658021,world,cf231,-2.594020128250122,-1.59296715259552,0.07827799767255783
1773049082,396658021,world,cf231_leg,-2.624833822250366,-1.5405025482177734,0.0591035857796669
1773049082,400302129,world,cf231,-2.5963921546936035,-1.5913233757019043,0.08775460720062256
1773049082,400302129,world,cf231_leg,-2.6297757625579834,-1.5350220203399658,0.06669101864099503
1773049082,405580018,world,cf231,-2.5987446308135986,-1.5894804000854492,0.09610600024461746
1773049082,405580018,world,cf231_leg,-2.6347131729125977,-1.5293363332748413,0.07369054108858109
1773049082,410457860,world,cf231,-2.6015431880950928,-1.588014841079712,0.10556499660015106
1773049082,410457860,world,cf231_leg,-2.6390390396118164,-1.5233763456344604,0.07993102818727493
1773049082,415473799,world,cf231,-2.603659152984619,-1.585869312286377,0.1144019290804863
1773049082,415473799,world,cf231_leg,-2.643571615219116,-1.5179479122161865,0.0863298550248146
1773049082,420274428,world,cf231,-2.605509042739868,-1.5833977460861206,0.12293310463428497
1773049082,420274428,world,cf231_leg,-2.6479005813598633,-1.5119783878326416,0.09252699464559555
1773049082,425318795,world,cf231,-2.607462167739868,-1.5810093879699707,0.131137415766716
1773049082,425318795,world,cf231_leg,-2.652113914489746,-1.5061657428741455,0.09771346300840378
1773049082,430249467,world,cf231,-2.6093523502349854,-1.5785046815872192,0.13904953002929688
1773049082,430249467,world,cf231_leg,-2.6577117443084717,-1.5005784034729004,0.1050073429942131
1773049082,435349305,world,cf231,-2.6117124557495117,-1.576338768005371,0.14754845201969147
1773049082,435349305,world,cf231_leg,-2.661168098449707,-1.4947673082351685,0.10887786000967026
1773049082,440400073,world,cf231,-2.6141650676727295,-1.5740092992782593,0.1555139124393463
1773049082,440400073,world,cf231_leg,-2.6661858558654785,-1.4894309043884277,0.11444798856973648
1773049082,446722171,world,cf231,-2.6164519786834717,-1.5715394020080566,0.163496732711792
1773049082,446722171,world,cf231_leg,-2.6710500717163086,-1.4835551977157593,0.12001843005418777
1773049082,450614817,world,cf231,-2.618851900100708,-1.569125771522522,0.17100025713443756
1773049082,450614817,world,cf231_leg,-2.6743252277374268,-1.478209376335144,0.12331578880548477
1773049082,455363661,world,cf231,-2.6213181018829346,-1.5663474798202515,0.17841055989265442
1773049082,455363661,world,cf231_leg,-2.680833578109741,-1.4726836681365967,0.12912943959236145
1773049082,460738606,world,cf231,-2.623900890350342,-1.5641000270843506,0.18634626269340515
1773049082,460738606,world,cf231_leg,-2.6853525638580322,-1.466966152191162,0.1334274411201477
1773049082,465752396,world,cf231,-2.6261532306671143,-1.5609837770462036,0.1932230293750763
1773049082,465752396,world,cf231_leg,-2.6878421306610107,-1.4616280794143677,0.13544392585754395
1773049082,479630207,world,cf231,-2.6285486221313477,-1.557896375656128,0.19991855323314667
1773049082,479630207,world,cf231_leg,-2.6913561820983887,-1.4556894302368164,0.13808003067970276
1773049082,485342375,world,cf231,-2.636148452758789,-1.5489999055862427,0.2201780527830124
1773049082,485342375,world,cf231_leg,-2.7043473720550537,-1.4394279718399048,0.1470106840133667
1773049082,490420968,world,cf231,-2.638867139816284,-1.545863151550293,0.22634604573249817
1773049082,490420968,world,cf231_leg,-2.708895683288574,-1.4340623617172241,0.1492365300655365
1773049082,498098872,world,cf231,-2.6415364742279053,-1.5425670146942139,0.2326984852552414
1773049082,498098872,world,cf231_leg,-2.7132599353790283,-1.4286783933639526,0.15213081240653992
1773049082,500339434,world,cf231,-2.6442487239837646,-1.5391972064971924,0.23868033289909363
1773049082,500339434,world,cf231_leg,-2.718097686767578,-1.4235903024673462,0.1542641818523407
1773049082,505389788,world,cf231,-2.647343635559082,-1.536149263381958,0.2445807009935379
1773049082,505389788,world,cf231_leg,-2.722034215927124,-1.418109655380249,0.15556329488754272
1773049082,510223912,world,cf231,-2.6503467559814453,-1.5325579643249512,0.25045841932296753
1773049082,510223912,world,cf231_leg,-2.7268974781036377,-1.4131759405136108,0.15736767649650574
1773049082,515230033,world,cf231,-2.653116464614868,-1.528835415840149,0.2557641863822937
1773049082,515230033,world,cf231_leg,-2.730825424194336,-1.40746009349823,0.1583372950553894
1773049082,520251496,world,cf231,-2.656035900115967,-1.524971842765808,0.26076850295066833
1773049082,520251496,world,cf231_leg,-2.7356138229370117,-1.4024927616119385,0.15986105799674988
1773049082,525561999,world,cf231,-2.6591265201568604,-1.5211811065673828,0.2657550573348999
1773049082,525561999,world,cf231_leg,-2.7396483421325684,-1.3970340490341187,0.1604677140712738
1773049082,530257275,world,cf231,-2.6623775959014893,-1.5171791315078735,0.27076396346092224
1773049082,530257275,world,cf231_leg,-2.7442400455474854,-1.3920173645019531,0.1612534523010254
1773049082,535345048,world,cf231,-2.665564775466919,-1.5131075382232666,0.2752019762992859
1773049082,535345048,world,cf231_leg,-2.7485251426696777,-1.3868408203125,0.1614304482936859
1773049082,540464292,world,cf231,-2.668689489364624,-1.5090794563293457,0.2795184552669525
1773049082,540464292,world,cf231_leg,-2.752917766571045,-1.3814550638198853,0.16136953234672546
1773049082,545354704,world,cf231,-2.6721370220184326,-1.504899501800537,0.2841150760650635
1773049082,545354704,world,cf231_leg,-2.757288694381714,-1.3766149282455444,0.16165944933891296
1773049082,550320895,world,cf231,-2.6753554344177246,-1.5005916357040405,0.2879016101360321
1773049082,550320895,world,cf231_leg,-2.7616758346557617,-1.3716198205947876,0.1612282693386078
1773049082,556757649,world,cf231,-2.6789064407348633,-1.4962100982666016,0.29193949699401855
1773049082,556757649,world,cf231_leg,-2.7661490440368652,-1.3666808605194092,0.1606035828590393
1773049082,560282752,world,cf231,-2.6823763847351074,-1.4918591976165771,0.2952479124069214
1773049082,560282752,world,cf231_leg,-2.770550489425659,-1.3617902994155884,0.16006377339363098
1773049082,565253443,world,cf231,-2.6860344409942627,-1.4872363805770874,0.29885223507881165
1773049082,565253443,world,cf231_leg,-2.7748117446899414,-1.3567860126495361,0.15852519869804382
1773049082,570753491,world,cf231,-2.689379930496216,-1.4823955297470093,0.30123811960220337
1773049082,570753491,world,cf231_leg,-2.779243230819702,-1.3520116806030273,0.15755695104599
1773049082,576710203,world,cf231,-2.6930322647094727,-1.477508306503296,0.30448687076568604
1773049082,576710203,world,cf231_leg,-2.783255100250244,-1.3469479084014893,0.15567833185195923
1773049082,580292588,world,cf231,-2.696826219558716,-1.4728001356124878,0.30703482031822205
1773049082,580292588,world,cf231_leg,-2.7875828742980957,-1.3421835899353027,0.15424737334251404
1773049082,585233656,world,cf231,-2.7007017135620117,-1.4678614139556885,0.30938056111335754
1773049082,585233656,world,cf231_leg,-2.7917726039886475,-1.3375056982040405,0.15202778577804565
1773049082,595483633,world,cf231,-2.704414129257202,-1.4624905586242676,0.31147006154060364
1773049082,595483633,world,cf231_leg,-2.795966148376465,-1.3326776027679443,0.1496274173259735
1773049082,600230310,world,cf231,-2.712353229522705,-1.452095866203308,0.3147377371788025
1773049082,605237457,world,cf231,-2.7163243293762207,-1.446850061416626,0.316053569316864
1773049082,610417846,world,cf231,-2.7203896045684814,-1.441308617591858,0.316927969455719
1773049082,616179109,world,cf231,-2.724667549133301,-1.4358898401260376,0.31776338815689087
1773049082,620377744,world,cf231,-2.728698253631592,-1.4301100969314575,0.3181420862674713
1773049082,625592770,world,cf231,-2.7330987453460693,-1.424548864364624,0.3184698224067688
1773049082,630329031,world,cf231,-2.7372937202453613,-1.4184303283691406,0.3184916079044342
1773049082,635761059,world,cf231,-2.741702079772949,-1.4124720096588135,0.3182632029056549
1773049082,640318483,world,cf231,-2.7461588382720947,-1.4066416025161743,0.31782305240631104
1773049082,645195847,world,cf231,-2.7506296634674072,-1.4003632068634033,0.3165700137615204
1773049082,650235135,world,cf231,-2.7551345825195312,-1.3942445516586304,0.3153322637081146
1773049082,655946991,world,cf231,-2.759694814682007,-1.3879610300064087,0.3139919340610504
1773049082,661741462,world,cf231,-2.7643842697143555,-1.381717562675476,0.3121187090873718
1773049082,665334388,world,cf231,-2.7690160274505615,-1.3750762939453125,0.3101697266101837
1773049082,671395866,world,cf231,-2.773850679397583,-1.3685773611068726,0.307636022567749
1773049082,677646900,world,cf231,-2.778548002243042,-1.3618298768997192,0.30492109060287476
1773049082,680209914,world,cf231,-2.783507823944092,-1.355315089225769,0.30178773403167725
1773049082,685967831,world,cf231,-2.7884743213653564,-1.3485639095306396,0.29889798164367676
1773049082,690356329,world,cf231,-2.793269157409668,-1.3417325019836426,0.2948947548866272
1773049082,695233851,world,cf231,-2.7983574867248535,-1.3348109722137451,0.2911175489425659
1773049082,700351272,world,cf231,-2.803459882736206,-1.32794988155365,0.2870641350746155
1773049082,705985378,world,cf231,-2.8084778785705566,-1.3207616806030273,0.28262633085250854
1773049082,710642242,world,cf231,-2.8146891593933105,-1.3151826858520508,0.2789512872695923
1773049082,715454348,world,cf231,-2.8200571537017822,-1.3083248138427734,0.2739250659942627
1773049082,715454348,world,cf231_leg,-2.892677068710327,-1.2212347984313965,0.014188021421432495
1773049082,720669816,world,cf231,-2.82417631149292,-1.2996070384979248,0.2674134373664856
1773049082,720669816,world,cf231_leg,-2.8929026126861572,-1.21619713306427,0.0028387829661369324
1773049082,725619501,world,cf231,-2.8294448852539062,-1.2922850847244263,0.2616496980190277
1773049082,730315967,world,cf231,-2.8359904289245605,-1.2866408824920654,0.256758451461792
1773049082,730315967,world,cf231_leg,-2.8999576568603516,-1.2068281173706055,-0.014583289623260498
1773049082,735409694,world,cf231,-2.841275930404663,-1.279128074645996,0.24999086558818817
1773049082,735409694,world,cf231_leg,-2.9073269367218018,-1.203424334526062,-0.02141079306602478
1773049082,740346933,world,cf231,-2.846652030944824,-1.271793007850647,0.24359409511089325
1773049082,745459204,world,cf231,-2.851017951965332,-1.262813687324524,0.23560455441474915
1773049082,750411505,world,cf231,-2.8575823307037354,-1.2571171522140503,0.22907502949237823
1773049082,755306501,world,cf231,-2.863037109375,-1.2495391368865967,0.2213461548089981
1773049082,755306501,world,cf231_leg,-2.917310953140259,-1.1849861145019531,-0.06323394179344177
1773049082,761654808,world,cf231,-2.8687710762023926,-1.2420408725738525,0.21345289051532745
1773049082,765382353,world,cf231,-2.8742716312408447,-1.2345985174179077,0.2050853669643402
1773049082,770403233,world,cf231,-2.8797407150268555,-1.2270588874816895,0.19634875655174255
1773049082,777680157,world,cf231,-2.885526180267334,-1.219297170639038,0.18735872209072113
1773049082,780218532,world,cf231,-2.891024589538574,-1.2117424011230469,0.17756080627441406
1773049082,785257475,world,cf231,-2.8968429565429688,-1.2041085958480835,0.1682979166507721
1773049082,790306154,world,cf231,-2.9022388458251953,-1.1964375972747803,0.15813757479190826
1773049082,795340928,world,cf231,-2.9084279537200928,-1.1864439249038696,0.15002211928367615
1773049082,800333469,world,cf231,-2.9180243015289307,-1.1674078702926636,0.15094557404518127
1773049082,805413960,world,cf231,-2.9442861080169678,-1.1595251560211182,0.15757536888122559
1773049082,810721409,world,cf231,-2.9635298252105713,-1.1484695672988892,0.15957696735858917
1773049082,815486048,world,cf231,-2.974714756011963,-1.1379882097244263,0.16147127747535706
1773049082,820362847,world,cf231,-2.9905338287353516,-1.128066062927246,0.1611652821302414
1773049082,825415070,world,cf231,-3.007571220397949,-1.1193087100982666,0.1595228910446167
1773049082,830334363,world,cf231,-3.0223870277404785,-1.110040307044983,0.15468373894691467
1773049082,836726225,world,cf231,-3.036963939666748,-1.1027681827545166,0.15053197741508484
1773049082,840259419,world,cf231,-3.0492992401123047,-1.093644142150879,0.14276480674743652
1773049082,845331300,world,cf231,-3.060729742050171,-1.0866913795471191,0.13675707578659058
1773049082,850414770,world,cf231,-3.0709800720214844,-1.0792961120605469,0.1273934692144394
1773049082,855361087,world,cf231,-3.081156015396118,-1.0739197731018066,0.11783087253570557
1773049082,860187320,world,cf231,-3.089461326599121,-1.068749189376831,0.10695149004459381
1773049082,865301701,world,cf231,-3.0963542461395264,-1.063475489616394,0.09497404098510742
1773049082,870390867,world,cf231,-3.1028690338134766,-1.0617790222167969,0.08424529433250427
1773049082,875643150,world,cf231,-3.1074931621551514,-1.0580058097839355,0.07141351699829102
1773049082,880126955,world,cf231,-3.1106417179107666,-1.0554991960525513,0.05941205471754074
1773049082,885417351,world,cf231,-3.112856388092041,-1.0546882152557373,0.04800308868288994
1773049082,885417351,world,cf231_leg,-2.9982945919036865,-1.114668607711792,-0.0660056620836258
1773049082,890391110,world,cf231,-3.113203287124634,-1.0529061555862427,0.03518925607204437
1773049082,890391110,world,cf231_leg,-3.0038650035858154,-1.1100865602493286,-0.06338217109441757
1773049082,895663723,world,cf231,-3.113135814666748,-1.053583025932312,0.02560274302959442
1773049082,895663723,world,cf231_leg,-3.0096945762634277,-1.1061978340148926,-0.06089261174201965
1773049082,900245151,world,cf231,-3.1161859035491943,-1.0500056743621826,0.025779344141483307
1773049082,900245151,world,cf231_leg,-3.014561176300049,-1.1041960716247559,-0.05821855366230011
1773049082,905332883,world,cf231,-3.1211941242218018,-1.0465812683105469,0.03215496242046356
1773049082,905332883,world,cf231_leg,-3.017268657684326,-1.102641224861145,-0.055406298488378525
1773049082,910542521,world,cf231,-3.125058650970459,-1.0480550527572632,0.03167835623025894
1773049082,910542521,world,cf231_leg,-3.0190024375915527,-1.0993841886520386,-0.05589955672621727
1773049082,915379708,world,cf231,-3.129270315170288,-1.0467029809951782,0.034147851169109344
1773049082,915379708,world,cf231_leg,-3.0223591327667236,-1.0981504917144775,-0.05376468226313591
1773049082,920458232,world,cf231,-3.1349973678588867,-1.0435773134231567,0.04020414128899574
1773049082,920458232,world,cf231_leg,-3.0255463123321533,-1.0967860221862793,-0.05269025266170502
1773049082,925372618,world,cf231,-3.1398544311523438,-1.041169285774231,0.04527823254466057
1773049082,925372618,world,cf231_leg,-3.029470443725586,-1.0961854457855225,-0.05086386576294899
1773049082,930460022,world,cf231,-3.144589900970459,-1.0391392707824707,0.04850751906633377
1773049082,935545028,world,cf231,-3.1492395401000977,-1.0374467372894287,0.05111929029226303
1773049082,935545028,world,cf231_leg,-3.0356407165527344,-1.0894948244094849,-0.051107924431562424
1773049082,940375344,world,cf231,-3.153393030166626,-1.0360603332519531,0.052874643355607986
1773049082,940375344,world,cf231_leg,-3.038733720779419,-1.0879215002059937,-0.050568096339702606
1773049082,945484529,world,cf231,-3.157691717147827,-1.0344732999801636,0.05466071516275406
1773049082,945484529,world,cf231_leg,-3.0397393703460693,-1.0843573808670044,-0.05251409858465195
1773049082,950306229,world,cf231,-3.1620378494262695,-1.0328775644302368,0.05626652389764786
1773049082,950306229,world,cf231_leg,-3.0446691513061523,-1.0842825174331665,-0.051839593797922134
1773049082,955388696,world,cf231,-3.1667182445526123,-1.031378984451294,0.05838669091463089
1773049082,955388696,world,cf231_leg,-3.048133611679077,-1.0826009511947632,-0.05227011442184448
1773049082,960318973,world,cf231,-3.1714112758636475,-1.0298060178756714,0.06108967587351799
1773049082,960318973,world,cf231_leg,-3.0507595539093018,-1.0809248685836792,-0.05372758209705353
1773049082,965357735,world,cf231,-3.175863265991211,-1.0284744501113892,0.06270069628953934
1773049082,965357735,world,cf231_leg,-3.054292917251587,-1.0792521238327026,-0.05436967313289642
1773049082,970359137,world,cf231,-3.1802115440368652,-1.027090072631836,0.06385936588048935
1773049082,970359137,world,cf231_leg,-3.0575551986694336,-1.0773913860321045,-0.0556369423866272
1773049082,975374419,world,cf231,-3.184493064880371,-1.0258610248565674,0.06443934887647629
1773049082,975374419,world,cf231_leg,-3.0609586238861084,-1.075884222984314,-0.05721445754170418
1773049082,980389670,world,cf231,-3.1887145042419434,-1.02447509765625,0.06478185951709747
1773049082,980389670,world,cf231_leg,-3.064413070678711,-1.074479579925537,-0.0585223063826561
1773049082,985363181,world,cf231,-3.1931662559509277,-1.0232579708099365,0.06554333865642548
1773049082,985363181,world,cf231_leg,-3.0679776668548584,-1.072308897972107,-0.061335403472185135
1773049082,990544554,world,cf231,-3.197263240814209,-1.0221314430236816,0.06546945124864578
1773049082,990544554,world,cf231_leg,-3.071255683898926,-1.0711716413497925,-0.062332283705472946
1773049082,995334642,world,cf231,-3.201319694519043,-1.0211189985275269,0.06518822908401489
1773049082,995334642,world,cf231_leg,-3.0743160247802734,-1.067399501800537,-0.06590302288532257
1773049083,242028,world,cf231,-3.2054202556610107,-1.0202069282531738,0.06504513323307037
1773049083,5380196,world,cf231,-3.209700584411621,-1.0191969871520996,0.06393851339817047
1773049083,10351981,world,cf231,-3.213789701461792,-1.018249273300171,0.06323033571243286
1773049083,15237014,world,cf231,-3.217963457107544,-1.0173380374908447,0.062455710023641586
1773049083,20293878,world,cf231,-3.2220849990844727,-1.016479730606079,0.061265841126441956
1773049083,25372980,world,cf231,-3.225925922393799,-1.0157228708267212,0.05920149013400078
1773049083,30358430,world,cf231,-3.2297496795654297,-1.0149391889572144,0.056906893849372864
1773049083,30358430,world,cf231_leg,-3.0970828533172607,-1.0509353876113892,-0.09115582704544067
1773049083,35648142,world,cf231,-3.2338430881500244,-1.0140436887741089,0.05529649555683136
1773049083,40329782,world,cf231,-3.237527847290039,-1.013444185256958,0.05241728946566582
1773049083,40329782,world,cf231_leg,-3.103722333908081,-1.0467522144317627,-0.09965746849775314
1773049083,45374573,world,cf231,-3.241267681121826,-1.0128675699234009,0.04982537776231766
1773049083,50370434,world,cf231,-3.2433221340179443,-1.0134632587432861,0.045449189841747284
1773049083,50370434,world,cf231_leg,-3.108914613723755,-1.0445698499679565,-0.10136202722787857
1773049083,55480013,world,cf231,-3.2449944019317627,-1.014389991760254,0.03994813188910484
1773049083,60249861,world,cf231,-3.2461891174316406,-1.014767050743103,0.03482683748006821
1773049083,65321010,world,cf231,-3.246616840362549,-1.015007734298706,0.028663093224167824
1773049083,65321010,world,cf231_leg,-3.1147818565368652,-1.0429445505142212,-0.09617383033037186
1773049083,70226844,world,cf231,-3.2471439838409424,-1.0151441097259521,0.023209454491734505
1773049083,75381796,world,cf231,-3.247398853302002,-1.0156047344207764,0.017061661928892136
1773049083,75381796,world,cf231_leg,-3.1186606884002686,-1.0413874387741089,-0.09412504732608795
1773049083,81163056,world,cf231,-3.247382640838623,-1.0163661241531372,0.010868065059185028
1773049083,81163056,world,cf231_leg,-3.1199941635131836,-1.041416049003601,-0.09267785400152206
1773049083,85342866,world,cf231,-3.248400926589966,-1.0155609846115112,0.010614708065986633
1773049083,85342866,world,cf231_leg,-3.121753215789795,-1.0409162044525146,-0.09248262643814087
1773049083,90404287,world,cf231,-3.2499465942382812,-1.0135598182678223,0.011101745069026947
1773049083,90404287,world,cf231_leg,-3.1230967044830322,-1.040533185005188,-0.09267184883356094
1773049083,95191961,world,cf231,-3.2506983280181885,-1.0105223655700684,0.011128190904855728
1773049083,95191961,world,cf231_leg,-3.125178337097168,-1.0396684408187866,-0.09365739673376083
1773049083,100358767,world,cf231,-3.2511937618255615,-1.0074094533920288,0.010801766067743301
1773049083,100358767,world,cf231_leg,-3.126589298248291,-1.0396138429641724,-0.09437327086925507
1773049083,105248266,world,cf231,-3.252210855484009,-1.005018949508667,0.010541152209043503
1773049083,105248266,world,cf231_leg,-3.127864360809326,-1.0393006801605225,-0.0952959731221199
1773049083,110610604,world,cf231,-3.2533559799194336,-1.0029760599136353,0.010177850723266602
1773049083,110610604,world,cf231_leg,-3.1288390159606934,-1.0395805835723877,-0.09632310271263123
1773049083,115351780,world,cf231,-3.252945899963379,-1.0012019872665405,0.008991949260234833
1773049083,115351780,world,cf231_leg,-3.1305181980133057,-1.0391359329223633,-0.09664395451545715
1773049083,120331644,world,cf231,-3.25384521484375,-1.0012933015823364,0.009322032332420349
1773049083,120331644,world,cf231_leg,-3.130586862564087,-1.0396727323532104,-0.09632112085819244
1773049083,125364009,world,cf231,-3.2535698413848877,-1.0001025199890137,0.009054712951183319
1773049083,125364009,world,cf231_leg,-3.1323928833007812,-1.0407415628433228,-0.09543248265981674
1773049083,130436758,world,cf231,-3.2535040378570557,-0.9989421963691711,0.009130537509918213
1773049083,130436758,world,cf231_leg,-3.132230758666992,-1.0413765907287598,-0.09559931606054306
1773049083,135392411,world,cf231,-3.2534167766571045,-0.9975242018699646,0.009618084877729416
1773049083,135392411,world,cf231_leg,-3.1331353187561035,-1.0422687530517578,-0.09530213475227356
1773049083,140396548,world,cf231,-3.253263473510742,-0.9964578747749329,0.009486574679613113
1773049083,140396548,world,cf231_leg,-3.1349146366119385,-1.0431089401245117,-0.09521780908107758
1773049083,145526776,world,cf231,-3.2537200450897217,-0.9957882165908813,0.009752333164215088
1773049083,145526776,world,cf231_leg,-3.1356875896453857,-1.0438951253890991,-0.09549981355667114
1773049083,150548880,world,cf231,-3.253567934036255,-0.9950949549674988,0.009739186614751816
1773049083,150548880,world,cf231_leg,-3.1361331939697266,-1.0446078777313232,-0.09599480777978897
1773049083,155310117,world,cf231,-3.2528483867645264,-0.9935963153839111,0.009266078472137451
1773049083,155310117,world,cf231_leg,-3.136636972427368,-1.0450156927108765,-0.0960666835308075
1773049083,160431026,world,cf231,-3.252415657043457,-0.9923421740531921,0.009471174329519272
1773049083,160431026,world,cf231_leg,-3.136164665222168,-1.0450764894485474,-0.09669282287359238
1773049083,165273375,world,cf231,-3.2522711753845215,-0.9914376139640808,0.009567566215991974
1773049083,165273375,world,cf231_leg,-3.1367697715759277,-1.045581579208374,-0.09695592522621155
1773049083,171190193,world,cf231,-3.2523131370544434,-0.9906896352767944,0.010045316070318222
1773049083,171190193,world,cf231_leg,-3.1371071338653564,-1.046022653579712,-0.09757591784000397
1773049083,175409148,world,cf231,-3.2523183822631836,-0.9900751709938049,0.010359935462474823
1773049083,175409148,world,cf231_leg,-3.137805938720703,-1.0468237400054932,-0.09749603271484375
1773049083,180364319,world,cf231,-3.252164363861084,-0.9896156787872314,0.010326862335205078
1773049083,180364319,world,cf231_leg,-3.138200044631958,-1.0473672151565552,-0.09770040959119797
1773049083,185260900,world,cf231,-3.252007246017456,-0.9892860054969788,0.010234691202640533
1773049083,185260900,world,cf231_leg,-3.1385085582733154,-1.047998309135437,-0.09854964911937714
1773049083,190231708,world,cf231,-3.2518937587738037,-0.9889247417449951,0.010491319000720978
1773049083,190231708,world,cf231_leg,-3.138874053955078,-1.0487035512924194,-0.09888656437397003
1773049083,195472437,world,cf231,-3.251749277114868,-0.9887806177139282,0.010572943836450577
1773049083,195472437,world,cf231_leg,-3.1389777660369873,-1.049318790435791,-0.09978292882442474
1773049083,200364821,world,cf231,-3.2517192363739014,-0.9886564612388611,0.010609447956085205
1773049083,200364821,world,cf231_leg,-3.139408588409424,-1.0500222444534302,-0.09981472790241241
1773049083,205439743,world,cf231,-3.251706600189209,-0.9886366128921509,0.010529521852731705
1773049083,205439743,world,cf231_leg,-3.13991379737854,-1.0507352352142334,-0.09987760335206985
1773049083,210358876,world,cf231,-3.251828908920288,-0.9888339042663574,0.010629035532474518
1773049083,210358876,world,cf231_leg,-3.1403145790100098,-1.0514991283416748,-0.10023866593837738
1773049083,215389505,world,cf231,-3.251835584640503,-0.9888159036636353,0.010545328259468079
1773049083,215389505,world,cf231_leg,-3.1407723426818848,-1.0525147914886475,-0.10077868402004242
1773049083,220310012,world,cf231,-3.2520244121551514,-0.9889867901802063,0.010525137186050415
1773049083,220310012,world,cf231_leg,-3.1413791179656982,-1.05363929271698,-0.10157446563243866
1773049083,225391278,world,cf231,-3.2521488666534424,-0.9892001748085022,0.010539166629314423
1773049083,225391278,world,cf231_leg,-3.141921043395996,-1.0545507669448853,-0.10172581672668457
1773049083,230383119,world,cf231,-3.252129077911377,-0.9892280101776123,0.01048196479678154
1773049083,230383119,world,cf231_leg,-3.1423707008361816,-1.0553287267684937,-0.10223940014839172
1773049083,235638584,world,cf231,-3.2523272037506104,-0.9894831776618958,0.010564140975475311
1773049083,235638584,world,cf231_leg,-3.142852306365967,-1.0564758777618408,-0.10296030342578888
1773049083,240438748,world,cf231,-3.2523741722106934,-0.9896225333213806,0.010635215789079666
1773049083,240438748,world,cf231_leg,-3.1436917781829834,-1.0579543113708496,-0.10393871366977692
1773049083,245478354,world,cf231,-3.2525508403778076,-0.9892167448997498,0.010013274848461151
1773049083,245478354,world,cf231_leg,-3.1443588733673096,-1.0590181350708008,-0.10404996573925018
1773049083,250474645,world,cf231,-3.252753257751465,-0.989450991153717,0.010014530271291733
1773049083,250474645,world,cf231_leg,-3.1446282863616943,-1.0602658987045288,-0.10579527169466019
1773049083,255464267,world,cf231,-3.252861499786377,-0.9896680116653442,0.010050378739833832
1773049083,255464267,world,cf231_leg,-3.1453733444213867,-1.0613809823989868,-0.1065734475851059
1773049083,260347518,world,cf231,-3.253085136413574,-0.9899377226829529,0.010139815509319305
1773049083,260347518,world,cf231_leg,-3.146263599395752,-1.063101053237915,-0.10703177005052567
1773049083,265393803,world,cf231,-3.2532408237457275,-0.990229070186615,0.010108239948749542
1773049083,265393803,world,cf231_leg,-3.146782159805298,-1.0646014213562012,-0.10857412964105606
1773049083,270410505,world,cf231,-3.2534139156341553,-0.9904623627662659,0.010141894221305847
1773049083,270410505,world,cf231_leg,-3.1484062671661377,-1.066003441810608,-0.10936008393764496
1773049083,275383229,world,cf231,-3.253089666366577,-0.9900263547897339,0.009920049458742142
1773049083,275383229,world,cf231_leg,-3.1492726802825928,-1.0680153369903564,-0.11088558286428452
1773049083,280392740,world,cf231,-3.253239393234253,-0.9903430938720703,0.01025470346212387
1773049083,280392740,world,cf231_leg,-3.1502387523651123,-1.0695265531539917,-0.11233748495578766
1773049083,285410093,world,cf231,-3.2532570362091064,-0.9908239245414734,0.01068313792347908
1773049083,285410093,world,cf231_leg,-3.15071964263916,-1.0713084936141968,-0.11372674256563187
1773049083,291773722,world,cf231,-3.253291368484497,-0.9918314218521118,0.01113845407962799
1773049083,291773722,world,cf231_leg,-3.1504569053649902,-1.0721566677093506,-0.11352667957544327
1773049083,295398734,world,cf231,-3.2535452842712402,-0.9937444925308228,0.013094954192638397
1773049083,295398734,world,cf231_leg,-3.1491918563842773,-1.0722347497940063,-0.11362793296575546
1773049083,300414825,world,cf231,-3.253491163253784,-0.9947875142097473,0.014402434229850769
1773049083,300414825,world,cf231_leg,-3.148754119873047,-1.0729082822799683,-0.11312739551067352
1773049083,305351968,world,cf231,-3.25392746925354,-0.996171236038208,0.01566566526889801
1773049083,305351968,world,cf231_leg,-3.1484711170196533,-1.0738903284072876,-0.1127191036939621
1773049083,310446256,world,cf231,-3.2533984184265137,-0.9966869354248047,0.015781119465827942
1773049083,310446256,world,cf231_leg,-3.1481964588165283,-1.0747171640396118,-0.11230156570672989
1773049083,315375155,world,cf231,-3.2530319690704346,-0.9971674680709839,0.01631879433989525
1773049083,315375155,world,cf231_leg,-3.1478471755981445,-1.0754178762435913,-0.11230006814002991
1773049083,320406465,world,cf231,-3.2525665760040283,-0.9974616169929504,0.01635388284921646
1773049083,320406465,world,cf231_leg,-3.1473588943481445,-1.0762296915054321,-0.1133517473936081
1773049083,325281987,world,cf231,-3.253077745437622,-0.9982197284698486,0.016109395772218704
1773049083,325281987,world,cf231_leg,-3.1469764709472656,-1.0770989656448364,-0.1142427921295166
1773049083,330357493,world,cf231,-3.253131866455078,-0.9989768266677856,0.016257092356681824
1773049083,330357493,world,cf231_leg,-3.1469271183013916,-1.0779738426208496,-0.11410655826330185
1773049083,335573104,world,cf231,-3.2532057762145996,-0.9996129870414734,0.01677362248301506
1773049083,335573104,world,cf231_leg,-3.146688938140869,-1.078445553779602,-0.114151231944561
1773049083,340315354,world,cf231,-3.2530298233032227,-1.0003050565719604,0.01804347336292267
1773049083,340315354,world,cf231_leg,-3.146704912185669,-1.0788947343826294,-0.11381056159734726
1773049083,345209206,world,cf231,-3.253207206726074,-1.0007474422454834,0.018927406519651413
1773049083,345209206,world,cf231_leg,-3.1463570594787598,-1.078944444656372,-0.11401868611574173
1773049083,351874421,world,cf231,-3.2540483474731445,-1.0016809701919556,0.020389076322317123
1773049083,351874421,world,cf231_leg,-3.146174430847168,-1.079063057899475,-0.11425469070672989
1773049083,355253616,world,cf231,-3.254185438156128,-1.0019915103912354,0.021090036258101463
1773049083,355253616,world,cf231_leg,-3.1463022232055664,-1.0795772075653076,-0.11420043557882309
1773049083,361247573,world,cf231,-3.254380464553833,-1.0024012327194214,0.021761076524853706
1773049083,361247573,world,cf231_leg,-3.145930528640747,-1.0795698165893555,-0.11442966759204865
1773049083,365223849,world,cf231,-3.2545313835144043,-1.0026735067367554,0.02217172645032406
1773049083,365223849,world,cf231_leg,-3.1458048820495605,-1.0796939134597778,-0.11440494656562805
1773049083,370318148,world,cf231,-3.2548770904541016,-1.0029734373092651,0.02307378686964512
1773049083,370318148,world,cf231_leg,-3.1457674503326416,-1.0797221660614014,-0.11444471776485443
1773049083,375274777,world,cf231,-3.2546842098236084,-1.0032728910446167,0.022738348692655563
1773049083,375274777,world,cf231_leg,-3.1455657482147217,-1.079848289489746,-0.11437111347913742
1773049083,380545447,world,cf231,-3.2546980381011963,-1.0035488605499268,0.022744713351130486
1773049083,380545447,world,cf231_leg,-3.1454479694366455,-1.079958200454712,-0.11440566182136536
1773049083,385632428,world,cf231,-3.2548482418060303,-1.0037140846252441,0.022820372134447098
1773049083,385632428,world,cf231_leg,-3.1454222202301025,-1.079977035522461,-0.11439332365989685
1773049083,390643634,world,cf231,-3.2549192905426025,-1.0039472579956055,0.02278575673699379
1773049083,390643634,world,cf231_leg,-3.1453733444213867,-1.0800381898880005,-0.11432314664125443
1773049083,395280353,world,cf231,-3.2549917697906494,-1.003976821899414,0.022641947492957115
1773049083,395280353,world,cf231_leg,-3.145324945449829,-1.0798999071121216,-0.11440663784742355
1773049083,400213956,world,cf231,-3.2551510334014893,-1.004132628440857,0.022467859089374542
1773049083,400213956,world,cf231_leg,-3.1453282833099365,-1.0799033641815186,-0.11441312730312347
1773049083,405290599,world,cf231,-3.2547929286956787,-1.0037552118301392,0.021980956196784973
1773049083,405290599,world,cf231_leg,-3.145334243774414,-1.0798768997192383,-0.11437197029590607
1773049083,411762058,world,cf231,-3.254774332046509,-1.0038114786148071,0.021606719121336937
1773049083,411762058,world,cf231_leg,-3.145376205444336,-1.0797433853149414,-0.11444326490163803
1773049083,415656556,world,cf231,-3.2552618980407715,-1.0044972896575928,0.021258478984236717
1773049083,415656556,world,cf231_leg,-3.1454455852508545,-1.079683542251587,-0.11436086893081665
1773049083,420390680,world,cf231,-3.2547781467437744,-1.0038167238235474,0.02043789252638817
1773049083,420390680,world,cf231_leg,-3.145613193511963,-1.0796139240264893,-0.11420075595378876
1773049083,425109337,world,cf231,-3.2547714710235596,-1.0035881996154785,0.019857846200466156
1773049083,425109337,world,cf231_leg,-3.145681381225586,-1.0793530941009521,-0.11426905542612076
1773049083,430774891,world,cf231,-3.254955768585205,-1.0036406517028809,0.019623808562755585
1773049083,430774891,world,cf231_leg,-3.14567494392395,-1.0791834592819214,-0.11423270404338837
1773049083,435387842,world,cf231,-3.2550644874572754,-1.0036675930023193,0.018764909356832504
1773049083,435387842,world,cf231_leg,-3.145914316177368,-1.0790324211120605,-0.11415611952543259
1773049083,440366059,world,cf231,-3.255148410797119,-1.003674864768982,0.018061388283967972
1773049083,440366059,world,cf231_leg,-3.1460506916046143,-1.0787456035614014,-0.11395582556724548
1773049083,445415989,world,cf231,-3.2551674842834473,-1.0036288499832153,0.017172548919916153
1773049083,445415989,world,cf231_leg,-3.1462297439575195,-1.078599452972412,-0.11387468129396439
1773049083,450381250,world,cf231,-3.255122423171997,-1.003487229347229,0.01645847037434578
1773049083,450381250,world,cf231_leg,-3.1462502479553223,-1.0783113241195679,-0.11392595618963242
1773049083,455330417,world,cf231,-3.255235433578491,-1.003395915031433,0.01527063176035881
1773049083,455330417,world,cf231_leg,-3.1464240550994873,-1.0780482292175293,-0.11393022537231445
1773049083,460583689,world,cf231,-3.255246877670288,-1.0032447576522827,0.014757893979549408
1773049083,460583689,world,cf231_leg,-3.1473727226257324,-1.0782756805419922,-0.11338715255260468
1773049083,465718267,world,cf231,-3.255200147628784,-1.0031014680862427,0.014046460390090942
1773049083,465718267,world,cf231_leg,-3.147552490234375,-1.0780421495437622,-0.11330226808786392
1773049083,470384157,world,cf231,-3.2551980018615723,-1.0029239654541016,0.013220999389886856
1773049083,470384157,world,cf231_leg,-3.147826671600342,-1.0777864456176758,-0.11325030773878098
1773049083,475514317,world,cf231,-3.255161762237549,-1.0026684999465942,0.01216891035437584
1773049083,475514317,world,cf231_leg,-3.148076295852661,-1.0777242183685303,-0.11317559331655502
1773049083,480224596,world,cf231,-3.255232572555542,-1.002005696296692,0.010797616094350815
1773049083,480224596,world,cf231_leg,-3.148299217224121,-1.0771982669830322,-0.11264410614967346
1773049083,485318745,world,cf231,-3.255279541015625,-1.0021135807037354,0.01015283539891243
1773049083,485318745,world,cf231_leg,-3.148501396179199,-1.076865553855896,-0.11258354038000107
1773049083,490220730,world,cf231,-3.255535840988159,-1.002031922340393,0.010428152978420258
1773049083,490220730,world,cf231_leg,-3.148672342300415,-1.0769257545471191,-0.1125078797340393
1773049083,495602934,world,cf231,-3.255648612976074,-1.0019409656524658,0.010533437132835388
1773049083,495602934,world,cf231_leg,-3.1478474140167236,-1.0763121843338013,-0.11319106072187424
1773049083,500346134,world,cf231,-3.255777597427368,-1.0019291639328003,0.010593157261610031
1773049083,500346134,world,cf231_leg,-3.1478400230407715,-1.0763020515441895,-0.11341264098882675
1773049083,505224302,world,cf231,-3.255842447280884,-1.0019514560699463,0.010646447539329529
1773049083,505224302,world,cf231_leg,-3.1478214263916016,-1.0761910676956177,-0.11366456001996994
1773049083,510374474,world,cf231,-3.255747079849243,-1.0018773078918457,0.010720446705818176
1773049083,510374474,world,cf231_leg,-3.1477484703063965,-1.0760951042175293,-0.11381736397743225
1773049083,515253775,world,cf231,-3.2557334899902344,-1.001828908920288,0.010847523808479309
1773049083,515253775,world,cf231_leg,-3.147935628890991,-1.0764544010162354,-0.11336085200309753
1773049083,520307192,world,cf231,-3.255754232406616,-1.0018562078475952,0.010905999690294266
1773049083,520307192,world,cf231_leg,-3.1477575302124023,-1.0763585567474365,-0.11356651037931442
1773049083,525974917,world,cf231,-3.2558140754699707,-1.0025475025177002,0.011408127844333649
1773049083,525974917,world,cf231_leg,-3.1477577686309814,-1.0763822793960571,-0.11340508610010147
1773049083,530344460,world,cf231,-3.25579571723938,-1.0019668340682983,0.010986797511577606
1773049083,530344460,world,cf231_leg,-3.1477417945861816,-1.0763523578643799,-0.1136326938867569
1773049083,535356398,world,cf231,-3.2558748722076416,-1.0019490718841553,0.010943558067083359
1773049083,535356398,world,cf231_leg,-3.1477930545806885,-1.0763814449310303,-0.11364952474832535
1773049083,540413589,world,cf231,-3.255760908126831,-1.002530574798584,0.01156456395983696
1773049083,540413589,world,cf231_leg,-3.147779941558838,-1.0763139724731445,-0.11361663788557053
1773049083,545217766,world,cf231,-3.255847215652466,-1.0026241540908813,0.011636830866336823
1773049083,545217766,world,cf231_leg,-3.1477043628692627,-1.076156497001648,-0.11398566514253616
1773049083,550328447,world,cf231,-3.2557945251464844,-1.0024843215942383,0.011478174477815628
1773049083,550328447,world,cf231_leg,-3.1476783752441406,-1.0759798288345337,-0.11389583349227905
1773049083,555416588,world,cf231,-3.255767822265625,-1.0025255680084229,0.011531293392181396
1773049083,555416588,world,cf231_leg,-3.147691488265991,-1.0763365030288696,-0.11347755789756775
1773049083,560283635,world,cf231,-3.255800247192383,-1.0025066137313843,0.011596813797950745
1773049083,560283635,world,cf231_leg,-3.1477134227752686,-1.0762897729873657,-0.11364386230707169
1773049083,566689275,world,cf231,-3.2557694911956787,-1.0018854141235352,0.010929875075817108
1773049083,566689275,world,cf231_leg,-3.147749900817871,-1.0763283967971802,-0.11359600722789764
1773049083,570338445,world,cf231,-3.2556657791137695,-1.0018651485443115,0.010985363274812698
1773049083,570338445,world,cf231_leg,-3.1477930545806885,-1.0762182474136353,-0.1136249303817749
1773049083,575293940,world,cf231,-3.2557520866394043,-1.0018877983093262,0.01078297570347786
1773049083,575293940,world,cf231_leg,-3.147779941558838,-1.0759943723678589,-0.11389858275651932
1773049083,580382519,world,cf231,-3.255714178085327,-1.0019172430038452,0.010640226304531097
1773049083,580382519,world,cf231_leg,-3.147804021835327,-1.0760632753372192,-0.11385653167963028
1773049083,585348528,world,cf231,-3.255840539932251,-1.0019404888153076,0.010577943176031113
1773049083,585348528,world,cf231_leg,-3.1478970050811768,-1.075969934463501,-0.11392179131507874
1773049083,592059540,world,cf231,-3.2558116912841797,-1.0019326210021973,0.010611824691295624
1773049083,592059540,world,cf231_leg,-3.147914171218872,-1.0760432481765747,-0.113845095038414
1773049083,595486315,world,cf231,-3.2557334899902344,-1.002390742301941,0.011005036532878876
1773049083,595486315,world,cf231_leg,-3.1479861736297607,-1.0760867595672607,-0.11369390785694122
1773049083,600288244,world,cf231,-3.2558391094207764,-1.001927375793457,0.010649170726537704
1773049083,600288244,world,cf231_leg,-3.147979497909546,-1.0760114192962646,-0.11380671709775925
1773049083,605429165,world,cf231,-3.2558417320251465,-1.001951813697815,0.010618593543767929
1773049083,605429165,world,cf231_leg,-3.147897481918335,-1.075960397720337,-0.11382661759853363
1773049083,610360022,world,cf231,-3.255782127380371,-1.0019199848175049,0.010576028376817703
1773049083,610360022,world,cf231_leg,-3.147766351699829,-1.0759246349334717,-0.11398208886384964
1773049083,615326886,world,cf231,-3.255814790725708,-1.0019868612289429,0.010651424527168274
1773049083,615326886,world,cf231_leg,-3.14790415763855,-1.0763124227523804,-0.1134025976061821
1773049083,620299081,world,cf231,-3.2557365894317627,-1.0019763708114624,0.010634094476699829
1773049083,620299081,world,cf231_leg,-3.147754430770874,-1.0761666297912598,-0.11369111388921738
1773049083,625297805,world,cf231,-3.2558257579803467,-1.001976728439331,0.010715123265981674
1773049083,625297805,world,cf231_leg,-3.147881269454956,-1.076319932937622,-0.11352867633104324
1773049083,630340206,world,cf231,-3.255835771560669,-1.0019844770431519,0.01069653406739235
1773049083,630340206,world,cf231_leg,-3.1478846073150635,-1.076048493385315,-0.11372949928045273
1773049083,635347479,world,cf231,-3.2558207511901855,-1.0019738674163818,0.010614857077598572
1773049083,635347479,world,cf231_leg,-3.1479787826538086,-1.0763987302780151,-0.11339818686246872
1773049083,640426539,world,cf231,-3.2557742595672607,-1.0020110607147217,0.010596375912427902
1773049083,640426539,world,cf231_leg,-3.1477370262145996,-1.0761616230010986,-0.11364231258630753
1773049083,645391823,world,cf231,-3.2558412551879883,-1.001981258392334,0.01064058393239975
1773049083,645391823,world,cf231_leg,-3.1479556560516357,-1.0763421058654785,-0.11342034488916397
1773049083,650386742,world,cf231,-3.255720615386963,-1.0019371509552002,0.010544892400503159
1773049083,650386742,world,cf231_leg,-3.1479194164276123,-1.076270341873169,-0.11353477835655212
1773049083,655389702,world,cf231,-3.2558412551879883,-1.001963496208191,0.010608740150928497
1773049083,655389702,world,cf231_leg,-3.1478638648986816,-1.0760148763656616,-0.11382977664470673
