sec,nanosec,frame_id,name,position.x,position.y,position.z
1773049156,27563740,world,cf231,-2.6589913368225098,-1.8367540836334229,0.964849591255188
1773049156,27563740,world,cf231_leg,-2.6496448516845703,-1.839951753616333,0.9496743679046631
1773049156,32511026,world,cf231,-2.6592917442321777,-1.8367048501968384,0.9653116464614868
1773049156,32511026,world,cf231_leg,-2.6497855186462402,-1.8399910926818848,0.9498975276947021
1773049156,37551619,world,cf231,-2.659487009048462,-1.8365806341171265,0.9658627510070801
1773049156,37551619,world,cf231_leg,-2.6499710083007812,-1.8399674892425537,0.9504489898681641
1773049156,42651552,world,cf231,-2.659700870513916,-1.8364323377609253,0.9663112163543701
1773049156,42651552,world,cf231_leg,-2.650127649307251,-1.840074896812439,0.9509813785552979
1773049156,47498045,world,cf231,-2.6599559783935547,-1.8363438844680786,0.9671891927719116
1773049156,47498045,world,cf231_leg,-2.6502537727355957,-1.8399717807769775,0.9514768123626709
1773049156,52568921,world,cf231,-2.6601595878601074,-1.8361942768096924,0.9675236940383911
1773049156,52568921,world,cf231_leg,-2.6503653526306152,-1.8400250673294067,0.9518955945968628
1773049156,57941104,world,cf231,-2.6603763103485107,-1.8361507654190063,0.9678877592086792
1773049156,57941104,world,cf231_leg,-2.6505331993103027,-1.8399693965911865,0.9525322914123535
1773049156,62520413,world,cf231,-2.6605215072631836,-1.8361101150512695,0.9682270288467407
1773049156,62520413,world,cf231_leg,-2.650672674179077,-1.840134620666504,0.9530531167984009
1773049156,67427486,world,cf231,-2.6606948375701904,-1.8359317779541016,0.9685866832733154
1773049156,67427486,world,cf231_leg,-2.650658369064331,-1.8400263786315918,0.9532514810562134
1773049156,72464070,world,cf231,-2.660778284072876,-1.8358516693115234,0.9688454866409302
1773049156,72464070,world,cf231_leg,-2.650698661804199,-1.840159296989441,0.9535285234451294
1773049156,77317333,world,cf231,-2.660845994949341,-1.8357325792312622,0.9691445827484131
1773049156,77317333,world,cf231_leg,-2.650721788406372,-1.8400346040725708,0.9538794755935669
1773049156,82354594,world,cf231,-2.6608920097351074,-1.8355841636657715,0.9695876836776733
1773049156,82354594,world,cf231_leg,-2.6507833003997803,-1.8401150703430176,0.9541224241256714
1773049156,87510098,world,cf231,-2.6609244346618652,-1.8354068994522095,0.96985924243927
1773049156,87510098,world,cf231_leg,-2.650803565979004,-1.8400665521621704,0.954360842704773
1773049156,92495976,world,cf231,-2.6609585285186768,-1.8353239297866821,0.9702646732330322
1773049156,92495976,world,cf231_leg,-2.6508631706237793,-1.840109944343567,0.9547159671783447
1773049156,97500391,world,cf231,-2.660818576812744,-1.8352468013763428,0.9708251953125
1773049156,97500391,world,cf231_leg,-2.650757074356079,-1.840023398399353,0.9550164937973022
1773049156,102542248,world,cf231,-2.6607885360717773,-1.8351492881774902,0.9710466861724854
1773049156,102542248,world,cf231_leg,-2.6508429050445557,-1.8402016162872314,0.955345869064331
1773049156,107538080,world,cf231,-2.6606788635253906,-1.8350920677185059,0.9712613821029663
1773049156,107538080,world,cf231_leg,-2.650883436203003,-1.8402206897735596,0.955609917640686
1773049156,112380479,world,cf231,-2.6605923175811768,-1.8349815607070923,0.9714376926422119
1773049156,112380479,world,cf231_leg,-2.6507153511047363,-1.8401696681976318,0.9559379816055298
1773049156,117444537,world,cf231,-2.6605489253997803,-1.8350093364715576,0.9716348648071289
1773049156,117444537,world,cf231_leg,-2.650667190551758,-1.840117335319519,0.9561046361923218
1773049156,122595796,world,cf231,-2.6603927612304688,-1.8348972797393799,0.971746563911438
1773049156,122595796,world,cf231_leg,-2.6506168842315674,-1.8401838541030884,0.9563350677490234
1773049156,127499450,world,cf231,-2.660249710083008,-1.8347833156585693,0.9719289541244507
1773049156,127499450,world,cf231_leg,-2.650564193725586,-1.8402550220489502,0.9566172361373901
1773049156,132896470,world,cf231,-2.6600558757781982,-1.834730863571167,0.9720484018325806
1773049156,132896470,world,cf231_leg,-2.650484323501587,-1.8403000831604004,0.9566694498062134
1773049156,137508257,world,cf231,-2.6598846912384033,-1.8347450494766235,0.9721590280532837
1773049156,137508257,world,cf231_leg,-2.650325298309326,-1.840279221534729,0.9567732810974121
1773049156,142738992,world,cf231,-2.65962290763855,-1.8346953392028809,0.9722274541854858
1773049156,142738992,world,cf231_leg,-2.650240421295166,-1.8404053449630737,0.9570045471191406
1773049156,147470535,world,cf231,-2.659292697906494,-1.8346785306930542,0.9723489284515381
1773049156,147470535,world,cf231_leg,-2.6501011848449707,-1.8403400182724,0.9571374654769897
1773049156,152450991,world,cf231,-2.6589348316192627,-1.8345624208450317,0.9724091291427612
1773049156,152450991,world,cf231_leg,-2.6498425006866455,-1.8403732776641846,0.9571317434310913
1773049156,157474925,world,cf231,-2.6586413383483887,-1.8345218896865845,0.9726625680923462
1773049156,157474925,world,cf231_leg,-2.649747133255005,-1.840497612953186,0.957245945930481
1773049156,162515927,world,cf231,-2.658334732055664,-1.8345731496810913,0.9727712869644165
1773049156,162515927,world,cf231_leg,-2.649618625640869,-1.8404966592788696,0.9575114250183105
1773049156,167665587,world,cf231,-2.6578562259674072,-1.8344296216964722,0.9728680849075317
1773049156,167665587,world,cf231_leg,-2.649524211883545,-1.8405076265335083,0.957611083984375
1773049156,174235644,world,cf231,-2.657479763031006,-1.834407091140747,0.9730925559997559
1773049156,174235644,world,cf231_leg,-2.649312734603882,-1.8405879735946655,0.95765221118927
1773049156,177380242,world,cf231,-2.6570801734924316,-1.8345197439193726,0.9729892015457153
1773049156,177380242,world,cf231_leg,-2.6491265296936035,-1.840541124343872,0.9577673673629761
1773049156,182404802,world,cf231,-2.6567187309265137,-1.8345476388931274,0.973244309425354
1773049156,182404802,world,cf231_leg,-2.648833990097046,-1.8405160903930664,0.9577174186706543
1773049156,188374887,world,cf231,-2.6563451290130615,-1.8346409797668457,0.9731955528259277
1773049156,188374887,world,cf231_leg,-2.6486916542053223,-1.840596079826355,0.9577991962432861
1773049156,192507754,world,cf231,-2.655747890472412,-1.8346107006072998,0.9731186628341675
1773049156,192507754,world,cf231_leg,-2.648399829864502,-1.8405671119689941,0.9577174186706543
1773049156,197484269,world,cf231,-2.6552743911743164,-1.8347160816192627,0.9732037782669067
1773049156,197484269,world,cf231_leg,-2.6482059955596924,-1.8406009674072266,0.9577937126159668
1773049156,202504361,world,cf231,-2.6547882556915283,-1.8345850706100464,0.9734175205230713
1773049156,202504361,world,cf231_leg,-2.6480047702789307,-1.840635895729065,0.9577442407608032
1773049156,207582901,world,cf231,-2.654200792312622,-1.8347580432891846,0.9731167554855347
1773049156,207582901,world,cf231_leg,-2.6477468013763428,-1.8406630754470825,0.9576917886734009
1773049156,212283908,world,cf231,-2.6536571979522705,-1.834705114364624,0.9729716777801514
1773049156,212283908,world,cf231_leg,-2.6475203037261963,-1.840751051902771,0.957719087600708
1773049156,217673273,world,cf231,-2.6533446311950684,-1.8348374366760254,0.9730055332183838
1773049156,217673273,world,cf231_leg,-2.6472573280334473,-1.8408267498016357,0.9574841260910034
1773049156,222602295,world,cf231,-2.652707815170288,-1.8348346948623657,0.9728378057479858
1773049156,222602295,world,cf231_leg,-2.6469178199768066,-1.8407882452011108,0.9575045108795166
1773049156,228299192,world,cf231,-2.6521084308624268,-1.8349261283874512,0.972812294960022
1773049156,228299192,world,cf231_leg,-2.6465578079223633,-1.8408721685409546,0.9573779106140137
1773049156,232691198,world,cf231,-2.651390790939331,-1.834851861000061,0.972663402557373
1773049156,232691198,world,cf231_leg,-2.6462767124176025,-1.8408408164978027,0.9573817253112793
1773049156,237422808,world,cf231,-2.650810718536377,-1.8349767923355103,0.9725338220596313
1773049156,237422808,world,cf231_leg,-2.6459078788757324,-1.8408552408218384,0.9573137760162354
1773049156,242394350,world,cf231,-2.6502788066864014,-1.8350344896316528,0.9724572896957397
1773049156,242394350,world,cf231_leg,-2.6457276344299316,-1.8409589529037476,0.9572864770889282
1773049156,247465725,world,cf231,-2.6497790813446045,-1.8351536989212036,0.9724525213241577
1773049156,247465725,world,cf231_leg,-2.645413398742676,-1.8409837484359741,0.9572575092315674
1773049156,253134456,world,cf231,-2.649152994155884,-1.8352583646774292,0.9723374843597412
1773049156,253134456,world,cf231_leg,-2.6451644897460938,-1.840969443321228,0.9571460485458374
1773049156,257575377,world,cf231,-2.648561954498291,-1.835421085357666,0.9722518920898438
1773049156,257575377,world,cf231_leg,-2.6448302268981934,-1.8410407304763794,0.9571048021316528
1773049156,262295772,world,cf231,-2.6478042602539062,-1.8354883193969727,0.9720076322555542
1773049156,262295772,world,cf231_leg,-2.6446118354797363,-1.84116530418396,0.9569555521011353
1773049156,267512101,world,cf231,-2.6471922397613525,-1.835594892501831,0.9719786643981934
1773049156,267512101,world,cf231_leg,-2.6442222595214844,-1.8411519527435303,0.9567841291427612
1773049156,272498938,world,cf231,-2.6466917991638184,-1.8357887268066406,0.971813440322876
1773049156,272498938,world,cf231_leg,-2.643963098526001,-1.8413779735565186,0.956670880317688
1773049156,277511760,world,cf231,-2.646005392074585,-1.835889458656311,0.9717323780059814
1773049156,277511760,world,cf231_leg,-2.643720865249634,-1.841322422027588,0.9565223455429077
1773049156,282478966,world,cf231,-2.645319938659668,-1.8359460830688477,0.9714573621749878
1773049156,282478966,world,cf231_leg,-2.6434519290924072,-1.8414710760116577,0.9564260244369507
1773049156,287553346,world,cf231,-2.644608736038208,-1.8360623121261597,0.9712809324264526
1773049156,287553346,world,cf231_leg,-2.64311146736145,-1.8415107727050781,0.9563271999359131
1773049156,292575771,world,cf231,-2.6438934803009033,-1.8362228870391846,0.9711290597915649
1773049156,292575771,world,cf231_leg,-2.6428050994873047,-1.8416837453842163,0.9561202526092529
1773049156,297622900,world,cf231,-2.643311023712158,-1.8364685773849487,0.9707915782928467
1773049156,297622900,world,cf231_leg,-2.6424953937530518,-1.8417484760284424,0.9559692144393921
1773049156,302581999,world,cf231,-2.642645835876465,-1.8365992307662964,0.970565676689148
1773049156,302581999,world,cf231_leg,-2.6421663761138916,-1.8418561220169067,0.955773115158081
1773049156,307429284,world,cf231,-2.6420035362243652,-1.8367135524749756,0.9704381227493286
1773049156,307429284,world,cf231_leg,-2.641913414001465,-1.8419244289398193,0.9555957317352295
1773049156,312515515,world,cf231,-2.6413567066192627,-1.8368685245513916,0.9703197479248047
1773049156,312515515,world,cf231_leg,-2.6417324542999268,-1.8421014547348022,0.9554208517074585
1773049156,317674743,world,cf231,-2.6405506134033203,-1.8370047807693481,0.9700186252593994
1773049156,317674743,world,cf231_leg,-2.6414432525634766,-1.8421112298965454,0.9552210569381714
1773049156,323310329,world,cf231,-2.6399917602539062,-1.8371938467025757,0.9698641300201416
1773049156,323310329,world,cf231_leg,-2.6412417888641357,-1.8423765897750854,0.9552137851715088
1773049156,327776272,world,cf231,-2.6393966674804688,-1.8373210430145264,0.9696650505065918
1773049156,327776272,world,cf231_leg,-2.641035318374634,-1.842374324798584,0.9550585746765137
1773049156,332894824,world,cf231,-2.638742685317993,-1.8374483585357666,0.9695144891738892
1773049156,332894824,world,cf231_leg,-2.640796422958374,-1.8424313068389893,0.9548838138580322
1773049156,337931042,world,cf231,-2.638089656829834,-1.8376877307891846,0.9693385362625122
1773049156,337931042,world,cf231_leg,-2.6404049396514893,-1.8425002098083496,0.9546253681182861
1773049156,343627858,world,cf231,-2.637355327606201,-1.8378218412399292,0.9690607786178589
1773049156,343627858,world,cf231_leg,-2.640321731567383,-1.8426978588104248,0.9544299840927124
1773049156,347780229,world,cf231,-2.636702537536621,-1.8379452228546143,0.968869686126709
1773049156,347780229,world,cf231_leg,-2.63999080657959,-1.8426921367645264,0.9542407989501953
1773049156,352636085,world,cf231,-2.6361751556396484,-1.8381644487380981,0.9684228897094727
1773049156,352636085,world,cf231_leg,-2.6397483348846436,-1.8428269624710083,0.953970193862915
1773049156,357508839,world,cf231,-2.635499954223633,-1.8383322954177856,0.9682173728942871
1773049156,357508839,world,cf231_leg,-2.639573335647583,-1.842964768409729,0.9537737369537354
1773049156,362858339,world,cf231,-2.6349611282348633,-1.8384696245193481,0.9680466651916504
1773049156,362858339,world,cf231_leg,-2.6393299102783203,-1.8431034088134766,0.9535359144210815
1773049156,367744555,world,cf231,-2.6343889236450195,-1.8386644124984741,0.967837929725647
1773049156,367744555,world,cf231_leg,-2.6391122341156006,-1.8431084156036377,0.9533244371414185
1773049156,372928054,world,cf231,-2.6337168216705322,-1.838832974433899,0.9676052331924438
1773049156,372928054,world,cf231_leg,-2.6388535499572754,-1.8433314561843872,0.9529367685317993
1773049156,378334501,world,cf231,-2.6332101821899414,-1.8389952182769775,0.9673680067062378
1773049156,378334501,world,cf231_leg,-2.638765811920166,-1.8433336019515991,0.9526674747467041
1773049156,382395611,world,cf231,-2.632810354232788,-1.8390989303588867,0.9671887159347534
1773049156,382395611,world,cf231_leg,-2.63863205909729,-1.843441367149353,0.9525114297866821
1773049156,388513941,world,cf231,-2.6323840618133545,-1.8392130136489868,0.966901421546936
1773049156,388513941,world,cf231_leg,-2.638468027114868,-1.8434852361679077,0.9522398710250854
1773049156,392699060,world,cf231,-2.6319525241851807,-1.8395289182662964,0.9668338298797607
1773049156,392699060,world,cf231_leg,-2.6383073329925537,-1.8436120748519897,0.9520454406738281
1773049156,397625196,world,cf231,-2.631314516067505,-1.8396492004394531,0.966427206993103
1773049156,397625196,world,cf231_leg,-2.6381354331970215,-1.8436744213104248,0.9517178535461426
1773049156,403142429,world,cf231,-2.6307930946350098,-1.8395766019821167,0.9663375616073608
1773049156,403142429,world,cf231_leg,-2.638078212738037,-1.8438571691513062,0.9515928030014038
1773049156,407479320,world,cf231,-2.630444288253784,-1.8397325277328491,0.9662173986434937
1773049156,407479320,world,cf231_leg,-2.6379265785217285,-1.843828558921814,0.9513251781463623
1773049156,413335999,world,cf231,-2.629974365234375,-1.839957594871521,0.96575927734375
1773049156,413335999,world,cf231_leg,-2.6377813816070557,-1.8438715934753418,0.9510371685028076
1773049156,417379521,world,cf231,-2.629714250564575,-1.8401362895965576,0.9655306339263916
1773049156,417379521,world,cf231_leg,-2.6378109455108643,-1.8440837860107422,0.9508520364761353
1773049156,422497724,world,cf231,-2.62933611869812,-1.8400726318359375,0.965315580368042
1773049156,422497724,world,cf231_leg,-2.637678623199463,-1.8441193103790283,0.9505994319915771
1773049156,428399609,world,cf231,-2.6291584968566895,-1.8402491807937622,0.9652270078659058
1773049156,428399609,world,cf231_leg,-2.6375949382781982,-1.8442027568817139,0.9503911733627319
1773049156,432644558,world,cf231,-2.6289682388305664,-1.8403151035308838,0.9650671482086182
1773049156,432644558,world,cf231_leg,-2.637590169906616,-1.8443564176559448,0.950162410736084
1773049156,437483059,world,cf231,-2.6287567615509033,-1.8404268026351929,0.964889645576477
1773049156,437483059,world,cf231_leg,-2.6375067234039307,-1.84443998336792,0.9499534368515015
1773049156,442638798,world,cf231,-2.6286118030548096,-1.8405063152313232,0.96468186378479
1773049156,442638798,world,cf231_leg,-2.6375696659088135,-1.8444799184799194,0.9497710466384888
1773049156,447470803,world,cf231,-2.6284220218658447,-1.8405699729919434,0.9645028114318848
1773049156,447470803,world,cf231_leg,-2.6375467777252197,-1.8446053266525269,0.949660062789917
1773049156,452648221,world,cf231,-2.6283929347991943,-1.8407843112945557,0.9643449783325195
1773049156,452648221,world,cf231_leg,-2.6375904083251953,-1.8446900844573975,0.9494478702545166
1773049156,457457613,world,cf231,-2.6281604766845703,-1.840705394744873,0.9641017913818359
1773049156,457457613,world,cf231_leg,-2.6375930309295654,-1.8446885347366333,0.949167013168335
1773049156,462592101,world,cf231,-2.6279523372650146,-1.8408119678497314,0.9635963439941406
1773049156,462592101,world,cf231_leg,-2.63763427734375,-1.8447803258895874,0.9490216970443726
1773049156,467572410,world,cf231,-2.6280312538146973,-1.840959906578064,0.9634395837783813
1773049156,467572410,world,cf231_leg,-2.6375656127929688,-1.8448048830032349,0.9485862255096436
1773049156,472335027,world,cf231,-2.627922296524048,-1.8408615589141846,0.9632124900817871
1773049156,472335027,world,cf231_leg,-2.637683629989624,-1.8448553085327148,0.9484430551528931
1773049156,477569327,world,cf231,-2.627922296524048,-1.8408836126327515,0.9628013372421265
1773049156,477569327,world,cf231_leg,-2.6377031803131104,-1.8449527025222778,0.948123574256897
1773049156,482526865,world,cf231,-2.627931833267212,-1.8409558534622192,0.9627394676208496
1773049156,482526865,world,cf231_leg,-2.6379125118255615,-1.8450649976730347,0.9479976892471313
1773049156,487746581,world,cf231,-2.6280550956726074,-1.8410054445266724,0.9625585079193115
1773049156,487746581,world,cf231_leg,-2.637944459915161,-1.845136284828186,0.947894811630249
1773049156,492595258,world,cf231,-2.6280837059020996,-1.8408715724945068,0.9623273611068726
1773049156,492595258,world,cf231_leg,-2.638068437576294,-1.8451693058013916,0.9475834369659424
1773049156,497571549,world,cf231,-2.6282811164855957,-1.8409206867218018,0.9621646404266357
1773049156,497571549,world,cf231_leg,-2.6381723880767822,-1.8453030586242676,0.9472719430923462
1773049156,503875290,world,cf231,-2.6284284591674805,-1.8409574031829834,0.9620985984802246
1773049156,503875290,world,cf231_leg,-2.638416290283203,-1.84535813331604,0.9471594095230103
1773049156,507664126,world,cf231,-2.6285629272460938,-1.8408830165863037,0.961962103843689
1773049156,507664126,world,cf231_leg,-2.6386053562164307,-1.8454005718231201,0.9469913244247437
1773049156,512493123,world,cf231,-2.628685474395752,-1.8409322500228882,0.9617825746536255
1773049156,512493123,world,cf231_leg,-2.6388418674468994,-1.845494270324707,0.9469019174575806
1773049156,517323155,world,cf231,-2.6289584636688232,-1.8409427404403687,0.961673378944397
1773049156,517323155,world,cf231_leg,-2.639133930206299,-1.8455966711044312,0.9468352794647217
1773049156,523273583,world,cf231,-2.6292006969451904,-1.84092378616333,0.9615911245346069
1773049156,523273583,world,cf231_leg,-2.6392879486083984,-1.8455820083618164,0.9466408491134644
1773049156,527439636,world,cf231,-2.62941575050354,-1.8409236669540405,0.9614557027816772
1773049156,527439636,world,cf231_leg,-2.6396584510803223,-1.8457585573196411,0.9465861320495605
1773049156,532536391,world,cf231,-2.6298768520355225,-1.8409415483474731,0.9613500833511353
1773049156,532536391,world,cf231_leg,-2.6399335861206055,-1.845834732055664,0.9463901519775391
1773049156,537570437,world,cf231,-2.630337715148926,-1.8409676551818848,0.9612998962402344
1773049156,537570437,world,cf231_leg,-2.640089273452759,-1.8458170890808105,0.946160078048706
1773049156,542465891,world,cf231,-2.630831241607666,-1.8410108089447021,0.9611266851425171
1773049156,542465891,world,cf231_leg,-2.6404409408569336,-1.8459900617599487,0.9458471536636353
1773049156,548322529,world,cf231,-2.6312289237976074,-1.8410428762435913,0.9609177112579346
1773049156,548322529,world,cf231_leg,-2.6405553817749023,-1.846004605293274,0.9455941915512085
1773049156,552659011,world,cf231,-2.631680965423584,-1.8410017490386963,0.9604089260101318
1773049156,552659011,world,cf231_leg,-2.6409473419189453,-1.8460527658462524,0.9456379413604736
1773049156,557586342,world,cf231,-2.6320202350616455,-1.8410464525222778,0.960317850112915
1773049156,557586342,world,cf231_leg,-2.641312837600708,-1.8461945056915283,0.9454917907714844
1773049156,562464776,world,cf231,-2.6325607299804688,-1.8410179615020752,0.9601831436157227
1773049156,562464776,world,cf231_leg,-2.6417160034179688,-1.8463144302368164,0.9454706907272339
1773049156,567529903,world,cf231,-2.63314151763916,-1.8410967588424683,0.9599958658218384
1773049156,567529903,world,cf231_leg,-2.642061948776245,-1.8463380336761475,0.9450544118881226
1773049156,572551517,world,cf231,-2.6337480545043945,-1.8411227464675903,0.9597418308258057
1773049156,572551517,world,cf231_leg,-2.642430305480957,-1.846396565437317,0.9449752569198608
1773049156,577567512,world,cf231,-2.6345038414001465,-1.8413312435150146,0.9597816467285156
1773049156,577567512,world,cf231_leg,-2.642822027206421,-1.8464049100875854,0.9448541402816772
1773049156,582634059,world,cf231,-2.634950876235962,-1.8412458896636963,0.9596630334854126
1773049156,582634059,world,cf231_leg,-2.643153667449951,-1.84648597240448,0.9446479082107544
1773049156,587608779,world,cf231,-2.635563611984253,-1.8414547443389893,0.9596160650253296
1773049156,587608779,world,cf231_leg,-2.6435799598693848,-1.8466672897338867,0.9445831775665283
1773049156,593426831,world,cf231,-2.636371612548828,-1.8415218591690063,0.9595773220062256
1773049156,593426831,world,cf231_leg,-2.6439340114593506,-1.846695065498352,0.9443222284317017
1773049156,597641918,world,cf231,-2.63710880279541,-1.8415900468826294,0.9594926834106445
1773049156,597641918,world,cf231_leg,-2.6443722248077393,-1.84675133228302,0.9442669153213501
1773049156,602412888,world,cf231,-2.6377451419830322,-1.8415642976760864,0.959069013595581
1773049156,602412888,world,cf231_leg,-2.644831657409668,-1.846876621246338,0.9442347288131714
1773049156,608328593,world,cf231,-2.638432264328003,-1.841641902923584,0.9589337110519409
1773049156,608328593,world,cf231_leg,-2.6453487873077393,-1.8470032215118408,0.9441578388214111
1773049156,612549714,world,cf231,-2.639058828353882,-1.8416669368743896,0.9586218595504761
1773049156,612549714,world,cf231_leg,-2.645796060562134,-1.8470180034637451,0.9440438747406006
1773049156,618279521,world,cf231,-2.6400039196014404,-1.84192955493927,0.9585893154144287
1773049156,618279521,world,cf231_leg,-2.6462600231170654,-1.8470125198364258,0.9438478946685791
1773049156,623225724,world,cf231,-2.6408472061157227,-1.8419355154037476,0.95854651927948
1773049156,623225724,world,cf231_leg,-2.646796703338623,-1.8470948934555054,0.9438002109527588
1773049156,627435984,world,cf231,-2.641610860824585,-1.8421077728271484,0.958564281463623
1773049156,627435984,world,cf231_leg,-2.6472275257110596,-1.8471481800079346,0.9435858726501465
1773049156,632505053,world,cf231,-2.6423215866088867,-1.842190146446228,0.9583882093429565
1773049156,632505053,world,cf231_leg,-2.647573709487915,-1.8471394777297974,0.943501353263855
1773049156,637486852,world,cf231,-2.643083095550537,-1.8422377109527588,0.9583616256713867
1773049156,637486852,world,cf231_leg,-2.648236036300659,-1.847340703010559,0.9434967041015625
1773049156,642914795,world,cf231,-2.6440768241882324,-1.8423175811767578,0.9583630561828613
1773049156,642914795,world,cf231_leg,-2.648750066757202,-1.847355604171753,0.9434442520141602
1773049156,647524643,world,cf231,-2.6449685096740723,-1.8424279689788818,0.9580968618392944
1773049156,647524643,world,cf231_leg,-2.649306535720825,-1.8474632501602173,0.9432437419891357
1773049156,652316679,world,cf231,-2.6457669734954834,-1.8424876928329468,0.957882285118103
1773049156,652316679,world,cf231_leg,-2.6498405933380127,-1.8476223945617676,0.9430813789367676
1773049156,658343551,world,cf231,-2.646569013595581,-1.8425657749176025,0.9576729536056519
1773049156,658343551,world,cf231_leg,-2.6502559185028076,-1.847616195678711,0.9430506229400635
1773049156,663291482,world,cf231,-2.647570848464966,-1.8427197933197021,0.9576327800750732
1773049156,663291482,world,cf231_leg,-2.650857925415039,-1.8477760553359985,0.9429478645324707
1773049156,667651541,world,cf231,-2.6484570503234863,-1.8428226709365845,0.9574364423751831
1773049156,667651541,world,cf231_leg,-2.651326894760132,-1.847853422164917,0.9428094625473022
1773049156,672573950,world,cf231,-2.64923095703125,-1.8428685665130615,0.9574800729751587
1773049156,672573950,world,cf231_leg,-2.651989459991455,-1.8479341268539429,0.942743182182312
1773049156,677407952,world,cf231,-2.6502208709716797,-1.8430627584457397,0.9575022459030151
1773049156,677407952,world,cf231_leg,-2.6525261402130127,-1.8480147123336792,0.9426788091659546
1773049156,682601703,world,cf231,-2.650984287261963,-1.8431192636489868,0.9572415351867676
1773049156,682601703,world,cf231_leg,-2.653146982192993,-1.848149299621582,0.9424408674240112
1773049156,687542361,world,cf231,-2.6519761085510254,-1.8431987762451172,0.957244873046875
1773049156,687542361,world,cf231_leg,-2.6536200046539307,-1.848100185394287,0.942170262336731
1773049156,692509358,world,cf231,-2.652747869491577,-1.8431347608566284,0.9570616483688354
1773049156,692509358,world,cf231_leg,-2.654099702835083,-1.8482543230056763,0.9419958591461182
1773049156,697564160,world,cf231,-2.6537842750549316,-1.843335747718811,0.9569766521453857
1773049156,697564160,world,cf231_leg,-2.6547579765319824,-1.8483359813690186,0.9419717788696289
1773049156,703174432,world,cf231,-2.654705047607422,-1.8434395790100098,0.9565443992614746
1773049156,703174432,world,cf231_leg,-2.655341148376465,-1.8484675884246826,0.9419856071472168
1773049156,707584933,world,cf231,-2.6556832790374756,-1.8435250520706177,0.9564917087554932
1773049156,707584933,world,cf231_leg,-2.655998945236206,-1.8486328125,0.941871166229248
1773049156,713684921,world,cf231,-2.6564571857452393,-1.843682885169983,0.9565094709396362
1773049156,713684921,world,cf231_leg,-2.6565346717834473,-1.848712682723999,0.9418084621429443
1773049156,717495840,world,cf231,-2.657468318939209,-1.8437104225158691,0.9564967155456543
1773049156,717495840,world,cf231_leg,-2.657001256942749,-1.8486791849136353,0.9416923522949219
1773049156,722337722,world,cf231,-2.658385992050171,-1.8439116477966309,0.9565091133117676
1773049156,722337722,world,cf231_leg,-2.6575379371643066,-1.8488719463348389,0.9416235685348511
1773049156,727477672,world,cf231,-2.659327507019043,-1.843941330909729,0.9564480781555176
1773049156,727477672,world,cf231_leg,-2.6581201553344727,-1.8490005731582642,0.9416238069534302
1773049156,732548506,world,cf231,-2.6600091457366943,-1.8439112901687622,0.9563782215118408
1773049156,732548506,world,cf231_leg,-2.6586270332336426,-1.8490605354309082,0.9413801431655884
1773049156,737474057,world,cf231,-2.661099910736084,-1.8442418575286865,0.9563519954681396
1773049156,737474057,world,cf231_leg,-2.6592867374420166,-1.849263072013855,0.9413925409317017
1773049156,742495927,world,cf231,-2.6620726585388184,-1.8442269563674927,0.9561508893966675
1773049156,742495927,world,cf231_leg,-2.6598610877990723,-1.8493157625198364,0.9414031505584717
1773049156,747674510,world,cf231,-2.663045644760132,-1.8443808555603027,0.9561878442764282
1773049156,747674510,world,cf231_leg,-2.6603920459747314,-1.849308967590332,0.9412493705749512
1773049156,752623793,world,cf231,-2.6637470722198486,-1.844483733177185,0.9559187889099121
1773049156,752623793,world,cf231_leg,-2.6608188152313232,-1.8493711948394775,0.9411183595657349
1773049156,758310300,world,cf231,-2.664792776107788,-1.8447209596633911,0.9560621976852417
1773049156,758310300,world,cf231_leg,-2.66142201423645,-1.8494477272033691,0.9410827159881592
1773049156,762648255,world,cf231,-2.665680408477783,-1.8447749614715576,0.9560637474060059
1773049156,762648255,world,cf231_leg,-2.661953926086426,-1.8495534658432007,0.9409233331680298
1773049156,767791283,world,cf231,-2.6666207313537598,-1.8449251651763916,0.9560308456420898
1773049156,767791283,world,cf231_leg,-2.662543773651123,-1.849644422531128,0.9408985376358032
1773049156,772602396,world,cf231,-2.667332172393799,-1.8449616432189941,0.9560708999633789
1773049156,772602396,world,cf231_leg,-2.663081645965576,-1.8497577905654907,0.9409297704696655
1773049156,777532854,world,cf231,-2.668294668197632,-1.8452056646347046,0.9561135768890381
1773049156,777532854,world,cf231_leg,-2.663538694381714,-1.8497685194015503,0.940885066986084
1773049156,782498045,world,cf231,-2.669182062149048,-1.8452966213226318,0.9562506675720215
1773049156,782498045,world,cf231_leg,-2.6640207767486572,-1.8498774766921997,0.940924882888794
1773049156,787473772,world,cf231,-2.669997215270996,-1.8453528881072998,0.9562294483184814
1773049156,787473772,world,cf231_leg,-2.664594888687134,-1.8500497341156006,0.9409750699996948
1773049156,793226221,world,cf231,-2.670628070831299,-1.8453465700149536,0.9559372663497925
1773049156,793226221,world,cf231_leg,-2.6650497913360596,-1.8500584363937378,0.9409375190734863
1773049156,797621964,world,cf231,-2.671365261077881,-1.8454744815826416,0.9560064077377319
1773049156,797621964,world,cf231_leg,-2.665654420852661,-1.85028874874115,0.9410547018051147
1773049156,802426351,world,cf231,-2.6722495555877686,-1.8456403017044067,0.9560070037841797
1773049156,802426351,world,cf231_leg,-2.666088342666626,-1.8502336740493774,0.9410240650177002
1773049156,807446275,world,cf231,-2.673125743865967,-1.8458738327026367,0.9561243057250977
1773049156,807446275,world,cf231_leg,-2.666578531265259,-1.8504170179367065,0.9410349130630493
1773049156,812656810,world,cf231,-2.6738877296447754,-1.8460227251052856,0.955967903137207
1773049156,812656810,world,cf231_leg,-2.6670517921447754,-1.8505632877349854,0.9410985708236694
1773049156,817400972,world,cf231,-2.674464702606201,-1.846097707748413,0.9560017585754395
1773049156,817400972,world,cf231_leg,-2.6676440238952637,-1.850687861442566,0.9411669969558716
1773049156,823291308,world,cf231,-2.6752407550811768,-1.846246600151062,0.9561079740524292
1773049156,823291308,world,cf231_leg,-2.6679718494415283,-1.8507691621780396,0.941220760345459
1773049156,827382160,world,cf231,-2.676053762435913,-1.84644615650177,0.9561831951141357
1773049156,827382160,world,cf231_leg,-2.668382167816162,-1.8508836030960083,0.9412714242935181
1773049156,832605490,world,cf231,-2.6767520904541016,-1.8464988470077515,0.9562180042266846
1773049156,832605490,world,cf231_leg,-2.6688387393951416,-1.851006031036377,0.9412236213684082
1773049156,837441746,world,cf231,-2.6774070262908936,-1.8466805219650269,0.9563722610473633
1773049156,837441746,world,cf231_leg,-2.6692755222320557,-1.851101279258728,0.9413113594055176
1773049156,842767510,world,cf231,-2.6778409481048584,-1.8466408252716064,0.9563307762145996
1773049156,842767510,world,cf231_leg,-2.669677734375,-1.8511416912078857,0.9413896799087524
1773049156,847816839,world,cf231,-2.6785056591033936,-1.8467748165130615,0.9563928842544556
1773049156,847816839,world,cf231_leg,-2.670013189315796,-1.8512940406799316,0.9414020776748657
1773049156,852373347,world,cf231,-2.6791586875915527,-1.8469549417495728,0.9565508365631104
1773049156,852373347,world,cf231_leg,-2.6704673767089844,-1.851324200630188,0.9412124156951904
1773049156,857515849,world,cf231,-2.679673910140991,-1.8470187187194824,0.956586480140686
1773049156,857515849,world,cf231_leg,-2.6707122325897217,-1.8513031005859375,0.9412134885787964
1773049156,862645869,world,cf231,-2.680236339569092,-1.8470209836959839,0.9567111730575562
1773049156,862645869,world,cf231_leg,-2.671092987060547,-1.8513935804367065,0.9413107633590698
1773049156,867551022,world,cf231,-2.6808767318725586,-1.8472100496292114,0.9568315744400024
1773049156,867551022,world,cf231_leg,-2.6714847087860107,-1.8515938520431519,0.9414889812469482
1773049156,872670323,world,cf231,-2.6813480854034424,-1.8472552299499512,0.956875205039978
1773049156,872670323,world,cf231_leg,-2.6717898845672607,-1.8515671491622925,0.9413765668869019
1773049156,877421471,world,cf231,-2.6818854808807373,-1.8474256992340088,0.9570538997650146
1773049156,877421471,world,cf231_leg,-2.6721184253692627,-1.851763129234314,0.9414389133453369
1773049156,882533918,world,cf231,-2.6822502613067627,-1.8475350141525269,0.9570764303207397
1773049156,882533918,world,cf231_leg,-2.6724321842193604,-1.8518866300582886,0.9415919780731201
1773049156,887641173,world,cf231,-2.682708978652954,-1.847739338874817,0.9572110176086426
1773049156,887641173,world,cf231_leg,-2.672715425491333,-1.8518855571746826,0.9416370391845703
1773049156,892391604,world,cf231,-2.6831107139587402,-1.847678303718567,0.9572514295578003
1773049156,892391604,world,cf231_leg,-2.672987937927246,-1.852069616317749,0.9416636228561401
1773049156,897577260,world,cf231,-2.6835365295410156,-1.8477065563201904,0.9573251008987427
1773049156,897577260,world,cf231_leg,-2.6732447147369385,-1.852149248123169,0.9416828155517578
1773049156,902436060,world,cf231,-2.6839253902435303,-1.8478074073791504,0.9574756622314453
1773049156,902436060,world,cf231_leg,-2.6733782291412354,-1.8521546125411987,0.9418339729309082
1773049156,908408963,world,cf231,-2.6842806339263916,-1.8478450775146484,0.9575599431991577
1773049156,908408963,world,cf231_leg,-2.6738624572753906,-1.8525205850601196,0.9419561624526978
1773049156,912588996,world,cf231,-2.6845450401306152,-1.8479623794555664,0.9576983451843262
1773049156,912588996,world,cf231_leg,-2.673915386199951,-1.852378010749817,0.9418416023254395
1773049156,919124728,world,cf231,-2.6849558353424072,-1.8481203317642212,0.9577864408493042
1773049156,919124728,world,cf231_leg,-2.6740546226501465,-1.8525235652923584,0.9420289993286133
1773049156,922330208,world,cf231,-2.6851000785827637,-1.847978115081787,0.957693338394165
1773049156,922330208,world,cf231_leg,-2.6744401454925537,-1.8526923656463623,0.9421523809432983
1773049156,927574622,world,cf231,-2.685290575027466,-1.8479796648025513,0.957882285118103
1773049156,927574622,world,cf231_leg,-2.674499034881592,-1.852804183959961,0.9420850276947021
1773049156,932420643,world,cf231,-2.685518741607666,-1.8481577634811401,0.9580243825912476
1773049156,932420643,world,cf231_leg,-2.674711227416992,-1.8528774976730347,0.9421975612640381
1773049156,937594910,world,cf231,-2.6857197284698486,-1.848139762878418,0.9579504728317261
1773049156,937594910,world,cf231_leg,-2.674901247024536,-1.8529974222183228,0.9423173666000366
1773049156,942584273,world,cf231,-2.685910224914551,-1.8482822179794312,0.9582138061523438
1773049156,942584273,world,cf231_leg,-2.6749987602233887,-1.8530230522155762,0.9423266649246216
1773049156,948249110,world,cf231,-2.6860597133636475,-1.8482394218444824,0.958245038986206
1773049156,948249110,world,cf231_leg,-2.675204277038574,-1.8532421588897705,0.9424245357513428
1773049156,952333699,world,cf231,-2.6861743927001953,-1.848402738571167,0.9583693742752075
1773049156,952333699,world,cf231_leg,-2.6754579544067383,-1.8532477617263794,0.9428541660308838
1773049156,958420908,world,cf231,-2.686208724975586,-1.8483495712280273,0.9584232568740845
1773049156,958420908,world,cf231_leg,-2.675480842590332,-1.8533111810684204,0.9428255558013916
1773049156,962649183,world,cf231,-2.6862540245056152,-1.8485138416290283,0.9585028886795044
1773049156,962649183,world,cf231_leg,-2.6755824089050293,-1.8534775972366333,0.9428913593292236
1773049156,967666728,world,cf231,-2.686314105987549,-1.848441243171692,0.9586095809936523
1773049156,967666728,world,cf231_leg,-2.675630569458008,-1.8534518480300903,0.9430835247039795
1773049156,972410686,world,cf231,-2.6863160133361816,-1.848476529121399,0.9587223529815674
1773049156,972410686,world,cf231_leg,-2.6756937503814697,-1.853643536567688,0.943060040473938
1773049156,977532280,world,cf231,-2.6863603591918945,-1.848643183708191,0.9588214159011841
1773049156,977532280,world,cf231_leg,-2.675764799118042,-1.8536760807037354,0.9431941509246826
1773049156,982468716,world,cf231,-2.6861798763275146,-1.8485486507415771,0.9588590860366821
1773049156,982468716,world,cf231_leg,-2.675811529159546,-1.8537249565124512,0.9432554244995117
1773049156,987579607,world,cf231,-2.686135768890381,-1.8485325574874878,0.9588872194290161
1773049156,987579607,world,cf231_leg,-2.675818920135498,-1.8538410663604736,0.9434062242507935
1773049156,992610279,world,cf231,-2.6861801147460938,-1.8486994504928589,0.9589859247207642
1773049156,992610279,world,cf231_leg,-2.6757638454437256,-1.8539458513259888,0.9433954954147339
1773049156,997479357,world,cf231,-2.685964584350586,-1.8486601114273071,0.958990216255188
1773049156,997479357,world,cf231_leg,-2.6757659912109375,-1.8539807796478271,0.9435064792633057
1773049157,3307341,world,cf231,-2.685725212097168,-1.8486758470535278,0.959053635597229
1773049157,3307341,world,cf231_leg,-2.6757423877716064,-1.8540382385253906,0.94359290599823
1773049157,7547184,world,cf231,-2.6855947971343994,-1.8489024639129639,0.959048867225647
1773049157,7547184,world,cf231_leg,-2.675701379776001,-1.8541295528411865,0.9435677528381348
1773049157,12783472,world,cf231,-2.6855216026306152,-1.8488948345184326,0.9592337608337402
1773049157,12783472,world,cf231_leg,-2.6756908893585205,-1.8541772365570068,0.9436728954315186
1773049157,17378487,world,cf231,-2.685195207595825,-1.8489621877670288,0.9589861631393433
1773049157,17378487,world,cf231_leg,-2.6755692958831787,-1.8543227910995483,0.9437620639801025
1773049157,22318345,world,cf231,-2.6849381923675537,-1.8489799499511719,0.9592632055282593
1773049157,22318345,world,cf231_leg,-2.6756834983825684,-1.854483962059021,0.9438774585723877
1773049157,27544984,world,cf231,-2.68465256690979,-1.8490978479385376,0.9593876600265503
1773049157,27544984,world,cf231_leg,-2.6754610538482666,-1.8544585704803467,0.9438694715499878
1773049157,32569036,world,cf231,-2.6844396591186523,-1.8490948677062988,0.959502100944519
1773049157,32569036,world,cf231_leg,-2.6754372119903564,-1.8546745777130127,0.944159984588623
1773049157,37664123,world,cf231,-2.6842219829559326,-1.8491767644882202,0.9595575332641602
1773049157,37664123,world,cf231_leg,-2.6753902435302734,-1.854853630065918,0.9441211223602295
1773049157,42529275,world,cf231,-2.6838786602020264,-1.8492530584335327,0.9595574140548706
1773049157,42529275,world,cf231_leg,-2.675359010696411,-1.8549489974975586,0.9442297220230103
1773049157,47600322,world,cf231,-2.6835126876831055,-1.8492591381072998,0.9595503807067871
1773049157,47600322,world,cf231_leg,-2.6751279830932617,-1.8549633026123047,0.9442614316940308
1773049157,52719177,world,cf231,-2.6832406520843506,-1.849485158920288,0.9594637155532837
1773049157,52719177,world,cf231_leg,-2.6751182079315186,-1.8551204204559326,0.9443466663360596
1773049157,57663019,world,cf231,-2.682835102081299,-1.8496350049972534,0.9593803882598877
1773049157,57663019,world,cf231_leg,-2.6749770641326904,-1.8552007675170898,0.944425106048584
1773049157,62591162,world,cf231,-2.6825239658355713,-1.849766492843628,0.9594155550003052
1773049157,62591162,world,cf231_leg,-2.674809455871582,-1.8552956581115723,0.9444364309310913
1773049157,67550292,world,cf231,-2.6820859909057617,-1.8497837781906128,0.9594407081604004
1773049157,67550292,world,cf231_leg,-2.6746675968170166,-1.8553751707077026,0.9445170164108276
1773049157,72552067,world,cf231,-2.6816697120666504,-1.8498831987380981,0.9597254991531372
1773049157,72552067,world,cf231_leg,-2.6745874881744385,-1.8555361032485962,0.9445970058441162
1773049157,77551357,world,cf231,-2.6811740398406982,-1.850006103515625,0.9597365856170654
1773049157,77551357,world,cf231_leg,-2.6743454933166504,-1.8555545806884766,0.9445605278015137
1773049157,82493072,world,cf231,-2.6806304454803467,-1.850048542022705,0.9595856666564941
1773049157,82493072,world,cf231_leg,-2.6743125915527344,-1.8557648658752441,0.9446995258331299
1773049157,87661120,world,cf231,-2.6804091930389404,-1.8502470254898071,0.9596790075302124
1773049157,87661120,world,cf231_leg,-2.674142360687256,-1.85586416721344,0.9447646141052246
1773049157,92458778,world,cf231,-2.6799368858337402,-1.8504648208618164,0.959761381149292
1773049157,92458778,world,cf231_leg,-2.6739468574523926,-1.8559315204620361,0.9447888135910034
1773049157,97575479,world,cf231,-2.6795103549957275,-1.8505862951278687,0.9598188400268555
1773049157,97575479,world,cf231_leg,-2.673790454864502,-1.8561358451843262,0.9448814392089844
1773049157,102587537,world,cf231,-2.6789801120758057,-1.8507099151611328,0.9600610733032227
1773049157,102587537,world,cf231_leg,-2.6735787391662598,-1.8561006784439087,0.9449151754379272
1773049157,107646177,world,cf231,-2.6784496307373047,-1.8508858680725098,0.9600201845169067
1773049157,107646177,world,cf231_leg,-2.673424005508423,-1.8563015460968018,0.9449734687805176
1773049157,113355603,world,cf231,-2.67800235748291,-1.8510499000549316,0.9600400924682617
1773049157,113355603,world,cf231_leg,-2.6733033657073975,-1.8564453125,0.9450458288192749
1773049157,117644706,world,cf231,-2.677638292312622,-1.8512052297592163,0.960139274597168
1773049157,117644706,world,cf231_leg,-2.672990083694458,-1.8564715385437012,0.9450368881225586
1773049157,123253415,world,cf231,-2.677083969116211,-1.8512827157974243,0.9600110054016113
1773049157,123253415,world,cf231_leg,-2.6728014945983887,-1.8566136360168457,0.9450535774230957
1773049157,127628358,world,cf231,-2.676558017730713,-1.8513736724853516,0.9600294828414917
1773049157,127628358,world,cf231_leg,-2.672647714614868,-1.8567017316818237,0.9450967311859131
1773049157,132580685,world,cf231,-2.6761679649353027,-1.851548433303833,0.9600756168365479
1773049157,132580685,world,cf231_leg,-2.672391891479492,-1.8567320108413696,0.94505774974823
1773049157,138282037,world,cf231,-2.6756157875061035,-1.8516615629196167,0.9600598812103271
1773049157,138282037,world,cf231_leg,-2.6721904277801514,-1.856775164604187,0.945073127746582
1773049157,142418786,world,cf231,-2.675032377243042,-1.851747751235962,0.960088849067688
1773049157,142418786,world,cf231_leg,-2.6719250679016113,-1.8568416833877563,0.9450621604919434
1773049157,147653195,world,cf231,-2.6745412349700928,-1.8518632650375366,0.9600170850753784
1773049157,147653195,world,cf231_leg,-2.6717708110809326,-1.8569270372390747,0.9450918436050415
1773049157,152529106,world,cf231,-2.6741864681243896,-1.852126955986023,0.9601907730102539
1773049157,152529106,world,cf231_leg,-2.671421766281128,-1.8569000959396362,0.9450910091400146
1773049157,157571138,world,cf231,-2.6737821102142334,-1.8523119688034058,0.960222601890564
1773049157,157571138,world,cf231_leg,-2.6713011264801025,-1.857038974761963,0.945134162902832
1773049157,162833016,world,cf231,-2.673173666000366,-1.8522987365722656,0.9601675271987915
1773049157,162833016,world,cf231_leg,-2.6710877418518066,-1.8570880889892578,0.9450973272323608
1773049157,167549567,world,cf231,-2.6725962162017822,-1.8524231910705566,0.9600428342819214
1773049157,167549567,world,cf231_leg,-2.6707475185394287,-1.857256531715393,0.9451241493225098
1773049157,172552196,world,cf231,-2.672091007232666,-1.852696180343628,0.9600687026977539
1773049157,172552196,world,cf231_leg,-2.670619010925293,-1.857421636581421,0.9454002380371094
1773049157,177577138,world,cf231,-2.671624183654785,-1.8527971506118774,0.9600898027420044
1773049157,177577138,world,cf231_leg,-2.670335054397583,-1.85749089717865,0.945178747177124
1773049157,183266907,world,cf231,-2.6710009574890137,-1.852787733078003,0.9599854946136475
1773049157,183266907,world,cf231_leg,-2.670236825942993,-1.8575859069824219,0.9452284574508667
1773049157,189138166,world,cf231,-2.670724868774414,-1.8530076742172241,0.9601508378982544
1773049157,189138166,world,cf231_leg,-2.669980525970459,-1.8576583862304688,0.9453673362731934
1773049157,192724034,world,cf231,-2.6701712608337402,-1.8532336950302124,0.9601325988769531
1773049157,192724034,world,cf231_leg,-2.6697893142700195,-1.8577384948730469,0.945633053779602
1773049157,197705722,world,cf231,-2.66961932182312,-1.853347897529602,0.9601149559020996
1773049157,197705722,world,cf231_leg,-2.669584274291992,-1.8578569889068604,0.9455381631851196
1773049157,203284802,world,cf231,-2.669144630432129,-1.853603720664978,0.9604347944259644
1773049157,203284802,world,cf231_leg,-2.669455051422119,-1.8580424785614014,0.945667028427124
1773049157,207435920,world,cf231,-2.668581485748291,-1.8536053895950317,0.9603292942047119
1773049157,207435920,world,cf231_leg,-2.669269323348999,-1.8580267429351807,0.9454554319381714
1773049157,212646080,world,cf231,-2.668231964111328,-1.8539247512817383,0.9604588747024536
1773049157,212646080,world,cf231_leg,-2.669090986251831,-1.8581663370132446,0.9455587863922119
1773049157,217425627,world,cf231,-2.667738914489746,-1.853922724723816,0.9603792428970337
1773049157,217425627,world,cf231_leg,-2.669043779373169,-1.8583893775939941,0.9457155466079712
1773049157,222541440,world,cf231,-2.6672587394714355,-1.8540678024291992,0.9605035781860352
1773049157,222541440,world,cf231_leg,-2.6688454151153564,-1.8583076000213623,0.9456191062927246
1773049157,227424654,world,cf231,-2.6666805744171143,-1.8541984558105469,0.9604156017303467
1773049157,227424654,world,cf231_leg,-2.668748617172241,-1.8585103750228882,0.9456323385238647
1773049157,232587956,world,cf231,-2.6662421226501465,-1.854330062866211,0.9604347944259644
1773049157,232587956,world,cf231_leg,-2.6685242652893066,-1.8584880828857422,0.9456601142883301
1773049157,238283166,world,cf231,-2.665761947631836,-1.8544362783432007,0.960403323173523
1773049157,238283166,world,cf231_leg,-2.6684224605560303,-1.8587028980255127,0.9457930326461792
1773049157,242509679,world,cf231,-2.6652634143829346,-1.8545247316360474,0.9603021144866943
1773049157,242509679,world,cf231_leg,-2.6682426929473877,-1.858691930770874,0.9457571506500244
1773049157,248361913,world,cf231,-2.664896249771118,-1.854644536972046,0.9602913856506348
1773049157,248361913,world,cf231_leg,-2.6681108474731445,-1.8588398694992065,0.9457612037658691
1773049157,252409918,world,cf231,-2.6644577980041504,-1.8547734022140503,0.9602923393249512
1773049157,252409918,world,cf231_leg,-2.6680548191070557,-1.858834981918335,0.9457719326019287
1773049157,257699876,world,cf231,-2.664067268371582,-1.854948878288269,0.9603395462036133
1773049157,257699876,world,cf231_leg,-2.667875289916992,-1.8589379787445068,0.9457473754882812
1773049157,262680694,world,cf231,-2.6636271476745605,-1.855153203010559,0.9602032899856567
1773049157,262680694,world,cf231_leg,-2.667813539505005,-1.8590773344039917,0.9457263946533203
1773049157,268421553,world,cf231,-2.6633048057556152,-1.8551759719848633,0.9601684808731079
1773049157,268421553,world,cf231_leg,-2.6677591800689697,-1.8590692281723022,0.9457026720046997
1773049157,272538081,world,cf231,-2.662834405899048,-1.8553969860076904,0.9602466821670532
1773049157,272538081,world,cf231_leg,-2.6676228046417236,-1.8591158390045166,0.9458128213882446
1773049157,277491300,world,cf231,-2.6624367237091064,-1.8554661273956299,0.9599543809890747
1773049157,277491300,world,cf231_leg,-2.66762638092041,-1.8593319654464722,0.9457374811172485
1773049157,282489492,world,cf231,-2.6622543334960938,-1.8556039333343506,0.9600203037261963
1773049157,282489492,world,cf231_leg,-2.6676230430603027,-1.85934317111969,0.9458374977111816
1773049157,288275152,world,cf231,-2.6619763374328613,-1.8556426763534546,0.9599573612213135
1773049157,288275152,world,cf231_leg,-2.667512893676758,-1.8594417572021484,0.9458202123641968
1773049157,292549476,world,cf231,-2.6617681980133057,-1.8557943105697632,0.9599332809448242
1773049157,292549476,world,cf231_leg,-2.6674795150756836,-1.8593838214874268,0.9457763433456421
1773049157,297628625,world,cf231,-2.6614813804626465,-1.8558725118637085,0.9599075317382812
1773049157,297628625,world,cf231_leg,-2.6674585342407227,-1.8595447540283203,0.945793628692627
1773049157,303248079,world,cf231,-2.6613078117370605,-1.8560839891433716,0.9599323272705078
1773049157,303248079,world,cf231_leg,-2.6673552989959717,-1.8594934940338135,0.9457579851150513
1773049157,307497619,world,cf231,-2.6610772609710693,-1.8561688661575317,0.9599173069000244
1773049157,307497619,world,cf231_leg,-2.667362928390503,-1.8596404790878296,0.9455827474594116
1773049157,313476631,world,cf231,-2.6608705520629883,-1.8560887575149536,0.9598639011383057
1773049157,313476631,world,cf231_leg,-2.6672956943511963,-1.8597533702850342,0.9455368518829346
1773049157,317577555,world,cf231,-2.6607296466827393,-1.8562064170837402,0.9597901105880737
1773049157,317577555,world,cf231_leg,-2.6673130989074707,-1.8596724271774292,0.945439338684082
1773049157,323061475,world,cf231,-2.6605703830718994,-1.8562943935394287,0.9598342180252075
1773049157,323061475,world,cf231_leg,-2.667267084121704,-1.8597378730773926,0.9453885555267334
1773049157,327731031,world,cf231,-2.6604042053222656,-1.8563132286071777,0.959673285484314
1773049157,327731031,world,cf231_leg,-2.6673848628997803,-1.8598406314849854,0.9451974630355835
1773049157,332497618,world,cf231,-2.6603126525878906,-1.856362223625183,0.9596296548843384
1773049157,332497618,world,cf231_leg,-2.6674365997314453,-1.859863042831421,0.9453343152999878
1773049157,337973777,world,cf231,-2.66025447845459,-1.8564729690551758,0.9596554040908813
1773049157,337973777,world,cf231_leg,-2.667372465133667,-1.8598037958145142,0.9449694156646729
1773049157,342355782,world,cf231,-2.6603002548217773,-1.8564846515655518,0.9595874547958374
1773049157,342355782,world,cf231_leg,-2.6674726009368896,-1.8598244190216064,0.9449260234832764
1773049157,347588486,world,cf231,-2.6603219509124756,-1.8565503358840942,0.9595812559127808
1773049157,347588486,world,cf231_leg,-2.6675894260406494,-1.8599215745925903,0.9449924230575562
1773049157,353354865,world,cf231,-2.660274028778076,-1.8566142320632935,0.9595122337341309
1773049157,353354865,world,cf231_leg,-2.6675899028778076,-1.8599220514297485,0.944990873336792
1773049157,357552130,world,cf231,-2.6603891849517822,-1.856513261795044,0.9595139026641846
1773049157,357552130,world,cf231_leg,-2.6677658557891846,-1.860012412071228,0.9449487924575806
1773049157,363359861,world,cf231,-2.660465955734253,-1.8566651344299316,0.959396243095398
1773049157,363359861,world,cf231_leg,-2.667825698852539,-1.860004186630249,0.9448225498199463
1773049157,367415535,world,cf231,-2.660593271255493,-1.8566715717315674,0.9594491720199585
1773049157,367415535,world,cf231_leg,-2.6679909229278564,-1.8599858283996582,0.9446961879730225
1773049157,372459074,world,cf231,-2.660660982131958,-1.8566352128982544,0.9593801498413086
1773049157,372459074,world,cf231_leg,-2.6681108474731445,-1.8599553108215332,0.9446367025375366
1773049157,379207710,world,cf231,-2.6608643531799316,-1.856682300567627,0.9593402147293091
1773049157,379207710,world,cf231_leg,-2.6682205200195312,-1.860048770904541,0.9445465803146362
1773049157,382636191,world,cf231,-2.66109561920166,-1.8567025661468506,0.9592950344085693
1773049157,382636191,world,cf231_leg,-2.6684060096740723,-1.859984278678894,0.9444342851638794
1773049157,388214313,world,cf231,-2.6612205505371094,-1.8566737174987793,0.9592338800430298
1773049157,388214313,world,cf231_leg,-2.6685056686401367,-1.8599997758865356,0.9443620443344116
1773049157,393364697,world,cf231,-2.661526679992676,-1.8567391633987427,0.9591356515884399
1773049157,393364697,world,cf231_leg,-2.6687722206115723,-1.860154151916504,0.9443495273590088
1773049157,397953234,world,cf231,-2.6618359088897705,-1.856724500656128,0.9591350555419922
1773049157,397953234,world,cf231_leg,-2.6689364910125732,-1.8601397275924683,0.944256067276001
1773049157,402788300,world,cf231,-2.6619491577148438,-1.8566992282867432,0.9589992761611938
1773049157,402788300,world,cf231_leg,-2.669046401977539,-1.8601146936416626,0.9441238641738892
1773049157,407928905,world,cf231,-2.6623172760009766,-1.8566362857818604,0.9587403535842896
1773049157,407928905,world,cf231_leg,-2.6693215370178223,-1.8601137399673462,0.9440429210662842
1773049157,413471455,world,cf231,-2.6625006198883057,-1.8566100597381592,0.9586485624313354
1773049157,413471455,world,cf231_leg,-2.6694302558898926,-1.8600900173187256,0.9439289569854736
1773049157,417598257,world,cf231,-2.6629884243011475,-1.856689214706421,0.9583656787872314
1773049157,417598257,world,cf231_leg,-2.669773817062378,-1.8601995706558228,0.9438859224319458
1773049157,422671671,world,cf231,-2.6634020805358887,-1.8566944599151611,0.9583026170730591
1773049157,422671671,world,cf231_leg,-2.6699392795562744,-1.8601791858673096,0.9437438249588013
1773049157,427665869,world,cf231,-2.663706064224243,-1.8565248250961304,0.9581844806671143
1773049157,427665869,world,cf231_leg,-2.670192003250122,-1.8602291345596313,0.943702220916748
1773049157,432518402,world,cf231,-2.664257764816284,-1.8564996719360352,0.9581300020217896
1773049157,432518402,world,cf231_leg,-2.670478105545044,-1.8601789474487305,0.9434987306594849
1773049157,438253845,world,cf231,-2.664680004119873,-1.856345772743225,0.9579999446868896
1773049157,438253845,world,cf231_leg,-2.6707112789154053,-1.8601593971252441,0.9434146881103516
1773049157,442448822,world,cf231,-2.6651241779327393,-1.856374979019165,0.9578745365142822
1773049157,442448822,world,cf231_leg,-2.671020984649658,-1.8603264093399048,0.9433566331863403
1773049157,448341077,world,cf231,-2.665606737136841,-1.8563811779022217,0.9578768014907837
1773049157,448341077,world,cf231_leg,-2.6713321208953857,-1.8601468801498413,0.9432121515274048
1773049157,452577692,world,cf231,-2.666041851043701,-1.8562190532684326,0.9577829837799072
1773049157,452577692,world,cf231_leg,-2.6715986728668213,-1.8600715398788452,0.9431602954864502
1773049157,457721196,world,cf231,-2.66654372215271,-1.8561365604400635,0.9576340913772583
1773049157,457721196,world,cf231_leg,-2.671994209289551,-1.8602159023284912,0.9430413246154785
1773049157,463383277,world,cf231,-2.667161703109741,-1.856113076210022,0.9576704502105713
1773049157,463383277,world,cf231_leg,-2.6722922325134277,-1.8601619005203247,0.9429059028625488
1773049157,467462916,world,cf231,-2.6677091121673584,-1.8559281826019287,0.9574602842330933
1773049157,467462916,world,cf231_leg,-2.672638177871704,-1.8601529598236084,0.9427980184555054
1773049157,472476822,world,cf231,-2.6682357788085938,-1.855947494506836,0.9574170112609863
1773049157,472476822,world,cf231_leg,-2.6729278564453125,-1.8601391315460205,0.9427008628845215
1773049157,477652151,world,cf231,-2.66866135597229,-1.85578191280365,0.9571890830993652
1773049157,477652151,world,cf231_leg,-2.67317271232605,-1.8600709438323975,0.9424923658370972
1773049157,482574192,world,cf231,-2.669339418411255,-1.8557442426681519,0.9570835828781128
1773049157,482574192,world,cf231_leg,-2.6736037731170654,-1.8599741458892822,0.9423021078109741
1773049157,487760638,world,cf231,-2.6698601245880127,-1.8556526899337769,0.9566619396209717
1773049157,487760638,world,cf231_leg,-2.6739578247070312,-1.859965443611145,0.9423171281814575
1773049157,492704018,world,cf231,-2.6705687046051025,-1.8557614088058472,0.9565427303314209
1773049157,492704018,world,cf231_leg,-2.6743087768554688,-1.859994649887085,0.9420744180679321
1773049157,497589958,world,cf231,-2.671149492263794,-1.8555850982666016,0.9564144611358643
1773049157,497589958,world,cf231_leg,-2.674647569656372,-1.8599556684494019,0.941930890083313
1773049157,502742629,world,cf231,-2.6717169284820557,-1.8554593324661255,0.9564237594604492
1773049157,502742629,world,cf231_leg,-2.675069570541382,-1.8600194454193115,0.9418379068374634
1773049157,507483028,world,cf231,-2.6723761558532715,-1.8554036617279053,0.9562499523162842
1773049157,507483028,world,cf231_leg,-2.6754324436187744,-1.8599287271499634,0.9416359663009644
1773049157,512585764,world,cf231,-2.672950267791748,-1.85532808303833,0.9559191465377808
1773049157,512585764,world,cf231_leg,-2.6757285594940186,-1.8598778247833252,0.9415364265441895
1773049157,518319516,world,cf231,-2.673762321472168,-1.8553857803344727,0.9559155702590942
1773049157,518319516,world,cf231_leg,-2.6761693954467773,-1.8600083589553833,0.9414715766906738
1773049157,522492793,world,cf231,-2.6743013858795166,-1.855283260345459,0.9559143781661987
1773049157,522492793,world,cf231_leg,-2.6765685081481934,-1.8598953485488892,0.941394567489624
1773049157,528045196,world,cf231,-2.6748721599578857,-1.8552024364471436,0.9558306932449341
1773049157,528045196,world,cf231_leg,-2.6769907474517822,-1.8598432540893555,0.9412739276885986
1773049157,532711476,world,cf231,-2.6757845878601074,-1.8551909923553467,0.9561192989349365
1773049157,532711476,world,cf231_leg,-2.677455186843872,-1.8599214553833008,0.9411522150039673
1773049157,537589546,world,cf231,-2.67639422416687,-1.8552392721176147,0.9556007385253906
1773049157,537589546,world,cf231_leg,-2.677846908569336,-1.8598066568374634,0.9409345388412476
1773049157,543269042,world,cf231,-2.6770036220550537,-1.855085015296936,0.9554164409637451
1773049157,543269042,world,cf231_leg,-2.6782453060150146,-1.8597666025161743,0.9407093524932861
1773049157,547431428,world,cf231,-2.677607536315918,-1.8549212217330933,0.9550353288650513
1773049157,547431428,world,cf231_leg,-2.6786696910858154,-1.8598281145095825,0.9405781030654907
1773049157,552643076,world,cf231,-2.678154468536377,-1.854886531829834,0.9549574851989746
1773049157,552643076,world,cf231_leg,-2.6790480613708496,-1.8597204685211182,0.940327525138855
1773049157,557651175,world,cf231,-2.6789448261260986,-1.8547651767730713,0.9549665451049805
1773049157,557651175,world,cf231_leg,-2.679468870162964,-1.8596696853637695,0.9402256011962891
1773049157,562632850,world,cf231,-2.679619073867798,-1.8545937538146973,0.9548454284667969
1773049157,562632850,world,cf231_leg,-2.6800241470336914,-1.8598451614379883,0.9402486085891724
1773049157,568280318,world,cf231,-2.680328845977783,-1.854628086090088,0.9548619985580444
1773049157,568280318,world,cf231_leg,-2.6804749965667725,-1.8597029447555542,0.9400712251663208
1773049157,572709627,world,cf231,-2.680866241455078,-1.8544912338256836,0.9547464847564697
1773049157,572709627,world,cf231_leg,-2.6808278560638428,-1.8596580028533936,0.9399584531784058
1773049157,577611960,world,cf231,-2.6816182136535645,-1.8545427322387695,0.9547584056854248
1773049157,577611960,world,cf231_leg,-2.681270122528076,-1.8596742153167725,0.9398620128631592
1773049157,584176036,world,cf231,-2.68229603767395,-1.8542824983596802,0.954681396484375
1773049157,584176036,world,cf231_leg,-2.681800603866577,-1.8597549200057983,0.9398162364959717
1773049157,587704529,world,cf231,-2.6829562187194824,-1.8542323112487793,0.9545215368270874
1773049157,587704529,world,cf231_leg,-2.6820991039276123,-1.859580159187317,0.9396240711212158
1773049157,592586784,world,cf231,-2.683596611022949,-1.8541513681411743,0.9544816017150879
1773049157,592586784,world,cf231_leg,-2.6826066970825195,-1.8597142696380615,0.9396324157714844
1773049157,597642670,world,cf231,-2.6842188835144043,-1.8541029691696167,0.9543255567550659
1773049157,597642670,world,cf231_leg,-2.6830732822418213,-1.8597140312194824,0.9396083354949951
1773049157,602514146,world,cf231,-2.6848483085632324,-1.8540196418762207,0.954174280166626
1773049157,602514146,world,cf231_leg,-2.6834423542022705,-1.8596625328063965,0.9392701387405396
1773049157,607642637,world,cf231,-2.685638427734375,-1.854003667831421,0.9541219472885132
1773049157,607642637,world,cf231_leg,-2.6839301586151123,-1.8597266674041748,0.9392369985580444
1773049157,612454768,world,cf231,-2.6863842010498047,-1.8539320230484009,0.953944206237793
1773049157,612454768,world,cf231_leg,-2.684408187866211,-1.8596246242523193,0.9390885829925537
1773049157,617601878,world,cf231,-2.6869635581970215,-1.853872299194336,0.9538296461105347
1773049157,617601878,world,cf231_leg,-2.6848180294036865,-1.8595807552337646,0.9389317035675049
1773049157,622635162,world,cf231,-2.6875858306884766,-1.8538817167282104,0.9536778926849365
1773049157,622635162,world,cf231_leg,-2.6851963996887207,-1.8596984148025513,0.9386879205703735
1773049157,628356180,world,cf231,-2.6883621215820312,-1.8539130687713623,0.9537451267242432
1773049157,628356180,world,cf231_leg,-2.6857266426086426,-1.8596605062484741,0.938601016998291
1773049157,632606684,world,cf231,-2.6889803409576416,-1.8537660837173462,0.9537136554718018
1773049157,632606684,world,cf231_leg,-2.6861026287078857,-1.8595958948135376,0.9385490417480469
1773049157,638345382,world,cf231,-2.689662456512451,-1.8538196086883545,0.9536793231964111
1773049157,638345382,world,cf231_leg,-2.6865994930267334,-1.8597348928451538,0.9384856224060059
1773049157,642610159,world,cf231,-2.6903488636016846,-1.8537880182266235,0.9537042379379272
1773049157,642610159,world,cf231_leg,-2.6870341300964355,-1.8597134351730347,0.9385448694229126
1773049157,647590207,world,cf231,-2.69083833694458,-1.8537527322769165,0.95365309715271
1773049157,647590207,world,cf231_leg,-2.68747615814209,-1.8597323894500732,0.9384629726409912
1773049157,652580768,world,cf231,-2.691624164581299,-1.8538566827774048,0.9536557197570801
1773049157,652580768,world,cf231_leg,-2.6879525184631348,-1.8598436117172241,0.9385362863540649
1773049157,657611301,world,cf231,-2.692333221435547,-1.85377836227417,0.9536784887313843
1773049157,657611301,world,cf231_leg,-2.6883182525634766,-1.8597840070724487,0.9384124279022217
1773049157,662692421,world,cf231,-2.692953586578369,-1.8537225723266602,0.9534906148910522
1773049157,662692421,world,cf231_leg,-2.6887731552124023,-1.8598312139511108,0.9384946823120117
1773049157,667601310,world,cf231,-2.6936848163604736,-1.8538551330566406,0.953594446182251
1773049157,667601310,world,cf231_leg,-2.6892929077148438,-1.859950304031372,0.9384918212890625
1773049157,672674658,world,cf231,-2.6941685676574707,-1.8536961078643799,0.9533551931381226
1773049157,672674658,world,cf231_leg,-2.689589738845825,-1.8599008321762085,0.9383896589279175
1773049157,678282638,world,cf231,-2.694831371307373,-1.8536547422409058,0.9531446695327759
1773049157,678282638,world,cf231_leg,-2.6899654865264893,-1.859952688217163,0.9383625984191895
1773049157,682460534,world,cf231,-2.6955301761627197,-1.853615164756775,0.9532047510147095
1773049157,682460534,world,cf231_leg,-2.6903908252716064,-1.8599276542663574,0.9382860660552979
1773049157,688346451,world,cf231,-2.696089029312134,-1.8535728454589844,0.9531621932983398
1773049157,688346451,world,cf231_leg,-2.6907920837402344,-1.8599597215652466,0.9382972717285156
1773049157,692650375,world,cf231,-2.696676254272461,-1.8535233736038208,0.9532179832458496
1773049157,692650375,world,cf231_leg,-2.691169023513794,-1.8600155115127563,0.9382810592651367
1773049157,697678135,world,cf231,-2.69732666015625,-1.853559970855713,0.9532797336578369
1773049157,697678135,world,cf231_leg,-2.6914892196655273,-1.8600629568099976,0.9382631778717041
1773049157,702578870,world,cf231,-2.6977787017822266,-1.8535785675048828,0.9531991481781006
1773049157,702578870,world,cf231_leg,-2.6919586658477783,-1.860094428062439,0.9383139610290527
1773049157,707550790,world,cf231,-2.698532819747925,-1.8535785675048828,0.9533884525299072
1773049157,707550790,world,cf231_leg,-2.692246913909912,-1.8600775003433228,0.9382046461105347
1773049157,713507214,world,cf231,-2.6991238594055176,-1.8535717725753784,0.9533319473266602
1773049157,713507214,world,cf231_leg,-2.6926028728485107,-1.8602089881896973,0.9382767677307129
1773049157,717651735,world,cf231,-2.699594020843506,-1.8535041809082031,0.9533796310424805
1773049157,717651735,world,cf231_leg,-2.6929547786712646,-1.8601661920547485,0.9381809234619141
1773049157,722662937,world,cf231,-2.700040817260742,-1.8534889221191406,0.953466534614563
1773049157,722662937,world,cf231_leg,-2.693270444869995,-1.8602322340011597,0.938040018081665
1773049157,727636061,world,cf231,-2.700653553009033,-1.853578805923462,0.9534997940063477
1773049157,727636061,world,cf231_leg,-2.6935479640960693,-1.8602654933929443,0.9380505084991455
1773049157,732960308,world,cf231,-2.701096773147583,-1.8536800146102905,0.9536237716674805
1773049157,732960308,world,cf231_leg,-2.6938371658325195,-1.8602900505065918,0.9380983114242554
1773049157,737526372,world,cf231,-2.7016549110412598,-1.8536415100097656,0.9535982608795166
1773049157,737526372,world,cf231_leg,-2.694134473800659,-1.8603909015655518,0.9381335973739624
1773049157,742697612,world,cf231,-2.7021677494049072,-1.8537393808364868,0.9537463188171387
1773049157,742697612,world,cf231_leg,-2.6944360733032227,-1.8604050874710083,0.9382016658782959
1773049157,747603675,world,cf231,-2.702699661254883,-1.8538737297058105,0.9538120031356812
1773049157,747603675,world,cf231_leg,-2.6947250366210938,-1.8604295253753662,0.9382494688034058
1773049157,752664269,world,cf231,-2.7031238079071045,-1.8537547588348389,0.9537760019302368
1773049157,752664269,world,cf231_leg,-2.695002794265747,-1.8605769872665405,0.9382684230804443
1773049157,757568430,world,cf231,-2.7036240100860596,-1.8538613319396973,0.9538875818252563
1773049157,757568430,world,cf231_leg,-2.6951355934143066,-1.8605420589447021,0.9382576942443848
1773049157,762501201,world,cf231,-2.7040011882781982,-1.8538438081741333,0.9539130926132202
1773049157,762501201,world,cf231_leg,-2.6954002380371094,-1.8606183528900146,0.9383636713027954
1773049157,767532404,world,cf231,-2.7043867111206055,-1.8539402484893799,0.9540466070175171
1773049157,767532404,world,cf231_leg,-2.6956684589385986,-1.8606904745101929,0.938414454460144
1773049157,772620671,world,cf231,-2.704671859741211,-1.8540104627609253,0.9541809558868408
1773049157,772620671,world,cf231_leg,-2.6958682537078857,-1.8607630729675293,0.93842613697052
1773049157,777529406,world,cf231,-2.7052042484283447,-1.8539950847625732,0.9542930126190186
1773049157,777529406,world,cf231_leg,-2.696044921875,-1.860776662826538,0.9384984970092773
1773049157,783204228,world,cf231,-2.705603837966919,-1.8541055917739868,0.9545038938522339
1773049157,783204228,world,cf231_leg,-2.696242094039917,-1.8608595132827759,0.938591718673706
1773049157,788405073,world,cf231,-2.7059361934661865,-1.8542894124984741,0.9543131589889526
1773049157,788405073,world,cf231_leg,-2.6964550018310547,-1.8610385656356812,0.9386463165283203
1773049157,792419138,world,cf231,-2.706209659576416,-1.8543593883514404,0.9543559551239014
1773049157,792419138,world,cf231_leg,-2.6966493129730225,-1.8612372875213623,0.9387879371643066
1773049157,797360760,world,cf231,-2.706458568572998,-1.8544902801513672,0.9544938802719116
1773049157,797360760,world,cf231_leg,-2.6966991424560547,-1.8611552715301514,0.9387093782424927
1773049157,803364861,world,cf231,-2.7067177295684814,-1.8544888496398926,0.954707145690918
1773049157,803364861,world,cf231_leg,-2.696927309036255,-1.8613070249557495,0.93892502784729
1773049157,807505288,world,cf231,-2.707012414932251,-1.8547189235687256,0.9546281099319458
1773049157,807505288,world,cf231_leg,-2.6970527172088623,-1.861343264579773,0.9390497207641602
1773049157,812443783,world,cf231,-2.7071666717529297,-1.8549269437789917,0.9549064636230469
1773049157,812443783,world,cf231_leg,-2.6971845626831055,-1.8615354299545288,0.9390604496002197
1773049157,818307601,world,cf231,-2.7075252532958984,-1.8550326824188232,0.9551100730895996
1773049157,818307601,world,cf231_leg,-2.697244644165039,-1.8614968061447144,0.9392565488815308
1773049157,822583550,world,cf231,-2.7076706886291504,-1.8552205562591553,0.9551669359207153
1773049157,822583550,world,cf231_leg,-2.6973986625671387,-1.8617923259735107,0.9393987655639648
1773049157,828192310,world,cf231,-2.7079520225524902,-1.8554106950759888,0.9553536176681519
1773049157,828192310,world,cf231_leg,-2.6975436210632324,-1.8618966341018677,0.9395471811294556
1773049157,832532686,world,cf231,-2.7080318927764893,-1.8555101156234741,0.9554110765457153
1773049157,832532686,world,cf231_leg,-2.6976006031036377,-1.8619381189346313,0.9396628141403198
1773049157,838429655,world,cf231,-2.708143711090088,-1.85568106174469,0.955589771270752
1773049157,838429655,world,cf231_leg,-2.697676420211792,-1.8621633052825928,0.9398287534713745
1773049157,842531363,world,cf231,-2.708277940750122,-1.855841875076294,0.9559000730514526
1773049157,842531363,world,cf231_leg,-2.697796583175659,-1.8622832298278809,0.9399073123931885
1773049157,848135789,world,cf231,-2.7083330154418945,-1.8559216260910034,0.9557526111602783
1773049157,848135789,world,cf231_leg,-2.697834014892578,-1.8624850511550903,0.9400157928466797
1773049157,852478673,world,cf231,-2.7084453105926514,-1.8560866117477417,0.9558944702148438
1773049157,852478673,world,cf231_leg,-2.697805404663086,-1.8625452518463135,0.9401612281799316
1773049157,857609300,world,cf231,-2.7083969116210938,-1.85623300075531,0.9561452865600586
1773049157,857609300,world,cf231_leg,-2.6978111267089844,-1.8626878261566162,0.9402079582214355
1773049157,862564095,world,cf231,-2.70841646194458,-1.8564107418060303,0.9561331272125244
1773049157,862564095,world,cf231_leg,-2.6978676319122314,-1.8628404140472412,0.9403190612792969
1773049157,867458215,world,cf231,-2.708439350128174,-1.8565055131912231,0.9562009572982788
1773049157,867458215,world,cf231_leg,-2.6978983879089355,-1.862942099571228,0.9405570030212402
1773049157,873503308,world,cf231,-2.7084624767303467,-1.856640338897705,0.9564192295074463
1773049157,873503308,world,cf231_leg,-2.6978588104248047,-1.863183856010437,0.9406654834747314
1773049157,877502473,world,cf231,-2.708279848098755,-1.856773018836975,0.9564669132232666
1773049157,877502473,world,cf231_leg,-2.697767734527588,-1.8632348775863647,0.940665602684021
1773049157,882649640,world,cf231,-2.7083115577697754,-1.8569821119308472,0.9566419124603271
1773049157,882649640,world,cf231_leg,-2.6977345943450928,-1.8634827136993408,0.9409464597702026
1773049157,888278563,world,cf231,-2.70815110206604,-1.857071042060852,0.9567054510116577
1773049157,888278563,world,cf231_leg,-2.6977365016937256,-1.863588571548462,0.9408900737762451
1773049157,892384237,world,cf231,-2.708021879196167,-1.8573286533355713,0.9567947387695312
1773049157,892384237,world,cf231_leg,-2.69759464263916,-1.8637031316757202,0.9411008358001709
1773049157,898292130,world,cf231,-2.7078166007995605,-1.8573638200759888,0.9567557573318481
1773049157,898292130,world,cf231_leg,-2.6975691318511963,-1.8638721704483032,0.9412025213241577
1773049157,902513360,world,cf231,-2.7077555656433105,-1.8576287031173706,0.9569450616836548
1773049157,902513360,world,cf231_leg,-2.697437286376953,-1.863908052444458,0.9412105083465576
1773049157,907524691,world,cf231,-2.7075374126434326,-1.857825756072998,0.9570122957229614
1773049157,907524691,world,cf231_leg,-2.6973607540130615,-1.8640950918197632,0.9413337707519531
1773049157,912797144,world,cf231,-2.7073304653167725,-1.8581234216690063,0.9570927619934082
1773049157,912797144,world,cf231_leg,-2.6971938610076904,-1.8641918897628784,0.9413607120513916
1773049157,917572778,world,cf231,-2.707184314727783,-1.8584710359573364,0.9570701122283936
1773049157,917572778,world,cf231_leg,-2.697038173675537,-1.864282488822937,0.9414397478103638
1773049157,922441227,world,cf231,-2.706796407699585,-1.858494758605957,0.9569902420043945
1773049157,922441227,world,cf231_leg,-2.696909189224243,-1.8643537759780884,0.9415555000305176
1773049157,927638150,world,cf231,-2.7065584659576416,-1.8586581945419312,0.957159161567688
1773049157,927638150,world,cf231_leg,-2.6968140602111816,-1.8646461963653564,0.9416900873184204
1773049157,932921142,world,cf231,-2.706174850463867,-1.8588380813598633,0.9569586515426636
1773049157,932921142,world,cf231_leg,-2.6965715885162354,-1.8647840023040771,0.9417132139205933
1773049157,937811292,world,cf231,-2.705775260925293,-1.8590154647827148,0.9569293260574341
1773049157,937811292,world,cf231_leg,-2.6963412761688232,-1.8647998571395874,0.9417628049850464
1773049157,942427898,world,cf231,-2.7053089141845703,-1.8591160774230957,0.9569743871688843
1773049157,942427898,world,cf231_leg,-2.6962878704071045,-1.8651641607284546,0.9418660402297974
1773049157,948721349,world,cf231,-2.705075740814209,-1.859197974205017,0.9572198390960693
1773049157,948721349,world,cf231_leg,-2.696077823638916,-1.8652102947235107,0.9417939186096191
1773049157,952529369,world,cf231,-2.7047250270843506,-1.8595510721206665,0.9570586681365967
1773049157,952529369,world,cf231_leg,-2.695981025695801,-1.8654506206512451,0.9419478178024292
1773049157,958348814,world,cf231,-2.7043144702911377,-1.85966157913208,0.9571317434310913
1773049157,958348814,world,cf231_leg,-2.695793390274048,-1.8655974864959717,0.9419928789138794
1773049157,962506868,world,cf231,-2.704010248184204,-1.860023856163025,0.957309365272522
1773049157,962506868,world,cf231_leg,-2.69553542137146,-1.865744948387146,0.9420207738876343
1773049157,967592993,world,cf231,-2.703505516052246,-1.8601460456848145,0.9572316408157349
1773049157,967592993,world,cf231_leg,-2.695406198501587,-1.8660438060760498,0.942156195640564
1773049157,972616157,world,cf231,-2.7031171321868896,-1.8603168725967407,0.9572598934173584
1773049157,972616157,world,cf231_leg,-2.695140838623047,-1.8661161661148071,0.9421933889389038
1773049157,977533408,world,cf231,-2.7026782035827637,-1.8605674505233765,0.9573318958282471
1773049157,977533408,world,cf231_leg,-2.694849967956543,-1.8663194179534912,0.9421883821487427
1773049157,982552733,world,cf231,-2.702274799346924,-1.8610049486160278,0.9574304819107056
1773049157,982552733,world,cf231_leg,-2.6947498321533203,-1.866523265838623,0.942238450050354
1773049157,987636972,world,cf231,-2.7016942501068115,-1.861099362373352,0.9575152397155762
1773049157,987636972,world,cf231_leg,-2.6944899559020996,-1.8667470216751099,0.9421532154083252
1773049157,992564629,world,cf231,-2.7012462615966797,-1.8612327575683594,0.9574624300003052
1773049157,992564629,world,cf231_leg,-2.694103956222534,-1.8667019605636597,0.9421278238296509
1773049157,997559446,world,cf231,-2.7009687423706055,-1.8616892099380493,0.9576841592788696
1773049157,997559446,world,cf231_leg,-2.6939384937286377,-1.8669390678405762,0.9422321319580078
1773049158,4256800,world,cf231,-2.700382709503174,-1.861831545829773,0.9575775861740112
1773049158,4256800,world,cf231_leg,-2.6937174797058105,-1.8670251369476318,0.9422208070755005
1773049158,7424960,world,cf231,-2.699753522872925,-1.862105131149292,0.9576061964035034
1773049158,7424960,world,cf231_leg,-2.693396806716919,-1.8670929670333862,0.9422681331634521
1773049158,14274425,world,cf231,-2.699284076690674,-1.862329363822937,0.9577218294143677
1773049158,14274425,world,cf231_leg,-2.6930670738220215,-1.8671671152114868,0.9422404766082764
1773049158,17587741,world,cf231,-2.6988236904144287,-1.8625850677490234,0.957625150680542
1773049158,17587741,world,cf231_leg,-2.692810297012329,-1.8673235177993774,0.9423091411590576
1773049158,22484789,world,cf231,-2.6982648372650146,-1.8627362251281738,0.9576491117477417
1773049158,22484789,world,cf231_leg,-2.6925158500671387,-1.8674451112747192,0.9422438144683838
1773049158,27462555,world,cf231,-2.6976585388183594,-1.8629542589187622,0.9576218128204346
1773049158,27462555,world,cf231_leg,-2.6923227310180664,-1.8676015138626099,0.9423949718475342
1773049158,32646553,world,cf231,-2.6970179080963135,-1.8632254600524902,0.9575402736663818
1773049158,32646553,world,cf231_leg,-2.692023754119873,-1.8677340745925903,0.9424314498901367
1773049158,38349769,world,cf231,-2.6965010166168213,-1.8635165691375732,0.957605242729187
1773049158,38349769,world,cf231_leg,-2.6918349266052246,-1.8678797483444214,0.9424806833267212
1773049158,42416441,world,cf231,-2.695986270904541,-1.863797664642334,0.9575929641723633
1773049158,42416441,world,cf231_leg,-2.6915671825408936,-1.8681490421295166,0.9424616098403931
1773049158,47605903,world,cf231,-2.695443868637085,-1.864206075668335,0.9575101137161255
1773049158,47605903,world,cf231_leg,-2.691394329071045,-1.8683208227157593,0.9426355361938477
1773049158,52652467,world,cf231,-2.6949620246887207,-1.8643962144851685,0.9574216604232788
1773049158,52652467,world,cf231_leg,-2.691049575805664,-1.8682916164398193,0.9426001310348511
1773049158,57582666,world,cf231,-2.6941909790039062,-1.8646029233932495,0.9571375846862793
1773049158,57582666,world,cf231_leg,-2.6908726692199707,-1.8685424327850342,0.9426968097686768
1773049158,62620724,world,cf231,-2.6936428546905518,-1.8648275136947632,0.957095742225647
1773049158,62620724,world,cf231_leg,-2.690609931945801,-1.868728756904602,0.9427220821380615
1773049158,67533735,world,cf231,-2.6929469108581543,-1.8649828433990479,0.9570280313491821
1773049158,67533735,world,cf231_leg,-2.690338611602783,-1.8689236640930176,0.9424537420272827
1773049158,72481960,world,cf231,-2.6924328804016113,-1.8651480674743652,0.9570049047470093
1773049158,72481960,world,cf231_leg,-2.690023899078369,-1.8690705299377441,0.9425257444381714
1773049158,77630613,world,cf231,-2.6920201778411865,-1.8654839992523193,0.9570698738098145
1773049158,77630613,world,cf231_leg,-2.689879894256592,-1.869225263595581,0.9424954652786255
1773049158,84202585,world,cf231,-2.691354274749756,-1.8656654357910156,0.9569606781005859
1773049158,84202585,world,cf231_leg,-2.689582347869873,-1.8693543672561646,0.9424984455108643
1773049158,87561147,world,cf231,-2.6907737255096436,-1.8659781217575073,0.9569785594940186
1773049158,87561147,world,cf231_leg,-2.689392566680908,-1.8694989681243896,0.9425513744354248
1773049158,92568574,world,cf231,-2.6901583671569824,-1.8660900592803955,0.9568759202957153
1773049158,92568574,world,cf231_leg,-2.68914794921875,-1.8696019649505615,0.9424669742584229
1773049158,97799854,world,cf231,-2.6897096633911133,-1.8663336038589478,0.9568014144897461
1773049158,97799854,world,cf231_leg,-2.6889455318450928,-1.8697543144226074,0.942484974861145
1773049158,102435570,world,cf231,-2.6892857551574707,-1.8666759729385376,0.9568113088607788
1773049158,102435570,world,cf231_leg,-2.688636541366577,-1.8697786331176758,0.9424393177032471
1773049158,108106815,world,cf231,-2.6885855197906494,-1.8667114973068237,0.9567437171936035
1773049158,108106815,world,cf231_leg,-2.688368082046509,-1.8699312210083008,0.9423973560333252
1773049158,112725345,world,cf231,-2.6880125999450684,-1.8668378591537476,0.9566178321838379
1773049158,112725345,world,cf231_leg,-2.6881449222564697,-1.8699851036071777,0.9422917366027832
1773049158,118178466,world,cf231,-2.6875674724578857,-1.8672345876693726,0.9566625356674194
1773049158,118178466,world,cf231_leg,-2.687856435775757,-1.87007474899292,0.9422553777694702
1773049158,122539647,world,cf231,-2.687222480773926,-1.8675628900527954,0.956818699836731
1773049158,122539647,world,cf231_leg,-2.6876752376556396,-1.8701878786087036,0.9423128366470337
1773049158,127537584,world,cf231,-2.686741828918457,-1.8676202297210693,0.9566092491149902
1773049158,127537584,world,cf231_leg,-2.687441110610962,-1.870285987854004,0.9422992467880249
1773049158,133260246,world,cf231,-2.6863150596618652,-1.8678717613220215,0.9567747116088867
1773049158,133260246,world,cf231_leg,-2.687241792678833,-1.8703231811523438,0.9422670602798462
1773049158,137476376,world,cf231,-2.6857733726501465,-1.8680225610733032,0.9565857648849487
1773049158,137476376,world,cf231_leg,-2.6871540546417236,-1.8704835176467896,0.9422241449356079
1773049158,142930580,world,cf231,-2.6853015422821045,-1.868175745010376,0.9564573764801025
1773049158,142930580,world,cf231_leg,-2.686875104904175,-1.8704166412353516,0.9421035051345825
1773049158,148801396,world,cf231,-2.6849746704101562,-1.868315577507019,0.956742525100708
1773049158,148801396,world,cf231_leg,-2.686607599258423,-1.870570182800293,0.9420586824417114
1773049158,156334168,world,cf231,-2.6845531463623047,-1.8684841394424438,0.9562792778015137
1773049158,156334168,world,cf231_leg,-2.6865389347076416,-1.8706886768341064,0.9420623779296875
1773049158,157492521,world,cf231,-2.68420147895813,-1.8686020374298096,0.95633864402771
1773049158,157492521,world,cf231_leg,-2.686350107192993,-1.8706809282302856,0.9419403076171875
1773049158,162582830,world,cf231,-2.6838760375976562,-1.8687129020690918,0.9562650918960571
1773049158,162582830,world,cf231_leg,-2.6860246658325195,-1.8707947731018066,0.9417972564697266
1773049158,167894919,world,cf231,-2.6836371421813965,-1.8687998056411743,0.9561527967453003
1773049158,167894919,world,cf231_leg,-2.6859898567199707,-1.8709672689437866,0.9418109655380249
1773049158,172547798,world,cf231,-2.683292865753174,-1.8688805103302002,0.9561969041824341
1773049158,172547798,world,cf231_leg,-2.685880184173584,-1.8709521293640137,0.9417822360992432
1773049158,177574916,world,cf231,-2.6830852031707764,-1.869033932685852,0.9561929702758789
1773049158,177574916,world,cf231_leg,-2.6856255531311035,-1.8709825277328491,0.9417445659637451
1773049158,182589354,world,cf231,-2.6828103065490723,-1.8690712451934814,0.9561097621917725
1773049158,182589354,world,cf231_leg,-2.6856164932250977,-1.871137022972107,0.9418127536773682
1773049158,187582455,world,cf231,-2.6825687885284424,-1.8691680431365967,0.9560755491256714
1773049158,187582455,world,cf231_leg,-2.6855268478393555,-1.8711895942687988,0.9418089389801025
1773049158,192466106,world,cf231,-2.6823971271514893,-1.8692610263824463,0.9560666084289551
1773049158,192466106,world,cf231_leg,-2.6853489875793457,-1.8711774349212646,0.9417558908462524
1773049158,197658446,world,cf231,-2.6821792125701904,-1.8693056106567383,0.9559915065765381
1773049158,197658446,world,cf231_leg,-2.6852593421936035,-1.8712300062179565,0.9417521953582764
1773049158,202564964,world,cf231,-2.6820068359375,-1.8692941665649414,0.9560428857803345
1773049158,202564964,world,cf231_leg,-2.685194969177246,-1.871377944946289,0.9418143033981323
1773049158,207569172,world,cf231,-2.681847095489502,-1.869335412979126,0.9559007883071899
1773049158,207569172,world,cf231_leg,-2.685063123703003,-1.8713003396987915,0.9418115615844727
1773049158,212490325,world,cf231,-2.6817197799682617,-1.8694473505020142,0.9558817148208618
1773049158,212490325,world,cf231_leg,-2.6850852966308594,-1.8713626861572266,0.9417855739593506
1773049158,219238471,world,cf231,-2.681683301925659,-1.8695590496063232,0.9561125040054321
1773049158,219238471,world,cf231_leg,-2.6850624084472656,-1.8715288639068604,0.9418519735336304
1773049158,222389354,world,cf231,-2.681546449661255,-1.8695995807647705,0.9561547040939331
1773049158,222389354,world,cf231_leg,-2.684941291809082,-1.8714067935943604,0.9417586326599121
1773049158,227568467,world,cf231,-2.681420087814331,-1.8695902824401855,0.9560849666595459
1773049158,227568467,world,cf231_leg,-2.6849617958068848,-1.8714724779129028,0.9417672157287598
1773049158,234271337,world,cf231,-2.6814115047454834,-1.8695749044418335,0.9558786153793335
1773049158,234271337,world,cf231_leg,-2.684864044189453,-1.8714511394500732,0.9417905807495117
1773049158,237565558,world,cf231,-2.681410312652588,-1.869631290435791,0.9561420679092407
1773049158,237565558,world,cf231_leg,-2.684985876083374,-1.871571660041809,0.9418667554855347
1773049158,242460367,world,cf231,-2.681365728378296,-1.8695697784423828,0.9559817314147949
1773049158,242460367,world,cf231_leg,-2.684830904006958,-1.8713934421539307,0.9417468309402466
1773049158,247657153,world,cf231,-2.6813852787017822,-1.869648814201355,0.9560695886611938
1773049158,247657153,world,cf231_leg,-2.6848978996276855,-1.8715072870254517,0.9418168067932129
1773049158,253305318,world,cf231,-2.6812729835510254,-1.8695160150527954,0.9560202360153198
1773049158,253305318,world,cf231_leg,-2.6850202083587646,-1.8716257810592651,0.9418760538101196
1773049158,257621113,world,cf231,-2.6813650131225586,-1.8694651126861572,0.956043004989624
1773049158,257621113,world,cf231_leg,-2.684929609298706,-1.8715264797210693,0.9417177438735962
1773049158,262502311,world,cf231,-2.681413173675537,-1.8693503141403198,0.955885648727417
1773049158,262502311,world,cf231_leg,-2.684962511062622,-1.8714706897735596,0.9417502880096436
1773049158,268430666,world,cf231,-2.6814818382263184,-1.8693516254425049,0.955949068069458
1773049158,268430666,world,cf231_leg,-2.6849617958068848,-1.8714724779129028,0.9417672157287598
1773049158,272396799,world,cf231,-2.6816751956939697,-1.869321346282959,0.9559335708618164
1773049158,272396799,world,cf231_leg,-2.685016632080078,-1.8713675737380981,0.941778302192688
1773049158,281474834,world,cf231,-2.681755542755127,-1.869276762008667,0.9559001922607422
1773049158,281474834,world,cf231_leg,-2.6850509643554688,-1.8714218139648438,0.941787838935852
1773049158,282519640,world,cf231,-2.681926965713501,-1.8691837787628174,0.9559094905853271
1773049158,282519640,world,cf231_leg,-2.685128927230835,-1.8713754415512085,0.9417392015457153
1773049158,288366950,world,cf231,-2.682042121887207,-1.8690807819366455,0.9558917284011841
1773049158,288366950,world,cf231_leg,-2.6852054595947266,-1.8713330030441284,0.9417241811752319
1773049158,292390157,world,cf231,-2.6822266578674316,-1.8689762353897095,0.9559190273284912
1773049158,292390157,world,cf231_leg,-2.6852951049804688,-1.871280550956726,0.9417279958724976
1773049158,297559087,world,cf231,-2.682502508163452,-1.8689335584640503,0.9559640884399414
1773049158,297559087,world,cf231_leg,-2.6854259967803955,-1.8713597059249878,0.941747784614563
1773049158,303322137,world,cf231,-2.6826748847961426,-1.8688384294509888,0.9559534788131714
1773049158,303322137,world,cf231_leg,-2.68557071685791,-1.8713139295578003,0.941757321357727
1773049158,307706299,world,cf231,-2.6828818321228027,-1.868687391281128,0.9559767246246338
1773049158,307706299,world,cf231_leg,-2.6855127811431885,-1.8711607456207275,0.9416476488113403
1773049158,312677111,world,cf231,-2.6831769943237305,-1.868678331375122,0.9559210538864136
1773049158,312677111,world,cf231_leg,-2.6856236457824707,-1.8711721897125244,0.9416427612304688
1773049158,317589232,world,cf231,-2.6833384037017822,-1.8685160875320435,0.9560118913650513
1773049158,317589232,world,cf231_leg,-2.6858227252960205,-1.8710236549377441,0.9416795969009399
1773049158,322499424,world,cf231,-2.6836020946502686,-1.8684824705123901,0.9560202360153198
1773049158,322499424,world,cf231_leg,-2.685934066772461,-1.8710331916809082,0.9416581392288208
1773049158,327436780,world,cf231,-2.683774948120117,-1.868384599685669,0.9559903144836426
1773049158,327436780,world,cf231_leg,-2.6860463619232178,-1.8709276914596558,0.9416075944900513
1773049158,332715113,world,cf231,-2.68414306640625,-1.8682916164398193,0.9560575485229492
1773049158,332715113,world,cf231_leg,-2.686311721801758,-1.870892882347107,0.9417150020599365
1773049158,337788012,world,cf231,-2.684386730194092,-1.8680744171142578,0.9560391902923584
1773049158,337788012,world,cf231_leg,-2.686343193054199,-1.8708006143569946,0.9416208267211914
1773049158,342616597,world,cf231,-2.6847434043884277,-1.8679109811782837,0.9561914205551147
1773049158,342616597,world,cf231_leg,-2.6865525245666504,-1.870720386505127,0.9415798187255859
1773049158,347733738,world,cf231,-2.685046434402466,-1.8678287267684937,0.955984354019165
1773049158,347733738,world,cf231_leg,-2.686678171157837,-1.870645523071289,0.9417074918746948
1773049158,352776120,world,cf231,-2.6852643489837646,-1.867628574371338,0.9558948278427124
1773049158,352776120,world,cf231_leg,-2.6869540214538574,-1.8706791400909424,0.9417363405227661
1773049158,357895362,world,cf231,-2.68565034866333,-1.867426872253418,0.9559671878814697
1773049158,357895362,world,cf231_leg,-2.6870477199554443,-1.870460033416748,0.9414509534835815
1773049158,362706246,world,cf231,-2.685999870300293,-1.8671547174453735,0.9560225009918213
1773049158,362706246,world,cf231_leg,-2.6872522830963135,-1.8704057931900024,0.9413329362869263
1773049158,368705260,world,cf231,-2.686331272125244,-1.8671249151229858,0.9561140537261963
1773049158,368705260,world,cf231_leg,-2.687527894973755,-1.8703258037567139,0.9413514137268066
1773049158,372804067,world,cf231,-2.686710834503174,-1.8669955730438232,0.9561372995376587
1773049158,372804067,world,cf231_leg,-2.6877410411834717,-1.8702746629714966,0.941369891166687
1773049158,377906010,world,cf231,-2.687055826187134,-1.8666857481002808,0.956087589263916
1773049158,377906010,world,cf231_leg,-2.6879677772521973,-1.8703402280807495,0.941257119178772
1773049158,382668083,world,cf231,-2.687350034713745,-1.8665658235549927,0.9560586214065552
1773049158,382668083,world,cf231_leg,-2.688225269317627,-1.8702272176742554,0.9413602352142334
1773049158,388402742,world,cf231,-2.687717914581299,-1.8663264513015747,0.9560151100158691
1773049158,388402742,world,cf231_leg,-2.6884591579437256,-1.8701311349868774,0.9413903951644897
1773049158,392624291,world,cf231,-2.6880955696105957,-1.866197943687439,0.9560626745223999
1773049158,392624291,world,cf231_leg,-2.6886911392211914,-1.8700027465820312,0.9413249492645264
1773049158,397607525,world,cf231,-2.6884946823120117,-1.866016149520874,0.9560739994049072
1773049158,397607525,world,cf231_leg,-2.688976764678955,-1.8699908256530762,0.9412661790847778
1773049158,402435089,world,cf231,-2.6888821125030518,-1.8658102750778198,0.9559293985366821
1773049158,402435089,world,cf231_leg,-2.6892547607421875,-1.8699133396148682,0.941277027130127
1773049158,408350912,world,cf231,-2.689329147338867,-1.8656810522079468,0.9560208320617676
1773049158,408350912,world,cf231_leg,-2.6894118785858154,-1.869748592376709,0.9413260221481323
1773049158,413164244,world,cf231,-2.689547061920166,-1.8653310537338257,0.9558043479919434
1773049158,413164244,world,cf231_leg,-2.689652919769287,-1.869690179824829,0.9412007331848145
1773049158,419279150,world,cf231,-2.6900503635406494,-1.8652055263519287,0.9558875560760498
1773049158,419279150,world,cf231_leg,-2.6899521350860596,-1.8695553541183472,0.9411476850509644
1773049158,424167851,world,cf231,-2.6904494762420654,-1.865026831626892,0.9559167623519897
1773049158,424167851,world,cf231_leg,-2.6901605129241943,-1.8694769144058228,0.9411245584487915
1773049158,427492416,world,cf231,-2.690985918045044,-1.8649182319641113,0.9558786153793335
1773049158,427492416,world,cf231_leg,-2.690446376800537,-1.8694654703140259,0.9410644769668579
1773049158,432372724,world,cf231,-2.6913177967071533,-1.864626169204712,0.9558478593826294
1773049158,432372724,world,cf231_leg,-2.6907238960266113,-1.869268536567688,0.9410372972488403
1773049158,437519426,world,cf231,-2.6916942596435547,-1.864350438117981,0.9557883739471436
1773049158,437519426,world,cf231_leg,-2.6909000873565674,-1.8691307306289673,0.9409531354904175
1773049158,442637190,world,cf231,-2.692106246948242,-1.8641268014907837,0.955718994140625
1773049158,442637190,world,cf231_leg,-2.691274881362915,-1.8690658807754517,0.9408994913101196
1773049158,447476163,world,cf231,-2.69245982170105,-1.8639005422592163,0.955681324005127
1773049158,447476163,world,cf231_leg,-2.6915056705474854,-1.8689390420913696,0.9408528804779053
1773049158,452607504,world,cf231,-2.6929538249969482,-1.863661527633667,0.955655574798584
1773049158,452607504,world,cf231_leg,-2.6917781829833984,-1.8688257932662964,0.940780758857727
1773049158,458301904,world,cf231,-2.693387508392334,-1.863500714302063,0.9555610418319702
1773049158,458301904,world,cf231_leg,-2.6920690536499023,-1.8687306642532349,0.940766453742981
1773049158,462638467,world,cf231,-2.693803071975708,-1.86314857006073,0.9553834199905396
1773049158,462638467,world,cf231_leg,-2.692322015762329,-1.8686639070510864,0.9406781196594238
1773049158,467524083,world,cf231,-2.6943068504333496,-1.8629813194274902,0.9552956819534302
1773049158,467524083,world,cf231_leg,-2.6925504207611084,-1.8684993982315063,0.9405089616775513
1773049158,472970745,world,cf231,-2.6946988105773926,-1.8628004789352417,0.9551874399185181
1773049158,472970745,world,cf231_leg,-2.692970037460327,-1.868486762046814,0.9405498504638672
1773049158,477717643,world,cf231,-2.695089101791382,-1.8626184463500977,0.9550833702087402
1773049158,477717643,world,cf231_leg,-2.6930463314056396,-1.8682923316955566,0.9403811693191528
1773049158,482525348,world,cf231,-2.6956799030303955,-1.8625248670578003,0.9551129341125488
1773049158,482525348,world,cf231_leg,-2.6934077739715576,-1.8682421445846558,0.9403403997421265
1773049158,487542580,world,cf231,-2.69608211517334,-1.8622967004776,0.9549129009246826
1773049158,487542580,world,cf231_leg,-2.6936864852905273,-1.868041753768921,0.9402796030044556
1773049158,493814200,world,cf231,-2.696542978286743,-1.8621116876602173,0.9548320770263672
1773049158,493814200,world,cf231_leg,-2.693875312805176,-1.8680952787399292,0.9399338960647583
1773049158,497637978,world,cf231,-2.6969566345214844,-1.8618805408477783,0.9547059535980225
1773049158,497637978,world,cf231_leg,-2.694246768951416,-1.8680275678634644,0.9401226043701172
1773049158,502545282,world,cf231,-2.697415351867676,-1.8617057800292969,0.9547021389007568
1773049158,502545282,world,cf231_leg,-2.69456148147583,-1.8678325414657593,0.9398472309112549
1773049158,507549286,world,cf231,-2.6978695392608643,-1.861616611480713,0.9546381235122681
1773049158,507549286,world,cf231_leg,-2.6947946548461914,-1.8678091764450073,0.9397295713424683
1773049158,512588432,world,cf231,-2.698300361633301,-1.861459493637085,0.9545873403549194
1773049158,512588432,world,cf231_leg,-2.6950860023498535,-1.8677856922149658,0.9395489692687988
1773049158,517586536,world,cf231,-2.698655605316162,-1.861228585243225,0.9545111656188965
1773049158,517586536,world,cf231_leg,-2.6954755783081055,-1.8677154779434204,0.9395239353179932
1773049158,522431969,world,cf231,-2.6991922855377197,-1.8610106706619263,0.9544984102249146
1773049158,522431969,world,cf231_leg,-2.6956379413604736,-1.867588758468628,0.939440131187439
1773049158,527470989,world,cf231,-2.699479341506958,-1.8607816696166992,0.954376220703125
1773049158,527470989,world,cf231_leg,-2.69596266746521,-1.8676713705062866,0.9392732381820679
1773049158,532442974,world,cf231,-2.700049638748169,-1.8607341051101685,0.9543849229812622
1773049158,532442974,world,cf231_leg,-2.6962382793426514,-1.8675918579101562,0.9392913579940796
1773049158,537368486,world,cf231,-2.7003493309020996,-1.860493779182434,0.9542801380157471
1773049158,537368486,world,cf231_leg,-2.6964797973632812,-1.8675312995910645,0.9391505718231201
1773049158,544314909,world,cf231,-2.7007241249084473,-1.8603330850601196,0.9542375802993774
1773049158,544314909,world,cf231_leg,-2.6968109607696533,-1.8675674200057983,0.9391545057296753
1773049158,547490763,world,cf231,-2.7012038230895996,-1.860221028327942,0.9542096853256226
1773049158,547490763,world,cf231_leg,-2.6971206665039062,-1.8675446510314941,0.9391967058181763
1773049158,559399582,world,cf231,-2.7017641067504883,-1.8601044416427612,0.9543002843856812
1773049158,559399582,world,cf231_leg,-2.697396993637085,-1.8674275875091553,0.9390690326690674
1773049158,559540636,world,cf231,-2.7021994590759277,-1.8599361181259155,0.9541497230529785
1773049158,559540636,world,cf231_leg,-2.6975173950195312,-1.8672845363616943,0.9389975070953369
1773049158,562888317,world,cf231,-2.702608108520508,-1.8598361015319824,0.954153299331665
1773049158,562888317,world,cf231_leg,-2.697815179824829,-1.86726713180542,0.9389897584915161
1773049158,567486028,world,cf231,-2.703066349029541,-1.8597655296325684,0.9540891647338867
1773049158,567486028,world,cf231_leg,-2.698024034500122,-1.8673008680343628,0.9389595985412598
1773049158,572673526,world,cf231,-2.7033801078796387,-1.8595514297485352,0.9541336297988892
1773049158,572673526,world,cf231_leg,-2.6982693672180176,-1.8671607971191406,0.9388982057571411
1773049158,577474714,world,cf231,-2.7037274837493896,-1.8594584465026855,0.9539942741394043
1773049158,577474714,world,cf231_leg,-2.6985878944396973,-1.8672071695327759,0.9388819932937622
1773049158,583777721,world,cf231,-2.7041969299316406,-1.8593109846115112,0.9541642665863037
1773049158,583777721,world,cf231_leg,-2.698850631713867,-1.8672486543655396,0.9388771057128906
1773049158,587438742,world,cf231,-2.704423666000366,-1.8591538667678833,0.9539388418197632
1773049158,587438742,world,cf231_leg,-2.6991288661956787,-1.8671616315841675,0.9388282299041748
1773049158,592540613,world,cf231,-2.704890489578247,-1.8591108322143555,0.9536464214324951
1773049158,592540613,world,cf231_leg,-2.699237823486328,-1.867138385772705,0.9387142658233643
1773049158,598385433,world,cf231,-2.7052321434020996,-1.859151840209961,0.9536539316177368
1773049158,598385433,world,cf231_leg,-2.699533224105835,-1.867126703262329,0.9387575387954712
1773049158,602620000,world,cf231,-2.705660104751587,-1.8589811325073242,0.9537928104400635
1773049158,602620000,world,cf231_leg,-2.699702024459839,-1.8669837713241577,0.9385201930999756
1773049158,609188635,world,cf231,-2.705955743789673,-1.8589768409729004,0.9537529945373535
1773049158,609188635,world,cf231_leg,-2.699897050857544,-1.8670693635940552,0.9386489391326904
1773049158,612505417,world,cf231,-2.7063069343566895,-1.8589788675308228,0.9537245035171509
1773049158,612505417,world,cf231_leg,-2.700157880783081,-1.8671317100524902,0.9385130405426025
1773049158,617459649,world,cf231,-2.706587791442871,-1.858856201171875,0.9538443088531494
1773049158,617459649,world,cf231_leg,-2.7003471851348877,-1.8669888973236084,0.9384785890579224
1773049158,623375256,world,cf231,-2.7069387435913086,-1.8588883876800537,0.9539148807525635
1773049158,623375256,world,cf231_leg,-2.7005341053009033,-1.8670713901519775,0.9384698867797852
1773049158,627618137,world,cf231,-2.7072229385375977,-1.8589177131652832,0.9538993835449219
1773049158,627618137,world,cf231_leg,-2.700812339782715,-1.867212176322937,0.9384396076202393
1773049158,633237754,world,cf231,-2.7075319290161133,-1.8587955236434937,0.9539190530776978
1773049158,633237754,world,cf231_leg,-2.7010116577148438,-1.8671729564666748,0.9384565353393555
1773049158,638361494,world,cf231,-2.7077114582061768,-1.8587732315063477,0.953871488571167
1773049158,638361494,world,cf231_leg,-2.7011778354644775,-1.8671891689300537,0.938441276550293
1773049158,642734239,world,cf231,-2.707998037338257,-1.8590800762176514,0.9537842273712158
1773049158,642734239,world,cf231_leg,-2.7013330459594727,-1.867214560508728,0.9383872747421265
1773049158,647513072,world,cf231,-2.7083117961883545,-1.8591080904006958,0.9536477327346802
1773049158,647513072,world,cf231_leg,-2.7015860080718994,-1.8672975301742554,0.9384369850158691
1773049158,652775177,world,cf231,-2.7084717750549316,-1.859021782875061,0.9536027908325195
1773049158,652775177,world,cf231_leg,-2.7017738819122314,-1.8673783540725708,0.938410758972168
1773049158,658368868,world,cf231,-2.7087178230285645,-1.8592298030853271,0.953622579574585
1773049158,658368868,world,cf231_leg,-2.701904535293579,-1.867455244064331,0.9384151697158813
1773049158,662676387,world,cf231,-2.708829641342163,-1.8592101335525513,0.9535266160964966
1773049158,662676387,world,cf231_leg,-2.7020392417907715,-1.8674124479293823,0.9383382797241211
1773049158,667491003,world,cf231,-2.7091917991638184,-1.8593530654907227,0.9536609649658203
1773049158,667491003,world,cf231_leg,-2.702237129211426,-1.8675971031188965,0.9383624792098999
1773049158,672508090,world,cf231,-2.709348440170288,-1.8594938516616821,0.9536248445510864
1773049158,672508090,world,cf231_leg,-2.702368974685669,-1.8675614595413208,0.9383536577224731
1773049158,677706663,world,cf231,-2.709653854370117,-1.8596290349960327,0.953751802444458
1773049158,677706663,world,cf231_leg,-2.7025043964385986,-1.86762535572052,0.9382394552230835
1773049158,682522892,world,cf231,-2.7097673416137695,-1.8596413135528564,0.9537492990493774
1773049158,682522892,world,cf231_leg,-2.70271635055542,-1.8678011894226074,0.9382791519165039
1773049158,687570897,world,cf231,-2.70976185798645,-1.8596919775009155,0.953576922416687
1773049158,687570897,world,cf231_leg,-2.702857255935669,-1.8678710460662842,0.9383387565612793
1773049158,692550446,world,cf231,-2.7100460529327393,-1.8598687648773193,0.9536666870117188
1773049158,692550446,world,cf231_leg,-2.7028887271881104,-1.8677783012390137,0.9382470846176147
1773049158,697550915,world,cf231,-2.710145950317383,-1.8600019216537476,0.9536226987838745
1773049158,697550915,world,cf231_leg,-2.702993869781494,-1.8680951595306396,0.9381873607635498
1773049158,702425897,world,cf231,-2.7103466987609863,-1.8601958751678467,0.9536908864974976
1773049158,702425897,world,cf231_leg,-2.703092098236084,-1.868117332458496,0.938162088394165
1773049158,707638698,world,cf231,-2.7104227542877197,-1.860381007194519,0.9536868333816528
1773049158,707638698,world,cf231_leg,-2.703167200088501,-1.8681869506835938,0.9381618499755859
1773049158,712620445,world,cf231,-2.710521697998047,-1.8605166673660278,0.9536622762680054
1773049158,712620445,world,cf231_leg,-2.703251838684082,-1.8683269023895264,0.9381000995635986
1773049158,717396111,world,cf231,-2.7106215953826904,-1.8606497049331665,0.9536186456680298
1773049158,717396111,world,cf231_leg,-2.7034056186676025,-1.8684979677200317,0.9381725788116455
1773049158,722477856,world,cf231,-2.7106428146362305,-1.8608224391937256,0.9535670280456543
1773049158,722477856,world,cf231_leg,-2.7034695148468018,-1.868573784828186,0.9381200075149536
1773049158,727578595,world,cf231,-2.7107362747192383,-1.8610824346542358,0.9536356925964355
1773049158,727578595,world,cf231_leg,-2.703470468521118,-1.868574857711792,0.9381169080734253
1773049158,732384031,world,cf231,-2.7106809616088867,-1.8611797094345093,0.9535634517669678
1773049158,732384031,world,cf231_leg,-2.703545093536377,-1.8687580823898315,0.9381266832351685
1773049158,738270124,world,cf231,-2.7108359336853027,-1.8614295721054077,0.9535038471221924
1773049158,738270124,world,cf231_leg,-2.70351243019104,-1.8688137531280518,0.938093900680542
1773049158,743452112,world,cf231,-2.7106969356536865,-1.8615777492523193,0.9535250663757324
1773049158,743452112,world,cf231_leg,-2.70358943939209,-1.8688803911209106,0.9380574226379395
1773049158,747641163,world,cf231,-2.710782051086426,-1.8618371486663818,0.9534773826599121
1773049158,747641163,world,cf231_leg,-2.703632116317749,-1.8690060377120972,0.9380230903625488
1773049158,752467105,world,cf231,-2.710798978805542,-1.8621224164962769,0.9534457921981812
1773049158,752467105,world,cf231_leg,-2.703673839569092,-1.869133472442627,0.9380061626434326
1773049158,761049276,world,cf231,-2.7107040882110596,-1.8622931241989136,0.9534744024276733
1773049158,761049276,world,cf231_leg,-2.7036855220794678,-1.8692413568496704,0.9380671977996826
1773049158,764028497,world,cf231,-2.7107882499694824,-1.862695336341858,0.953518271446228
1773049158,764028497,world,cf231_leg,-2.703683614730835,-1.8693175315856934,0.9379535913467407
1773049158,767499086,world,cf231,-2.7106478214263916,-1.862777829170227,0.9533313512802124
1773049158,767499086,world,cf231_leg,-2.703671455383301,-1.8694396018981934,0.9379265308380127
1773049158,773284105,world,cf231,-2.7106895446777344,-1.8631960153579712,0.9534958600997925
1773049158,773284105,world,cf231_leg,-2.703704833984375,-1.8696091175079346,0.9379624128341675
1773049158,777615297,world,cf231,-2.7105579376220703,-1.86349356174469,0.9533365964889526
1773049158,777615297,world,cf231_leg,-2.7037813663482666,-1.8697916269302368,0.9379515647888184
1773049158,782629220,world,cf231,-2.7104976177215576,-1.863718867301941,0.9533736705780029
1773049158,782629220,world,cf231_leg,-2.703768491744995,-1.8699126243591309,0.9379279613494873
1773049158,788710852,world,cf231,-2.7103378772735596,-1.8641198873519897,0.9530799388885498
1773049158,788710852,world,cf231_leg,-2.70371150970459,-1.870133876800537,0.9379615783691406
1773049158,792508952,world,cf231,-2.710207223892212,-1.8643114566802979,0.9529620409011841
1773049158,792508952,world,cf231_leg,-2.7038989067077637,-1.8703279495239258,0.9379456043243408
1773049158,797536816,world,cf231,-2.7100346088409424,-1.8645126819610596,0.952928900718689
1773049158,797536816,world,cf231_leg,-2.7037301063537598,-1.8703871965408325,0.9378498792648315
1773049158,802580909,world,cf231,-2.7098138332366943,-1.8647866249084473,0.9528810977935791
1773049158,802580909,world,cf231_leg,-2.7037835121154785,-1.8707334995269775,0.9378883838653564
1773049158,807659299,world,cf231,-2.709796667098999,-1.8651338815689087,0.9528497457504272
1773049158,807659299,world,cf231_leg,-2.703803539276123,-1.8709125518798828,0.9379070997238159
1773049158,812619435,world,cf231,-2.7095000743865967,-1.8652199506759644,0.9527871608734131
1773049158,812619435,world,cf231_leg,-2.7038023471832275,-1.87102472782135,0.9379208087921143
1773049158,817545988,world,cf231,-2.7093489170074463,-1.8654870986938477,0.9527463912963867
1773049158,817545988,world,cf231_leg,-2.703657388687134,-1.8711808919906616,0.9379074573516846
1773049158,822497379,world,cf231,-2.7092740535736084,-1.8658324480056763,0.9527449607849121
1773049158,822497379,world,cf231_leg,-2.70367693901062,-1.8714731931686401,0.9379369020462036
1773049158,828408324,world,cf231,-2.7092370986938477,-1.8661456108093262,0.9528158903121948
1773049158,828408324,world,cf231_leg,-2.7036972045898438,-1.8715362548828125,0.9379304647445679
1773049158,832452973,world,cf231,-2.709106683731079,-1.8663707971572876,0.952812671661377
1773049158,832452973,world,cf231_leg,-2.7035412788391113,-1.8716989755630493,0.9378634691238403
1773049158,837479044,world,cf231,-2.708901882171631,-1.866613745689392,0.9526517391204834
1773049158,837479044,world,cf231_leg,-2.7036726474761963,-1.8720344305038452,0.9379832744598389
1773049158,843505067,world,cf231,-2.708822727203369,-1.8668701648712158,0.952829122543335
1773049158,843505067,world,cf231_leg,-2.7034919261932373,-1.8722155094146729,0.9378609657287598
1773049158,854509791,world,cf231,-2.7086730003356934,-1.867172122001648,0.9529001712799072
1773049158,854509791,world,cf231_leg,-2.7034149169921875,-1.872249960899353,0.937832236289978
1773049158,854641246,world,cf231,-2.7083864212036133,-1.8672232627868652,0.9528180360794067
1773049158,854641246,world,cf231_leg,-2.7033376693725586,-1.8724104166030884,0.937888503074646
1773049158,857640031,world,cf231,-2.708292007446289,-1.8675378561019897,0.9529358148574829
1773049158,857640031,world,cf231_leg,-2.7032597064971924,-1.8725625276565552,0.9379018545150757
1773049158,862507988,world,cf231,-2.7080743312835693,-1.8676947355270386,0.9528543949127197
1773049158,862507988,world,cf231_leg,-2.7031943798065186,-1.8727092742919922,0.937964916229248
1773049158,871182840,world,cf231,-2.707878351211548,-1.867844581604004,0.9529222249984741
1773049158,871182840,world,cf231_leg,-2.703038454055786,-1.8727612495422363,0.9379028081893921
1773049158,872565922,world,cf231,-2.7077953815460205,-1.8679660558700562,0.9528388977050781
1773049158,872565922,world,cf231_leg,-2.70295786857605,-1.8729989528656006,0.9378645420074463
1773049158,878511824,world,cf231,-2.7074642181396484,-1.8681504726409912,0.9529112577438354
1773049158,878511824,world,cf231_leg,-2.7028021812438965,-1.8732757568359375,0.937806248664856
1773049158,882669176,world,cf231,-2.7073593139648438,-1.868359088897705,0.9529787302017212
1773049158,882669176,world,cf231_leg,-2.702812910079956,-1.8733822107315063,0.9378712177276611
1773049158,890306286,world,cf231,-2.7071409225463867,-1.8685187101364136,0.9529167413711548
1773049158,890306286,world,cf231_leg,-2.702615261077881,-1.8735312223434448,0.9378310441970825
1773049158,892467730,world,cf231,-2.7069692611694336,-1.8686140775680542,0.9529249668121338
1773049158,892467730,world,cf231_leg,-2.702636241912842,-1.8738574981689453,0.9379708766937256
1773049158,898392108,world,cf231,-2.706851005554199,-1.8688334226608276,0.9529772996902466
1773049158,898392108,world,cf231_leg,-2.702580690383911,-1.873961329460144,0.9379618167877197
1773049158,902483104,world,cf231,-2.7066898345947266,-1.8689243793487549,0.9530627727508545
1773049158,902483104,world,cf231_leg,-2.7024357318878174,-1.8742361068725586,0.9379884004592896
1773049158,907629205,world,cf231,-2.7065818309783936,-1.8692126274108887,0.9530335664749146
1773049158,907629205,world,cf231_leg,-2.7024049758911133,-1.8745509386062622,0.9380693435668945
1773049158,912479082,world,cf231,-2.706298828125,-1.869178056716919,0.9530125856399536
1773049158,912479082,world,cf231_leg,-2.702235698699951,-1.8747611045837402,0.9381297826766968
1773049158,917489640,world,cf231,-2.7062668800354004,-1.8695968389511108,0.9532450437545776
1773049158,917489640,world,cf231_leg,-2.702116012573242,-1.8749018907546997,0.938185453414917
1773049158,922415306,world,cf231,-2.706163167953491,-1.869842767715454,0.9534437656402588
1773049158,922415306,world,cf231_leg,-2.7019708156585693,-1.8750627040863037,0.9382032155990601
1773049158,927637995,world,cf231,-2.706008195877075,-1.8700488805770874,0.9532358646392822
1773049158,927637995,world,cf231_leg,-2.7018542289733887,-1.8752368688583374,0.9383487701416016
1773049158,934296520,world,cf231,-2.705803632736206,-1.870124340057373,0.9533476829528809
1773049158,934296520,world,cf231_leg,-2.7016618251800537,-1.8754615783691406,0.9383209943771362
1773049158,937420639,world,cf231,-2.705657720565796,-1.870233416557312,0.9535244703292847
1773049158,937420639,world,cf231_leg,-2.7015414237976074,-1.8755991458892822,0.938363790512085
1773049158,942310701,world,cf231,-2.7056827545166016,-1.8705060482025146,0.9537938833236694
1773049158,942310701,world,cf231_leg,-2.701341152191162,-1.8757481575012207,0.9383466243743896
1773049158,947554048,world,cf231,-2.7053987979888916,-1.8704769611358643,0.9538112878799438
1773049158,947554048,world,cf231_leg,-2.701154947280884,-1.87592613697052,0.9384889602661133
1773049158,952457735,world,cf231,-2.7052736282348633,-1.8707276582717896,0.9538410902023315
1773049158,952457735,world,cf231_leg,-2.701056718826294,-1.876015067100525,0.938509464263916
1773049158,957520905,world,cf231,-2.705045700073242,-1.870815396308899,0.9538421630859375
1773049158,957520905,world,cf231_leg,-2.7008488178253174,-1.8762091398239136,0.9385591745376587
1773049158,962517266,world,cf231,-2.7049636840820312,-1.871087670326233,0.9538819789886475
1773049158,962517266,world,cf231_leg,-2.700737953186035,-1.8763537406921387,0.9387495517730713
1773049158,967590372,world,cf231,-2.7047536373138428,-1.8712109327316284,0.9538038969039917
1773049158,967590372,world,cf231_leg,-2.700627565383911,-1.876569151878357,0.9387747049331665
1773049158,972754250,world,cf231,-2.7046523094177246,-1.87144935131073,0.9539444446563721
1773049158,972754250,world,cf231_leg,-2.7003743648529053,-1.8767539262771606,0.9389051198959351
1773049158,978332403,world,cf231,-2.704440116882324,-1.8716869354248047,0.9538822174072266
1773049158,978332403,world,cf231_leg,-2.7002313137054443,-1.8770626783370972,0.9390428066253662
1773049158,982665344,world,cf231,-2.7042338848114014,-1.8718769550323486,0.9540090560913086
1773049158,982665344,world,cf231_leg,-2.700164794921875,-1.8773267269134521,0.9391500949859619
1773049158,987699113,world,cf231,-2.704163074493408,-1.8721421957015991,0.9541062116622925
1773049158,987699113,world,cf231_leg,-2.700054407119751,-1.8774663209915161,0.9393104314804077
1773049158,992498195,world,cf231,-2.703937530517578,-1.872259259223938,0.9541821479797363
1773049158,992498195,world,cf231_leg,-2.699803352355957,-1.877647876739502,0.939405083656311
1773049158,998153188,world,cf231,-2.703683853149414,-1.8725131750106812,0.9542398452758789
1773049158,998153188,world,cf231_leg,-2.6996679306030273,-1.8779140710830688,0.939491868019104
1773049159,2568441,world,cf231,-2.7035348415374756,-1.8727052211761475,0.9543373584747314
1773049159,2568441,world,cf231_leg,-2.6995716094970703,-1.8781534433364868,0.9396470785140991
1773049159,7943455,world,cf231,-2.7033867835998535,-1.8730474710464478,0.9545590877532959
1773049159,7943455,world,cf231_leg,-2.699406147003174,-1.8782862424850464,0.9398025274276733
1773049159,13436264,world,cf231,-2.703101634979248,-1.87324059009552,0.9545465707778931
1773049159,13436264,world,cf231_leg,-2.699232339859009,-1.878566861152649,0.9399763345718384
1773049159,17720499,world,cf231,-2.7029192447662354,-1.8734954595565796,0.9546420574188232
1773049159,17720499,world,cf231_leg,-2.699063777923584,-1.8786615133285522,0.9400110244750977
1773049159,22670204,world,cf231,-2.7027597427368164,-1.8737342357635498,0.9548326730728149
1773049159,22670204,world,cf231_leg,-2.6988539695739746,-1.8787503242492676,0.9401155710220337
1773049159,27438325,world,cf231,-2.7024409770965576,-1.8738703727722168,0.9547921419143677
1773049159,27438325,world,cf231_leg,-2.6986894607543945,-1.8789923191070557,0.9402487277984619
1773049159,32536152,world,cf231,-2.702254056930542,-1.8741272687911987,0.9549349546432495
1773049159,32536152,world,cf231_leg,-2.698511838912964,-1.8791383504867554,0.9403977394104004
1773049159,39233230,world,cf231,-2.7019779682159424,-1.8743634223937988,0.9552080631256104
1773049159,39233230,world,cf231_leg,-2.698215961456299,-1.8792651891708374,0.940385103225708
1773049159,42610409,world,cf231,-2.701813220977783,-1.8746498823165894,0.9552091360092163
1773049159,42610409,world,cf231_leg,-2.698051691055298,-1.8793991804122925,0.9405370950698853
1773049159,47572920,world,cf231,-2.701575756072998,-1.874815583229065,0.9553998708724976
1773049159,47572920,world,cf231_leg,-2.6978890895843506,-1.8796454668045044,0.9406797885894775
1773049159,52628437,world,cf231,-2.70123291015625,-1.875006079673767,0.9554189443588257
1773049159,52628437,world,cf231_leg,-2.697695255279541,-1.8798258304595947,0.9407148361206055
1773049159,57594239,world,cf231,-2.700948476791382,-1.8751293420791626,0.9555820226669312
1773049159,57594239,world,cf231_leg,-2.6974639892578125,-1.8798481225967407,0.9408143758773804
1773049159,62445292,world,cf231,-2.7007412910461426,-1.875434398651123,0.9557231664657593
1773049159,62445292,world,cf231_leg,-2.697313070297241,-1.8800783157348633,0.940949559211731
1773049159,67631104,world,cf231,-2.7005250453948975,-1.875665545463562,0.9559071063995361
1773049159,67631104,world,cf231_leg,-2.697127342224121,-1.8803720474243164,0.9411182403564453
1773049159,72501979,world,cf231,-2.7003014087677,-1.876003623008728,0.9561821222305298
1773049159,72501979,world,cf231_leg,-2.697007179260254,-1.880406379699707,0.9412105083465576
1773049159,77399734,world,cf231,-2.700162649154663,-1.8764166831970215,0.956344485282898
1773049159,77399734,world,cf231_leg,-2.696776866912842,-1.8806482553482056,0.941285252571106
1773049159,82474989,world,cf231,-2.6999011039733887,-1.8765971660614014,0.9564440250396729
1773049159,82474989,world,cf231_leg,-2.696683883666992,-1.8809207677841187,0.9415324926376343
1773049159,88384600,world,cf231,-2.699718952178955,-1.8768424987792969,0.956487774848938
1773049159,88384600,world,cf231_leg,-2.6964950561523438,-1.8810703754425049,0.9416147470474243
1773049159,92485801,world,cf231,-2.6994009017944336,-1.8770185708999634,0.9565980434417725
1773049159,92485801,world,cf231_leg,-2.6962106227874756,-1.8811935186386108,0.9416701793670654
1773049159,97565959,world,cf231,-2.6991629600524902,-1.8772571086883545,0.9566328525543213
1773049159,97565959,world,cf231_leg,-2.69610333442688,-1.8814393281936646,0.9417732954025269
1773049159,103322265,world,cf231,-2.698823928833008,-1.877365231513977,0.9567307233810425
1773049159,103322265,world,cf231_leg,-2.695948362350464,-1.881637692451477,0.9418365955352783
1773049159,107483825,world,cf231,-2.6986420154571533,-1.8776172399520874,0.9568092823028564
1773049159,107483825,world,cf231_leg,-2.695631980895996,-1.8816308975219727,0.9419950246810913
1773049159,112340488,world,cf231,-2.6984028816223145,-1.877863883972168,0.9569002389907837
1773049159,112340488,world,cf231_leg,-2.6954777240753174,-1.8818272352218628,0.9420417547225952
1773049159,117612518,world,cf231,-2.6982545852661133,-1.8780592679977417,0.9570155143737793
1773049159,117612518,world,cf231_leg,-2.695227861404419,-1.8819869756698608,0.9422696828842163
1773049159,122610936,world,cf231,-2.698002576828003,-1.8783504962921143,0.9572058916091919
1773049159,122610936,world,cf231_leg,-2.694943904876709,-1.8820346593856812,0.942457914352417
1773049159,128451250,world,cf231,-2.6977548599243164,-1.878514051437378,0.9572863578796387
1773049159,128451250,world,cf231_leg,-2.694819211959839,-1.8821971416473389,0.942694902420044
1773049159,132455036,world,cf231,-2.697650671005249,-1.8787221908569336,0.9573565721511841
1773049159,132455036,world,cf231_leg,-2.6945929527282715,-1.8823150396347046,0.9426577091217041
1773049159,137536919,world,cf231,-2.6973321437835693,-1.8788976669311523,0.9574687480926514
1773049159,137536919,world,cf231_leg,-2.694404363632202,-1.8825074434280396,0.9429140090942383
1773049159,142576373,world,cf231,-2.697080612182617,-1.8790339231491089,0.957495927810669
1773049159,142576373,world,cf231_leg,-2.6942756175994873,-1.8826912641525269,0.9430431127548218
1773049159,147474795,world,cf231,-2.6968300342559814,-1.879317045211792,0.9576301574707031
1773049159,147474795,world,cf231_leg,-2.693932294845581,-1.8827788829803467,0.9430344104766846
1773049159,152460827,world,cf231,-2.696593761444092,-1.8795664310455322,0.9577145576477051
1773049159,152460827,world,cf231_leg,-2.693782329559326,-1.8830121755599976,0.9431833028793335
1773049159,157544071,world,cf231,-2.696232318878174,-1.8795785903930664,0.9577230215072632
1773049159,157544071,world,cf231_leg,-2.6935863494873047,-1.8831998109817505,0.9432868957519531
1773049159,162575746,world,cf231,-2.6959831714630127,-1.8797202110290527,0.9577616453170776
1773049159,162575746,world,cf231_leg,-2.6934871673583984,-1.8832950592041016,0.9433567523956299
1773049159,168231671,world,cf231,-2.695873260498047,-1.8801026344299316,0.9581514596939087
1773049159,168231671,world,cf231_leg,-2.6932075023651123,-1.8834502696990967,0.9434843063354492
1773049159,172513447,world,cf231,-2.695497989654541,-1.880118727684021,0.9581111669540405
1773049159,172513447,world,cf231_leg,-2.693085193634033,-1.8837106227874756,0.9436219930648804
1773049159,178574214,world,cf231,-2.6953954696655273,-1.8803677558898926,0.9583289623260498
1773049159,178574214,world,cf231_leg,-2.692809820175171,-1.8836818933486938,0.9436262845993042
1773049159,182559970,world,cf231,-2.6950998306274414,-1.8804939985275269,0.9584202766418457
1773049159,182559970,world,cf231_leg,-2.692561149597168,-1.8838926553726196,0.9438033103942871
1773049159,188345034,world,cf231,-2.694803237915039,-1.8805866241455078,0.9583964347839355
1773049159,188345034,world,cf231_leg,-2.692517042160034,-1.8841100931167603,0.9439049959182739
1773049159,192440257,world,cf231,-2.6944847106933594,-1.8807682991027832,0.9585449695587158
1773049159,192440257,world,cf231_leg,-2.692363739013672,-1.8841944932937622,0.9439378976821899
1773049159,198487664,world,cf231,-2.6941654682159424,-1.8809075355529785,0.9585243463516235
1773049159,198487664,world,cf231_leg,-2.692012071609497,-1.8843187093734741,0.943954348564148
1773049159,203345140,world,cf231,-2.6939594745635986,-1.8811064958572388,0.9587074518203735
1773049159,203345140,world,cf231_leg,-2.691891670227051,-1.8844656944274902,0.9440593719482422
1773049159,207625861,world,cf231,-2.693676471710205,-1.8812274932861328,0.9588515758514404
1773049159,207625861,world,cf231_leg,-2.6917378902435303,-1.884552240371704,0.9441081285476685
1773049159,212477191,world,cf231,-2.6934616565704346,-1.8813074827194214,0.9588885307312012
1773049159,212477191,world,cf231_leg,-2.691433906555176,-1.8846081495285034,0.9441392421722412
1773049159,217442372,world,cf231,-2.6931991577148438,-1.8814538717269897,0.9588764905929565
1773049159,217442372,world,cf231_leg,-2.691202402114868,-1.8847054243087769,0.9441078901290894
1773049159,222390717,world,cf231,-2.6930065155029297,-1.8816357851028442,0.9590399265289307
1773049159,222390717,world,cf231_leg,-2.6909730434417725,-1.8848354816436768,0.9441694021224976
1773049159,228260166,world,cf231,-2.692700147628784,-1.8817662000656128,0.9590556621551514
1773049159,228260166,world,cf231_leg,-2.6908106803894043,-1.8848505020141602,0.9442611932754517
1773049159,233353643,world,cf231,-2.6925406455993652,-1.8819681406021118,0.9591158628463745
1773049159,233353643,world,cf231_leg,-2.6905570030212402,-1.884880781173706,0.9442257881164551
1773049159,237632346,world,cf231,-2.692256212234497,-1.882161259651184,0.9591063261032104
1773049159,237632346,world,cf231_leg,-2.690314292907715,-1.8850274085998535,0.9443153142929077
1773049159,242438472,world,cf231,-2.6919167041778564,-1.8822691440582275,0.9592068195343018
1773049159,242438472,world,cf231_leg,-2.6901392936706543,-1.8850452899932861,0.944343090057373
1773049159,247617383,world,cf231,-2.691598653793335,-1.882412314414978,0.9592021703720093
1773049159,247617383,world,cf231_leg,-2.689882516860962,-1.8850898742675781,0.9444211721420288
1773049159,252435953,world,cf231,-2.691293716430664,-1.8824286460876465,0.9592020511627197
1773049159,252435953,world,cf231_leg,-2.6897852420806885,-1.8852216005325317,0.9446161985397339
1773049159,257564093,world,cf231,-2.6910223960876465,-1.882614016532898,0.959226131439209
1773049159,257564093,world,cf231_leg,-2.6896812915802,-1.8854516744613647,0.9448775053024292
1773049159,262432050,world,cf231,-2.6907176971435547,-1.8826338052749634,0.9592424631118774
1773049159,262432050,world,cf231_leg,-2.689516067504883,-1.8855468034744263,0.9448889493942261
1773049159,268889213,world,cf231,-2.6904678344726562,-1.8827717304229736,0.9592660665512085
1773049159,268889213,world,cf231_leg,-2.6892497539520264,-1.885477066040039,0.944837212562561
1773049159,272729985,world,cf231,-2.6902294158935547,-1.8829001188278198,0.9593280553817749
1773049159,272729985,world,cf231_leg,-2.68904185295105,-1.8857835531234741,0.9449025392532349
1773049159,277649172,world,cf231,-2.689957618713379,-1.882972002029419,0.9593601226806641
1773049159,277649172,world,cf231_leg,-2.6889374256134033,-1.885756492614746,0.9447555541992188
1773049159,282467887,world,cf231,-2.689673900604248,-1.8830535411834717,0.9593538045883179
1773049159,282467887,world,cf231_leg,-2.6886448860168457,-1.885748028755188,0.9448436498641968
1773049159,288323537,world,cf231,-2.6893560886383057,-1.883078694343567,0.959317684173584
1773049159,288323537,world,cf231_leg,-2.6884920597076416,-1.8859481811523438,0.9449023008346558
1773049159,292536310,world,cf231,-2.6890711784362793,-1.88327157497406,0.959309458732605
1773049159,292536310,world,cf231_leg,-2.6883602142333984,-1.885986328125,0.9449282884597778
1773049159,298404079,world,cf231,-2.6887431144714355,-1.8833461999893188,0.9593850374221802
1773049159,298404079,world,cf231_leg,-2.688162326812744,-1.885911226272583,0.944884181022644
1773049159,302398958,world,cf231,-2.688469886779785,-1.8833842277526855,0.9593027830123901
1773049159,302398958,world,cf231_leg,-2.6879868507385254,-1.8860511779785156,0.9449857473373413
1773049159,307414419,world,cf231,-2.6882681846618652,-1.8834561109542847,0.9593753814697266
1773049159,307414419,world,cf231_leg,-2.6878318786621094,-1.8861018419265747,0.9449071884155273
1773049159,313418185,world,cf231,-2.68800687789917,-1.883455514907837,0.9592294692993164
1773049159,313418185,world,cf231_leg,-2.6877129077911377,-1.8862448930740356,0.944980263710022
1773049159,317696910,world,cf231,-2.6876535415649414,-1.8835350275039673,0.9591634273529053
1773049159,317696910,world,cf231_leg,-2.6874685287475586,-1.8861221075057983,0.9448747634887695
1773049159,322619602,world,cf231,-2.687396287918091,-1.8835420608520508,0.9592176675796509
1773049159,322619602,world,cf231_leg,-2.687350034713745,-1.8862632513046265,0.944930911064148
1773049159,328296689,world,cf231,-2.6872401237487793,-1.8836162090301514,0.9591692686080933
1773049159,328296689,world,cf231_leg,-2.6872174739837646,-1.8863030672073364,0.9449740648269653
1773049159,332399135,world,cf231,-2.6870598793029785,-1.883643627166748,0.9592583179473877
1773049159,332399135,world,cf231_leg,-2.68704891204834,-1.8862522840499878,0.9448822736740112
1773049159,338381964,world,cf231,-2.686741828918457,-1.8836654424667358,0.9592055082321167
1773049159,338381964,world,cf231_leg,-2.6869406700134277,-1.8863487243652344,0.9448490142822266
1773049159,342571415,world,cf231,-2.686589002609253,-1.8837968111038208,0.9591355323791504
1773049159,342571415,world,cf231_leg,-2.6867172718048096,-1.8862916231155396,0.9447511434555054
1773049159,348421298,world,cf231,-2.6862757205963135,-1.8837398290634155,0.9591760635375977
1773049159,348421298,world,cf231_leg,-2.686652183532715,-1.8864428997039795,0.9448471069335938
1773049159,352679157,world,cf231,-2.6860578060150146,-1.8837813138961792,0.9590862989425659
1773049159,352679157,world,cf231_leg,-2.6864092350006104,-1.8863165378570557,0.9447076320648193
1773049159,357427966,world,cf231,-2.6858654022216797,-1.8838118314743042,0.9591028690338135
1773049159,357427966,world,cf231_leg,-2.6862645149230957,-1.886364459991455,0.9447152614593506
1773049159,362730175,world,cf231,-2.685669422149658,-1.883812665939331,0.9590460062026978
1773049159,362730175,world,cf231_leg,-2.6861557960510254,-1.886462926864624,0.9446985721588135
1773049159,367678938,world,cf231,-2.6855087280273438,-1.8838680982589722,0.9589977264404297
1773049159,367678938,world,cf231_leg,-2.686079502105713,-1.886392593383789,0.9447016716003418
1773049159,372681272,world,cf231,-2.6852846145629883,-1.8838351964950562,0.9589251279830933
1773049159,372681272,world,cf231_leg,-2.685877799987793,-1.8862842321395874,0.9445662498474121
1773049159,377572808,world,cf231,-2.6851248741149902,-1.883885145187378,0.9588394165039062
1773049159,377572808,world,cf231_leg,-2.685746192932129,-1.8864353895187378,0.9446042776107788
1773049159,382625982,world,cf231,-2.6849422454833984,-1.8838778734207153,0.9588165283203125
1773049159,382625982,world,cf231_leg,-2.6856584548950195,-1.8863714933395386,0.9445551633834839
1773049159,387697599,world,cf231,-2.6848056316375732,-1.8839150667190552,0.9588425159454346
1773049159,387697599,world,cf231_leg,-2.6854910850524902,-1.886317253112793,0.9444290399551392
1773049159,392647878,world,cf231,-2.684600353240967,-1.8838027715682983,0.9586752653121948
1773049159,392647878,world,cf231_leg,-2.6854569911956787,-1.8863763809204102,0.9444316625595093
1773049159,398295666,world,cf231,-2.6844921112060547,-1.8839505910873413,0.9585757255554199
1773049159,398295666,world,cf231_leg,-2.6852893829345703,-1.8863221406936646,0.9443057775497437
1773049159,402742000,world,cf231,-2.68426513671875,-1.8837697505950928,0.9583975076675415
1773049159,402742000,world,cf231_leg,-2.685293197631836,-1.8863554000854492,0.9443963766098022
1773049159,408367938,world,cf231,-2.6842434406280518,-1.8838199377059937,0.9584171772003174
1773049159,408367938,world,cf231_leg,-2.685167074203491,-1.8862041234970093,0.9442468881607056
1773049159,413425112,world,cf231,-2.6841156482696533,-1.8837796449661255,0.9582526683807373
1773049159,413425112,world,cf231_leg,-2.6850342750549316,-1.8862040042877197,0.9441303014755249
1773049159,417630222,world,cf231,-2.6840832233428955,-1.8837541341781616,0.9583193063735962
1773049159,417630222,world,cf231_leg,-2.6849582195281982,-1.8862468004226685,0.9441449642181396
1773049159,422811965,world,cf231,-2.683906316757202,-1.8836756944656372,0.9581668376922607
1773049159,422811965,world,cf231_leg,-2.685000419616699,-1.88614821434021,0.9441039562225342
1773049159,427514319,world,cf231,-2.6838176250457764,-1.883604645729065,0.9580705165863037
1773049159,427514319,world,cf231_leg,-2.6848320960998535,-1.8860955238342285,0.9439953565597534
1773049159,432704143,world,cf231,-2.6837730407714844,-1.8835911750793457,0.958118200302124
1773049159,432704143,world,cf231_leg,-2.684743642807007,-1.886033296585083,0.9439630508422852
1773049159,438467374,world,cf231,-2.6836111545562744,-1.8834941387176514,0.9579241275787354
1773049159,438467374,world,cf231_leg,-2.684673547744751,-1.8859997987747192,0.9438141584396362
1773049159,442611672,world,cf231,-2.6837408542633057,-1.883527398109436,0.9580299854278564
1773049159,442611672,world,cf231_leg,-2.6847071647644043,-1.8859424591064453,0.9438284635543823
1773049159,448273414,world,cf231,-2.6835789680480957,-1.883317470550537,0.9578415155410767
1773049159,448273414,world,cf231_leg,-2.684539794921875,-1.8858882188796997,0.9437026977539062
1773049159,452492052,world,cf231,-2.6835122108459473,-1.8831995725631714,0.9577425718307495
1773049159,452492052,world,cf231_leg,-2.68449330329895,-1.8858402967453003,0.9436414241790771
1773049159,458490861,world,cf231,-2.6835689544677734,-1.883207082748413,0.9577500820159912
1773049159,458490861,world,cf231_leg,-2.684481620788574,-1.8857336044311523,0.9435769319534302
1773049159,463968297,world,cf231,-2.6835927963256836,-1.8830403089523315,0.9576938152313232
1773049159,463968297,world,cf231_leg,-2.684448719024658,-1.8856762647628784,0.9435329437255859
1773049159,468498405,world,cf231,-2.68361759185791,-1.8829420804977417,0.9574412107467651
1773049159,468498405,world,cf231_leg,-2.6843767166137695,-1.8855562210083008,0.9432718753814697
1773049159,472560150,world,cf231,-2.68354868888855,-1.8828309774398804,0.9574023485183716
1773049159,472560150,world,cf231_leg,-2.684380054473877,-1.8855262994766235,0.9433375597000122
1773049159,478363928,world,cf231,-2.68359375,-1.8827292919158936,0.9573404788970947
1773049159,478363928,world,cf231_leg,-2.6843338012695312,-1.8854786157608032,0.9432756900787354
1773049159,482716742,world,cf231,-2.6835358142852783,-1.8824535608291626,0.95717453956604
1773049159,482716742,world,cf231_leg,-2.6843221187591553,-1.8853718042373657,0.9432114362716675
1773049159,487628757,world,cf231,-2.6836023330688477,-1.8824198246002197,0.9571256637573242
1773049159,487628757,world,cf231_leg,-2.6842868328094482,-1.885164499282837,0.9430303573608398
1773049159,495872542,world,cf231,-2.6837289333343506,-1.8823078870773315,0.9571439027786255
1773049159,495872542,world,cf231_leg,-2.6843178272247314,-1.8851852416992188,0.9429488182067871
1773049159,497661958,world,cf231,-2.6838538646698,-1.8821611404418945,0.9570502042770386
1773049159,497661958,world,cf231_leg,-2.6841583251953125,-1.8849786520004272,0.942771315574646
1773049159,505568858,world,cf231,-2.6837716102600098,-1.8819395303726196,0.9569454193115234
1773049159,505568858,world,cf231_leg,-2.684241771697998,-1.884913682937622,0.9425554275512695
1773049159,507646507,world,cf231,-2.683952808380127,-1.8819184303283691,0.9568908214569092
1773049159,507646507,world,cf231_leg,-2.6842150688171387,-1.8848220109939575,0.9425238370895386
1773049159,515496738,world,cf231,-2.684011459350586,-1.8816932439804077,0.9568499326705933
1773049159,515496738,world,cf231_leg,-2.684285879135132,-1.8846521377563477,0.9422605037689209
1773049159,517698463,world,cf231,-2.684056043624878,-1.8814780712127686,0.956795334815979
1773049159,517698463,world,cf231_leg,-2.684285879135132,-1.8846495151519775,0.9422460794448853
1773049159,522813084,world,cf231,-2.68404221534729,-1.881224513053894,0.9566367864608765
1773049159,522813084,world,cf231_leg,-2.684351682662964,-1.8846120834350586,0.9421594142913818
1773049159,527832835,world,cf231,-2.6840786933898926,-1.881051778793335,0.9566353559494019
1773049159,527832835,world,cf231_leg,-2.6844482421875,-1.884521245956421,0.9421422481536865
1773049159,532772473,world,cf231,-2.6842706203460693,-1.8808718919754028,0.9564903974533081
1773049159,532772473,world,cf231_leg,-2.684380531311035,-1.8844071626663208,0.9420740604400635
1773049159,538376716,world,cf231,-2.684317111968994,-1.8806556463241577,0.9564125537872314
1773049159,538376716,world,cf231_leg,-2.6845343112945557,-1.8844332695007324,0.9420384168624878
1773049159,544452467,world,cf231,-2.6844401359558105,-1.8805195093154907,0.9563943147659302
1773049159,544452467,world,cf231_leg,-2.6845312118530273,-1.8842875957489014,0.9419331550598145
1773049159,548407341,world,cf231,-2.684572219848633,-1.8803173303604126,0.9564334154129028
1773049159,548407341,world,cf231_leg,-2.684565544128418,-1.8842262029647827,0.9419155120849609
1773049159,552547838,world,cf231,-2.6846563816070557,-1.8801703453063965,0.9561747312545776
1773049159,552547838,world,cf231_leg,-2.6846070289611816,-1.884091854095459,0.9417457580566406
1773049159,558364118,world,cf231,-2.684870719909668,-1.8798484802246094,0.9563161134719849
1773049159,558364118,world,cf231_leg,-2.6846272945404053,-1.8840415477752686,0.9417279958724976
1773049159,562762332,world,cf231,-2.685007333755493,-1.8796985149383545,0.9562957286834717
1773049159,562762332,world,cf231_leg,-2.684704542160034,-1.8838894367218018,0.9417121410369873
1773049159,567562666,world,cf231,-2.685041904449463,-1.8794883489608765,0.9561625719070435
1773049159,567562666,world,cf231_leg,-2.6847691535949707,-1.8838530778884888,0.9416444301605225
1773049159,573678155,world,cf231,-2.6852071285247803,-1.8792412281036377,0.9563111066818237
1773049159,573678155,world,cf231_leg,-2.6848247051239014,-1.8837443590164185,0.9416220188140869
1773049159,577641737,world,cf231,-2.685274362564087,-1.8790862560272217,0.956212043762207
1773049159,577641737,world,cf231_leg,-2.6848998069763184,-1.8835506439208984,0.9414509534835815
1773049159,582576313,world,cf231,-2.6855356693267822,-1.8789440393447876,0.9562647342681885
1773049159,582576313,world,cf231_leg,-2.6848864555358887,-1.8833338022232056,0.9414093494415283
1773049159,587812077,world,cf231,-2.6856942176818848,-1.878744125366211,0.9562243223190308
1773049159,587812077,world,cf231_leg,-2.6849632263183594,-1.8834048509597778,0.9414049386978149
1773049159,592547177,world,cf231,-2.6857409477233887,-1.8784117698669434,0.9561350345611572
1773049159,592547177,world,cf231_leg,-2.685061454772949,-1.8831980228424072,0.9413397312164307
1773049159,597686817,world,cf231,-2.686002016067505,-1.878385066986084,0.9562013149261475
1773049159,597686817,world,cf231_leg,-2.685126543045044,-1.8830491304397583,0.9412583112716675
1773049159,602583728,world,cf231,-2.6861751079559326,-1.8780561685562134,0.9561440944671631
1773049159,602583728,world,cf231_leg,-2.6852054595947266,-1.8830015659332275,0.9411909580230713
1773049159,608632683,world,cf231,-2.6862878799438477,-1.8779215812683105,0.956031084060669
1773049159,608632683,world,cf231_leg,-2.685235023498535,-1.882797360420227,0.9411038160324097
1773049159,613062699,world,cf231,-2.6864383220672607,-1.8776479959487915,0.9560321569442749
1773049159,613062699,world,cf231_leg,-2.685332775115967,-1.8827053308486938,0.9410680532455444
1773049159,617625592,world,cf231,-2.6865878105163574,-1.8773348331451416,0.9558815956115723
1773049159,617625592,world,cf231_leg,-2.6853411197662354,-1.8825507164001465,0.9410004615783691
1773049159,622796109,world,cf231,-2.686781167984009,-1.8771952390670776,0.9558873176574707
1773049159,622796109,world,cf231_leg,-2.685399293899536,-1.8824374675750732,0.9409250020980835
1773049159,628589327,world,cf231,-2.6868643760681152,-1.8769155740737915,0.9557863473892212
1773049159,628589327,world,cf231_leg,-2.6855313777923584,-1.8823996782302856,0.9408985376358032
1773049159,632740159,world,cf231,-2.687023639678955,-1.8767160177230835,0.9557448625564575
1773049159,632740159,world,cf231_leg,-2.6855263710021973,-1.88214111328125,0.9408026933670044
1773049159,639385142,world,cf231,-2.687286138534546,-1.8765720129013062,0.9557772874832153
1773049159,639385142,world,cf231_leg,-2.685581684112549,-1.8820323944091797,0.9407804012298584
1773049159,642722763,world,cf231,-2.6873788833618164,-1.8764060735702515,0.9557850360870361
1773049159,642722763,world,cf231_leg,-2.685678720474243,-1.8819421529769897,0.940761923789978
1773049159,648485182,world,cf231,-2.6874942779541016,-1.8761879205703735,0.9557534456253052
1773049159,648485182,world,cf231_leg,-2.685788631439209,-1.8818351030349731,0.9407156705856323
1773049159,652478168,world,cf231,-2.68772029876709,-1.8759574890136719,0.955681562423706
1773049159,652478168,world,cf231_leg,-2.6858198642730713,-1.8817425966262817,0.9406224489212036
1773049159,657463863,world,cf231,-2.6879851818084717,-1.8758455514907837,0.9558075666427612
1773049159,657463863,world,cf231_leg,-2.6859371662139893,-1.8816049098968506,0.9406000375747681
1773049159,662643864,world,cf231,-2.6881675720214844,-1.8755968809127808,0.9557442665100098
1773049159,662643864,world,cf231_leg,-2.68597149848938,-1.8815460205078125,0.9405971765518188
1773049159,667632952,world,cf231,-2.6882710456848145,-1.8753876686096191,0.955675482749939
1773049159,667632952,world,cf231_leg,-2.6860601902008057,-1.8814952373504639,0.9406176805496216
1773049159,672609141,world,cf231,-2.68858003616333,-1.8752918243408203,0.9557729959487915
1773049159,672609141,world,cf231_leg,-2.6861798763275146,-1.881465196609497,0.9405566453933716
1773049159,678665061,world,cf231,-2.688570976257324,-1.8749557733535767,0.9556924104690552
1773049159,678665061,world,cf231_leg,-2.6862905025482178,-1.8813632726669312,0.9405395984649658
1773049159,682656321,world,cf231,-2.6887331008911133,-1.8747371435165405,0.955520510673523
1773049159,682656321,world,cf231_leg,-2.6863787174224854,-1.881312370300293,0.9405605792999268
1773049159,687501024,world,cf231,-2.6888935565948486,-1.8745354413986206,0.9554595947265625
1773049159,687501024,world,cf231_leg,-2.686444044113159,-1.881276249885559,0.9404921531677246
1773049159,693294771,world,cf231,-2.689100980758667,-1.874379277229309,0.9554446935653687
1773049159,693294771,world,cf231_leg,-2.686497926712036,-1.8811736106872559,0.9405190944671631
1773049159,698388175,world,cf231,-2.6892402172088623,-1.8741122484207153,0.9553897380828857
1773049159,698388175,world,cf231_leg,-2.686598777770996,-1.8810676336288452,0.9403690099716187
1773049159,702809353,world,cf231,-2.6894121170043945,-1.8741238117218018,0.955337643623352
1773049159,702809353,world,cf231_leg,-2.6867761611938477,-1.8810817003250122,0.9404369592666626
1773049159,707602819,world,cf231,-2.6895153522491455,-1.8739173412322998,0.9552878141403198
1773049159,707602819,world,cf231_leg,-2.6867752075195312,-1.8809702396392822,0.9404420852661133
1773049159,713353702,world,cf231,-2.68961763381958,-1.8737130165100098,0.9552583694458008
1773049159,713353702,world,cf231_leg,-2.6867520809173584,-1.8807588815689087,0.9403284788131714
1773049159,717702600,world,cf231,-2.6899375915527344,-1.8736867904663086,0.9552737474441528
1773049159,717702600,world,cf231_leg,-2.6867876052856445,-1.8806984424591064,0.9403077363967896
1773049159,722740019,world,cf231,-2.6900627613067627,-1.8735824823379517,0.9553507566452026
1773049159,722740019,world,cf231_leg,-2.6869521141052246,-1.8807177543640137,0.9403266906738281
1773049159,727786649,world,cf231,-2.6902918815612793,-1.8734890222549438,0.9553112983703613
1773049159,727786649,world,cf231_leg,-2.686995267868042,-1.8806198835372925,0.9402831792831421
1773049159,732642027,world,cf231,-2.6905086040496826,-1.873449444770813,0.9554243087768555
1773049159,732642027,world,cf231_leg,-2.6870102882385254,-1.8805334568023682,0.9404152631759644
1773049159,737606641,world,cf231,-2.6906580924987793,-1.873397707939148,0.9553987979888916
1773049159,737606641,world,cf231_leg,-2.6870315074920654,-1.880413293838501,0.9405581951141357
1773049159,742782673,world,cf231,-2.6907386779785156,-1.8732407093048096,0.9553707838058472
1773049159,742782673,world,cf231_leg,-2.6871352195739746,-1.8804208040237427,0.9403970241546631
1773049159,747541089,world,cf231,-2.6908762454986572,-1.873091220855713,0.9553501605987549
1773049159,747541089,world,cf231_leg,-2.6871187686920166,-1.8802133798599243,0.9404395818710327
1773049159,752547567,world,cf231,-2.6910033226013184,-1.8730924129486084,0.9553629159927368
1773049159,752547567,world,cf231_leg,-2.687134027481079,-1.880200743675232,0.9404212236404419
1773049159,757702229,world,cf231,-2.6911611557006836,-1.8731173276901245,0.9553143978118896
1773049159,757702229,world,cf231_leg,-2.687164306640625,-1.8801498413085938,0.9405062198638916
1773049159,762620630,world,cf231,-2.6913363933563232,-1.872981309890747,0.9555537700653076
1773049159,762620630,world,cf231_leg,-2.6872754096984863,-1.8801591396331787,0.9404847621917725
1773049159,768354400,world,cf231,-2.6914281845092773,-1.8729305267333984,0.9555766582489014
1773049159,768354400,world,cf231_leg,-2.6872525215148926,-1.8800989389419556,0.940527081489563
1773049159,773037238,world,cf231,-2.691556930541992,-1.8728171586990356,0.9555741548538208
1773049159,773037238,world,cf231_leg,-2.6873621940612793,-1.880113959312439,0.9405555725097656
1773049159,777761316,world,cf231,-2.6916372776031494,-1.8728089332580566,0.9556753635406494
1773049159,777761316,world,cf231_leg,-2.68731951713562,-1.8798730373382568,0.940561056137085
1773049159,782712920,world,cf231,-2.6917731761932373,-1.8728874921798706,0.9556632041931152
1773049159,782712920,world,cf231_leg,-2.6872975826263428,-1.8799241781234741,0.9405983686447144
1773049159,787595473,world,cf231,-2.691866636276245,-1.8727189302444458,0.9556528329849243
1773049159,787595473,world,cf231_leg,-2.6872994899749756,-1.8798058032989502,0.940535306930542
1773049159,792486612,world,cf231,-2.691927194595337,-1.8726376295089722,0.9557032585144043
1773049159,792486612,world,cf231_leg,-2.687366008758545,-1.8798058032989502,0.9405943155288696
1773049159,797746741,world,cf231,-2.6920065879821777,-1.872750997543335,0.9558535814285278
1773049159,797746741,world,cf231_leg,-2.6873319149017334,-1.8798651695251465,0.9405958652496338
1773049159,802612947,world,cf231,-2.6920180320739746,-1.8725920915603638,0.9557642936706543
1773049159,802612947,world,cf231_leg,-2.6874120235443115,-1.8798562288284302,0.9406707286834717
1773049159,807737842,world,cf231,-2.6921775341033936,-1.8726580142974854,0.955863356590271
1773049159,807737842,world,cf231_leg,-2.6873559951782227,-1.8798511028289795,0.9406827688217163
1773049159,812612048,world,cf231,-2.69215726852417,-1.8725874423980713,0.95583176612854
1773049159,812612048,world,cf231_leg,-2.68730092048645,-1.8797314167022705,0.9406646490097046
1773049159,817557226,world,cf231,-2.6922595500946045,-1.8726122379302979,0.9558076858520508
1773049159,817557226,world,cf231_leg,-2.687309503555298,-1.8796895742416382,0.9406105279922485
1773049159,822561548,world,cf231,-2.692328929901123,-1.8726471662521362,0.9559861421585083
1773049159,822561548,world,cf231_leg,-2.687347173690796,-1.8797792196273804,0.9407263994216919
1773049159,827595269,world,cf231,-2.692268133163452,-1.8726121187210083,0.9559252262115479
1773049159,827595269,world,cf231_leg,-2.687312602996826,-1.8797225952148438,0.9407023191452026
1773049159,834276829,world,cf231,-2.6922683715820312,-1.8726125955581665,0.9559240341186523
1773049159,834276829,world,cf231_leg,-2.6872711181640625,-1.8798199892044067,0.9407248497009277
1773049159,838346892,world,cf231,-2.692281484603882,-1.8725981712341309,0.9559230804443359
1773049159,838346892,world,cf231_leg,-2.687324285507202,-1.8798296451568604,0.9407659769058228
1773049159,842650537,world,cf231,-2.6922717094421387,-1.8725295066833496,0.9560034275054932
1773049159,842650537,world,cf231_leg,-2.6872241497039795,-1.879775881767273,0.9406965970993042
1773049159,848031411,world,cf231,-2.6922709941864014,-1.8727549314498901,0.9559924602508545
1773049159,848031411,world,cf231_leg,-2.687112331390381,-1.8797661066055298,0.940719723701477
1773049159,852616210,world,cf231,-2.692166566848755,-1.8725910186767578,0.9559649229049683
1773049159,852616210,world,cf231_leg,-2.6872947216033936,-1.8799207210540771,0.9408411979675293
1773049159,857976487,world,cf231,-2.6921908855438232,-1.8726893663406372,0.956049919128418
1773049159,857976487,world,cf231_leg,-2.6871585845947266,-1.8798091411590576,0.9407508373260498
1773049159,862635632,world,cf231,-2.6921207904815674,-1.8726928234100342,0.9560260772705078
1773049159,862635632,world,cf231_leg,-2.687061071395874,-1.8797907829284668,0.940788745880127
1773049159,867822840,world,cf231,-2.6920197010040283,-1.8726693391799927,0.9560468196868896
1773049159,867822840,world,cf231_leg,-2.6870501041412354,-1.8799084424972534,0.9407310485839844
1773049159,873385361,world,cf231,-2.691950798034668,-1.8726706504821777,0.9560025930404663
1773049159,873385361,world,cf231_leg,-2.6870481967926025,-1.8800246715545654,0.9407784938812256
1773049159,877742956,world,cf231,-2.6918704509735107,-1.8727178573608398,0.9560540914535522
1773049159,877742956,world,cf231_leg,-2.686939001083374,-1.8798989057540894,0.9407532215118408
1773049159,883229585,world,cf231,-2.6917307376861572,-1.872835397720337,0.9559807777404785
1773049159,883229585,world,cf231_leg,-2.686894416809082,-1.8799983263015747,0.9408146142959595
1773049159,887802647,world,cf231,-2.6916756629943848,-1.8728594779968262,0.9560680389404297
1773049159,887802647,world,cf231_leg,-2.686917781829834,-1.8801724910736084,0.9407815933227539
1773049159,892629907,world,cf231,-2.6916067600250244,-1.8728638887405396,0.9560419321060181
1773049159,892629907,world,cf231_leg,-2.6867475509643555,-1.8800116777420044,0.9407117366790771
1773049159,898382437,world,cf231,-2.691397190093994,-1.872988224029541,0.9559615850448608
1773049159,898382437,world,cf231_leg,-2.6866366863250732,-1.8801132440567017,0.9407299757003784
1773049159,902652840,world,cf231,-2.6912028789520264,-1.8729809522628784,0.9558463096618652
1773049159,902652840,world,cf231_leg,-2.6866960525512695,-1.8802598714828491,0.940791130065918
1773049159,907670416,world,cf231,-2.691115379333496,-1.873092532157898,0.9559940099716187
1773049159,907670416,world,cf231_leg,-2.6866068840026855,-1.880312442779541,0.9407873153686523
1773049159,912716999,world,cf231,-2.690871238708496,-1.8731231689453125,0.9557515382766724
1773049159,912716999,world,cf231_leg,-2.6863744258880615,-1.8801836967468262,0.9407310485839844
1773049159,917709284,world,cf231,-2.6906042098999023,-1.8732032775878906,0.9555308818817139
1773049159,917709284,world,cf231_leg,-2.686349630355835,-1.8803125619888306,0.9406734704971313
1773049159,922967347,world,cf231,-2.6905229091644287,-1.8733656406402588,0.9555966854095459
1773049159,922967347,world,cf231_leg,-2.6862947940826416,-1.880419373512268,0.9406789541244507
1773049159,927705963,world,cf231,-2.6903748512268066,-1.8734064102172852,0.9555473327636719
1773049159,927705963,world,cf231_leg,-2.6861636638641357,-1.8804534673690796,0.9406718015670776
1773049159,933206327,world,cf231,-2.6902291774749756,-1.8735216856002808,0.9557613134384155
1773049159,933206327,world,cf231_leg,-2.6859676837921143,-1.8804965019226074,0.940413236618042
1773049159,937580124,world,cf231,-2.6899948120117188,-1.8736212253570557,0.955438494682312
1773049159,937580124,world,cf231_leg,-2.685985803604126,-1.8806673288345337,0.9406453371047974
1773049159,942797455,world,cf231,-2.6897659301757812,-1.8738216161727905,0.955436110496521
1773049159,942797455,world,cf231_leg,-2.685804843902588,-1.8806246519088745,0.9405171871185303
1773049159,947669927,world,cf231,-2.689560890197754,-1.8738608360290527,0.9554153680801392
1773049159,947669927,world,cf231_leg,-2.685750722885132,-1.8807295560836792,0.940505862236023
1773049159,952860021,world,cf231,-2.6894240379333496,-1.8740079402923584,0.9554164409637451
1773049159,952860021,world,cf231_leg,-2.685640335083008,-1.8808292150497437,0.9405072927474976
1773049159,957646646,world,cf231,-2.689363956451416,-1.874342441558838,0.9554347991943359
1773049159,957646646,world,cf231_leg,-2.6855428218841553,-1.8809189796447754,0.9405274391174316
1773049159,962667619,world,cf231,-2.689113140106201,-1.8743278980255127,0.9553111791610718
1773049159,962667619,world,cf231_leg,-2.685450315475464,-1.8809410333633423,0.9404469728469849
1773049159,967725203,world,cf231,-2.6888017654418945,-1.8744310140609741,0.9552719593048096
1773049159,967725203,world,cf231_leg,-2.6852941513061523,-1.8809930086135864,0.9403859376907349
1773049159,972719813,world,cf231,-2.6886415481567383,-1.8746267557144165,0.9552972316741943
1773049159,972719813,world,cf231_leg,-2.685084104537964,-1.8810373544692993,0.9403003454208374
1773049159,977838906,world,cf231,-2.6885128021240234,-1.874965786933899,0.9552891254425049
1773049159,977838906,world,cf231_leg,-2.684953212738037,-1.8810714483261108,0.9402931928634644
1773049159,982627004,world,cf231,-2.6883044242858887,-1.8751400709152222,0.9554115533828735
1773049159,982627004,world,cf231_leg,-2.6848089694976807,-1.8811177015304565,0.9402831792831421
1773049159,987713569,world,cf231,-2.688051700592041,-1.8752461671829224,0.9553400278091431
1773049159,987713569,world,cf231_leg,-2.6846659183502197,-1.881160020828247,0.9402403831481934
1773049159,992634107,world,cf231,-2.6878933906555176,-1.875486135482788,0.9550250768661499
1773049159,992634107,world,cf231_leg,-2.6846327781677246,-1.881330966949463,0.9402365684509277
1773049159,997721263,world,cf231,-2.687697649002075,-1.8756422996520996,0.955130934715271
1773049159,997721263,world,cf231_leg,-2.6844120025634766,-1.8811885118484497,0.9401878118515015
1773049160,2715516,world,cf231,-2.687492609024048,-1.8759076595306396,0.9550979137420654
1773049160,2715516,world,cf231_leg,-2.6841790676116943,-1.8812830448150635,0.9401421546936035
1773049160,7734810,world,cf231,-2.687330722808838,-1.8760749101638794,0.9550455808639526
1773049160,7734810,world,cf231_leg,-2.684041976928711,-1.8813692331314087,0.9399933815002441
1773049160,12605489,world,cf231,-2.6871254444122314,-1.8762270212173462,0.9550197124481201
1773049160,12605489,world,cf231_leg,-2.683922529220581,-1.881394624710083,0.94002366065979
1773049160,18415366,world,cf231,-2.686908483505249,-1.87638521194458,0.9549381732940674
1773049160,18415366,world,cf231_leg,-2.6837844848632812,-1.8814823627471924,0.939892053604126
1773049160,22965940,world,cf231,-2.686688184738159,-1.8765077590942383,0.9547467231750488
1773049160,22965940,world,cf231_leg,-2.6835646629333496,-1.8815672397613525,0.9398651123046875
1773049160,27734091,world,cf231,-2.6864686012268066,-1.8766696453094482,0.9547076225280762
1773049160,27734091,world,cf231_leg,-2.683429479598999,-1.8816851377487183,0.9398119449615479
1773049160,32692517,world,cf231,-2.6862258911132812,-1.8768417835235596,0.9545373916625977
1773049160,32692517,world,cf231_leg,-2.683307647705078,-1.8816782236099243,0.9397480487823486
1773049160,37490220,world,cf231,-2.6859776973724365,-1.8771072626113892,0.9543647766113281
1773049160,37490220,world,cf231_leg,-2.6831305027008057,-1.8817825317382812,0.9397213459014893
1773049160,42676732,world,cf231,-2.6856911182403564,-1.8771541118621826,0.9542450904846191
1773049160,42676732,world,cf231_leg,-2.6830332279205322,-1.8819880485534668,0.9397686719894409
1773049160,47580656,world,cf231,-2.6854965686798096,-1.8774114847183228,0.9542728662490845
1773049160,47580656,world,cf231_leg,-2.682844638824463,-1.8819806575775146,0.93964684009552
1773049160,52691725,world,cf231,-2.685218572616577,-1.8775349855422974,0.9541295766830444
1773049160,52691725,world,cf231_leg,-2.682600259780884,-1.8819711208343506,0.9395511150360107
1773049160,57674923,world,cf231,-2.6850597858428955,-1.8777259588241577,0.9541162252426147
1773049160,57674923,world,cf231_leg,-2.6825668811798096,-1.8822572231292725,0.9395765066146851
1773049160,62607521,world,cf231,-2.6848766803741455,-1.8779798746109009,0.9542182683944702
1773049160,62607521,world,cf231_leg,-2.6824021339416504,-1.8822332620620728,0.939527153968811
1773049160,67564275,world,cf231,-2.684568166732788,-1.8780672550201416,0.9540659189224243
1773049160,67564275,world,cf231_leg,-2.6821792125701904,-1.8822898864746094,0.9394382238388062
1773049160,72674001,world,cf231,-2.6843490600585938,-1.8782331943511963,0.9540425539016724
1773049160,72674001,world,cf231_leg,-2.682056427001953,-1.8824000358581543,0.9394197463989258
1773049160,77697622,world,cf231,-2.6840877532958984,-1.8783783912658691,0.9540077447891235
1773049160,77697622,world,cf231_leg,-2.6818578243255615,-1.8824381828308105,0.9393864870071411
1773049160,82590889,world,cf231,-2.6840627193450928,-1.8786636590957642,0.9540959596633911
1773049160,82590889,world,cf231_leg,-2.6817023754119873,-1.882491111755371,0.9393230676651001
1773049160,88290411,world,cf231,-2.6837658882141113,-1.8787509202957153,0.9540349245071411
1773049160,88290411,world,cf231_leg,-2.6815578937530518,-1.8826502561569214,0.9393267631530762
1773049160,92624817,world,cf231,-2.683502435684204,-1.8789005279541016,0.9540407657623291
1773049160,92624817,world,cf231_leg,-2.6813158988952637,-1.882675290107727,0.9393407106399536
1773049160,97772767,world,cf231,-2.6832611560821533,-1.8789974451065063,0.9540077447891235
1773049160,97772767,world,cf231_leg,-2.6812498569488525,-1.882786512374878,0.9392775297164917
1773049160,102604661,world,cf231,-2.6830127239227295,-1.8791218996047974,0.953937292098999
1773049160,102604661,world,cf231_leg,-2.681148052215576,-1.8828469514846802,0.9392396211624146
1773049160,108624152,world,cf231,-2.6827476024627686,-1.879237174987793,0.9538296461105347
1773049160,108624152,world,cf231_leg,-2.6809487342834473,-1.8828866481781006,0.9392240047454834
1773049160,112846915,world,cf231,-2.68251895904541,-1.8793315887451172,0.95386803150177
1773049160,112846915,world,cf231_leg,-2.6807591915130615,-1.8828811645507812,0.9391193389892578
1773049160,118322600,world,cf231,-2.682290554046631,-1.8795357942581177,0.9538835287094116
1773049160,118322600,world,cf231_leg,-2.6806063652038574,-1.882853627204895,0.9391367435455322
1773049160,122707151,world,cf231,-2.682015895843506,-1.879576325416565,0.953819751739502
1773049160,122707151,world,cf231_leg,-2.680448532104492,-1.8831374645233154,0.9391520023345947
1773049160,127755507,world,cf231,-2.681697368621826,-1.8795981407165527,0.9537652730941772
1773049160,127755507,world,cf231_leg,-2.680262565612793,-1.882936954498291,0.9390969276428223
1773049160,132608054,world,cf231,-2.6814355850219727,-1.8797435760498047,0.9537308216094971
1773049160,132608054,world,cf231_leg,-2.6801512241363525,-1.8831559419631958,0.9391597509384155
1773049160,139519536,world,cf231,-2.681252956390381,-1.8798463344573975,0.953683614730835
1773049160,139519536,world,cf231_leg,-2.6799745559692383,-1.8831429481506348,0.9390891790390015
1773049160,142666609,world,cf231,-2.6810569763183594,-1.8798474073410034,0.9536248445510864
1773049160,142666609,world,cf231_leg,-2.679743528366089,-1.8832453489303589,0.9388329982757568
1773049160,148336948,world,cf231,-2.680802822113037,-1.8799973726272583,0.9537472724914551
1773049160,148336948,world,cf231_leg,-2.679640531539917,-1.883183479309082,0.9389755725860596
1773049160,153520988,world,cf231,-2.6805996894836426,-1.8800235986709595,0.9536317586898804
1773049160,153520988,world,cf231_leg,-2.6795237064361572,-1.88333261013031,0.9388213157653809
1773049160,157442879,world,cf231,-2.6803088188171387,-1.880200982093811,0.9536428451538086
1773049160,157442879,world,cf231_leg,-2.67939829826355,-1.8833240270614624,0.9390174150466919
1773049160,162703176,world,cf231,-2.6801068782806396,-1.8801542520523071,0.9536834955215454
1773049160,162703176,world,cf231_leg,-2.67927885055542,-1.8833540678024292,0.9390788078308105
1773049160,167813851,world,cf231,-2.6798558235168457,-1.8801404237747192,0.953559160232544
1773049160,167813851,world,cf231_leg,-2.6790871620178223,-1.88335382938385,0.9390255212783813
1773049160,174157889,world,cf231,-2.6795074939727783,-1.8802680969238281,0.9533917903900146
1773049160,174157889,world,cf231_leg,-2.6789658069610596,-1.8833476305007935,0.9389597177505493
1773049160,177679999,world,cf231,-2.679293155670166,-1.8803428411483765,0.953391432762146
1773049160,177679999,world,cf231_leg,-2.678868532180786,-1.8834401369094849,0.9389944076538086
1773049160,182413369,world,cf231,-2.6791391372680664,-1.8803845643997192,0.953648567199707
1773049160,182413369,world,cf231_leg,-2.678757905960083,-1.8834269046783447,0.9389833211898804
1773049160,187579138,world,cf231,-2.6788251399993896,-1.8803014755249023,0.9533481597900391
1773049160,187579138,world,cf231_leg,-2.6785459518432617,-1.8833614587783813,0.9389199018478394
1773049160,193923768,world,cf231,-2.678853988647461,-1.880468487739563,0.9536616802215576
1773049160,193923768,world,cf231_leg,-2.6785035133361816,-1.8834601640701294,0.938961386680603
1773049160,197679186,world,cf231,-2.678480625152588,-1.8803638219833374,0.9535439014434814
1773049160,197679186,world,cf231_leg,-2.6783125400543213,-1.883345127105713,0.9388782978057861
1773049160,202451457,world,cf231,-2.6783223152160645,-1.8804513216018677,0.9535893201828003
1773049160,202451457,world,cf231_leg,-2.678215265274048,-1.8834350109100342,0.9388983249664307
1773049160,207686245,world,cf231,-2.678050994873047,-1.8805018663406372,0.9532955884933472
1773049160,207686245,world,cf231_leg,-2.678112506866455,-1.8834972381591797,0.9388775825500488
1773049160,212754008,world,cf231,-2.677948236465454,-1.880598783493042,0.9533693790435791
1773049160,212754008,world,cf231_leg,-2.6779627799987793,-1.8833895921707153,0.9389746189117432
1773049160,217592519,world,cf231,-2.6777894496917725,-1.8805735111236572,0.9534196853637695
1773049160,217592519,world,cf231_leg,-2.6778526306152344,-1.8833767175674438,0.9389621019363403
1773049160,222655089,world,cf231,-2.6776981353759766,-1.8806219100952148,0.9533780813217163
1773049160,222655089,world,cf231_leg,-2.6777756214141846,-1.8834213018417358,0.938994288444519
1773049160,228488986,world,cf231,-2.6775190830230713,-1.8805263042449951,0.9533956050872803
1773049160,228488986,world,cf231_leg,-2.6776278018951416,-1.8833189010620117,0.9388645887374878
1773049160,232634622,world,cf231,-2.6774168014526367,-1.8805077075958252,0.9534553289413452
1773049160,232634622,world,cf231_leg,-2.67745041847229,-1.883307695388794,0.9388108253479004
1773049160,239257659,world,cf231,-2.6773369312286377,-1.8805525302886963,0.9534883499145508
1773049160,239257659,world,cf231_leg,-2.6774275302886963,-1.8833602666854858,0.9388670921325684
1773049160,242461575,world,cf231,-2.6771228313446045,-1.8804024457931519,0.9534958600997925
1773049160,242461575,world,cf231_leg,-2.6772961616516113,-1.8833967447280884,0.9388754367828369
1773049160,248536190,world,cf231,-2.6770434379577637,-1.8804446458816528,0.9535096883773804
1773049160,248536190,world,cf231_leg,-2.677173614501953,-1.8832786083221436,0.9388152360916138
1773049160,252447497,world,cf231,-2.6768734455108643,-1.8803073167800903,0.9534715414047241
1773049160,252447497,world,cf231_leg,-2.6770403385162354,-1.8832052946090698,0.9388457536697388
1773049160,258386117,world,cf231,-2.6768295764923096,-1.880294919013977,0.9535166025161743
1773049160,258386117,world,cf231_leg,-2.676920175552368,-1.8832348585128784,0.9389089345932007
1773049160,262639646,world,cf231,-2.676774501800537,-1.880321741104126,0.9536231756210327
1773049160,262639646,world,cf231_leg,-2.676886796951294,-1.8831796646118164,0.9388798475265503
1773049160,267507018,world,cf231,-2.676607131958008,-1.8801038265228271,0.953683614730835
1773049160,267507018,world,cf231_leg,-2.6768834590911865,-1.8830622434616089,0.939112663269043
1773049160,272558332,world,cf231,-2.6765079498291016,-1.879960536956787,0.953649640083313
1773049160,272558332,world,cf231_leg,-2.6767168045043945,-1.8830437660217285,0.9391140937805176
1773049160,277688041,world,cf231,-2.6764063835144043,-1.879833459854126,0.9537286758422852
1773049160,277688041,world,cf231_leg,-2.6766750812530518,-1.8830301761627197,0.9391404390335083
1773049160,282702958,world,cf231,-2.6763041019439697,-1.8796961307525635,0.9537569284439087
1773049160,282702958,world,cf231_leg,-2.676541566848755,-1.8828411102294922,0.9391433000564575
1773049160,287654451,world,cf231,-2.67632794380188,-1.8796446323394775,0.95371413230896
1773049160,287654451,world,cf231_leg,-2.676499605178833,-1.8828274011611938,0.9391703605651855
1773049160,292895910,world,cf231,-2.676260232925415,-1.8795645236968994,0.9537712335586548
1773049160,292895910,world,cf231_leg,-2.6763668060302734,-1.8827518224716187,0.9391852617263794
1773049160,297635644,world,cf231,-2.6761598587036133,-1.8794292211532593,0.953794002532959
1773049160,297635644,world,cf231_leg,-2.6763927936553955,-1.8827342987060547,0.9392378330230713
1773049160,302643712,world,cf231,-2.6762068271636963,-1.8792519569396973,0.9538686275482178
1773049160,302643712,world,cf231_leg,-2.676212787628174,-1.8824974298477173,0.9391785860061646
1773049160,307515465,world,cf231,-2.6761064529418945,-1.8792260885238647,0.9538697004318237
1773049160,307515465,world,cf231_leg,-2.6761434078216553,-1.8825042247772217,0.9391882419586182
1773049160,312680607,world,cf231,-2.6760823726654053,-1.8790191411972046,0.9538030624389648
1773049160,312680607,world,cf231_leg,-2.6760811805725098,-1.8824623823165894,0.9393526315689087
1773049160,317604203,world,cf231,-2.6761882305145264,-1.8789935111999512,0.9539767503738403
1773049160,317604203,world,cf231_leg,-2.676034927368164,-1.8823410272598267,0.9394392967224121
1773049160,322636773,world,cf231,-2.676166296005249,-1.878814935684204,0.9539885520935059
1773049160,322636773,world,cf231_leg,-2.675945520401001,-1.8821654319763184,0.9393937587738037
1773049160,327549679,world,cf231,-2.6761207580566406,-1.8786492347717285,0.9538877010345459
1773049160,327549679,world,cf231_leg,-2.675811290740967,-1.8820931911468506,0.9394429922103882
1773049160,332679319,world,cf231,-2.6761105060577393,-1.8785769939422607,0.9539510011672974
1773049160,332679319,world,cf231_leg,-2.6758556365966797,-1.882030963897705,0.9395279884338379
1773049160,338234711,world,cf231,-2.6761581897735596,-1.8785099983215332,0.9540019035339355
1773049160,338234711,world,cf231_leg,-2.675689697265625,-1.8818979263305664,0.9394979476928711
1773049160,342601678,world,cf231,-2.676215887069702,-1.8784023523330688,0.9539940357208252
1773049160,342601678,world,cf231_leg,-2.6756911277770996,-1.8818233013153076,0.9396277666091919
1773049160,347378057,world,cf231,-2.6762197017669678,-1.8782039880752563,0.9540584087371826
1773049160,347378057,world,cf231_leg,-2.6756346225738525,-1.8817050457000732,0.939626932144165
1773049160,352567006,world,cf231,-2.6762540340423584,-1.8781481981277466,0.9540920257568359
1773049160,352567006,world,cf231_leg,-2.6755564212799072,-1.8816378116607666,0.9396647214889526
1773049160,358532389,world,cf231,-2.6762311458587646,-1.8779715299606323,0.9541246891021729
1773049160,358532389,world,cf231_leg,-2.6755499839782715,-1.881540298461914,0.9398059844970703
1773049160,362541221,world,cf231,-2.6763014793395996,-1.8778551816940308,0.9541530609130859
1773049160,362541221,world,cf231_leg,-2.675450086593628,-1.8814091682434082,0.9398516416549683
1773049160,367509543,world,cf231,-2.676210641860962,-1.8776756525039673,0.9541009664535522
1773049160,367509543,world,cf231_leg,-2.6754531860351562,-1.8813289403915405,0.9399313926696777
1773049160,373447337,world,cf231,-2.676328659057617,-1.8776079416275024,0.9541938304901123
1773049160,373447337,world,cf231_leg,-2.67545223236084,-1.8811020851135254,0.9399075508117676
1773049160,377625332,world,cf231,-2.6763525009155273,-1.877476453781128,0.9542742967605591
1773049160,377625332,world,cf231_leg,-2.675353765487671,-1.881082534790039,0.939948320388794
1773049160,382400032,world,cf231,-2.67623233795166,-1.877221941947937,0.954308032989502
1773049160,382400032,world,cf231_leg,-2.6752967834472656,-1.880966305732727,0.939963698387146
1773049160,387569011,world,cf231,-2.6762378215789795,-1.8771194219589233,0.9542573690414429
1773049160,387569011,world,cf231_leg,-2.675394058227539,-1.8807893991470337,0.9402542114257812
1773049160,392587945,world,cf231,-2.6763157844543457,-1.8769875764846802,0.954393744468689
1773049160,392587945,world,cf231_leg,-2.67524790763855,-1.8806103467941284,0.9402379989624023
1773049160,397506784,world,cf231,-2.67629337310791,-1.8768116235733032,0.9544241428375244
1773049160,397506784,world,cf231_leg,-2.6753501892089844,-1.8806607723236084,0.940273642539978
1773049160,403079237,world,cf231,-2.6763546466827393,-1.8767757415771484,0.9546627998352051
1773049160,403079237,world,cf231_leg,-2.675272226333618,-1.8804783821105957,0.9402816295623779
1773049160,407698950,world,cf231,-2.676344871520996,-1.8765912055969238,0.9547293186187744
1773049160,407698950,world,cf231_leg,-2.6752374172210693,-1.8803110122680664,0.9402589797973633
1773049160,412583527,world,cf231,-2.676374912261963,-1.8763762712478638,0.9548640251159668
1773049160,412583527,world,cf231_leg,-2.6751930713653564,-1.8801867961883545,0.9403097629547119
1773049160,417491932,world,cf231,-2.676353931427002,-1.8761956691741943,0.9548549652099609
1773049160,417491932,world,cf231_leg,-2.6751933097839355,-1.880184531211853,0.9402941465377808
1773049160,423384077,world,cf231,-2.6764016151428223,-1.8760186433792114,0.9549285173416138
1773049160,423384077,world,cf231_leg,-2.675170421600342,-1.8800110816955566,0.9403234720230103
1773049160,427705717,world,cf231,-2.6764016151428223,-1.8759058713912964,0.9549331665039062
1773049160,427705717,world,cf231_leg,-2.675114870071411,-1.879891037940979,0.9403051137924194
1773049160,432475644,world,cf231,-2.676347494125366,-1.875707983970642,0.9550467729568481
1773049160,432475644,world,cf231_leg,-2.6752030849456787,-1.8799575567245483,0.940371036529541
1773049160,438320327,world,cf231,-2.6764402389526367,-1.8755390644073486,0.955035924911499
1773049160,438320327,world,cf231_leg,-2.675180435180664,-1.8797818422317505,0.9403846263885498
1773049160,444217197,world,cf231,-2.6763954162597656,-1.875303030014038,0.9551104307174683
1773049160,444217197,world,cf231_leg,-2.675069570541382,-1.8796552419662476,0.9403606653213501
1773049160,447537908,world,cf231,-2.676443099975586,-1.8751229047775269,0.9551664590835571
1773049160,447537908,world,cf231_leg,-2.6751022338867188,-1.8796015977859497,0.9404085874557495
1773049160,452472238,world,cf231,-2.6764893531799316,-1.8749477863311768,0.9552614688873291
1773049160,452472238,world,cf231_leg,-2.675112009048462,-1.8793566226959229,0.9406160116195679
1773049160,457522633,world,cf231,-2.6765356063842773,-1.8747758865356445,0.9553737640380859
1773049160,457522633,world,cf231_leg,-2.675098419189453,-1.8792552947998047,0.940601110458374
1773049160,462540396,world,cf231,-2.67655873298645,-1.8744981288909912,0.955342173576355
1773049160,462540396,world,cf231_leg,-2.6751654148101807,-1.879255771636963,0.9406590461730957
1773049160,467706761,world,cf231,-2.676584005355835,-1.8742579221725464,0.9554421901702881
1773049160,467706761,world,cf231_leg,-2.675086259841919,-1.878963828086853,0.9406876564025879
1773049160,473372518,world,cf231,-2.676619291305542,-1.8740870952606201,0.9554611444473267
1773049160,473372518,world,cf231_leg,-2.675023317337036,-1.8788819313049316,0.9406911134719849
1773049160,477706260,world,cf231,-2.676666021347046,-1.8737573623657227,0.9553879499435425
1773049160,477706260,world,cf231_leg,-2.6750001907348633,-1.878708004951477,0.9407215118408203
1773049160,482607870,world,cf231,-2.6766698360443115,-1.8734458684921265,0.9554574489593506
1773049160,482607870,world,cf231_leg,-2.6750130653381348,-1.8785849809646606,0.9407272338867188
1773049160,487394778,world,cf231,-2.676753044128418,-1.873207926750183,0.955527663230896
1773049160,487394778,world,cf231_leg,-2.67496919631958,-1.8784586191177368,0.940761923789978
1773049160,492580035,world,cf231,-2.6767663955688477,-1.8729710578918457,0.955553412437439
1773049160,492580035,world,cf231_leg,-2.6749813556671143,-1.8783373832702637,0.9407843351364136
1773049160,497920145,world,cf231,-2.676985263824463,-1.8728108406066895,0.9556137323379517
1773049160,497920145,world,cf231_leg,-2.674971580505371,-1.8782671689987183,0.9408454895019531
1773049160,502617490,world,cf231,-2.6769306659698486,-1.872457504272461,0.9555615186691284
1773049160,502617490,world,cf231_leg,-2.6749536991119385,-1.8781211376190186,0.9409170150756836
1773049160,507589048,world,cf231,-2.677062511444092,-1.8720518350601196,0.9559352397918701
1773049160,507589048,world,cf231_leg,-2.6749484539031982,-1.8779754638671875,0.9408323764801025
1773049160,512540884,world,cf231,-2.6771163940429688,-1.8719167709350586,0.9558728933334351
1773049160,512540884,world,cf231_leg,-2.6748850345611572,-1.8778952360153198,0.9408526420593262
1773049160,517527764,world,cf231,-2.6771080493927,-1.871617317199707,0.9559235572814941
1773049160,517527764,world,cf231_leg,-2.674886703491211,-1.8778183460235596,0.9409674406051636
1773049160,522841065,world,cf231,-2.677236318588257,-1.871393084526062,0.955945611000061
1773049160,522841065,world,cf231_leg,-2.6749191284179688,-1.8776493072509766,0.9409867525100708
1773049160,528333550,world,cf231,-2.677297592163086,-1.871199131011963,0.9560000896453857
1773049160,528333550,world,cf231_leg,-2.674794912338257,-1.8774211406707764,0.9409480094909668
1773049160,534002443,world,cf231,-2.6773452758789062,-1.87102210521698,0.9560741186141968
1773049160,534002443,world,cf231_leg,-2.6748664379119873,-1.8774486780166626,0.9410498142242432
1773049160,537563015,world,cf231,-2.6774039268493652,-1.8707990646362305,0.9560520648956299
1773049160,537563015,world,cf231_leg,-2.6747419834136963,-1.8772178888320923,0.9409966468811035
1773049160,542583540,world,cf231,-2.677438497543335,-1.8705202341079712,0.9561141729354858
1773049160,542583540,world,cf231_leg,-2.6748085021972656,-1.8771048784255981,0.9410425424575806
1773049160,548481130,world,cf231,-2.6773946285247803,-1.8703886270523071,0.9561285972595215
1773049160,548481130,world,cf231_leg,-2.674664258956909,-1.8770358562469482,0.941003680229187
1773049160,552447430,world,cf231,-2.677398920059204,-1.8701902627944946,0.9561929702758789
1773049160,552447430,world,cf231_leg,-2.6746766567230225,-1.8770278692245483,0.9410388469696045
1773049160,558472155,world,cf231,-2.6773061752319336,-1.8698623180389404,0.9560338258743286
1773049160,558472155,world,cf231_leg,-2.6746394634246826,-1.8767471313476562,0.9410256147384644
1773049160,562641066,world,cf231,-2.677412986755371,-1.8698378801345825,0.9562052488327026
1773049160,562641066,world,cf231_leg,-2.6746106147766113,-1.8768391609191895,0.9410990476608276
1773049160,568428982,world,cf231,-2.677405595779419,-1.869652271270752,0.9562488794326782
1773049160,568428982,world,cf231_leg,-2.6746630668640137,-1.8767321109771729,0.9411157369613647
1773049160,572541019,world,cf231,-2.6773369312286377,-1.8694249391555786,0.9561953544616699
1773049160,572541019,world,cf231_leg,-2.674616575241089,-1.8765687942504883,0.941024899482727
1773049160,578427561,world,cf231,-2.6773855686187744,-1.8693559169769287,0.9562259912490845
1773049160,578427561,world,cf231_leg,-2.674588680267334,-1.8764654397964478,0.9411715269088745
1773049160,582574843,world,cf231,-2.677237033843994,-1.869057536125183,0.956192135810852
1773049160,582574843,world,cf231_leg,-2.674654483795166,-1.8764668703079224,0.941248893737793
1773049160,587513859,world,cf231,-2.6772873401641846,-1.8689900636672974,0.9562182426452637
1773049160,587513859,world,cf231_leg,-2.6746208667755127,-1.876410961151123,0.9412218332290649
1773049160,592507223,world,cf231,-2.677163600921631,-1.868750810623169,0.9561170339584351
1773049160,592507223,world,cf231_leg,-2.6745316982269287,-1.876348614692688,0.9411882162094116
1773049160,598431878,world,cf231,-2.6771528720855713,-1.8686813116073608,0.9561995267868042
1773049160,598431878,world,cf231_leg,-2.6745657920837402,-1.8762916326522827,0.9412016868591309
1773049160,602596144,world,cf231,-2.6770482063293457,-1.8685176372528076,0.9561688899993896
1773049160,602596144,world,cf231_leg,-2.6745102405548096,-1.8762822151184082,0.941182017326355
1773049160,607539845,world,cf231,-2.6770269870758057,-1.868452548980713,0.9561738967895508
1773049160,607539845,world,cf231_leg,-2.674467086791992,-1.8761589527130127,0.9412295818328857
1773049160,613478641,world,cf231,-2.6770405769348145,-1.8683255910873413,0.9561774730682373
1773049160,613478641,world,cf231_leg,-2.6745212078094482,-1.876164436340332,0.9412387609481812
1773049160,617496941,world,cf231,-2.676938533782959,-1.8681551218032837,0.9560868740081787
1773049160,617496941,world,cf231_leg,-2.6744320392608643,-1.8761019706726074,0.9412052631378174
1773049160,622432588,world,cf231,-2.6769659519195557,-1.8681732416152954,0.9562714099884033
1773049160,622432588,world,cf231_leg,-2.67441987991333,-1.8761125802993774,0.9411845207214355
1773049160,627582541,world,cf231,-2.6769320964813232,-1.8681164979934692,0.9562410116195679
1773049160,627582541,world,cf231_leg,-2.674422264099121,-1.8760316371917725,0.941266655921936
1773049160,632698590,world,cf231,-2.6769535541534424,-1.867952585220337,0.9562278985977173
1773049160,632698590,world,cf231_leg,-2.6743760108947754,-1.875986099243164,0.9412192106246948
1773049160,637606475,world,cf231,-2.6769094467163086,-1.867939829826355,0.9562733173370361
1773049160,637606475,world,cf231_leg,-2.6743202209472656,-1.8759742975234985,0.9411845207214355
1773049160,642558895,world,cf231,-2.6768746376037598,-1.8678823709487915,0.956244945526123
1773049160,642558895,world,cf231_leg,-2.674320936203003,-1.8759773969650269,0.941197395324707
1773049160,648497278,world,cf231,-2.676853895187378,-1.8678144216537476,0.9562314748764038
1773049160,648497278,world,cf231_leg,-2.6741859912872314,-1.875867247581482,0.9411009550094604
1773049160,652636688,world,cf231,-2.676776647567749,-1.867742657661438,0.9562264680862427
1773049160,652636688,world,cf231_leg,-2.67423152923584,-1.8759145736694336,0.941165566444397
1773049160,658416907,world,cf231,-2.676853895187378,-1.8678144216537476,0.9562314748764038
1773049160,658416907,world,cf231_leg,-2.67415452003479,-1.8758411407470703,0.9411540031433105
1773049160,662677569,world,cf231,-2.676830530166626,-1.867753267288208,0.9562783241271973
1773049160,662677569,world,cf231_leg,-2.674074649810791,-1.8757376670837402,0.941063404083252
1773049160,667758346,world,cf231,-2.67676043510437,-1.8677570819854736,0.956253170967102
1773049160,667758346,world,cf231_leg,-2.674031972885132,-1.8758388757705688,0.9411206245422363
1773049160,672464206,world,cf231,-2.6767053604125977,-1.8677453994750977,0.9562045335769653
1773049160,672464206,world,cf231_leg,-2.674043655395508,-1.8758325576782227,0.9411733150482178
1773049160,677687062,world,cf231,-2.676774024963379,-1.8677462339401245,0.9562692642211914
1773049160,677687062,world,cf231_leg,-2.6740102767944336,-1.8757771253585815,0.9411447048187256
1773049160,682529819,world,cf231,-2.6766698360443115,-1.8676903247833252,0.9561958312988281
1773049160,682529819,world,cf231_leg,-2.673942804336548,-1.8757736682891846,0.9410730600357056
1773049160,687661544,world,cf231,-2.6766698360443115,-1.8676902055740356,0.9561958312988281
1773049160,687661544,world,cf231_leg,-2.6739890575408936,-1.8758240938186646,0.9411506652832031
1773049160,692735347,world,cf231,-2.6766343116760254,-1.8677479028701782,0.9561827182769775
1773049160,692735347,world,cf231_leg,-2.673854351043701,-1.8757143020629883,0.9410525560379028
1773049160,698445884,world,cf231,-2.67659068107605,-1.8677295446395874,0.9561915397644043
1773049160,698445884,world,cf231_leg,-2.6737875938415527,-1.8757537603378296,0.941156268119812
1773049160,702661191,world,cf231,-2.6764979362487793,-1.8677799701690674,0.9561697244644165
1773049160,702661191,world,cf231_leg,-2.6737771034240723,-1.8757566213607788,0.9410697221755981
1773049160,707645559,world,cf231,-2.6765291690826416,-1.867920160293579,0.9561196565628052
1773049160,707645559,world,cf231_leg,-2.6737685203552246,-1.875802993774414,0.9411555528640747
1773049160,712543074,world,cf231,-2.6765201091766357,-1.867845892906189,0.9561623334884644
1773049160,712543074,world,cf231_leg,-2.673708200454712,-1.8757590055465698,0.9410473108291626
1773049160,717708711,world,cf231,-2.676389694213867,-1.8679221868515015,0.9560321569442749
1773049160,717708711,world,cf231_leg,-2.673588275909424,-1.8757892847061157,0.9411081075668335
1773049160,722887559,world,cf231,-2.6763880252838135,-1.8680400848388672,0.9560666084289551
1773049160,722887559,world,cf231_leg,-2.673567771911621,-1.875836968421936,0.9411119222640991
1773049160,727893414,world,cf231,-2.67633056640625,-1.868035078048706,0.9560779333114624
1773049160,727893414,world,cf231_leg,-2.6735341548919678,-1.8757811784744263,0.9410843849182129
1773049160,732856908,world,cf231,-2.6762382984161377,-1.8680858612060547,0.9560556411743164
1773049160,732856908,world,cf231_leg,-2.673499584197998,-1.875840425491333,0.9410865306854248
1773049160,737947343,world,cf231,-2.6762382984161377,-1.86819589138031,0.9560322761535645
1773049160,737947343,world,cf231_leg,-2.673435688018799,-1.8758727312088013,0.94112229347229
1773049160,742674265,world,cf231,-2.6761372089385986,-1.8681726455688477,0.9560521841049194
1773049160,742674265,world,cf231_leg,-2.6733224391937256,-1.8758270740509033,0.9410157203674316
1773049160,747618295,world,cf231,-2.6760666370391846,-1.8682889938354492,0.9560234546661377
1773049160,747618295,world,cf231_leg,-2.6732370853424072,-1.875800609588623,0.9410887956619263
1773049160,752487993,world,cf231,-2.676032066345215,-1.8683477640151978,0.9560070037841797
1773049160,752487993,world,cf231_leg,-2.673224449157715,-1.8759193420410156,0.9410518407821655
1773049160,757729282,world,cf231,-2.6759519577026367,-1.8683894872665405,0.9560220241546631
1773049160,757729282,world,cf231_leg,-2.6731269359588623,-1.8758959770202637,0.9410594701766968
1773049160,762630192,world,cf231,-2.675891399383545,-1.8684650659561157,0.9559348821640015
1773049160,762630192,world,cf231_leg,-2.673046112060547,-1.875909686088562,0.941014289855957
1773049160,767485272,world,cf231,-2.67587947845459,-1.8687301874160767,0.9559880495071411
1773049160,767485272,world,cf231_leg,-2.6729824542999268,-1.8759448528289795,0.941063642501831
1773049160,773419657,world,cf231,-2.675891637802124,-1.868834376335144,0.9560202360153198
1773049160,773419657,world,cf231_leg,-2.6729838848114014,-1.8760570287704468,0.941057562828064
1773049160,777670832,world,cf231,-2.675729274749756,-1.8688918352127075,0.9559906721115112
1773049160,777670832,world,cf231_leg,-2.6729156970977783,-1.8759472370147705,0.9410191774368286
1773049160,782797519,world,cf231,-2.675670623779297,-1.8689959049224854,0.9559823274612427
1773049160,782797519,world,cf231_leg,-2.6727280616760254,-1.875976324081421,0.9410244226455688
1773049160,787608504,world,cf231,-2.6755666732788086,-1.8690531253814697,0.9559032917022705
1773049160,787608504,world,cf231_leg,-2.6727616786956787,-1.8761473894119263,0.9410808086395264
1773049160,792498409,world,cf231,-2.6756343841552734,-1.869285225868225,0.9559957981109619
1773049160,792498409,world,cf231_leg,-2.6726603507995605,-1.8760932683944702,0.9410113096237183
1773049160,797571599,world,cf231,-2.6754844188690186,-1.8694442510604858,0.9559798240661621
1773049160,797571599,world,cf231_leg,-2.6726176738739014,-1.8761919736862183,0.9410536289215088
1773049160,802756819,world,cf231,-2.675313711166382,-1.8694220781326294,0.9559556245803833
1773049160,802756819,world,cf231_leg,-2.6725852489471436,-1.8762506246566772,0.941035270690918
1773049160,808410631,world,cf231,-2.6752212047576904,-1.8695886135101318,0.9559470415115356
1773049160,808410631,world,cf231_leg,-2.6724908351898193,-1.8762662410736084,0.94092857837677
1773049160,812530861,world,cf231,-2.6751980781555176,-1.8697538375854492,0.9559831619262695
1773049160,812530861,world,cf231_leg,-2.6724154949188232,-1.876310110092163,0.9409403800964355
1773049160,818448615,world,cf231,-2.675036907196045,-1.8699257373809814,0.9559447765350342
1773049160,818448615,world,cf231_leg,-2.6723453998565674,-1.876431941986084,0.9409793615341187
1773049160,822647188,world,cf231,-2.6748313903808594,-1.8699560165405273,0.9558697938919067
1773049160,822647188,world,cf231_leg,-2.672278881072998,-1.8764276504516602,0.9408887624740601
1773049160,827567972,world,cf231,-2.6748387813568115,-1.8701542615890503,0.9558967351913452
1773049160,827567972,world,cf231_leg,-2.6722233295440674,-1.8764203786849976,0.9408844709396362
1773049160,832937494,world,cf231,-2.674682140350342,-1.8702349662780762,0.95588219165802
1773049160,832937494,world,cf231_leg,-2.672180652618408,-1.876516580581665,0.9409123659133911
1773049160,838760583,world,cf231,-2.674623489379883,-1.870461344718933,0.9559221267700195
1773049160,838760583,world,cf231_leg,-2.6720805168151855,-1.8765816688537598,0.9408820867538452
1773049160,842815867,world,cf231,-2.674520492553711,-1.87067449092865,0.9560083150863647
1773049160,842815867,world,cf231_leg,-2.672022581100464,-1.8766953945159912,0.9409570693969727
1773049160,848635540,world,cf231,-2.6744742393493652,-1.8708527088165283,0.9559309482574463
1773049160,848635540,world,cf231_leg,-2.6719679832458496,-1.8766916990280151,0.9409646987915039
1773049160,853153204,world,cf231,-2.674323320388794,-1.8708972930908203,0.9559236764907837
1773049160,853153204,world,cf231_leg,-2.6719350814819336,-1.876858115196228,0.9409313201904297
1773049160,857952814,world,cf231,-2.674217939376831,-1.8710694313049316,0.9558610916137695
1773049160,857952814,world,cf231_leg,-2.671870708465576,-1.8768978118896484,0.9410121440887451
1773049160,863724266,world,cf231,-2.6742727756500244,-1.8714196681976318,0.9558963775634766
1773049160,863724266,world,cf231_leg,-2.6718032360076904,-1.876894474029541,0.940940260887146
1773049160,867767222,world,cf231,-2.674191951751709,-1.8715828657150269,0.9559618234634399
1773049160,867767222,world,cf231_leg,-2.671715259552002,-1.876988172531128,0.9410951137542725
1773049160,872902841,world,cf231,-2.6739957332611084,-1.8716909885406494,0.9558607339859009
1773049160,872902841,world,cf231_leg,-2.671691656112671,-1.877118468284607,0.9410337209701538
1773049160,877969739,world,cf231,-2.673814535140991,-1.8718222379684448,0.9558917284011841
1773049160,877969739,world,cf231_leg,-2.6716814041137695,-1.877160906791687,0.9411096572875977
1773049160,882701857,world,cf231,-2.6738343238830566,-1.8721178770065308,0.9559168815612793
1773049160,882701857,world,cf231_leg,-2.6716713905334473,-1.8772796392440796,0.9410501718521118
1773049160,887720231,world,cf231,-2.673670768737793,-1.8722515106201172,0.9557493925094604
1773049160,887720231,world,cf231_leg,-2.6715047359466553,-1.8772616386413574,0.941049337387085
1773049160,892693583,world,cf231,-2.673506736755371,-1.8724207878112793,0.9557191133499146
1773049160,892693583,world,cf231_leg,-2.6715047359466553,-1.8773747682571411,0.9410628080368042
1773049160,897899790,world,cf231,-2.6732847690582275,-1.8725452423095703,0.9555482864379883
1773049160,897899790,world,cf231_leg,-2.671482801437378,-1.8774281740188599,0.9411163330078125
1773049160,902702194,world,cf231,-2.6732141971588135,-1.8727807998657227,0.9555506706237793
1773049160,902702194,world,cf231_leg,-2.6714284420013428,-1.877533197402954,0.9411064386367798
1773049160,907874357,world,cf231,-2.6732118129730225,-1.8730107545852661,0.9555826187133789
1773049160,907874357,world,cf231_leg,-2.67136287689209,-1.8775713443756104,0.9411910772323608
1773049160,912802412,world,cf231,-2.6730875968933105,-1.8731554746627808,0.955656886100769
1773049160,912802412,world,cf231_leg,-2.6712822914123535,-1.8775827884674072,0.9411311149597168
1773049160,917857042,world,cf231,-2.673044443130493,-1.873366355895996,0.9556732177734375
1773049160,917857042,world,cf231_leg,-2.6712486743927,-1.8776402473449707,0.941116452217102
1773049160,922842746,world,cf231,-2.6728360652923584,-1.8733738660812378,0.9555569887161255
1773049160,922842746,world,cf231_leg,-2.6713106632232666,-1.8779070377349854,0.9412168264389038
1773049160,927850555,world,cf231,-2.6727566719055176,-1.8735287189483643,0.9555671215057373
1773049160,927850555,world,cf231_leg,-2.6712207794189453,-1.8778438568115234,0.9411859512329102
1773049160,932747649,world,cf231,-2.6727120876312256,-1.8736318349838257,0.9556262493133545
1773049160,932747649,world,cf231_leg,-2.671139717102051,-1.877854824066162,0.9411267042160034
1773049160,937786378,world,cf231,-2.6725735664367676,-1.873747706413269,0.9555323123931885
1773049160,937786378,world,cf231_leg,-2.6710972785949707,-1.8779560327529907,0.9411838054656982
1773049160,942858621,world,cf231,-2.672459363937378,-1.8738518953323364,0.9555478096008301
1773049160,942858621,world,cf231_leg,-2.6710855960845947,-1.8780755996704102,0.9411444664001465
1773049160,948491481,world,cf231,-2.6724131107330322,-1.8739527463912964,0.9556128978729248
1773049160,948491481,world,cf231_leg,-2.6710093021392822,-1.8780052661895752,0.9411463737487793
1773049160,952691564,world,cf231,-2.672377347946167,-1.8741296529769897,0.9556307792663574
1773049160,952691564,world,cf231_leg,-2.6710071563720703,-1.8781211376190186,0.9411957263946533
1773049160,957768920,world,cf231,-2.672367811203003,-1.8742870092391968,0.9557008743286133
1773049160,957768920,world,cf231_leg,-2.6709201335906982,-1.8781713247299194,0.941155195236206
1773049160,962557707,world,cf231,-2.6723875999450684,-1.8744696378707886,0.9557310342788696
1773049160,962557707,world,cf231_leg,-2.670898914337158,-1.8782185316085815,0.9411611557006836
1773049160,968496647,world,cf231,-2.6722183227539062,-1.8744457960128784,0.9556858539581299
1773049160,968496647,world,cf231_leg,-2.6709437370300293,-1.8782721757888794,0.9412730932235718
1773049160,974254087,world,cf231,-2.672102689743042,-1.8745454549789429,0.9556878805160522
1773049160,974254087,world,cf231_leg,-2.6708223819732666,-1.8782639503479004,0.9411907196044922
1773049160,978453411,world,cf231,-2.671996593475342,-1.8746097087860107,0.9556686878204346
1773049160,978453411,world,cf231_leg,-2.6709117889404297,-1.8784395456314087,0.9412369728088379
1773049160,982654189,world,cf231,-2.671917200088501,-1.8746520280838013,0.9556827545166016
1773049160,982654189,world,cf231_leg,-2.6708905696868896,-1.8783760070800781,0.9412442445755005
1773049160,987629631,world,cf231,-2.6719179153442383,-1.8747655153274536,0.9556763172149658
1773049160,987629631,world,cf231_leg,-2.6707754135131836,-1.8783307075500488,0.9411590099334717
1773049160,992612556,world,cf231,-2.6718249320983887,-1.8748186826705933,0.9556739330291748
1773049160,992612556,world,cf231_leg,-2.670776128768921,-1.8784444332122803,0.9411704540252686
1773049160,997647600,world,cf231,-2.6717116832733154,-1.874914288520813,0.9556347131729126
1773049160,997647600,world,cf231_leg,-2.670776605606079,-1.8784425258636475,0.9411540031433105
1773049161,2717919,world,cf231,-2.6717216968536377,-1.8749092817306519,0.9557133913040161
1773049161,2717919,world,cf231_leg,-2.6706979274749756,-1.8783775568008423,0.941206693649292
1773049161,8018658,world,cf231,-2.671757459640503,-1.8750773668289185,0.9557172060012817
1773049161,8018658,world,cf231_leg,-2.670623302459717,-1.8784173727035522,0.9411864280700684
1773049161,14038869,world,cf231,-2.671675682067871,-1.8750877380371094,0.9556357860565186
1773049161,14038869,world,cf231_leg,-2.670732021331787,-1.8784310817718506,0.9412186145782471
1773049161,19885886,world,cf231,-2.6717007160186768,-1.875182867050171,0.9557051658630371
1773049161,19885886,world,cf231_leg,-2.670731544494629,-1.878433108329773,0.9412349462509155
1773049161,23832134,world,cf231,-2.671537399291992,-1.8751299381256104,0.9557007551193237
1773049161,23832134,world,cf231_leg,-2.6706771850585938,-1.8784250020980835,0.9412113428115845
1773049161,28473593,world,cf231,-2.6715173721313477,-1.875172734260559,0.9556626081466675
1773049161,28473593,world,cf231_leg,-2.6706440448760986,-1.878480315208435,0.9411811828613281
1773049161,32828026,world,cf231,-2.671481132507324,-1.8751171827316284,0.9556552171707153
1773049161,32828026,world,cf231_leg,-2.6706433296203613,-1.8783689737319946,0.9411845207214355
1773049161,37596180,world,cf231,-2.6714344024658203,-1.875182032585144,0.9555842876434326
1773049161,37596180,world,cf231_leg,-2.6705751419067383,-1.8783724308013916,0.9411594867706299
1773049161,42808487,world,cf231,-2.6713883876800537,-1.8751673698425293,0.9556348323822021
1773049161,42808487,world,cf231_leg,-2.670689344406128,-1.878414273262024,0.9412325620651245
1773049161,48530203,world,cf231,-2.671480178833008,-1.8752350807189941,0.9556891918182373
1773049161,48530203,world,cf231_leg,-2.6706554889678955,-1.8783631324768066,0.9412356615066528
1773049161,52691636,world,cf231,-2.671318769454956,-1.875168800354004,0.9555904865264893
1773049161,52691636,world,cf231_leg,-2.6706650257110596,-1.8784332275390625,0.9411753416061401
1773049161,60021133,world,cf231,-2.6712634563446045,-1.8750501871109009,0.9555826187133789
1773049161,60021133,world,cf231_leg,-2.6706666946411133,-1.8782432079315186,0.9412761926651001
1773049161,62710399,world,cf231,-2.6713547706604004,-1.875108242034912,0.9555850028991699
1773049161,62710399,world,cf231_leg,-2.6706907749176025,-1.8783001899719238,0.9411998987197876
1773049161,68413663,world,cf231,-2.6713778972625732,-1.8751720190048218,0.9555573463439941
1773049161,68413663,world,cf231_leg,-2.6706855297088623,-1.8782676458358765,0.9411277770996094
1773049161,72806969,world,cf231,-2.6713201999664307,-1.8750511407852173,0.9555556774139404
1773049161,72806969,world,cf231_leg,-2.670595169067383,-1.8780934810638428,0.9410991668701172
1773049161,78412185,world,cf231,-2.67138671875,-1.875136137008667,0.9555376768112183
1773049161,78412185,world,cf231_leg,-2.6706383228302,-1.878108263015747,0.9410690069198608
1773049161,82620615,world,cf231,-2.671342611312866,-1.875117301940918,0.955547571182251
1773049161,82620615,world,cf231_leg,-2.6706948280334473,-1.8779982328414917,0.9410272836685181
1773049161,88313649,world,cf231,-2.6713430881500244,-1.8750079870224,0.9555685520172119
1773049161,88313649,world,cf231_leg,-2.670713424682617,-1.8779531717300415,0.941059947013855
1773049161,92640613,world,cf231,-2.671445608139038,-1.875023365020752,0.9554916620254517
1773049161,92640613,world,cf231_leg,-2.6706817150115967,-1.8780057430267334,0.9409936666488647
1773049161,97643229,world,cf231,-2.6714203357696533,-1.874924898147583,0.9554052352905273
1773049161,97643229,world,cf231_leg,-2.6707160472869873,-1.8778332471847534,0.9409780502319336
1773049161,102804484,world,cf231,-2.671537160873413,-1.8749750852584839,0.9555325508117676
1773049161,102804484,world,cf231_leg,-2.670769214630127,-1.8777294158935547,0.9410064220428467
1773049161,107679203,world,cf231,-2.6715474128723145,-1.8748185634613037,0.9554600715637207
1773049161,107679203,world,cf231_leg,-2.6707358360290527,-1.8776715993881226,0.9409629106521606
1773049161,112700170,world,cf231,-2.6716713905334473,-1.8747895956039429,0.9553993940353394
1773049161,112700170,world,cf231_leg,-2.670745849609375,-1.877626657485962,0.9408726692199707
1773049161,117838936,world,cf231,-2.67169451713562,-1.8746246099472046,0.9553624391555786
1773049161,117838936,world,cf231_leg,-2.670689105987549,-1.8773926496505737,0.9408431053161621
1773049161,122770642,world,cf231,-2.671740770339966,-1.8745204210281372,0.9552803039550781
1773049161,122770642,world,cf231_leg,-2.67067551612854,-1.8772886991500854,0.9408130645751953
1773049161,127642787,world,cf231,-2.671868324279785,-1.8745245933532715,0.9553112983703613
1773049161,127642787,world,cf231_leg,-2.670684337615967,-1.8771318197250366,0.9407281875610352
1773049161,132695008,world,cf231,-2.6720826625823975,-1.8744490146636963,0.9553133249282837
1773049161,132695008,world,cf231_leg,-2.6708083152770996,-1.8771355152130127,0.9407575130462646
1773049161,138482319,world,cf231,-2.6721787452697754,-1.8742766380310059,0.9552587270736694
1773049161,138482319,world,cf231_leg,-2.6708405017852783,-1.876963496208191,0.9407628774642944
1773049161,142780154,world,cf231,-2.6722936630249023,-1.8741734027862549,0.9552403688430786
1773049161,142780154,world,cf231_leg,-2.6707067489624023,-1.8767297267913818,0.9405728578567505
1773049161,149021818,world,cf231,-2.672255754470825,-1.873970866203308,0.9551224708557129
1773049161,149021818,world,cf231_leg,-2.6708176136016846,-1.8767457008361816,0.9405984878540039
1773049161,153386858,world,cf231,-2.6724836826324463,-1.8738811016082764,0.9551235437393188
1773049161,153386858,world,cf231_leg,-2.670861005783081,-1.8765223026275635,0.9404656887054443
1773049161,157620815,world,cf231,-2.6725058555603027,-1.8737151622772217,0.9550893306732178
1773049161,157620815,world,cf231_leg,-2.670912742614746,-1.876539945602417,0.9405723810195923
1773049161,164293384,world,cf231,-2.6727335453033447,-1.8736255168914795,0.9550901651382446
1773049161,164293384,world,cf231_leg,-2.670971393585205,-1.8764172792434692,0.9404346942901611
1773049161,167671019,world,cf231,-2.67276930809021,-1.873451828956604,0.9550901651382446
1773049161,167671019,world,cf231_leg,-2.6709365844726562,-1.876250147819519,0.9404107332229614
1773049161,172693226,world,cf231,-2.672996997833252,-1.8733652830123901,0.9551085233688354
1773049161,172693226,world,cf231_leg,-2.671003580093384,-1.8761297464370728,0.9404116868972778
1773049161,177713767,world,cf231,-2.673112630844116,-1.8731496334075928,0.955093502998352
1773049161,177713767,world,cf231_leg,-2.6711010932922363,-1.8760420083999634,0.9404066801071167
1773049161,182676202,world,cf231,-2.6732490062713623,-1.8728796243667603,0.9550437927246094
1773049161,182676202,world,cf231_leg,-2.671135902404785,-1.8759808540344238,0.940387487411499
1773049161,188499693,world,cf231,-2.6733646392822266,-1.8727803230285645,0.9550412893295288
1773049161,188499693,world,cf231_leg,-2.6711785793304443,-1.8758796453475952,0.9403302669525146
1773049161,192800310,world,cf231,-2.6734113693237305,-1.8724472522735596,0.9549499750137329
1773049161,192800310,world,cf231_leg,-2.6711997985839844,-1.8758326768875122,0.9403243064880371
1773049161,197705492,world,cf231,-2.6735167503356934,-1.872275471687317,0.955011248588562
1773049161,197705492,world,cf231_leg,-2.671266794204712,-1.8757174015045166,0.9403542280197144
1773049161,202786837,world,cf231,-2.673607587814331,-1.8719615936279297,0.9549099206924438
1773049161,202786837,world,cf231_leg,-2.671422243118286,-1.8756316900253296,0.9403018951416016
1773049161,207619232,world,cf231,-2.6736197471618652,-1.871687412261963,0.9548026323318481
1773049161,207619232,world,cf231_leg,-2.671455144882202,-1.875460147857666,0.9403055906295776
1773049161,213397671,world,cf231,-2.673769474029541,-1.8715256452560425,0.9547998905181885
1773049161,213397671,world,cf231_leg,-2.6715445518493652,-1.8754096031188965,0.9403250217437744
1773049161,218218087,world,cf231,-2.6737923622131348,-1.871247410774231,0.9547686576843262
1773049161,218218087,world,cf231_leg,-2.6715986728668213,-1.8752696514129639,0.9402034282684326
1773049161,222714742,world,cf231,-2.673994779586792,-1.8710527420043945,0.9549061059951782
1773049161,222714742,world,cf231_leg,-2.671640157699585,-1.8750590085983276,0.9401659965515137
1773049161,227700372,world,cf231,-2.673973798751831,-1.8706425428390503,0.9548896551132202
1773049161,227700372,world,cf231_leg,-2.671674966812134,-1.875000238418579,0.9401625394821167
1773049161,232689395,world,cf231,-2.6741273403167725,-1.8705140352249146,0.9549788236618042
1773049161,232689395,world,cf231_leg,-2.6718156337738037,-1.8748035430908203,0.9402909278869629
1773049161,237989404,world,cf231,-2.674072027206421,-1.870162844657898,0.9549458026885986
1773049161,237989404,world,cf231_leg,-2.6717894077301025,-1.8745919466018677,0.9401971101760864
1773049161,242747827,world,cf231,-2.6741764545440674,-1.8699867725372314,0.9549930095672607
1773049161,242747827,world,cf231_leg,-2.671823740005493,-1.8744193315505981,0.940182089805603
1773049161,247618935,world,cf231,-2.674243450164795,-1.869724154472351,0.9549350738525391
1773049161,247618935,world,cf231_leg,-2.671954870223999,-1.8743823766708374,0.9401751756668091
1773049161,253365581,world,cf231,-2.6742939949035645,-1.8694244623184204,0.9549351930618286
1773049161,253365581,world,cf231_leg,-2.6719744205474854,-1.8741048574447632,0.940132737159729
1773049161,258499366,world,cf231,-2.6743412017822266,-1.8691308498382568,0.9549974203109741
1773049161,258499366,world,cf231_leg,-2.6719272136688232,-1.8739427328109741,0.9400599002838135
1773049161,262732623,world,cf231,-2.674340009689331,-1.86886465549469,0.9548561573028564
1773049161,262732623,world,cf231_leg,-2.6719906330108643,-1.8737914562225342,0.9399833679199219
1773049161,268476222,world,cf231,-2.674318790435791,-1.868683099746704,0.9548490047454834
1773049161,268476222,world,cf231_leg,-2.6719844341278076,-1.8734180927276611,0.9398747682571411
1773049161,272766569,world,cf231,-2.6744349002838135,-1.8684676885604858,0.9548338651657104
1773049161,272766569,world,cf231_leg,-2.6721291542053223,-1.8733742237091064,0.939900279045105
1773049161,277881036,world,cf231,-2.6744601726531982,-1.86818528175354,0.9547615051269531
1773049161,277881036,world,cf231_leg,-2.672206163406372,-1.8733294010162354,0.9398690462112427
1773049161,282752875,world,cf231,-2.674438714981079,-1.8677772283554077,0.9547654390335083
1773049161,282752875,world,cf231_leg,-2.672248601913452,-1.873117208480835,0.9398144483566284
1773049161,287612177,world,cf231,-2.674531936645508,-1.8676142692565918,0.9547902345657349
1773049161,287612177,world,cf231_leg,-2.6722559928894043,-1.8729584217071533,0.9397345781326294
1773049161,292588324,world,cf231,-2.6744744777679443,-1.8672277927398682,0.9546447992324829
1773049161,292588324,world,cf231_leg,-2.672264814376831,-1.8728011846542358,0.9396506547927856
1773049161,297693918,world,cf231,-2.674592971801758,-1.8670413494110107,0.9547069072723389
1773049161,297693918,world,cf231_leg,-2.6724765300750732,-1.8727574348449707,0.9397351741790771
1773049161,302644717,world,cf231,-2.6746857166290283,-1.8668749332427979,0.9547151327133179
1773049161,302644717,world,cf231_leg,-2.6725406646728516,-1.8726096153259277,0.9396711587905884
1773049161,307638112,world,cf231,-2.6747090816497803,-1.866599440574646,0.954702615737915
1773049161,307638112,world,cf231_leg,-2.6726510524749756,-1.872509241104126,0.9396710395812988
1773049161,312681638,world,cf231,-2.6747231483459473,-1.8663567304611206,0.9546921253204346
1773049161,312681638,world,cf231_leg,-2.6726839542388916,-1.8724534511566162,0.939703106880188
1773049161,317748453,world,cf231,-2.674760341644287,-1.8661807775497437,0.9546717405319214
1773049161,317748453,world,cf231_leg,-2.672842025756836,-1.872399926185608,0.9397470951080322
1773049161,322722928,world,cf231,-2.674806833267212,-1.8658593893051147,0.954653263092041
1773049161,322722928,world,cf231_leg,-2.6729161739349365,-1.8722114562988281,0.9396237134933472
1773049161,327825275,world,cf231,-2.674809217453003,-1.865623116493225,0.9545859098434448
1773049161,327825275,world,cf231_leg,-2.672910690307617,-1.8720595836639404,0.939746618270874
1773049161,332787803,world,cf231,-2.674947738647461,-1.8653573989868164,0.9545509815216064
1773049161,332787803,world,cf231_leg,-2.673110246658325,-1.8720217943191528,0.93977952003479
1773049161,337728359,world,cf231,-2.674952507019043,-1.865159273147583,0.9546147584915161
1773049161,337728359,world,cf231_leg,-2.673130989074707,-1.8717477321624756,0.9397491216659546
1773049161,342602025,world,cf231,-2.675001859664917,-1.864864468574524,0.9546539783477783
1773049161,342602025,world,cf231_leg,-2.6730642318725586,-1.8716317415237427,0.9396622180938721
1773049161,348347529,world,cf231,-2.675049304962158,-1.8646446466445923,0.9545575380325317
1773049161,348347529,world,cf231_leg,-2.6732892990112305,-1.871578574180603,0.9397646188735962
1773049161,352630885,world,cf231,-2.6751468181610107,-1.8644318580627441,0.9547803401947021
1773049161,352630885,world,cf231_leg,-2.673365354537964,-1.8714220523834229,0.9397379159927368
1773049161,357696946,world,cf231,-2.6752636432647705,-1.8640977144241333,0.9547336101531982
1773049161,357696946,world,cf231_leg,-2.6733877658843994,-1.871258020401001,0.9396858215332031
1773049161,362799527,world,cf231,-2.6753106117248535,-1.8640388250350952,0.954840898513794
1773049161,362799527,world,cf231_leg,-2.6734652519226074,-1.8712159395217896,0.9396685361862183
1773049161,367876325,world,cf231,-2.6753478050231934,-1.8637468814849854,0.9548078775405884
1773049161,367876325,world,cf231_leg,-2.673534393310547,-1.8710999488830566,0.9396787881851196
1773049161,372803900,world,cf231,-2.675553321838379,-1.8637099266052246,0.9548494815826416
1773049161,372803900,world,cf231_leg,-2.673597574234009,-1.8709510564804077,0.9396181106567383
1773049161,377607295,world,cf231,-2.6756696701049805,-1.8634912967681885,0.9548171758651733
1773049161,377607295,world,cf231_leg,-2.6736719608306885,-1.8707947731018066,0.9396129846572876
1773049161,382660031,world,cf231,-2.675715684890747,-1.8632760047912598,0.9547605514526367
1773049161,382660031,world,cf231_leg,-2.6736867427825928,-1.8706707954406738,0.9395990371704102
1773049161,387768638,world,cf231,-2.675706624984741,-1.8630855083465576,0.9547911882400513
1773049161,387768638,world,cf231_leg,-2.673818349838257,-1.870518684387207,0.9395630359649658
1773049161,392632462,world,cf231,-2.675809144973755,-1.8629904985427856,0.9547382593154907
1773049161,392632462,world,cf231_leg,-2.673804521560669,-1.8703010082244873,0.9395209550857544
1773049161,397883946,world,cf231,-2.675889492034912,-1.8628325462341309,0.9547111988067627
1773049161,397883946,world,cf231_leg,-2.6739609241485596,-1.8703590631484985,0.9395828247070312
1773049161,402743701,world,cf231,-2.6759936809539795,-1.8627785444259644,0.9548075199127197
1773049161,402743701,world,cf231_leg,-2.674062728881836,-1.8701871633529663,0.9396258592605591
1773049161,408513613,world,cf231,-2.675902843475342,-1.8625949621200562,0.9547386169433594
1773049161,408513613,world,cf231_leg,-2.6740593910217285,-1.8700406551361084,0.9395203590393066
1773049161,412521303,world,cf231,-2.6761224269866943,-1.8625478744506836,0.9547950029373169
1773049161,412521303,world,cf231_leg,-2.674168586730957,-1.8699390888214111,0.9395242929458618
1773049161,418225437,world,cf231,-2.6761317253112793,-1.8623899221420288,0.9547265768051147
1773049161,418225437,world,cf231_leg,-2.674210786819458,-1.8698395490646362,0.9394842386245728
1773049161,422634087,world,cf231,-2.6761560440063477,-1.8623417615890503,0.9547007083892822
1773049161,422634087,world,cf231_leg,-2.674333333969116,-1.869731068611145,0.9395205974578857
1773049161,428866960,world,cf231,-2.6762378215789795,-1.862185001373291,0.9546699523925781
1773049161,428866960,world,cf231_leg,-2.6744234561920166,-1.8696762323379517,0.9395087957382202
1773049161,432750321,world,cf231,-2.676349639892578,-1.8622009754180908,0.9547098875045776
1773049161,432750321,world,cf231_leg,-2.6745760440826416,-1.8697081804275513,0.9395241737365723
1773049161,438005833,world,cf231,-2.6764111518859863,-1.8620902299880981,0.954658031463623
1773049161,438005833,world,cf231_leg,-2.6746749877929688,-1.8696117401123047,0.9394562244415283
1773049161,442559834,world,cf231,-2.6765244007110596,-1.8621046543121338,0.9546760320663452
1773049161,442559834,world,cf231_leg,-2.6747753620147705,-1.8695544004440308,0.9395309686660767
1773049161,447694936,world,cf231,-2.6764092445373535,-1.8618284463882446,0.9545562267303467
1773049161,447694936,world,cf231_leg,-2.6747994422912598,-1.8695003986358643,0.9394568204879761
1773049161,453483233,world,cf231,-2.6766488552093506,-1.8619624376296997,0.9546213150024414
1773049161,453483233,world,cf231_leg,-2.6749515533447266,-1.869529366493225,0.9394584894180298
1773049161,458386306,world,cf231,-2.676750898361206,-1.8619835376739502,0.9545818567276001
1773049161,458386306,world,cf231_leg,-2.6750292778015137,-1.86937415599823,0.939428448677063
1773049161,462724779,world,cf231,-2.6767537593841553,-1.8618667125701904,0.9545445442199707
1773049161,462724779,world,cf231_leg,-2.6750621795654297,-1.8693158626556396,0.9394456148147583
1773049161,469665322,world,cf231,-2.676913261413574,-1.8619320392608643,0.9546480178833008
1773049161,469665322,world,cf231_leg,-2.6751952171325684,-1.869394302368164,0.939445972442627
1773049161,472585683,world,cf231,-2.6769344806671143,-1.8618478775024414,0.9545114040374756
1773049161,472585683,world,cf231_leg,-2.6752936840057373,-1.8693021535873413,0.9394100904464722
1773049161,478415410,world,cf231,-2.6770496368408203,-1.861860752105713,0.9545073509216309
1773049161,478415410,world,cf231_leg,-2.6754040718078613,-1.8693153858184814,0.939422607421875
1773049161,482573585,world,cf231,-2.677140712738037,-1.8619251251220703,0.9545456171035767
1773049161,482573585,world,cf231_leg,-2.6755080223083496,-1.8693649768829346,0.9394392967224121
1773049161,488332024,world,cf231,-2.6772193908691406,-1.8618853092193604,0.954552173614502
1773049161,488332024,world,cf231_leg,-2.675571918487549,-1.8692165613174438,0.9393773078918457
1773049161,492858987,world,cf231,-2.6773123741149902,-1.8619450330734253,0.9545506238937378
1773049161,492858987,world,cf231_leg,-2.6756980419158936,-1.8692548274993896,0.9395183324813843
1773049161,497741118,world,cf231,-2.67744517326355,-1.8619930744171143,0.9544669389724731
1773049161,497741118,world,cf231_leg,-2.6757380962371826,-1.869239330291748,0.9394092559814453
1773049161,502499162,world,cf231,-2.6775145530700684,-1.8619886636734009,0.9544938802719116
1773049161,502499162,world,cf231_leg,-2.675806760787964,-1.8692365884780884,0.9394330978393555
1773049161,508475690,world,cf231,-2.677661418914795,-1.862178921699524,0.9545730352401733
1773049161,508475690,world,cf231_leg,-2.6759495735168457,-1.869195580482483,0.9394952058792114
1773049161,512940142,world,cf231,-2.6778221130371094,-1.8620895147323608,0.9545079469680786
1773049161,512940142,world,cf231_leg,-2.67604923248291,-1.8690974712371826,0.9394100904464722
1773049161,517745300,world,cf231,-2.677899122238159,-1.862277865409851,0.9545248746871948
1773049161,517745300,world,cf231_leg,-2.6760923862457275,-1.8692262172698975,0.9393914937973022
1773049161,528405948,world,cf231,-2.6779797077178955,-1.8622334003448486,0.9544912576675415
1773049161,528405948,world,cf231_leg,-2.676295280456543,-1.8692219257354736,0.9395169019699097
1773049161,528560011,world,cf231,-2.6780247688293457,-1.86224365234375,0.9544265270233154
1773049161,528560011,world,cf231_leg,-2.676325798034668,-1.869131088256836,0.9394395351409912
1773049161,532848301,world,cf231,-2.6782169342041016,-1.862334966659546,0.9544621706008911
1773049161,532848301,world,cf231_leg,-2.676382064819336,-1.8692495822906494,0.9394406080245972
1773049161,537877870,world,cf231,-2.67838716506958,-1.8624730110168457,0.9545004367828369
1773049161,537877870,world,cf231_leg,-2.6765942573547363,-1.8692041635513306,0.9395090341567993
1773049161,542711889,world,cf231,-2.6784908771514893,-1.8625257015228271,0.9545568227767944
1773049161,542711889,world,cf231_leg,-2.676616668701172,-1.869150996208191,0.9394545555114746
1773049161,547660460,world,cf231,-2.6788101196289062,-1.8628437519073486,0.9545975923538208
1773049161,547660460,world,cf231_leg,-2.6767725944519043,-1.8692165613174438,0.9395617246627808
1773049161,553384428,world,cf231,-2.6788082122802734,-1.8626985549926758,0.9545080661773682
1773049161,553384428,world,cf231_leg,-2.676769495010376,-1.8691809177398682,0.9394540786743164
1773049161,558511753,world,cf231,-2.678955554962158,-1.8628863096237183,0.9545674324035645
1773049161,558511753,world,cf231_leg,-2.6769821643829346,-1.8692493438720703,0.9395334720611572
1773049161,562695400,world,cf231,-2.6791019439697266,-1.8629237413406372,0.9544992446899414
1773049161,562695400,world,cf231_leg,-2.6769824028015137,-1.8691335916519165,0.9395055770874023
1773049161,568280212,world,cf231,-2.6793315410614014,-1.8630985021591187,0.9546219110488892
1773049161,568280212,world,cf231_leg,-2.6771602630615234,-1.8692615032196045,0.939586877822876
1773049161,572570766,world,cf231,-2.6795830726623535,-1.8633393049240112,0.9547367095947266
1773049161,572570766,world,cf231_leg,-2.6772830486297607,-1.8692666292190552,0.939635157585144
1773049161,577669205,world,cf231,-2.679593324661255,-1.8632984161376953,0.9546786546707153
1773049161,577669205,world,cf231_leg,-2.677302122116089,-1.8691822290420532,0.9395046234130859
1773049161,582733138,world,cf231,-2.679718255996704,-1.8634814023971558,0.9545159339904785
1773049161,582733138,world,cf231_leg,-2.677461624145508,-1.869278907775879,0.9396877288818359
1773049161,589167316,world,cf231,-2.6799681186676025,-1.8636261224746704,0.9547473192214966
1773049161,589167316,world,cf231_leg,-2.677572727203369,-1.8692902326583862,0.9396835565567017
1773049161,592611589,world,cf231,-2.6800694465637207,-1.8636497259140015,0.9547269344329834
1773049161,592611589,world,cf231_leg,-2.6776282787323,-1.8691813945770264,0.9396611452102661
1773049161,597721685,world,cf231,-2.6802854537963867,-1.863793134689331,0.9546616077423096
1773049161,597721685,world,cf231_leg,-2.677738666534424,-1.8693128824234009,0.939716100692749
1773049161,602742245,world,cf231,-2.6803665161132812,-1.8639633655548096,0.9545435905456543
1773049161,602742245,world,cf231_leg,-2.677828311920166,-1.8692600727081299,0.9397203922271729
1773049161,608426118,world,cf231,-2.6805012226104736,-1.864046335220337,0.9545727968215942
1773049161,608426118,world,cf231_leg,-2.6778404712677,-1.8692495822906494,0.9397410154342651
1773049161,612676443,world,cf231,-2.6806843280792236,-1.8641701936721802,0.9546098709106445
1773049161,612676443,world,cf231_leg,-2.6779069900512695,-1.8692095279693604,0.9396394491195679
1773049161,618511757,world,cf231,-2.6807847023010254,-1.8643121719360352,0.9546222686767578
1773049161,618511757,world,cf231_leg,-2.678062677383423,-1.8692773580551147,0.9397624731063843
1773049161,622858170,world,cf231,-2.6808297634124756,-1.8643230199813843,0.9545559883117676
1773049161,622858170,world,cf231_leg,-2.678086996078491,-1.8692609071731567,0.9398343563079834
1773049161,627834478,world,cf231,-2.6810142993927,-1.8644450902938843,0.9545714855194092
1773049161,627834478,world,cf231_leg,-2.6782190799713135,-1.869225025177002,0.9398252964019775
1773049161,634448034,world,cf231,-2.681070566177368,-1.8645650148391724,0.9545755386352539
1773049161,634448034,world,cf231_leg,-2.6783416271209717,-1.869346022605896,0.9399008750915527
1773049161,637827727,world,cf231,-2.6812639236450195,-1.8646509647369385,0.9545726776123047
1773049161,637827727,world,cf231_leg,-2.6783201694488525,-1.8692820072174072,0.9399094581604004
1773049161,642656736,world,cf231,-2.681318521499634,-1.8646656274795532,0.9546396732330322
1773049161,642656736,world,cf231_leg,-2.6784982681274414,-1.8692938089370728,0.939963698387146
1773049161,647729259,world,cf231,-2.6815130710601807,-1.864749789237976,0.9546154737472534
1773049161,647729259,world,cf231_leg,-2.6785314083099365,-1.8693541288375854,0.9400225877761841
1773049161,652595737,world,cf231,-2.681502342224121,-1.8647899627685547,0.9546754360198975
1773049161,652595737,world,cf231_leg,-2.6787445545196533,-1.8694183826446533,0.9400695562362671
1773049161,657619271,world,cf231,-2.6816515922546387,-1.864859938621521,0.9546999931335449
1773049161,657619271,world,cf231_leg,-2.6787571907043457,-1.8692948818206787,0.9400765895843506
1773049161,662766668,world,cf231,-2.6817808151245117,-1.8648957014083862,0.9548275470733643
1773049161,662766668,world,cf231_leg,-2.6787567138671875,-1.8692967891693115,0.9400936365127563
1773049161,667760350,world,cf231,-2.6818037033081055,-1.8648464679718018,0.9548054933547974
1773049161,667760350,world,cf231_leg,-2.6788790225982666,-1.8693040609359741,0.940157413482666
1773049161,673385237,world,cf231,-2.6819636821746826,-1.8650256395339966,0.9549005031585693
1773049161,673385237,world,cf231_leg,-2.6789464950561523,-1.8693023920059204,0.9402000904083252
1773049161,677888321,world,cf231,-2.682077407836914,-1.8650373220443726,0.9548989534378052
1773049161,677888321,world,cf231_leg,-2.679060459136963,-1.869351863861084,0.9403178691864014
1773049161,684446472,world,cf231,-2.6822142601013184,-1.8651556968688965,0.9550400972366333
1773049161,684446472,world,cf231_leg,-2.6791152954101562,-1.8693581819534302,0.940325140953064
1773049161,687784650,world,cf231,-2.682271718978882,-1.8651604652404785,0.955028772354126
1773049161,687784650,world,cf231_leg,-2.6792266368865967,-1.8693699836730957,0.9403195381164551
1773049161,692841085,world,cf231,-2.6823534965515137,-1.8651536703109741,0.955127477645874
1773049161,692841085,world,cf231_leg,-2.6792266368865967,-1.8692564964294434,0.9403074979782104
1773049161,697567013,world,cf231,-2.6825108528137207,-1.8652968406677246,0.9551119804382324
1773049161,697567013,world,cf231_leg,-2.6792995929718018,-1.8693228960037231,0.9405521154403687
1773049161,702680057,world,cf231,-2.682567834854126,-1.8653016090393066,0.955101490020752
1773049161,702680057,world,cf231_leg,-2.6793558597564697,-1.8692171573638916,0.9405430555343628
1773049161,707912587,world,cf231,-2.682785987854004,-1.865409016609192,0.9553254842758179
1773049161,707912587,world,cf231_leg,-2.6794450283050537,-1.869166612625122,0.9405630826950073
1773049161,713599209,world,cf231,-2.682879686355591,-1.8654669523239136,0.9553025960922241
1773049161,713599209,world,cf231_leg,-2.6794991493225098,-1.8692880868911743,0.9405994415283203
1773049161,717611815,world,cf231,-2.6830027103424072,-1.8654792308807373,0.9554169178009033
1773049161,717611815,world,cf231_leg,-2.679600715637207,-1.8692320585250854,0.9406702518463135
1773049161,722640507,world,cf231,-2.683013916015625,-1.8654365539550781,0.9553380012512207
1773049161,722640507,world,cf231_leg,-2.6797022819519043,-1.8692845106124878,0.9407228231430054
1773049161,730207510,world,cf231,-2.683138370513916,-1.8655602931976318,0.9554247856140137
1773049161,730207510,world,cf231_leg,-2.679701805114746,-1.8692888021469116,0.9407548904418945
1773049161,733680158,world,cf231,-2.6832544803619385,-1.8656072616577148,0.9555354118347168
1773049161,733680158,world,cf231_leg,-2.6797473430633545,-1.8692227602005005,0.9408068656921387
1773049161,737598643,world,cf231,-2.6832661628723145,-1.8655977249145508,0.9555739164352417
1773049161,737598643,world,cf231_leg,-2.679814338684082,-1.8692233562469482,0.940865159034729
1773049161,743499690,world,cf231,-2.6833696365356445,-1.86565363407135,0.9556475877761841
1773049161,743499690,world,cf231_leg,-2.679835796356201,-1.8691740036010742,0.940843939781189
1773049161,747944785,world,cf231,-2.683379888534546,-1.8656127452850342,0.9555898904800415
1773049161,747944785,world,cf231_leg,-2.679781436920166,-1.8691656589508057,0.9408210515975952
1773049161,752796605,world,cf231,-2.6834945678710938,-1.8656586408615112,0.9557033777236938
1773049161,752796605,world,cf231_leg,-2.6798853874206543,-1.8690310716629028,0.9409892559051514
1773049161,758549819,world,cf231,-2.683542013168335,-1.8656005859375,0.9558088779449463
1773049161,758549819,world,cf231_leg,-2.680006504058838,-1.8690396547317505,0.9410717487335205
1773049161,763480657,world,cf231,-2.6836659908294678,-1.865681767463684,0.9557255506515503
1773049161,763480657,world,cf231_leg,-2.6800413131713867,-1.8690943717956543,0.9410800933837891
1773049161,767779021,world,cf231,-2.6836676597595215,-1.8656095266342163,0.9558801651000977
1773049161,767779021,world,cf231_leg,-2.680087089538574,-1.8689175844192505,0.9411346912384033
1773049161,772722830,world,cf231,-2.6836564540863037,-1.8656525611877441,0.9559582471847534
1773049161,772722830,world,cf231_leg,-2.680102825164795,-1.8689427375793457,0.9412627220153809
1773049161,777592738,world,cf231,-2.683851718902588,-1.8656573295593262,0.9560556411743164
1773049161,777592738,world,cf231_leg,-2.680223226547241,-1.8689557313919067,0.9413766860961914
1773049161,782826186,world,cf231,-2.683852195739746,-1.865547776222229,0.9560779333114624
1773049161,782826186,world,cf231_leg,-2.680210828781128,-1.8688477277755737,0.9413145780563354
1773049161,787629365,world,cf231,-2.683945894241333,-1.865531325340271,0.9562153816223145
1773049161,787629365,world,cf231_leg,-2.6802141666412354,-1.8687678575515747,0.9413940906524658
1773049161,793119774,world,cf231,-2.6840481758117676,-1.865445852279663,0.9562160968780518
1773049161,793119774,world,cf231_leg,-2.6801846027374268,-1.8687459230422974,0.9414564371109009
1773049161,800027879,world,cf231,-2.6841299533843994,-1.8654359579086304,0.9562969207763672
1773049161,800027879,world,cf231_leg,-2.68031907081604,-1.8687427043914795,0.9415415525436401
1773049161,802830841,world,cf231,-2.6841180324554443,-1.8653348684310913,0.9562832117080688
1773049161,802830841,world,cf231_leg,-2.6803650856018066,-1.8686772584915161,0.9415920972824097
1773049161,807795552,world,cf231,-2.684303045272827,-1.8653806447982788,0.9564379453659058
1773049161,807795552,world,cf231_leg,-2.6804237365722656,-1.868608832359314,0.9417074918746948
1773049161,812621701,world,cf231,-2.6843373775482178,-1.8653278350830078,0.9564903974533081
1773049161,812621701,world,cf231_leg,-2.6803667545318604,-1.8686028718948364,0.9417219161987305
1773049161,818430807,world,cf231,-2.6844401359558105,-1.8652790784835815,0.9566255807876587
1773049161,818430807,world,cf231_leg,-2.6804358959198,-1.8684871196746826,0.9417319297790527
1773049161,822819263,world,cf231,-2.6845781803131104,-1.8652364015579224,0.9565631151199341
1773049161,822819263,world,cf231_leg,-2.6803719997406006,-1.8682976961135864,0.9417725801467896
1773049161,829452570,world,cf231,-2.684523582458496,-1.865151286125183,0.9566725492477417
1773049161,829452570,world,cf231_leg,-2.680382013320923,-1.868289828300476,0.9418303966522217
1773049161,833377164,world,cf231,-2.684626817703247,-1.8650997877120972,0.9567888975143433
1773049161,833377164,world,cf231_leg,-2.6805388927459717,-1.8682405948638916,0.9419064521789551
1773049161,837598195,world,cf231,-2.684673547744751,-1.8651481866836548,0.956853985786438
1773049161,837598195,world,cf231_leg,-2.6804416179656982,-1.8681066036224365,0.9419158697128296
1773049161,842902270,world,cf231,-2.68465256690979,-1.8649698495864868,0.956865668296814
1773049161,842902270,world,cf231_leg,-2.6805338859558105,-1.868089199066162,0.9420284032821655
1773049161,847647781,world,cf231,-2.6846795082092285,-1.8648349046707153,0.9569039344787598
1773049161,847647781,world,cf231_leg,-2.6805028915405273,-1.867954969406128,0.9420983791351318
1773049161,852714084,world,cf231,-2.6848039627075195,-1.8648488521575928,0.9570140838623047
1773049161,852714084,world,cf231_leg,-2.680511236190796,-1.8678040504455566,0.9420629739761353
1773049161,857721454,world,cf231,-2.684783458709717,-1.8647780418395996,0.9569826126098633
1773049161,857721454,world,cf231_leg,-2.680408477783203,-1.8677903413772583,0.942175030708313
1773049161,862841621,world,cf231,-2.6847615242004395,-1.8646049499511719,0.9570320844650269
1773049161,862841621,world,cf231_leg,-2.6804895401000977,-1.8676637411117554,0.9422073364257812
1773049161,868730679,world,cf231,-2.684866428375244,-1.8645459413528442,0.9570903778076172
1773049161,868730679,world,cf231_leg,-2.680419683456421,-1.8674432039260864,0.942193865776062
1773049161,872515884,world,cf231,-2.6848104000091553,-1.8644256591796875,0.9570873975753784
1773049161,872515884,world,cf231_leg,-2.6803674697875977,-1.8674746751785278,0.9423099756240845
1773049161,878212627,world,cf231,-2.6849725246429443,-1.8643712997436523,0.9571347236633301
1773049161,878212627,world,cf231_leg,-2.6803998947143555,-1.8673046827316284,0.9423326253890991
1773049161,883326059,world,cf231,-2.6848130226135254,-1.8640824556350708,0.9570635557174683
1773049161,883326059,world,cf231_leg,-2.6804616451263428,-1.8671561479568481,0.942528486251831
1773049161,888089864,world,cf231,-2.6850321292877197,-1.8641881942749023,0.9572654962539673
1773049161,888089864,world,cf231_leg,-2.680371046066284,-1.8670918941497803,0.9425004720687866
1773049161,892934437,world,cf231,-2.684964418411255,-1.8639613389968872,0.9572120904922485
1773049161,892934437,world,cf231_leg,-2.680347204208374,-1.8669191598892212,0.9425499439239502
1773049161,898327969,world,cf231,-2.6849613189697266,-1.8638397455215454,0.9574456214904785
1773049161,898327969,world,cf231_leg,-2.6802597045898438,-1.8667818307876587,0.9426475763320923
1773049161,904159193,world,cf231,-2.684892416000366,-1.8637279272079468,0.957406759262085
1773049161,904159193,world,cf231_leg,-2.6802361011505127,-1.8665668964385986,0.9425199031829834
1773049161,908491053,world,cf231,-2.6849067211151123,-1.8634912967681885,0.9574333429336548
1773049161,908491053,world,cf231_leg,-2.6801578998565674,-1.8664970397949219,0.9425424337387085
1773049161,913080227,world,cf231,-2.6847987174987793,-1.8634287118911743,0.9576085805892944
1773049161,913080227,world,cf231_leg,-2.680100679397583,-1.8663824796676636,0.9425748586654663
1773049161,918455740,world,cf231,-2.6847989559173584,-1.8633124828338623,0.9575967788696289
1773049161,918455740,world,cf231_leg,-2.6800873279571533,-1.8662781715393066,0.9425458908081055
1773049161,922710913,world,cf231,-2.684689521789551,-1.8631019592285156,0.957664966583252
1773049161,922710913,world,cf231_leg,-2.6800224781036377,-1.8662011623382568,0.9426014423370361
1773049161,927722614,world,cf231,-2.684668779373169,-1.862926959991455,0.9576934576034546
1773049161,927722614,world,cf231_leg,-2.680015802383423,-1.8661080598831177,0.9427741765975952
1773049161,933413974,world,cf231,-2.6846354007720947,-1.862900733947754,0.9577620029449463
1773049161,933413974,world,cf231_leg,-2.680035352706909,-1.865893006324768,0.9427618980407715
1773049161,939297523,world,cf231,-2.684434413909912,-1.8625918626785278,0.9576767683029175
1773049161,939297523,world,cf231_leg,-2.679971218109131,-1.865811824798584,0.9427851438522339
1773049161,942891317,world,cf231,-2.6842997074127197,-1.8623985052108765,0.957672119140625
1773049161,942891317,world,cf231_leg,-2.679957628250122,-1.8657078742980957,0.9427555799484253
1773049161,948406383,world,cf231,-2.684234619140625,-1.862317681312561,0.9577051401138306
1773049161,948406383,world,cf231_leg,-2.679962396621704,-1.8655530214309692,0.9429666996002197
1773049161,952781931,world,cf231,-2.6841228008270264,-1.8620712757110596,0.9576622247695923
1773049161,952781931,world,cf231_leg,-2.679882764816284,-1.865449070930481,0.9428766965866089
1773049161,958460242,world,cf231,-2.683908462524414,-1.8619201183319092,0.9576708078384399
1773049161,958460242,world,cf231_leg,-2.679884910583496,-1.8653678894042969,0.9429600238800049
1773049161,962607913,world,cf231,-2.683762311935425,-1.8617361783981323,0.9576278924942017
1773049161,962607913,world,cf231_leg,-2.679852247238159,-1.8651992082595825,0.9429187774658203
1773049161,969145324,world,cf231,-2.683638095855713,-1.8615386486053467,0.9576998949050903
1773049161,969145324,world,cf231_leg,-2.679788112640381,-1.865006923675537,0.9429453611373901
1773049161,972783153,world,cf231,-2.6835949420928955,-1.8614073991775513,0.9577136039733887
1773049161,972783153,world,cf231_leg,-2.6797635555267334,-1.8650656938552856,0.9430495500564575
1773049161,979310601,world,cf231,-2.683413505554199,-1.8612817525863647,0.9576548337936401
1773049161,979310601,world,cf231_leg,-2.6797432899475098,-1.8647730350494385,0.943016767501831
1773049161,982656936,world,cf231,-2.6832547187805176,-1.8610326051712036,0.9577349424362183
1773049161,982656936,world,cf231_leg,-2.6795759201049805,-1.8645315170288086,0.9430253505706787
1773049161,988428793,world,cf231,-2.6830995082855225,-1.8608787059783936,0.9576748609542847
1773049161,988428793,world,cf231_leg,-2.6796209812164307,-1.8644675016403198,0.94309401512146
1773049161,993972374,world,cf231,-2.6829025745391846,-1.8606579303741455,0.9576646089553833
1773049161,993972374,world,cf231_leg,-2.6795530319213867,-1.864286184310913,0.9432210922241211
1773049161,998495225,world,cf231,-2.682814121246338,-1.8605155944824219,0.9577447175979614
1773049161,998495225,world,cf231_leg,-2.6794304847717285,-1.8640538454055786,0.9431495666503906
1773049162,2732729,world,cf231,-2.68270206451416,-1.8603827953338623,0.9576948881149292
1773049162,2732729,world,cf231_leg,-2.6793766021728516,-1.863858938217163,0.9432624578475952
1773049162,8258759,world,cf231,-2.6824960708618164,-1.8601946830749512,0.9576866626739502
1773049162,8258759,world,cf231_leg,-2.679276466369629,-1.8636866807937622,0.9431493282318115
1773049162,12808884,world,cf231,-2.682246208190918,-1.8601043224334717,0.9576988220214844
1773049162,12808884,world,cf231_leg,-2.6792337894439697,-1.8634449243545532,0.9431549310684204
1773049162,17717527,world,cf231,-2.6822593212127686,-1.859982967376709,0.9577398300170898
1773049162,17717527,world,cf231_leg,-2.6791694164276123,-1.8632524013519287,0.9431819915771484
1773049162,22774364,world,cf231,-2.6821110248565674,-1.8598004579544067,0.9577186107635498
1773049162,22774364,world,cf231_leg,-2.6789939403533936,-1.8631616830825806,0.9432258605957031
1773049162,28827439,world,cf231,-2.681964874267578,-1.8596529960632324,0.957810640335083
1773049162,28827439,world,cf231_leg,-2.6790478229522705,-1.8629449605941772,0.9432424306869507
1773049162,32616578,world,cf231,-2.681896924972534,-1.859581708908081,0.9579213857650757
1773049162,32616578,world,cf231_leg,-2.6788129806518555,-1.8625885248184204,0.9431819915771484
1773049162,38422515,world,cf231,-2.6817500591278076,-1.8595041036605835,0.9578380584716797
1773049162,38422515,world,cf231_leg,-2.6786813735961914,-1.862395167350769,0.9431513547897339
1773049162,42840362,world,cf231,-2.681598424911499,-1.8590891361236572,0.9580767154693604
1773049162,42840362,world,cf231_leg,-2.6786181926727295,-1.862125277519226,0.943294882774353
1773049162,49296321,world,cf231,-2.681527853012085,-1.8590338230133057,0.9583010673522949
1773049162,49296321,world,cf231_leg,-2.678541898727417,-1.8619410991668701,0.9432847499847412
1773049162,52762570,world,cf231,-2.6814277172088623,-1.8589564561843872,0.9580761194229126
1773049162,52762570,world,cf231_leg,-2.678518533706665,-1.8618824481964111,0.9433443546295166
1773049162,57744704,world,cf231,-2.6812753677368164,-1.8588008880615234,0.958242654800415
1773049162,57744704,world,cf231_leg,-2.678408145904541,-1.861636996269226,0.9432787895202637
1773049162,63439142,world,cf231,-2.681248188018799,-1.858574628829956,0.9583549499511719
1773049162,63439142,world,cf231_leg,-2.6783504486083984,-1.8614102602005005,0.9433165788650513
1773049162,68987983,world,cf231,-2.6811130046844482,-1.8583837747573853,0.9583691358566284
1773049162,68987983,world,cf231_leg,-2.678238868713379,-1.8612843751907349,0.9433109760284424
1773049162,72816706,world,cf231,-2.6808784008026123,-1.8580483198165894,0.9583518505096436
1773049162,72816706,world,cf231_leg,-2.678128242492676,-1.861048698425293,0.9433051347732544
1773049162,78510680,world,cf231,-2.6808454990386963,-1.8580286502838135,0.9584547281265259
1773049162,78510680,world,cf231_leg,-2.6781017780303955,-1.8607189655303955,0.9434261322021484
1773049162,82662717,world,cf231,-2.680643320083618,-1.8577154874801636,0.9583534002304077
1773049162,82662717,world,cf231_leg,-2.6779603958129883,-1.8604600429534912,0.9434869289398193
1773049162,88086931,world,cf231,-2.6805427074432373,-1.8575819730758667,0.9583959579467773
1773049162,88086931,world,cf231_leg,-2.677873134613037,-1.8603205680847168,0.9435683488845825
1773049162,92679015,world,cf231,-2.6804206371307373,-1.8573800325393677,0.9584270715713501
1773049162,92679015,world,cf231_leg,-2.67777419090271,-1.8599618673324585,0.9435900449752808
1773049162,97728597,world,cf231,-2.68027400970459,-1.8571926355361938,0.9583662748336792
1773049162,97728597,world,cf231_leg,-2.677685499191284,-1.8596718311309814,0.9435329437255859
1773049162,103591897,world,cf231,-2.6801607608795166,-1.8570647239685059,0.9583549499511719
1773049162,103591897,world,cf231_leg,-2.677572727203369,-1.8593624830245972,0.9436992406845093
1773049162,107943448,world,cf231,-2.6800639629364014,-1.856845736503601,0.9584580659866333
1773049162,107943448,world,cf231_leg,-2.677384614944458,-1.859052300453186,0.9436837434768677
1773049162,113612040,world,cf231,-2.6799299716949463,-1.856539249420166,0.9584577083587646
1773049162,113612040,world,cf231_leg,-2.6772613525390625,-1.8587430715560913,0.9437485933303833
1773049162,117692554,world,cf231,-2.679795742034912,-1.8563463687896729,0.9584512710571289
1773049162,117692554,world,cf231_leg,-2.6771974563598633,-1.8585530519485474,0.9437897205352783
1773049162,122592297,world,cf231,-2.6796181201934814,-1.856021523475647,0.9584589004516602
1773049162,122592297,world,cf231_leg,-2.677154779434204,-1.8582350015640259,0.9439312219619751
1773049162,127842650,world,cf231,-2.679551601409912,-1.8558317422866821,0.9585374593734741
1773049162,127842650,world,cf231_leg,-2.677074432373047,-1.8579427003860474,0.9439817667007446
1773049162,132696064,world,cf231,-2.6795077323913574,-1.8557027578353882,0.9585702419281006
1773049162,132696064,world,cf231_leg,-2.676987886428833,-1.8578011989593506,0.9440464973449707
1773049162,137687047,world,cf231,-2.679417610168457,-1.855408787727356,0.958525538444519
1773049162,137687047,world,cf231_leg,-2.676936626434326,-1.8575276136398315,0.9442576169967651
1773049162,142567209,world,cf231,-2.6792993545532227,-1.855126976966858,0.958653450012207
1773049162,142567209,world,cf231_leg,-2.676748752593994,-1.8572174310684204,0.944242000579834
1773049162,148576641,world,cf231,-2.679163932800293,-1.8549293279647827,0.9586331844329834
1773049162,148576641,world,cf231_leg,-2.6767373085021973,-1.8570412397384644,0.9443573951721191
1773049162,154567635,world,cf231,-2.6790876388549805,-1.854628324508667,0.958620548248291
1773049162,154567635,world,cf231_leg,-2.676647901535034,-1.856752634048462,0.9443175792694092
1773049162,158420248,world,cf231,-2.6791279315948486,-1.8542860746383667,0.9590458869934082
1773049162,158420248,world,cf231_leg,-2.676468849182129,-1.8564008474349976,0.9442456960678101
1773049162,162817901,world,cf231,-2.6788792610168457,-1.8538137674331665,0.9589020013809204
1773049162,162817901,world,cf231_leg,-2.6763193607330322,-1.8559941053390503,0.9444841146469116
1773049162,167676921,world,cf231,-2.6788032054901123,-1.8534386157989502,0.9590492248535156
1773049162,167676921,world,cf231_leg,-2.6762843132019043,-1.8556427955627441,0.9446330070495605
1773049162,172947554,world,cf231,-2.6787238121032715,-1.853143572807312,0.9590981006622314
1773049162,172947554,world,cf231_leg,-2.676110029220581,-1.855320930480957,0.9446196556091309
1773049162,178130080,world,cf231,-2.6785778999328613,-1.8527719974517822,0.9592198133468628
1773049162,178130080,world,cf231_leg,-2.676091432571411,-1.8549506664276123,0.9447029829025269
1773049162,183974272,world,cf231,-2.6784889698028564,-1.852515459060669,0.9593073129653931
1773049162,183974272,world,cf231_leg,-2.675926923751831,-1.8546279668807983,0.9447931051254272
1773049162,189520417,world,cf231,-2.678457736968994,-1.852270245552063,0.9594191312789917
1773049162,189520417,world,cf231_leg,-2.67586088180542,-1.8542101383209229,0.9448337554931641
1773049162,192655484,world,cf231,-2.6783573627471924,-1.8519096374511719,0.9594740867614746
1773049162,192655484,world,cf231_leg,-2.6757264137268066,-1.8539074659347534,0.9448438882827759
1773049162,198548044,world,cf231,-2.678222179412842,-1.8516050577163696,0.9594942331314087
1773049162,198548044,world,cf231_leg,-2.67569899559021,-1.8536927700042725,0.9449949264526367
1773049162,202867022,world,cf231,-2.678204298019409,-1.8512320518493652,0.9596118927001953
1773049162,202867022,world,cf231_leg,-2.6756224632263184,-1.8533203601837158,0.9451248645782471
1773049162,208385169,world,cf231,-2.677987813949585,-1.8507592678070068,0.959768533706665
1773049162,208385169,world,cf231_leg,-2.675537347793579,-1.8529548645019531,0.9451782703399658
1773049162,212556974,world,cf231,-2.677902936935425,-1.8503804206848145,0.9597820043563843
1773049162,212556974,world,cf231_leg,-2.6753616333007812,-1.852636456489563,0.9451978206634521
1773049162,217622462,world,cf231,-2.677823066711426,-1.8498457670211792,0.9600310325622559
1773049162,217622462,world,cf231_leg,-2.675226926803589,-1.8521859645843506,0.9450821876525879
1773049162,222865095,world,cf231,-2.6777637004852295,-1.8494502305984497,0.9601162672042847
1773049162,222865095,world,cf231_leg,-2.6750168800354004,-1.8518129587173462,0.9450924396514893
1773049162,227896951,world,cf231,-2.6776440143585205,-1.8490163087844849,0.960119366645813
1773049162,227896951,world,cf231_leg,-2.675034284591675,-1.8514224290847778,0.9453170299530029
1773049162,232779054,world,cf231,-2.6775715351104736,-1.8486318588256836,0.9601874351501465
1773049162,232779054,world,cf231_leg,-2.6748099327087402,-1.8508321046829224,0.9453051090240479
1773049162,237713718,world,cf231,-2.6774075031280518,-1.8481851816177368,0.960235595703125
1773049162,237713718,world,cf231_leg,-2.6746902465820312,-1.850556492805481,0.9454612731933594
1773049162,242533272,world,cf231,-2.6772964000701904,-1.8477116823196411,0.9602030515670776
1773049162,242533272,world,cf231_leg,-2.6746697425842285,-1.8501911163330078,0.9455965757369995
1773049162,247879740,world,cf231,-2.677116870880127,-1.8472768068313599,0.9602580070495605
1773049162,247879740,world,cf231_leg,-2.674607753753662,-1.8497575521469116,0.9455064535140991
1773049162,252761380,world,cf231,-2.677124500274658,-1.8468469381332397,0.960295557975769
1773049162,252761380,world,cf231_leg,-2.674561023712158,-1.849570631980896,0.945806622505188
1773049162,258558114,world,cf231,-2.6771304607391357,-1.8465383052825928,0.9603835344314575
1773049162,258558114,world,cf231_leg,-2.6744987964630127,-1.8491920232772827,0.945967435836792
1773049162,262711322,world,cf231,-2.6770246028900146,-1.8459800481796265,0.9604092836380005
1773049162,262711322,world,cf231_leg,-2.6743526458740234,-1.8487882614135742,0.9459586143493652
1773049162,269727145,world,cf231,-2.676882743835449,-1.8454859256744385,0.960456132888794
1773049162,269727145,world,cf231_leg,-2.674222230911255,-1.8482937812805176,0.9460524320602417
1773049162,272866089,world,cf231,-2.676812171936035,-1.845022439956665,0.9606448411941528
1773049162,272866089,world,cf231_leg,-2.6740996837615967,-1.8478749990463257,0.9461355209350586
1773049162,278040083,world,cf231,-2.6767184734344482,-1.8445008993148804,0.9608978033065796
1773049162,278040083,world,cf231_leg,-2.6739156246185303,-1.8474202156066895,0.9461727142333984
1773049162,284397694,world,cf231,-2.676609516143799,-1.8439546823501587,0.9610207080841064
1773049162,284397694,world,cf231_leg,-2.673762559890747,-1.8470476865768433,0.9461396932601929
1773049162,287678985,world,cf231,-2.6765806674957275,-1.8434741497039795,0.9610885381698608
1773049162,287678985,world,cf231_leg,-2.6737470626831055,-1.8464868068695068,0.946326494216919
1773049162,292667800,world,cf231,-2.6766443252563477,-1.8432103395462036,0.9613192081451416
1773049162,292667800,world,cf231_leg,-2.6736724376678467,-1.8461086750030518,0.946406364440918
1773049162,297809678,world,cf231,-2.6764426231384277,-1.8425579071044922,0.9612549543380737
1773049162,297809678,world,cf231_leg,-2.6735663414001465,-1.8457114696502686,0.9465852975845337
1773049162,302689059,world,cf231,-2.6762537956237793,-1.8420143127441406,0.9612365961074829
1773049162,302689059,world,cf231_leg,-2.673591375350952,-1.8454723358154297,0.9466650485992432
1773049162,308310857,world,cf231,-2.6760640144348145,-1.8414138555526733,0.9614877700805664
1773049162,308310857,world,cf231_leg,-2.673482894897461,-1.845042109489441,0.9467493295669556
1773049162,312766358,world,cf231,-2.6760454177856445,-1.841005563735962,0.9614909887313843
1773049162,312766358,world,cf231_leg,-2.6732959747314453,-1.84439218044281,0.9467123746871948
1773049162,317626465,world,cf231,-2.675950765609741,-1.8405568599700928,0.9615864753723145
1773049162,317626465,world,cf231_leg,-2.673224449157715,-1.844014286994934,0.9467689990997314
1773049162,322647968,world,cf231,-2.675812244415283,-1.8399786949157715,0.9617153406143188
1773049162,322647968,world,cf231_leg,-2.6731526851654053,-1.8435595035552979,0.9469635486602783
1773049162,327903959,world,cf231,-2.6757566928863525,-1.839501976966858,0.9619008302688599
1773049162,327903959,world,cf231_leg,-2.672938346862793,-1.84292471408844,0.9468785524368286
1773049162,332686857,world,cf231,-2.6756834983825684,-1.8390082120895386,0.9620140790939331
1773049162,332686857,world,cf231_leg,-2.6727609634399414,-1.842565655708313,0.9467577934265137
1773049162,337810488,world,cf231,-2.675485372543335,-1.8385001420974731,0.962016224861145
1773049162,337810488,world,cf231_leg,-2.67277455329895,-1.842139720916748,0.9468947649002075
1773049162,343387973,world,cf231,-2.67533278465271,-1.8378949165344238,0.9619947671890259
1773049162,343387973,world,cf231_leg,-2.672645092010498,-1.8417572975158691,0.9469823837280273
1773049162,347725607,world,cf231,-2.67519211769104,-1.8373945951461792,0.9620046615600586
1773049162,347725607,world,cf231_leg,-2.6726739406585693,-1.8414381742477417,0.9471426010131836
1773049162,353552225,world,cf231,-2.67508602142334,-1.8368439674377441,0.9620862007141113
1773049162,353552225,world,cf231_leg,-2.6725142002105713,-1.8409733772277832,0.9472991228103638
1773049162,357736031,world,cf231,-2.6750152111053467,-1.836342692375183,0.9621412754058838
1773049162,357736031,world,cf231_leg,-2.6724305152893066,-1.8405296802520752,0.9474701881408691
1773049162,362649573,world,cf231,-2.6748600006103516,-1.83585524559021,0.9621543884277344
1773049162,362649573,world,cf231_leg,-2.6723411083221436,-1.8401254415512085,0.9474208354949951
1773049162,367683809,world,cf231,-2.6747355461120605,-1.8352627754211426,0.9622824192047119
1773049162,367683809,world,cf231_leg,-2.6721532344818115,-1.839511752128601,0.9475351572036743
1773049162,372754574,world,cf231,-2.674593687057495,-1.8346803188323975,0.9624226093292236
1773049162,372754574,world,cf231_leg,-2.6721630096435547,-1.8391368389129639,0.9479360580444336
1773049162,378476353,world,cf231,-2.674379587173462,-1.8340815305709839,0.9625098705291748
1773049162,378476353,world,cf231_leg,-2.6719882488250732,-1.8387013673782349,0.9479283094406128
1773049162,382798700,world,cf231,-2.6742172241210938,-1.8335269689559937,0.9625980854034424
1773049162,382798700,world,cf231_leg,-2.67182993888855,-1.83818519115448,0.947844386100769
1773049162,387502751,world,cf231,-2.6740505695343018,-1.8329743146896362,0.962733268737793
1773049162,387502751,world,cf231_leg,-2.671776294708252,-1.8378748893737793,0.9479483366012573
1773049162,392740112,world,cf231,-2.673884391784668,-1.8325331211090088,0.9628424644470215
1773049162,392740112,world,cf231_leg,-2.6717960834503174,-1.8375544548034668,0.947988748550415
1773049162,397607172,world,cf231,-2.673809766769409,-1.8320432901382446,0.9629960060119629
1773049162,397607172,world,cf231_leg,-2.671637535095215,-1.8369688987731934,0.9480867385864258
1773049162,402894999,world,cf231,-2.673628330230713,-1.8316144943237305,0.9631099700927734
1773049162,402894999,world,cf231_leg,-2.671542167663574,-1.8365281820297241,0.9481910467147827
1773049162,408522698,world,cf231,-2.6734869480133057,-1.8310045003890991,0.9631655216217041
1773049162,408522698,world,cf231_leg,-2.671436309814453,-1.8359801769256592,0.9482289552688599
1773049162,412608869,world,cf231,-2.6734023094177246,-1.8303848505020142,0.9633818864822388
1773049162,412608869,world,cf231_leg,-2.6713850498199463,-1.83555269241333,0.9482859373092651
1773049162,417660405,world,cf231,-2.67323899269104,-1.8298227787017822,0.9634380340576172
1773049162,417660405,world,cf231_leg,-2.671233654022217,-1.8349902629852295,0.9483751058578491
1773049162,422593763,world,cf231,-2.6731319427490234,-1.829384446144104,0.9635157585144043
1773049162,422593763,world,cf231_leg,-2.6711995601654053,-1.834509253501892,0.9486629962921143
1773049162,428427241,world,cf231,-2.6729588508605957,-1.8288242816925049,0.963473916053772
1773049162,428427241,world,cf231_leg,-2.6711082458496094,-1.834107518196106,0.9486498832702637
1773049162,432785321,world,cf231,-2.6727705001831055,-1.8283131122589111,0.9635739326477051
1773049162,432785321,world,cf231_leg,-2.6710190773010254,-1.833702564239502,0.948601484298706
1773049162,437678076,world,cf231,-2.6726629734039307,-1.8277169466018677,0.963489294052124
1773049162,437678076,world,cf231_leg,-2.6709535121917725,-1.8335152864456177,0.9486774206161499
1773049162,443567464,world,cf231,-2.672637462615967,-1.8273859024047852,0.9636616706848145
1773049162,443567464,world,cf231_leg,-2.670846939086914,-1.8329328298568726,0.948601245880127
1773049162,447675245,world,cf231,-2.672565460205078,-1.8268853425979614,0.9637396335601807
1773049162,447675245,world,cf231_leg,-2.6707088947296143,-1.8324841260910034,0.9485412836074829
1773049162,452695428,world,cf231,-2.6724045276641846,-1.8262382745742798,0.9638811349868774
1773049162,452695428,world,cf231_leg,-2.6707119941711426,-1.8319891691207886,0.948997974395752
1773049162,457687835,world,cf231,-2.6722569465637207,-1.825663685798645,0.963931679725647
1773049162,457687835,world,cf231_leg,-2.6705079078674316,-1.831344723701477,0.9489723443984985
1773049162,462599882,world,cf231,-2.6721436977386475,-1.8252381086349487,0.9641307592391968
1773049162,462599882,world,cf231_leg,-2.6703715324401855,-1.830885887145996,0.9490714073181152
1773049162,468039076,world,cf231,-2.6721043586730957,-1.8247658014297485,0.9641596078872681
1773049162,468039076,world,cf231_leg,-2.670459747314453,-1.8305375576019287,0.9492757320404053
1773049162,472834672,world,cf231,-2.6720776557922363,-1.8243221044540405,0.9643609523773193
1773049162,472834672,world,cf231_leg,-2.6703741550445557,-1.8302055597305298,0.9494645595550537
1773049162,477767637,world,cf231,-2.6719095706939697,-1.8238816261291504,0.9644927978515625
1773049162,477767637,world,cf231_leg,-2.6702868938446045,-1.8298406600952148,0.9495573043823242
1773049162,483372317,world,cf231,-2.671929359436035,-1.8234494924545288,0.9646269083023071
1773049162,483372317,world,cf231_leg,-2.670168876647949,-1.8294124603271484,0.9495536088943481
1773049162,487427169,world,cf231,-2.6717796325683594,-1.8229448795318604,0.9647737741470337
1773049162,487427169,world,cf231_leg,-2.670135021209717,-1.8289474248886108,0.9497091770172119
1773049162,492694286,world,cf231,-2.6717188358306885,-1.8224064111709595,0.9648095369338989
1773049162,492694286,world,cf231_leg,-2.6699748039245605,-1.8284375667572021,0.949691653251648
1773049162,497678142,world,cf231,-2.6715638637542725,-1.821911096572876,0.964788556098938
1773049162,497678142,world,cf231_leg,-2.6698756217956543,-1.8280761241912842,0.9497165679931641
1773049162,502632642,world,cf231,-2.671527862548828,-1.8214664459228516,0.9648745059967041
1773049162,502632642,world,cf231_leg,-2.669849395751953,-1.8275200128555298,0.9498522281646729
1773049162,507777706,world,cf231,-2.6713647842407227,-1.8210115432739258,0.9648879766464233
1773049162,507777706,world,cf231_leg,-2.6696512699127197,-1.8270217180252075,0.9498909711837769
1773049162,512794582,world,cf231,-2.6714589595794678,-1.8206108808517456,0.9651389122009277
1773049162,512794582,world,cf231_leg,-2.6696367263793945,-1.8265714645385742,0.9500758647918701
1773049162,517517237,world,cf231,-2.671342372894287,-1.8200962543487549,0.9652639627456665
1773049162,517517237,world,cf231_leg,-2.66967511177063,-1.826319694519043,0.9501620531082153
1773049162,522748759,world,cf231,-2.671396493911743,-1.8196817636489868,0.9652734994888306
1773049162,522748759,world,cf231_leg,-2.6695661544799805,-1.8258919715881348,0.9502801895141602
1773049162,527746804,world,cf231,-2.6713008880615234,-1.819236159324646,0.9654103517532349
1773049162,527746804,world,cf231_leg,-2.6695029735565186,-1.8254741430282593,0.9503169059753418
1773049162,533326655,world,cf231,-2.671304225921631,-1.818892240524292,0.9654086828231812
1773049162,533326655,world,cf231_leg,-2.6694698333740234,-1.8250722885131836,0.9504817724227905
1773049162,537776344,world,cf231,-2.67108416557312,-1.8183183670043945,0.9654386043548584
1773049162,537776344,world,cf231_leg,-2.6692793369293213,-1.8244963884353638,0.9503529071807861
1773049162,542654138,world,cf231,-2.671055555343628,-1.8179125785827637,0.9653658866882324
1773049162,542654138,world,cf231_leg,-2.6691460609436035,-1.8240801095962524,0.9503666162490845
1773049162,548145821,world,cf231,-2.6709494590759277,-1.817470908164978,0.9654251337051392
1773049162,548145821,world,cf231_leg,-2.6690592765808105,-1.8235591650009155,0.9502875804901123
1773049162,553749271,world,cf231,-2.670772075653076,-1.8170318603515625,0.9654594659805298
1773049162,553749271,world,cf231_leg,-2.6688954830169678,-1.8231178522109985,0.9503518342971802
1773049162,561388980,world,cf231,-2.6707541942596436,-1.8166218996047974,0.9654644727706909
1773049162,561388980,world,cf231_leg,-2.6688976287841797,-1.8226962089538574,0.950440526008606
1773049162,563537006,world,cf231,-2.6707351207733154,-1.8162405490875244,0.9658141136169434
1773049162,563537006,world,cf231_leg,-2.6688883304595947,-1.82239830493927,0.9504990577697754
1773049162,567696501,world,cf231,-2.6706624031066895,-1.815812587738037,0.9657338857650757
1773049162,567696501,world,cf231_leg,-2.668830156326294,-1.8220165967941284,0.9506217241287231
1773049162,573467729,world,cf231,-2.6705896854400635,-1.8154311180114746,0.9658423662185669
1773049162,573467729,world,cf231_leg,-2.6688361167907715,-1.8217085599899292,0.950678825378418
1773049162,577807377,world,cf231,-2.6705515384674072,-1.8150986433029175,0.9659271240234375
1773049162,577807377,world,cf231_leg,-2.6687679290771484,-1.8213363885879517,0.950951337814331
1773049162,582652176,world,cf231,-2.6703808307647705,-1.8146076202392578,0.9658793210983276
1773049162,582652176,world,cf231_leg,-2.6686441898345947,-1.8207627534866333,0.950899600982666
1773049162,587729372,world,cf231,-2.6702687740325928,-1.8141602277755737,0.9660285711288452
1773049162,587729372,world,cf231_leg,-2.668520927429199,-1.8203368186950684,0.9511961936950684
1773049162,593325272,world,cf231,-2.6701807975769043,-1.8137534856796265,0.9660060405731201
1773049162,593325272,world,cf231_leg,-2.6685357093811035,-1.819871187210083,0.9511891603469849
1773049162,597608140,world,cf231,-2.6700170040130615,-1.8133035898208618,0.966057300567627
1773049162,597608140,world,cf231_leg,-2.6683902740478516,-1.8194330930709839,0.9512723684310913
1773049162,602706418,world,cf231,-2.6700193881988525,-1.813116431236267,0.9662221670150757
1773049162,602706418,world,cf231_leg,-2.6683175563812256,-1.8190056085586548,0.951146125793457
1773049162,608467580,world,cf231,-2.6699447631835938,-1.8126987218856812,0.9662175178527832
1773049162,608467580,world,cf231_leg,-2.668325185775757,-1.8187439441680908,0.9511512517929077
1773049162,612704892,world,cf231,-2.6698811054229736,-1.8123887777328491,0.966264009475708
1773049162,612704892,world,cf231_leg,-2.6682486534118652,-1.8184452056884766,0.9511486291885376
1773049162,618440347,world,cf231,-2.6699182987213135,-1.8121048212051392,0.9663118124008179
1773049162,618440347,world,cf231_leg,-2.66821551322937,-1.818161129951477,0.9511171579360962
1773049162,622662527,world,cf231,-2.669818639755249,-1.8117821216583252,0.9665218591690063
1773049162,622662527,world,cf231_leg,-2.6682791709899902,-1.8177140951156616,0.9514797925949097
1773049162,628511077,world,cf231,-2.669796943664551,-1.81144118309021,0.9666163921356201
1773049162,628511077,world,cf231_leg,-2.6681132316589355,-1.8172385692596436,0.9514495134353638
1773049162,632692681,world,cf231,-2.669754981994629,-1.8109710216522217,0.966689944267273
1773049162,632692681,world,cf231_leg,-2.6681196689605713,-1.8168156147003174,0.951496958732605
1773049162,638536754,world,cf231,-2.669734239578247,-1.8107932806015015,0.9667223691940308
1773049162,638536754,world,cf231_leg,-2.6680567264556885,-1.8163925409317017,0.9515036344528198
1773049162,643523733,world,cf231,-2.6696040630340576,-1.810360074043274,0.966651201248169
1773049162,643523733,world,cf231_leg,-2.667959213256836,-1.8159160614013672,0.9515172243118286
1773049162,648203821,world,cf231,-2.6696009635925293,-1.809936761856079,0.9666539430618286
1773049162,648203821,world,cf231_leg,-2.6679065227508545,-1.8154876232147217,0.9515975713729858
1773049162,652671422,world,cf231,-2.6695826053619385,-1.8096401691436768,0.9666539430618286
1773049162,652671422,world,cf231_leg,-2.6678993701934814,-1.8150712251663208,0.9516122341156006
1773049162,659202547,world,cf231,-2.66947340965271,-1.8092756271362305,0.9665945768356323
1773049162,659202547,world,cf231_leg,-2.6678922176361084,-1.8147724866867065,0.9516503810882568
1773049162,662708827,world,cf231,-2.66947603225708,-1.8090450763702393,0.966588020324707
1773049162,662708827,world,cf231_leg,-2.6679296493530273,-1.8144131898880005,0.9517933130264282
1773049162,667753338,world,cf231,-2.6694493293762207,-1.8086742162704468,0.9666308164596558
1773049162,667753338,world,cf231_leg,-2.667774200439453,-1.8140064477920532,0.9516831636428833
1773049162,672801371,world,cf231,-2.6694421768188477,-1.8083335161209106,0.9665529727935791
1773049162,672801371,world,cf231_leg,-2.6677086353302,-1.8135515451431274,0.9516113996505737
1773049162,677653207,world,cf231,-2.6694703102111816,-1.8080891370773315,0.9666383266448975
1773049162,677653207,world,cf231_leg,-2.667689323425293,-1.813258171081543,0.9515978097915649
1773049162,683175901,world,cf231,-2.669325113296509,-1.8076679706573486,0.966571569442749
1773049162,683175901,world,cf231_leg,-2.667567491531372,-1.812795639038086,0.9515203237533569
1773049162,689351361,world,cf231,-2.669354200363159,-1.8074214458465576,0.9666368961334229
1773049162,689351361,world,cf231_leg,-2.667468786239624,-1.8123198747634888,0.951553225517273
1773049162,692784069,world,cf231,-2.6693832874298096,-1.8071750402450562,0.9667015075683594
1773049162,692784069,world,cf231_leg,-2.6674766540527344,-1.811895728111267,0.9515814781188965
1773049162,697874252,world,cf231,-2.6692752838134766,-1.8066961765289307,0.9666488170623779
1773049162,697874252,world,cf231_leg,-2.6674787998199463,-1.811436414718628,0.9515421390533447
1773049162,706185053,world,cf231,-2.6692073345184326,-1.8064624071121216,0.9665800333023071
1773049162,706185053,world,cf231_leg,-2.6674604415893555,-1.8111801147460938,0.9516571760177612
1773049162,707673501,world,cf231,-2.6691112518310547,-1.8060896396636963,0.9665569067001343
1773049162,707673501,world,cf231_leg,-2.667520523071289,-1.8108817338943481,0.9517582654953003
1773049162,712959108,world,cf231,-2.6691198348999023,-1.8057774305343628,0.9666274785995483
1773049162,712959108,world,cf231_leg,-2.6674466133117676,-1.8104671239852905,0.9517250061035156
1773049162,717713341,world,cf231,-2.669132947921753,-1.8055049180984497,0.9665632247924805
1773049162,717713341,world,cf231_leg,-2.667405366897583,-1.8101156949996948,0.9517673254013062
1773049162,722683981,world,cf231,-2.6691150665283203,-1.8052083253860474,0.9665622711181641
1773049162,722683981,world,cf231_leg,-2.667389392852783,-1.8097074031829834,0.9517213106155396
1773049162,727761126,world,cf231,-2.669071912765503,-1.804688811302185,0.9666917324066162
1773049162,727761126,world,cf231_leg,-2.6672656536102295,-1.8091257810592651,0.9518665075302124
1773049162,732769479,world,cf231,-2.6690421104431152,-1.8042861223220825,0.9666613340377808
1773049162,732769479,world,cf231_leg,-2.6671981811523438,-1.8086707592010498,0.9518164396286011
1773049162,738498891,world,cf231,-2.669048309326172,-1.8040870428085327,0.9667282104492188
1773049162,738498891,world,cf231_leg,-2.667144775390625,-1.8082016706466675,0.951755166053772
1773049162,742679458,world,cf231,-2.669066905975342,-1.80372953414917,0.9667246341705322
1773049162,742679458,world,cf231_leg,-2.667106866836548,-1.807765245437622,0.9516286849975586
1773049162,747578092,world,cf231,-2.6689367294311523,-1.8032983541488647,0.9666725397109985
1773049162,747578092,world,cf231_leg,-2.666994571685791,-1.8074061870574951,0.9516074657440186
1773049162,754273192,world,cf231,-2.669055938720703,-1.8030846118927002,0.966680645942688
1773049162,754273192,world,cf231_leg,-2.667074203491211,-1.8071366548538208,0.9515880346298218
1773049162,758509715,world,cf231,-2.669008731842041,-1.8026105165481567,0.96659255027771
1773049162,758509715,world,cf231_leg,-2.6670219898223877,-1.8067891597747803,0.9515602588653564
1773049162,762689726,world,cf231,-2.6688873767852783,-1.8021386861801147,0.9665052890777588
1773049162,762689726,world,cf231_leg,-2.667046070098877,-1.8065129518508911,0.9515320062637329
1773049162,768453983,world,cf231,-2.6688458919525146,-1.8017796277999878,0.9665532112121582
1773049162,768453983,world,cf231_leg,-2.6669487953186035,-1.806082844734192,0.951513409614563
1773049162,772823435,world,cf231,-2.668769598007202,-1.8013243675231934,0.9664373397827148
1773049162,772823435,world,cf231_leg,-2.6669297218322754,-1.8054465055465698,0.951729416847229
1773049162,777704883,world,cf231,-2.6687660217285156,-1.8010179996490479,0.9664511680603027
1773049162,777704883,world,cf231_leg,-2.66692852973938,-1.8049956560134888,0.9517747163772583
1773049162,782710004,world,cf231,-2.6687967777252197,-1.8006541728973389,0.9665050506591797
1773049162,782710004,world,cf231_leg,-2.666799545288086,-1.8044556379318237,0.9517115354537964
1773049162,787788258,world,cf231,-2.6687426567077637,-1.8001375198364258,0.9665592908859253
1773049162,787788258,world,cf231_leg,-2.666836977005005,-1.8040491342544556,0.951665997505188
1773049162,792779698,world,cf231,-2.6688036918640137,-1.7999119758605957,0.9665431976318359
1773049162,792779698,world,cf231_leg,-2.666806697845459,-1.803687572479248,0.9517515897750854
1773049162,797645393,world,cf231,-2.6687872409820557,-1.7993764877319336,0.966505765914917
1773049162,797645393,world,cf231_leg,-2.6668686866760254,-1.803390383720398,0.9518486261367798
1773049162,803692632,world,cf231,-2.668694496154785,-1.7990062236785889,0.9662351608276367
1773049162,803692632,world,cf231_leg,-2.666804790496826,-1.8029305934906006,0.9517441987991333
1773049162,807778024,world,cf231,-2.6685826778411865,-1.7983722686767578,0.9663257598876953
1773049162,807778024,world,cf231_leg,-2.66675066947937,-1.80258309841156,0.9517384767532349
1773049162,812736795,world,cf231,-2.668760299682617,-1.7980581521987915,0.9663858413696289
1773049162,812736795,world,cf231_leg,-2.6666529178619385,-1.8018419742584229,0.951636791229248
1773049162,818697920,world,cf231,-2.6686720848083496,-1.7976523637771606,0.9663840532302856
1773049162,818697920,world,cf231_leg,-2.666569232940674,-1.8014706373214722,0.9516780376434326
1773049162,822835609,world,cf231,-2.6687488555908203,-1.7973055839538574,0.9664077758789062
1773049162,822835609,world,cf231_leg,-2.6665396690368652,-1.8010386228561401,0.9517067670822144
1773049162,828432904,world,cf231,-2.6687912940979004,-1.7968976497650146,0.9663834571838379
1773049162,828432904,world,cf231_leg,-2.6664857864379883,-1.8005754947662354,0.9516927003860474
1773049162,832772830,world,cf231,-2.6689953804016113,-1.7966735363006592,0.966454029083252
1773049162,832772830,world,cf231_leg,-2.666429042816162,-1.8001888990402222,0.9515628814697266
1773049162,838488221,world,cf231,-2.668833017349243,-1.7960131168365479,0.9661372900009155
1773049162,838488221,world,cf231_leg,-2.6663894653320312,-1.7997862100601196,0.9513822793960571
1773049162,842722741,world,cf231,-2.6688878536224365,-1.7957147359848022,0.9661598205566406
1773049162,842722741,world,cf231_leg,-2.6663429737091064,-1.7992362976074219,0.951380729675293
1773049162,849420256,world,cf231,-2.6688003540039062,-1.7951433658599854,0.9659614562988281
1773049162,849420256,world,cf231_leg,-2.6663901805877686,-1.7989100217819214,0.9513320922851562
1773049162,853194367,world,cf231,-2.6687119007110596,-1.7946405410766602,0.9660753011703491
1773049162,853194367,world,cf231_leg,-2.6661996841430664,-1.7983320951461792,0.95122230052948
1773049162,857670063,world,cf231,-2.668754816055298,-1.7942390441894531,0.9660854339599609
1773049162,857670063,world,cf231_leg,-2.666212320327759,-1.797873854637146,0.9513027667999268
1773049162,862668060,world,cf231,-2.6686816215515137,-1.7937792539596558,0.9659274816513062
1773049162,862668060,world,cf231_leg,-2.6661384105682373,-1.7973440885543823,0.9512802362442017
1773049162,868585411,world,cf231,-2.6686997413635254,-1.7934231758117676,0.9659454822540283
1773049162,868585411,world,cf231_leg,-2.6661338806152344,-1.7968121767044067,0.9512840509414673
1773049162,872593402,world,cf231,-2.668649911880493,-1.7929511070251465,0.9659030437469482
1773049162,872593402,world,cf231_leg,-2.666067600250244,-1.796356201171875,0.9512342214584351
1773049162,877705694,world,cf231,-2.668616533279419,-1.7925024032592773,0.9659711122512817
1773049162,877705694,world,cf231_leg,-2.666130542755127,-1.7960102558135986,0.9511240720748901
1773049162,882688880,world,cf231,-2.6685895919799805,-1.7921329736709595,0.9660353660583496
1773049162,882688880,world,cf231_leg,-2.6661245822906494,-1.795484185218811,0.9511768817901611
1773049162,887834444,world,cf231,-2.668529748916626,-1.791536808013916,0.9658538103103638
1773049162,887834444,world,cf231_leg,-2.665996789932251,-1.794943928718567,0.9511116743087769
1773049162,893585139,world,cf231,-2.66841197013855,-1.7908450365066528,0.9658317565917969
1773049162,893585139,world,cf231_leg,-2.6660473346710205,-1.7944672107696533,0.9513323307037354
1773049162,898505371,world,cf231,-2.6683969497680664,-1.7904284000396729,0.9658000469207764
1773049162,898505371,world,cf231_leg,-2.6658544540405273,-1.7938518524169922,0.9511138200759888
1773049162,902737158,world,cf231,-2.668367385864258,-1.7899866104125977,0.9656349420547485
1773049162,902737158,world,cf231_leg,-2.6657683849334717,-1.7933270931243896,0.9510396718978882
1773049162,907606395,world,cf231,-2.6684682369232178,-1.789630651473999,0.9657913446426392
1773049162,907606395,world,cf231_leg,-2.6657707691192627,-1.7928310632705688,0.9508880376815796
1773049162,912923136,world,cf231,-2.6686172485351562,-1.7892813682556152,0.9658412933349609
1773049162,912923136,world,cf231_leg,-2.6657509803771973,-1.7924269437789917,0.9509165287017822
1773049162,918529758,world,cf231,-2.668684720993042,-1.7888648509979248,0.9659477472305298
1773049162,918529758,world,cf231_leg,-2.6657817363739014,-1.7920640707015991,0.9509217739105225
1773049162,922826212,world,cf231,-2.668558359146118,-1.7882639169692993,0.9659276008605957
1773049162,922826212,world,cf231_leg,-2.665548086166382,-1.791359305381775,0.9508637189865112
1773049162,928484120,world,cf231,-2.668499708175659,-1.7877192497253418,0.9659489393234253
1773049162,928484120,world,cf231_leg,-2.6655008792877197,-1.7908148765563965,0.9509111642837524
1773049162,932725533,world,cf231,-2.6684672832489014,-1.787182092666626,0.9656744003295898
1773049162,932725533,world,cf231_leg,-2.6653592586517334,-1.7902828454971313,0.9508285522460938
1773049162,937697924,world,cf231,-2.668454170227051,-1.7866542339324951,0.9656664133071899
1773049162,937697924,world,cf231_leg,-2.665323257446289,-1.7895759344100952,0.9507795572280884
1773049162,943444724,world,cf231,-2.6683452129364014,-1.7861777544021606,0.9656553268432617
1773049162,943444724,world,cf231_leg,-2.665179967880249,-1.7890422344207764,0.9507019519805908
1773049162,947784555,world,cf231,-2.668468475341797,-1.7858859300613403,0.9657849073410034
1773049162,947784555,world,cf231_leg,-2.6652543544769287,-1.788622260093689,0.950847864151001
1773049162,952693011,world,cf231,-2.6683390140533447,-1.785340666770935,0.9657615423202515
1773049162,952693011,world,cf231_leg,-2.6652002334594727,-1.7880408763885498,0.9510539770126343
1773049162,958365124,world,cf231,-2.6683521270751953,-1.7847963571548462,0.9658273458480835
1773049162,958365124,world,cf231_leg,-2.665193557739258,-1.787589430809021,0.9509725570678711
1773049162,963590289,world,cf231,-2.668283462524414,-1.7842936515808105,0.9659057855606079
1773049162,963590289,world,cf231_leg,-2.6650404930114746,-1.786954402923584,0.9508733749389648
1773049162,969243505,world,cf231,-2.668203353881836,-1.7837942838668823,0.9659079313278198
1773049162,969243505,world,cf231_leg,-2.6649301052093506,-1.7863285541534424,0.9507180452346802
1773049162,972815437,world,cf231,-2.668138265609741,-1.78313148021698,0.9657993316650391
1773049162,972815437,world,cf231_leg,-2.6647284030914307,-1.7856411933898926,0.9505622386932373
1773049162,979329996,world,cf231,-2.6679162979125977,-1.7825216054916382,0.9657570123672485
1773049162,979329996,world,cf231_leg,-2.6647095680236816,-1.7852323055267334,0.9505596160888672
1773049162,982614886,world,cf231,-2.667895555496216,-1.7820316553115845,0.9657644033432007
1773049162,982614886,world,cf231_leg,-2.6647496223449707,-1.7846349477767944,0.9508838653564453
1773049162,987686600,world,cf231,-2.667778730392456,-1.781477451324463,0.9657793045043945
1773049162,987686600,world,cf231_leg,-2.6647233963012695,-1.7841593027114868,0.9509541988372803
1773049162,992725971,world,cf231,-2.667705535888672,-1.7809443473815918,0.9658056497573853
1773049162,992725971,world,cf231_leg,-2.6646554470062256,-1.7836233377456665,0.9508571624755859
1773049162,997745966,world,cf231,-2.6678214073181152,-1.7804148197174072,0.9660420417785645
1773049162,997745966,world,cf231_leg,-2.6646029949188232,-1.7829787731170654,0.9510500431060791
1773049163,3156884,world,cf231,-2.667630434036255,-1.7797120809555054,0.9659487009048462
1773049163,3156884,world,cf231_leg,-2.664414167404175,-1.7823232412338257,0.9510769844055176
1773049163,8508867,world,cf231,-2.667557716369629,-1.7792506217956543,0.9657920598983765
1773049163,8508867,world,cf231_leg,-2.6643192768096924,-1.7816121578216553,0.9510763883590698
1773049163,13174351,world,cf231,-2.6676137447357178,-1.778604507446289,0.966088056564331
1773049163,13174351,world,cf231_leg,-2.6641831398010254,-1.7810367345809937,0.9512063264846802
1773049163,18666318,world,cf231,-2.667465925216675,-1.7778747081756592,0.9660599231719971
1773049163,18666318,world,cf231_leg,-2.6642277240753174,-1.780716061592102,0.9512289762496948
1773049163,22707102,world,cf231,-2.667480230331421,-1.7773244380950928,0.9660893678665161
1773049163,22707102,world,cf231_leg,-2.664114236831665,-1.7800589799880981,0.9512356519699097
1773049163,28503468,world,cf231,-2.6674697399139404,-1.7768292427062988,0.9661785364151001
1773049163,28503468,world,cf231_leg,-2.664018392562866,-1.7795053720474243,0.95140540599823
1773049163,32808252,world,cf231,-2.667320966720581,-1.7760955095291138,0.9661350250244141
1773049163,32808252,world,cf231_leg,-2.6638734340667725,-1.7787926197052002,0.9515731334686279
1773049163,37773690,world,cf231,-2.6672019958496094,-1.7754504680633545,0.9663265943527222
1773049163,37773690,world,cf231_leg,-2.6635899543762207,-1.7779922485351562,0.9515419006347656
1773049163,42937531,world,cf231,-2.667102575302124,-1.7747339010238647,0.9662257432937622
1773049163,42937531,world,cf231_leg,-2.6635634899139404,-1.777510404586792,0.9515851736068726
1773049163,47651729,world,cf231,-2.6670095920562744,-1.7741727828979492,0.9663931131362915
1773049163,47651729,world,cf231_leg,-2.6635727882385254,-1.7768524885177612,0.9518463611602783
1773049163,52762268,world,cf231,-2.6669929027557373,-1.773530125617981,0.96668541431427
1773049163,52762268,world,cf231_leg,-2.6635656356811523,-1.7764440774917603,0.9519450664520264
1773049163,58638385,world,cf231,-2.666902542114258,-1.7728523015975952,0.966839075088501
1773049163,58638385,world,cf231_leg,-2.6634469032287598,-1.7757512331008911,0.9518823623657227
1773049163,62787079,world,cf231,-2.666762590408325,-1.7721340656280518,0.967003583908081
1773049163,62787079,world,cf231_leg,-2.66314697265625,-1.7750359773635864,0.9517157077789307
1773049163,68399193,world,cf231,-2.6665570735931396,-1.7713950872421265,0.9669667482376099
1773049163,68399193,world,cf231_leg,-2.6631007194519043,-1.7744901180267334,0.9517644643783569
1773049163,72716694,world,cf231,-2.6664512157440186,-1.7706397771835327,0.9670252799987793
1773049163,72716694,world,cf231_leg,-2.6629951000213623,-1.7738242149353027,0.9518553018569946
1773049163,77832602,world,cf231,-2.666347026824951,-1.7700402736663818,0.9669625759124756
1773049163,77832602,world,cf231_leg,-2.662914752960205,-1.7732548713684082,0.951995849609375
1773049163,82744416,world,cf231,-2.6662275791168213,-1.7693337202072144,0.967139482498169
1773049163,82744416,world,cf231_leg,-2.662815570831299,-1.77262544631958,0.9521526098251343
1773049163,87719706,world,cf231,-2.666140556335449,-1.7686457633972168,0.9672149419784546
1773049163,87719706,world,cf231_leg,-2.6627376079559326,-1.7720235586166382,0.9521688222885132
1773049163,93481117,world,cf231,-2.6660094261169434,-1.767787218093872,0.9671922922134399
1773049163,93481117,world,cf231_leg,-2.662614583969116,-1.771288514137268,0.9522132873535156
1773049163,97737666,world,cf231,-2.6659092903137207,-1.7672230005264282,0.967220664024353
1773049163,97737666,world,cf231_leg,-2.6623644828796387,-1.7706334590911865,0.952339768409729
1773049163,103440676,world,cf231,-2.6657392978668213,-1.7664299011230469,0.9672400951385498
1773049163,103440676,world,cf231_leg,-2.662203073501587,-1.769914984703064,0.9522463083267212
1773049163,107602004,world,cf231,-2.6656272411346436,-1.7656419277191162,0.9672516584396362
1773049163,107602004,world,cf231_leg,-2.6621696949005127,-1.7694029808044434,0.9522706270217896
1773049163,113508231,world,cf231,-2.6656494140625,-1.7650099992752075,0.9673583507537842
1773049163,113508231,world,cf231_leg,-2.662074089050293,-1.7689251899719238,0.9523009061813354
1773049163,117644026,world,cf231,-2.6654813289642334,-1.7642475366592407,0.9674562215805054
1773049163,117644026,world,cf231_leg,-2.662048578262329,-1.7682199478149414,0.9526159763336182
1773049163,122767196,world,cf231,-2.6653757095336914,-1.7635027170181274,0.9673460721969604
1773049163,122767196,world,cf231_leg,-2.6618151664733887,-1.7675108909606934,0.9525613784790039
1773049163,127596609,world,cf231,-2.665255069732666,-1.7629257440567017,0.9673620462417603
1773049163,127596609,world,cf231_leg,-2.6616883277893066,-1.7668931484222412,0.9526535272598267
1773049163,132687582,world,cf231,-2.665189743041992,-1.7620716094970703,0.9676961898803711
1773049163,132687582,world,cf231_leg,-2.6614747047424316,-1.7661784887313843,0.9527794122695923
1773049163,138619122,world,cf231,-2.66520357131958,-1.761414647102356,0.9678142070770264
1773049163,138619122,world,cf231_leg,-2.661369800567627,-1.7656264305114746,0.9528598785400391
1773049163,142761119,world,cf231,-2.6649739742279053,-1.7607269287109375,0.9678183794021606
1773049163,142761119,world,cf231_leg,-2.6612517833709717,-1.7650344371795654,0.9529385566711426
1773049163,147869542,world,cf231,-2.664654016494751,-1.75974702835083,0.9678369760513306
1773049163,147869542,world,cf231_leg,-2.661083698272705,-1.764296293258667,0.9528827667236328
1773049163,152776575,world,cf231,-2.6645827293395996,-1.759216070175171,0.9678800106048584
1773049163,152776575,world,cf231_leg,-2.6608312129974365,-1.7636326551437378,0.952792763710022
1773049163,157673215,world,cf231,-2.664447069168091,-1.7584835290908813,0.9679485559463501
1773049163,157673215,world,cf231_leg,-2.66070294380188,-1.7629777193069458,0.952773928642273
1773049163,162778501,world,cf231,-2.6642181873321533,-1.7576826810836792,0.9679802656173706
1773049163,162778501,world,cf231_leg,-2.6604409217834473,-1.762239694595337,0.9527348279953003
1773049163,167652082,world,cf231,-2.6641697883605957,-1.7570879459381104,0.9681780338287354
1773049163,167652082,world,cf231_leg,-2.660327672958374,-1.761612057685852,0.9528475999832153
1773049163,172707347,world,cf231,-2.663933753967285,-1.7561678886413574,0.9680813550949097
1773049163,172707347,world,cf231_leg,-2.6601991653442383,-1.7611138820648193,0.9529809951782227
1773049163,177704024,world,cf231,-2.663684844970703,-1.7554112672805786,0.9680702686309814
1773049163,177704024,world,cf231_leg,-2.660006523132324,-1.760493278503418,0.9529896974563599
1773049163,182758699,world,cf231,-2.663516044616699,-1.7547273635864258,0.9680417776107788
1773049163,182758699,world,cf231_leg,-2.659796953201294,-1.7597293853759766,0.9531073570251465
1773049163,187496311,world,cf231,-2.663311004638672,-1.7540277242660522,0.9681599140167236
1773049163,187496311,world,cf231_leg,-2.65956449508667,-1.75901198387146,0.9530067443847656
1773049163,192733814,world,cf231,-2.663093328475952,-1.7532908916473389,0.968069314956665
1773049163,192733814,world,cf231_leg,-2.6592772006988525,-1.7581664323806763,0.9528580904006958
1773049163,197799457,world,cf231,-2.6630232334136963,-1.7526285648345947,0.968276858329773
1773049163,197799457,world,cf231_leg,-2.6590373516082764,-1.757688283920288,0.9528642892837524
1773049163,202689934,world,cf231,-2.6626014709472656,-1.7517355680465698,0.9680392742156982
1773049163,202689934,world,cf231_leg,-2.6590018272399902,-1.7572152614593506,0.9528628587722778
1773049163,207766433,world,cf231,-2.66235613822937,-1.7510111331939697,0.9681013822555542
1773049163,207766433,world,cf231_leg,-2.6588134765625,-1.7565580606460571,0.952907919883728
1773049163,212755178,world,cf231,-2.662229537963867,-1.7503883838653564,0.9682422876358032
1773049163,212755178,world,cf231_leg,-2.6585609912872314,-1.7558188438415527,0.9529739618301392
1773049163,217691259,world,cf231,-2.661931037902832,-1.7496850490570068,0.968105673789978
1773049163,217691259,world,cf231_leg,-2.6584584712982178,-1.755150556564331,0.9530442953109741
1773049163,223569883,world,cf231,-2.661787748336792,-1.74898362159729,0.9681546688079834
1773049163,223569883,world,cf231_leg,-2.6582067012786865,-1.7544039487838745,0.9530646800994873
1773049163,227786128,world,cf231,-2.6613945960998535,-1.7482014894485474,0.9682028293609619
1773049163,227786128,world,cf231_leg,-2.6580259799957275,-1.7538564205169678,0.9531965255737305
1773049163,232745800,world,cf231,-2.661036729812622,-1.747389793395996,0.9681781530380249
1773049163,232745800,world,cf231_leg,-2.657909631729126,-1.7533020973205566,0.953404426574707
1773049163,238576032,world,cf231,-2.660897970199585,-1.7466505765914917,0.9684804677963257
1773049163,238576032,world,cf231_leg,-2.657672643661499,-1.7526741027832031,0.9532788991928101
1773049163,242839088,world,cf231,-2.6605515480041504,-1.746104121208191,0.9683833122253418
1773049163,242839088,world,cf231_leg,-2.6574547290802,-1.7520371675491333,0.953322172164917
1773049163,247697603,world,cf231,-2.6603260040283203,-1.7453871965408325,0.9684722423553467
1773049163,247697603,world,cf231_leg,-2.6572437286376953,-1.7513870000839233,0.9532248973846436
1773049163,252518137,world,cf231,-2.6600236892700195,-1.7446951866149902,0.9684329032897949
1773049163,252518137,world,cf231_leg,-2.6568148136138916,-1.7505463361740112,0.9530551433563232
1773049163,257766695,world,cf231,-2.659749746322632,-1.7439829111099243,0.9684277772903442
1773049163,257766695,world,cf231_leg,-2.656684160232544,-1.7501192092895508,0.9530396461486816
1773049163,263509194,world,cf231,-2.6594979763031006,-1.7433385848999023,0.968411922454834
1773049163,263509194,world,cf231_leg,-2.656562566757202,-1.749531626701355,0.9531913995742798
1773049163,267600784,world,cf231,-2.659278154373169,-1.7427181005477905,0.9683322906494141
1773049163,267600784,world,cf231_leg,-2.656426191329956,-1.7489190101623535,0.9532251358032227
1773049163,272670419,world,cf231,-2.6589102745056152,-1.741939663887024,0.9683088064193726
1773049163,272670419,world,cf231_leg,-2.656141996383667,-1.7482298612594604,0.9532029628753662
1773049163,278444346,world,cf231,-2.6586849689483643,-1.741441011428833,0.9682821035385132
1773049163,278444346,world,cf231_leg,-2.655811071395874,-1.747372031211853,0.9531126022338867
1773049163,283411876,world,cf231,-2.6583845615386963,-1.740782618522644,0.9683393239974976
1773049163,283411876,world,cf231_leg,-2.6556012630462646,-1.7467602491378784,0.9531432390213013
1773049163,288565334,world,cf231,-2.6581227779388428,-1.740064263343811,0.9683914184570312
1773049163,288565334,world,cf231_leg,-2.6554203033447266,-1.746164321899414,0.9533109664916992
1773049163,293557186,world,cf231,-2.657820701599121,-1.7394827604293823,0.9683023691177368
1773049163,293557186,world,cf231_leg,-2.6552417278289795,-1.7456846237182617,0.9532356262207031
1773049163,297721301,world,cf231,-2.6575398445129395,-1.7388602495193481,0.9682722091674805
1773049163,297721301,world,cf231_leg,-2.655043125152588,-1.7451484203338623,0.953209638595581
1773049163,303415362,world,cf231,-2.657163619995117,-1.7381672859191895,0.9682096242904663
1773049163,303415362,world,cf231_leg,-2.6548328399658203,-1.74461030960083,0.9530844688415527
1773049163,308498914,world,cf231,-2.656917095184326,-1.7375974655151367,0.9681738615036011
1773049163,308498914,world,cf231_leg,-2.6544618606567383,-1.743774652481079,0.9529032707214355
1773049163,312675134,world,cf231,-2.6566617488861084,-1.7370661497116089,0.9681540727615356
1773049163,312675134,world,cf231_leg,-2.6541121006011963,-1.7430449724197388,0.9528582096099854
1773049163,317667554,world,cf231,-2.6563220024108887,-1.7363039255142212,0.9680585861206055
1773049163,317667554,world,cf231_leg,-2.653923988342285,-1.7424505949020386,0.9526861906051636
1773049163,322641712,world,cf231,-2.6560025215148926,-1.735679268836975,0.9682681560516357
1773049163,322641712,world,cf231_leg,-2.6538493633270264,-1.741910457611084,0.9528876543045044
1773049163,327719382,world,cf231,-2.6557090282440186,-1.735058307647705,0.9681631326675415
1773049163,327719382,world,cf231_leg,-2.6536824703216553,-1.7415159940719604,0.9532191753387451
1773049163,333701311,world,cf231,-2.655378818511963,-1.7344248294830322,0.968222975730896
1773049163,333701311,world,cf231_leg,-2.6534194946289062,-1.7407786846160889,0.953211784362793
1773049163,337863235,world,cf231,-2.6551544666290283,-1.733962059020996,0.96831214427948
1773049163,337863235,world,cf231_leg,-2.653118371963501,-1.7401014566421509,0.9532246589660645
1773049163,343015985,world,cf231,-2.654937505722046,-1.7334153652191162,0.9684603214263916
1773049163,343015985,world,cf231_leg,-2.652952194213867,-1.739503264427185,0.9532277584075928
1773049163,348049438,world,cf231,-2.654494524002075,-1.7326881885528564,0.9683958292007446
1773049163,348049438,world,cf231_leg,-2.6526498794555664,-1.7388654947280884,0.9533905982971191
1773049163,352958954,world,cf231,-2.654183864593506,-1.7321914434432983,0.9682682752609253
1773049163,352958954,world,cf231_leg,-2.6524224281311035,-1.7383371591567993,0.9532861709594727
1773049163,357932771,world,cf231,-2.6538851261138916,-1.7315272092819214,0.9682837724685669
1773049163,357932771,world,cf231_leg,-2.6522037982940674,-1.73783278465271,0.9531522989273071
1773049163,362933276,world,cf231,-2.653546094894409,-1.7308859825134277,0.9681880474090576
1773049163,362933276,world,cf231_leg,-2.6519696712493896,-1.7372329235076904,0.9530895948410034
1773049163,367827561,world,cf231,-2.6533119678497314,-1.730421543121338,0.9681588411331177
1773049163,367827561,world,cf231_leg,-2.651604175567627,-1.7365144491195679,0.9530597925186157
1773049163,372819877,world,cf231,-2.6530559062957764,-1.7298951148986816,0.9681754112243652
1773049163,372819877,world,cf231_leg,-2.6513705253601074,-1.7360228300094604,0.9529393911361694
1773049163,378004862,world,cf231,-2.6527328491210938,-1.7293286323547363,0.9681563377380371
1773049163,378004862,world,cf231_leg,-2.651170015335083,-1.7352080345153809,0.9529913663864136
1773049163,382725054,world,cf231,-2.652557373046875,-1.728875756263733,0.9681553840637207
1773049163,382725054,world,cf231_leg,-2.6509244441986084,-1.7346467971801758,0.9529749155044556
1773049163,388574487,world,cf231,-2.6522834300994873,-1.728316307067871,0.96802818775177
1773049163,388574487,world,cf231_leg,-2.650752544403076,-1.7341257333755493,0.9531084299087524
1773049163,392580784,world,cf231,-2.65193247795105,-1.7277164459228516,0.9679925441741943
1773049163,392580784,world,cf231_leg,-2.650563955307007,-1.7336881160736084,0.9530882835388184
1773049163,398536468,world,cf231,-2.651615858078003,-1.727143406867981,0.9678835868835449
1773049163,398536468,world,cf231_leg,-2.6503334045410156,-1.7331217527389526,0.9531010389328003
1773049163,402785539,world,cf231,-2.651329755783081,-1.726635217666626,0.967869758605957
1773049163,402785539,world,cf231_leg,-2.6501166820526123,-1.7323952913284302,0.9530283212661743
1773049163,407951029,world,cf231,-2.6510984897613525,-1.7260550260543823,0.9678466320037842
1773049163,407951029,world,cf231_leg,-2.649712085723877,-1.7316505908966064,0.9529213905334473
1773049163,413382105,world,cf231,-2.650862455368042,-1.7255915403366089,0.9678394794464111
1773049163,413382105,world,cf231_leg,-2.6494710445404053,-1.7309705018997192,0.9528564214706421
1773049163,418469979,world,cf231,-2.6505892276763916,-1.7250291109085083,0.9676929712295532
1773049163,418469979,world,cf231_leg,-2.6492536067962646,-1.7305439710617065,0.9527716636657715
1773049163,422758195,world,cf231,-2.6502764225006104,-1.7245298624038696,0.9675678014755249
1773049163,422758195,world,cf231_leg,-2.6490983963012695,-1.7300150394439697,0.9526894092559814
1773049163,428495711,world,cf231,-2.6498703956604004,-1.7239487171173096,0.9673346281051636
1773049163,428495711,world,cf231_leg,-2.6488521099090576,-1.729568600654602,0.9526615142822266
1773049163,432807507,world,cf231,-2.6497867107391357,-1.7234169244766235,0.967549204826355
1773049163,432807507,world,cf231_leg,-2.64866304397583,-1.7289835214614868,0.9525666236877441
1773049163,437813986,world,cf231,-2.649461030960083,-1.7228600978851318,0.9676055908203125
1773049163,437813986,world,cf231_leg,-2.6482937335968018,-1.7282546758651733,0.9523204565048218
1773049163,443641766,world,cf231,-2.649108409881592,-1.7222646474838257,0.967607855796814
1773049163,443641766,world,cf231_leg,-2.6480135917663574,-1.7275640964508057,0.9524651765823364
1773049163,448667910,world,cf231,-2.6489040851593018,-1.7217192649841309,0.9676212072372437
1773049163,448667910,world,cf231_leg,-2.647841691970825,-1.7269582748413086,0.9522886276245117
1773049163,452710488,world,cf231,-2.6486759185791016,-1.721327304840088,0.9675508737564087
1773049163,452710488,world,cf231_leg,-2.647515296936035,-1.7263171672821045,0.9522666931152344
1773049163,458017443,world,cf231,-2.648425817489624,-1.7207615375518799,0.9675754308700562
1773049163,458017443,world,cf231_leg,-2.647594928741455,-1.7260109186172485,0.9524040222167969
1773049163,463640659,world,cf231,-2.648186445236206,-1.7202645540237427,0.9674928188323975
1773049163,463640659,world,cf231_leg,-2.647282600402832,-1.725448727607727,0.9523156881332397
1773049163,470084828,world,cf231,-2.647732734680176,-1.7195786237716675,0.9674805402755737
1773049163,470084828,world,cf231_leg,-2.6470909118652344,-1.7249042987823486,0.9523899555206299
1773049163,473515536,world,cf231,-2.647395372390747,-1.7189244031906128,0.9673068523406982
1773049163,473515536,world,cf231_leg,-2.6468636989593506,-1.7242610454559326,0.9523098468780518
1773049163,477884143,world,cf231,-2.6471543312072754,-1.7184317111968994,0.9672645330429077
1773049163,477884143,world,cf231_leg,-2.646576404571533,-1.7235676050186157,0.9523099660873413
1773049163,482666531,world,cf231,-2.6467883586883545,-1.717840313911438,0.9672099351882935
1773049163,482666531,world,cf231_leg,-2.6462831497192383,-1.7230361700057983,0.9523121118545532
1773049163,487734642,world,cf231,-2.6465981006622314,-1.717392921447754,0.9671733379364014
1773049163,487734642,world,cf231_leg,-2.6460440158843994,-1.7224184274673462,0.9520071744918823
1773049163,493802944,world,cf231,-2.6462042331695557,-1.7168155908584595,0.9670467376708984
1773049163,493802944,world,cf231_leg,-2.6460108757019043,-1.7221341133117676,0.9520303010940552
1773049163,497765108,world,cf231,-2.646023988723755,-1.7163269519805908,0.9669735431671143
1773049163,497765108,world,cf231_leg,-2.6457676887512207,-1.721571445465088,0.9519894123077393
1773049163,504363798,world,cf231,-2.6456387042999268,-1.7158252000808716,0.9667998552322388
1773049163,504363798,world,cf231_leg,-2.645413637161255,-1.7208011150360107,0.9518499374389648
1773049163,507799126,world,cf231,-2.645449161529541,-1.71522057056427,0.9666376113891602
1773049163,507799126,world,cf231_leg,-2.6451756954193115,-1.720269799232483,0.9516388177871704
1773049163,513510793,world,cf231,-2.6452393531799316,-1.7145808935165405,0.9668104648590088
1773049163,513510793,world,cf231_leg,-2.6449601650238037,-1.719660997390747,0.9517620801925659
1773049163,517850536,world,cf231,-2.644935131072998,-1.7139946222305298,0.9667209386825562
1773049163,517850536,world,cf231_leg,-2.6446335315704346,-1.7189854383468628,0.9516360759735107
1773049163,522795891,world,cf231,-2.6446211338043213,-1.713341474533081,0.9665093421936035
1773049163,522795891,world,cf231_leg,-2.644550323486328,-1.7186068296432495,0.9516843557357788
1773049163,528551391,world,cf231,-2.6443300247192383,-1.7127865552902222,0.9665956497192383
1773049163,528551391,world,cf231_leg,-2.6443400382995605,-1.7181013822555542,0.9516732692718506
1773049163,532613632,world,cf231,-2.6441516876220703,-1.7122929096221924,0.9664809703826904
1773049163,532613632,world,cf231_leg,-2.644174814224243,-1.7176116704940796,0.9516316652297974
1773049163,537733250,world,cf231,-2.643859386444092,-1.7117003202438354,0.9664509296417236
1773049163,537733250,world,cf231_leg,-2.6439764499664307,-1.7169482707977295,0.9515713453292847
1773049163,542881389,world,cf231,-2.643622398376465,-1.7110830545425415,0.9663568735122681
1773049163,542881389,world,cf231_leg,-2.643698215484619,-1.7163251638412476,0.9515054225921631
1773049163,547725931,world,cf231,-2.643315076828003,-1.7105027437210083,0.9663288593292236
1773049163,547725931,world,cf231_leg,-2.6435413360595703,-1.7156373262405396,0.9515191316604614
1773049163,552636017,world,cf231,-2.6430563926696777,-1.7099320888519287,0.9662120342254639
1773049163,552636017,world,cf231_leg,-2.643336057662964,-1.715206503868103,0.9515013694763184
1773049163,557739519,world,cf231,-2.6428444385528564,-1.709412693977356,0.9661660194396973
1773049163,557739519,world,cf231_leg,-2.643113374710083,-1.7145508527755737,0.9513163566589355
1773049163,562774374,world,cf231,-2.642582893371582,-1.7088426351547241,0.9660742282867432
1773049163,562774374,world,cf231_leg,-2.6430370807647705,-1.71424400806427,0.951321005821228
1773049163,567662376,world,cf231,-2.642338275909424,-1.7083055973052979,0.9659032821655273
1773049163,567662376,world,cf231_leg,-2.64277720451355,-1.7136939764022827,0.9513136148452759
1773049163,572839133,world,cf231,-2.642026424407959,-1.707680583000183,0.9657506942749023
1773049163,572839133,world,cf231_leg,-2.642509698867798,-1.712981104850769,0.9510116577148438
1773049163,579414843,world,cf231,-2.641774892807007,-1.707187533378601,0.9656070470809937
1773049163,579414843,world,cf231_leg,-2.6423306465148926,-1.7125000953674316,0.95094895362854
1773049163,582629052,world,cf231,-2.6414902210235596,-1.7064378261566162,0.9658230543136597
1773049163,582629052,world,cf231_leg,-2.6421165466308594,-1.7118016481399536,0.9507272243499756
1773049163,588524337,world,cf231,-2.641390800476074,-1.7059170007705688,0.9658153057098389
1773049163,588524337,world,cf231_leg,-2.6417858600616455,-1.7112393379211426,0.9506158828735352
1773049163,592757438,world,cf231,-2.6412575244903564,-1.7053883075714111,0.9657117128372192
1773049163,592757438,world,cf231_leg,-2.6417346000671387,-1.7107698917388916,0.9506222009658813
1773049163,598457551,world,cf231,-2.641021728515625,-1.7048076391220093,0.9657337665557861
1773049163,598457551,world,cf231_leg,-2.6415860652923584,-1.7103066444396973,0.9506943225860596
1773049163,602780712,world,cf231,-2.6407299041748047,-1.704146385192871,0.9656784534454346
1773049163,602780712,world,cf231_leg,-2.6414122581481934,-1.7097476720809937,0.950730562210083
1773049163,607842660,world,cf231,-2.6406140327453613,-1.7035856246948242,0.9657155275344849
1773049163,607842660,world,cf231_leg,-2.6412973403930664,-1.7091929912567139,0.9507410526275635
1773049163,612771968,world,cf231,-2.6404049396514893,-1.7029130458831787,0.9655554294586182
1773049163,612771968,world,cf231_leg,-2.6411030292510986,-1.7085217237472534,0.950608491897583
1773049163,618525356,world,cf231,-2.640143871307373,-1.7023886442184448,0.9656351804733276
1773049163,618525356,world,cf231_leg,-2.6409120559692383,-1.7078124284744263,0.9507280588150024
1773049163,622817938,world,cf231,-2.6399857997894287,-1.7018519639968872,0.9655816555023193
1773049163,622817938,world,cf231_leg,-2.640662908554077,-1.7072057723999023,0.9505867958068848
1773049163,628649656,world,cf231,-2.6397500038146973,-1.7012709379196167,0.9656029939651489
1773049163,628649656,world,cf231_leg,-2.640631675720215,-1.7067979574203491,0.9505729675292969
1773049163,632729121,world,cf231,-2.639643907546997,-1.7007770538330078,0.9655370712280273
1773049163,632729121,world,cf231_leg,-2.6405344009399414,-1.7064297199249268,0.9506174325942993
1773049163,638575926,world,cf231,-2.639469861984253,-1.7002519369125366,0.9654877185821533
1773049163,638575926,world,cf231_leg,-2.6404385566711426,-1.7059051990509033,0.9505211114883423
1773049163,642697115,world,cf231,-2.6392898559570312,-1.6996493339538574,0.9654631614685059
1773049163,642697115,world,cf231_leg,-2.640214443206787,-1.7053683996200562,0.9503570795059204
1773049163,648576727,world,cf231,-2.639202833175659,-1.6990681886672974,0.965535044670105
1773049163,648576727,world,cf231_leg,-2.6400606632232666,-1.7047182321548462,0.9502674341201782
1773049163,652731084,world,cf231,-2.6390438079833984,-1.6984827518463135,0.9655395746231079
1773049163,652731084,world,cf231_leg,-2.639733076095581,-1.704039454460144,0.9501422643661499
1773049163,657788017,world,cf231,-2.6389381885528564,-1.6979893445968628,0.9654715061187744
1773049163,657788017,world,cf231_leg,-2.6395626068115234,-1.7035092115402222,0.9500136375427246
1773049163,662687803,world,cf231,-2.638714551925659,-1.6973621845245361,0.9654150009155273
1773049163,662687803,world,cf231_leg,-2.639477014541626,-1.7029767036437988,0.9499803781509399
1773049163,668555580,world,cf231,-2.6386213302612305,-1.6968631744384766,0.9654053449630737
1773049163,668555580,world,cf231_leg,-2.6394612789154053,-1.7026753425598145,0.9499529600143433
1773049163,672744046,world,cf231,-2.638551950454712,-1.6963156461715698,0.9653956890106201
1773049163,672744046,world,cf231_leg,-2.6393678188323975,-1.7020354270935059,0.9500761032104492
1773049163,677770637,world,cf231,-2.6383512020111084,-1.6957944631576538,0.9654464721679688
1773049163,677770637,world,cf231_leg,-2.639242649078369,-1.7016091346740723,0.9502425193786621
1773049163,682736058,world,cf231,-2.638284683227539,-1.6950832605361938,0.9655001163482666
1773049163,682736058,world,cf231_leg,-2.63910174369812,-1.7009538412094116,0.95020592212677
1773049163,687584541,world,cf231,-2.638282060623169,-1.694738507270813,0.965441107749939
1773049163,687584541,world,cf231_leg,-2.6389966011047363,-1.7003953456878662,0.950310230255127
1773049163,693405916,world,cf231,-2.638165235519409,-1.6941323280334473,0.9653264284133911
1773049163,693405916,world,cf231_leg,-2.6387925148010254,-1.69973623752594,0.9503438472747803
1773049163,697793964,world,cf231,-2.637880325317383,-1.6934566497802734,0.9651453495025635
1773049163,697793964,world,cf231_leg,-2.6386234760284424,-1.6991596221923828,0.9502465724945068
1773049163,702725037,world,cf231,-2.6377639770507812,-1.6928906440734863,0.965167760848999
1773049163,702725037,world,cf231_leg,-2.6385481357574463,-1.6988525390625,0.9502487182617188
1773049163,708903997,world,cf231,-2.637751817703247,-1.6924684047698975,0.9651603698730469
1773049163,708903997,world,cf231_leg,-2.6384031772613525,-1.698317289352417,0.9502571821212769
1773049163,712668815,world,cf231,-2.637801170349121,-1.691935658454895,0.965153694152832
1773049163,712668815,world,cf231_leg,-2.638249158859253,-1.697782278060913,0.9501562118530273
1773049163,718617878,world,cf231,-2.6378345489501953,-1.6913334131240845,0.9651060104370117
1773049163,718617878,world,cf231_leg,-2.638132333755493,-1.697187900543213,0.9500559568405151
1773049163,722750144,world,cf231,-2.637937307357788,-1.6908917427062988,0.965255856513977
1773049163,722750144,world,cf231_leg,-2.637969732284546,-1.6967037916183472,0.9502356052398682
1773049163,729444249,world,cf231,-2.6379032135009766,-1.6903674602508545,0.9651556015014648
1773049163,729444249,world,cf231_leg,-2.637769937515259,-1.696108102798462,0.950003981590271
1773049163,732868144,world,cf231,-2.637803316116333,-1.6897962093353271,0.9652079343795776
1773049163,732868144,world,cf231_leg,-2.6375732421875,-1.695478916168213,0.9500579833984375
1773049163,738746864,world,cf231,-2.6377811431884766,-1.6892626285552979,0.9651510715484619
1773049163,738746864,world,cf231_leg,-2.637502908706665,-1.6950935125350952,0.9501606225967407
1773049163,742688711,world,cf231,-2.63788104057312,-1.688900113105774,0.9651740789413452
1773049163,742688711,world,cf231_leg,-2.6374197006225586,-1.6947128772735596,0.9502100944519043
1773049163,748498915,world,cf231,-2.6378328800201416,-1.6884191036224365,0.9651591777801514
1773049163,748498915,world,cf231_leg,-2.6372010707855225,-1.6941335201263428,0.9502623081207275
1773049163,752923363,world,cf231,-2.637695789337158,-1.6877782344818115,0.9651544094085693
1773049163,752923363,world,cf231_leg,-2.6370973587036133,-1.6935336589813232,0.9502156972885132
1773049163,757784858,world,cf231,-2.6377804279327393,-1.6874312162399292,0.9651974439620972
1773049163,757784858,world,cf231_leg,-2.6370327472686768,-1.6930710077285767,0.9504165649414062
1773049163,762643752,world,cf231,-2.6376006603240967,-1.6868302822113037,0.9651908874511719
1773049163,762643752,world,cf231_leg,-2.6368484497070312,-1.6923946142196655,0.9503771066665649
1773049163,767702666,world,cf231,-2.6375598907470703,-1.6862709522247314,0.9652726650238037
1773049163,767702666,world,cf231_leg,-2.636691093444824,-1.6919726133346558,0.9502735137939453
1773049163,775255680,world,cf231,-2.637439727783203,-1.6857823133468628,0.9651714563369751
1773049163,775255680,world,cf231_leg,-2.6364896297454834,-1.6913015842437744,0.9502248764038086
1773049163,777720434,world,cf231,-2.637523889541626,-1.6854748725891113,0.9653545618057251
1773049163,777720434,world,cf231_leg,-2.6364026069641113,-1.6909996271133423,0.9501707553863525
1773049163,783382091,world,cf231,-2.637235403060913,-1.6847031116485596,0.9650859832763672
1773049163,783382091,world,cf231_leg,-2.6363165378570557,-1.6906237602233887,0.9502739906311035
1773049163,787758744,world,cf231,-2.6373071670532227,-1.684401035308838,0.9652103185653687
1773049163,787758744,world,cf231_leg,-2.6361162662506104,-1.6900343894958496,0.9500890970230103
1773049163,792997263,world,cf231,-2.6371703147888184,-1.6838570833206177,0.965340256690979
1773049163,792997263,world,cf231_leg,-2.635937213897705,-1.6895475387573242,0.9500124454498291
1773049163,797741158,world,cf231,-2.637000799179077,-1.6831672191619873,0.965351939201355
1773049163,797741158,world,cf231_leg,-2.6358749866485596,-1.6889280080795288,0.9500726461410522
1773049163,802681681,world,cf231,-2.637026786804199,-1.68272864818573,0.9657485485076904
1773049163,802681681,world,cf231_leg,-2.6357498168945312,-1.6884119510650635,0.9501266479492188
1773049163,807700812,world,cf231,-2.6369307041168213,-1.6821974515914917,0.9656834602355957
1773049163,807700812,world,cf231_leg,-2.6356194019317627,-1.687744379043579,0.9501394033432007
1773049163,812834270,world,cf231,-2.63684344291687,-1.681776762008667,0.9656710624694824
1773049163,812834270,world,cf231_leg,-2.6355504989624023,-1.6873937845230103,0.9503418207168579
1773049163,817838600,world,cf231,-2.636707305908203,-1.6813054084777832,0.9656109809875488
1773049163,817838600,world,cf231_leg,-2.63545560836792,-1.6869038343429565,0.9503639936447144
1773049163,822775600,world,cf231,-2.6366419792175293,-1.6808408498764038,0.965639591217041
1773049163,822775600,world,cf231_leg,-2.6354048252105713,-1.6865485906600952,0.9505729675292969
1773049163,828174409,world,cf231,-2.6364614963531494,-1.6803474426269531,0.9655672311782837
1773049163,828174409,world,cf231_leg,-2.6352977752685547,-1.686041235923767,0.95069420337677
1773049163,832806633,world,cf231,-2.6364617347717285,-1.6797620058059692,0.9657458066940308
1773049163,832806633,world,cf231_leg,-2.6350960731506348,-1.6854913234710693,0.9506629705429077
1773049163,837967237,world,cf231,-2.636383533477783,-1.679254412651062,0.9657737016677856
1773049163,837967237,world,cf231_leg,-2.63501238822937,-1.6850700378417969,0.9505821466445923
1773049163,842732190,world,cf231,-2.636401653289795,-1.6788157224655151,0.9658182859420776
1773049163,842732190,world,cf231_leg,-2.6346805095672607,-1.6843916177749634,0.9505140781402588
1773049163,847721506,world,cf231,-2.6362850666046143,-1.6783668994903564,0.965827226638794
1773049163,847721506,world,cf231_leg,-2.6346006393432617,-1.683980107307434,0.9506502151489258
1773049163,852670917,world,cf231,-2.6362948417663574,-1.6778552532196045,0.965937614440918
1773049163,852670917,world,cf231_leg,-2.634559154510498,-1.6836215257644653,0.9507410526275635
1773049163,857845275,world,cf231,-2.6362037658691406,-1.6773959398269653,0.9660636186599731
1773049163,857845275,world,cf231_leg,-2.6344330310821533,-1.6831761598587036,0.9506224393844604
1773049163,862699292,world,cf231,-2.636131525039673,-1.6769685745239258,0.9660860300064087
1773049163,862699292,world,cf231_leg,-2.634324550628662,-1.6828486919403076,0.9507279396057129
1773049163,867693902,world,cf231,-2.636080265045166,-1.6764459609985352,0.9661908149719238
1773049163,867693902,world,cf231_leg,-2.6342711448669434,-1.6823810338974,0.9510053396224976
1773049163,873879049,world,cf231,-2.635899543762207,-1.6759519577026367,0.9661191701889038
1773049163,873879049,world,cf231_leg,-2.6341371536254883,-1.681755542755127,0.9510083198547363
1773049163,878727902,world,cf231,-2.6357786655426025,-1.675464391708374,0.966039776802063
1773049163,878727902,world,cf231_leg,-2.6340293884277344,-1.681314468383789,0.9511401653289795
1773049163,882733584,world,cf231,-2.6356685161590576,-1.6750891208648682,0.9660077095031738
1773049163,882733584,world,cf231_leg,-2.6339070796966553,-1.6808395385742188,0.9513193368911743
1773049163,889508987,world,cf231,-2.635587692260742,-1.674551248550415,0.9659761190414429
1773049163,889508987,world,cf231_leg,-2.6337172985076904,-1.6802412271499634,0.9511972665786743
1773049163,892696696,world,cf231,-2.635589122772217,-1.6741195917129517,0.966239333152771
1773049163,892696696,world,cf231_leg,-2.633594274520874,-1.6799191236495972,0.9512698650360107
1773049163,897750335,world,cf231,-2.6354966163635254,-1.6736215353012085,0.9662498235702515
1773049163,897750335,world,cf231_leg,-2.633498430252075,-1.6794302463531494,0.9513101577758789
1773049163,904394150,world,cf231,-2.6353886127471924,-1.6731289625167847,0.9662281274795532
1773049163,904394150,world,cf231_leg,-2.6333160400390625,-1.6790615320205688,0.9512602090835571
1773049163,907826842,world,cf231,-2.6352381706237793,-1.6726500988006592,0.966291069984436
1773049163,907826842,world,cf231_leg,-2.633195638656616,-1.6787371635437012,0.9512933492660522
1773049163,912661467,world,cf231,-2.6351711750030518,-1.6722548007965088,0.9663668870925903
1773049163,912661467,world,cf231_leg,-2.6329832077026367,-1.6781929731369019,0.9512016773223877
1773049163,917470860,world,cf231,-2.635043144226074,-1.6718300580978394,0.96660315990448
1773049163,917470860,world,cf231_leg,-2.6328186988830566,-1.677696704864502,0.9511435031890869
1773049163,922635151,world,cf231,-2.634922504425049,-1.6714586019515991,0.9664887189865112
1773049163,922635151,world,cf231_leg,-2.63269305229187,-1.677337884902954,0.9511207342147827
1773049163,927697454,world,cf231,-2.6347169876098633,-1.6709086894989014,0.9665240049362183
1773049163,927697454,world,cf231_leg,-2.6324961185455322,-1.6766663789749146,0.9512583017349243
1773049163,932677781,world,cf231,-2.634674549102783,-1.6705057621002197,0.9667357206344604
1773049163,932677781,world,cf231_leg,-2.6323094367980957,-1.6761049032211304,0.9512289762496948
1773049163,937752876,world,cf231,-2.634392499923706,-1.6700634956359863,0.9666800498962402
1773049163,937752876,world,cf231_leg,-2.632152557373047,-1.6757603883743286,0.9513909816741943
1773049163,942888668,world,cf231,-2.6344261169433594,-1.6698156595230103,0.9667713642120361
1773049163,942888668,world,cf231_leg,-2.6320505142211914,-1.675305962562561,0.9514003992080688
1773049163,948132982,world,cf231,-2.6343610286712646,-1.66946280002594,0.9667496681213379
1773049163,948132982,world,cf231_leg,-2.631967544555664,-1.6749632358551025,0.9515848159790039
1773049163,952704638,world,cf231,-2.6341774463653564,-1.6689685583114624,0.9669331312179565
1773049163,952704638,world,cf231_leg,-2.631836175918579,-1.6746870279312134,0.9517070055007935
1773049163,957665016,world,cf231,-2.6340537071228027,-1.6686443090438843,0.9670180082321167
1773049163,957665016,world,cf231_leg,-2.6316158771514893,-1.6741554737091064,0.9517594575881958
1773049163,962847983,world,cf231,-2.633889675140381,-1.668178915977478,0.9670788049697876
1773049163,962847983,world,cf231_leg,-2.6313858032226562,-1.6737759113311768,0.9517921209335327
1773049163,967727616,world,cf231,-2.633835554122925,-1.6677815914154053,0.9670007228851318
1773049163,967727616,world,cf231_leg,-2.63118314743042,-1.6733406782150269,0.9517498016357422
1773049163,972751447,world,cf231,-2.633640766143799,-1.6672874689102173,0.967085599899292
1773049163,972751447,world,cf231_leg,-2.6309776306152344,-1.6727931499481201,0.951775312423706
1773049163,978466335,world,cf231,-2.633577585220337,-1.6669292449951172,0.9670240879058838
1773049163,978466335,world,cf231_leg,-2.630720853805542,-1.6724662780761719,0.9518673419952393
1773049163,982649331,world,cf231,-2.6333558559417725,-1.6664499044418335,0.9670324325561523
1773049163,982649331,world,cf231_leg,-2.6305642127990723,-1.6719279289245605,0.9517909288406372
1773049163,987793426,world,cf231,-2.633302927017212,-1.6662040948867798,0.9670190811157227
1773049163,987793426,world,cf231_leg,-2.6302433013916016,-1.6714705228805542,0.9517225027084351
1773049163,992468489,world,cf231,-2.6330573558807373,-1.6656196117401123,0.9669411182403564
1773049163,992468489,world,cf231_leg,-2.6302237510681152,-1.671288251876831,0.9517416954040527
1773049163,997753880,world,cf231,-2.632943868637085,-1.665250539779663,0.9672008752822876
1773049163,997753880,world,cf231_leg,-2.6300909519195557,-1.6708537340164185,0.951964259147644
1773049164,2740964,world,cf231,-2.6328415870666504,-1.6649504899978638,0.9671218395233154
1773049164,2740964,world,cf231_leg,-2.629840850830078,-1.6704052686691284,0.9519892930984497
1773049164,7692249,world,cf231,-2.632643222808838,-1.664618968963623,0.9671448469161987
1773049164,7692249,world,cf231_leg,-2.6297483444213867,-1.6700652837753296,0.9520779848098755
1773049164,12702929,world,cf231,-2.6325125694274902,-1.6641720533370972,0.9671018123626709
1773049164,12702929,world,cf231_leg,-2.6295249462127686,-1.6696027517318726,0.9521788358688354
1773049164,18643431,world,cf231,-2.632338285446167,-1.663905143737793,0.9670728445053101
1773049164,18643431,world,cf231_leg,-2.6292665004730225,-1.6690385341644287,0.9521032571792603
1773049164,22759151,world,cf231,-2.6321699619293213,-1.6635209321975708,0.967025876045227
1773049164,22759151,world,cf231_leg,-2.629154682159424,-1.6686307191848755,0.9521831274032593
1773049164,27720642,world,cf231,-2.6319243907928467,-1.663130521774292,0.9669420719146729
1773049164,27720642,world,cf231_leg,-2.6287028789520264,-1.6680461168289185,0.9520931243896484
1773049164,32705111,world,cf231,-2.6317970752716064,-1.6627243757247925,0.9670087099075317
1773049164,32705111,world,cf231_leg,-2.6285557746887207,-1.6677318811416626,0.9520366191864014
1773049164,37902712,world,cf231,-2.631638526916504,-1.6623388528823853,0.9670637845993042
1773049164,37902712,world,cf231_leg,-2.6283035278320312,-1.6672812700271606,0.9520673751831055
1773049164,42747320,world,cf231,-2.6314938068389893,-1.6621001958847046,0.967241644859314
1773049164,42747320,world,cf231_leg,-2.6280364990234375,-1.6669509410858154,0.9520355463027954
1773049164,47824135,world,cf231,-2.631239414215088,-1.6615989208221436,0.9671041965484619
1773049164,47824135,world,cf231_leg,-2.627915143966675,-1.666627287864685,0.9520869255065918
1773049164,52713351,world,cf231,-2.631089687347412,-1.6613680124282837,0.9673683643341064
1773049164,52713351,world,cf231_leg,-2.6276252269744873,-1.6663511991500854,0.9520868062973022
1773049164,57750335,world,cf231,-2.6308248043060303,-1.6609113216400146,0.9672858715057373
1773049164,57750335,world,cf231_leg,-2.6274242401123047,-1.66591215133667,0.9520066976547241
1773049164,62766053,world,cf231,-2.630591869354248,-1.6605565547943115,0.9673982858657837
1773049164,62766053,world,cf231_leg,-2.627218723297119,-1.6655938625335693,0.951972484588623
1773049164,67809609,world,cf231,-2.6303560733795166,-1.6601747274398804,0.9674679040908813
1773049164,67809609,world,cf231_leg,-2.6269378662109375,-1.6651575565338135,0.9519480466842651
1773049164,73393793,world,cf231,-2.6300323009490967,-1.659743309020996,0.9674750566482544
1773049164,73393793,world,cf231_leg,-2.6266021728515625,-1.664750099182129,0.9520080089569092
1773049164,77754597,world,cf231,-2.6297121047973633,-1.6593934297561646,0.9674999713897705
1773049164,77754597,world,cf231_leg,-2.626340866088867,-1.6641900539398193,0.9522029161453247
1773049164,82735918,world,cf231,-2.62955904006958,-1.659135103225708,0.9677228927612305
1773049164,82735918,world,cf231_leg,-2.6260411739349365,-1.6637212038040161,0.9522695541381836
1773049164,87989029,world,cf231,-2.6292126178741455,-1.6586405038833618,0.9677776098251343
1773049164,87989029,world,cf231_leg,-2.6257951259613037,-1.663437008857727,0.952614426612854
1773049164,92794889,world,cf231,-2.6289432048797607,-1.6583024263381958,0.9677081108093262
1773049164,92794889,world,cf231_leg,-2.6255805492401123,-1.6630412340164185,0.9526166915893555
1773049164,97641031,world,cf231,-2.6287338733673096,-1.6579740047454834,0.9676488637924194
1773049164,97641031,world,cf231_leg,-2.625437021255493,-1.6627177000045776,0.9526883363723755
1773049164,102619605,world,cf231,-2.6283085346221924,-1.6575509309768677,0.967514157295227
1773049164,102619605,world,cf231_leg,-2.625138521194458,-1.6623677015304565,0.9527357816696167
1773049164,107621177,world,cf231,-2.627980947494507,-1.6570879220962524,0.9674639701843262
1773049164,107621177,world,cf231_leg,-2.6249163150787354,-1.662052869796753,0.9526734352111816
1773049164,113501288,world,cf231,-2.6276233196258545,-1.656794548034668,0.9674477577209473
1773049164,113501288,world,cf231_leg,-2.624661684036255,-1.6617223024368286,0.9527261257171631
1773049164,117721455,world,cf231,-2.627302646636963,-1.6564445495605469,0.9677029848098755
1773049164,117721455,world,cf231_leg,-2.6243412494659424,-1.6612673997879028,0.9526677131652832
1773049164,122920395,world,cf231,-2.626882791519165,-1.6559410095214844,0.9676719903945923
1773049164,122920395,world,cf231_leg,-2.6240031719207764,-1.660862684249878,0.9527642726898193
1773049164,127775806,world,cf231,-2.626600742340088,-1.6556488275527954,0.9676806926727295
1773049164,127775806,world,cf231_leg,-2.623786449432373,-1.6605851650238037,0.9527720212936401
1773049164,132721355,world,cf231,-2.626272678375244,-1.655333161354065,0.9676816463470459
1773049164,132721355,world,cf231_leg,-2.623507261276245,-1.6601473093032837,0.9527267217636108
1773049164,137688091,world,cf231,-2.6259467601776123,-1.6549060344696045,0.9677283763885498
1773049164,137688091,world,cf231_leg,-2.6232798099517822,-1.6598714590072632,0.9526432752609253
1773049164,142871632,world,cf231,-2.6256842613220215,-1.6546772718429565,0.9677157402038574
1773049164,142871632,world,cf231_leg,-2.622896909713745,-1.6592906713485718,0.952634334564209
1773049164,148528954,world,cf231,-2.6253528594970703,-1.654179573059082,0.9678207635879517
1773049164,148528954,world,cf231_leg,-2.6226072311401367,-1.6590074300765991,0.9525837898254395
1773049164,152705956,world,cf231,-2.6250319480895996,-1.6538355350494385,0.967880368232727
1773049164,152705956,world,cf231_leg,-2.622441530227661,-1.6586655378341675,0.9526469707489014
1773049164,158453447,world,cf231,-2.6246395111083984,-1.6534117460250854,0.9680413007736206
1773049164,158453447,world,cf231_leg,-2.6221683025360107,-1.6582999229431152,0.9527746438980103
1773049164,162758435,world,cf231,-2.624347448348999,-1.653048038482666,0.9681375026702881
1773049164,162758435,world,cf231_leg,-2.621997833251953,-1.6580787897109985,0.9528833627700806
1773049164,167668877,world,cf231,-2.6239871978759766,-1.6527589559555054,0.9681620597839355
1773049164,167668877,world,cf231_leg,-2.6217219829559326,-1.6578315496444702,0.9530185461044312
1773049164,173863739,world,cf231,-2.6234982013702393,-1.6523730754852295,0.968216061592102
1773049164,173863739,world,cf231_leg,-2.621509075164795,-1.6574368476867676,0.9530143737792969
1773049164,177746312,world,cf231,-2.623112678527832,-1.652134895324707,0.968260645866394
1773049164,177746312,world,cf231_leg,-2.621145486831665,-1.657086730003357,0.9531630277633667
1773049164,183437788,world,cf231,-2.622692584991455,-1.6517223119735718,0.9683269262313843
1773049164,183437788,world,cf231_leg,-2.620990753173828,-1.6568560600280762,0.953271746635437
1773049164,190256100,world,cf231,-2.6222641468048096,-1.651302695274353,0.9682325124740601
1773049164,190256100,world,cf231_leg,-2.6206119060516357,-1.656311273574829,0.9533367156982422
1773049164,193511695,world,cf231,-2.621964931488037,-1.6510177850723267,0.9684604406356812
1773049164,193511695,world,cf231_leg,-2.6201517581939697,-1.656003713607788,0.953431248664856
1773049164,204299090,world,cf231,-2.6214778423309326,-1.650627613067627,0.968471884727478
1773049164,204299090,world,cf231_leg,-2.619877815246582,-1.6555715799331665,0.9535678625106812
1773049164,204784387,world,cf231,-2.6209168434143066,-1.6502282619476318,0.9683986902236938
1773049164,204784387,world,cf231_leg,-2.6194472312927246,-1.6552057266235352,0.9535493850708008
1773049164,208863490,world,cf231,-2.620635986328125,-1.649971604347229,0.9685050249099731
1773049164,208863490,world,cf231_leg,-2.6192281246185303,-1.654928207397461,0.9535789489746094
1773049164,212701023,world,cf231,-2.6202361583709717,-1.6495383977890015,0.9684832096099854
1773049164,212701023,world,cf231_leg,-2.618748188018799,-1.6545077562332153,0.9534984827041626
1773049164,218517710,world,cf231,-2.619919538497925,-1.6491822004318237,0.968440055847168
1773049164,218517710,world,cf231_leg,-2.618434429168701,-1.6541622877120972,0.9535118341445923
1773049164,222697308,world,cf231,-2.6196413040161133,-1.6488114595413208,0.9685724973678589
1773049164,222697308,world,cf231_leg,-2.6181538105010986,-1.6539933681488037,0.9535427093505859
1773049164,227661073,world,cf231,-2.6192150115966797,-1.6484318971633911,0.968590259552002
1773049164,227661073,world,cf231_leg,-2.6179146766662598,-1.6536476612091064,0.95356285572052
1773049164,232575977,world,cf231,-2.6189804077148438,-1.6481952667236328,0.9686869382858276
1773049164,232575977,world,cf231_leg,-2.617598295211792,-1.6534202098846436,0.9535839557647705
1773049164,237685077,world,cf231,-2.6185731887817383,-1.6477748155593872,0.9687905311584473
1773049164,237685077,world,cf231_leg,-2.6174559593200684,-1.6531845331192017,0.9537478685379028
1773049164,242688730,world,cf231,-2.6183207035064697,-1.6475515365600586,0.9689128398895264
1773049164,242688730,world,cf231_leg,-2.6171305179595947,-1.652842402458191,0.9536864757537842
1773049164,251609636,world,cf231,-2.617908477783203,-1.6472055912017822,0.9691078662872314
1773049164,251609636,world,cf231_leg,-2.616859197616577,-1.6524763107299805,0.9537900686264038
1773049164,252481671,world,cf231,-2.61735200881958,-1.6467719078063965,0.9690821170806885
1773049164,252481671,world,cf231_leg,-2.616454601287842,-1.6519458293914795,0.9537738561630249
1773049164,257688024,world,cf231,-2.6169180870056152,-1.64647376537323,0.9690185785293579
1773049164,257688024,world,cf231_leg,-2.616227865219116,-1.6517103910446167,0.9538192749023438
1773049164,262720271,world,cf231,-2.616446018218994,-1.646007776260376,0.9690378904342651
1773049164,262720271,world,cf231_leg,-2.61592698097229,-1.6513575315475464,0.953871488571167
1773049164,267572664,world,cf231,-2.6161575317382812,-1.6458359956741333,0.9690802097320557
1773049164,267572664,world,cf231_leg,-2.6156723499298096,-1.6510215997695923,0.9538897275924683
1773049164,272766193,world,cf231,-2.615532875061035,-1.6454304456710815,0.9690370559692383
1773049164,272766193,world,cf231_leg,-2.6153223514556885,-1.6506119966506958,0.9538627862930298
1773049164,278449628,world,cf231,-2.6151812076568604,-1.6450505256652832,0.969083309173584
1773049164,278449628,world,cf231_leg,-2.6150166988372803,-1.6502962112426758,0.9538776874542236
1773049164,282638443,world,cf231,-2.6149117946624756,-1.6447467803955078,0.9691108465194702
1773049164,282638443,world,cf231_leg,-2.6146774291992188,-1.6498820781707764,0.9539285898208618
1773049164,290063363,world,cf231,-2.614652395248413,-1.6445589065551758,0.9692070484161377
1773049164,290063363,world,cf231_leg,-2.61435866355896,-1.6496472358703613,0.9539257287979126
1773049164,292718561,world,cf231,-2.614285707473755,-1.644188642501831,0.969234824180603
1773049164,292718561,world,cf231_leg,-2.614118814468384,-1.6495479345321655,0.954179048538208
1773049164,298278748,world,cf231,-2.61398983001709,-1.643897294998169,0.9691643714904785
1773049164,298278748,world,cf231_leg,-2.6137895584106445,-1.6492122411727905,0.9541885852813721
1773049164,302740120,world,cf231,-2.6136951446533203,-1.6436480283737183,0.969230055809021
1773049164,302740120,world,cf231_leg,-2.613508701324463,-1.6490408182144165,0.9542027711868286
1773049164,307747871,world,cf231,-2.613330602645874,-1.6432735919952393,0.9692152738571167
1773049164,307747871,world,cf231_leg,-2.613189935684204,-1.648816466331482,0.9542591571807861
1773049164,312734502,world,cf231,-2.613058090209961,-1.6429762840270996,0.9693050384521484
1773049164,312734502,world,cf231_leg,-2.612826347351074,-1.6484160423278809,0.9542088508605957
1773049164,318391056,world,cf231,-2.6126010417938232,-1.6426050662994385,0.9692337512969971
1773049164,318391056,world,cf231_leg,-2.6125922203063965,-1.6483044624328613,0.9543378353118896
1773049164,323223705,world,cf231,-2.6123807430267334,-1.642362356185913,0.9693641662597656
1773049164,323223705,world,cf231_leg,-2.6122381687164307,-1.6478612422943115,0.954248309135437
1773049164,327726722,world,cf231,-2.611922264099121,-1.6421444416046143,0.9693846702575684
1773049164,327726722,world,cf231_leg,-2.6118643283843994,-1.647618293762207,0.9542088508605957
1773049164,332805532,world,cf231,-2.611452341079712,-1.6417148113250732,0.9694985151290894
1773049164,332805532,world,cf231_leg,-2.6116268634796143,-1.6473532915115356,0.9542731046676636
1773049164,339225621,world,cf231,-2.611166477203369,-1.6414859294891357,0.9695186614990234
1773049164,339225621,world,cf231_leg,-2.611276149749756,-1.647060751914978,0.9542326927185059
1773049164,342780426,world,cf231,-2.610774040222168,-1.6412608623504639,0.9696832895278931
1773049164,342780426,world,cf231_leg,-2.611029624938965,-1.646794080734253,0.954168438911438
1773049164,347650715,world,cf231,-2.610320568084717,-1.6409682035446167,0.9696106910705566
1773049164,347650715,world,cf231_leg,-2.610800266265869,-1.6465611457824707,0.9542515277862549
1773049164,352745257,world,cf231,-2.6099510192871094,-1.6406959295272827,0.9697977304458618
1773049164,352745257,world,cf231_leg,-2.610551118850708,-1.6462576389312744,0.9543094635009766
1773049164,357874698,world,cf231,-2.6095540523529053,-1.6403378248214722,0.9697533845901489
1773049164,357874698,world,cf231_leg,-2.610222101211548,-1.6459170579910278,0.9542858600616455
1773049164,362686125,world,cf231,-2.609240770339966,-1.6400567293167114,0.9696882963180542
1773049164,362686125,world,cf231_leg,-2.6099822521209717,-1.6455681324005127,0.9542899131774902
1773049164,367889770,world,cf231,-2.6089882850646973,-1.6399412155151367,0.9697198867797852
1773049164,367889770,world,cf231_leg,-2.609713315963745,-1.6453911066055298,0.9543606042861938
1773049164,372735953,world,cf231,-2.6086034774780273,-1.6395364999771118,0.9695957899093628
1773049164,372735953,world,cf231_leg,-2.609525203704834,-1.6451330184936523,0.9543057680130005
1773049164,377681174,world,cf231,-2.6082639694213867,-1.6393089294433594,0.9695714712142944
1773049164,377681174,world,cf231_leg,-2.6091713905334473,-1.6448428630828857,0.9543038606643677
1773049164,382616629,world,cf231,-2.6079986095428467,-1.6391984224319458,0.96954345703125
1773049164,382616629,world,cf231_leg,-2.6089720726013184,-1.6447465419769287,0.9542946815490723
1773049164,387742643,world,cf231,-2.607630729675293,-1.638779640197754,0.969395637512207
1773049164,387742643,world,cf231_leg,-2.60874080657959,-1.644514560699463,0.9543976783752441
1773049164,392823257,world,cf231,-2.6073851585388184,-1.6386287212371826,0.9694515466690063
1773049164,392823257,world,cf231_leg,-2.608450412750244,-1.644383430480957,0.9544342756271362
1773049164,397904771,world,cf231,-2.6070473194122314,-1.6383963823318481,0.9693859815597534
1773049164,397904771,world,cf231_leg,-2.6081905364990234,-1.6441658735275269,0.9544814825057983
1773049164,403658018,world,cf231,-2.606785297393799,-1.6381652355194092,0.9693468809127808
1773049164,403658018,world,cf231_leg,-2.6079394817352295,-1.6439810991287231,0.9545459747314453
1773049164,407837074,world,cf231,-2.606435537338257,-1.6378217935562134,0.9692528247833252
1773049164,407837074,world,cf231_leg,-2.6077165603637695,-1.643820881843567,0.9545835256576538
1773049164,413515054,world,cf231,-2.606210947036743,-1.6375373601913452,0.9695065021514893
1773049164,413515054,world,cf231_leg,-2.6073498725891113,-1.643535852432251,0.9545245170593262
1773049164,420465445,world,cf231,-2.605928659439087,-1.6372796297073364,0.9696118831634521
1773049164,420465445,world,cf231_leg,-2.607070207595825,-1.6433659791946411,0.9545315504074097
1773049164,422896396,world,cf231,-2.6055307388305664,-1.6370346546173096,0.9695161581039429
1773049164,422896396,world,cf231_leg,-2.6067845821380615,-1.6431578397750854,0.9544682502746582
1773049164,428302691,world,cf231,-2.6052725315093994,-1.6366868019104004,0.9694819450378418
1773049164,428302691,world,cf231_leg,-2.606557846069336,-1.6430065631866455,0.9545936584472656
1773049164,433233643,world,cf231,-2.6050381660461426,-1.6366430521011353,0.9695500135421753
1773049164,433233643,world,cf231_leg,-2.6062653064727783,-1.6427257061004639,0.954574704170227
1773049164,438347058,world,cf231,-2.6047184467315674,-1.6362844705581665,0.9695068597793579
1773049164,438347058,world,cf231_leg,-2.6061105728149414,-1.6426472663879395,0.9545520544052124
1773049164,443196335,world,cf231,-2.604466438293457,-1.6361628770828247,0.9695010185241699
1773049164,443196335,world,cf231_leg,-2.60583758354187,-1.642316222190857,0.9545578956604004
1773049164,448445331,world,cf231,-2.6043198108673096,-1.6360797882080078,0.9695528745651245
1773049164,448445331,world,cf231_leg,-2.6055498123168945,-1.642108678817749,0.9545159339904785
1773049164,452801289,world,cf231,-2.6040656566619873,-1.6359217166900635,0.9694473743438721
1773049164,452801289,world,cf231_leg,-2.605327844619751,-1.641946792602539,0.9545347690582275
1773049164,457655681,world,cf231,-2.6039044857025146,-1.6356873512268066,0.9695912599563599
1773049164,457655681,world,cf231_leg,-2.605128288269043,-1.6418190002441406,0.9546363353729248
1773049164,462570350,world,cf231,-2.6036088466644287,-1.6354713439941406,0.969527006149292
1773049164,462570350,world,cf231_leg,-2.6048946380615234,-1.6415446996688843,0.9546107053756714
1773049164,468908060,world,cf231,-2.603549003601074,-1.6354621648788452,0.9695137739181519
1773049164,468908060,world,cf231_leg,-2.604789972305298,-1.6415189504623413,0.9546337127685547
1773049164,472804055,world,cf231,-2.6032049655914307,-1.6352403163909912,0.9695526361465454
1773049164,472804055,world,cf231_leg,-2.6044538021087646,-1.6412553787231445,0.9545094966888428
1773049164,477636481,world,cf231,-2.603066921234131,-1.635177493095398,0.9695608615875244
1773049164,477636481,world,cf231_leg,-2.604207754135132,-1.6411445140838623,0.9545480012893677
1773049164,482833005,world,cf231,-2.6027328968048096,-1.6349232196807861,0.9696147441864014
1773049164,482833005,world,cf231_leg,-2.6040456295013428,-1.6409903764724731,0.9545561075210571
1773049164,488433721,world,cf231,-2.602748394012451,-1.6349583864212036,0.9697898626327515
1773049164,488433721,world,cf231_leg,-2.603771686553955,-1.6407766342163086,0.9545501470565796
1773049164,493595724,world,cf231,-2.6025030612945557,-1.6347637176513672,0.9696848392486572
1773049164,493595724,world,cf231_leg,-2.6035568714141846,-1.6406879425048828,0.9545221328735352
1773049164,497627557,world,cf231,-2.6023342609405518,-1.6347219944000244,0.9696773290634155
1773049164,497627557,world,cf231_leg,-2.6033709049224854,-1.64058256149292,0.9545340538024902
1773049164,502607655,world,cf231,-2.6021645069122314,-1.6345752477645874,0.9697772264480591
1773049164,502607655,world,cf231_leg,-2.603095531463623,-1.6404856443405151,0.95451819896698
1773049164,507741913,world,cf231,-2.6019372940063477,-1.6345025300979614,0.9699045419692993
1773049164,507741913,world,cf231_leg,-2.602823257446289,-1.640270709991455,0.9544917345046997
1773049164,512741018,world,cf231,-2.6017870903015137,-1.6344423294067383,0.9698326587677002
1773049164,512741018,world,cf231_leg,-2.602642774581909,-1.6402448415756226,0.9545078277587891
1773049164,517564295,world,cf231,-2.601484775543213,-1.6343666315078735,0.9699118137359619
1773049164,517564295,world,cf231_leg,-2.602431297302246,-1.64003586769104,0.9544532299041748
1773049164,523572787,world,cf231,-2.6012868881225586,-1.63438880443573,0.970024585723877
1773049164,523572787,world,cf231_leg,-2.602206230163574,-1.639992117881775,0.9544816017150879
1773049164,529158597,world,cf231,-2.601090908050537,-1.6341979503631592,0.9700298309326172
1773049164,529158597,world,cf231_leg,-2.6021385192871094,-1.6399105787277222,0.9545397758483887
1773049164,533192398,world,cf231,-2.600966453552246,-1.6341814994812012,0.97005295753479
1773049164,533192398,world,cf231_leg,-2.601769208908081,-1.6397416591644287,0.954471230506897
1773049164,538528967,world,cf231,-2.6008260250091553,-1.6342905759811401,0.9700280427932739
1773049164,538528967,world,cf231_leg,-2.6015748977661133,-1.6397219896316528,0.9544503688812256
1773049164,542648588,world,cf231,-2.600536823272705,-1.6341124773025513,0.9700301885604858
1773049164,542648588,world,cf231_leg,-2.60137677192688,-1.639508843421936,0.954448938369751
1773049164,547658486,world,cf231,-2.6004154682159424,-1.634085774421692,0.9699736833572388
1773049164,547658486,world,cf231_leg,-2.601173162460327,-1.6395323276519775,0.9544671773910522
1773049164,552564706,world,cf231,-2.600155830383301,-1.6340562105178833,0.969937801361084
1773049164,552564706,world,cf231_leg,-2.6009819507598877,-1.6393922567367554,0.9544199705123901
1773049164,558466342,world,cf231,-2.6001453399658203,-1.6341012716293335,0.969994068145752
1773049164,558466342,world,cf231_leg,-2.6008903980255127,-1.639359474182129,0.9544823169708252
1773049164,562629917,world,cf231,-2.6000816822052,-1.6340948343276978,0.9700275659561157
1773049164,562629917,world,cf231_leg,-2.6007349491119385,-1.639280915260315,0.9544600248336792
1773049164,568607010,world,cf231,-2.5999741554260254,-1.634067177772522,0.9700464010238647
1773049164,568607010,world,cf231_leg,-2.600560426712036,-1.639176845550537,0.9545774459838867
1773049164,572789424,world,cf231,-2.5998497009277344,-1.6340502500534058,0.9700703620910645
1773049164,572789424,world,cf231_leg,-2.6004395484924316,-1.6391156911849976,0.9544336795806885
1773049164,577623535,world,cf231,-2.599677085876465,-1.6339739561080933,0.9699853658676147
1773049164,577623535,world,cf231_leg,-2.600294828414917,-1.638995885848999,0.9545885324478149
1773049164,582752142,world,cf231,-2.5996267795562744,-1.6340770721435547,0.9700255393981934
1773049164,582752142,world,cf231_leg,-2.6001603603363037,-1.6389837265014648,0.9545580148696899
1773049164,587763733,world,cf231,-2.5995259284973145,-1.634124755859375,0.9699993133544922
1773049164,587763733,world,cf231_leg,-2.600017547607422,-1.6389023065567017,0.9546080827713013
1773049164,593063271,world,cf231,-2.59936261177063,-1.634163737297058,0.9699862003326416
1773049164,593063271,world,cf231_leg,-2.5997564792633057,-1.6387946605682373,0.9545959234237671
1773049164,597698081,world,cf231,-2.5991694927215576,-1.634016513824463,0.9698883295059204
1773049164,597698081,world,cf231_leg,-2.599583864212036,-1.6386843919754028,0.9544409513473511
1773049164,602627088,world,cf231,-2.5990207195281982,-1.6340488195419312,0.9699118137359619
1773049164,602627088,world,cf231_leg,-2.5994627475738525,-1.6386685371398926,0.9546849727630615
1773049164,607623743,world,cf231,-2.598999261856079,-1.6341381072998047,0.9697912931442261
1773049164,607623743,world,cf231_leg,-2.5992591381073,-1.6386889219284058,0.9544669389724731
1773049164,612799120,world,cf231,-2.5987679958343506,-1.6340914964675903,0.9698126316070557
1773049164,612799120,world,cf231_leg,-2.5991320610046387,-1.6384427547454834,0.9546308517456055
1773049164,617762102,world,cf231,-2.598727226257324,-1.6339938640594482,0.969944953918457
1773049164,617762102,world,cf231_leg,-2.5989561080932617,-1.6384536027908325,0.9547227621078491
1773049164,622683005,world,cf231,-2.5985934734344482,-1.6341779232025146,0.9698762893676758
1773049164,622683005,world,cf231_leg,-2.5987162590026855,-1.6384093761444092,0.9544661045074463
1773049164,627714201,world,cf231,-2.5983920097351074,-1.6339572668075562,0.9698444604873657
1773049164,627714201,world,cf231_leg,-2.5985260009765625,-1.6382735967636108,0.95465087890625
1773049164,633029725,world,cf231,-2.5982658863067627,-1.6340532302856445,0.9698212146759033
1773049164,633029725,world,cf231_leg,-2.5984244346618652,-1.6381700038909912,0.954798698425293
1773049164,637763639,world,cf231,-2.5980224609375,-1.6338979005813599,0.9698331356048584
1773049164,637763639,world,cf231_leg,-2.5982089042663574,-1.6382018327713013,0.9547724723815918
1773049164,642738001,world,cf231,-2.59786057472229,-1.6339352130889893,0.9697977304458618
1773049164,642738001,world,cf231_leg,-2.598012924194336,-1.638067603111267,0.954800009727478
1773049164,647936997,world,cf231,-2.5978190898895264,-1.6339954137802124,0.9700390100479126
1773049164,647936997,world,cf231_leg,-2.5978665351867676,-1.6380172967910767,0.9547637701034546
1773049164,652597338,world,cf231,-2.5975654125213623,-1.633838176727295,0.9699301719665527
1773049164,652597338,world,cf231_leg,-2.5976662635803223,-1.6380095481872559,0.9548680782318115
1773049164,658880906,world,cf231,-2.5974509716033936,-1.6339342594146729,0.9700058698654175
1773049164,658880906,world,cf231_leg,-2.597456932067871,-1.6378430128097534,0.9549405574798584
1773049164,662880676,world,cf231,-2.597365140914917,-1.633975863456726,0.9700151681900024
1773049164,662880676,world,cf231_leg,-2.5973312854766846,-1.6377564668655396,0.9552227258682251
1773049164,667782146,world,cf231,-2.597144365310669,-1.6338807344436646,0.969962477684021
1773049164,667782146,world,cf231_leg,-2.597172498703003,-1.6376820802688599,0.9552562236785889
1773049164,672673256,world,cf231,-2.597032308578491,-1.6339759826660156,0.9700134992599487
1773049164,672673256,world,cf231_leg,-2.5969784259796143,-1.6376605033874512,0.9552178382873535
1773049164,677790782,world,cf231,-2.5967133045196533,-1.6338139772415161,0.96996009349823
1773049164,677790782,world,cf231_leg,-2.5967540740966797,-1.637493371963501,0.9550058841705322
1773049164,682785924,world,cf231,-2.5966076850891113,-1.633785367012024,0.9699543714523315
1773049164,682785924,world,cf231_leg,-2.5966830253601074,-1.6375296115875244,0.955075740814209
1773049164,687687622,world,cf231,-2.596559762954712,-1.633770227432251,0.9700034856796265
1773049164,687687622,world,cf231_leg,-2.5965192317962646,-1.6374950408935547,0.9550888538360596
1773049164,692641515,world,cf231,-2.596411943435669,-1.6337971687316895,0.9699891805648804
1773049164,692641515,world,cf231_leg,-2.596501588821411,-1.637508511543274,0.9553457498550415
1773049164,697635826,world,cf231,-2.596374750137329,-1.6337403059005737,0.9699984788894653
1773049164,697635826,world,cf231_leg,-2.5963425636291504,-1.6374361515045166,0.9553960561752319
1773049164,702641304,world,cf231,-2.5961544513702393,-1.6336461305618286,0.9699435234069824
1773049164,702641304,world,cf231_leg,-2.5961356163024902,-1.637258768081665,0.9551633596420288
1773049164,707682514,world,cf231,-2.5960566997528076,-1.6335760354995728,0.969924807548523
1773049164,707682514,world,cf231_leg,-2.595930337905884,-1.6371700763702393,0.9552451372146606
1773049164,712641971,world,cf231,-2.5959200859069824,-1.6335996389389038,0.9699920415878296
1773049164,712641971,world,cf231_leg,-2.5958008766174316,-1.637195110321045,0.9552891254425049
1773049164,718511323,world,cf231,-2.5958361625671387,-1.6334848403930664,0.9698878526687622
1773049164,718511323,world,cf231_leg,-2.5956802368164062,-1.6371769905090332,0.9552947282791138
1773049164,723545685,world,cf231,-2.595653772354126,-1.633492112159729,0.9699808359146118
1773049164,723545685,world,cf231_leg,-2.595494031906128,-1.6370028257369995,0.9555184841156006
1773049164,727726988,world,cf231,-2.5956413745880127,-1.6335006952285767,0.9699376821517944
1773049164,727726988,world,cf231_leg,-2.5952868461608887,-1.6369857788085938,0.9554251432418823
1773049164,733015785,world,cf231,-2.5955898761749268,-1.633602499961853,0.9699821472167969
1773049164,733015785,world,cf231_leg,-2.59517240524292,-1.6368896961212158,0.9555318355560303
1773049164,737497336,world,cf231,-2.595457077026367,-1.6335091590881348,0.9700542688369751
1773049164,737497336,world,cf231_leg,-2.5949931144714355,-1.6368600130081177,0.9555130004882812
1773049164,742865313,world,cf231,-2.595284938812256,-1.6334302425384521,0.9699492454528809
1773049164,742865313,world,cf231_leg,-2.5947470664978027,-1.636747121810913,0.9555333852767944
1773049164,747744280,world,cf231,-2.5951619148254395,-1.6334120035171509,0.9699503183364868
1773049164,747744280,world,cf231_leg,-2.594618320465088,-1.636770486831665,0.9555600881576538
1773049164,752538155,world,cf231,-2.5950536727905273,-1.6333839893341064,0.9699697494506836
1773049164,752538155,world,cf231_leg,-2.594423532485962,-1.6366373300552368,0.9555827379226685
1773049164,757824140,world,cf231,-2.5950984954833984,-1.6335639953613281,0.9700912237167358
1773049164,757824140,world,cf231_leg,-2.5940895080566406,-1.6365269422531128,0.9555236101150513
1773049164,762646065,world,cf231,-2.5947704315185547,-1.6332871913909912,0.9699636697769165
1773049164,762646065,world,cf231_leg,-2.5940284729003906,-1.6365183591842651,0.9555364847183228
1773049164,768563405,world,cf231,-2.594679832458496,-1.6333304643630981,0.9700232744216919
1773049164,768563405,world,cf231_leg,-2.5938432216644287,-1.6364141702651978,0.955544114112854
1773049164,772824043,world,cf231,-2.594522714614868,-1.6332484483718872,0.9699720144271851
1773049164,772824043,world,cf231_leg,-2.5936038494110107,-1.6363768577575684,0.9555349349975586
1773049164,777684537,world,cf231,-2.5944135189056396,-1.6332228183746338,0.9700121879577637
1773049164,777684537,world,cf231_leg,-2.593402862548828,-1.636282205581665,0.9555416107177734
1773049164,782735021,world,cf231,-2.5942914485931396,-1.63323974609375,0.9701164960861206
1773049164,782735021,world,cf231_leg,-2.593165397644043,-1.6361256837844849,0.9555244445800781
1773049164,787676673,world,cf231,-2.5940768718719482,-1.6331181526184082,0.9701427221298218
1773049164,787676673,world,cf231_leg,-2.593047618865967,-1.6361050605773926,0.9554909467697144
1773049164,792722087,world,cf231,-2.593921422958374,-1.6330690383911133,0.9701749086380005
1773049164,792722087,world,cf231_leg,-2.592925786972046,-1.6360905170440674,0.9555312395095825
1773049164,797757072,world,cf231,-2.5938167572021484,-1.633125901222229,0.9702310562133789
1773049164,797757072,world,cf231_leg,-2.5927629470825195,-1.63593590259552,0.9555394649505615
1773049164,802629987,world,cf231,-2.5935592651367188,-1.6329752206802368,0.970184326171875
1773049164,802629987,world,cf231_leg,-2.5925469398498535,-1.6358468532562256,0.9555114507675171
1773049164,807724598,world,cf231,-2.5933239459991455,-1.632934331893921,0.9702707529067993
1773049164,807724598,world,cf231_leg,-2.592474937438965,-1.6358848810195923,0.9555991888046265
1773049164,812682779,world,cf231,-2.593165636062622,-1.6328543424606323,0.9702408313751221
1773049164,812682779,world,cf231_leg,-2.5922610759735107,-1.6356792449951172,0.9555784463882446
1773049164,817617240,world,cf231,-2.5929555892944336,-1.6328734159469604,0.9702364206314087
1773049164,817617240,world,cf231_leg,-2.5921056270599365,-1.6355981826782227,0.9555400609970093
1773049164,822540010,world,cf231,-2.592818021774292,-1.632912039756775,0.9703956842422485
1773049164,822540010,world,cf231_leg,-2.591975212097168,-1.6356273889541626,0.9556173086166382
1773049164,827698205,world,cf231,-2.5925652980804443,-1.6327935457229614,0.9704064130783081
1773049164,827698205,world,cf231_leg,-2.5918915271759033,-1.6355528831481934,0.9556592702865601
1773049164,834551884,world,cf231,-2.592378854751587,-1.6327053308486938,0.9706865549087524
1773049164,834551884,world,cf231_leg,-2.591632843017578,-1.635445237159729,0.9556224346160889
1773049164,837690030,world,cf231,-2.5921061038970947,-1.632513165473938,0.9704272747039795
1773049164,837690030,world,cf231_leg,-2.5914719104766846,-1.635369062423706,0.9556617736816406
1773049164,842707885,world,cf231,-2.5920639038085938,-1.6325786113739014,0.9707084894180298
1773049164,842707885,world,cf231_leg,-2.591224431991577,-1.6350970268249512,0.9555611610412598
1773049164,847684991,world,cf231,-2.591846227645874,-1.6323662996292114,0.9706608057022095
1773049164,847684991,world,cf231_leg,-2.5910472869873047,-1.6351090669631958,0.9556725025177002
1773049164,852736504,world,cf231,-2.5917587280273438,-1.6324095726013184,0.9706928730010986
1773049164,852736504,world,cf231_leg,-2.5909881591796875,-1.6351001262664795,0.9556633234024048
1773049164,857868998,world,cf231,-2.5915303230285645,-1.632242202758789,0.9707027673721313
1773049164,857868998,world,cf231_leg,-2.5906994342803955,-1.634934425354004,0.9557703733444214
1773049164,862770840,world,cf231,-2.591400146484375,-1.6321452856063843,0.9707306623458862
1773049164,862770840,world,cf231_leg,-2.5905539989471436,-1.6348508596420288,0.9558268785476685
1773049164,868576347,world,cf231,-2.591336727142334,-1.6323002576828003,0.9708904027938843
1773049164,868576347,world,cf231_leg,-2.590266227722168,-1.6347551345825195,0.9557180404663086
1773049164,872646986,world,cf231,-2.591132402420044,-1.6320832967758179,0.9709011316299438
1773049164,872646986,world,cf231_leg,-2.590137243270874,-1.6346648931503296,0.9557889699935913
1773049164,877794244,world,cf231,-2.5910396575927734,-1.6320465803146362,0.97093665599823
1773049164,877794244,world,cf231_leg,-2.5899710655212402,-1.6345170736312866,0.9558680057525635
1773049164,884494362,world,cf231,-2.5908308029174805,-1.6319522857666016,0.9709807634353638
1773049164,884494362,world,cf231_leg,-2.589777946472168,-1.634539008140564,0.9559776782989502
1773049164,887566843,world,cf231,-2.5906386375427246,-1.6318471431732178,0.9710196256637573
1773049164,887566843,world,cf231_leg,-2.5895817279815674,-1.6344517469406128,0.9561879634857178
1773049164,892656670,world,cf231,-2.590397834777832,-1.6316826343536377,0.9709490537643433
1773049164,892656670,world,cf231_leg,-2.589280843734741,-1.6342447996139526,0.9560519456863403
1773049164,898425869,world,cf231,-2.5902247428894043,-1.6316498517990112,0.9710239171981812
1773049164,898425869,world,cf231_leg,-2.589245080947876,-1.634344458580017,0.9561647176742554
1773049164,903578576,world,cf231,-2.590048313140869,-1.631532907485962,0.971061110496521
1773049164,903578576,world,cf231_leg,-2.5890214443206787,-1.6341813802719116,0.9561847448348999
1773049164,907801559,world,cf231,-2.589862585067749,-1.6315058469772339,0.9710745811462402
1773049164,907801559,world,cf231_leg,-2.5887815952301025,-1.6340280771255493,0.9562033414840698
1773049164,912779466,world,cf231,-2.589510202407837,-1.631319284439087,0.9710875749588013
1773049164,912779466,world,cf231_leg,-2.5886669158935547,-1.6340452432632446,0.9562664031982422
1773049164,917807383,world,cf231,-2.589477777481079,-1.6312984228134155,0.9711711406707764
1773049164,917807383,world,cf231_leg,-2.5884740352630615,-1.6339064836502075,0.9562362432479858
1773049164,923626210,world,cf231,-2.5891098976135254,-1.631117582321167,0.9711498022079468
1773049164,923626210,world,cf231_leg,-2.588435411453247,-1.6338083744049072,0.9563343524932861
1773049164,929422389,world,cf231,-2.5888891220092773,-1.6310263872146606,0.9711122512817383
1773049164,929422389,world,cf231_leg,-2.5882556438446045,-1.633664846420288,0.9563593864440918
1773049164,932790506,world,cf231,-2.5887391567230225,-1.6309032440185547,0.9712846279144287
1773049164,932790506,world,cf231_leg,-2.588153600692749,-1.6336792707443237,0.9564950466156006
1773049164,938568393,world,cf231,-2.5884830951690674,-1.6307440996170044,0.9711798429489136
1773049164,938568393,world,cf231_leg,-2.587987184524536,-1.6335291862487793,0.956558346748352
1773049164,942720531,world,cf231,-2.58825421333313,-1.6305795907974243,0.9712082147598267
1773049164,942720531,world,cf231_leg,-2.5878100395202637,-1.633380651473999,0.9565298557281494
1773049164,947622043,world,cf231,-2.5881552696228027,-1.6305118799209595,0.9712092876434326
1773049164,947622043,world,cf231_leg,-2.5877037048339844,-1.6333563327789307,0.9565713405609131
1773049164,952654943,world,cf231,-2.5879249572753906,-1.6303459405899048,0.9712414741516113
1773049164,952654943,world,cf231_leg,-2.587634801864624,-1.633276104927063,0.9566481113433838
1773049164,958474387,world,cf231,-2.5879154205322266,-1.6302746534347534,0.971566915512085
1773049164,958474387,world,cf231_leg,-2.587348699569702,-1.6330589056015015,0.9565147161483765
1773049164,962813062,world,cf231,-2.587599992752075,-1.6301037073135376,0.9711906909942627
1773049164,962813062,world,cf231_leg,-2.587354898452759,-1.6331419944763184,0.9567552804946899
1773049164,968571281,world,cf231,-2.5874617099761963,-1.6300175189971924,0.9713501930236816
1773049164,968571281,world,cf231_leg,-2.5871713161468506,-1.6329574584960938,0.9566696882247925
1773049164,972946662,world,cf231,-2.587294101715088,-1.6298638582229614,0.9713867902755737
1773049164,972946662,world,cf231_leg,-2.5869126319885254,-1.6327290534973145,0.9566296339035034
1773049164,977828525,world,cf231,-2.587238311767578,-1.629684567451477,0.9714014530181885
1773049164,977828525,world,cf231_leg,-2.5868942737579346,-1.6327022314071655,0.9567517042160034
1773049164,982736129,world,cf231,-2.5871074199676514,-1.6296809911727905,0.9715492725372314
1773049164,982736129,world,cf231_leg,-2.5866506099700928,-1.6326237916946411,0.9566314220428467
1773049164,988559283,world,cf231,-2.586885929107666,-1.6294682025909424,0.9715291261672974
1773049164,988559283,world,cf231_leg,-2.5864298343658447,-1.6323875188827515,0.956807017326355
1773049164,993146869,world,cf231,-2.5867726802825928,-1.6293102502822876,0.9713555574417114
1773049164,993146869,world,cf231_leg,-2.586284875869751,-1.6322622299194336,0.9567079544067383
1773049164,997810778,world,cf231,-2.586570978164673,-1.629180669784546,0.9714217185974121
1773049164,997810778,world,cf231_leg,-2.586106061935425,-1.6322282552719116,0.9566552639007568
1773049165,2755579,world,cf231,-2.586395025253296,-1.629151701927185,0.9715398550033569
1773049165,2755579,world,cf231_leg,-2.5859851837158203,-1.6319434642791748,0.9568336009979248
1773049165,7858948,world,cf231,-2.58613657951355,-1.6288385391235352,0.971367359161377
1773049165,7858948,world,cf231_leg,-2.5857596397399902,-1.631894826889038,0.9568300247192383
1773049165,12810997,world,cf231,-2.586005210876465,-1.6287434101104736,0.9714164733886719
1773049165,12810997,world,cf231_leg,-2.5856659412384033,-1.6317098140716553,0.9568179845809937
1773049165,18951388,world,cf231,-2.585766553878784,-1.628601312637329,0.9716509580612183
1773049165,18951388,world,cf231_leg,-2.58532977104187,-1.6314396858215332,0.9566370248794556
1773049165,22647977,world,cf231,-2.5855555534362793,-1.6284644603729248,0.9715569019317627
1773049165,22647977,world,cf231_leg,-2.585261583328247,-1.6313579082489014,0.9566953182220459
1773049165,27674841,world,cf231,-2.585388422012329,-1.6283046007156372,0.9715570211410522
1773049165,27674841,world,cf231_leg,-2.5850465297698975,-1.6312674283981323,0.9566471576690674
1773049165,33064086,world,cf231,-2.585142135620117,-1.6281030178070068,0.971413254737854
1773049165,33064086,world,cf231_leg,-2.5847983360290527,-1.6309922933578491,0.9565314054489136
1773049165,37726133,world,cf231,-2.5849952697753906,-1.6280170679092407,0.9714447259902954
1773049165,37726133,world,cf231_leg,-2.5847113132476807,-1.6308773756027222,0.9564601182937622
1773049165,42787772,world,cf231,-2.584726333618164,-1.627907395362854,0.9714386463165283
1773049165,42787772,world,cf231_leg,-2.5844969749450684,-1.6306689977645874,0.9564228057861328
1773049165,47893545,world,cf231,-2.5844569206237793,-1.6276390552520752,0.9713231325149536
1773049165,47893545,world,cf231_leg,-2.58435320854187,-1.630584478378296,0.9564576148986816
1773049165,52712320,world,cf231,-2.5841994285583496,-1.6274820566177368,0.971238374710083
1773049165,52712320,world,cf231_leg,-2.5841126441955566,-1.6302670240402222,0.9563217163085938
1773049165,57930023,world,cf231,-2.5839688777923584,-1.6272687911987305,0.9710917472839355
1773049165,57930023,world,cf231_leg,-2.5840094089508057,-1.6302435398101807,0.9563374519348145
1773049165,63600152,world,cf231,-2.5837242603302,-1.6271098852157593,0.9710848331451416
1773049165,63600152,world,cf231_leg,-2.5839014053344727,-1.6300593614578247,0.9562588930130005
1773049165,67877036,world,cf231,-2.58345627784729,-1.6268365383148193,0.9709292650222778
1773049165,67877036,world,cf231_leg,-2.5836009979248047,-1.6297317743301392,0.9561163187026978
1773049165,72681296,world,cf231,-2.5831985473632812,-1.6266824007034302,0.9708629846572876
1773049165,72681296,world,cf231_leg,-2.583526849746704,-1.6297279596328735,0.9560729265213013
1773049165,77838561,world,cf231,-2.583125591278076,-1.6265573501586914,0.9708048105239868
1773049165,77838561,world,cf231_leg,-2.583312749862671,-1.6295175552368164,0.9560189247131348
1773049165,82698847,world,cf231,-2.5829224586486816,-1.626335620880127,0.9707731008529663
1773049165,82698847,world,cf231_leg,-2.5831315517425537,-1.6292093992233276,0.9558910131454468
1773049165,87810612,world,cf231,-2.582634210586548,-1.6261940002441406,0.9706343412399292
1773049165,87810612,world,cf231_leg,-2.5831212997436523,-1.6292539834976196,0.9559499025344849
1773049165,92696301,world,cf231,-2.5824050903320312,-1.626025915145874,0.9706441164016724
1773049165,92696301,world,cf231_leg,-2.582967519760132,-1.6290562152862549,0.955916166305542
1773049165,97805261,world,cf231,-2.582274913787842,-1.6257673501968384,0.9705432653427124
1773049165,97805261,world,cf231_leg,-2.582883358001709,-1.6289368867874146,0.9557887315750122
1773049165,102684935,world,cf231,-2.582101821899414,-1.6255736351013184,0.970488429069519
1773049165,102684935,world,cf231_leg,-2.5826754570007324,-1.6286873817443848,0.955750584602356
1773049165,108643694,world,cf231,-2.581845998764038,-1.6252974271774292,0.9704126119613647
1773049165,108643694,world,cf231_leg,-2.5825424194335938,-1.6286722421646118,0.9556819200515747
1773049165,112755220,world,cf231,-2.5816874504089355,-1.6252115964889526,0.9703439474105835
1773049165,112755220,world,cf231_leg,-2.582545280456543,-1.6285513639450073,0.9556547403335571
1773049165,117798265,world,cf231,-2.5815300941467285,-1.6250089406967163,0.9703055620193481
1773049165,117798265,world,cf231_leg,-2.582362413406372,-1.628365159034729,0.9555497169494629
1773049165,122606704,world,cf231,-2.58132004737854,-1.6247522830963135,0.9702221155166626
1773049165,122606704,world,cf231_leg,-2.5823171138763428,-1.6283470392227173,0.9555634260177612
1773049165,127831349,world,cf231,-2.5811479091644287,-1.624556303024292,0.9701461791992188
1773049165,127831349,world,cf231_leg,-2.5822930335998535,-1.6282401084899902,0.9554574489593506
1773049165,132614951,world,cf231,-2.5809669494628906,-1.6244007349014282,0.9700865745544434
1773049165,132614951,world,cf231_leg,-2.5821375846862793,-1.6280404329299927,0.9554297924041748
1773049165,138402760,world,cf231,-2.580805778503418,-1.624159812927246,0.9699524641036987
1773049165,138402760,world,cf231_leg,-2.581967830657959,-1.6279658079147339,0.9553513526916504
1773049165,143618494,world,cf231,-2.580526351928711,-1.623930811882019,0.9698554277420044
1773049165,143618494,world,cf231_leg,-2.581857442855835,-1.627742052078247,0.9551562070846558
1773049165,147699214,world,cf231,-2.5804760456085205,-1.6238725185394287,0.9697681665420532
1773049165,147699214,world,cf231_leg,-2.5818283557891846,-1.6276034116744995,0.9552286863327026
1773049165,153406961,world,cf231,-2.5802829265594482,-1.6236048936843872,0.9696798324584961
1773049165,153406961,world,cf231_leg,-2.5817174911499023,-1.6273765563964844,0.9550200700759888
1773049165,157893402,world,cf231,-2.580172538757324,-1.6234197616577148,0.9696117639541626
1773049165,157893402,world,cf231_leg,-2.5815110206604004,-1.6272398233413696,0.9549174308776855
1773049165,162736644,world,cf231,-2.58004093170166,-1.623162865638733,0.9695326089859009
1773049165,162736644,world,cf231_leg,-2.5814154148101807,-1.6270053386688232,0.9547268152236938
1773049165,167664548,world,cf231,-2.5798845291137695,-1.6229580640792847,0.9694726467132568
1773049165,167664548,world,cf231_leg,-2.5812854766845703,-1.626872181892395,0.9546447992324829
1773049165,172786972,world,cf231,-2.579774856567383,-1.6227703094482422,0.9693849086761475
1773049165,172786972,world,cf231_leg,-2.5811758041381836,-1.6266884803771973,0.9545867443084717
1773049165,177723412,world,cf231,-2.5795834064483643,-1.6224981546401978,0.9692543745040894
1773049165,177723412,world,cf231_leg,-2.5811047554016113,-1.6264477968215942,0.9545435905456543
1773049165,183554844,world,cf231,-2.5793874263763428,-1.622189998626709,0.9690489768981934
1773049165,183554844,world,cf231_leg,-2.580944299697876,-1.6263275146484375,0.9544094800949097
1773049165,187639682,world,cf231,-2.579313278198242,-1.6220669746398926,0.9690111875534058
1773049165,187639682,world,cf231_leg,-2.580850839614868,-1.6261372566223145,0.9543659687042236
1773049165,193734488,world,cf231,-2.5790653228759766,-1.6218644380569458,0.9688678979873657
1773049165,193734488,world,cf231_leg,-2.580824375152588,-1.6260279417037964,0.9542677402496338
1773049165,197781481,world,cf231,-2.5789682865142822,-1.6216741800308228,0.9688596725463867
1773049165,197781481,world,cf231_leg,-2.5806798934936523,-1.625781774520874,0.9541631937026978
1773049165,202767018,world,cf231,-2.578861713409424,-1.6214799880981445,0.9687085151672363
1773049165,202767018,world,cf231_leg,-2.5805201530456543,-1.625659465789795,0.9540113210678101
1773049165,207593024,world,cf231,-2.5787079334259033,-1.6211535930633545,0.968637228012085
1773049165,207593024,world,cf231_leg,-2.5806548595428467,-1.625671148300171,0.954045295715332
1773049165,212575634,world,cf231,-2.5786209106445312,-1.6210323572158813,0.9685218334197998
1773049165,212575634,world,cf231_leg,-2.5804243087768555,-1.6253083944320679,0.9538495540618896
1773049165,218648949,world,cf231,-2.5784809589385986,-1.62086021900177,0.968379020690918
1773049165,218648949,world,cf231_leg,-2.5803534984588623,-1.6251815557479858,0.9537622928619385
1773049165,222727078,world,cf231,-2.5783636569976807,-1.6205962896347046,0.9683371782302856
1773049165,222727078,world,cf231_leg,-2.5804383754730225,-1.6251384019851685,0.9537309408187866
1773049165,227785812,world,cf231,-2.5783531665802,-1.6204795837402344,0.9682668447494507
1773049165,227785812,world,cf231_leg,-2.580380439758301,-1.625009298324585,0.9537152051925659
1773049165,232795120,world,cf231,-2.5782060623168945,-1.6202312707901,0.9681704044342041
1773049165,232795120,world,cf231_leg,-2.5803275108337402,-1.6249113082885742,0.9535220861434937
1773049165,238007316,world,cf231,-2.57814359664917,-1.6200610399246216,0.9680535793304443
1773049165,238007316,world,cf231_leg,-2.5803067684173584,-1.6248424053192139,0.9535133838653564
1773049165,242812290,world,cf231,-2.5780863761901855,-1.6199240684509277,0.9679924249649048
1773049165,242812290,world,cf231_leg,-2.5801968574523926,-1.6246585845947266,0.9534554481506348
1773049165,247885614,world,cf231,-2.5779759883880615,-1.6197388172149658,0.9679241180419922
1773049165,247885614,world,cf231_leg,-2.5801587104797363,-1.624554991722107,0.9532971382141113
1773049165,253426554,world,cf231,-2.577975034713745,-1.6195820569992065,0.9678353071212769
1773049165,253426554,world,cf231_leg,-2.5801827907562256,-1.6245012283325195,0.9532616138458252
1773049165,257863613,world,cf231,-2.578002452850342,-1.6195228099822998,0.9677547216415405
1773049165,257863613,world,cf231_leg,-2.580122232437134,-1.6243321895599365,0.953130841255188
1773049165,262734418,world,cf231,-2.577819347381592,-1.61920964717865,0.967607855796814
1773049165,262734418,world,cf231_leg,-2.580080270767212,-1.62419593334198,0.953130841255188
1773049165,267711735,world,cf231,-2.5778563022613525,-1.619110345840454,0.9675086736679077
1773049165,267711735,world,cf231_leg,-2.5801732540130615,-1.6241079568862915,0.9530647993087769
1773049165,272809521,world,cf231,-2.5779027938842773,-1.6189688444137573,0.9676107168197632
1773049165,272809521,world,cf231_leg,-2.580087900161743,-1.6239895820617676,0.9529561996459961
1773049165,277743331,world,cf231,-2.5778110027313232,-1.6187645196914673,0.96747887134552
1773049165,277743331,world,cf231_leg,-2.580050230026245,-1.6237702369689941,0.9528248310089111
1773049165,282837974,world,cf231,-2.5777406692504883,-1.6186795234680176,0.9672977924346924
1773049165,282837974,world,cf231_leg,-2.5799872875213623,-1.6237202882766724,0.9527033567428589
1773049165,287770906,world,cf231,-2.5776562690734863,-1.618439793586731,0.9671890735626221
1773049165,287770906,world,cf231_leg,-2.579988718032837,-1.6236028671264648,0.9527120590209961
1773049165,292718630,world,cf231,-2.5776526927948,-1.6182399988174438,0.9672032594680786
1773049165,292718630,world,cf231_leg,-2.5800976753234863,-1.6235079765319824,0.9526616334915161
1773049165,297771728,world,cf231,-2.5777440071105957,-1.6181873083114624,0.9670895338058472
1773049165,297771728,world,cf231_leg,-2.579965591430664,-1.6233694553375244,0.952346682548523
1773049165,302632208,world,cf231,-2.5777528285980225,-1.6180994510650635,0.9668929576873779
1773049165,302632208,world,cf231_leg,-2.580063581466675,-1.6231657266616821,0.9524859189987183
1773049165,307721951,world,cf231,-2.5776703357696533,-1.6179026365280151,0.9669220447540283
1773049165,307721951,world,cf231_leg,-2.579979419708252,-1.623085379600525,0.9522724151611328
1773049165,312751681,world,cf231,-2.5775959491729736,-1.6177318096160889,0.9667055606842041
1773049165,312751681,world,cf231_leg,-2.5799543857574463,-1.6229770183563232,0.9521703720092773
1773049165,317704239,world,cf231,-2.577657699584961,-1.617742657661438,0.96671462059021
1773049165,317704239,world,cf231_leg,-2.5798323154449463,-1.622907280921936,0.9517537355422974
1773049165,322728245,world,cf231,-2.5777111053466797,-1.617632269859314,0.9666110277175903
1773049165,322728245,world,cf231_leg,-2.5800600051879883,-1.6228418350219727,0.9520069360733032
1773049165,329527492,world,cf231,-2.5777597427368164,-1.6175332069396973,0.9666122198104858
1773049165,329527492,world,cf231_leg,-2.5800528526306152,-1.6226043701171875,0.9518972635269165
1773049165,332797646,world,cf231,-2.577789545059204,-1.6173551082611084,0.9665399789810181
1773049165,332797646,world,cf231_leg,-2.5799880027770996,-1.6227130889892578,0.9516993761062622
1773049165,338619918,world,cf231,-2.577741861343384,-1.6171752214431763,0.9664413928985596
1773049165,338619918,world,cf231_leg,-2.5801098346710205,-1.6224545240402222,0.9515804052352905
1773049165,342749853,world,cf231,-2.5780012607574463,-1.6171715259552002,0.966397762298584
1773049165,342749853,world,cf231_leg,-2.5801150798797607,-1.6223337650299072,0.9517544507980347
1773049165,347717430,world,cf231,-2.5781140327453613,-1.6171907186508179,0.9662952423095703
1773049165,347717430,world,cf231_leg,-2.5801968574523926,-1.6222498416900635,0.9516110420227051
1773049165,352749628,world,cf231,-2.5781848430633545,-1.6170603036880493,0.9661320447921753
1773049165,352749628,world,cf231_leg,-2.58016300201416,-1.622069001197815,0.951575756072998
1773049165,357836524,world,cf231,-2.5781779289245605,-1.6168224811553955,0.9660489559173584
1773049165,357836524,world,cf231_leg,-2.580211877822876,-1.6219642162322998,0.9515182971954346
1773049165,362691940,world,cf231,-2.5782828330993652,-1.616866111755371,0.9661492109298706
1773049165,362691940,world,cf231_leg,-2.580282211303711,-1.6219292879104614,0.9514672756195068
1773049165,367800240,world,cf231,-2.578434467315674,-1.616822600364685,0.9660491943359375
1773049165,367800240,world,cf231_leg,-2.580357074737549,-1.6219310760498047,0.9514939785003662
1773049165,372734627,world,cf231,-2.5784685611724854,-1.6166423559188843,0.965928316116333
1773049165,372734627,world,cf231_leg,-2.5803985595703125,-1.6218186616897583,0.9512553215026855
1773049165,377697442,world,cf231,-2.5785434246063232,-1.6166449785232544,0.9659796953201294
1773049165,377697442,world,cf231_leg,-2.58046293258667,-1.621798038482666,0.951346755027771
1773049165,382730752,world,cf231,-2.578530788421631,-1.6164848804473877,0.9657725095748901
1773049165,382730752,world,cf231_leg,-2.580535411834717,-1.621715784072876,0.9513121843338013
1773049165,387764926,world,cf231,-2.578693151473999,-1.6164500713348389,0.9658298492431641
1773049165,387764926,world,cf231_leg,-2.5807032585144043,-1.621748924255371,0.9512588977813721
1773049165,393577998,world,cf231,-2.578794479370117,-1.6164021492004395,0.9658575057983398
1773049165,393577998,world,cf231_leg,-2.5806679725646973,-1.6216880083084106,0.9512302875518799
1773049165,397905823,world,cf231,-2.5788815021514893,-1.6163612604141235,0.965846061706543
1773049165,397905823,world,cf231_leg,-2.5808024406433105,-1.6217018365859985,0.9512808322906494
1773049165,402836892,world,cf231,-2.5790445804595947,-1.6163272857666016,0.9659006595611572
1773049165,402836892,world,cf231_leg,-2.580761432647705,-1.6215137243270874,0.9510631561279297
1773049165,408656331,world,cf231,-2.5791444778442383,-1.6162370443344116,0.9660288095474243
1773049165,408656331,world,cf231_leg,-2.5808346271514893,-1.621474027633667,0.9509568214416504
1773049165,413228294,world,cf231,-2.5791988372802734,-1.6161680221557617,0.9658279418945312
1773049165,413228294,world,cf231_leg,-2.5808944702148438,-1.621483564376831,0.9509649276733398
1773049165,418569726,world,cf231,-2.5793604850769043,-1.6160889863967896,0.9659641981124878
1773049165,418569726,world,cf231_leg,-2.580933094024658,-1.6214237213134766,0.9509660005569458
1773049165,422714478,world,cf231,-2.5795304775238037,-1.6161304712295532,0.9659744501113892
1773049165,422714478,world,cf231_leg,-2.5810916423797607,-1.6213862895965576,0.9509962797164917
1773049165,427691785,world,cf231,-2.579638957977295,-1.616158366203308,0.965956449508667
1773049165,427691785,world,cf231_leg,-2.5811524391174316,-1.621396780014038,0.9510015249252319
1773049165,432728080,world,cf231,-2.5797555446624756,-1.6161043643951416,0.9660199880599976
1773049165,432728080,world,cf231_leg,-2.581226348876953,-1.6214001178741455,0.9510473012924194
1773049165,437745252,world,cf231,-2.5797202587127686,-1.6158806085586548,0.965859055519104
1773049165,437745252,world,cf231_leg,-2.5812644958496094,-1.621342420578003,0.9510648250579834
1773049165,444040016,world,cf231,-2.579996347427368,-1.6160284280776978,0.9659383296966553
1773049165,444040016,world,cf231_leg,-2.5813329219818115,-1.6212712526321411,0.9511364698410034
1773049165,447739101,world,cf231,-2.5800940990448,-1.61594557762146,0.9658868312835693
1773049165,447739101,world,cf231_leg,-2.581430196762085,-1.6212223768234253,0.9511643648147583
1773049165,452770268,world,cf231,-2.580134391784668,-1.6158809661865234,0.9658674001693726
1773049165,452770268,world,cf231_leg,-2.5814828872680664,-1.621156096458435,0.9512035846710205
1773049165,457833646,world,cf231,-2.580294132232666,-1.6159652471542358,0.9659157991409302
1773049165,457833646,world,cf231_leg,-2.5815653800964355,-1.6212369203567505,0.9512133598327637
1773049165,462649380,world,cf231,-2.5803959369659424,-1.61587655544281,0.9657989740371704
1773049165,462649380,world,cf231_leg,-2.5816659927368164,-1.621188998222351,0.9512147903442383
1773049165,467730065,world,cf231,-2.580693006515503,-1.6159749031066895,0.9659059047698975
1773049165,467730065,world,cf231_leg,-2.5817034244537354,-1.6211304664611816,0.9512348175048828
1773049165,472821744,world,cf231,-2.580852746963501,-1.615899920463562,0.9658451080322266
1773049165,472821744,world,cf231_leg,-2.5817759037017822,-1.621094822883606,0.9511622190475464
1773049165,477661160,world,cf231,-2.5809292793273926,-1.615903615951538,0.9656534194946289
1773049165,477661160,world,cf231_leg,-2.5819308757781982,-1.6211754083633423,0.951205849647522
1773049165,482783196,world,cf231,-2.5812783241271973,-1.6158969402313232,0.9659360647201538
1773049165,482783196,world,cf231_leg,-2.5819926261901855,-1.621065378189087,0.9512063264846802
1773049165,489411695,world,cf231,-2.5813841819763184,-1.6160465478897095,0.9656884670257568
1773049165,489411695,world,cf231_leg,-2.5820741653442383,-1.6211403608322144,0.9511879682540894
1773049165,492801542,world,cf231,-2.5815744400024414,-1.6159559488296509,0.9656822681427002
1773049165,492801542,world,cf231_leg,-2.5822205543518066,-1.6211085319519043,0.9511598348617554
1773049165,497830252,world,cf231,-2.5818116664886475,-1.6160423755645752,0.9657555818557739
1773049165,497830252,world,cf231_leg,-2.5823206901550293,-1.6210598945617676,0.9511631727218628
1773049165,502670987,world,cf231,-2.581848382949829,-1.6159428358078003,0.9656574726104736
1773049165,502670987,world,cf231_leg,-2.5823700428009033,-1.620957851409912,0.9511206150054932
1773049165,507828100,world,cf231,-2.5822081565856934,-1.6160534620285034,0.9660090208053589
1773049165,507828100,world,cf231_leg,-2.582486629486084,-1.621093511581421,0.9511321783065796
1773049165,512627466,world,cf231,-2.5823111534118652,-1.61600661277771,0.9657937288284302
1773049165,512627466,world,cf231_leg,-2.582611560821533,-1.6210333108901978,0.9510287046432495
1773049165,517941010,world,cf231,-2.582435131072998,-1.6160255670547485,0.9657927751541138
1773049165,517941010,world,cf231_leg,-2.5826714038848877,-1.6210405826568604,0.9510205984115601
1773049165,522696991,world,cf231,-2.5825693607330322,-1.6160022020339966,0.9657529592514038
1773049165,522696991,world,cf231_leg,-2.5828299522399902,-1.6211220026016235,0.9510376453399658
1773049165,527749641,world,cf231,-2.58278226852417,-1.6159791946411133,0.9659554958343506
1773049165,527749641,world,cf231_leg,-2.582911252975464,-1.6210434436798096,0.95115065574646
1773049165,532846354,world,cf231,-2.5829362869262695,-1.6161445379257202,0.9658972024917603
1773049165,532846354,world,cf231_leg,-2.5829989910125732,-1.6210423707962036,0.9510250091552734
1773049165,537641259,world,cf231,-2.5830376148223877,-1.6160966157913208,0.9659250974655151
1773049165,537641259,world,cf231_leg,-2.5832114219665527,-1.6210901737213135,0.950946569442749
1773049165,542713507,world,cf231,-2.583306074142456,-1.6162091493606567,0.9659537076950073
1773049165,542713507,world,cf231_leg,-2.5832481384277344,-1.6211525201797485,0.9509701728820801
1773049165,547846769,world,cf231,-2.583380699157715,-1.6161702871322632,0.9658634662628174
1773049165,547846769,world,cf231_leg,-2.583381175994873,-1.6210086345672607,0.950916051864624
1773049165,552939254,world,cf231,-2.583489418029785,-1.6161987781524658,0.9658437967300415
1773049165,552939254,world,cf231_leg,-2.583387851715088,-1.621081829071045,0.9508708715438843
1773049165,557739689,world,cf231,-2.583620309829712,-1.6162965297698975,0.9658157825469971
1773049165,557739689,world,cf231_leg,-2.5836024284362793,-1.621132493019104,0.9510087966918945
1773049165,562825409,world,cf231,-2.5837128162384033,-1.6162891387939453,0.9658596515655518
1773049165,562825409,world,cf231_leg,-2.5836315155029297,-1.6211202144622803,0.9508568048477173
1773049165,568686524,world,cf231,-2.5838119983673096,-1.6163597106933594,0.9656394720077515
1773049165,568686524,world,cf231_leg,-2.5837414264678955,-1.6211851835250854,0.9509283304214478
1773049165,572725447,world,cf231,-2.5840163230895996,-1.6164216995239258,0.965779185295105
1773049165,572725447,world,cf231_leg,-2.583836793899536,-1.6210969686508179,0.9508398771286011
1773049165,577794297,world,cf231,-2.5841946601867676,-1.616537094116211,0.9657225608825684
1773049165,577794297,world,cf231_leg,-2.583953619003296,-1.6212353706359863,0.9508659839630127
1773049165,583457350,world,cf231,-2.584306001663208,-1.616558313369751,0.9656416177749634
1773049165,583457350,world,cf231_leg,-2.584040403366089,-1.6211915016174316,0.9508131742477417
1773049165,587721887,world,cf231,-2.5845284461975098,-1.6166514158248901,0.9656771421432495
1773049165,587721887,world,cf231_leg,-2.5840179920196533,-1.6211254596710205,0.9508421421051025
1773049165,592743576,world,cf231,-2.5846991539001465,-1.6166906356811523,0.965666651725769
1773049165,592743576,world,cf231_leg,-2.58418607711792,-1.6211587190628052,0.9507887363433838
1773049165,597847511,world,cf231,-2.5849080085754395,-1.6167877912521362,0.9656444787979126
1773049165,597847511,world,cf231_leg,-2.584192991256714,-1.6212321519851685,0.9507420063018799
1773049165,602788087,world,cf231,-2.5851290225982666,-1.616885781288147,0.9657207727432251
1773049165,602788087,world,cf231_leg,-2.5842647552490234,-1.6211960315704346,0.9506711959838867
1773049165,607733236,world,cf231,-2.585214138031006,-1.6169610023498535,0.9656808376312256
1773049165,607733236,world,cf231_leg,-2.584362745285034,-1.6211504936218262,0.9507125616073608
1773049165,612845338,world,cf231,-2.5853259563446045,-1.617030143737793,0.9657772779464722
1773049165,612845338,world,cf231_leg,-2.5844101905822754,-1.6211631298065186,0.9506465196609497
1773049165,618550956,world,cf231,-2.5854361057281494,-1.6170563697814941,0.9657366275787354
1773049165,618550956,world,cf231_leg,-2.5844905376434326,-1.6212422847747803,0.9506620168685913
1773049165,622671483,world,cf231,-2.585644483566284,-1.617153525352478,0.9657144546508789
1773049165,622671483,world,cf231_leg,-2.5845394134521484,-1.6212564706802368,0.9505913257598877
1773049165,628604635,world,cf231,-2.585642099380493,-1.6171131134033203,0.96559739112854
1773049165,628604635,world,cf231_leg,-2.584623336791992,-1.621214509010315,0.9505800008773804
1773049165,632930715,world,cf231,-2.585808753967285,-1.617168664932251,0.9654273986816406
1773049165,632930715,world,cf231_leg,-2.5847792625427246,-1.621293306350708,0.9506057500839233
1773049165,637713180,world,cf231,-2.5858395099639893,-1.6172549724578857,0.9656342267990112
1773049165,637713180,world,cf231_leg,-2.584826946258545,-1.6213088035583496,0.9505541324615479
1773049165,642923484,world,cf231,-2.5860908031463623,-1.6173917055130005,0.9654614925384521
1773049165,642923484,world,cf231_leg,-2.584779739379883,-1.6211321353912354,0.9504649639129639
1773049165,647783977,world,cf231,-2.5862085819244385,-1.6173899173736572,0.9652014970779419
1773049165,647783977,world,cf231_leg,-2.584833860397339,-1.6212230920791626,0.950384259223938
1773049165,652747293,world,cf231,-2.586256265640259,-1.617408037185669,0.9651707410812378
1773049165,652747293,world,cf231_leg,-2.584953546524048,-1.621242880821228,0.9503990411758423
1773049165,657901226,world,cf231,-2.58634352684021,-1.6174821853637695,0.9651068449020386
1773049165,657901226,world,cf231_leg,-2.585062026977539,-1.6212663650512695,0.9503375291824341
1773049165,662859893,world,cf231,-2.5864412784576416,-1.6175519227981567,0.9651287794113159
1773049165,662859893,world,cf231_leg,-2.5850939750671387,-1.6212866306304932,0.9502537250518799
1773049165,668588648,world,cf231,-2.5863699913024902,-1.6175837516784668,0.9649175405502319
1773049165,668588648,world,cf231_leg,-2.585158348083496,-1.621335744857788,0.9503539800643921
1773049165,672705314,world,cf231,-2.5865564346313477,-1.6177388429641724,0.9649239778518677
1773049165,672705314,world,cf231_leg,-2.5851833820343018,-1.62127685546875,0.9500625133514404
1773049165,677839732,world,cf231,-2.5867018699645996,-1.61782705783844,0.9649145603179932
1773049165,677839732,world,cf231_leg,-2.5852906703948975,-1.6213020086288452,0.950019121170044
1773049165,682838606,world,cf231,-2.58674955368042,-1.6178417205810547,0.964867115020752
1773049165,682838606,world,cf231_leg,-2.5855491161346436,-1.621530532836914,0.9500640630722046
1773049165,687768717,world,cf231,-2.586683511734009,-1.6177921295166016,0.9647635221481323
1773049165,687768717,world,cf231_leg,-2.585481882095337,-1.6212852001190186,0.9499644041061401
1773049165,692787908,world,cf231,-2.5867674350738525,-1.6178724765777588,0.9647637605667114
1773049165,692787908,world,cf231_leg,-2.5856645107269287,-1.621471643447876,0.9500705003738403
1773049165,698801347,world,cf231,-2.586913585662842,-1.6179578304290771,0.9647347927093506
1773049165,698801347,world,cf231_leg,-2.5856235027313232,-1.621372938156128,0.9499679803848267
1773049165,702805516,world,cf231,-2.5869619846343994,-1.6179735660552979,0.9646843671798706
1773049165,702805516,world,cf231_leg,-2.5857858657836914,-1.6214452981948853,0.949895977973938
1773049165,707738180,world,cf231,-2.587019443511963,-1.6181079149246216,0.9647252559661865
1773049165,707738180,world,cf231_leg,-2.5858893394470215,-1.6214745044708252,0.9499107599258423
1773049165,712826406,world,cf231,-2.5871152877807617,-1.6181410551071167,0.9646457433700562
1773049165,712826406,world,cf231_leg,-2.5858800411224365,-1.6214724779129028,0.9497814178466797
1773049165,717740633,world,cf231,-2.5871739387512207,-1.618111252784729,0.9645390510559082
1773049165,717740633,world,cf231_leg,-2.5861196517944336,-1.621559739112854,0.9499950408935547
1773049165,722751052,world,cf231,-2.587172746658325,-1.6182281970977783,0.9645079374313354
1773049165,722751052,world,cf231_leg,-2.586066722869873,-1.6214168071746826,0.949633002281189
1773049165,727765215,world,cf231,-2.587343454360962,-1.6182674169540405,0.9644970893859863
1773049165,727765215,world,cf231_leg,-2.5861546993255615,-1.621530294418335,0.9496866464614868
1773049165,733162760,world,cf231,-2.587301731109619,-1.6182830333709717,0.9643423557281494
1773049165,733162760,world,cf231_leg,-2.586268901824951,-1.6215150356292725,0.9496420621871948
1773049165,737781054,world,cf231,-2.5872769355773926,-1.6183351278305054,0.9643614292144775
1773049165,737781054,world,cf231_leg,-2.5863218307495117,-1.6215652227401733,0.9496510028839111
1773049165,742573222,world,cf231,-2.5874221324920654,-1.6184262037277222,0.9643712043762207
1773049165,742573222,world,cf231_leg,-2.5863497257232666,-1.6215099096298218,0.9495725631713867
1773049165,748647548,world,cf231,-2.5873944759368896,-1.6184378862380981,0.96427321434021
1773049165,748647548,world,cf231_leg,-2.586440324783325,-1.621543526649475,0.9495317935943604
1773049165,752929233,world,cf231,-2.5875415802001953,-1.6185274124145508,0.9642593860626221
1773049165,752929233,world,cf231_leg,-2.5866024494171143,-1.6216158866882324,0.9494596719741821
1773049165,757551053,world,cf231,-2.587588310241699,-1.6185414791107178,0.9642138481140137
1773049165,757551053,world,cf231_leg,-2.5865533351898193,-1.6214425563812256,0.9494074583053589
1773049165,762887107,world,cf231,-2.5875449180603027,-1.6185616254806519,0.96410071849823
1773049165,762887107,world,cf231_leg,-2.586693525314331,-1.621647834777832,0.9494012594223022
1773049165,768364240,world,cf231,-2.5876195430755615,-1.6186856031417847,0.9641352891921997
1773049165,768364240,world,cf231_leg,-2.5867769718170166,-1.6216082572937012,0.9494063854217529
1773049165,772769016,world,cf231,-2.5876665115356445,-1.618699550628662,0.9640893936157227
1773049165,772769016,world,cf231_leg,-2.586731433868408,-1.621433138847351,0.9493120908737183
1773049165,777638825,world,cf231,-2.587601900100708,-1.618651270866394,0.9639825820922852
1773049165,777638825,world,cf231_leg,-2.586850643157959,-1.621569037437439,0.9492982625961304
1773049165,782590702,world,cf231,-2.587653160095215,-1.618704080581665,0.9640309810638428
1773049165,782590702,world,cf231_leg,-2.586948871612549,-1.6216375827789307,0.9492940902709961
1773049165,788624208,world,cf231,-2.58768630027771,-1.6187289953231812,0.9639626741409302
1773049165,788624208,world,cf231_leg,-2.587029457092285,-1.6215577125549316,0.9491852521896362
1773049165,792668983,world,cf231,-2.5876569747924805,-1.6187422275543213,0.9638880491256714
1773049165,792668983,world,cf231_leg,-2.5870468616485596,-1.6214303970336914,0.9491962194442749
1773049165,797576546,world,cf231,-2.587692975997925,-1.6188043355941772,0.9639185667037964
1773049165,797576546,world,cf231_leg,-2.5871973037719727,-1.6215906143188477,0.949133038520813
1773049165,802620751,world,cf231,-2.5877268314361572,-1.6188266277313232,0.9638304710388184
1773049165,802620751,world,cf231_leg,-2.5872371196746826,-1.6215293407440186,0.9491144418716431
1773049165,809483843,world,cf231,-2.5876917839050293,-1.6187589168548584,0.9637613296508789
1773049165,809483843,world,cf231_leg,-2.587247133255005,-1.621484398841858,0.9490571022033691
1773049165,812527986,world,cf231,-2.587677001953125,-1.6187684535980225,0.963742733001709
1773049165,812527986,world,cf231_leg,-2.587287187576294,-1.6215394735336304,0.9490092992782593
1773049165,818697567,world,cf231,-2.5877468585968018,-1.618852972984314,0.9636852741241455
1773049165,818697567,world,cf231_leg,-2.587306261062622,-1.6214958429336548,0.9490829706192017
1773049165,822805321,world,cf231,-2.5876612663269043,-1.6187773942947388,0.9637264013290405
1773049165,822805321,world,cf231_leg,-2.587369441986084,-1.6214988231658936,0.9490176439285278
1773049165,827680188,world,cf231,-2.5877068042755127,-1.618752121925354,0.9635604619979858
1773049165,827680188,world,cf231_leg,-2.587380886077881,-1.6214548349380493,0.948957085609436
1773049165,833013676,world,cf231,-2.5878188610076904,-1.6188184022903442,0.9636378288269043
1773049165,833013676,world,cf231_leg,-2.587428569793701,-1.6214652061462402,0.948874831199646
1773049165,837835962,world,cf231,-2.5877609252929688,-1.6186867952346802,0.9636162519454956
1773049165,837835962,world,cf231_leg,-2.587462902069092,-1.6212867498397827,0.9487292766571045
1773049165,842890309,world,cf231,-2.5877716541290283,-1.61864173412323,0.963558554649353
1773049165,842890309,world,cf231_leg,-2.5874898433685303,-1.6212780475616455,0.9488387107849121
1773049165,847938428,world,cf231,-2.587831497192383,-1.6187688112258911,0.9635382890701294
1773049165,847938428,world,cf231_leg,-2.5875191688537598,-1.6213008165359497,0.9487944841384888
1773049165,852843825,world,cf231,-2.587871551513672,-1.6187103986740112,0.9635553359985352
1773049165,852843825,world,cf231_leg,-2.587679862976074,-1.6212602853775024,0.9487876892089844
1773049165,857755242,world,cf231,-2.5878806114196777,-1.6186702251434326,0.9635387659072876
1773049165,857755242,world,cf231_leg,-2.587580919265747,-1.6211483478546143,0.9486411809921265
1773049165,863120840,world,cf231,-2.5878922939300537,-1.6186227798461914,0.9634602069854736
1773049165,863120840,world,cf231_leg,-2.5876541137695312,-1.6211538314819336,0.9487037658691406
1773049165,867965228,world,cf231,-2.587886095046997,-1.618544578552246,0.9634853601455688
1773049165,867965228,world,cf231_leg,-2.587728977203369,-1.6211581230163574,0.9487459659576416
1773049165,873038932,world,cf231,-2.58793306350708,-1.61856210231781,0.9634569883346558
1773049165,873038932,world,cf231_leg,-2.5877065658569336,-1.621044397354126,0.9485905170440674
1773049165,877875170,world,cf231,-2.5879104137420654,-1.618494987487793,0.9634863138198853
1773049165,877875170,world,cf231_leg,-2.5877649784088135,-1.6210582256317139,0.9486325979232788
1773049165,882602872,world,cf231,-2.5880203247070312,-1.6185210943222046,0.9634459018707275
1773049165,882602872,world,cf231_leg,-2.587921619415283,-1.6211402416229248,0.9486713409423828
1773049165,888685897,world,cf231,-2.588135004043579,-1.618468999862671,0.9635313749313354
1773049165,888685897,world,cf231_leg,-2.5878188610076904,-1.6208338737487793,0.9485446214675903
1773049165,892609108,world,cf231,-2.5881099700927734,-1.6183617115020752,0.9634435176849365
1773049165,892609108,world,cf231_leg,-2.5879228115081787,-1.6208635568618774,0.9485578536987305
1773049165,897712255,world,cf231,-2.5881874561309814,-1.6183608770370483,0.9634500741958618
1773049165,897712255,world,cf231_leg,-2.5879950523376465,-1.6209843158721924,0.9485939741134644
1773049165,902577187,world,cf231,-2.5881900787353516,-1.6182422637939453,0.9634585380554199
1773049165,902577187,world,cf231_leg,-2.5880556106567383,-1.6208757162094116,0.948614239692688
1773049165,907595881,world,cf231,-2.588263988494873,-1.6182059049606323,0.9633888006210327
1773049165,907595881,world,cf231_leg,-2.5880117416381836,-1.6206971406936646,0.948483943939209
1773049165,913632430,world,cf231,-2.5883660316467285,-1.618155598640442,0.9633957147598267
1773049165,913632430,world,cf231_leg,-2.588085651397705,-1.62058424949646,0.9485585689544678
1773049165,918052144,world,cf231,-2.588343620300293,-1.6180888414382935,0.9634242057800293
1773049165,918052144,world,cf231_leg,-2.5882368087768555,-1.6206262111663818,0.9485070705413818
1773049165,922603861,world,cf231,-2.5884480476379395,-1.6180788278579712,0.9635483026504517
1773049165,922603861,world,cf231_leg,-2.5882411003112793,-1.6205037832260132,0.9484614133834839
1773049165,928254906,world,cf231,-2.5885090827941895,-1.61809241771698,0.9635770320892334
1773049165,928254906,world,cf231_leg,-2.58833909034729,-1.6204581260681152,0.9485031366348267
1773049165,933574426,world,cf231,-2.5884625911712646,-1.6179132461547852,0.9634777307510376
1773049165,933574426,world,cf231_leg,-2.5884594917297363,-1.6204758882522583,0.9485006332397461
1773049165,938548431,world,cf231,-2.5884411334991455,-1.6178410053253174,0.9634671211242676
1773049165,938548431,world,cf231_leg,-2.588594675064087,-1.620374321937561,0.948577880859375
1773049165,942588549,world,cf231,-2.5885415077209473,-1.6177988052368164,0.9635330438613892
1773049165,942588549,world,cf231_leg,-2.588630437850952,-1.6202741861343384,0.9484657049179077
1773049165,947763652,world,cf231,-2.5886518955230713,-1.6178221702575684,0.9634734392166138
1773049165,947763652,world,cf231_leg,-2.588728666305542,-1.620226263999939,0.9484912157058716
1773049165,952652897,world,cf231,-2.588608503341675,-1.6176836490631104,0.9634901285171509
1773049165,952652897,world,cf231_leg,-2.5888726711273193,-1.6201972961425781,0.9485015869140625
1773049165,957697038,world,cf231,-2.588728427886963,-1.617667555809021,0.9634109735488892
1773049165,957697038,world,cf231_leg,-2.5888614654541016,-1.620082139968872,0.9484390020370483
1773049165,962674080,world,cf231,-2.5887746810913086,-1.6175285577774048,0.9635336399078369
1773049165,962674080,world,cf231_leg,-2.589036703109741,-1.6200811862945557,0.948636531829834
1773049165,967568697,world,cf231,-2.588778257369995,-1.6174079179763794,0.963520884513855
1773049165,967568697,world,cf231_leg,-2.5891036987304688,-1.6200026273727417,0.9484595060348511
1773049165,972804314,world,cf231,-2.5889170169830322,-1.6174204349517822,0.9635565280914307
1773049165,972804314,world,cf231_leg,-2.5891835689544678,-1.6198853254318237,0.9484535455703735
1773049165,977749154,world,cf231,-2.589115858078003,-1.6174489259719849,0.9636411666870117
1773049165,977749154,world,cf231_leg,-2.58921480178833,-1.6197909116744995,0.9484177827835083
1773049165,982640922,world,cf231,-2.5890958309173584,-1.617215633392334,0.9635013341903687
1773049165,982640922,world,cf231_leg,-2.5894148349761963,-1.6198526620864868,0.9485493898391724
1773049165,987785977,world,cf231,-2.58915376663208,-1.6170295476913452,0.9635446071624756
1773049165,987785977,world,cf231_leg,-2.5895607471466064,-1.6197041273117065,0.9485526084899902
1773049165,992878154,world,cf231,-2.58921480178833,-1.617042899131775,0.9635740518569946
1773049165,992878154,world,cf231_leg,-2.589571475982666,-1.619659662246704,0.948493242263794
1773049165,999417692,world,cf231,-2.5893428325653076,-1.6169415712356567,0.9635591506958008
1773049165,999417692,world,cf231_leg,-2.589695692062378,-1.6195570230484009,0.9484626054763794
1773049166,2819731,world,cf231,-2.5893876552581787,-1.6167601346969604,0.963543176651001
1773049166,2819731,world,cf231_leg,-2.589829444885254,-1.6195703744888306,0.9485149383544922
1773049166,7753810,world,cf231,-2.5895094871520996,-1.6167837381362915,0.9635833501815796
1773049166,7753810,world,cf231_leg,-2.5898327827453613,-1.619451880455017,0.9485039710998535
1773049166,12869385,world,cf231,-2.5895700454711914,-1.6165934801101685,0.9635837078094482
1773049166,12869385,world,cf231_leg,-2.589977264404297,-1.6194207668304443,0.9484977722167969
1773049166,17874650,world,cf231,-2.5896317958831787,-1.6164450645446777,0.9634854793548584
1773049166,17874650,world,cf231_leg,-2.590043306350708,-1.6193500757217407,0.9485915899276733
1773049166,22713940,world,cf231,-2.5897321701049805,-1.6163997650146484,0.9635331630706787
1773049166,22713940,world,cf231_leg,-2.590191125869751,-1.619200587272644,0.9485741853713989
1773049166,27728118,world,cf231,-2.589740514755249,-1.6161555051803589,0.9634888172149658
1773049166,27728118,world,cf231_leg,-2.5902516841888428,-1.619208574295044,0.9485636949539185
1773049166,32595188,world,cf231,-2.589829444885254,-1.616109848022461,0.9634369611740112
1773049166,32595188,world,cf231_leg,-2.5903656482696533,-1.619153618812561,0.9486054182052612
1773049166,37697047,world,cf231,-2.5899298191070557,-1.6160646677017212,0.9634840488433838
1773049166,37697047,world,cf231_leg,-2.5905466079711914,-1.6190656423568726,0.9486382007598877
1773049166,42663111,world,cf231,-2.5900633335113525,-1.6158851385116577,0.963594913482666
1773049166,42663111,world,cf231_leg,-2.5905959606170654,-1.618963599205017,0.9485963582992554
1773049166,47830214,world,cf231,-2.590027093887329,-1.6156631708145142,0.9634588956832886
1773049166,47830214,world,cf231_leg,-2.59060001373291,-1.61884605884552,0.9485822916030884
1773049166,52885859,world,cf231,-2.5902292728424072,-1.6155710220336914,0.9637700319290161
1773049166,52885859,world,cf231_leg,-2.590852975845337,-1.618878722190857,0.9486516714096069
1773049166,58613371,world,cf231,-2.590385675430298,-1.6154589653015137,0.9638501405715942
1773049166,58613371,world,cf231_leg,-2.5908939838409424,-1.6186985969543457,0.9484231472015381
1773049166,62726947,world,cf231,-2.5904109477996826,-1.6152477264404297,0.9637237787246704
1773049166,62726947,world,cf231_leg,-2.59101939201355,-1.6185942888259888,0.9483736753463745
1773049166,68608105,world,cf231,-2.5904784202575684,-1.615018367767334,0.963732123374939
1773049166,68608105,world,cf231_leg,-2.5911741256713867,-1.6186778545379639,0.9484318494796753
1773049166,72726682,world,cf231,-2.5904831886291504,-1.6147325038909912,0.9635742902755737
1773049166,72726682,world,cf231_leg,-2.591275691986084,-1.6183521747589111,0.9483240842819214
1773049166,77645270,world,cf231,-2.590757131576538,-1.614770770072937,0.9637453556060791
1773049166,77645270,world,cf231_leg,-2.5914993286132812,-1.6182090044021606,0.9485673904418945
1773049166,82690984,world,cf231,-2.590994358062744,-1.6146948337554932,0.9636926651000977
1773049166,82690984,world,cf231_leg,-2.591646432876587,-1.6182180643081665,0.9486747980117798
1773049166,87720567,world,cf231,-2.5911011695861816,-1.6145243644714355,0.9636858701705933
1773049166,87720567,world,cf231_leg,-2.5918328762054443,-1.6180084943771362,0.9486594200134277
1773049166,92707899,world,cf231,-2.5913000106811523,-1.6143938302993774,0.9636636972427368
1773049166,92707899,world,cf231_leg,-2.59206223487854,-1.6179367303848267,0.9486386775970459
1773049166,97557342,world,cf231,-2.591566562652588,-1.614304780960083,0.9636853933334351
1773049166,97557342,world,cf231_leg,-2.592207908630371,-1.6179044246673584,0.9486125707626343
1773049166,102853544,world,cf231,-2.5917060375213623,-1.6141587495803833,0.9636121988296509
1773049166,102853544,world,cf231_leg,-2.5922064781188965,-1.6177494525909424,0.9487482309341431
1773049166,107646425,world,cf231,-2.5918478965759277,-1.6138938665390015,0.9635485410690308
1773049166,107646425,world,cf231_leg,-2.592433214187622,-1.6176375150680542,0.9486137628555298
1773049166,113779453,world,cf231,-2.5919389724731445,-1.6137322187423706,0.963525652885437
1773049166,113779453,world,cf231_leg,-2.592533826828003,-1.6174730062484741,0.9486465454101562
1773049166,117644222,world,cf231,-2.592129707336426,-1.613639235496521,0.963499903678894
1773049166,117644222,world,cf231_leg,-2.5925350189208984,-1.617471694946289,0.9486271142959595
1773049166,122698175,world,cf231,-2.592261552810669,-1.6134167909622192,0.9634743928909302
1773049166,122698175,world,cf231_leg,-2.5927164554595947,-1.6172282695770264,0.9487738609313965
1773049166,127866335,world,cf231,-2.592417001724243,-1.6132593154907227,0.9633978605270386
1773049166,127866335,world,cf231_leg,-2.5928406715393066,-1.6171282529830933,0.948758602142334
1773049166,132647888,world,cf231,-2.592543840408325,-1.6131598949432373,0.9634048938751221
1773049166,132647888,world,cf231_leg,-2.5929505825042725,-1.6171964406967163,0.9488438367843628
1773049166,137757134,world,cf231,-2.5927467346191406,-1.6130199432373047,0.963300347328186
1773049166,137757134,world,cf231_leg,-2.593038558959961,-1.6170289516448975,0.9487740993499756
1773049166,142888262,world,cf231,-2.5929081439971924,-1.6128292083740234,0.963508129119873
1773049166,142888262,world,cf231_leg,-2.5931613445281982,-1.6168133020401,0.9488104581832886
1773049166,148508608,world,cf231,-2.5930910110473633,-1.6126623153686523,0.9633116722106934
1773049166,148508608,world,cf231_leg,-2.5932252407073975,-1.6167055368423462,0.948804497718811
1773049166,152843033,world,cf231,-2.5933854579925537,-1.6124032735824585,0.9635611772537231
1773049166,152843033,world,cf231_leg,-2.5933103561401367,-1.6166598796844482,0.948758602142334
1773049166,157937506,world,cf231,-2.593696117401123,-1.612342119216919,0.9636355638504028
1773049166,157937506,world,cf231_leg,-2.593465566635132,-1.6166269779205322,0.9488469362258911
1773049166,162816070,world,cf231,-2.593916893005371,-1.612119197845459,0.963716983795166
1773049166,162816070,world,cf231_leg,-2.593616247177124,-1.6164723634719849,0.9487752914428711
1773049166,168612950,world,cf231,-2.5942366123199463,-1.6119701862335205,0.9638348817825317
1773049166,168612950,world,cf231_leg,-2.593763828277588,-1.6164796352386475,0.9488654136657715
1773049166,172765275,world,cf231,-2.5945510864257812,-1.6118996143341064,0.9638264179229736
1773049166,172765275,world,cf231_leg,-2.5939669609069824,-1.6164600849151611,0.9488855600357056
1773049166,177765339,world,cf231,-2.594712734222412,-1.611759901046753,0.9639924764633179
1773049166,177765339,world,cf231_leg,-2.5942530632019043,-1.6163610219955444,0.9489978551864624
1773049166,183493466,world,cf231,-2.5949065685272217,-1.6115485429763794,0.9639755487442017
1773049166,183493466,world,cf231_leg,-2.594373941421509,-1.6163796186447144,0.9489933252334595
1773049166,188699626,world,cf231,-2.5950489044189453,-1.6114403009414673,0.9640001058578491
1773049166,188699626,world,cf231_leg,-2.5945687294006348,-1.6162904500961304,0.9490946531295776
1773049166,192827611,world,cf231,-2.5952305793762207,-1.6112761497497559,0.9640624523162842
1773049166,192827611,world,cf231_leg,-2.5947248935699463,-1.6163698434829712,0.9491187334060669
1773049166,198534269,world,cf231,-2.595475196838379,-1.6112263202667236,0.9640039205551147
1773049166,198534269,world,cf231_leg,-2.5949087142944336,-1.616282343864441,0.9491267204284668
1773049166,203582044,world,cf231,-2.595659017562866,-1.6111562252044678,0.9641603231430054
1773049166,203582044,world,cf231_leg,-2.594970703125,-1.6161776781082153,0.9491585493087769
1773049166,207820491,world,cf231,-2.595820665359497,-1.6110230684280396,0.9640824794769287
1773049166,207820491,world,cf231_leg,-2.595188856124878,-1.6162643432617188,0.949150800704956
1773049166,213750852,world,cf231,-2.596116065979004,-1.6108036041259766,0.9644529819488525
1773049166,213750852,world,cf231_leg,-2.5953354835510254,-1.6161161661148071,0.9491537809371948
1773049166,217616130,world,cf231,-2.596468925476074,-1.610938310623169,0.9647424221038818
1773049166,217616130,world,cf231_leg,-2.595470666885376,-1.61613130569458,0.9492009878158569
1773049166,222613499,world,cf231,-2.596646785736084,-1.6105921268463135,0.9644163846969604
1773049166,222613499,world,cf231_leg,-2.595574140548706,-1.6160049438476562,0.9493308067321777
1773049166,227804342,world,cf231,-2.5968472957611084,-1.6105114221572876,0.964566707611084
1773049166,227804342,world,cf231_leg,-2.5957541465759277,-1.6160352230072021,0.9493516683578491
1773049166,232634623,world,cf231,-2.5970590114593506,-1.6104873418807983,0.9645347595214844
1773049166,232634623,world,cf231_leg,-2.5958304405212402,-1.6159223318099976,0.9494037628173828
1773049166,237704676,world,cf231,-2.5972251892089844,-1.6103354692459106,0.9645986557006836
1773049166,237704676,world,cf231_leg,-2.595951557159424,-1.6159409284591675,0.9493991136550903
1773049166,242785948,world,cf231,-2.597513198852539,-1.6103191375732422,0.9646306037902832
1773049166,242785948,world,cf231_leg,-2.596041440963745,-1.615823745727539,0.9495056867599487
1773049166,248625231,world,cf231,-2.597820520401001,-1.6103767156600952,0.9646955728530884
1773049166,248625231,world,cf231_leg,-2.596165180206299,-1.6157258749008179,0.9495075941085815
1773049166,252824716,world,cf231,-2.597851514816284,-1.610198974609375,0.9646244049072266
1773049166,252824716,world,cf231_leg,-2.596238374710083,-1.6157290935516357,0.9495540857315063
1773049166,258966463,world,cf231,-2.598055601119995,-1.6101051568984985,0.9646756649017334
1773049166,258966463,world,cf231_leg,-2.596370220184326,-1.6158626079559326,0.9496119022369385
1773049166,262757012,world,cf231,-2.5981404781341553,-1.610068440437317,0.9647082090377808
1773049166,262757012,world,cf231_leg,-2.596386194229126,-1.61558198928833,0.9495534896850586
1773049166,269042991,world,cf231,-2.5983664989471436,-1.6100411415100098,0.9647315740585327
1773049166,269042991,world,cf231_leg,-2.5965347290039062,-1.615587830543518,0.9496241807937622
1773049166,272958080,world,cf231,-2.5985443592071533,-1.609998345375061,0.9648045301437378
1773049166,272958080,world,cf231_leg,-2.596717357635498,-1.6156611442565918,0.9497731924057007
1773049166,278358628,world,cf231,-2.598684072494507,-1.6098973751068115,0.964890718460083
1773049166,278358628,world,cf231_leg,-2.5968174934387207,-1.6156102418899536,0.9497619867324829
1773049166,282734349,world,cf231,-2.5988097190856934,-1.6099120378494263,0.9648478031158447
1773049166,282734349,world,cf231_leg,-2.5969316959381104,-1.6154416799545288,0.949849009513855
1773049166,287944475,world,cf231,-2.5989949703216553,-1.6099450588226318,0.9648743867874146
1773049166,287944475,world,cf231_leg,-2.5969412326812744,-1.6153960227966309,0.9497942924499512
1773049166,292632873,world,cf231,-2.5990424156188965,-1.609804391860962,0.9649753570556641
1773049166,292632873,world,cf231_leg,-2.5972516536712646,-1.6155611276626587,0.949892520904541
1773049166,297753747,world,cf231,-2.5992467403411865,-1.6099110841751099,0.9650360345840454
1773049166,297753747,world,cf231_leg,-2.597353935241699,-1.615393042564392,0.94989013671875
1773049166,302708878,world,cf231,-2.599273443222046,-1.609857439994812,0.9649949073791504
1773049166,302708878,world,cf231_leg,-2.5974676609039307,-1.615344762802124,0.9501831531524658
1773049166,307885209,world,cf231,-2.5994884967803955,-1.6099200248718262,0.9652339220046997
1773049166,307885209,world,cf231_leg,-2.5976133346557617,-1.615355372428894,0.9503098726272583
1773049166,312711162,world,cf231,-2.599555730819702,-1.6098052263259888,0.9651913642883301
1773049166,312711162,world,cf231_leg,-2.5977203845977783,-1.6153777837753296,0.9502520561218262
1773049166,319546002,world,cf231,-2.5997800827026367,-1.6097792387008667,0.9652379751205444
1773049166,319546002,world,cf231_leg,-2.5978846549987793,-1.6152622699737549,0.9503860473632812
1773049166,322856541,world,cf231,-2.5999526977539062,-1.6098594665527344,0.9653434753417969
1773049166,322856541,world,cf231_leg,-2.597909450531006,-1.615211009979248,0.9503666162490845
1773049166,327678493,world,cf231,-2.6000607013702393,-1.6098908185958862,0.965343713760376
1773049166,327678493,world,cf231_leg,-2.59820294380188,-1.6153464317321777,0.9505491256713867
1773049166,332691585,world,cf231,-2.6002495288848877,-1.6099594831466675,0.9654462337493896
1773049166,332691585,world,cf231_leg,-2.598243236541748,-1.6151740550994873,0.9505922794342041
1773049166,337899931,world,cf231,-2.6003873348236084,-1.6099716424942017,0.965483546257019
1773049166,337899931,world,cf231_leg,-2.5982913970947266,-1.6151845455169678,0.9505094289779663
1773049166,342863185,world,cf231,-2.6006197929382324,-1.610022783279419,0.9654803276062012
1773049166,342863185,world,cf231_leg,-2.598449468612671,-1.6151496171951294,0.9505572319030762
1773049166,348620767,world,cf231,-2.600663185119629,-1.6099995374679565,0.9655758142471313
1773049166,348620767,world,cf231_leg,-2.598586320877075,-1.6152070760726929,0.9507343769073486
1773049166,352668541,world,cf231,-2.6007847785949707,-1.610026478767395,0.9656341075897217
1773049166,352668541,world,cf231_leg,-2.5987308025360107,-1.6151738166809082,0.9507125616073608
1773049166,358431827,world,cf231,-2.600923776626587,-1.6100367307662964,0.9656497240066528
1773049166,358431827,world,cf231_leg,-2.5988667011260986,-1.615187168121338,0.9507418870925903
1773049166,362598304,world,cf231,-2.600942850112915,-1.6101133823394775,0.9657021760940552
1773049166,362598304,world,cf231_leg,-2.5988969802856445,-1.6152145862579346,0.9509305953979492
1773049166,367838759,world,cf231,-2.601095676422119,-1.6101195812225342,0.9657747745513916
1773049166,367838759,world,cf231_leg,-2.5989596843719482,-1.615065097808838,0.9507932662963867
1773049166,372735144,world,cf231,-2.601158380508423,-1.610128402709961,0.9657629728317261
1773049166,372735144,world,cf231_leg,-2.5990564823150635,-1.6151785850524902,0.9509581327438354
1773049166,377737286,world,cf231,-2.6012556552886963,-1.6102017164230347,0.9658017158508301
1773049166,377737286,world,cf231_leg,-2.5992929935455322,-1.61533522605896,0.9509797096252441
1773049166,382690593,world,cf231,-2.6014387607574463,-1.6103962659835815,0.9659556150436401
1773049166,382690593,world,cf231_leg,-2.5992770195007324,-1.6151484251022339,0.9509586095809937
1773049166,388552189,world,cf231,-2.601396322250366,-1.610413670539856,0.9658225774765015
1773049166,388552189,world,cf231_leg,-2.599372148513794,-1.6152223348617554,0.9510078430175781
1773049166,392639750,world,cf231,-2.601499557495117,-1.6103614568710327,0.9658088684082031
1773049166,392639750,world,cf231_leg,-2.5993950366973877,-1.6151721477508545,0.9510087966918945
1773049166,397662770,world,cf231,-2.6016321182250977,-1.6105031967163086,0.9659143686294556
1773049166,397662770,world,cf231_leg,-2.5996181964874268,-1.6153788566589355,0.9511419534683228
1773049166,403689115,world,cf231,-2.6015946865081787,-1.6104426383972168,0.9659072160720825
1773049166,403689115,world,cf231_leg,-2.5996382236480713,-1.6152513027191162,0.9511308670043945
1773049166,407864591,world,cf231,-2.601764678955078,-1.6106382608413696,0.9659842252731323
1773049166,407864591,world,cf231_leg,-2.5996499061584473,-1.615204930305481,0.9510543346405029
1773049166,412678747,world,cf231,-2.6018006801605225,-1.610697865486145,0.9659944772720337
1773049166,412678747,world,cf231_leg,-2.599745750427246,-1.6153202056884766,0.9512369632720947
1773049166,418720719,world,cf231,-2.601813554763794,-1.6106511354446411,0.9659147262573242
1773049166,418720719,world,cf231_leg,-2.5997979640960693,-1.61521315574646,0.9511412382125854
1773049166,422840220,world,cf231,-2.6020102500915527,-1.6107934713363647,0.965949535369873
1773049166,422840220,world,cf231_leg,-2.599848747253418,-1.615269422531128,0.951201319694519
1773049166,427609386,world,cf231,-2.602005958557129,-1.6109192371368408,0.9657629728317261
1773049166,427609386,world,cf231_leg,-2.599820375442505,-1.6151624917984009,0.951143741607666
1773049166,432669854,world,cf231,-2.6020185947418213,-1.6109118461608887,0.9660407304763794
1773049166,432669854,world,cf231_leg,-2.5999937057495117,-1.6152770519256592,0.9513139724731445
1773049166,437767181,world,cf231,-2.602163076400757,-1.6111167669296265,0.9657609462738037
1773049166,437767181,world,cf231_leg,-2.6000661849975586,-1.615238904953003,0.9512273073196411
1773049166,442758357,world,cf231,-2.6021015644073486,-1.6109471321105957,0.9658828973770142
1773049166,442758357,world,cf231_leg,-2.599942207336426,-1.6151795387268066,0.9511202573776245
1773049166,447814317,world,cf231,-2.6022140979766846,-1.611125111579895,0.9656494855880737
1773049166,447814317,world,cf231_leg,-2.600017547607422,-1.6151845455169678,0.9511606693267822
1773049166,452648111,world,cf231,-2.6022632122039795,-1.6111829280853271,0.9657379388809204
1773049166,452648111,world,cf231_leg,-2.600064754486084,-1.6152429580688477,0.9512614011764526
1773049166,457542423,world,cf231,-2.6022839546203613,-1.6112548112869263,0.9657492637634277
1773049166,457542423,world,cf231_leg,-2.6001436710357666,-1.6152777671813965,0.9511289596557617
1773049166,462774733,world,cf231,-2.6023447513580322,-1.6113765239715576,0.9656888246536255
1773049166,462774733,world,cf231_leg,-2.6001574993133545,-1.6152738332748413,0.9511829614639282
1773049166,467644297,world,cf231,-2.602512836456299,-1.6115772724151611,0.9658058881759644
1773049166,467644297,world,cf231_leg,-2.600281238555908,-1.6153331995010376,0.9512895345687866
1773049166,472655708,world,cf231,-2.6024012565612793,-1.611507534980774,0.965711236000061
1773049166,472655708,world,cf231_leg,-2.6002838611602783,-1.6152139902114868,0.9512821435928345
1773049166,478507075,world,cf231,-2.6024982929229736,-1.6115837097167969,0.9657689332962036
1773049166,478507075,world,cf231_leg,-2.6003808975219727,-1.6152844429016113,0.9512948989868164
1773049166,482792425,world,cf231,-2.602593183517456,-1.611772894859314,0.9657777547836304
1773049166,482792425,world,cf231_leg,-2.600400447845459,-1.6153504848480225,0.9512892961502075
1773049166,487759534,world,cf231,-2.6025190353393555,-1.611763834953308,0.9656904935836792
1773049166,487759534,world,cf231_leg,-2.6004157066345215,-1.6151883602142334,0.9512178897857666
1773049166,493613942,world,cf231,-2.602691173553467,-1.6118435859680176,0.9657965898513794
1773049166,493613942,world,cf231_leg,-2.6004154682159424,-1.6151878833770752,0.9512194395065308
1773049166,497848603,world,cf231,-2.6026694774627686,-1.6118857860565186,0.9657341241836548
1773049166,497848603,world,cf231_leg,-2.6004831790924072,-1.615429401397705,0.9512810707092285
1773049166,503688703,world,cf231,-2.602623462677002,-1.6119579076766968,0.9658405780792236
1773049166,503688703,world,cf231_leg,-2.6004772186279297,-1.6151974201202393,0.9512044191360474
1773049166,507813753,world,cf231,-2.6026368141174316,-1.6120615005493164,0.9658104181289673
1773049166,507813753,world,cf231_leg,-2.600491523742676,-1.6151862144470215,0.9512102603912354
1773049166,512689426,world,cf231,-2.6027464866638184,-1.6120879650115967,0.9657691717147827
1773049166,512689426,world,cf231_leg,-2.600511312484741,-1.6152573823928833,0.9512351751327515
1773049166,517801376,world,cf231,-2.602787971496582,-1.6121296882629395,0.965639591217041
1773049166,517801376,world,cf231_leg,-2.6005566120147705,-1.615273118019104,0.9512069225311279
1773049166,523626247,world,cf231,-2.602811574935913,-1.6121975183486938,0.9656072854995728
1773049166,523626247,world,cf231_leg,-2.600689172744751,-1.615288496017456,0.9512771368026733
1773049166,528001043,world,cf231,-2.602708578109741,-1.6121416091918945,0.9657100439071655
1773049166,528001043,world,cf231_leg,-2.600632667541504,-1.615276575088501,0.9512288570404053
1773049166,532742877,world,cf231,-2.602717638015747,-1.612206220626831,0.9655870199203491
1773049166,532742877,world,cf231_leg,-2.6006765365600586,-1.6152933835983276,0.9512206315994263
1773049166,537679357,world,cf231,-2.602797031402588,-1.6122040748596191,0.9655697345733643
1773049166,537679357,world,cf231_leg,-2.600762367248535,-1.6152511835098267,0.9511878490447998
1773049166,542749879,world,cf231,-2.6028804779052734,-1.6123228073120117,0.9656920433044434
1773049166,542749879,world,cf231_leg,-2.6007399559020996,-1.615185260772705,0.9512168169021606
1773049166,547823637,world,cf231,-2.6027705669403076,-1.6122546195983887,0.965592622756958
1773049166,547823637,world,cf231_leg,-2.600794792175293,-1.6153150796890259,0.9512538909912109
1773049166,552883699,world,cf231,-2.6028683185577393,-1.6123319864273071,0.965646505355835
1773049166,552883699,world,cf231_leg,-2.6007864475250244,-1.6151971817016602,0.9511535167694092
1773049166,557862749,world,cf231,-2.6028404235839844,-1.6123425960540771,0.9655517339706421
1773049166,557862749,world,cf231_leg,-2.6008105278015137,-1.6151479482650757,0.9511512517929077
1773049166,562817252,world,cf231,-2.6028521060943604,-1.612339973449707,0.9656327962875366
1773049166,562817252,world,cf231_leg,-2.6008005142211914,-1.615193486213684,0.9512064456939697
1773049166,567726169,world,cf231,-2.6028685569763184,-1.6123290061950684,0.9656282663345337
1773049166,567726169,world,cf231_leg,-2.6009392738342285,-1.615281581878662,0.9512321949005127
1773049166,573633323,world,cf231,-2.602818250656128,-1.6122797727584839,0.9655967950820923
1773049166,573633323,world,cf231_leg,-2.6009938716888428,-1.6150574684143066,0.9511458873748779
1773049166,577762943,world,cf231,-2.6027350425720215,-1.6121927499771118,0.9655618667602539
1773049166,577762943,world,cf231_leg,-2.600969076156616,-1.6151111125946045,0.9511812925338745
1773049166,582760548,world,cf231,-2.6028783321380615,-1.612404227256775,0.965556263923645
1773049166,582760548,world,cf231_leg,-2.6009914875030518,-1.6151742935180664,0.9511373043060303
1773049166,587752261,world,cf231,-2.602839946746826,-1.612345576286316,0.9655706882476807
1773049166,587752261,world,cf231_leg,-2.6010866165161133,-1.6150884628295898,0.9510666131973267
1773049166,592734827,world,cf231,-2.602756977081299,-1.612262487411499,0.9655516147613525
1773049166,592734827,world,cf231_leg,-2.601015567779541,-1.6151227951049805,0.9511188268661499
1773049166,597795395,world,cf231,-2.6028051376342773,-1.612277626991272,0.9655026197433472
1773049166,597795395,world,cf231_leg,-2.6010515689849854,-1.6150250434875488,0.9510236978530884
1773049166,602874122,world,cf231,-2.6027088165283203,-1.6122018098831177,0.9654440879821777
1773049166,602874122,world,cf231_leg,-2.601100444793701,-1.6150823831558228,0.951103687286377
1773049166,607746266,world,cf231,-2.602708578109741,-1.612208366394043,0.9654797315597534
1773049166,607746266,world,cf231_leg,-2.601125717163086,-1.6150290966033936,0.9510669708251953
1773049166,612852929,world,cf231,-2.6027963161468506,-1.6123250722885132,0.9655526876449585
1773049166,612852929,world,cf231_leg,-2.601148843765259,-1.6149791479110718,0.9510670900344849
1773049166,618678152,world,cf231,-2.6026365756988525,-1.612121343612671,0.9655451774597168
1773049166,618678152,world,cf231_leg,-2.6012425422668457,-1.6150516271591187,0.9511210918426514
1773049166,622726720,world,cf231,-2.602616786956787,-1.6120505332946777,0.9655311107635498
1773049166,622726720,world,cf231_leg,-2.601297378540039,-1.6149873733520508,0.9511535167694092
1773049166,628731742,world,cf231,-2.602644920349121,-1.6120903491973877,0.965584397315979
1773049166,628731742,world,cf231_leg,-2.601245880126953,-1.6149355173110962,0.9511269330978394
1773049166,632936508,world,cf231,-2.602574110031128,-1.6120715141296387,0.965415358543396
1773049166,632936508,world,cf231_leg,-2.6013643741607666,-1.6150712966918945,0.9511127471923828
1773049166,637792711,world,cf231,-2.6025278568267822,-1.6120576858520508,0.965459942817688
1773049166,637792711,world,cf231_leg,-2.6013693809509277,-1.6148350238800049,0.9511144161224365
1773049166,643617277,world,cf231,-2.602400779724121,-1.6119303703308105,0.9655784368515015
1773049166,643617277,world,cf231_leg,-2.6013424396514893,-1.6148433685302734,0.9510058164596558
1773049166,648710216,world,cf231,-2.602477550506592,-1.612036943435669,0.9654980897903442
1773049166,648710216,world,cf231_leg,-2.601416826248169,-1.6148451566696167,0.9510331153869629
1773049166,653043090,world,cf231,-2.6022801399230957,-1.6119041442871094,0.9655178785324097
1773049166,653043090,world,cf231_leg,-2.601524591445923,-1.6149166822433472,0.9511542320251465
1773049166,658775191,world,cf231,-2.6022558212280273,-1.6118420362472534,0.9655884504318237
1773049166,658775191,world,cf231_leg,-2.6014201641082764,-1.6147264242172241,0.9510239362716675
1773049166,662809197,world,cf231,-2.602268934249878,-1.6117925643920898,0.9654889106750488
1773049166,662809197,world,cf231_leg,-2.6015162467956543,-1.6147987842559814,0.9510543346405029
1773049166,667849503,world,cf231,-2.6022098064422607,-1.6116656064987183,0.9655096530914307
1773049166,667849503,world,cf231_leg,-2.6015708446502686,-1.6149333715438843,0.9511231184005737
1773049166,673449229,world,cf231,-2.6021618843078613,-1.6116504669189453,0.965558648109436
1773049166,673449229,world,cf231_leg,-2.6015665531158447,-1.6146950721740723,0.9509955644607544
1773049166,678569651,world,cf231,-2.6021769046783447,-1.611641526222229,0.9655758142471313
1773049166,678569651,world,cf231_leg,-2.6015782356262207,-1.6146918535232544,0.9510706663131714
1773049166,682692746,world,cf231,-2.601969003677368,-1.6113457679748535,0.9653720855712891
1773049166,682692746,world,cf231_leg,-2.6015737056732178,-1.6146546602249146,0.9509950876235962
1773049166,689013341,world,cf231,-2.602034330368042,-1.6112840175628662,0.9655463695526123
1773049166,689013341,world,cf231_leg,-2.601628065109253,-1.614587664604187,0.9510135650634766
1773049166,692806807,world,cf231,-2.60210919380188,-1.6112456321716309,0.9654560089111328
1773049166,692806807,world,cf231_leg,-2.601699113845825,-1.6145964860916138,0.9511126279830933
1773049166,697814052,world,cf231,-2.602097272872925,-1.6112929582595825,0.9655338525772095
1773049166,697814052,world,cf231_leg,-2.601686477661133,-1.614601492881775,0.9510555267333984
1773049166,703866090,world,cf231,-2.6021013259887695,-1.6111689805984497,0.96550452709198
1773049166,703866090,world,cf231_leg,-2.601686477661133,-1.614601492881775,0.9510555267333984
1773049166,707831859,world,cf231,-2.602041244506836,-1.611003041267395,0.9654045104980469
1773049166,707831859,world,cf231_leg,-2.601749897003174,-1.6144931316375732,0.9510524272918701
1773049166,713656433,world,cf231,-2.6020572185516357,-1.6108795404434204,0.9654743671417236
1773049166,713656433,world,cf231_leg,-2.60172438621521,-1.614383578300476,0.9509562253952026
1773049166,717974565,world,cf231,-2.602008104324341,-1.6108216047286987,0.965385913848877
1773049166,717974565,world,cf231_leg,-2.6018078327178955,-1.614506721496582,0.9510960578918457
1773049166,722743163,world,cf231,-2.601985454559326,-1.610754370689392,0.965416431427002
1773049166,722743163,world,cf231_leg,-2.60196852684021,-1.6144639253616333,0.9510741233825684
1773049166,727865196,world,cf231,-2.6020243167877197,-1.6106985807418823,0.9654544591903687
1773049166,727865196,world,cf231_leg,-2.601954936981201,-1.6144708395004272,0.9510349035263062
1773049166,732648256,world,cf231,-2.6021018028259277,-1.6105424165725708,0.9656103849411011
1773049166,732648256,world,cf231_leg,-2.601910352706909,-1.614293098449707,0.9509271383285522
1773049166,737691129,world,cf231,-2.602116346359253,-1.6105358600616455,0.9656472206115723
1773049166,737691129,world,cf231_leg,-2.6019439697265625,-1.6143579483032227,0.9509899616241455
1773049166,743577521,world,cf231,-2.6020686626434326,-1.6103641986846924,0.9656094312667847
1773049166,743577521,world,cf231_leg,-2.60217547416687,-1.614440679550171,0.9510358572006226
1773049166,747767470,world,cf231,-2.602100133895874,-1.6102322340011597,0.9656951427459717
1773049166,747767470,world,cf231_leg,-2.6020164489746094,-1.6142059564590454,0.9509495496749878
1773049166,753004912,world,cf231,-2.6021008491516113,-1.610232949256897,0.9656931161880493
1773049166,753004912,world,cf231_leg,-2.602039337158203,-1.6142669916152954,0.9508888721466064
1773049166,757724973,world,cf231,-2.602160692214966,-1.6102453470230103,0.9657254219055176
1773049166,757724973,world,cf231_leg,-2.6020517349243164,-1.6142213344573975,0.9508101940155029
1773049166,763031152,world,cf231,-2.6022167205810547,-1.610175609588623,0.9657398462295532
1773049166,763031152,world,cf231_leg,-2.602152109146118,-1.6142163276672363,0.9509648084640503
1773049166,767784621,world,cf231,-2.602205991744995,-1.6100642681121826,0.9657102823257446
1773049166,767784621,world,cf231_leg,-2.6021878719329834,-1.6141183376312256,0.9508703947067261
1773049166,772762916,world,cf231,-2.60225510597229,-1.610077142715454,0.9656404256820679
1773049166,772762916,world,cf231_leg,-2.6021862030029297,-1.6141220331192017,0.9509060382843018
1773049166,777650112,world,cf231,-2.60223650932312,-1.6098893880844116,0.9656589031219482
1773049166,777650112,world,cf231_leg,-2.6022136211395264,-1.6140657663345337,0.950831413269043
1773049166,782668009,world,cf231,-2.602302074432373,-1.6098910570144653,0.9655849933624268
1773049166,782668009,world,cf231_leg,-2.6023337841033936,-1.6140838861465454,0.9508286714553833
1773049166,787955647,world,cf231,-2.6023528575897217,-1.6097908020019531,0.9655642509460449
1773049166,787955647,world,cf231_leg,-2.6023471355438232,-1.6140820980072021,0.9508986473083496
1773049166,792655682,world,cf231,-2.6024422645568848,-1.6097877025604248,0.9656509160995483
1773049166,792655682,world,cf231_leg,-2.6023731231689453,-1.6140273809432983,0.9508432149887085
1773049166,797756105,world,cf231,-2.6024796962738037,-1.609736680984497,0.9657299518585205
1773049166,797756105,world,cf231_leg,-2.6023330688476562,-1.6139261722564697,0.9507263898849487
1773049166,802916274,world,cf231,-2.6025145053863525,-1.609756350517273,0.9656224250793457
1773049166,802916274,world,cf231_leg,-2.602431297302246,-1.6140408515930176,0.950886607170105
1773049166,807621431,world,cf231,-2.6025352478027344,-1.6096245050430298,0.965606689453125
1773049166,807621431,world,cf231_leg,-2.602494239807129,-1.6139295101165771,0.9508696794509888
1773049166,812673790,world,cf231,-2.6027371883392334,-1.6096888780593872,0.9657672643661499
1773049166,812673790,world,cf231_leg,-2.60249400138855,-1.613929271697998,0.9508705139160156
1773049166,817740944,world,cf231,-2.6028237342834473,-1.6096056699752808,0.9656184911727905
1773049166,817740944,world,cf231_leg,-2.602569341659546,-1.6139320135116577,0.950894832611084
1773049166,822772192,world,cf231,-2.6028342247009277,-1.6096051931381226,0.9657207727432251
1773049166,822772192,world,cf231_leg,-2.602665901184082,-1.6140022277832031,0.9509085416793823
1773049166,828591314,world,cf231,-2.602837562561035,-1.6094869375228882,0.9657297134399414
1773049166,828591314,world,cf231_leg,-2.602616310119629,-1.6139470338821411,0.9508452415466309
1773049166,833165283,world,cf231,-2.602907180786133,-1.6093679666519165,0.9656445980072021
1773049166,833165283,world,cf231_leg,-2.602689743041992,-1.6139527559280396,0.9509071111679077
1773049166,837650052,world,cf231,-2.6030852794647217,-1.609433650970459,0.9656273126602173
1773049166,837650052,world,cf231_leg,-2.6026885509490967,-1.6139543056488037,0.950925350189209
1773049166,843710812,world,cf231,-2.603083610534668,-1.6093270778656006,0.9657397270202637
1773049166,843710812,world,cf231_leg,-2.6028199195861816,-1.6139280796051025,0.9508637189865112
1773049166,847787237,world,cf231,-2.603236436843872,-1.6093997955322266,0.9655828475952148
1773049166,847787237,world,cf231_leg,-2.6027867794036865,-1.613906979560852,0.9509505033493042
1773049166,853361136,world,cf231,-2.603350877761841,-1.6093511581420898,0.9656867980957031
1773049166,853361136,world,cf231_leg,-2.6028687953948975,-1.6139827966690063,0.9509290456771851
1773049166,857777877,world,cf231,-2.6034882068634033,-1.6093597412109375,0.9657077789306641
1773049166,857777877,world,cf231_leg,-2.6028687953948975,-1.6139827966690063,0.9509290456771851
1773049166,863059283,world,cf231,-2.6035678386688232,-1.6092394590377808,0.9657268524169922
1773049166,863059283,world,cf231_leg,-2.6029820442199707,-1.613930106163025,0.9509878158569336
1773049166,868913140,world,cf231,-2.6036057472229004,-1.6093007326126099,0.9657320976257324
1773049166,868913140,world,cf231_leg,-2.603027820587158,-1.6139463186264038,0.950958251953125
1773049166,873746940,world,cf231,-2.603675365447998,-1.6092286109924316,0.9655880928039551
1773049166,873746940,world,cf231_leg,-2.6030616760253906,-1.614008903503418,0.9510043859481812
1773049166,878711106,world,cf231,-2.603842258453369,-1.6092764139175415,0.9658752679824829
1773049166,878711106,world,cf231_leg,-2.6030874252319336,-1.6139562129974365,0.9509658813476562
1773049166,883395651,world,cf231,-2.6039018630981445,-1.6092886924743652,0.9659079313278198
1773049166,883395651,world,cf231_leg,-2.603175640106201,-1.6139541864395142,0.9510461091995239
1773049166,888562687,world,cf231,-2.604018211364746,-1.6091867685317993,0.9657958745956421
1773049166,888562687,world,cf231_leg,-2.6031253337860107,-1.6140581369400024,0.9511044025421143
1773049166,892777527,world,cf231,-2.6040537357330322,-1.609294056892395,0.9659836292266846
1773049166,892777527,world,cf231_leg,-2.6032326221466064,-1.6140834093093872,0.9510608911514282
1773049166,897825053,world,cf231,-2.6043665409088135,-1.6093441247940063,0.9659606218338013
1773049166,897825053,world,cf231_leg,-2.6032845973968506,-1.6140217781066895,0.9511326551437378
1773049166,903487736,world,cf231,-2.604351043701172,-1.6093981266021729,0.966101884841919
1773049166,903487736,world,cf231_leg,-2.603245258331299,-1.6140785217285156,0.951117753982544
1773049166,907794859,world,cf231,-2.604461908340454,-1.6093040704727173,0.9660767316818237
1773049166,907794859,world,cf231_leg,-2.6033177375793457,-1.614086389541626,0.951196551322937
1773049166,912935330,world,cf231,-2.604612350463867,-1.6094261407852173,0.9661201238632202
1773049166,912935330,world,cf231_leg,-2.603347063064575,-1.614069938659668,0.951236367225647
1773049166,918016381,world,cf231,-2.6047110557556152,-1.6095043420791626,0.9661717414855957
1773049166,918016381,world,cf231_leg,-2.6033947467803955,-1.61408531665802,0.9511852264404297
1773049166,924254043,world,cf231,-2.604762554168701,-1.6094013452529907,0.9661315679550171
1773049166,924254043,world,cf231_leg,-2.603461742401123,-1.6142152547836304,0.9513098001480103
1773049166,927879596,world,cf231,-2.6049365997314453,-1.6094766855239868,0.9661962985992432
1773049166,927879596,world,cf231_leg,-2.6033804416656494,-1.614134669303894,0.9512995481491089
1773049166,932681891,world,cf231,-2.6049323081970215,-1.6094794273376465,0.9662437438964844
1773049166,932681891,world,cf231_leg,-2.6034774780273438,-1.6142079830169678,0.9513266086578369
1773049166,937782705,world,cf231,-2.6051104068756104,-1.6095585823059082,0.9662965536117554
1773049166,937782705,world,cf231_leg,-2.6034529209136963,-1.6142590045928955,0.9513468742370605
1773049166,942805757,world,cf231,-2.6052660942077637,-1.6096464395523071,0.9663885831832886
1773049166,942805757,world,cf231_leg,-2.603584051132202,-1.6143900156021118,0.951388955116272
1773049166,947841333,world,cf231,-2.605419874191284,-1.6097460985183716,0.9665565490722656
1773049166,947841333,world,cf231_leg,-2.603572130203247,-1.61427903175354,0.9513614177703857
1773049166,953372193,world,cf231,-2.6053879261016846,-1.6096675395965576,0.9664098024368286
1773049166,953372193,world,cf231_leg,-2.6035730838775635,-1.614437222480774,0.951461672782898
1773049166,957844790,world,cf231,-2.6055309772491455,-1.6098121404647827,0.9666345119476318
1773049166,957844790,world,cf231_leg,-2.603682279586792,-1.6145024299621582,0.9515326023101807
1773049166,962774791,world,cf231,-2.6056082248687744,-1.6099259853363037,0.9665875434875488
1773049166,962774791,world,cf231_leg,-2.6036815643310547,-1.6145042181015015,0.9515502452850342
1773049166,968476523,world,cf231,-2.605677604675293,-1.6099437475204468,0.9667600393295288
1773049166,968476523,world,cf231_leg,-2.603618621826172,-1.6144988536834717,0.95159912109375
1773049166,972770824,world,cf231,-2.605698347091675,-1.6100155115127563,0.9667710065841675
1773049166,972770824,world,cf231_leg,-2.603764057159424,-1.6147406101226807,0.9516456127166748
1773049166,978052588,world,cf231,-2.6057894229888916,-1.6100107431411743,0.9668349027633667
1773049166,978052588,world,cf231_leg,-2.6038036346435547,-1.6147246360778809,0.9517960548400879
1773049166,982777539,world,cf231,-2.6057991981506348,-1.6101245880126953,0.9668841361999512
1773049166,982777539,world,cf231_leg,-2.6037871837615967,-1.6147338151931763,0.9517965316772461
1773049166,988495494,world,cf231,-2.605870008468628,-1.6102519035339355,0.9669629335403442
1773049166,988495494,world,cf231_leg,-2.603896141052246,-1.6149128675460815,0.9518206119537354
1773049166,993501453,world,cf231,-2.605917453765869,-1.6103150844573975,0.9670907258987427
1773049166,993501453,world,cf231_leg,-2.6039648056030273,-1.6150413751602173,0.9519253969192505
1773049166,997892396,world,cf231,-2.6059141159057617,-1.6104329824447632,0.9670823812484741
1773049166,997892396,world,cf231_leg,-2.603919267654419,-1.615025281906128,0.9519550800323486
1773049167,3061633,world,cf231,-2.606008768081665,-1.6105139255523682,0.9671808481216431
1773049167,3061633,world,cf231_leg,-2.603968858718872,-1.6150805950164795,0.9520179033279419
1773049167,8595341,world,cf231,-2.6060104370117188,-1.6105090379714966,0.9671401977539062
1773049167,8595341,world,cf231_leg,-2.6040525436401367,-1.6151988506317139,0.9521257877349854
1773049167,13669734,world,cf231,-2.6061058044433594,-1.610743761062622,0.9673051834106445
1773049167,13669734,world,cf231_leg,-2.6039679050445557,-1.6150823831558228,0.9520357847213745
1773049167,17846406,world,cf231,-2.6061384677886963,-1.6108129024505615,0.9673970937728882
1773049167,17846406,world,cf231_leg,-2.604036331176758,-1.6153219938278198,0.9520792961120605
1773049167,23929125,world,cf231,-2.60612154006958,-1.6109354496002197,0.9673296213150024
1773049167,23929125,world,cf231_leg,-2.6041147708892822,-1.615365743637085,0.9522141218185425
1773049167,28221708,world,cf231,-2.6062347888946533,-1.611045479774475,0.9675402641296387
1773049167,28221708,world,cf231_leg,-2.6040122509002686,-1.6154166460037231,0.9522489309310913
1773049167,33866742,world,cf231,-2.6061439514160156,-1.611047387123108,0.9674577713012695
1773049167,33866742,world,cf231_leg,-2.604179859161377,-1.6156100034713745,0.9523134231567383
1773049167,38575264,world,cf231,-2.6061344146728516,-1.6110904216766357,0.9674928188323975
1773049167,38575264,world,cf231_leg,-2.604206085205078,-1.6157124042510986,0.9523619413375854
1773049167,42623420,world,cf231,-2.606199026107788,-1.611339807510376,0.9676058292388916
1773049167,42623420,world,cf231_leg,-2.604198694229126,-1.615837574005127,0.9524444341659546
1773049167,47649822,world,cf231,-2.606233596801758,-1.6114044189453125,0.9676562547683716
1773049167,47649822,world,cf231_leg,-2.6041994094848633,-1.6158382892608643,0.9524424076080322
1773049167,54108331,world,cf231,-2.6062471866607666,-1.6115500926971436,0.9677642583847046
1773049167,54108331,world,cf231_leg,-2.6041505336761475,-1.6159406900405884,0.9524811506271362
1773049167,57703909,world,cf231,-2.6062123775482178,-1.6116888523101807,0.9677410125732422
1773049167,57703909,world,cf231_leg,-2.6043052673339844,-1.616179347038269,0.952625036239624
1773049167,62715160,world,cf231,-2.6061384677886963,-1.6117280721664429,0.9678291082382202
1773049167,62715160,world,cf231_leg,-2.6042704582214355,-1.616115689277649,0.9525823593139648
1773049167,67906863,world,cf231,-2.6061744689941406,-1.6117876768112183,0.9678388833999634
1773049167,67906863,world,cf231_leg,-2.6042518615722656,-1.6162445545196533,0.952588677406311
1773049167,73022253,world,cf231,-2.6061413288116455,-1.6118614673614502,0.968040943145752
1773049167,73022253,world,cf231_leg,-2.6043243408203125,-1.616406798362732,0.9527562856674194
1773049167,77752494,world,cf231,-2.6062304973602295,-1.6122212409973145,0.9682587385177612
1773049167,77752494,world,cf231_leg,-2.604335308074951,-1.6165193319320679,0.9528018236160278
1773049167,83304458,world,cf231,-2.606127977371216,-1.612123727798462,0.9679431915283203
1773049167,83304458,world,cf231_leg,-2.6043550968170166,-1.6165854930877686,0.9527958631515503
1773049167,89095952,world,cf231,-2.6060688495635986,-1.6122519969940186,0.9681841135025024
1773049167,89095952,world,cf231_leg,-2.6043224334716797,-1.6166812181472778,0.9528497457504272
1773049167,92667262,world,cf231,-2.6060521602630615,-1.6124197244644165,0.9682738780975342
1773049167,92667262,world,cf231_leg,-2.604363203048706,-1.616814374923706,0.9528342485427856
1773049167,97835319,world,cf231,-2.6060712337493896,-1.612451434135437,0.968167781829834
1773049167,97835319,world,cf231_leg,-2.604281187057495,-1.6168550252914429,0.9528248310089111
1773049167,102879333,world,cf231,-2.6060221195220947,-1.6125915050506592,0.9683055877685547
1773049167,102879333,world,cf231_leg,-2.6042697429656982,-1.6169018745422363,0.9528993368148804
1773049167,107762485,world,cf231,-2.6059467792510986,-1.612587571144104,0.9682583808898926
1773049167,107762485,world,cf231_leg,-2.6042497158050537,-1.617029070854187,0.9529107809066772
1773049167,112777479,world,cf231,-2.605978488922119,-1.6127675771713257,0.9682800769805908
1773049167,112777479,world,cf231_leg,-2.6041994094848633,-1.6169755458831787,0.9528658390045166
1773049167,117810480,world,cf231,-2.605912446975708,-1.6129881143569946,0.9682122468948364
1773049167,117810480,world,cf231_leg,-2.604140520095825,-1.6171208620071411,0.9529446363449097
1773049167,122852153,world,cf231,-2.6058566570281982,-1.6130582094192505,0.9681963920593262
1773049167,122852153,world,cf231_leg,-2.6040897369384766,-1.6172267198562622,0.9530199766159058
1773049167,127757437,world,cf231,-2.6057887077331543,-1.613175392150879,0.9682589769363403
1773049167,127757437,world,cf231_leg,-2.604003667831421,-1.617222785949707,0.9528883695602417
1773049167,134774913,world,cf231,-2.6058592796325684,-1.6133027076721191,0.9683372974395752
1773049167,134774913,world,cf231_leg,-2.603895425796509,-1.617315649986267,0.9529184103012085
1773049167,138075475,world,cf231,-2.605806827545166,-1.6134710311889648,0.9681512117385864
1773049167,138075475,world,cf231_leg,-2.6038906574249268,-1.6174378395080566,0.9529635906219482
1773049167,142836101,world,cf231,-2.6057076454162598,-1.6135588884353638,0.9682400226593018
1773049167,142836101,world,cf231_leg,-2.603806257247925,-1.617476463317871,0.9529609680175781
1773049167,147765791,world,cf231,-2.6056482791900635,-1.6137017011642456,0.9680595397949219
1773049167,147765791,world,cf231_leg,-2.6038293838500977,-1.6175429821014404,0.9529294967651367
1773049167,152647274,world,cf231,-2.6055908203125,-1.6138213872909546,0.9682425260543823
1773049167,152647274,world,cf231_leg,-2.60371732711792,-1.617637038230896,0.9530034065246582
1773049167,158665687,world,cf231,-2.6054625511169434,-1.613877296447754,0.9680994749069214
1773049167,158665687,world,cf231_leg,-2.6037023067474365,-1.617758870124817,0.9529377222061157
1773049167,162753318,world,cf231,-2.605560541152954,-1.6140596866607666,0.9680453538894653
1773049167,162753318,world,cf231_leg,-2.6036312580108643,-1.6177982091903687,0.9530206918716431
1773049167,167981501,world,cf231,-2.60544490814209,-1.6142699718475342,0.9680671691894531
1773049167,167981501,world,cf231_leg,-2.6035594940185547,-1.6179481744766235,0.9530436992645264
1773049167,174694927,world,cf231,-2.6054043769836426,-1.6143276691436768,0.9680509567260742
1773049167,174694927,world,cf231_leg,-2.603550434112549,-1.6180336475372314,0.9530115127563477
1773049167,177989793,world,cf231,-2.6054227352142334,-1.6145154237747192,0.9680320024490356
1773049167,177989793,world,cf231_leg,-2.603410005569458,-1.6180604696273804,0.9529601335525513
1773049167,183634049,world,cf231,-2.6054041385650635,-1.6146422624588013,0.9680072069168091
1773049167,183634049,world,cf231_leg,-2.6033437252044678,-1.6182899475097656,0.952987790107727
1773049167,188752292,world,cf231,-2.6053669452667236,-1.6148966550827026,0.9679549932479858
1773049167,188752292,world,cf231_leg,-2.6033778190612793,-1.6184666156768799,0.9529862403869629
1773049167,192967459,world,cf231,-2.605412006378174,-1.6150753498077393,0.9680534601211548
1773049167,192967459,world,cf231_leg,-2.603307008743286,-1.6185061931610107,0.9530682563781738
1773049167,197846060,world,cf231,-2.605236768722534,-1.6151134967803955,0.9679394960403442
1773049167,197846060,world,cf231_leg,-2.6031675338745117,-1.618613600730896,0.9530651569366455
1773049167,203054305,world,cf231,-2.6052424907684326,-1.6153475046157837,0.9680014848709106
1773049167,203054305,world,cf231_leg,-2.6032049655914307,-1.618788242340088,0.9530231952667236
1773049167,208684987,world,cf231,-2.6051278114318848,-1.6154946088790894,0.968032717704773
1773049167,208684987,world,cf231_leg,-2.603043556213379,-1.6188299655914307,0.9530484676361084
1773049167,213557786,world,cf231,-2.6051509380340576,-1.6156666278839111,0.9678950309753418
1773049167,213557786,world,cf231_leg,-2.6030099391937256,-1.6189243793487549,0.9531064033508301
1773049167,218065824,world,cf231,-2.6051647663116455,-1.615914225578308,0.9681546688079834
1773049167,218065824,world,cf231_leg,-2.6029365062713623,-1.6190805435180664,0.9531807899475098
1773049167,223628308,world,cf231,-2.6050167083740234,-1.6160041093826294,0.9678908586502075
1773049167,223628308,world,cf231_leg,-2.6029207706451416,-1.6192044019699097,0.9531322717666626
1773049167,227612236,world,cf231,-2.604919195175171,-1.6161853075027466,0.9680745601654053
1773049167,227612236,world,cf231_leg,-2.6028220653533936,-1.6192511320114136,0.9531103372573853
1773049167,232791300,world,cf231,-2.604827880859375,-1.6163462400436401,0.9680978059768677
1773049167,232791300,world,cf231_leg,-2.602827310562134,-1.6194849014282227,0.9532040357589722
1773049167,237633891,world,cf231,-2.6046643257141113,-1.6163851022720337,0.9680823087692261
1773049167,237633891,world,cf231_leg,-2.602724075317383,-1.6194581985473633,0.9532047510147095
1773049167,243677300,world,cf231,-2.6047000885009766,-1.6167054176330566,0.9680721759796143
1773049167,243677300,world,cf231_leg,-2.60268235206604,-1.6196314096450806,0.9531817436218262
1773049167,247841402,world,cf231,-2.604545831680298,-1.616818904876709,0.9679869413375854
1773049167,247841402,world,cf231_leg,-2.6027140617370605,-1.6198108196258545,0.9532192945480347
1773049167,252916351,world,cf231,-2.604383945465088,-1.616897702217102,0.9680889844894409
1773049167,252916351,world,cf231_leg,-2.6026523113250732,-1.6198039054870605,0.9532490968704224
1773049167,258652294,world,cf231,-2.6041579246520996,-1.6170426607131958,0.9680318832397461
1773049167,258652294,world,cf231_leg,-2.6026241779327393,-1.6199733018875122,0.9532797336578369
1773049167,262858727,world,cf231,-2.604067087173462,-1.6172040700912476,0.9680535793304443
1773049167,262858727,world,cf231_leg,-2.602557897567749,-1.6200860738754272,0.9533392190933228
1773049167,268651988,world,cf231,-2.6037700176239014,-1.6172664165496826,0.9680771827697754
1773049167,268651988,world,cf231_leg,-2.6023998260498047,-1.6200807094573975,0.9531562328338623
1773049167,272720881,world,cf231,-2.603652238845825,-1.6174843311309814,0.9681588411331177
1773049167,272720881,world,cf231_leg,-2.6023871898651123,-1.6201283931732178,0.9532513618469238
1773049167,278553686,world,cf231,-2.603682518005371,-1.6176692247390747,0.9682213068008423
1773049167,278553686,world,cf231_leg,-2.602335214614868,-1.6203467845916748,0.953284502029419
1773049167,282913669,world,cf231,-2.6035571098327637,-1.6177659034729004,0.968193769454956
1773049167,282913669,world,cf231_leg,-2.6022753715515137,-1.620336651802063,0.9532781839370728
1773049167,287832558,world,cf231,-2.6033780574798584,-1.6178587675094604,0.968319296836853
1773049167,287832558,world,cf231_leg,-2.602147102355957,-1.6203944683074951,0.9531862735748291
1773049167,293131671,world,cf231,-2.603302240371704,-1.6179656982421875,0.9682021141052246
1773049167,293131671,world,cf231_leg,-2.6020209789276123,-1.6204543113708496,0.9530878067016602
1773049167,297630200,world,cf231,-2.6030943393707275,-1.6180715560913086,0.9682537317276001
1773049167,297630200,world,cf231_leg,-2.6019110679626465,-1.6205480098724365,0.9531396627426147
1773049167,302889227,world,cf231,-2.6030609607696533,-1.6181613206863403,0.9682680368423462
1773049167,302889227,world,cf231_leg,-2.601900100708008,-1.6205949783325195,0.9532135725021362
1773049167,307946937,world,cf231,-2.6028475761413574,-1.6183000802993774,0.968037486076355
1773049167,307946937,world,cf231_leg,-2.601670742034912,-1.620666265487671,0.9532357454299927
1773049167,312866802,world,cf231,-2.602754831314087,-1.6184659004211426,0.9681012630462646
1773049167,312866802,world,cf231_leg,-2.601569414138794,-1.620672583580017,0.9531015157699585
1773049167,317853002,world,cf231,-2.6025781631469727,-1.6185544729232788,0.9681849479675293
1773049167,317853002,world,cf231_leg,-2.60158109664917,-1.6207855939865112,0.9531456232070923
1773049167,322784963,world,cf231,-2.602388858795166,-1.6186444759368896,0.9681910276412964
1773049167,322784963,world,cf231_leg,-2.601468086242676,-1.620841383934021,0.9531008005142212
1773049167,327804473,world,cf231,-2.6023716926574707,-1.6187695264816284,0.9681441783905029
1773049167,327804473,world,cf231_leg,-2.601351261138916,-1.620861530303955,0.9531998634338379
1773049167,332825290,world,cf231,-2.6021015644073486,-1.6186641454696655,0.9681782722473145
1773049167,332825290,world,cf231_leg,-2.6012027263641357,-1.620855689048767,0.9531301259994507
1773049167,337798538,world,cf231,-2.601984977722168,-1.6188766956329346,0.96822190284729
1773049167,337798538,world,cf231_leg,-2.6010451316833496,-1.6210070848464966,0.953052282333374
1773049167,342662545,world,cf231,-2.6017959117889404,-1.618967056274414,0.9682271480560303
1773049167,342662545,world,cf231_leg,-2.6009533405303955,-1.6210135221481323,0.9530290365219116
1773049167,348584768,world,cf231,-2.601604700088501,-1.6190621852874756,0.9682735204696655
1773049167,348584768,world,cf231_leg,-2.6008598804473877,-1.6211005449295044,0.9530957937240601
1773049167,352976841,world,cf231,-2.6015353202819824,-1.6190861463546753,0.9682416915893555
1773049167,352976841,world,cf231_leg,-2.6008334159851074,-1.6211764812469482,0.9534773826599121
1773049167,358840890,world,cf231,-2.6013243198394775,-1.6191102266311646,0.968274712562561
1773049167,358840890,world,cf231_leg,-2.600633382797241,-1.6211440563201904,0.9534423351287842
1773049167,362858888,world,cf231,-2.6010489463806152,-1.6190825700759888,0.9681845903396606
1773049167,362858888,world,cf231_leg,-2.6005873680114746,-1.621242642402649,0.953222393989563
1773049167,368576730,world,cf231,-2.601034641265869,-1.6192456483840942,0.9682333469390869
1773049167,368576730,world,cf231_leg,-2.600426197052002,-1.621241807937622,0.9530956745147705
1773049167,372861493,world,cf231,-2.60078501701355,-1.6191664934158325,0.9681226015090942
1773049167,372861493,world,cf231_leg,-2.6004345417022705,-1.6214760541915894,0.9531645774841309
1773049167,377787645,world,cf231,-2.6008589267730713,-1.61933171749115,0.9682967662811279
1773049167,377787645,world,cf231_leg,-2.6004347801208496,-1.6214460134506226,0.9535139799118042
1773049167,382858744,world,cf231,-2.6005630493164062,-1.6192359924316406,0.9682117700576782
1773049167,382858744,world,cf231_leg,-2.6002440452575684,-1.6214927434921265,0.9532185792922974
1773049167,388719046,world,cf231,-2.600494623184204,-1.6193046569824219,0.9681004285812378
1773049167,388719046,world,cf231_leg,-2.600067138671875,-1.6214962005615234,0.9530612230300903
1773049167,393739066,world,cf231,-2.600407123565674,-1.6193480491638184,0.9681311845779419
1773049167,393739066,world,cf231_leg,-2.6000187397003174,-1.6215990781784058,0.9530990123748779
1773049167,397975422,world,cf231,-2.60019588470459,-1.6193687915802002,0.9681470394134521
1773049167,397975422,world,cf231_leg,-2.6000325679779053,-1.6215952634811401,0.9531518220901489
1773049167,403736447,world,cf231,-2.6001343727111816,-1.619357705116272,0.9681386947631836
1773049167,403736447,world,cf231_leg,-2.5999045372009277,-1.621655821800232,0.9530749320983887
1773049167,408552400,world,cf231,-2.6000194549560547,-1.6194095611572266,0.968053936958313
1773049167,408552400,world,cf231_leg,-2.5998876094818115,-1.6217445135116577,0.9531455039978027
1773049167,413595085,world,cf231,-2.6000051498413086,-1.6195756196975708,0.9681215286254883
1773049167,413595085,world,cf231_leg,-2.5998694896698,-1.6217546463012695,0.9531669616699219
1773049167,417793505,world,cf231,-2.5999279022216797,-1.6195766925811768,0.9681146144866943
1773049167,417793505,world,cf231_leg,-2.5998103618621826,-1.621859073638916,0.9531114101409912
1773049167,423547405,world,cf231,-2.599820375442505,-1.6195460557937622,0.9681133031845093
1773049167,423547405,world,cf231_leg,-2.599900722503662,-1.6220498085021973,0.9531753063201904
1773049167,429597113,world,cf231,-2.599658489227295,-1.6194206476211548,0.9679528474807739
1773049167,429597113,world,cf231_leg,-2.5997440814971924,-1.621971845626831,0.9531713724136353
1773049167,432852803,world,cf231,-2.5996553897857666,-1.619586706161499,0.968120813369751
1773049167,432852803,world,cf231_leg,-2.5996718406677246,-1.621967077255249,0.9531073570251465
1773049167,438671975,world,cf231,-2.59956693649292,-1.619584560394287,0.9679955244064331
1773049167,438671975,world,cf231_leg,-2.5996885299682617,-1.6221542358398438,0.9531261920928955
1773049167,442935203,world,cf231,-2.5994653701782227,-1.619634985923767,0.9679876565933228
1773049167,442935203,world,cf231_leg,-2.5995922088623047,-1.622084379196167,0.953112006187439
1773049167,447649583,world,cf231,-2.599479913711548,-1.619625210762024,0.9680068492889404
1773049167,447649583,world,cf231_leg,-2.599517822265625,-1.6220800876617432,0.9530699253082275
1773049167,452660875,world,cf231,-2.5993900299072266,-1.6196284294128418,0.9679208993911743
1773049167,452660875,world,cf231_leg,-2.599503993988037,-1.622086524963379,0.953032374382019
1773049167,457691475,world,cf231,-2.5992777347564697,-1.6197205781936646,0.9679526090621948
1773049167,457691475,world,cf231_leg,-2.599402666091919,-1.6222524642944336,0.9530178308486938
1773049167,462858283,world,cf231,-2.599327564239502,-1.6197788715362549,0.96803879737854
1773049167,462858283,world,cf231_leg,-2.59942626953125,-1.6222028732299805,0.9530162811279297
1773049167,468516165,world,cf231,-2.5992038249969482,-1.6197595596313477,0.9680414199829102
1773049167,468516165,world,cf231_leg,-2.59932804107666,-1.6220519542694092,0.9529551267623901
1773049167,473737696,world,cf231,-2.599175453186035,-1.6197704076766968,0.9679466485977173
1773049167,473737696,world,cf231_leg,-2.599307060241699,-1.6222971677780151,0.9529546499252319
1773049167,477828581,world,cf231,-2.5991289615631104,-1.619753122329712,0.967974066734314
1773049167,477828581,world,cf231_leg,-2.599329948425293,-1.6222472190856934,0.9529550075531006
1773049167,482799359,world,cf231,-2.5991361141204834,-1.6198291778564453,0.9679273366928101
1773049167,482799359,world,cf231_leg,-2.5991032123565674,-1.6222018003463745,0.952985405921936
1773049167,488634173,world,cf231,-2.598879814147949,-1.6196718215942383,0.9678425788879395
1773049167,488634173,world,cf231_leg,-2.599147081375122,-1.6222214698791504,0.9529916048049927
1773049167,492837500,world,cf231,-2.5988526344299316,-1.6197248697280884,0.9678857326507568
1773049167,492837500,world,cf231_leg,-2.599114179611206,-1.6222712993621826,0.9528805017471313
1773049167,497808253,world,cf231,-2.598914623260498,-1.6197361946105957,0.9678933620452881
1773049167,497808253,world,cf231_leg,-2.5990962982177734,-1.6222816705703735,0.9529008865356445
1773049167,502673372,world,cf231,-2.5988144874572754,-1.619781494140625,0.9678457975387573
1773049167,502673372,world,cf231_leg,-2.5990257263183594,-1.6223187446594238,0.9529678821563721
1773049167,508609447,world,cf231,-2.5988757610321045,-1.619792103767395,0.9678552150726318
1773049167,508609447,world,cf231_leg,-2.5990498065948486,-1.6224263906478882,0.9530704021453857
1773049167,513684328,world,cf231,-2.5988497734069824,-1.6198433637619019,0.9678765535354614
1773049167,513684328,world,cf231_leg,-2.598944664001465,-1.6222412586212158,0.9529712200164795
1773049167,517762345,world,cf231,-2.598787546157837,-1.6198351383209229,0.9678875207901001
1773049167,517762345,world,cf231_leg,-2.5988354682922363,-1.622290015220642,0.952855110168457
1773049167,523641965,world,cf231,-2.5988361835479736,-1.619850754737854,0.967836856842041
1773049167,523641965,world,cf231_leg,-2.5988149642944336,-1.6224193572998047,0.9528839588165283
1773049167,527795260,world,cf231,-2.598787784576416,-1.6198352575302124,0.9678869247436523
1773049167,527795260,world,cf231_leg,-2.598832845687866,-1.6222928762435913,0.9528932571411133
1773049167,532810746,world,cf231,-2.598752975463867,-1.6197707653045654,0.9678366184234619
1773049167,532810746,world,cf231_leg,-2.5987131595611572,-1.6222727298736572,0.9528802633285522
1773049167,537762993,world,cf231,-2.5987014770507812,-1.6197171211242676,0.9677913188934326
1773049167,537762993,world,cf231_leg,-2.5986878871917725,-1.6223256587982178,0.9529176950454712
1773049167,542693772,world,cf231,-2.59875226020813,-1.6197731494903564,0.9678568840026855
1773049167,542693772,world,cf231_leg,-2.598677158355713,-1.622327446937561,0.9528241157531738
1773049167,548530674,world,cf231,-2.5987229347229004,-1.619786262512207,0.967782735824585
1773049167,548530674,world,cf231_leg,-2.5986526012420654,-1.6222643852233887,0.9528913497924805
1773049167,553014433,world,cf231,-2.598788022994995,-1.619835376739502,0.9678865671157837
1773049167,553014433,world,cf231_leg,-2.598674774169922,-1.6223303079605103,0.9528623819351196
1773049167,557707975,world,cf231,-2.5987656116485596,-1.6197688579559326,0.9679151773452759
1773049167,557707975,world,cf231_leg,-2.598559856414795,-1.622233271598816,0.9529711008071899
1773049167,563476806,world,cf231,-2.598619222640991,-1.619634747505188,0.9677703380584717
1773049167,563476806,world,cf231_leg,-2.598628044128418,-1.622315526008606,0.952911376953125
1773049167,568683188,world,cf231,-2.5987443923950195,-1.6196967363357544,0.9679045677185059
1773049167,568683188,world,cf231_leg,-2.598557949066162,-1.6221914291381836,0.9528400897979736
1773049167,572930107,world,cf231,-2.598646640777588,-1.6196234226226807,0.9678668975830078
1773049167,572930107,world,cf231_leg,-2.5986108779907227,-1.622326374053955,0.9529304504394531
1773049167,577821588,world,cf231,-2.5987086296081543,-1.6196348667144775,0.9678741693496704
1773049167,577821588,world,cf231_leg,-2.5984950065612793,-1.6221861839294434,0.9528887271881104
1773049167,583540703,world,cf231,-2.5987002849578857,-1.619560956954956,0.9679421186447144
1773049167,583540703,world,cf231_leg,-2.5984268188476562,-1.6221039295196533,0.9529482126235962
1773049167,588550172,world,cf231,-2.5987014770507812,-1.6195588111877441,0.9679210186004639
1773049167,588550172,world,cf231_leg,-2.598517894744873,-1.6222952604293823,0.953009843826294
1773049167,592953184,world,cf231,-2.598653554916382,-1.6195437908172607,0.9679694175720215
1773049167,592953184,world,cf231_leg,-2.5984714031219482,-1.6221215724945068,0.9529373645782471
1773049167,597871917,world,cf231,-2.598560094833374,-1.6193499565124512,0.9679195880889893
1773049167,597871917,world,cf231_leg,-2.598479747772217,-1.6222389936447144,0.9530383348464966
1773049167,602834258,world,cf231,-2.598620891571045,-1.6193569898605347,0.9679127931594849
1773049167,602834258,world,cf231_leg,-2.598543405532837,-1.6221284866333008,0.953018069267273
1773049167,607893541,world,cf231,-2.5986015796661377,-1.6193312406539917,0.9680556058883667
1773049167,607893541,world,cf231_leg,-2.5983567237854004,-1.6221094131469727,0.9531280994415283
1773049167,612795972,world,cf231,-2.5985734462738037,-1.6193455457687378,0.9679776430130005
1773049167,612795972,world,cf231_leg,-2.598449230194092,-1.6220557689666748,0.9529660940170288
1773049167,617902347,world,cf231,-2.5985147953033447,-1.6192131042480469,0.967960000038147
1773049167,617902347,world,cf231_leg,-2.598379135131836,-1.6220909357070923,0.9530153274536133
1773049167,623651286,world,cf231,-2.5985207557678223,-1.619132399559021,0.9680657386779785
1773049167,623651286,world,cf231_leg,-2.5984888076782227,-1.6221561431884766,0.9530853033065796
1773049167,627770420,world,cf231,-2.5986220836639404,-1.6190849542617798,0.9680924415588379
1773049167,627770420,world,cf231_leg,-2.5984387397766113,-1.621986746788025,0.9530692100524902
1773049167,632714632,world,cf231,-2.5985991954803467,-1.6190212965011597,0.9681401252746582
1773049167,632714632,world,cf231_leg,-2.5983774662017822,-1.6220942735671997,0.9530519247055054
1773049167,637764255,world,cf231,-2.5986766815185547,-1.6190204620361328,0.9681459665298462
1773049167,637764255,world,cf231_leg,-2.5985097885131836,-1.6221095323562622,0.9531216621398926
1773049167,642730830,world,cf231,-2.5986897945404053,-1.6190154552459717,0.9682061672210693
1773049167,642730830,world,cf231_leg,-2.598393678665161,-1.6219688653945923,0.9530812501907349
1773049167,647707960,world,cf231,-2.5986342430114746,-1.618879795074463,0.9681428670883179
1773049167,647707960,world,cf231_leg,-2.5983686447143555,-1.6220216751098633,0.9531193971633911
1773049167,652715251,world,cf231,-2.5986220836639404,-1.6187739372253418,0.9681520462036133
1773049167,652715251,world,cf231_leg,-2.598433494567871,-1.6221539974212646,0.9532825946807861
1773049167,658692568,world,cf231,-2.598651170730591,-1.6187574863433838,0.968208909034729
1773049167,658692568,world,cf231_leg,-2.598449945449829,-1.6220308542251587,0.9533283710479736
1773049167,662926862,world,cf231,-2.598691463470459,-1.6187028884887695,0.968242883682251
1773049167,662926862,world,cf231_leg,-2.5985116958618164,-1.6219922304153442,0.9531313180923462
1773049167,668056579,world,cf231,-2.59867000579834,-1.6186338663101196,0.96825110912323
1773049167,668056579,world,cf231_leg,-2.5985453128814697,-1.6220606565475464,0.9534294605255127
1773049167,673676790,world,cf231,-2.598663806915283,-1.6185593605041504,0.9682935476303101
1773049167,673676790,world,cf231_leg,-2.5986578464508057,-1.622052550315857,0.9536565542221069
1773049167,677855393,world,cf231,-2.598750591278076,-1.6185181140899658,0.9682838916778564
1773049167,677855393,world,cf231_leg,-2.5984811782836914,-1.6218581199645996,0.9534611701965332
1773049167,682891796,world,cf231,-2.5987496376037598,-1.618517279624939,0.9682860374450684
1773049167,682891796,world,cf231_leg,-2.598464012145996,-1.6218693256378174,0.9534789323806763
1773049167,687870137,world,cf231,-2.5987417697906494,-1.6184407472610474,0.9683345556259155
1773049167,687870137,world,cf231_leg,-2.5985193252563477,-1.6219168901443481,0.9534488916397095
1773049167,692750999,world,cf231,-2.598721981048584,-1.6183733940124512,0.9683377742767334
1773049167,692750999,world,cf231_leg,-2.598598003387451,-1.6219286918640137,0.9536961317062378
1773049167,697912485,world,cf231,-2.5986974239349365,-1.6183079481124878,0.9683902263641357
1773049167,697912485,world,cf231_leg,-2.5985283851623535,-1.621802568435669,0.9536075592041016
1773049167,702890294,world,cf231,-2.5988433361053467,-1.6183968782424927,0.9683781862258911
1773049167,702890294,world,cf231_leg,-2.598612070083618,-1.621922492980957,0.9537332057952881
1773049167,707826004,world,cf231,-2.5987744331359863,-1.6183133125305176,0.9684332609176636
1773049167,707826004,world,cf231_leg,-2.5985522270202637,-1.621753215789795,0.9536052942276001
1773049167,712786939,world,cf231,-2.5987913608551025,-1.6181464195251465,0.9683407545089722
1773049167,712786939,world,cf231_leg,-2.598644971847534,-1.6217880249023438,0.9537613391876221
1773049167,718725127,world,cf231,-2.598841667175293,-1.6181987524032593,0.9683898687362671
1773049167,718725127,world,cf231_leg,-2.5987355709075928,-1.6218222379684448,0.9537190198898315
1773049167,723152979,world,cf231,-2.598867893218994,-1.6181894540786743,0.9685077667236328
1773049167,723152979,world,cf231_leg,-2.5986757278442383,-1.621812105178833,0.9537125825881958
1773049167,727688781,world,cf231,-2.598881483078003,-1.6181440353393555,0.9684244394302368
1773049167,727688781,world,cf231_leg,-2.598656177520752,-1.6216274499893188,0.9537327289581299
1773049167,732724185,world,cf231,-2.598921298980713,-1.6180822849273682,0.9684247970581055
1773049167,732724185,world,cf231_leg,-2.598663568496704,-1.6217011213302612,0.9536850452423096
1773049167,737925737,world,cf231,-2.599012613296509,-1.6180839538574219,0.9685238599777222
1773049167,737925737,world,cf231_leg,-2.5987401008605957,-1.6217455863952637,0.9538406133651733
1773049167,742933003,world,cf231,-2.5990467071533203,-1.6181443929672241,0.968558669090271
1773049167,742933003,world,cf231_leg,-2.5986804962158203,-1.6215763092041016,0.9537128210067749
1773049167,748596229,world,cf231,-2.5990493297576904,-1.6181437969207764,0.9685330390930176
1773049167,748596229,world,cf231_leg,-2.598695755004883,-1.6215685606002808,0.9537311792373657
1773049167,753654665,world,cf231,-2.5990264415740967,-1.6179172992706299,0.968457818031311
1773049167,753654665,world,cf231_leg,-2.59873104095459,-1.6216298341751099,0.9537575244903564
1773049167,757904249,world,cf231,-2.5990102291107178,-1.6179256439208984,0.9684429168701172
1773049167,757904249,world,cf231_leg,-2.598768472671509,-1.621573805809021,0.9537938833236694
1773049167,762710574,world,cf231,-2.5990521907806396,-1.617866039276123,0.9684367179870605
1773049167,762710574,world,cf231_leg,-2.5987908840179443,-1.6214805841445923,0.953643798828125
1773049167,768702500,world,cf231,-2.5990869998931885,-1.6179271936416626,0.968469500541687
1773049167,768702500,world,cf231_leg,-2.598743438720703,-1.6214675903320312,0.9537104368209839
1773049167,772981405,world,cf231,-2.5991742610931396,-1.6178867816925049,0.9684575796127319
1773049167,772981405,world,cf231_leg,-2.598773956298828,-1.6214523315429688,0.9537464380264282
1773049167,777929799,world,cf231,-2.5991976261138916,-1.6179544925689697,0.9684258699417114
1773049167,777929799,world,cf231_leg,-2.59877347946167,-1.6212927103042603,0.9536272287368774
1773049167,782922809,world,cf231,-2.599321126937866,-1.6179735660552979,0.9684244394302368
1773049167,782922809,world,cf231_leg,-2.5987818241119385,-1.6213650703430176,0.9535599946975708
1773049167,787992378,world,cf231,-2.599302053451538,-1.6177856922149658,0.9684431552886963
1773049167,787992378,world,cf231_leg,-2.5989015102386475,-1.6213849782943726,0.9535742998123169
1773049167,793592000,world,cf231,-2.5992767810821533,-1.617678165435791,0.9683568477630615
1773049167,793592000,world,cf231_leg,-2.598783493041992,-1.6212475299835205,0.9535709619522095
1773049167,797820887,world,cf231,-2.59944748878479,-1.617874026298523,0.9684323072433472
1773049167,797820887,world,cf231_leg,-2.5988101959228516,-1.621193289756775,0.9535132646560669
1773049167,802892640,world,cf231,-2.599438190460205,-1.6177581548690796,0.9683609008789062
1773049167,802892640,world,cf231_leg,-2.5989363193511963,-1.621288776397705,0.9534976482391357
1773049167,808657811,world,cf231,-2.5994009971618652,-1.6176975965499878,0.9683541059494019
1773049167,808657811,world,cf231_leg,-2.598928689956665,-1.6212148666381836,0.9535461664199829
1773049167,812778881,world,cf231,-2.5994019508361816,-1.6176954507827759,0.9683331251144409
1773049167,812778881,world,cf231_leg,-2.5988314151763916,-1.6211014986038208,0.953382134437561
1773049167,818804269,world,cf231,-2.599491834640503,-1.6176481246948242,0.968259334564209
1773049167,818804269,world,cf231_leg,-2.598936080932617,-1.6211293935775757,0.953377366065979
1773049167,822844218,world,cf231,-2.59954833984375,-1.6176254749298096,0.9682139158248901
1773049167,822844218,world,cf231_leg,-2.598914384841919,-1.62106192111969,0.9533882141113281
1773049167,827695270,world,cf231,-2.5995988845825195,-1.6176812648773193,0.9682801961898804
1773049167,827695270,world,cf231_leg,-2.5988903045654297,-1.6209536790847778,0.9532872438430786
1773049167,834570977,world,cf231,-2.5996506214141846,-1.6175726652145386,0.9682016372680664
1773049167,834570977,world,cf231_leg,-2.598928689956665,-1.620896339416504,0.9533044099807739
1773049167,837764572,world,cf231,-2.59956693649292,-1.6174982786178589,0.968239426612854
1773049167,837764572,world,cf231_leg,-2.59893798828125,-1.6209667921066284,0.953220009803772
1773049167,842732166,world,cf231,-2.599628448486328,-1.617464542388916,0.9680895805358887
1773049167,842732166,world,cf231_leg,-2.5990350246429443,-1.620921015739441,0.9532628059387207
1773049167,847869233,world,cf231,-2.5996532440185547,-1.6174124479293823,0.9680709838867188
1773049167,847869233,world,cf231_leg,-2.5989623069763184,-1.6207561492919922,0.9530799388885498
1773049167,852911088,world,cf231,-2.5996944904327393,-1.6173491477966309,0.9680486917495728
1773049167,852911088,world,cf231_leg,-2.5989863872528076,-1.6208642721176147,0.953181266784668
1773049167,857855346,world,cf231,-2.599691867828369,-1.6173114776611328,0.9679516553878784
1773049167,857855346,world,cf231_leg,-2.5990774631500244,-1.6207661628723145,0.952872633934021
1773049167,863061230,world,cf231,-2.599709987640381,-1.617183804512024,0.9679785966873169
1773049167,863061230,world,cf231_leg,-2.598961591720581,-1.620625376701355,0.9528329372406006
1773049167,868712875,world,cf231,-2.5997531414031982,-1.6173222064971924,0.9679609537124634
1773049167,868712875,world,cf231_leg,-2.599022150039673,-1.6207208633422852,0.9529200792312622
1773049167,872841352,world,cf231,-2.599721908569336,-1.6171400547027588,0.9679179191589355
1773049167,872841352,world,cf231_leg,-2.599059820175171,-1.6206650733947754,0.9529554843902588
1773049167,877826442,world,cf231,-2.599794864654541,-1.6170998811721802,0.9678324460983276
1773049167,877826442,world,cf231_leg,-2.599030017852783,-1.6205484867095947,0.952651858329773
1773049167,883572434,world,cf231,-2.599794626235962,-1.6170995235443115,0.9678335189819336
1773049167,883572434,world,cf231_leg,-2.5991086959838867,-1.620498776435852,0.9524370431900024
1773049167,887809616,world,cf231,-2.599806785583496,-1.6170527935028076,0.9677540063858032
1773049167,887809616,world,cf231_leg,-2.5991551876068115,-1.6205130815505981,0.9523895978927612
1773049167,892951288,world,cf231,-2.5997955799102783,-1.6169378757476807,0.9677073955535889
1773049167,892951288,world,cf231_leg,-2.5991454124450684,-1.620398998260498,0.9523242712020874
1773049167,897881433,world,cf231,-2.599919080734253,-1.6169601678848267,0.9677233695983887
1773049167,897881433,world,cf231_leg,-2.5991320610046387,-1.6204031705856323,0.9522703886032104
1773049167,902830632,world,cf231,-2.5998470783233643,-1.6168309450149536,0.9674128293991089
1773049167,902830632,world,cf231_leg,-2.5992043018341064,-1.6203653812408447,0.9521825313568115
1773049167,908741432,world,cf231,-2.5999202728271484,-1.6167982816696167,0.9675980806350708
1773049167,908741432,world,cf231_leg,-2.599226713180542,-1.6203173398971558,0.9521994590759277
1773049167,912736348,world,cf231,-2.5999579429626465,-1.6168551445007324,0.9673507213592529
1773049167,912736348,world,cf231_leg,-2.5991785526275635,-1.6202610731124878,0.9521164894104004
1773049167,918733674,world,cf231,-2.5999090671539307,-1.6166828870773315,0.9673153162002563
1773049167,918733674,world,cf231_leg,-2.599133253097534,-1.6202387809753418,0.9518946409225464
1773049167,922845817,world,cf231,-2.5998730659484863,-1.6165755987167358,0.9671280384063721
1773049167,922845817,world,cf231_leg,-2.599270820617676,-1.6202890872955322,0.9520231485366821
1773049167,927913584,world,cf231,-2.600118637084961,-1.6166187524795532,0.9671651124954224
1773049167,927913584,world,cf231_leg,-2.5992984771728516,-1.6201194524765015,0.9519933462142944
1773049167,934614204,world,cf231,-2.600059986114502,-1.6164896488189697,0.9671649932861328
1773049167,934614204,world,cf231_leg,-2.599278211593628,-1.6200467348098755,0.9517492055892944
1773049167,937873895,world,cf231,-2.600193738937378,-1.6165776252746582,0.967055082321167
1773049167,937873895,world,cf231_leg,-2.5993359088897705,-1.6201735734939575,0.9517478942871094
1773049167,942833148,world,cf231,-2.6000471115112305,-1.6163350343704224,0.9670002460479736
1773049167,942833148,world,cf231_leg,-2.599479913711548,-1.6201425790786743,0.9517414569854736
1773049167,947860308,world,cf231,-2.6001360416412354,-1.6162896156311035,0.9669480323791504
1773049167,947860308,world,cf231_leg,-2.5994205474853516,-1.6199735403060913,0.9516128301620483
1773049167,953586261,world,cf231,-2.600100517272949,-1.6160683631896973,0.966812252998352
1773049167,953586261,world,cf231_leg,-2.5994603633880615,-1.6199147701263428,0.9516105651855469
1773049167,957949303,world,cf231,-2.6002981662750244,-1.616051435470581,0.9667403697967529
1773049167,957949303,world,cf231_leg,-2.5995771884918213,-1.6198941469192505,0.9515130519866943
1773049167,962846780,world,cf231,-2.600271224975586,-1.6161081790924072,0.9668004512786865
1773049167,962846780,world,cf231_leg,-2.599581241607666,-1.6197739839553833,0.9514845609664917
1773049167,967784445,world,cf231,-2.600252866744995,-1.615872859954834,0.9666411876678467
1773049167,967784445,world,cf231_leg,-2.5997121334075928,-1.619747281074524,0.9514240026473999
1773049167,973215859,world,cf231,-2.6002883911132812,-1.6157819032669067,0.9666023254394531
1773049167,973215859,world,cf231_leg,-2.5997543334960938,-1.6198818683624268,0.9514045715332031
1773049167,977743281,world,cf231,-2.6003026962280273,-1.6157270669937134,0.9664636850357056
1773049167,977743281,world,cf231_leg,-2.5998318195343018,-1.6196104288101196,0.9513330459594727
1773049167,982812489,world,cf231,-2.6004514694213867,-1.6156976222991943,0.9664609432220459
1773049167,982812489,world,cf231_leg,-2.5998432636260986,-1.6195615530014038,0.9512416124343872
1773049167,987841951,world,cf231,-2.600438117980957,-1.6155524253845215,0.9660727977752686
1773049167,987841951,world,cf231_leg,-2.5998945236206055,-1.6194535493850708,0.9511489868164062
1773049167,992838837,world,cf231,-2.6003925800323486,-1.6155232191085815,0.9663037061691284
1773049167,992838837,world,cf231_leg,-2.599929094314575,-1.6193598508834839,0.9510880708694458
1773049167,998716036,world,cf231,-2.6004836559295654,-1.615422010421753,0.9660153388977051
1773049167,998716036,world,cf231_leg,-2.60001277923584,-1.6193183660507202,0.9510766267776489
1773049168,2719490,world,cf231,-2.6005635261535645,-1.615410566329956,0.9659430980682373
1773049168,2719490,world,cf231_leg,-2.600003242492676,-1.6192044019699097,0.9510108232498169
1773049168,7751628,world,cf231,-2.6005051136016846,-1.6152430772781372,0.9658201932907104
1773049168,7751628,world,cf231_leg,-2.599980115890503,-1.619094967842102,0.9508905410766602
1773049168,12759380,world,cf231,-2.600485324859619,-1.6151659488677979,0.9657697677612305
1773049168,12759380,world,cf231_leg,-2.6001245975494385,-1.6190615892410278,0.9508681297302246
1773049168,18672343,world,cf231,-2.6005098819732666,-1.6150716543197632,0.9656126499176025
1773049168,18672343,world,cf231_leg,-2.6001596450805664,-1.61896550655365,0.9507912397384644
1773049168,22710450,world,cf231,-2.600493907928467,-1.614835500717163,0.9654279947280884
1773049168,22710450,world,cf231_leg,-2.6002004146575928,-1.6189051866531372,0.9507709741592407
1773049168,28518027,world,cf231,-2.6005022525787354,-1.6147977113723755,0.965431809425354
1773049168,28518027,world,cf231_leg,-2.6002347469329834,-1.6188085079193115,0.9506958723068237
1773049168,32856213,world,cf231,-2.600588321685791,-1.6147594451904297,0.9654413461685181
1773049168,32856213,world,cf231_leg,-2.6002988815307617,-1.6186985969543457,0.9506738185882568
1773049168,38650332,world,cf231,-2.6006665229797363,-1.614714503288269,0.9652870893478394
1773049168,38650332,world,cf231_leg,-2.6002464294433594,-1.6186027526855469,0.9504990577697754
1773049168,42919917,world,cf231,-2.6007473468780518,-1.6147104501724243,0.9652479887008667
1773049168,42919917,world,cf231_leg,-2.600388288497925,-1.6185355186462402,0.9506149291992188
1773049168,48610458,world,cf231,-2.6006808280944824,-1.6145515441894531,0.9652377367019653
1773049168,48610458,world,cf231_leg,-2.600414752960205,-1.6185200214385986,0.9504749774932861
1773049168,52801041,world,cf231,-2.6007392406463623,-1.6144323348999023,0.9650517702102661
1773049168,52801041,world,cf231_leg,-2.6005284786224365,-1.6183058023452759,0.9503962993621826
1773049168,58674976,world,cf231,-2.60084867477417,-1.6144617795944214,0.9650297164916992
1773049168,58674976,world,cf231_leg,-2.6004908084869385,-1.6183615922927856,0.9503605365753174
1773049168,62925289,world,cf231,-2.6008002758026123,-1.6142866611480713,0.964975118637085
1773049168,62925289,world,cf231_leg,-2.6005682945251465,-1.6182470321655273,0.9503940343856812
1773049168,68750690,world,cf231,-2.600862979888916,-1.614298701286316,0.9649804830551147
1773049168,68750690,world,cf231_leg,-2.600497245788574,-1.617964506149292,0.9502220153808594
1773049168,72862415,world,cf231,-2.6008384227752686,-1.6141881942749023,0.964875340461731
1773049168,72862415,world,cf231_leg,-2.6005074977874756,-1.6179193258285522,0.950165867805481
1773049168,78758912,world,cf231,-2.6009111404418945,-1.61415433883667,0.9648269414901733
1773049168,78758912,world,cf231_leg,-2.60060715675354,-1.6178706884384155,0.950170636177063
1773049168,83072241,world,cf231,-2.601027488708496,-1.6141009330749512,0.9648889303207397
1773049168,83072241,world,cf231_leg,-2.60060715675354,-1.6177109479904175,0.9500510692596436
1773049168,87853264,world,cf231,-2.6009466648101807,-1.6138566732406616,0.9647419452667236
1773049168,87853264,world,cf231_leg,-2.600740671157837,-1.6177246570587158,0.9501025676727295
1773049168,92926709,world,cf231,-2.6010327339172363,-1.6139330863952637,0.964698314666748
1773049168,92926709,world,cf231_leg,-2.60072922706604,-1.6176143884658813,0.9500732421875
1773049168,97955546,world,cf231,-2.6012911796569824,-1.6139713525772095,0.9647960662841797
1773049168,97955546,world,cf231_leg,-2.6007766723632812,-1.6176270246505737,0.9500069618225098
1773049168,102916968,world,cf231,-2.601257562637329,-1.6137449741363525,0.964619517326355
1773049168,102916968,world,cf231_leg,-2.6007895469665527,-1.6174650192260742,0.9499591588973999
1773049168,107874393,world,cf231,-2.601506233215332,-1.613829493522644,0.9647709131240845
1773049168,107874393,world,cf231_leg,-2.6007957458496094,-1.617384910583496,0.9500447511672974
1773049168,112829686,world,cf231,-2.6014111042022705,-1.613588809967041,0.964568018913269
1773049168,112829686,world,cf231_leg,-2.600963592529297,-1.6174181699752808,0.9499911069869995
1773049168,117810660,world,cf231,-2.601548671722412,-1.613603949546814,0.9646238088607788
1773049168,117810660,world,cf231_leg,-2.601036787033081,-1.6172645092010498,0.9499320983886719
1773049168,122699756,world,cf231,-2.6015706062316895,-1.6135172843933105,0.9645270109176636
1773049168,122699756,world,cf231_leg,-2.600989818572998,-1.617249846458435,0.9499810934066772
1773049168,128637655,world,cf231,-2.601832389831543,-1.613548994064331,0.9645615816116333
1773049168,128637655,world,cf231_leg,-2.6010899543762207,-1.6171988248825073,0.9499695301055908
1773049168,133199676,world,cf231,-2.6019885540008545,-1.6134370565414429,0.9646426439285278
1773049168,133199676,world,cf231_leg,-2.601114273071289,-1.616990327835083,0.9498463869094849
1773049168,138914535,world,cf231,-2.602144241333008,-1.613483190536499,0.9645946025848389
1773049168,138914535,world,cf231_leg,-2.6012024879455566,-1.6169401407241821,0.9497439861297607
1773049168,143015234,world,cf231,-2.602207899093628,-1.6133332252502441,0.9644752740859985
1773049168,143015234,world,cf231_leg,-2.601372480392456,-1.616902232170105,0.9498658180236816
1773049168,147822703,world,cf231,-2.6022987365722656,-1.6133280992507935,0.9645398855209351
1773049168,147822703,world,cf231_leg,-2.6012728214263916,-1.6167519092559814,0.9498250484466553
1773049168,152732198,world,cf231,-2.602487325668335,-1.6132398843765259,0.9645564556121826
1773049168,152732198,world,cf231_leg,-2.6014530658721924,-1.6166232824325562,0.9497237205505371
1773049168,158696520,world,cf231,-2.602492570877075,-1.6131170988082886,0.964523434638977
1773049168,158696520,world,cf231_leg,-2.601454496383667,-1.61650812625885,0.949750542640686
1773049168,162817651,world,cf231,-2.6026906967163086,-1.6131458282470703,0.9646081924438477
1773049168,162817651,world,cf231_leg,-2.60154128074646,-1.6164640188217163,0.949699878692627
1773049168,168757697,world,cf231,-2.6027414798736572,-1.6130422353744507,0.9645699262619019
1773049168,168757697,world,cf231_leg,-2.6014959812164307,-1.6161746978759766,0.9496551752090454
1773049168,172793529,world,cf231,-2.602731466293335,-1.6129285097122192,0.964519739151001
1773049168,172793529,world,cf231_leg,-2.6015467643737793,-1.616068720817566,0.9495799541473389
1773049168,178686120,world,cf231,-2.6028342247009277,-1.6128791570663452,0.9645249843597412
1773049168,178686120,world,cf231_leg,-2.6016480922698975,-1.6160621643066406,0.9497153759002686
1773049168,182903031,world,cf231,-2.6028783321380615,-1.612696886062622,0.9645133018493652
1773049168,182903031,world,cf231_leg,-2.60174298286438,-1.6158621311187744,0.9496927261352539
1773049168,187928464,world,cf231,-2.6029043197631836,-1.6126457452774048,0.9644920825958252
1773049168,187928464,world,cf231_leg,-2.6017279624938965,-1.615670919418335,0.949638843536377
1773049168,192760170,world,cf231,-2.6029319763183594,-1.6124746799468994,0.9644848108291626
1773049168,192760170,world,cf231_leg,-2.60184383392334,-1.615584135055542,0.9497725963592529
1773049168,197726250,world,cf231,-2.6030473709106445,-1.6124234199523926,0.9645686149597168
1773049168,197726250,world,cf231_leg,-2.6018691062927246,-1.6153775453567505,0.9498662948608398
1773049168,203581018,world,cf231,-2.603123188018799,-1.6124244928359985,0.9645973443984985
1773049168,203581018,world,cf231_leg,-2.601984977722168,-1.6152055263519287,0.9499180316925049
1773049168,208091155,world,cf231,-2.603118658065796,-1.6121913194656372,0.9645322561264038
1773049168,208091155,world,cf231_leg,-2.6020424365997314,-1.615065336227417,0.9500943422317505
1773049168,213695423,world,cf231,-2.6031875610351562,-1.6121230125427246,0.9646428823471069
1773049168,213695423,world,cf231_leg,-2.602067232131958,-1.6148544549942017,0.9499543905258179
1773049168,217850207,world,cf231,-2.6032276153564453,-1.6119061708450317,0.9647916555404663
1773049168,217850207,world,cf231_leg,-2.6022181510925293,-1.6147435903549194,0.95003342628479
1773049168,222728253,world,cf231,-2.6033923625946045,-1.6118683815002441,0.9648038148880005
1773049168,222728253,world,cf231_leg,-2.60215163230896,-1.6145001649856567,0.9499536752700806
1773049168,228637910,world,cf231,-2.6034364700317383,-1.6116927862167358,0.9648278951644897
1773049168,228637910,world,cf231_leg,-2.60217547416687,-1.614295244216919,0.9500670433044434
1773049168,232828218,world,cf231,-2.6034412384033203,-1.6115726232528687,0.9648149013519287
1773049168,232828218,world,cf231_leg,-2.6022698879241943,-1.614208698272705,0.9499989748001099
1773049168,237721085,world,cf231,-2.603529930114746,-1.6114153861999512,0.9648358821868896
1773049168,237721085,world,cf231_leg,-2.6023194789886475,-1.613996982574463,0.9502396583557129
1773049168,242648008,world,cf231,-2.603475332260132,-1.6112797260284424,0.9647716283798218
1773049168,242648008,world,cf231_leg,-2.602311849594116,-1.6139228343963623,0.9502882957458496
1773049168,248648201,world,cf231,-2.6033852100372314,-1.6109672784805298,0.964730978012085
1773049168,248648201,world,cf231_leg,-2.602494478225708,-1.6138341426849365,0.9503016471862793
1773049168,252918418,world,cf231,-2.603496551513672,-1.6108769178390503,0.964722752571106
1773049168,252918418,world,cf231_leg,-2.6024296283721924,-1.6136330366134644,0.9503517150878906
1773049168,257885214,world,cf231,-2.603506326675415,-1.6106370687484741,0.9646949768066406
1773049168,257885214,world,cf231_leg,-2.6025278568267822,-1.6135880947113037,0.9503923654556274
1773049168,262935606,world,cf231,-2.603569269180298,-1.6105279922485352,0.9647188186645508
1773049168,262935606,world,cf231_leg,-2.6025235652923584,-1.6133954524993896,0.9504315853118896
1773049168,267881568,world,cf231,-2.603623151779175,-1.6103088855743408,0.9647084474563599
1773049168,267881568,world,cf231_leg,-2.6026244163513184,-1.6132313013076782,0.9504650831222534
1773049168,273643952,world,cf231,-2.6037893295288086,-1.6101510524749756,0.9647358655929565
1773049168,273643952,world,cf231_leg,-2.602593421936035,-1.6130470037460327,0.9503954648971558
1773049168,277922728,world,cf231,-2.603832483291626,-1.6099742650985718,0.9647631645202637
1773049168,277922728,world,cf231_leg,-2.602644681930542,-1.6129900217056274,0.9505001306533813
1773049168,284462444,world,cf231,-2.6039369106292725,-1.609763264656067,0.9646424055099487
1773049168,284462444,world,cf231_leg,-2.6026504039764404,-1.6128655672073364,0.9504381418228149
1773049168,288262067,world,cf231,-2.603945016860962,-1.6095213890075684,0.96462082862854
1773049168,288262067,world,cf231_leg,-2.602668285369873,-1.612470030784607,0.9504066705703735
1773049168,293281632,world,cf231,-2.604147434234619,-1.6094297170639038,0.9646941423416138
1773049168,293281632,world,cf231_leg,-2.602609395980835,-1.6123440265655518,0.9504293203353882
1773049168,297748639,world,cf231,-2.6042842864990234,-1.6091300249099731,0.965032696723938
1773049168,297748639,world,cf231_leg,-2.602651357650757,-1.6121678352355957,0.9504379034042358
1773049168,303554823,world,cf231,-2.6044669151306152,-1.6089640855789185,0.9650741815567017
1773049168,303554823,world,cf231_leg,-2.6026809215545654,-1.6118828058242798,0.9504358768463135
1773049168,308709238,world,cf231,-2.6045007705688477,-1.6087092161178589,0.965154767036438
1773049168,308709238,world,cf231_leg,-2.602731466293335,-1.6117792129516602,0.9503769874572754
1773049168,313167389,world,cf231,-2.6046011447906494,-1.6084703207015991,0.965229868888855
1773049168,313167389,world,cf231_leg,-2.6026899814605713,-1.6115282773971558,0.9504266977310181
1773049168,318669574,world,cf231,-2.604706048965454,-1.6083050966262817,0.9652652740478516
1773049168,318669574,world,cf231_leg,-2.602780818939209,-1.6114070415496826,0.9504995346069336
1773049168,322882150,world,cf231,-2.604708671569824,-1.607988715171814,0.9652858972549438
1773049168,322882150,world,cf231_leg,-2.602858066558838,-1.6111347675323486,0.9504318237304688
1773049168,327718914,world,cf231,-2.6046948432922363,-1.6076840162277222,0.965309739112854
1773049168,327718914,world,cf231_leg,-2.6028409004211426,-1.6109466552734375,0.9504152536392212
1773049168,333861459,world,cf231,-2.604787588119507,-1.6074120998382568,0.9653565883636475
1773049168,333861459,world,cf231_leg,-2.6028549671173096,-1.610668659210205,0.9503971338272095
1773049168,338004200,world,cf231,-2.6048102378845215,-1.607163906097412,0.9653722047805786
1773049168,338004200,world,cf231_leg,-2.602902889251709,-1.6104120016098022,0.9504923820495605
1773049168,343101946,world,cf231,-2.6049728393554688,-1.607016682624817,0.9657173156738281
1773049168,343101946,world,cf231_leg,-2.6029415130615234,-1.610196828842163,0.9504076242446899
1773049168,348026362,world,cf231,-2.6050288677215576,-1.6067079305648804,0.9656015634536743
1773049168,348026362,world,cf231_leg,-2.6031055450439453,-1.6100857257843018,0.950777530670166
1773049168,353036630,world,cf231,-2.60498309135437,-1.606461524963379,0.9657355546951294
1773049168,353036630,world,cf231_leg,-2.603166103363037,-1.6099380254745483,0.9508833885192871
1773049168,358747500,world,cf231,-2.604948043823242,-1.6061506271362305,0.9655206203460693
1773049168,358747500,world,cf231_leg,-2.6032965183258057,-1.6098016500473022,0.9509035348892212
1773049168,363814979,world,cf231,-2.605123519897461,-1.6059489250183105,0.9655150175094604
1773049168,363814979,world,cf231_leg,-2.603318452835083,-1.6095566749572754,0.9509031772613525
1773049168,368327667,world,cf231,-2.6049156188964844,-1.6054872274398804,0.9654086828231812
1773049168,368327667,world,cf231_leg,-2.603398084640503,-1.6094820499420166,0.9510519504547119
1773049168,373166350,world,cf231,-2.6050069332122803,-1.60532546043396,0.9653881788253784
1773049168,373166350,world,cf231_leg,-2.6034905910491943,-1.6092454195022583,0.9511526823043823
1773049168,378180214,world,cf231,-2.6050446033477783,-1.6050549745559692,0.9656291007995605
1773049168,378180214,world,cf231_leg,-2.603484630584717,-1.6090153455734253,0.9510935544967651
1773049168,383717299,world,cf231,-2.6051101684570312,-1.604902982711792,0.965488076210022
1773049168,383717299,world,cf231_leg,-2.603600263595581,-1.6090004444122314,0.951250433921814
1773049168,387830510,world,cf231,-2.6052534580230713,-1.6046838760375977,0.9655838012695312
1773049168,387830510,world,cf231_leg,-2.603585958480835,-1.6086573600769043,0.9511228799819946
1773049168,392880925,world,cf231,-2.605386734008789,-1.604349136352539,0.9658465385437012
1773049168,392880925,world,cf231_leg,-2.603529691696167,-1.6084117889404297,0.9511381387710571
1773049168,397845827,world,cf231,-2.605497121810913,-1.604060411453247,0.9658514261245728
1773049168,397845827,world,cf231_leg,-2.6035594940185547,-1.608241081237793,0.9510883092880249
1773049168,402775912,world,cf231,-2.605537176132202,-1.6036932468414307,0.9659513235092163
1773049168,402775912,world,cf231_leg,-2.60353684425354,-1.6079833507537842,0.9511299133300781
1773049168,408048000,world,cf231,-2.6054975986480713,-1.603439450263977,0.9659966230392456
1773049168,408048000,world,cf231_leg,-2.6034908294677734,-1.6076923608779907,0.9510900974273682
1773049168,413673241,world,cf231,-2.605560064315796,-1.603135585784912,0.9660499095916748
1773049168,413673241,world,cf231_leg,-2.6035139560699463,-1.6074427366256714,0.951056957244873
1773049168,417789912,world,cf231,-2.6056652069091797,-1.6029702425003052,0.9660863876342773
1773049168,417789912,world,cf231_leg,-2.6034302711486816,-1.607213020324707,0.9510107040405273
1773049168,423647510,world,cf231,-2.6057276725769043,-1.6026662588119507,0.9661399126052856
1773049168,423647510,world,cf231_leg,-2.603468894958496,-1.6070411205291748,0.9510769844055176
1773049168,427832454,world,cf231,-2.6057753562927246,-1.6023720502853394,0.9661746025085449
1773049168,427832454,world,cf231_leg,-2.603426456451416,-1.606745719909668,0.9509797096252441
1773049168,432805426,world,cf231,-2.6058218479156494,-1.6021915674209595,0.966158390045166
1773049168,432805426,world,cf231_leg,-2.603372812271118,-1.606494426727295,0.9509425163269043
1773049168,438550523,world,cf231,-2.605717420578003,-1.601821780204773,0.9663299322128296
1773049168,438550523,world,cf231_leg,-2.6033403873443604,-1.6063165664672852,0.9509230852127075
1773049168,442914922,world,cf231,-2.6056792736053467,-1.6015625,0.9663363695144653
1773049168,442914922,world,cf231_leg,-2.6034035682678223,-1.6062076091766357,0.9509222507476807
1773049168,448765319,world,cf231,-2.6056108474731445,-1.601159691810608,0.9664207696914673
1773049168,448765319,world,cf231_leg,-2.6034226417541504,-1.6059671640396118,0.9509783983230591
1773049168,452679783,world,cf231,-2.6056759357452393,-1.6010557413101196,0.9664568901062012
1773049168,452679783,world,cf231_leg,-2.6034605503082275,-1.6059091091156006,0.9509983062744141
1773049168,457821457,world,cf231,-2.6056346893310547,-1.6007585525512695,0.9663670063018799
1773049168,457821457,world,cf231_leg,-2.603522300720215,-1.605804443359375,0.9510316848754883
1773049168,462964421,world,cf231,-2.605560302734375,-1.6004393100738525,0.9663635492324829
1773049168,462964421,world,cf231_leg,-2.603529453277588,-1.6055669784545898,0.9510133266448975
1773049168,468651875,world,cf231,-2.6055493354797363,-1.6001267433166504,0.9663275480270386
1773049168,468651875,world,cf231_leg,-2.6034741401672363,-1.6054362058639526,0.9509788751602173
1773049168,472868195,world,cf231,-2.6054790019989014,-1.5998876094818115,0.9663209915161133
1773049168,472868195,world,cf231_leg,-2.6035656929016113,-1.6053154468536377,0.9510512351989746
1773049168,477854387,world,cf231,-2.60546875,-1.5995721817016602,0.9662652015686035
1773049168,477854387,world,cf231_leg,-2.6036033630371094,-1.6051020622253418,0.9509842395782471
1773049168,482700663,world,cf231,-2.6053035259246826,-1.599254846572876,0.9661778211593628
1773049168,482700663,world,cf231_leg,-2.603703498840332,-1.6049028635025024,0.9511368274688721
1773049168,487881595,world,cf231,-2.6052510738372803,-1.5990023612976074,0.9661457538604736
1773049168,487881595,world,cf231_leg,-2.6036617755889893,-1.6046104431152344,0.9510530233383179
1773049168,492764050,world,cf231,-2.6052255630493164,-1.5987415313720703,0.9662296772003174
1773049168,492764050,world,cf231_leg,-2.603626012802124,-1.6043950319290161,0.9511609077453613
1773049168,498719006,world,cf231,-2.6051764488220215,-1.5983701944351196,0.96620774269104
1773049168,498719006,world,cf231_leg,-2.603691816329956,-1.6041719913482666,0.9511831998825073
1773049168,502749156,world,cf231,-2.605184316635132,-1.5981309413909912,0.966206431388855
1773049168,502749156,world,cf231_leg,-2.6036036014556885,-1.6038601398468018,0.9511163234710693
1773049168,507833350,world,cf231,-2.605081081390381,-1.597978949546814,0.9661935567855835
1773049168,507833350,world,cf231_leg,-2.6036319732666016,-1.6036875247955322,0.9510723352432251
1773049168,513622564,world,cf231,-2.6050198078155518,-1.597655177116394,0.9662494659423828
1773049168,513622564,world,cf231_leg,-2.6036746501922607,-1.6035144329071045,0.9510951042175293
1773049168,517909075,world,cf231,-2.6049656867980957,-1.5974042415618896,0.9662400484085083
1773049168,517909075,world,cf231_leg,-2.603667974472046,-1.6031605005264282,0.9510425329208374
1773049168,522865064,world,cf231,-2.6050097942352295,-1.597227931022644,0.9662667512893677
1773049168,522865064,world,cf231_leg,-2.6036980152130127,-1.6030305624008179,0.951128363609314
1773049168,528754106,world,cf231,-2.60493540763855,-1.5969053506851196,0.966245174407959
1773049168,528754106,world,cf231_leg,-2.6037096977233887,-1.6027133464813232,0.9512186050415039
1773049168,533336011,world,cf231,-2.604945659637451,-1.5966649055480957,0.9662193059921265
1773049168,533336011,world,cf231_leg,-2.6037380695343018,-1.602657675743103,0.9511420726776123
1773049168,537857434,world,cf231,-2.6049516201019287,-1.5965811014175415,0.9663077592849731
1773049168,537857434,world,cf231_leg,-2.603787899017334,-1.6024388074874878,0.9511339664459229
1773049168,542935375,world,cf231,-2.604823589324951,-1.5963242053985596,0.9662274122238159
1773049168,542935375,world,cf231_leg,-2.6036736965179443,-1.6022989749908447,0.9510886669158936
1773049168,547840754,world,cf231,-2.604867696762085,-1.596151351928711,0.9662712812423706
1773049168,547840754,world,cf231_leg,-2.6037967205047607,-1.6022001504898071,0.9510955810546875
1773049168,552957100,world,cf231,-2.6048173904418945,-1.5958973169326782,0.9662154912948608
1773049168,552957100,world,cf231_leg,-2.603849411010742,-1.6019811630249023,0.9510642290115356
1773049168,557847777,world,cf231,-2.60488224029541,-1.5955907106399536,0.9664617776870728
1773049168,557847777,world,cf231_leg,-2.603888988494873,-1.6019221544265747,0.9510636329650879
1773049168,562827351,world,cf231,-2.6049327850341797,-1.5954861640930176,0.9664260149002075
1773049168,562827351,world,cf231_leg,-2.603912830352783,-1.6018725633621216,0.9510624408721924
1773049168,567878718,world,cf231,-2.6048545837402344,-1.5952850580215454,0.9664140939712524
1773049168,567878718,world,cf231_leg,-2.603882312774658,-1.6016958951950073,0.9510387182235718
1773049168,572817907,world,cf231,-2.6048710346221924,-1.5951197147369385,0.9663437604904175
1773049168,572817907,world,cf231_leg,-2.6039018630981445,-1.6014095544815063,0.9509279727935791
1773049168,577837807,world,cf231,-2.604875087738037,-1.595001459121704,0.9663523435592651
1773049168,577837807,world,cf231_leg,-2.6038429737091064,-1.601283311843872,0.9509503841400146
1773049168,582896454,world,cf231,-2.6048343181610107,-1.594700574874878,0.9662444591522217
1773049168,582896454,world,cf231_leg,-2.603834629058838,-1.6011701822280884,0.9508816003799438
1773049168,588165424,world,cf231,-2.6048243045806885,-1.5945897102355957,0.9662131071090698
1773049168,588165424,world,cf231_leg,-2.603929042816162,-1.6010522842407227,0.9509445428848267
1773049168,592900727,world,cf231,-2.604743719100952,-1.5943894386291504,0.96622633934021
1773049168,592900727,world,cf231_leg,-2.603797197341919,-1.6007593870162964,0.9507869482040405
1773049168,598032491,world,cf231,-2.604785680770874,-1.594327688217163,0.965986967086792
1773049168,598032491,world,cf231_leg,-2.6038360595703125,-1.600702166557312,0.9508044719696045
1773049168,602734958,world,cf231,-2.604825496673584,-1.5941168069839478,0.9661744832992554
1773049168,602734958,world,cf231_leg,-2.603827476501465,-1.6004713773727417,0.9507708549499512
1773049168,608657353,world,cf231,-2.6047182083129883,-1.5939252376556396,0.966069221496582
1773049168,608657353,world,cf231_leg,-2.6037614345550537,-1.6002277135849,0.9506903886795044
1773049168,612930348,world,cf231,-2.6048989295959473,-1.5938822031021118,0.9661179780960083
1773049168,612930348,world,cf231_leg,-2.6037096977233887,-1.5999805927276611,0.9506626129150391
1773049168,617761539,world,cf231,-2.604774236679077,-1.5937007665634155,0.9660199880599976
1773049168,617761539,world,cf231_leg,-2.603661060333252,-1.599806308746338,0.9506140947341919
1773049168,623158460,world,cf231,-2.604764938354492,-1.593587040901184,0.9659693241119385
1773049168,623158460,world,cf231_leg,-2.603588581085205,-1.5996428728103638,0.9504470825195312
1773049168,628702002,world,cf231,-2.604769468307495,-1.5934662818908691,0.9659578800201416
1773049168,628702002,world,cf231_leg,-2.6036317348480225,-1.5994646549224854,0.9504386186599731
1773049168,632962613,world,cf231,-2.604675769805908,-1.5932670831680298,0.9658936262130737
1773049168,632962613,world,cf231_leg,-2.603574275970459,-1.5993369817733765,0.9504413604736328
1773049168,638626451,world,cf231,-2.6047635078430176,-1.5932269096374512,0.9658825397491455
1773049168,638626451,world,cf231_leg,-2.6035635471343994,-1.5992239713668823,0.9503960609436035
1773049168,642854575,world,cf231,-2.6046297550201416,-1.593092918395996,0.9658346176147461
1773049168,642854575,world,cf231_leg,-2.60355544090271,-1.5989909172058105,0.9503457546234131
1773049168,647726958,world,cf231,-2.604670524597168,-1.593035101890564,0.9658514261245728
1773049168,647726958,world,cf231_leg,-2.6035890579223633,-1.5988538265228271,0.9503593444824219
1773049168,652755276,world,cf231,-2.604562997817993,-1.5928466320037842,0.9657647609710693
1773049168,652755276,world,cf231_leg,-2.603633165359497,-1.5988737344741821,0.9503655433654785
1773049168,659640766,world,cf231,-2.6046717166900635,-1.592875361442566,0.9657464027404785
1773049168,659640766,world,cf231_leg,-2.6036107540130615,-1.598649263381958,0.9502936601638794
1773049168,662929907,world,cf231,-2.604616641998291,-1.5927420854568481,0.9657015800476074
1773049168,662929907,world,cf231_leg,-2.603548049926758,-1.5984444618225098,0.9503079652786255
1773049168,668638941,world,cf231,-2.6046297550201416,-1.5927338600158691,0.9657442569732666
1773049168,668638941,world,cf231_leg,-2.603604793548584,-1.598415732383728,0.9502208232879639
1773049168,673827095,world,cf231,-2.6045238971710205,-1.5925472974777222,0.9656519889831543
1773049168,673827095,world,cf231_leg,-2.603656768798828,-1.5983566045761108,0.9503096342086792
1773049168,677932234,world,cf231,-2.604585647583008,-1.5925551652908325,0.9656431674957275
1773049168,677932234,world,cf231_leg,-2.6036572456359863,-1.598354458808899,0.950292706489563
1773049168,683545182,world,cf231,-2.604541540145874,-1.5923796892166138,0.9655605554580688
1773049168,683545182,world,cf231_leg,-2.6037099361419678,-1.5981351137161255,0.9502623081207275
1773049168,688608911,world,cf231,-2.604443311691284,-1.592305064201355,0.9655240774154663
1773049168,688608911,world,cf231_leg,-2.6036643981933594,-1.5981165170669556,0.9502756595611572
1773049168,692965388,world,cf231,-2.6044836044311523,-1.592246651649475,0.9655426740646362
1773049168,692965388,world,cf231_leg,-2.603753089904785,-1.597956895828247,0.9502536058425903
1773049168,698145066,world,cf231,-2.6043992042541504,-1.5921292304992676,0.9654417037963867
1773049168,698145066,world,cf231_leg,-2.6037425994873047,-1.597841501235962,0.9501920938491821
1773049168,703154870,world,cf231,-2.6043899059295654,-1.5920542478561401,0.9655135869979858
1773049168,703154870,world,cf231_leg,-2.603672504425049,-1.5977213382720947,0.9501533508300781
1773049168,708073616,world,cf231,-2.6043055057525635,-1.5919368267059326,0.9654128551483154
1773049168,708073616,world,cf231_leg,-2.6038320064544678,-1.5976852178573608,0.9501835107803345
1773049168,712915505,world,cf231,-2.6044061183929443,-1.5918917655944824,0.9654622077941895
1773049168,712915505,world,cf231_leg,-2.603825330734253,-1.5974537134170532,0.9501277208328247
1773049168,717923029,world,cf231,-2.6043708324432373,-1.5918262004852295,0.9654136896133423
1773049168,717923029,world,cf231_leg,-2.6038119792938232,-1.5973457098007202,0.9501378536224365
1773049168,725343149,world,cf231,-2.604257106781006,-1.5917636156082153,0.9653785228729248
1773049168,725343149,world,cf231_leg,-2.6039018630981445,-1.597342848777771,0.9501988887786865
1773049168,727960295,world,cf231,-2.6043355464935303,-1.591763973236084,0.9653831720352173
1773049168,727960295,world,cf231_leg,-2.6039671897888184,-1.5972306728363037,0.9501609802246094
1773049168,735025315,world,cf231,-2.6043407917022705,-1.5916436910629272,0.9653698205947876
1773049168,735025315,world,cf231_leg,-2.6040055751800537,-1.5970171689987183,0.9500938653945923
1773049168,738631466,world,cf231,-2.6042704582214355,-1.5915124416351318,0.9652726650238037
1773049168,738631466,world,cf231_leg,-2.603963613510132,-1.5968822240829468,0.9501140117645264
1773049168,743818524,world,cf231,-2.604321002960205,-1.5914146900177002,0.9652727842330933
1773049168,743818524,world,cf231_leg,-2.604010820388794,-1.5967828035354614,0.9501131772994995
1773049168,747897504,world,cf231,-2.6043639183044434,-1.5913524627685547,0.9652475118637085
1773049168,747897504,world,cf231_leg,-2.604055166244507,-1.5966053009033203,0.9501018524169922
1773049168,752731002,world,cf231,-2.6044235229492188,-1.591368317604065,0.9652985334396362
1773049168,752731002,world,cf231_leg,-2.603926420211792,-1.596310019493103,0.949903130531311
1773049168,760740559,world,cf231,-2.6043262481689453,-1.5911366939544678,0.965175986289978
1773049168,760740559,world,cf231_leg,-2.604024887084961,-1.5962624549865723,0.9499305486679077
1773049168,762867412,world,cf231,-2.6044440269470215,-1.5910810232162476,0.9652197360992432
1773049168,762867412,world,cf231_leg,-2.6039907932281494,-1.5960849523544312,0.9499330520629883
1773049168,769035106,world,cf231,-2.6042897701263428,-1.590875267982483,0.96515953540802
1773049168,769035106,world,cf231_leg,-2.604161024093628,-1.5960474014282227,0.9500576257705688
1773049168,772827820,world,cf231,-2.6044042110443115,-1.5907808542251587,0.9651088714599609
1773049168,772827820,world,cf231_leg,-2.604091167449951,-1.5959221124649048,0.9499870538711548
1773049168,778107014,world,cf231,-2.6045403480529785,-1.5908013582229614,0.9652073383331299
1773049168,778107014,world,cf231_leg,-2.604203701019287,-1.5958245992660522,0.9499011039733887
1773049168,783086481,world,cf231,-2.604545831680298,-1.590678095817566,0.9651752710342407
1773049168,783086481,world,cf231_leg,-2.604221820831299,-1.5956999063491821,0.9499285221099854
1773049168,788361828,world,cf231,-2.6046111583709717,-1.5905705690383911,0.9651947021484375
1773049168,788361828,world,cf231_leg,-2.6042850017547607,-1.5955908298492432,0.9499286413192749
1773049168,793844096,world,cf231,-2.6046228408813477,-1.59052574634552,0.9651367664337158
1773049168,793844096,world,cf231_leg,-2.60442852973938,-1.5955251455307007,0.950042724609375
1773049168,799037977,world,cf231,-2.6047797203063965,-1.5903685092926025,0.9650622606277466
1773049168,799037977,world,cf231_leg,-2.6043834686279297,-1.595389485359192,0.9500889778137207
1773049168,802855566,world,cf231,-2.6048800945281982,-1.5903264284133911,0.9651311635971069
1773049168,802855566,world,cf231_leg,-2.6044485569000244,-1.5952824354171753,0.950082540512085
1773049168,807802227,world,cf231,-2.604842185974121,-1.5902682542800903,0.9651437997817993
1773049168,807802227,world,cf231_leg,-2.6045846939086914,-1.595293402671814,0.9500977993011475
1773049168,812762295,world,cf231,-2.604874849319458,-1.5900909900665283,0.965071439743042
1773049168,812762295,world,cf231_leg,-2.6046440601348877,-1.5951520204544067,0.9502561092376709
1773049168,818166230,world,cf231,-2.604994535446167,-1.590076208114624,0.96523118019104
1773049168,818166230,world,cf231_leg,-2.6047000885009766,-1.5951228141784668,0.9501709938049316
1773049168,823636633,world,cf231,-2.605074167251587,-1.589962124824524,0.9652886390686035
1773049168,823636633,world,cf231_leg,-2.6047921180725098,-1.595004916191101,0.950258731842041
1773049168,828341543,world,cf231,-2.605189323425293,-1.5898680686950684,0.9652372598648071
1773049168,828341543,world,cf231_leg,-2.604790687561035,-1.5950061082839966,0.9502787590026855
1773049168,832736001,world,cf231,-2.6051185131073,-1.5897399187088013,0.9651588201522827
1773049168,832736001,world,cf231_leg,-2.6048057079315186,-1.5948398113250732,0.9501965045928955
1773049168,837918377,world,cf231,-2.6051979064941406,-1.589625597000122,0.9652166366577148
1773049168,837918377,world,cf231_leg,-2.6049041748046875,-1.5947952270507812,0.9502378702163696
1773049168,842904242,world,cf231,-2.6053266525268555,-1.5895277261734009,0.9652228355407715
1773049168,842904242,world,cf231_leg,-2.6049084663391113,-1.5946741104125977,0.9502127170562744
1773049168,848545805,world,cf231,-2.605417013168335,-1.5895253419876099,0.9653090238571167
1773049168,848545805,world,cf231_leg,-2.6050398349761963,-1.5946520566940308,0.9503885507583618
1773049168,853724242,world,cf231,-2.6054470539093018,-1.589355707168579,0.9652975797653198
1773049168,853724242,world,cf231_leg,-2.6050643920898438,-1.5946033000946045,0.9503850936889648
1773049168,857759123,world,cf231,-2.605502128601074,-1.5892879962921143,0.9653348922729492
1773049168,857759123,world,cf231_leg,-2.6051557064056396,-1.5944820642471313,0.9504599571228027
1773049168,862828754,world,cf231,-2.60556960105896,-1.5891790390014648,0.9653304815292358
1773049168,862828754,world,cf231_leg,-2.605232000350952,-1.5944857597351074,0.9504820108413696
1773049168,868780956,world,cf231,-2.6056761741638184,-1.589011311531067,0.9653468132019043
1773049168,868780956,world,cf231_leg,-2.605245590209961,-1.5944790840148926,0.9505213499069214
1773049168,873244657,world,cf231,-2.6057093143463135,-1.5888766050338745,0.9654136896133423
1773049168,873244657,world,cf231_leg,-2.6052465438842773,-1.5943214893341064,0.9504170417785645
1773049168,877833364,world,cf231,-2.6059651374816895,-1.5888404846191406,0.9655312299728394
1773049168,877833364,world,cf231_leg,-2.605372667312622,-1.5942615270614624,0.9505198001861572
1773049168,882865431,world,cf231,-2.606044292449951,-1.5886833667755127,0.9654514789581299
1773049168,882865431,world,cf231_leg,-2.605398654937744,-1.5942139625549316,0.9505120515823364
1773049168,888029835,world,cf231,-2.6062910556793213,-1.588728427886963,0.9654886722564697
1773049168,888029835,world,cf231_leg,-2.6054635047912598,-1.5941038131713867,0.9504917860031128
1773049168,892723955,world,cf231,-2.6063497066497803,-1.5885483026504517,0.9655725955963135
1773049168,892723955,world,cf231_leg,-2.605523109436035,-1.594116449356079,0.950515627861023
1773049168,897765399,world,cf231,-2.6065008640289307,-1.5885144472122192,0.9655303955078125
1773049168,897765399,world,cf231_leg,-2.605541229248047,-1.593994379043579,0.9505586624145508
1773049168,902649323,world,cf231,-2.606679677963257,-1.588472604751587,0.9656037092208862
1773049168,902649323,world,cf231_leg,-2.605531692504883,-1.593882441520691,0.9505094289779663
1773049168,907829647,world,cf231,-2.6068875789642334,-1.5883725881576538,0.9655941724777222
1773049168,907829647,world,cf231_leg,-2.6056535243988037,-1.5939404964447021,0.9506237506866455
1773049168,913034095,world,cf231,-2.606928825378418,-1.588160514831543,0.9655451774597168
1773049168,913034095,world,cf231_leg,-2.6057522296905518,-1.5937814712524414,0.9507136344909668
1773049168,917906316,world,cf231,-2.607079267501831,-1.5881749391555786,0.9656804800033569
1773049168,917906316,world,cf231_leg,-2.6056606769561768,-1.5937049388885498,0.9506226778030396
1773049168,922783001,world,cf231,-2.6072075366973877,-1.5880764722824097,0.9656883478164673
1773049168,922783001,world,cf231_leg,-2.605689525604248,-1.593649983406067,0.9505436420440674
1773049168,928709959,world,cf231,-2.607286214828491,-1.5880769491195679,0.965692400932312
1773049168,928709959,world,cf231_leg,-2.6058547496795654,-1.5936180353164673,0.9507462978363037
1773049168,932807976,world,cf231,-2.6073927879333496,-1.5879089832305908,0.9657096862792969
1773049168,932807976,world,cf231_leg,-2.605833053588867,-1.5933938026428223,0.9506736993789673
1773049168,937714196,world,cf231,-2.6074459552764893,-1.587803602218628,0.9656491279602051
1773049168,937714196,world,cf231_leg,-2.6058707237243652,-1.5934525728225708,0.9506610631942749
1773049168,942849857,world,cf231,-2.6075239181518555,-1.5878065824508667,0.9656733274459839
1773049168,942849857,world,cf231_leg,-2.6059844493865967,-1.5932830572128296,0.95075523853302
1773049168,947873822,world,cf231,-2.607631206512451,-1.5876390933990479,0.9656891822814941
1773049168,947873822,world,cf231_leg,-2.605994462966919,-1.5932399034500122,0.9507161378860474
1773049168,952900478,world,cf231,-2.607767105102539,-1.587504267692566,0.9659379720687866
1773049168,952900478,world,cf231_leg,-2.6060965061187744,-1.5931878089904785,0.950685977935791
1773049168,957859732,world,cf231,-2.6079676151275635,-1.5875290632247925,0.9659832715988159
1773049168,957859732,world,cf231_leg,-2.6060984134674072,-1.5930721759796143,0.9507147073745728
1773049168,962867362,world,cf231,-2.608035087585449,-1.5874205827713013,0.9659783840179443
1773049168,962867362,world,cf231_leg,-2.606052875518799,-1.5929442644119263,0.9508073329925537
1773049168,968626474,world,cf231,-2.6080374717712402,-1.587303876876831,0.966010570526123
1773049168,968626474,world,cf231_leg,-2.606163501739502,-1.5928477048873901,0.9507426023483276
1773049168,973817650,world,cf231,-2.608243703842163,-1.5874035358428955,0.9660121202468872
1773049168,973817650,world,cf231_leg,-2.606175661087036,-1.59284508228302,0.9508167505264282
1773049168,977878152,world,cf231,-2.6083624362945557,-1.5873490571975708,0.9660533666610718
1773049168,977878152,world,cf231_leg,-2.6062614917755127,-1.5928049087524414,0.9508023262023926
1773049168,982775117,world,cf231,-2.6084301471710205,-1.5872372388839722,0.9660302400588989
1773049168,982775117,world,cf231_leg,-2.6062915325164795,-1.5926334857940674,0.9507546424865723
1773049168,987799137,world,cf231,-2.608581781387329,-1.5872493982315063,0.9661439657211304
1773049168,987799137,world,cf231_leg,-2.606342315673828,-1.5925732851028442,0.9508473873138428
1773049168,992906705,world,cf231,-2.6085474491119385,-1.5870262384414673,0.966011643409729
1773049168,992906705,world,cf231_leg,-2.6062355041503906,-1.592387080192566,0.9507720470428467
1773049168,997959577,world,cf231,-2.6087214946746826,-1.5871057510375977,0.9660952091217041
1773049168,997959577,world,cf231_leg,-2.6063928604125977,-1.5924688577651978,0.9507912397384644
1773049169,2803819,world,cf231,-2.6088216304779053,-1.5870177745819092,0.9660074710845947
1773049169,2803819,world,cf231_leg,-2.6063737869262695,-1.5922858715057373,0.9508296251296997
1773049169,8694024,world,cf231,-2.6089515686035156,-1.5869603157043457,0.9661312103271484
1773049169,8694024,world,cf231_leg,-2.6063411235809326,-1.5922361612319946,0.9510455131530762
1773049169,12782594,world,cf231,-2.6090247631073,-1.5869263410568237,0.9660838842391968
1773049169,12782594,world,cf231_leg,-2.606410503387451,-1.5922318696975708,0.9508844614028931
1773049169,18657483,world,cf231,-2.6091625690460205,-1.5869425535202026,0.9661400318145752
1773049169,18657483,world,cf231_leg,-2.6065115928649902,-1.5921815633773804,0.9508727788925171
1773049169,23141884,world,cf231,-2.609327554702759,-1.586904525756836,0.9661561250686646
1773049169,23141884,world,cf231_leg,-2.6064000129699707,-1.5921186208724976,0.9508402347564697
1773049169,28736619,world,cf231,-2.609511613845825,-1.586940884590149,0.9662046432495117
1773049169,28736619,world,cf231_leg,-2.606466293334961,-1.5921366214752197,0.9510321617126465
1773049169,32868910,world,cf231,-2.609480381011963,-1.586756706237793,0.9661662578582764
1773049169,32868910,world,cf231_leg,-2.6064701080322266,-1.5919321775436401,0.9509414434432983
1773049169,38938888,world,cf231,-2.6096386909484863,-1.586844563484192,0.9662340879440308
1773049169,38938888,world,cf231_leg,-2.606532573699951,-1.5919369459152222,0.9508950710296631
1773049169,43474720,world,cf231,-2.609680414199829,-1.5867844820022583,0.9662309885025024
1773049169,43474720,world,cf231_leg,-2.6064743995666504,-1.5919430255889893,0.9511638879776001
1773049169,47866183,world,cf231,-2.609710216522217,-1.5866143703460693,0.9662209749221802
1773049169,47866183,world,cf231_leg,-2.60644268989563,-1.5917624235153198,0.9511289596557617
1773049169,52685236,world,cf231,-2.6098484992980957,-1.5866307020187378,0.9662767648696899
1773049169,52685236,world,cf231_leg,-2.6065773963928223,-1.5917773246765137,0.9511798620223999
1773049169,57775922,world,cf231,-2.6098241806030273,-1.5865226984024048,0.9661908149719238
1773049169,57775922,world,cf231_leg,-2.6065514087677,-1.5918302536010742,0.9512176513671875
1773049169,62953520,world,cf231,-2.6099233627319336,-1.5866377353668213,0.9663450717926025
1773049169,62953520,world,cf231_leg,-2.6066153049468994,-1.5917218923568726,0.9512159824371338
1773049169,67897905,world,cf231,-2.6100382804870605,-1.5865436792373657,0.9662938117980957
1773049169,67897905,world,cf231_leg,-2.606579303741455,-1.5916619300842285,0.9512078762054443
1773049169,72873150,world,cf231,-2.61012864112854,-1.586541771888733,0.9663792848587036
1773049169,72873150,world,cf231_leg,-2.606546401977539,-1.5916410684585571,0.9512937068939209
1773049169,78832005,world,cf231,-2.6101901531219482,-1.5865561962127686,0.9664069414138794
1773049169,78832005,world,cf231_leg,-2.6065590381622314,-1.5915924310684204,0.9512004852294922
1773049169,82960141,world,cf231,-2.610172748565674,-1.5863651037216187,0.9664075374603271
1773049169,82960141,world,cf231_leg,-2.606682538986206,-1.591652274131775,0.9513087272644043
1773049169,88102855,world,cf231,-2.6101272106170654,-1.5861907005310059,0.9663496017456055
1773049169,88102855,world,cf231_leg,-2.6065773963928223,-1.5915117263793945,0.9513781070709229
1773049169,93000721,world,cf231,-2.6103222370147705,-1.5863393545150757,0.9664249420166016
1773049169,93000721,world,cf231_leg,-2.6064438819885254,-1.5914947986602783,0.9513092041015625
1773049169,98045918,world,cf231,-2.6102659702301025,-1.586204171180725,0.9663858413696289
1773049169,98045918,world,cf231_leg,-2.6065030097961426,-1.5915073156356812,0.9513339996337891
1773049169,102722671,world,cf231,-2.6103007793426514,-1.5861105918884277,0.966568112373352
1773049169,102722671,world,cf231_leg,-2.606550931930542,-1.591410517692566,0.9515507221221924
1773049169,107904847,world,cf231,-2.610355854034424,-1.5860463380813599,0.9666229486465454
1773049169,107904847,world,cf231_leg,-2.6065640449523926,-1.5914061069488525,0.951606273651123
1773049169,112701354,world,cf231,-2.6104674339294434,-1.586117148399353,0.9667174816131592
1773049169,112701354,world,cf231_leg,-2.6065673828125,-1.5914452075958252,0.9517002105712891
1773049169,117863613,world,cf231,-2.6103594303131104,-1.5859307050704956,0.9666523933410645
1773049169,117863613,world,cf231_leg,-2.6065311431884766,-1.5913852453231812,0.9516921043395996
1773049169,123045168,world,cf231,-2.6103410720825195,-1.585900068283081,0.9667561054229736
1773049169,123045168,world,cf231_leg,-2.606449604034424,-1.5913066864013672,0.9516969919204712
1773049169,127794236,world,cf231,-2.610452175140381,-1.585963487625122,0.9668164253234863
1773049169,127794236,world,cf231_leg,-2.606431007385254,-1.5912801027297974,0.9518191814422607
1773049169,132689342,world,cf231,-2.6104934215545654,-1.5859098434448242,0.9668494462966919
1773049169,132689342,world,cf231_leg,-2.606440544128418,-1.5912364721298218,0.9517817497253418
1773049169,137814852,world,cf231,-2.610396146774292,-1.5858322381973267,0.966793417930603
1773049169,137814852,world,cf231_leg,-2.6063241958618164,-1.591252326965332,0.9518449306488037
1773049169,143973752,world,cf231,-2.6103482246398926,-1.5858170986175537,0.9668419361114502
1773049169,143973752,world,cf231_leg,-2.60644268989563,-1.5912772417068481,0.9518941640853882
1773049169,147872851,world,cf231,-2.6104040145874023,-1.5857535600662231,0.9668948650360107
1773049169,147872851,world,cf231_leg,-2.6062731742858887,-1.591200590133667,0.9518170356750488
1773049169,152865600,world,cf231,-2.6103270053863525,-1.5857511758804321,0.9668682813644409
1773049169,152865600,world,cf231_leg,-2.606186628341675,-1.5910887718200684,0.951982855796814
1773049169,158714478,world,cf231,-2.6102707386016846,-1.5856620073318481,0.966985821723938
1773049169,158714478,world,cf231_leg,-2.606194496154785,-1.591160774230957,0.9519168138504028
1773049169,163391204,world,cf231,-2.6102306842803955,-1.5857172012329102,0.9669486284255981
1773049169,163391204,world,cf231_leg,-2.606193780899048,-1.5911625623703003,0.951934814453125
1773049169,167805866,world,cf231,-2.6101326942443848,-1.5856424570083618,0.9669121503829956
1773049169,167805866,world,cf231_leg,-2.6060845851898193,-1.591140866279602,0.9520127773284912
1773049169,172958496,world,cf231,-2.6101608276367188,-1.5856355428695679,0.9670251607894897
1773049169,172958496,world,cf231_leg,-2.6060068607330322,-1.5910992622375488,0.9520947933197021
1773049169,177949391,world,cf231,-2.609917402267456,-1.5854288339614868,0.9668600559234619
1773049169,177949391,world,cf231_leg,-2.6059257984161377,-1.591021180152893,0.95209801197052
1773049169,183154713,world,cf231,-2.609927177429199,-1.5855824947357178,0.9670294523239136
1773049169,183154713,world,cf231_leg,-2.6057918071746826,-1.5910041332244873,0.9520299434661865
1773049169,188711920,world,cf231,-2.6097686290740967,-1.585494041442871,0.9669632911682129
1773049169,188711920,world,cf231_leg,-2.6057512760162354,-1.5910677909851074,0.9520629644393921
1773049169,192913525,world,cf231,-2.609766960144043,-1.5854991674423218,0.9670038223266602
1773049169,192913525,world,cf231_leg,-2.6057589054107666,-1.5909831523895264,0.9521162509918213
1773049169,198019318,world,cf231,-2.609743118286133,-1.5855886936187744,0.9671200513839722
1773049169,198019318,world,cf231_leg,-2.6056437492370605,-1.590885877609253,0.9522241353988647
1773049169,203592506,world,cf231,-2.609498977661133,-1.5853846073150635,0.9669750928878784
1773049169,203592506,world,cf231_leg,-2.605424404144287,-1.5909117460250854,0.9521852731704712
1773049169,207951793,world,cf231,-2.6093966960906982,-1.5854706764221191,0.9670687913894653
1773049169,207951793,world,cf231_leg,-2.6055192947387695,-1.5909833908081055,0.9522202014923096
1773049169,212713371,world,cf231,-2.60916805267334,-1.5852644443511963,0.966976523399353
1773049169,212713371,world,cf231_leg,-2.605441093444824,-1.5909440517425537,0.952318549156189
1773049169,219643720,world,cf231,-2.609123945236206,-1.5854804515838623,0.9670685529708862
1773049169,219643720,world,cf231_leg,-2.6052708625793457,-1.590869665145874,0.9522578716278076
1773049169,222716441,world,cf231,-2.6089839935302734,-1.585465431213379,0.9670367240905762
1773049169,222716441,world,cf231_leg,-2.6051723957061768,-1.5909143686294556,0.9522159099578857
1773049169,228531722,world,cf231,-2.608743906021118,-1.5853372812271118,0.9670861959457397
1773049169,228531722,world,cf231_leg,-2.6050782203674316,-1.5908845663070679,0.9523134231567383
1773049169,235146375,world,cf231,-2.6086549758911133,-1.5853406190872192,0.966996431350708
1773049169,235146375,world,cf231_leg,-2.605006456375122,-1.5907628536224365,0.952279806137085
1773049169,237830626,world,cf231,-2.608598470687866,-1.5854458808898926,0.9670846462249756
1773049169,237830626,world,cf231_leg,-2.6048097610473633,-1.5908551216125488,0.9522103071212769
1773049169,243832840,world,cf231,-2.6084210872650146,-1.5854891538619995,0.9670063257217407
1773049169,243832840,world,cf231_leg,-2.604797840118408,-1.5909019708633423,0.9522854089736938
1773049169,247855819,world,cf231,-2.6082277297973633,-1.5853779315948486,0.9670295715332031
1773049169,247855819,world,cf231_leg,-2.6048226356506348,-1.590850591659546,0.9522663354873657
1773049169,252917850,world,cf231,-2.6081361770629883,-1.5855402946472168,0.9670472145080566
1773049169,252917850,world,cf231_leg,-2.6045548915863037,-1.5908218622207642,0.9521603584289551
1773049169,258065004,world,cf231,-2.6079461574554443,-1.5854688882827759,0.9669485092163086
1773049169,258065004,world,cf231_leg,-2.60452938079834,-1.5908726453781128,0.952181339263916
1773049169,263094564,world,cf231,-2.6077964305877686,-1.5855011940002441,0.9669673442840576
1773049169,263094564,world,cf231_leg,-2.6044230461120605,-1.5908480882644653,0.9522203207015991
1773049169,267885674,world,cf231,-2.6076109409332275,-1.5854671001434326,0.9669402837753296
1773049169,267885674,world,cf231_leg,-2.6043484210968018,-1.5908430814743042,0.9521781206130981
1773049169,273140166,world,cf231,-2.607409954071045,-1.5854450464248657,0.9669140577316284
1773049169,273140166,world,cf231_leg,-2.604234457015991,-1.5908955335617065,0.9521173238754272
1773049169,279425925,world,cf231,-2.6072916984558105,-1.5854967832565308,0.9668532609939575
1773049169,279425925,world,cf231_leg,-2.6041741371154785,-1.590887427330017,0.9521262645721436
1773049169,283018428,world,cf231,-2.607144594192505,-1.5855214595794678,0.9668117761611938
1773049169,283018428,world,cf231_leg,-2.6042025089263916,-1.590872883796692,0.9521852731704712
1773049169,287903527,world,cf231,-2.6070048809051514,-1.5855494737625122,0.9669179916381836
1773049169,287903527,world,cf231_leg,-2.603994846343994,-1.5908546447753906,0.9520862102508545
1773049169,292924297,world,cf231,-2.6069042682647705,-1.585594654083252,0.9668674468994141
1773049169,292924297,world,cf231_leg,-2.6038477420806885,-1.5908830165863037,0.9520976543426514
1773049169,298029805,world,cf231,-2.606740951538086,-1.5856274366378784,0.966810941696167
1773049169,298029805,world,cf231_leg,-2.603761911392212,-1.5909234285354614,0.9519085884094238
1773049169,304410315,world,cf231,-2.606504201889038,-1.5855425596237183,0.9667555093765259
1773049169,304410315,world,cf231_leg,-2.6036205291748047,-1.5908348560333252,0.9519052505493164
1773049169,307906691,world,cf231,-2.6063735485076904,-1.5856385231018066,0.9667550325393677
1773049169,307906691,world,cf231_leg,-2.6035823822021484,-1.5908904075622559,0.951869010925293
1773049169,313803347,world,cf231,-2.6060845851898193,-1.5856142044067383,0.9666001796722412
1773049169,313803347,world,cf231_leg,-2.6034369468688965,-1.5909204483032227,0.9518752098083496
1773049169,318952714,world,cf231,-2.605705499649048,-1.5856752395629883,0.9664021730422974
1773049169,318952714,world,cf231_leg,-2.60334849357605,-1.5909219980239868,0.9517937898635864
1773049169,322849289,world,cf231,-2.605468511581421,-1.585699200630188,0.9662549495697021
1773049169,322849289,world,cf231_leg,-2.603285789489746,-1.5909143686294556,0.9518252611160278
1773049169,327804801,world,cf231,-2.605329990386963,-1.5858407020568848,0.9662829637527466
1773049169,327804801,world,cf231_leg,-2.6031389236450195,-1.5909042358398438,0.9517168998718262
1773049169,332829756,world,cf231,-2.605065107345581,-1.5858087539672852,0.9662712812423706
1773049169,332829756,world,cf231_leg,-2.603005886077881,-1.5908855199813843,0.9516304731369019
1773049169,337896820,world,cf231,-2.604807138442993,-1.5858060121536255,0.9662716388702393
1773049169,337896820,world,cf231_leg,-2.6028645038604736,-1.5909947156906128,0.9516432285308838
1773049169,342965927,world,cf231,-2.6046314239501953,-1.585989236831665,0.9664440155029297
1773049169,342965927,world,cf231_leg,-2.602755546569824,-1.5909265279769897,0.9515554904937744
1773049169,347918635,world,cf231,-2.604541301727295,-1.5859345197677612,0.9663634300231934
1773049169,347918635,world,cf231_leg,-2.602536201477051,-1.590952754020691,0.9515149593353271
1773049169,352673693,world,cf231,-2.604330062866211,-1.5859525203704834,0.966354489326477
1773049169,352673693,world,cf231_leg,-2.602393865585327,-1.591019630432129,0.9513963460922241
1773049169,357958067,world,cf231,-2.604114055633545,-1.5860328674316406,0.966407060623169
1773049169,357958067,world,cf231_leg,-2.6022565364837646,-1.590963363647461,0.9512345790863037
1773049169,362824749,world,cf231,-2.603891372680664,-1.5859378576278687,0.9663727283477783
1773049169,362824749,world,cf231_leg,-2.6021173000335693,-1.5910693407058716,0.9512099027633667
1773049169,367912727,world,cf231,-2.603750705718994,-1.5860382318496704,0.9662851095199585
1773049169,367912727,world,cf231_leg,-2.6020431518554688,-1.5910648107528687,0.9511659145355225
1773049169,372868607,world,cf231,-2.603706121444702,-1.5862635374069214,0.9664340019226074
1773049169,372868607,world,cf231_leg,-2.6018643379211426,-1.5910298824310303,0.9511079788208008
1773049169,378743832,world,cf231,-2.603424310684204,-1.5861501693725586,0.9663283824920654
1773049169,378743832,world,cf231_leg,-2.6018171310424805,-1.5910149812698364,0.9511573314666748
1773049169,382959061,world,cf231,-2.6032791137695312,-1.586259365081787,0.9663256406784058
1773049169,382959061,world,cf231_leg,-2.6016416549682617,-1.5910608768463135,0.951124906539917
1773049169,388540547,world,cf231,-2.60313081741333,-1.5862864255905151,0.9663050174713135
1773049169,388540547,world,cf231_leg,-2.6015186309814453,-1.5911574363708496,0.9511003494262695
1773049169,393660683,world,cf231,-2.602851390838623,-1.58626127243042,0.9662548303604126
1773049169,393660683,world,cf231_leg,-2.6013872623443604,-1.5910230875015259,0.9510419368743896
1773049169,397893693,world,cf231,-2.602673053741455,-1.5863035917282104,0.9661791324615479
1773049169,397893693,world,cf231_leg,-2.601179361343384,-1.5910016298294067,0.950928807258606
1773049169,402858417,world,cf231,-2.602560520172119,-1.5863900184631348,0.9661703109741211
1773049169,402858417,world,cf231_leg,-2.601104259490967,-1.5911576747894287,0.951003909111023
1773049169,407839258,world,cf231,-2.6024458408355713,-1.586484432220459,0.9662210941314697
1773049169,407839258,world,cf231_leg,-2.60099720954895,-1.5909717082977295,0.9509272575378418
1773049169,412844203,world,cf231,-2.602193832397461,-1.5865603685379028,0.9661945104598999
1773049169,412844203,world,cf231_leg,-2.6008832454681396,-1.5910264253616333,0.9508829116821289
1773049169,417993226,world,cf231,-2.6018688678741455,-1.586512565612793,0.9661318063735962
1773049169,417993226,world,cf231_leg,-2.60072922706604,-1.5910987854003906,0.9509077072143555
1773049169,422753258,world,cf231,-2.6016461849212646,-1.5865298509597778,0.9660229682922363
1773049169,422753258,world,cf231_leg,-2.6007251739501953,-1.5912203788757324,0.9509320259094238
1773049169,427839118,world,cf231,-2.601402759552002,-1.586567997932434,0.9660009145736694
1773049169,427839118,world,cf231_leg,-2.6006264686584473,-1.5911064147949219,0.9507889747619629
1773049169,432737903,world,cf231,-2.601191759109497,-1.5865861177444458,0.9659919738769531
1773049169,432737903,world,cf231_leg,-2.600484609603882,-1.591017484664917,0.9507864713668823
1773049169,438648045,world,cf231,-2.6010630130767822,-1.5866843461990356,0.9659849405288696
1773049169,438648045,world,cf231_leg,-2.600370407104492,-1.5910722017288208,0.950742244720459
1773049169,443534691,world,cf231,-2.6009931564331055,-1.5868006944656372,0.9660506248474121
1773049169,443534691,world,cf231_leg,-2.6004199981689453,-1.5911279916763306,0.9508054256439209
1773049169,447827632,world,cf231,-2.6008245944976807,-1.5867528915405273,0.9659991264343262
1773049169,447827632,world,cf231_leg,-2.6002352237701416,-1.5910568237304688,0.9506925344467163
1773049169,452859678,world,cf231,-2.6006922721862793,-1.5868151187896729,0.9659172296524048
1773049169,452859678,world,cf231_leg,-2.600172758102417,-1.5911641120910645,0.950674295425415
1773049169,457945812,world,cf231,-2.600466012954712,-1.5868358612060547,0.965854287147522
1773049169,457945812,world,cf231_leg,-2.600257635116577,-1.5912816524505615,0.9507646560668945
1773049169,462902908,world,cf231,-2.6003262996673584,-1.586980938911438,0.9656863212585449
1773049169,462902908,world,cf231_leg,-2.600025177001953,-1.5910390615463257,0.9506161212921143
1773049169,467905025,world,cf231,-2.600095272064209,-1.5869711637496948,0.9655869007110596
1773049169,467905025,world,cf231_leg,-2.59995436668396,-1.591073989868164,0.9506651163101196
1773049169,472639189,world,cf231,-2.599994659423828,-1.5870130062103271,0.9655187129974365
1773049169,472639189,world,cf231_leg,-2.5999176502227783,-1.5911281108856201,0.9506094455718994
1773049169,478793848,world,cf231,-2.599876880645752,-1.587069034576416,0.9654737710952759
1773049169,478793848,world,cf231_leg,-2.59995174407959,-1.5911916494369507,0.9506545066833496
1773049169,482702858,world,cf231,-2.5996689796447754,-1.586968183517456,0.9654754400253296
1773049169,482702858,world,cf231_leg,-2.5997114181518555,-1.5909888744354248,0.9505081176757812
1773049169,488858354,world,cf231,-2.5996005535125732,-1.587037205696106,0.965360164642334
1773049169,488858354,world,cf231_leg,-2.5996735095977783,-1.5910446643829346,0.9504711627960205
1773049169,492939969,world,cf231,-2.599461555480957,-1.5870203971862793,0.9653058052062988
1773049169,492939969,world,cf231_leg,-2.599658489227295,-1.591052532196045,0.9504519701004028
1773049169,497855357,world,cf231,-2.599327802658081,-1.5870376825332642,0.9653048515319824
1773049169,497855357,world,cf231_leg,-2.5996222496032715,-1.5909899473190308,0.9504281282424927
1773049169,502792168,world,cf231,-2.599224328994751,-1.587086796760559,0.9652988910675049
1773049169,502792168,world,cf231_leg,-2.5995535850524902,-1.5910242795944214,0.9504553079605103
1773049169,507846656,world,cf231,-2.599106788635254,-1.5871427059173584,0.9652539491653442
1773049169,507846656,world,cf231_leg,-2.59946346282959,-1.591027021408081,0.950393795967102
1773049169,512952128,world,cf231,-2.5989460945129395,-1.5870596170425415,0.9652270078659058
1773049169,512952128,world,cf231_leg,-2.599414587020874,-1.590969204902649,0.9503129720687866
1773049169,517913355,world,cf231,-2.5988707542419434,-1.5870493650436401,0.9651408195495605
1773049169,517913355,world,cf231_leg,-2.5994012355804443,-1.5909736156463623,0.9502571821212769
1773049169,522940538,world,cf231,-2.598717212677002,-1.5870425701141357,0.9650659561157227
1773049169,522940538,world,cf231_leg,-2.599245309829712,-1.5908907651901245,0.9502171277999878
1773049169,527846053,world,cf231,-2.5986340045928955,-1.5869616270065308,0.9650657176971436
1773049169,527846053,world,cf231_leg,-2.599226474761963,-1.590705156326294,0.9502384662628174
1773049169,532751843,world,cf231,-2.598609447479248,-1.5870113372802734,0.9650636911392212
1773049169,532751843,world,cf231_leg,-2.5991737842559814,-1.590766191482544,0.9501670598983765
1773049169,537947014,world,cf231,-2.5984482765197754,-1.5869277715682983,0.9650379419326782
1773049169,537947014,world,cf231_leg,-2.599093198776245,-1.5906862020492554,0.9501521587371826
1773049169,542799178,world,cf231,-2.5982887744903564,-1.5867969989776611,0.9648306369781494
1773049169,542799178,world,cf231_leg,-2.5990612506866455,-1.5908175706863403,0.9500861167907715
1773049169,548508580,world,cf231,-2.598196268081665,-1.5868006944656372,0.9647679328918457
1773049169,548508580,world,cf231_leg,-2.5990500450134277,-1.5907063484191895,0.9500579833984375
1773049169,552758377,world,cf231,-2.598212480545044,-1.5867888927459717,0.9647654294967651
1773049169,552758377,world,cf231_leg,-2.5990302562713623,-1.5906345844268799,0.9500337839126587
1773049169,557871918,world,cf231,-2.598099708557129,-1.586769700050354,0.9648667573928833
1773049169,557871918,world,cf231_leg,-2.5988941192626953,-1.5906211137771606,0.9500020742416382
1773049169,562849735,world,cf231,-2.5980381965637207,-1.586709976196289,0.9646798372268677
1773049169,562849735,world,cf231_leg,-2.5990025997161865,-1.5906474590301514,0.9499566555023193
1773049169,567929746,world,cf231,-2.598076343536377,-1.5866594314575195,0.9647582769393921
1773049169,567929746,world,cf231_leg,-2.5989444255828857,-1.5905191898345947,0.9499608278274536
1773049169,573726107,world,cf231,-2.598057270050049,-1.5865824222564697,0.9647059440612793
1773049169,573726107,world,cf231_leg,-2.59889554977417,-1.5904611349105835,0.9498802423477173
1773049169,577851588,world,cf231,-2.598090648651123,-1.5866069793701172,0.9646388292312622
1773049169,577851588,world,cf231_leg,-2.59883451461792,-1.5904523134231567,0.9498915672302246
1773049169,582761878,world,cf231,-2.598031520843506,-1.5864795446395874,0.9646593332290649
1773049169,582761878,world,cf231_leg,-2.5988335609436035,-1.5904079675674438,0.9497427940368652
1773049169,587863474,world,cf231,-2.5980193614959717,-1.586478352546692,0.9645605087280273
1773049169,587863474,world,cf231_leg,-2.598827362060547,-1.590332269668579,0.9497725963592529
1773049169,592798479,world,cf231,-2.5979740619659424,-1.5863016843795776,0.9644798040390015
1773049169,592798479,world,cf231_leg,-2.5988588333129883,-1.5903569459915161,0.949722170829773
1773049169,597963115,world,cf231,-2.5980141162872314,-1.5862430334091187,0.9644992351531982
1773049169,597963115,world,cf231_leg,-2.598858594894409,-1.5903568267822266,0.9497226476669312
1773049169,602690562,world,cf231,-2.597928285598755,-1.586124062538147,0.964401364326477
1773049169,602690562,world,cf231_leg,-2.598787784576416,-1.5902329683303833,0.9496703147888184
1773049169,607951929,world,cf231,-2.597940444946289,-1.5860761404037476,0.9643239974975586
1773049169,607951929,world,cf231_leg,-2.5987329483032227,-1.5900996923446655,0.9496179819107056
1773049169,614572779,world,cf231,-2.5980091094970703,-1.5859616994857788,0.9642801284790039
1773049169,614572779,world,cf231_leg,-2.598815679550171,-1.5901765823364258,0.9495950937271118
1773049169,618040113,world,cf231,-2.598112106323242,-1.585915446281433,0.9643059968948364
1773049169,618040113,world,cf231_leg,-2.5988523960113525,-1.5901225805282593,0.9496504068374634
1773049169,622989988,world,cf231,-2.598052740097046,-1.5857844352722168,0.9643088579177856
1773049169,622989988,world,cf231_leg,-2.5988662242889404,-1.5900721549987793,0.9495381116867065
1773049169,627790894,world,cf231,-2.59814453125,-1.5857378244400024,0.9642331600189209
1773049169,627790894,world,cf231_leg,-2.598924398422241,-1.5900861024856567,0.9495818614959717
1773049169,632764804,world,cf231,-2.5981967449188232,-1.5856349468231201,0.9641923904418945
1773049169,632764804,world,cf231_leg,-2.5988900661468506,-1.5900224447250366,0.9495372772216797
1773049169,637880460,world,cf231,-2.5983340740203857,-1.5855183601379395,0.9640307426452637
1773049169,637880460,world,cf231_leg,-2.598843812942505,-1.589847445487976,0.949465274810791
1773049169,642872283,world,cf231,-2.5983011722564697,-1.5853327512741089,0.9639947414398193
1773049169,642872283,world,cf231_leg,-2.598881244659424,-1.589905858039856,0.9494549036026001
1773049169,648680701,world,cf231,-2.5983963012695312,-1.5853651762008667,0.9639192819595337
1773049169,648680701,world,cf231_leg,-2.5989508628845215,-1.5898748636245728,0.9494407176971436
1773049169,652941562,world,cf231,-2.598431348800659,-1.5852290391921997,0.9639619588851929
1773049169,652941562,world,cf231_leg,-2.598968744277954,-1.5897495746612549,0.9494693279266357
1773049169,657788589,world,cf231,-2.598482847213745,-1.585125207901001,0.963923454284668
1773049169,657788589,world,cf231_leg,-2.59900164604187,-1.5897705554962158,0.949383020401001
1773049169,662830173,world,cf231,-2.598435163497925,-1.584903359413147,0.9637106657028198
1773049169,662830173,world,cf231_leg,-2.5990538597106934,-1.5896625518798828,0.9492899179458618
1773049169,668605685,world,cf231,-2.5985267162323,-1.5847439765930176,0.9637101888656616
1773049169,668605685,world,cf231_leg,-2.599071502685547,-1.5895397663116455,0.9493345022201538
1773049169,672803405,world,cf231,-2.5985703468322754,-1.5846822261810303,0.9636831283569336
1773049169,672803405,world,cf231_leg,-2.5990538597106934,-1.589421033859253,0.9491211175918579
1773049169,677789570,world,cf231,-2.598673105239868,-1.5846325159072876,0.9636914730072021
1773049169,677789570,world,cf231_leg,-2.5991082191467285,-1.589439034461975,0.9492238759994507
1773049169,682914506,world,cf231,-2.5987634658813477,-1.5844721794128418,0.9636940956115723
1773049169,682914506,world,cf231_leg,-2.5990562438964844,-1.5893032550811768,0.949131965637207
1773049169,687827248,world,cf231,-2.5987565517425537,-1.5843504667282104,0.9635823965072632
1773049169,687827248,world,cf231_leg,-2.599092960357666,-1.5892049074172974,0.9490369558334351
1773049169,692735246,world,cf231,-2.5989365577697754,-1.584306001663208,0.9636363983154297
1773049169,692735246,world,cf231_leg,-2.5991690158843994,-1.5890498161315918,0.9489585161209106
1773049169,697846820,world,cf231,-2.599032163619995,-1.5841476917266846,0.9636054039001465
1773049169,697846820,world,cf231_leg,-2.599062204360962,-1.5890220403671265,0.9489836692810059
1773049169,702859762,world,cf231,-2.599147081375122,-1.5840563774108887,0.9635729789733887
1773049169,702859762,world,cf231_leg,-2.5991618633270264,-1.5889315605163574,0.9488568305969238
1773049169,707895648,world,cf231,-2.5992414951324463,-1.5838935375213623,0.9635272026062012
1773049169,707895648,world,cf231_leg,-2.5991744995117188,-1.5887709856033325,0.9488269090652466
1773049169,712980182,world,cf231,-2.5994551181793213,-1.5839130878448486,0.9636354446411133
1773049169,712980182,world,cf231_leg,-2.599199056625366,-1.588719367980957,0.9488086700439453
1773049169,717946375,world,cf231,-2.59946870803833,-1.5835105180740356,0.9634799957275391
1773049169,717946375,world,cf231_leg,-2.5992510318756104,-1.588613510131836,0.9487318992614746
1773049169,722828789,world,cf231,-2.599531650543213,-1.583364725112915,0.9634021520614624
1773049169,722828789,world,cf231_leg,-2.5992438793182373,-1.5883805751800537,0.9486793279647827
1773049169,727930524,world,cf231,-2.59980845451355,-1.5833967924118042,0.9635162353515625
1773049169,727930524,world,cf231_leg,-2.599236011505127,-1.5882648229599,0.9485934972763062
1773049169,732831313,world,cf231,-2.599888801574707,-1.583237648010254,0.9634135961532593
1773049169,732831313,world,cf231_leg,-2.5992844104766846,-1.5882781744003296,0.9485257863998413
1773049169,738741532,world,cf231,-2.6001672744750977,-1.583109974861145,0.9634208679199219
1773049169,738741532,world,cf231_leg,-2.5993824005126953,-1.5880740880966187,0.9484680891036987
1773049169,742879362,world,cf231,-2.6003007888793945,-1.5828940868377686,0.9634343385696411
1773049169,742879362,world,cf231_leg,-2.5993638038635254,-1.5880004167556763,0.9484256505966187
1773049169,748764522,world,cf231,-2.6005759239196777,-1.5828857421875,0.9634300470352173
1773049169,748764522,world,cf231_leg,-2.599465847015381,-1.5879510641098022,0.9484107494354248
1773049169,752927024,world,cf231,-2.6006064414978027,-1.5827162265777588,0.9634174108505249
1773049169,752927024,world,cf231_leg,-2.599578857421875,-1.5877413749694824,0.9483885765075684
1773049169,758716460,world,cf231,-2.600645065307617,-1.5824151039123535,0.963313102722168
1773049169,758716460,world,cf231_leg,-2.5995075702667236,-1.5876145362854004,0.9483222961425781
1773049169,762979799,world,cf231,-2.6007091999053955,-1.5822638273239136,0.9631963968276978
1773049169,762979799,world,cf231_leg,-2.599661350250244,-1.587659478187561,0.9482643604278564
1773049169,768744551,world,cf231,-2.6008963584899902,-1.5821430683135986,0.9633725881576538
1773049169,768744551,world,cf231_leg,-2.59969162940979,-1.5874850749969482,0.948201060295105
1773049169,772804376,world,cf231,-2.6010024547576904,-1.581977367401123,0.9634099006652832
1773049169,772804376,world,cf231_leg,-2.599684238433838,-1.5873844623565674,0.9483968019485474
1773049169,777664934,world,cf231,-2.6010818481445312,-1.5818135738372803,0.9632933139801025
1773049169,777664934,world,cf231_leg,-2.599827527999878,-1.5873371362686157,0.9481163024902344
1773049169,783039186,world,cf231,-2.601189613342285,-1.581646203994751,0.9633080959320068
1773049169,783039186,world,cf231_leg,-2.599883794784546,-1.587244987487793,0.9482780694961548
1773049169,787832298,world,cf231,-2.601332902908325,-1.5815415382385254,0.963353157043457
1773049169,787832298,world,cf231_leg,-2.599857807159424,-1.5870506763458252,0.9481172561645508
1773049169,793868308,world,cf231,-2.6013646125793457,-1.5813660621643066,0.963302493095398
1773049169,793868308,world,cf231_leg,-2.6000678539276123,-1.5870270729064941,0.9480593204498291
1773049169,798003803,world,cf231,-2.601463556289673,-1.5812801122665405,0.9632358551025391
1773049169,798003803,world,cf231_leg,-2.6000494956970215,-1.5870397090911865,0.9480973482131958
1773049169,802911436,world,cf231,-2.601555109024048,-1.5811171531677246,0.9632190465927124
1773049169,802911436,world,cf231_leg,-2.6001029014587402,-1.5868414640426636,0.9478882551193237
1773049169,807913717,world,cf231,-2.6014645099639893,-1.5807658433914185,0.9630786180496216
1773049169,807913717,world,cf231_leg,-2.600271224975586,-1.5868366956710815,0.9477159976959229
1773049169,813733373,world,cf231,-2.60164213180542,-1.5806833505630493,0.9630357027053833
1773049169,813733373,world,cf231_leg,-2.6002249717712402,-1.5867023468017578,0.9477810859680176
1773049169,817878654,world,cf231,-2.6018078327178955,-1.5806459188461304,0.9630510807037354
1773049169,817878654,world,cf231_leg,-2.600316047668457,-1.5867005586624146,0.9478397369384766
1773049169,823606764,world,cf231,-2.6020255088806152,-1.5805047750473022,0.9630279541015625
1773049169,823606764,world,cf231_leg,-2.6003637313842773,-1.5865570306777954,0.9476879835128784
1773049169,828717361,world,cf231,-2.6021268367767334,-1.5804569721221924,0.9630587100982666
1773049169,828717361,world,cf231_leg,-2.60040283203125,-1.5864996910095215,0.9477057456970215
1773049169,832832522,world,cf231,-2.6023306846618652,-1.5803261995315552,0.9630143642425537
1773049169,832832522,world,cf231_leg,-2.6003947257995605,-1.5864274501800537,0.947772741317749
1773049169,838733680,world,cf231,-2.602402687072754,-1.580095648765564,0.9630002975463867
1773049169,838733680,world,cf231_leg,-2.600492477416992,-1.5863375663757324,0.9476675987243652
1773049169,842944277,world,cf231,-2.6024415493011475,-1.579996943473816,0.9629007577896118
1773049169,842944277,world,cf231_leg,-2.6005303859710693,-1.5862820148468018,0.9477040767669678
1773049169,848535691,world,cf231,-2.602534294128418,-1.5798351764678955,0.9628803730010986
1773049169,848535691,world,cf231_leg,-2.6004958152770996,-1.5862205028533936,0.9476759433746338
1773049169,853175223,world,cf231,-2.6026017665863037,-1.5797227621078491,0.9628589153289795
1773049169,853175223,world,cf231_leg,-2.600642204284668,-1.5861860513687134,0.9476370811462402
1773049169,857902978,world,cf231,-2.6028409004211426,-1.5796548128128052,0.9628444910049438
1773049169,857902978,world,cf231_leg,-2.600633382797241,-1.5860744714736938,0.9475857019424438
1773049169,862978643,world,cf231,-2.6028127670288086,-1.579466700553894,0.9627602100372314
1773049169,862978643,world,cf231_leg,-2.60066294670105,-1.5860636234283447,0.9476561546325684
1773049169,867863237,world,cf231,-2.6028764247894287,-1.5793604850769043,0.962803840637207
1773049169,867863237,world,cf231_leg,-2.6006622314453125,-1.5859040021896362,0.9475572109222412
1773049169,872915165,world,cf231,-2.6028547286987305,-1.5792479515075684,0.9626740217208862
1773049169,872915165,world,cf231_leg,-2.600726842880249,-1.5857983827590942,0.947569727897644
1773049169,877874929,world,cf231,-2.6029977798461914,-1.5791429281234741,0.9627202749252319
1773049169,877874929,world,cf231_leg,-2.6007027626037598,-1.5856890678405762,0.9474695920944214
1773049169,883218432,world,cf231,-2.602977991104126,-1.5789133310317993,0.9626234769821167
1773049169,883218432,world,cf231_leg,-2.600717067718506,-1.5856856107711792,0.9475221633911133
1773049169,888825849,world,cf231,-2.603137969970703,-1.5789992809295654,0.962671160697937
1773049169,888825849,world,cf231_leg,-2.6007192134857178,-1.5855262279510498,0.9473985433578491
1773049169,893204894,world,cf231,-2.6030218601226807,-1.578693151473999,0.9625139236450195
1773049169,893204894,world,cf231_leg,-2.6007962226867676,-1.5854133367538452,0.9474527835845947
1773049169,897898468,world,cf231,-2.603229284286499,-1.5788429975509644,0.9626905918121338
1773049169,897898468,world,cf231_leg,-2.6007626056671143,-1.5853501558303833,0.9474059343338013
1773049169,903091766,world,cf231,-2.6032304763793945,-1.5786387920379639,0.9626634120941162
1773049169,903091766,world,cf231_leg,-2.6007895469665527,-1.5852954387664795,0.9473499059677124
1773049169,907943675,world,cf231,-2.6032357215881348,-1.5785146951675415,0.9626332521438599
1773049169,907943675,world,cf231_leg,-2.6008379459381104,-1.5851942300796509,0.9473307132720947
1773049169,913040844,world,cf231,-2.603295087814331,-1.578487753868103,0.9625462293624878
1773049169,913040844,world,cf231_leg,-2.6008028984069824,-1.585129737854004,0.9472881555557251
1773049169,919040633,world,cf231,-2.6032776832580566,-1.5782991647720337,0.962565541267395
1773049169,919040633,world,cf231_leg,-2.6009023189544678,-1.585082769393921,0.9473141431808472
1773049169,923186500,world,cf231,-2.6033437252044678,-1.5781922340393066,0.9625837802886963
1773049169,923186500,world,cf231_leg,-2.600856065750122,-1.5849099159240723,0.9472583532333374
1773049169,928671095,world,cf231,-2.6033318042755127,-1.578194499015808,0.9625024795532227
1773049169,928671095,world,cf231_leg,-2.60078763961792,-1.5847828388214111,0.9471679925918579
1773049169,932857412,world,cf231,-2.6033360958099365,-1.5780693292617798,0.9624755382537842
1773049169,932857412,world,cf231_leg,-2.6007654666900635,-1.584717035293579,0.9471961259841919
1773049169,938778947,world,cf231,-2.603424072265625,-1.5780324935913086,0.9624831676483154
1773049169,938778947,world,cf231_leg,-2.6007683277130127,-1.5845526456832886,0.947040319442749
1773049169,942820864,world,cf231,-2.603390693664551,-1.5780073404312134,0.9625517129898071
1773049169,942820864,world,cf231_leg,-2.6007604598999023,-1.5844777822494507,0.9470913410186768
1773049169,947848288,world,cf231,-2.603330612182617,-1.5778394937515259,0.9624536037445068
1773049169,947848288,world,cf231_leg,-2.600841760635376,-1.5844438076019287,0.9471535682678223
1773049169,953738514,world,cf231,-2.6033713817596436,-1.5777779817581177,0.962454080581665
1773049169,953738514,world,cf231_leg,-2.6008546352386475,-1.5843925476074219,0.947043776512146
1773049169,957885641,world,cf231,-2.6033904552459717,-1.5776500701904297,0.9624818563461304
1773049169,957885641,world,cf231_leg,-2.6007978916168213,-1.5842677354812622,0.9470601081848145
1773049169,963737752,world,cf231,-2.6034610271453857,-1.5777360200881958,0.9624212980270386
1773049169,963737752,world,cf231_leg,-2.600785493850708,-1.584149956703186,0.9470051527023315
1773049169,967946111,world,cf231,-2.603423833847046,-1.5776751041412354,0.9624136686325073
1773049169,967946111,world,cf231_leg,-2.600776433944702,-1.5840378999710083,0.9469553232192993
1773049169,972931314,world,cf231,-2.6034648418426514,-1.5776170492172241,0.9624315500259399
1773049169,972931314,world,cf231_leg,-2.6007869243621826,-1.5841515064239502,0.9470001459121704
1773049169,977839963,world,cf231,-2.603515148162842,-1.5776736736297607,0.9624984264373779
1773049169,977839963,world,cf231_leg,-2.6007800102233887,-1.5839183330535889,0.9469479322433472
1773049169,982880927,world,cf231,-2.603541374206543,-1.5776221752166748,0.9624783992767334
1773049169,982880927,world,cf231_leg,-2.600803852081299,-1.5839864015579224,0.9469120502471924
1773049169,987929493,world,cf231,-2.603456497192383,-1.5774970054626465,0.9623427391052246
1773049169,987929493,world,cf231_leg,-2.6007800102233887,-1.5839210748672485,0.946962833404541
1773049169,993715742,world,cf231,-2.603468418121338,-1.5774980783462524,0.9624420404434204
1773049169,993715742,world,cf231_leg,-2.600799322128296,-1.5837918519973755,0.9469565153121948
1773049169,997796093,world,cf231,-2.603408098220825,-1.5774848461151123,0.9624098539352417
1773049169,997796093,world,cf231_leg,-2.600747585296631,-1.5837363004684448,0.9469157457351685
1773049170,2952943,world,cf231,-2.603419542312622,-1.577439308166504,0.9623535871505737
1773049170,2952943,world,cf231_leg,-2.600724935531616,-1.5836726427078247,0.9469610452651978
1773049170,8001407,world,cf231,-2.603377103805542,-1.5773005485534668,0.9623697996139526
1773049170,8001407,world,cf231_leg,-2.6008737087249756,-1.5836398601531982,0.9469159841537476
1773049170,12747787,world,cf231,-2.6033518314361572,-1.5773495435714722,0.9623695611953735
1773049170,12747787,world,cf231_leg,-2.600775718688965,-1.5835678577423096,0.9469050168991089
1773049170,17942764,world,cf231,-2.6033143997192383,-1.57729172706604,0.9623807668685913
1773049170,17942764,world,cf231_leg,-2.600749969482422,-1.5836209058761597,0.9469425678253174
1773049170,23077846,world,cf231,-2.6033294200897217,-1.577282190322876,0.9623994827270508
1773049170,23077846,world,cf231_leg,-2.600755453109741,-1.5834981203079224,0.9468971490859985
1773049170,28024606,world,cf231,-2.6033365726470947,-1.5774015188217163,0.9624910354614258
1773049170,28024606,world,cf231_leg,-2.600672483444214,-1.5834182500839233,0.9469057321548462
1773049170,33018839,world,cf231,-2.6032166481018066,-1.5772169828414917,0.9623428583145142
1773049170,33018839,world,cf231_leg,-2.6007416248321533,-1.5835044384002686,0.9468590021133423
1773049170,38161698,world,cf231,-2.60318922996521,-1.5772709846496582,0.9623836278915405
1773049170,38161698,world,cf231_leg,-2.6007184982299805,-1.5834370851516724,0.9468921422958374
1773049170,42737356,world,cf231,-2.603111505508423,-1.5770694017410278,0.9623699188232422
1773049170,42737356,world,cf231_leg,-2.600771427154541,-1.5833733081817627,0.9469490051269531
1773049170,48677532,world,cf231,-2.6029913425445557,-1.5769277811050415,0.9623609781265259
1773049170,48677532,world,cf231_leg,-2.600735902786255,-1.5833115577697754,0.9469221830368042
1773049170,52946521,world,cf231,-2.6029512882232666,-1.5769829750061035,0.9623233079910278
1773049170,52946521,world,cf231_leg,-2.600710868835449,-1.5833626985549927,0.9469420909881592
1773049170,58612065,world,cf231,-2.603027820587158,-1.5769879817962646,0.9623706340789795
1773049170,58612065,world,cf231_leg,-2.600773811340332,-1.5832581520080566,0.9469753503799438
1773049170,62897008,world,cf231,-2.602870225906372,-1.5769433975219727,0.9624381065368652
1773049170,62897008,world,cf231_leg,-2.600677251815796,-1.5831873416900635,0.9469600915908813
1773049170,67955310,world,cf231,-2.602806806564331,-1.5769342184066772,0.9624502658843994
1773049170,67955310,world,cf231_leg,-2.600714921951294,-1.5832464694976807,0.9469476938247681
1773049170,72793647,world,cf231,-2.602771282196045,-1.5768710374832153,0.9624210596084595
1773049170,72793647,world,cf231_leg,-2.6006057262420654,-1.5832219123840332,0.9470105171203613
1773049170,77978968,world,cf231,-2.602714776992798,-1.5767391920089722,0.9623986482620239
1773049170,77978968,world,cf231_leg,-2.600597620010376,-1.583105444908142,0.946926474571228
1773049170,82712443,world,cf231,-2.6027586460113525,-1.576918601989746,0.962499737739563
1773049170,82712443,world,cf231_leg,-2.600489377975464,-1.5830793380737305,0.9469703435897827
1773049170,87814562,world,cf231,-2.6026394367218018,-1.5767744779586792,0.9624700546264648
1773049170,87814562,world,cf231_leg,-2.6005828380584717,-1.5831577777862549,0.9470570087432861
1773049170,92959986,world,cf231,-2.602653980255127,-1.576768159866333,0.9625072479248047
1773049170,92959986,world,cf231_leg,-2.60054874420166,-1.5830944776535034,0.9470109939575195
1773049170,98046354,world,cf231,-2.602656841278076,-1.5768065452575684,0.9626038074493408
1773049170,98046354,world,cf231_leg,-2.6005494594573975,-1.5830923318862915,0.9469935894012451
1773049170,102956558,world,cf231,-2.602555513381958,-1.5766960382461548,0.9624894857406616
1773049170,102956558,world,cf231_leg,-2.6005172729492188,-1.5830694437026978,0.9470621347427368
1773049170,108004697,world,cf231,-2.60249662399292,-1.5767202377319336,0.9625570774078369
1773049170,108004697,world,cf231_leg,-2.600470542907715,-1.583055019378662,0.9471091032028198
1773049170,112978720,world,cf231,-2.602447271347046,-1.576707363128662,0.9626262187957764
1773049170,112978720,world,cf231_leg,-2.6004340648651123,-1.582994818687439,0.9471014738082886
1773049170,117836247,world,cf231,-2.602546453475952,-1.5767831802368164,0.9626611471176147
1773049170,117836247,world,cf231_leg,-2.600468397140503,-1.5830585956573486,0.9471461772918701
1773049170,122925011,world,cf231,-2.602510929107666,-1.5767170190811157,0.9626129865646362
1773049170,122925011,world,cf231_leg,-2.600336790084839,-1.582920789718628,0.9470728635787964
1773049170,128092999,world,cf231,-2.602419137954712,-1.5767637491226196,0.9626877307891846
1773049170,128092999,world,cf231_leg,-2.6003518104553223,-1.5829154253005981,0.9471079111099243
1773049170,133636255,world,cf231,-2.6024553775787354,-1.5768271684646606,0.9627161026000977
1773049170,133636255,world,cf231_leg,-2.6003572940826416,-1.5828394889831543,0.9472287893295288
1773049170,137800818,world,cf231,-2.602372884750366,-1.576743721961975,0.9626946449279785
1773049170,137800818,world,cf231_leg,-2.6002917289733887,-1.5827922821044922,0.9473699331283569
1773049170,142836666,world,cf231,-2.6023757457733154,-1.576782464981079,0.9627903699874878
1773049170,142836666,world,cf231_leg,-2.6002886295318604,-1.582912564277649,0.9473752975463867
1773049170,147876387,world,cf231,-2.602360725402832,-1.5767884254455566,0.9627535343170166
1773049170,147876387,world,cf231_leg,-2.6003189086914062,-1.5827820301055908,0.9474631547927856
1773049170,153643172,world,cf231,-2.602307081222534,-1.5768938064575195,0.9628151655197144
1773049170,153643172,world,cf231_leg,-2.600238800048828,-1.5827126502990723,0.9477130174636841
1773049170,157928197,world,cf231,-2.6022703647613525,-1.5768331289291382,0.9628067016601562
1773049170,157928197,world,cf231_leg,-2.600250482559204,-1.5827040672302246,0.9477590322494507
1773049170,162834612,world,cf231,-2.6022727489471436,-1.576867938041687,0.9628859758377075
1773049170,162834612,world,cf231_leg,-2.6001949310302734,-1.5825754404067993,0.9477394819259644
1773049170,167917773,world,cf231,-2.602282762527466,-1.576986312866211,0.9629518985748291
1773049170,167917773,world,cf231_leg,-2.60018253326416,-1.5826218128204346,0.9478168487548828
1773049170,172728041,world,cf231,-2.6023519039154053,-1.577113389968872,0.9630357027053833
1773049170,172728041,world,cf231_leg,-2.600125789642334,-1.5826534032821655,0.9479182958602905
1773049170,178000886,world,cf231,-2.602234363555908,-1.576971173286438,0.9630001783370972
1773049170,178000886,world,cf231_leg,-2.600174903869629,-1.5826826095581055,0.9481301307678223
1773049170,183229445,world,cf231,-2.602158784866333,-1.5769668817520142,0.962950587272644
1773049170,183229445,world,cf231_leg,-2.600114583969116,-1.582557201385498,0.9481720924377441
1773049170,188013975,world,cf231,-2.6021945476531982,-1.5770692825317383,0.9631016254425049
1773049170,188013975,world,cf231_leg,-2.600048303604126,-1.5826325416564941,0.948311448097229
1773049170,192973936,world,cf231,-2.6021599769592285,-1.5770071744918823,0.9630694389343262
1773049170,192973936,world,cf231_leg,-2.6000595092773438,-1.582585096359253,0.9482376575469971
1773049170,198005220,world,cf231,-2.6021335124969482,-1.5770978927612305,0.9632118940353394
1773049170,198005220,world,cf231_leg,-2.599926233291626,-1.5824536085128784,0.9482159614562988
1773049170,203791050,world,cf231,-2.6020820140838623,-1.5770400762557983,0.9631485939025879
1773049170,203791050,world,cf231_leg,-2.6000185012817383,-1.5825778245925903,0.9484721422195435
1773049170,207870780,world,cf231,-2.602069616317749,-1.5770879983901978,0.9632259607315063
1773049170,207870780,world,cf231_leg,-2.5999929904937744,-1.5826314687728882,0.9485080242156982
1773049170,213159425,world,cf231,-2.602048397064209,-1.577021837234497,0.9632525444030762
1773049170,213159425,world,cf231_leg,-2.600008487701416,-1.5825115442276,0.9485918283462524
1773049170,218703246,world,cf231,-2.6021180152893066,-1.5771492719650269,0.9633351564407349
1773049170,218703246,world,cf231_leg,-2.5999045372009277,-1.5824320316314697,0.9483946561813354
1773049170,222902196,world,cf231,-2.601996660232544,-1.5771257877349854,0.9632899761199951
1773049170,222902196,world,cf231_leg,-2.599935293197632,-1.5825496912002563,0.9486784934997559
1773049170,227848591,world,cf231,-2.6019041538238525,-1.5769696235656738,0.9633618593215942
1773049170,227848591,world,cf231_leg,-2.5998528003692627,-1.5824729204177856,0.9487007856369019
1773049170,232945472,world,cf231,-2.6019399166107178,-1.5770719051361084,0.9635130167007446
1773049170,232945472,world,cf231_leg,-2.5998597145080566,-1.5823460817337036,0.9486202001571655
1773049170,238691066,world,cf231,-2.6017820835113525,-1.5769877433776855,0.9634594917297363
1773049170,238691066,world,cf231_leg,-2.599804162979126,-1.5824594497680664,0.9487688541412354
1773049170,244666418,world,cf231,-2.6017680168151855,-1.5770374536514282,0.9635597467422485
1773049170,244666418,world,cf231_leg,-2.5998315811157227,-1.582448959350586,0.9488626718521118
1773049170,247997111,world,cf231,-2.601759910583496,-1.5769636631011963,0.963627815246582
1773049170,247997111,world,cf231_leg,-2.5997464656829834,-1.5823311805725098,0.9487723112106323
1773049170,253748120,world,cf231,-2.601654529571533,-1.5770107507705688,0.9636269807815552
1773049170,253748120,world,cf231_leg,-2.5997414588928223,-1.582297682762146,0.9489345550537109
1773049170,257820005,world,cf231,-2.6015865802764893,-1.576920747756958,0.9636440277099609
1773049170,257820005,world,cf231_leg,-2.5997495651245117,-1.5823702812194824,0.9488668441772461
1773049170,262979723,world,cf231,-2.6015548706054688,-1.5769009590148926,0.9637246131896973
1773049170,262979723,world,cf231_leg,-2.5997819900512695,-1.5822389125823975,0.9489333629608154
1773049170,268554064,world,cf231,-2.6014273166656494,-1.5768882036209106,0.9637875556945801
1773049170,268554064,world,cf231_leg,-2.599637508392334,-1.582153081893921,0.948967456817627
1773049170,272843355,world,cf231,-2.601421356201172,-1.5768061876296997,0.9637964963912964
1773049170,272843355,world,cf231_leg,-2.5996577739715576,-1.5822253227233887,0.9489908218383789
1773049170,277842515,world,cf231,-2.601266622543335,-1.5767381191253662,0.9639928340911865
1773049170,277842515,world,cf231_leg,-2.599684953689575,-1.5822147130966187,0.9490846395492554
1773049170,283655576,world,cf231,-2.601382255554199,-1.5767488479614258,0.9640482664108276
1773049170,283655576,world,cf231_leg,-2.599604606628418,-1.5821348428726196,0.9490689039230347
1773049170,287979747,world,cf231,-2.6013262271881104,-1.5767563581466675,0.964280366897583
1773049170,287979747,world,cf231_leg,-2.5996057987213135,-1.5821305513381958,0.9490343332290649
1773049170,292897892,world,cf231,-2.6011805534362793,-1.5766210556030273,0.9641307592391968
1773049170,292897892,world,cf231_leg,-2.599581241607666,-1.582069993019104,0.9491175413131714
1773049170,297880098,world,cf231,-2.600930690765381,-1.5764282941818237,0.9640873670578003
1773049170,297880098,world,cf231_leg,-2.5995960235595703,-1.582062005996704,0.9491374492645264
1773049170,302954206,world,cf231,-2.6010210514068604,-1.5764720439910889,0.9643329381942749
1773049170,302954206,world,cf231_leg,-2.5995006561279297,-1.5819896459579468,0.9491033554077148
1773049170,307941935,world,cf231,-2.6010353565216064,-1.5764621496200562,0.9643533229827881
1773049170,307941935,world,cf231_leg,-2.599513053894043,-1.5819848775863647,0.9491609334945679
1773049170,313003561,world,cf231,-2.600865125656128,-1.5762708187103271,0.9643118381500244
1773049170,313003561,world,cf231_leg,-2.5995137691497803,-1.581985354423523,0.9491592645645142
1773049170,317804443,world,cf231,-2.6008405685424805,-1.576208233833313,0.9643840789794922
1773049170,317804443,world,cf231_leg,-2.599529504776001,-1.5818660259246826,0.9492409229278564
1773049170,322902391,world,cf231,-2.6008288860321045,-1.5763496160507202,0.964558482170105
1773049170,322902391,world,cf231_leg,-2.599490165710449,-1.581923007965088,0.9492241144180298
1773049170,328404881,world,cf231,-2.600609302520752,-1.5759962797164917,0.9642766714096069
1773049170,328404881,world,cf231_leg,-2.599482297897339,-1.5818510055541992,0.9492900371551514
1773049170,332911666,world,cf231,-2.6006524562835693,-1.5760725736618042,0.9645087718963623
1773049170,332911666,world,cf231_leg,-2.599337339401245,-1.5817228555679321,0.9491914510726929
1773049170,338798236,world,cf231,-2.6005325317382812,-1.5759310722351074,0.9644993543624878
1773049170,338798236,world,cf231_leg,-2.599461317062378,-1.5817805528640747,0.9492852687835693
1773049170,342866438,world,cf231,-2.600492238998413,-1.5757383108139038,0.9642982482910156
1773049170,342866438,world,cf231_leg,-2.5994341373443604,-1.581681489944458,0.9492714405059814
1773049170,347853713,world,cf231,-2.6003406047821045,-1.575769066810608,0.9643210172653198
1773049170,347853713,world,cf231_leg,-2.599356174468994,-1.5815956592559814,0.9492024183273315
1773049170,352896567,world,cf231,-2.6003541946411133,-1.5757683515548706,0.964397668838501
1773049170,352896567,world,cf231_leg,-2.5993709564208984,-1.5815904140472412,0.9492374658584595
1773049170,357889587,world,cf231,-2.6004528999328613,-1.5757311582565308,0.9645087718963623
1773049170,357889587,world,cf231_leg,-2.599381685256958,-1.5815891027450562,0.9493316411972046
1773049170,362895278,world,cf231,-2.600343942642212,-1.575653076171875,0.9643503427505493
1773049170,362895278,world,cf231_leg,-2.599346399307251,-1.58152437210083,0.9492900371551514
1773049170,368777559,world,cf231,-2.600222110748291,-1.5755163431167603,0.9643820524215698
1773049170,368777559,world,cf231_leg,-2.599351167678833,-1.5814088582992554,0.9492933750152588
1773049170,372853439,world,cf231,-2.600220203399658,-1.5755212306976318,0.964423418045044
1773049170,372853439,world,cf231_leg,-2.5993170738220215,-1.5813453197479248,0.9492480754852295
1773049170,377840751,world,cf231,-2.6000797748565674,-1.5753074884414673,0.964402437210083
1773049170,377840751,world,cf231_leg,-2.599365234375,-1.5814025402069092,0.9493317604064941
1773049170,382924396,world,cf231,-2.600189447402954,-1.5753370523452759,0.9643830060958862
1773049170,382924396,world,cf231_leg,-2.599273443222046,-1.581210970878601,0.9492889642715454
1773049170,387872701,world,cf231,-2.6001944541931152,-1.5752158164978027,0.9643718004226685
1773049170,387872701,world,cf231_leg,-2.599273681640625,-1.5812112092971802,0.949288010597229
1773049170,392894649,world,cf231,-2.6002564430236816,-1.5752272605895996,0.964381217956543
1773049170,392894649,world,cf231_leg,-2.5993316173553467,-1.5812246799468994,0.949333906173706
1773049170,398974318,world,cf231,-2.600334882736206,-1.5752733945846558,0.9645450115203857
1773049170,398974318,world,cf231_leg,-2.599290609359741,-1.581087589263916,0.9493353366851807
1773049170,402960521,world,cf231,-2.600234031677246,-1.5751601457595825,0.964410662651062
1773049170,402960521,world,cf231_leg,-2.5992066860198975,-1.580967903137207,0.9492268562316895
1773049170,407911208,world,cf231,-2.6003642082214355,-1.5750595331192017,0.9643973112106323
1773049170,407911208,world,cf231_leg,-2.599186897277832,-1.580898642539978,0.9492175579071045
1773049170,412899726,world,cf231,-2.6001791954040527,-1.57502281665802,0.9643479585647583
1773049170,412899726,world,cf231_leg,-2.5992331504821777,-1.580915093421936,0.9491878747940063
1773049170,418012361,world,cf231,-2.600269079208374,-1.5750236511230469,0.9644545316696167
1773049170,418012361,world,cf231_leg,-2.599226713180542,-1.5808418989181519,0.949233889579773
1773049170,422942435,world,cf231,-2.600355625152588,-1.5749424695968628,0.964327335357666
1773049170,422942435,world,cf231_leg,-2.5992138385772705,-1.5807313919067383,0.9492267370223999
1773049170,427969896,world,cf231,-2.600342035293579,-1.5749924182891846,0.9644268751144409
1773049170,427969896,world,cf231_leg,-2.5991947650909424,-1.5806602239608765,0.9492000341415405
1773049170,432931683,world,cf231,-2.600269317626953,-1.5748685598373413,0.9643895626068115
1773049170,432931683,world,cf231_leg,-2.59930419921875,-1.5807290077209473,0.949288010597229
1773049170,437784306,world,cf231,-2.600372076034546,-1.5748220682144165,0.96441650390625
1773049170,437784306,world,cf231_leg,-2.599257707595825,-1.5805528163909912,0.9492186307907104
1773049170,443716734,world,cf231,-2.600332260131836,-1.5748777389526367,0.9643778800964355
1773049170,443716734,world,cf231_leg,-2.599208354949951,-1.5804972648620605,0.9491536617279053
1773049170,448013825,world,cf231,-2.6003730297088623,-1.574819564819336,0.9643958806991577
1773049170,448013825,world,cf231_leg,-2.599348783493042,-1.580551266670227,0.9492769241333008
1773049170,452897071,world,cf231,-2.6004905700683594,-1.5747666358947754,0.9644612073898315
1773049170,452897071,world,cf231_leg,-2.599238157272339,-1.5803247690200806,0.9491076469421387
1773049170,458786489,world,cf231,-2.600512742996216,-1.574833869934082,0.9644315242767334
1773049170,458786489,world,cf231_leg,-2.5991663932800293,-1.5802024602890015,0.9490731954574585
1773049170,462847971,world,cf231,-2.6004412174224854,-1.5747075080871582,0.9643732309341431
1773049170,462847971,world,cf231_leg,-2.5992519855499268,-1.5803210735321045,0.9491617679595947
1773049170,468715713,world,cf231,-2.6004788875579834,-1.5746567249298096,0.9644536972045898
1773049170,468715713,world,cf231_leg,-2.5991122722625732,-1.5799542665481567,0.9490697383880615
1773049170,472958953,world,cf231,-2.6005218029022217,-1.5745939016342163,0.9644300937652588
1773049170,472958953,world,cf231_leg,-2.599308967590332,-1.5801383256912231,0.9492090940475464
1773049170,478708321,world,cf231,-2.600569009780884,-1.574611783027649,0.9644016027450562
1773049170,478708321,world,cf231_leg,-2.5992767810821533,-1.579956293106079,0.9491764307022095
1773049170,483016296,world,cf231,-2.6005120277404785,-1.574479103088379,0.9643810987472534
1773049170,483016296,world,cf231_leg,-2.599348783493042,-1.5799221992492676,0.9491245746612549
1773049170,488738852,world,cf231,-2.600576162338257,-1.5743765830993652,0.9644418954849243
1773049170,488738852,world,cf231_leg,-2.5993399620056152,-1.5798492431640625,0.9491938352584839
1773049170,492826957,world,cf231,-2.6005423069000244,-1.5743087530136108,0.9643707275390625
1773049170,492826957,world,cf231_leg,-2.5993714332580566,-1.5798739194869995,0.9491437673568726
1773049170,497909801,world,cf231,-2.600658655166626,-1.5742582082748413,0.9644569158554077
1773049170,497909801,world,cf231_leg,-2.599388599395752,-1.5797477960586548,0.9491754770278931
1773049170,502917924,world,cf231,-2.6006886959075928,-1.5740866661071777,0.9646643400192261
1773049170,502917924,world,cf231_leg,-2.5994765758514404,-1.5797041654586792,0.9491242170333862
1773049170,507955618,world,cf231,-2.6007354259490967,-1.574107050895691,0.9646562337875366
1773049170,507955618,world,cf231_leg,-2.599456548690796,-1.579516887664795,0.9491511583328247
1773049170,512947958,world,cf231,-2.600656747817993,-1.5739046335220337,0.964645266532898
1773049170,512947958,world,cf231_leg,-2.5994701385498047,-1.5795129537582397,0.9492058753967285
1773049170,518811787,world,cf231,-2.6008236408233643,-1.5739108324050903,0.964797854423523
1773049170,518811787,world,cf231_leg,-2.599663734436035,-1.5794957876205444,0.9491345882415771
1773049170,522921347,world,cf231,-2.6007938385009766,-1.5737241506576538,0.9647369384765625
1773049170,522921347,world,cf231_leg,-2.5995445251464844,-1.5793583393096924,0.9491498470306396
1773049170,528597754,world,cf231,-2.600858211517334,-1.5736218690872192,0.9647972583770752
1773049170,528597754,world,cf231_leg,-2.5996878147125244,-1.5794488191604614,0.9491491317749023
1773049170,533423201,world,cf231,-2.6008386611938477,-1.5735472440719604,0.9647647142410278
1773049170,533423201,world,cf231_leg,-2.599719762802124,-1.5793170928955078,0.9492166042327881
1773049170,537858634,world,cf231,-2.60093092918396,-1.573543667793274,0.9648287296295166
1773049170,537858634,world,cf231_leg,-2.5997419357299805,-1.5792242288589478,0.9490866661071777
1773049170,543678164,world,cf231,-2.6009609699249268,-1.5733728408813477,0.9648197889328003
1773049170,543678164,world,cf231_leg,-2.59981632232666,-1.5792287588119507,0.9491316080093384
1773049170,548068122,world,cf231,-2.6009387969970703,-1.5733058452606201,0.9648488759994507
1773049170,548068122,world,cf231_leg,-2.5999908447265625,-1.5791893005371094,0.9494205713272095
1773049170,552970613,world,cf231,-2.600907802581787,-1.573121190071106,0.9648094177246094
1773049170,552970613,world,cf231_leg,-2.5999062061309814,-1.5790690183639526,0.9491095542907715
1773049170,557912032,world,cf231,-2.601083278656006,-1.5731987953186035,0.9648736715316772
1773049170,557912032,world,cf231_leg,-2.600034713745117,-1.5790107250213623,0.94941246509552
1773049170,562883325,world,cf231,-2.6010243892669678,-1.5730708837509155,0.9648946523666382
1773049170,562883325,world,cf231_leg,-2.600131034851074,-1.579081416130066,0.949224591255188
1773049170,567927255,world,cf231,-2.6010148525238037,-1.5729529857635498,0.964827299118042
1773049170,567927255,world,cf231_leg,-2.6002297401428223,-1.5790364742279053,0.9492682218551636
1773049170,572933354,world,cf231,-2.6010818481445312,-1.5728464126586914,0.9648442268371582
1773049170,572933354,world,cf231_leg,-2.6003646850585938,-1.5788977146148682,0.9494545459747314
1773049170,577892211,world,cf231,-2.6010048389434814,-1.5726388692855835,0.9647922515869141
1773049170,577892211,world,cf231_leg,-2.600475549697876,-1.5789653062820435,0.9495217800140381
1773049170,582912820,world,cf231,-2.6011099815368652,-1.5726336240768433,0.9649357795715332
1773049170,582912820,world,cf231_leg,-2.6005892753601074,-1.578909993171692,0.9495692253112793
1773049170,588005957,world,cf231,-2.6011829376220703,-1.57260262966156,0.9649074077606201
1773049170,588005957,world,cf231_leg,-2.6006381511688232,-1.578811526298523,0.9495652914047241
1773049170,592857941,world,cf231,-2.6011881828308105,-1.5724818706512451,0.964895486831665
1773049170,592857941,world,cf231_leg,-2.6006391048431396,-1.5788094997406006,0.9495474100112915
1773049170,597934464,world,cf231,-2.601229429244995,-1.5724208354949951,0.9648945331573486
1773049170,597934464,world,cf231_leg,-2.6007540225982666,-1.5787580013275146,0.9496060609817505
1773049170,603775972,world,cf231,-2.6013474464416504,-1.5723683834075928,0.9649581909179688
1773049170,603775972,world,cf231_leg,-2.6008315086364746,-1.5786426067352295,0.9496454000473022
1773049170,608020856,world,cf231,-2.6014370918273926,-1.5723260641098022,0.9649263620376587
1773049170,608020856,world,cf231_leg,-2.600785493850708,-1.578626036643982,0.9496749639511108
1773049170,612872392,world,cf231,-2.601551055908203,-1.572239875793457,0.9651502370834351
1773049170,612872392,world,cf231_leg,-2.6010217666625977,-1.5785936117172241,0.9497315883636475
1773049170,617882995,world,cf231,-2.6015970706939697,-1.5720573663711548,0.9651389122009277
1773049170,617882995,world,cf231_leg,-2.6009774208068848,-1.5784611701965332,0.9497898817062378
1773049170,622917389,world,cf231,-2.6017704010009766,-1.5721396207809448,0.9652454853057861
1773049170,622917389,world,cf231_leg,-2.601100206375122,-1.5784790515899658,0.9497671127319336
1773049170,627999891,world,cf231,-2.60176420211792,-1.572017788887024,0.965133786201477
1773049170,627999891,world,cf231_leg,-2.6011526584625244,-1.5784201622009277,0.9498564004898071
1773049170,633014632,world,cf231,-2.6018803119659424,-1.5719703435897827,0.9652385711669922
1773049170,633014632,world,cf231_leg,-2.601189613342285,-1.5783218145370483,0.9497618675231934
1773049170,637974288,world,cf231,-2.6019341945648193,-1.5718649625778198,0.9651771783828735
1773049170,637974288,world,cf231_leg,-2.6012768745422363,-1.5783189535140991,0.9498491287231445
1773049170,642853737,world,cf231,-2.6020114421844482,-1.5718709230422974,0.9652221202850342
1773049170,642853737,world,cf231_leg,-2.6013171672821045,-1.578259825706482,0.9498488903045654
1773049170,647939194,world,cf231,-2.6022250652313232,-1.5718482732772827,0.9651913642883301
1773049170,647939194,world,cf231_leg,-2.6013686656951904,-1.578161358833313,0.9498205184936523
1773049170,653670335,world,cf231,-2.6023688316345215,-1.5719428062438965,0.9652236700057983
1773049170,653670335,world,cf231_leg,-2.6014552116394043,-1.5781607627868652,0.9499244689941406
1773049170,657709753,world,cf231,-2.602400541305542,-1.5717703104019165,0.9651918411254883
1773049170,657709753,world,cf231_leg,-2.6015424728393555,-1.5781217813491821,0.9499064683914185
1773049170,662962697,world,cf231,-2.6025869846343994,-1.5718016624450684,0.9652016162872314
1773049170,662962697,world,cf231_leg,-2.6016273498535156,-1.5780779123306274,0.9498811960220337
1773049170,667834294,world,cf231,-2.6025562286376953,-1.5716205835342407,0.9651798009872437
1773049170,667834294,world,cf231_leg,-2.6016252040863037,-1.5778881311416626,0.9499335289001465
1773049170,672943802,world,cf231,-2.6028554439544678,-1.571720838546753,0.9652639627456665
1773049170,672943802,world,cf231_leg,-2.601649522781372,-1.5778388977050781,0.9499317407608032
1773049170,677980915,world,cf231,-2.6028950214385986,-1.5716685056686401,0.9653210639953613
1773049170,677980915,world,cf231_leg,-2.6017234325408936,-1.5778454542160034,0.9499939680099487
1773049170,683131861,world,cf231,-2.602949380874634,-1.5715601444244385,0.9652408361434937
1773049170,683131861,world,cf231_leg,-2.6018495559692383,-1.5777435302734375,0.9499647617340088
1773049170,688709589,world,cf231,-2.6030995845794678,-1.5715315341949463,0.9652401208877563
1773049170,688709589,world,cf231_leg,-2.6017937660217285,-1.5776143074035645,0.9499467611312866
1773049170,694135153,world,cf231,-2.603203296661377,-1.5714858770370483,0.965265154838562
1773049170,694135153,world,cf231_leg,-2.601942777633667,-1.5775820016860962,0.9499009847640991
1773049170,698710936,world,cf231,-2.6033201217651367,-1.571432113647461,0.9653329849243164
1773049170,698710936,world,cf231_leg,-2.6019797325134277,-1.5775305032730103,0.9499725103378296
1773049170,702967390,world,cf231,-2.6034092903137207,-1.5713928937911987,0.9653198719024658
1773049170,702967390,world,cf231_leg,-2.602043867111206,-1.5774188041687012,0.9499572515487671
1773049170,707801960,world,cf231,-2.6034326553344727,-1.571345329284668,0.9653441905975342
1773049170,707801960,world,cf231_leg,-2.6020689010620117,-1.577370285987854,0.9499526023864746
1773049170,713079020,world,cf231,-2.6035473346710205,-1.5712536573410034,0.9653141498565674
1773049170,713079020,world,cf231_leg,-2.6020729541778564,-1.5772483348846436,0.9499292373657227
1773049170,718870397,world,cf231,-2.6037652492523193,-1.571271538734436,0.9653739929199219
1773049170,718870397,world,cf231_leg,-2.6022961139678955,-1.5772645473480225,0.9500802755355835
1773049170,722870333,world,cf231,-2.603856086730957,-1.5712698698043823,0.9654597043991089
1773049170,722870333,world,cf231_leg,-2.6023707389831543,-1.5771074295043945,0.9500086307525635
1773049170,728105358,world,cf231,-2.6037707328796387,-1.5709917545318604,0.9652805328369141
1773049170,728105358,world,cf231_leg,-2.602376699447632,-1.5769898891448975,0.949994683265686
1773049170,732824737,world,cf231,-2.6039021015167236,-1.5709351301193237,0.9654034376144409
1773049170,732824737,world,cf231_leg,-2.6024975776672363,-1.577011227607727,0.950008749961853
1773049170,738817134,world,cf231,-2.6040258407592773,-1.570958137512207,0.9654227495193481
1773049170,738817134,world,cf231_leg,-2.602670907974243,-1.576971173286438,0.9500964879989624
1773049170,743091507,world,cf231,-2.604086399078369,-1.570772409439087,0.965468168258667
1773049170,743091507,world,cf231_leg,-2.6027097702026367,-1.5769163370132446,0.9501305818557739
1773049170,748669922,world,cf231,-2.604187250137329,-1.5707308053970337,0.9655371904373169
1773049170,748669922,world,cf231_leg,-2.6028220653533936,-1.5768203735351562,0.9500640630722046
1773049170,752875553,world,cf231,-2.6041650772094727,-1.5706175565719604,0.9654093980789185
1773049170,752875553,world,cf231_leg,-2.6028096675872803,-1.5767077207565308,0.9500404596328735
1773049170,757844891,world,cf231,-2.604280471801758,-1.5705692768096924,0.9655166864395142
1773049170,757844891,world,cf231_leg,-2.6029958724975586,-1.5767784118652344,0.9501343965530396
1773049170,762813591,world,cf231,-2.6043596267700195,-1.5704147815704346,0.9654568433761597
1773049170,762813591,world,cf231_leg,-2.603048801422119,-1.576557993888855,0.9501069784164429
1773049170,767827734,world,cf231,-2.604410171508789,-1.5703163146972656,0.9654594659805298
1773049170,767827734,world,cf231_leg,-2.603175640106201,-1.5766189098358154,0.950190544128418
1773049170,772943120,world,cf231,-2.6044859886169434,-1.5701218843460083,0.965522050857544
1773049170,772943120,world,cf231_leg,-2.603234052658081,-1.5766329765319824,0.9502346515655518
1773049170,778657694,world,cf231,-2.604576587677002,-1.5701234340667725,0.9656267166137695
1773049170,778657694,world,cf231_leg,-2.6033709049224854,-1.5764881372451782,0.9501651525497437
1773049170,783650052,world,cf231,-2.604617118835449,-1.5700651407241821,0.9656455516815186
1773049170,783650052,world,cf231_leg,-2.6033740043640137,-1.5763678550720215,0.950160026550293
1773049170,788794034,world,cf231,-2.6047348976135254,-1.5700124502182007,0.9657106399536133
1773049170,788794034,world,cf231_leg,-2.6034488677978516,-1.5763757228851318,0.9502185583114624
1773049170,792964156,world,cf231,-2.6048572063446045,-1.569838285446167,0.9657655954360962
1773049170,792964156,world,cf231_leg,-2.6036295890808105,-1.5764070749282837,0.9502420425415039
1773049170,798695118,world,cf231,-2.604945659637451,-1.569798231124878,0.9657552242279053
1773049170,798695118,world,cf231_leg,-2.6037302017211914,-1.5763615369796753,0.9502637386322021
1773049170,803560144,world,cf231,-2.6050028800964355,-1.5697288513183594,0.9657700061798096
1773049170,803560144,world,cf231_leg,-2.6037485599517822,-1.5762336254119873,0.9502778053283691
1773049170,807865881,world,cf231,-2.605112075805664,-1.5696017742156982,0.9659051895141602
1773049170,807865881,world,cf231_leg,-2.603943109512329,-1.576264500617981,0.9503690004348755
1773049170,812745773,world,cf231,-2.6052405834198,-1.5695066452026367,0.9659327268600464
1773049170,812745773,world,cf231_leg,-2.603800058364868,-1.5760117769241333,0.9502550363540649
1773049170,818652855,world,cf231,-2.6053574085235596,-1.5694565773010254,0.9660178422927856
1773049170,818652855,world,cf231_leg,-2.6040587425231934,-1.5762056112289429,0.9503799676895142
1773049170,823746215,world,cf231,-2.6055495738983154,-1.5693676471710205,0.9660142660140991
1773049170,823746215,world,cf231_leg,-2.6040902137756348,-1.576115369796753,0.9503800868988037
1773049170,827962727,world,cf231,-2.6055214405059814,-1.5692251920700073,0.9660886526107788
1773049170,827962727,world,cf231_leg,-2.604074239730835,-1.5759235620498657,0.9503496885299683
1773049170,833019072,world,cf231,-2.6056597232818604,-1.5692416429519653,0.9661462306976318
1773049170,833019072,world,cf231_leg,-2.604074716567993,-1.5759241580963135,0.9503476619720459
1773049170,839017144,world,cf231,-2.605835437774658,-1.5691639184951782,0.96614670753479
1773049170,839017144,world,cf231_leg,-2.6042377948760986,-1.5759303569793701,0.9504892826080322
1773049170,843002356,world,cf231,-2.6058712005615234,-1.5690279006958008,0.9661896228790283
1773049170,843002356,world,cf231_leg,-2.604337215423584,-1.5758835077285767,0.9505155086517334
1773049170,848040960,world,cf231,-2.6061012744903564,-1.5690441131591797,0.9663295745849609
1773049170,848040960,world,cf231_leg,-2.6043918132781982,-1.575818657875061,0.9505519866943359
1773049170,853198697,world,cf231,-2.6062309741973877,-1.5689465999603271,0.9663360118865967
1773049170,853198697,world,cf231_leg,-2.6045680046081543,-1.5758205652236938,0.9507499933242798
1773049170,858128987,world,cf231,-2.606308937072754,-1.5689924955368042,0.9665007591247559
1773049170,858128987,world,cf231_leg,-2.6045711040496826,-1.5757005214691162,0.9507442712783813
1773049170,863112446,world,cf231,-2.60652232170105,-1.568976640701294,0.9665062427520752
1773049170,863112446,world,cf231_leg,-2.60469651222229,-1.575759768486023,0.9508334398269653
1773049170,868275686,world,cf231,-2.6065733432769775,-1.5688751935958862,0.9664896726608276
1773049170,868275686,world,cf231_leg,-2.604856014251709,-1.5757317543029785,0.9511162042617798
1773049170,873060867,world,cf231,-2.606644868850708,-1.5688027143478394,0.9665608406066895
1773049170,873060867,world,cf231_leg,-2.6048460006713867,-1.5756186246871948,0.9510703086853027
1773049170,878116036,world,cf231,-2.606720447540283,-1.5688105821609497,0.9666283130645752
1773049170,878116036,world,cf231_leg,-2.6049177646636963,-1.5756257772445679,0.9511550664901733
1773049170,882919468,world,cf231,-2.6068592071533203,-1.5688273906707764,0.9666845798492432
1773049170,882919468,world,cf231_leg,-2.6050071716308594,-1.5756200551986694,0.951203465461731
1773049170,887833892,world,cf231,-2.6068882942199707,-1.5686190128326416,0.9667918682098389
1773049170,887833892,world,cf231_leg,-2.6050610542297363,-1.5755627155303955,0.951288104057312
1773049170,892881966,world,cf231,-2.6070265769958496,-1.5686354637145996,0.9668493270874023
1773049170,892881966,world,cf231_leg,-2.605146884918213,-1.5755170583724976,0.9512443542480469
1773049170,898614239,world,cf231,-2.6071016788482666,-1.5686427354812622,0.9669185876846313
1773049170,898614239,world,cf231_leg,-2.6052944660186768,-1.5755304098129272,0.951369047164917
1773049170,902870549,world,cf231,-2.6071438789367676,-1.5685826539993286,0.9669152498245239
1773049170,902870549,world,cf231_leg,-2.605309247970581,-1.575525164604187,0.9514042139053345
1773049170,907949269,world,cf231,-2.6072609424591064,-1.5685296058654785,0.9669812917709351
1773049170,907949269,world,cf231_leg,-2.6055476665496826,-1.5755677223205566,0.9514573812484741
1773049170,913745851,world,cf231,-2.6072216033935547,-1.5684300661087036,0.966877818107605
1773049170,913745851,world,cf231_leg,-2.605454683303833,-1.575539231300354,0.9515498876571655
1773049170,917933983,world,cf231,-2.6073827743530273,-1.5683153867721558,0.9669170379638672
1773049170,917933983,world,cf231_leg,-2.6056339740753174,-1.5755277872085571,0.9514427185058594
1773049170,923759891,world,cf231,-2.607468843460083,-1.56827974319458,0.9669495820999146
1773049170,923759891,world,cf231_leg,-2.6056816577911377,-1.5755431652069092,0.9513927698135376
1773049170,927944880,world,cf231,-2.6075446605682373,-1.568195104598999,0.9667030572891235
1773049170,927944880,world,cf231_leg,-2.6058146953582764,-1.5755151510238647,0.9513157606124878
1773049170,932867139,world,cf231,-2.6076393127441406,-1.5682307481765747,0.9666467905044556
1773049170,932867139,world,cf231_leg,-2.6059460639953613,-1.5756003856658936,0.9509893655776978
1773049170,937915904,world,cf231,-2.6076791286468506,-1.568085789680481,0.9663904905319214
1773049170,937915904,world,cf231_leg,-2.6059772968292236,-1.5755778551101685,0.9507744312286377
1773049170,943037723,world,cf231,-2.6078412532806396,-1.568121314048767,0.9662388563156128
1773049170,943037723,world,cf231_leg,-2.6060781478881836,-1.575636625289917,0.9502773284912109
1773049170,948733646,world,cf231,-2.607832193374634,-1.5681766271591187,0.9653950929641724
1773049170,948733646,world,cf231_leg,-2.6061601638793945,-1.5756272077560425,0.949971079826355
1773049170,953016714,world,cf231,-2.6078739166259766,-1.5680936574935913,0.9646480083465576
1773049170,953016714,world,cf231_leg,-2.6063053607940674,-1.5756618976593018,0.9495338201522827
1773049170,958802326,world,cf231,-2.6079845428466797,-1.5680947303771973,0.9638460874557495
1773049170,958802326,world,cf231_leg,-2.606452465057373,-1.575562596321106,0.9488281011581421
1773049170,963789856,world,cf231,-2.6080358028411865,-1.5679739713668823,0.9633172750473022
1773049170,963789856,world,cf231_leg,-2.606590509414673,-1.5756587982177734,0.9480081796646118
1773049170,968017210,world,cf231,-2.6083147525787354,-1.568066120147705,0.9627081155776978
1773049170,968017210,world,cf231_leg,-2.6064670085906982,-1.575616478919983,0.9470949172973633
1773049170,972866837,world,cf231,-2.6085245609283447,-1.568246841430664,0.9615932703018188
1773049170,972866837,world,cf231_leg,-2.6065969467163086,-1.5757182836532593,0.9461745023727417
1773049170,977995662,world,cf231,-2.6084606647491455,-1.5681015253067017,0.9600369930267334
1773049170,977995662,world,cf231_leg,-2.606459856033325,-1.5755072832107544,0.9450438022613525
1773049170,983340240,world,cf231,-2.6086294651031494,-1.5682369470596313,0.9592502117156982
1773049170,983340240,world,cf231_leg,-2.6065175533294678,-1.5754815340042114,0.94386887550354
1773049170,987909087,world,cf231,-2.608579397201538,-1.568218469619751,0.9577363729476929
1773049170,987909087,world,cf231_leg,-2.606579542160034,-1.575443148612976,0.9423726797103882
1773049170,993845836,world,cf231,-2.608599901199341,-1.5682543516159058,0.9560272693634033
1773049170,993845836,world,cf231_leg,-2.6067886352539062,-1.5753263235092163,0.9409012794494629
1773049170,998049585,world,cf231,-2.608477830886841,-1.5681160688400269,0.9544912576675415
1773049170,998049585,world,cf231_leg,-2.606731414794922,-1.5752521753311157,0.9388982057571411
1773049171,2994141,world,cf231,-2.608820915222168,-1.568264365196228,0.9524061679840088
1773049171,2994141,world,cf231_leg,-2.606940269470215,-1.5753052234649658,0.937576174736023
1773049171,8922767,world,cf231,-2.6088690757751465,-1.5682029724121094,0.9505633115768433
1773049171,8922767,world,cf231_leg,-2.6067938804626465,-1.5752134323120117,0.935189962387085
1773049171,12864008,world,cf231,-2.608992099761963,-1.5683642625808716,0.9483168125152588
1773049171,12864008,world,cf231_leg,-2.6066999435424805,-1.5750757455825806,0.9333646297454834
1773049171,18748600,world,cf231,-2.608820915222168,-1.5683940649032593,0.9461051225662231
1773049171,18748600,world,cf231_leg,-2.6068246364593506,-1.5750049352645874,0.9308117628097534
1773049171,22940893,world,cf231,-2.6087663173675537,-1.568350076675415,0.9433944225311279
1773049171,22940893,world,cf231_leg,-2.6069841384887695,-1.5750689506530762,0.9280990362167358
1773049171,27861197,world,cf231,-2.60901141166687,-1.5683950185775757,0.9409819841384888
1773049171,27861197,world,cf231_leg,-2.607124090194702,-1.5752828121185303,0.9256924390792847
1773049171,33715166,world,cf231,-2.6090753078460693,-1.5686057806015015,0.9380420446395874
1773049171,33715166,world,cf231_leg,-2.6071648597717285,-1.5752086639404297,0.9231926202774048
1773049171,39664901,world,cf231,-2.6091415882110596,-1.5686664581298828,0.9349946975708008
1773049171,39664901,world,cf231_leg,-2.6072041988372803,-1.5751996040344238,0.9200555086135864
1773049171,42935781,world,cf231,-2.6089134216308594,-1.5686546564102173,0.9316571950912476
1773049171,42935781,world,cf231_leg,-2.6073951721191406,-1.575118064880371,0.916728138923645
1773049171,48767715,world,cf231,-2.608948230743408,-1.5687706470489502,0.9284592866897583
1773049171,48767715,world,cf231_leg,-2.6073877811431885,-1.5751099586486816,0.9137046337127686
1773049171,52788040,world,cf231,-2.6090686321258545,-1.5687857866287231,0.9251271486282349
1773049171,52788040,world,cf231_leg,-2.607229709625244,-1.574941873550415,0.9100635051727295
1773049171,58807752,world,cf231,-2.6090900897979736,-1.5688856840133667,0.92134690284729
1773049171,58807752,world,cf231_leg,-2.6073591709136963,-1.5748380422592163,0.9064584970474243
1773049171,63035649,world,cf231,-2.6088998317718506,-1.5688449144363403,0.9174652099609375
1773049171,63035649,world,cf231_leg,-2.60744571685791,-1.5748199224472046,0.9025167226791382
1773049171,68674639,world,cf231,-2.6091926097869873,-1.5691770315170288,0.9134151935577393
1773049171,68674639,world,cf231_leg,-2.607440948486328,-1.5749642848968506,0.89860999584198
1773049171,73206203,world,cf231,-2.6092236042022705,-1.569272756576538,0.9090720415115356
1773049171,73206203,world,cf231_leg,-2.6077322959899902,-1.5750006437301636,0.894501805305481
1773049171,77781629,world,cf231,-2.609090805053711,-1.5693669319152832,0.9047049283981323
1773049171,77781629,world,cf231_leg,-2.607508420944214,-1.5747677087783813,0.8898453116416931
1773049171,83955700,world,cf231,-2.6091551780700684,-1.5693378448486328,0.8999829292297363
1773049171,83955700,world,cf231_leg,-2.607544183731079,-1.5747395753860474,0.8850895166397095
1773049171,87809469,world,cf231,-2.609166145324707,-1.5694878101348877,0.8948765993118286
1773049171,87809469,world,cf231_leg,-2.6075708866119385,-1.574524164199829,0.8802503943443298
1773049171,92940510,world,cf231,-2.608884811401367,-1.5695360898971558,0.8897838592529297
1773049171,92940510,world,cf231_leg,-2.6075332164764404,-1.5744637250900269,0.8755570650100708
1773049171,97917652,world,cf231,-2.60916805267334,-1.5697352886199951,0.8849207162857056
1773049171,97917652,world,cf231_leg,-2.6079256534576416,-1.5747486352920532,0.870469331741333
1773049171,103019029,world,cf231,-2.608934164047241,-1.5697511434555054,0.8791086673736572
1773049171,103019029,world,cf231_leg,-2.6077568531036377,-1.574596881866455,0.8649386167526245
1773049171,107959764,world,cf231,-2.609098196029663,-1.570029854774475,0.8738013505935669
1773049171,107959764,world,cf231_leg,-2.6078438758850098,-1.5744218826293945,0.8593208193778992
1773049171,112972718,world,cf231,-2.60908579826355,-1.5701249837875366,0.8678699731826782
1773049171,112972718,world,cf231_leg,-2.607631206512451,-1.5743367671966553,0.8533971905708313
1773049171,117852606,world,cf231,-2.608959436416626,-1.5701873302459717,0.8618512153625488
1773049171,117852606,world,cf231_leg,-2.607844829559326,-1.574232578277588,0.847640872001648
1773049171,122995458,world,cf231,-2.6092238426208496,-1.5704219341278076,0.8559355735778809
1773049171,122995458,world,cf231_leg,-2.6079657077789307,-1.5745257139205933,0.841389536857605
1773049171,128045008,world,cf231,-2.608792543411255,-1.5703908205032349,0.848961353302002
1773049171,128045008,world,cf231_leg,-2.6079461574554443,-1.5744130611419678,0.8349261283874512
1773049171,132827673,world,cf231,-2.608950138092041,-1.5703891515731812,0.8427681922912598
1773049171,132827673,world,cf231_leg,-2.6078319549560547,-1.5740115642547607,0.8285312652587891
1773049171,138407474,world,cf231,-2.608860492706299,-1.5707058906555176,0.8357584476470947
1773049171,138407474,world,cf231_leg,-2.6079111099243164,-1.5739552974700928,0.8217568397521973
1773049171,142908084,world,cf231,-2.6091911792755127,-1.5709168910980225,0.8286885023117065
1773049171,142908084,world,cf231_leg,-2.607949733734131,-1.574195146560669,0.81487637758255
1773049171,147887791,world,cf231,-2.608889579772949,-1.5708757638931274,0.8218028545379639
1773049171,147887791,world,cf231_leg,-2.6082184314727783,-1.574156403541565,0.8075658082962036
1773049171,153071134,world,cf231,-2.608944892883301,-1.5708930492401123,0.814205527305603
1773049171,153071134,world,cf231_leg,-2.607872486114502,-1.573878526687622,0.8001248240470886
1773049171,157909737,world,cf231,-2.60878849029541,-1.5709909200668335,0.8064738512039185
1773049171,157909737,world,cf231_leg,-2.60797119140625,-1.573791265487671,0.7925237417221069
1773049171,162978490,world,cf231,-2.608954668045044,-1.5713433027267456,0.7986810207366943
1773049171,162978490,world,cf231_leg,-2.608241081237793,-1.5740079879760742,0.7848707437515259
1773049171,168847177,world,cf231,-2.608839511871338,-1.5713038444519043,0.790685772895813
1773049171,168847177,world,cf231_leg,-2.607966184616089,-1.5737413167953491,0.7768561244010925
1773049171,173015093,world,cf231,-2.6086323261260986,-1.571324348449707,0.7821111679077148
1773049171,173015093,world,cf231_leg,-2.607940673828125,-1.5735794305801392,0.7683539390563965
1773049171,177842993,world,cf231,-2.608701467514038,-1.5714757442474365,0.7735419273376465
1773049171,177842993,world,cf231_leg,-2.608135223388672,-1.5736441612243652,0.7600682973861694
1773049171,182793154,world,cf231,-2.6084606647491455,-1.5716354846954346,0.7647747993469238
1773049171,182793154,world,cf231_leg,-2.6080992221832275,-1.573630928993225,0.7514482736587524
1773049171,187876131,world,cf231,-2.6087093353271484,-1.5717936754226685,0.7562702894210815
1773049171,187876131,world,cf231_leg,-2.6080143451690674,-1.5734260082244873,0.7425314784049988
1773049171,193703231,world,cf231,-2.6086888313293457,-1.5720250606536865,0.7470717430114746
1773049171,193703231,world,cf231_leg,-2.607926845550537,-1.5732487440109253,0.7334070801734924
1773049171,197858495,world,cf231,-2.6082749366760254,-1.5720020532608032,0.7375308275222778
1773049171,197858495,world,cf231_leg,-2.608031749725342,-1.573485016822815,0.7241936326026917
1773049171,202712359,world,cf231,-2.6085216999053955,-1.5721837282180786,0.7283328771591187
1773049171,202712359,world,cf231_leg,-2.608020305633545,-1.5731946229934692,0.714704155921936
1773049171,207926698,world,cf231,-2.6083550453186035,-1.5725282430648804,0.7181906700134277
1773049171,207926698,world,cf231_leg,-2.6081268787384033,-1.5731902122497559,0.7050724625587463
1773049171,212864877,world,cf231,-2.60817289352417,-1.5722869634628296,0.7081974744796753
1773049171,212864877,world,cf231_leg,-2.6082966327667236,-1.5732753276824951,0.6951726675033569
1773049171,218703934,world,cf231,-2.6080548763275146,-1.5724447965621948,0.6980971097946167
1773049171,218703934,world,cf231_leg,-2.607919454574585,-1.5728570222854614,0.6847564578056335
1773049171,223075271,world,cf231,-2.6082522869110107,-1.572727084159851,0.6877011060714722
1773049171,223075271,world,cf231_leg,-2.607940912246704,-1.5729492902755737,0.6744874119758606
1773049171,227866577,world,cf231,-2.6081178188323975,-1.5727927684783936,0.6774052381515503
1773049171,227866577,world,cf231_leg,-2.608147382736206,-1.5729275941848755,0.6639584898948669
1773049171,232961437,world,cf231,-2.6076831817626953,-1.572651982307434,0.6659359931945801
1773049171,232961437,world,cf231_leg,-2.6081736087799072,-1.5727688074111938,0.6531878113746643
1773049171,238095814,world,cf231,-2.60780930519104,-1.5730293989181519,0.6550906896591187
1773049171,238095814,world,cf231_leg,-2.6082892417907715,-1.5728899240493774,0.642312228679657
1773049171,243740668,world,cf231,-2.6078507900238037,-1.5731227397918701,0.6438069343566895
1773049171,243740668,world,cf231_leg,-2.6081626415252686,-1.572646141052246,0.6310395002365112
1773049171,247884301,world,cf231,-2.607520818710327,-1.5730857849121094,0.6324200630187988
1773049171,247884301,world,cf231_leg,-2.6080989837646484,-1.572379469871521,0.6196389198303223
1773049171,252838656,world,cf231,-2.6074464321136475,-1.5732295513153076,0.6206409931182861
1773049171,252838656,world,cf231_leg,-2.6082558631896973,-1.5726381540298462,0.6082038879394531
1773049171,257864886,world,cf231,-2.6074373722076416,-1.573469638824463,0.6087225675582886
1773049171,257864886,world,cf231_leg,-2.6080477237701416,-1.5723230838775635,0.5960848331451416
1773049171,262892509,world,cf231,-2.6073415279388428,-1.5733671188354492,0.596696138381958
1773049171,262892509,world,cf231_leg,-2.607980966567993,-1.572352409362793,0.5837087631225586
1773049171,267808965,world,cf231,-2.607301950454712,-1.573522925376892,0.5842462778091431
1773049171,267808965,world,cf231_leg,-2.608065605163574,-1.5723187923431396,0.571527361869812
1773049171,272993343,world,cf231,-2.6070408821105957,-1.573510766029358,0.5715154409408569
1773049171,272993343,world,cf231_leg,-2.6079483032226562,-1.5720328092575073,0.558853805065155
1773049171,278030894,world,cf231,-2.6069586277008057,-1.573642611503601,0.5586504936218262
1773049171,278030894,world,cf231_leg,-2.6081459522247314,-1.5723066329956055,0.5462777018547058
1773049171,283005378,world,cf231,-2.606799364089966,-1.5738294124603271,0.5455516576766968
1773049171,283005378,world,cf231_leg,-2.6080217361450195,-1.571837306022644,0.5331771373748779
1773049171,287835311,world,cf231,-2.60659122467041,-1.5737987756729126,0.5320736169815063
1773049171,287835311,world,cf231_leg,-2.608091354370117,-1.5719627141952515,0.5200608372688293
1773049171,292880311,world,cf231,-2.6064987182617188,-1.5737392902374268,0.5187163352966309
1773049171,292880311,world,cf231_leg,-2.6079366207122803,-1.5717519521713257,0.506441593170166
1773049171,297912090,world,cf231,-2.6066842079162598,-1.574031114578247,0.5052984952926636
1773049171,297912090,world,cf231_leg,-2.607968807220459,-1.5716845989227295,0.4926929175853729
1773049171,302933782,world,cf231,-2.606354236602783,-1.5738273859024048,0.4911985397338867
1773049171,302933782,world,cf231_leg,-2.6078970432281494,-1.5716876983642578,0.478996604681015
1773049171,307947928,world,cf231,-2.6063990592956543,-1.5739611387252808,0.47708866000175476
1773049171,307947928,world,cf231_leg,-2.6076207160949707,-1.5714305639266968,0.4648098647594452
1773049171,313067172,world,cf231,-2.6064112186431885,-1.5741623640060425,0.4629926085472107
1773049171,313067172,world,cf231_leg,-2.607842445373535,-1.5715922117233276,0.4508197009563446
1773049171,317965647,world,cf231,-2.606210470199585,-1.5739930868148804,0.4483339488506317
1773049171,317965647,world,cf231_leg,-2.6076135635375977,-1.5712625980377197,0.4360627830028534
1773049171,322780158,world,cf231,-2.6063833236694336,-1.5744704008102417,0.4339790940284729
1773049171,322780158,world,cf231_leg,-2.607844829559326,-1.5716075897216797,0.4214359223842621
1773049171,328679360,world,cf231,-2.6060712337493896,-1.5740864276885986,0.41827085614204407
1773049171,328679360,world,cf231_leg,-2.6074678897857666,-1.5709439516067505,0.40653476119041443
1773049171,333025399,world,cf231,-2.606191635131836,-1.5743228197097778,0.4033741354942322
1773049171,333025399,world,cf231_leg,-2.60742449760437,-1.5712984800338745,0.3911144435405731
1773049171,338017446,world,cf231,-2.6062285900115967,-1.5744069814682007,0.3881496787071228
1773049171,338017446,world,cf231_leg,-2.607398271560669,-1.5709437131881714,0.3759147822856903
1773049171,343718982,world,cf231,-2.606151819229126,-1.5743107795715332,0.3722051978111267
1773049171,343718982,world,cf231_leg,-2.6074278354644775,-1.5710258483886719,0.3605501353740692
1773049171,347970068,world,cf231,-2.6061882972717285,-1.5744320154190063,0.35649117827415466
1773049171,347970068,world,cf231_leg,-2.6070916652679443,-1.5707720518112183,0.3442577123641968
1773049171,353053341,world,cf231,-2.6059720516204834,-1.5743982791900635,0.34050363302230835
1773049171,353053341,world,cf231_leg,-2.607128620147705,-1.571040153503418,0.3286655843257904
1773049171,357950467,world,cf231,-2.6062233448028564,-1.574724555015564,0.32434505224227905
1773049171,357950467,world,cf231_leg,-2.6069252490997314,-1.5706902742385864,0.3122028410434723
1773049171,362913250,world,cf231,-2.605964183807373,-1.5743567943572998,0.30786654353141785
1773049171,362913250,world,cf231_leg,-2.6070401668548584,-1.5705316066741943,0.2961615025997162
1773049171,367901418,world,cf231,-2.606049060821533,-1.5746910572052002,0.29101330041885376
1773049171,367901418,world,cf231_leg,-2.6069648265838623,-1.5705387592315674,0.2794979214668274
1773049171,373588592,world,cf231,-2.6058809757232666,-1.5744835138320923,0.274178683757782
1773049171,373588592,world,cf231_leg,-2.6069531440734863,-1.570539116859436,0.26232028007507324
1773049171,377874477,world,cf231,-2.6060962677001953,-1.5745950937271118,0.25712186098098755
1773049171,377874477,world,cf231_leg,-2.606731414794922,-1.5703684091567993,0.24526527523994446
1773049171,383012462,world,cf231,-2.6059701442718506,-1.574369192123413,0.23960717022418976
1773049171,383012462,world,cf231_leg,-2.6067023277282715,-1.5704731941223145,0.2281443178653717
1773049171,387850302,world,cf231,-2.6062090396881104,-1.574655294418335,0.22249053418636322
1773049171,387850302,world,cf231_leg,-2.6065280437469482,-1.5702162981033325,0.21046951413154602
1773049171,392888119,world,cf231,-2.606034517288208,-1.5745139122009277,0.20436398684978485
1773049171,392888119,world,cf231_leg,-2.6064774990081787,-1.5701959133148193,0.19260019063949585
1773049171,397830911,world,cf231,-2.606184244155884,-1.574817419052124,0.1866338849067688
1773049171,397830911,world,cf231_leg,-2.6061794757843018,-1.5698119401931763,0.17482545971870422
1773049171,402861759,world,cf231,-2.60606050491333,-1.57476806640625,0.16843554377555847
1773049171,402861759,world,cf231_leg,-2.6064112186431885,-1.5701738595962524,0.15724876523017883
1773049171,408044782,world,cf231,-2.6060853004455566,-1.5747267007827759,0.14984513819217682
1773049171,408044782,world,cf231_leg,-2.606200695037842,-1.5697948932647705,0.1384926438331604
1773049171,413000927,world,cf231,-2.606099843978882,-1.574815034866333,0.1312008798122406
1773049171,413000927,world,cf231_leg,-2.6062216758728027,-1.570039987564087,0.1199151948094368
1773049171,418402484,world,cf231,-2.6060984134674072,-1.5748190879821777,0.11263898015022278
1773049171,418402484,world,cf231_leg,-2.60585880279541,-1.569641351699829,0.10086575895547867
1773049171,423080018,world,cf231,-2.6061031818389893,-1.5746692419052124,0.09364479035139084
1773049171,423080018,world,cf231_leg,-2.605818033218384,-1.5696783065795898,0.08178671449422836
1773049171,428015716,world,cf231,-2.606193780899048,-1.5748066902160645,0.07469818741083145
1773049171,428015716,world,cf231_leg,-2.605681896209717,-1.569457769393921,0.06281834095716476
1773049171,432939614,world,cf231,-2.606116771697998,-1.574729323387146,0.055205222219228745
1773049171,432939614,world,cf231_leg,-2.605764389038086,-1.5693527460098267,0.04368901997804642
1773049171,438816360,world,cf231,-2.6068856716156006,-1.5740500688552856,0.05101856589317322
1773049171,438816360,world,cf231_leg,-2.6056857109069824,-1.569400668144226,0.024582870304584503
1773049171,442975004,world,cf231,-2.6076841354370117,-1.5737825632095337,0.04686172306537628
1773049171,442975004,world,cf231_leg,-2.606092691421509,-1.5694109201431274,0.020368002355098724
1773049171,447765567,world,cf231,-2.606566905975342,-1.5737284421920776,0.049012452363967896
1773049171,447765567,world,cf231_leg,-2.6075477600097656,-1.5692942142486572,0.029148392379283905
1773049171,452818331,world,cf231,-2.6057755947113037,-1.5740442276000977,0.050892189145088196
1773049171,452818331,world,cf231_leg,-2.609325647354126,-1.5687649250030518,0.03996782749891281
1773049171,458377138,world,cf231,-2.6069259643554688,-1.5748845338821411,0.06156548112630844
1773049171,458377138,world,cf231_leg,-2.6110332012176514,-1.5685386657714844,0.050237156450748444
1773049171,462826898,world,cf231,-2.607012987136841,-1.5762380361557007,0.07085613161325455
1773049171,462826898,world,cf231_leg,-2.6120877265930176,-1.568171739578247,0.05970064550638199
1773049171,468751724,world,cf231,-2.606698989868164,-1.5774872303009033,0.08140604197978973
1773049171,468751724,world,cf231_leg,-2.6134886741638184,-1.5681096315383911,0.06974209100008011
1773049171,473012910,world,cf231,-2.6061127185821533,-1.5785539150238037,0.09096670150756836
1773049171,473012910,world,cf231_leg,-2.6150424480438232,-1.567968726158142,0.07910267263650894
1773049171,477990902,world,cf231,-2.6067116260528564,-1.5796270370483398,0.09947821497917175
1773049171,477990902,world,cf231_leg,-2.6165480613708496,-1.5675095319747925,0.0877889022231102
1773049171,482867875,world,cf231,-2.606966972351074,-1.5805985927581787,0.10792537778615952
1773049171,482867875,world,cf231_leg,-2.618069887161255,-1.5672926902770996,0.09651825577020645
1773049171,487924044,world,cf231,-2.6077659130096436,-1.5823123455047607,0.117281474173069
1773049171,487924044,world,cf231_leg,-2.6194465160369873,-1.5671534538269043,0.1051180437207222
1773049171,493708664,world,cf231,-2.6075503826141357,-1.5829764604568481,0.12460789829492569
1773049171,493708664,world,cf231_leg,-2.6206159591674805,-1.5667585134506226,0.11255558580160141
1773049171,497988618,world,cf231,-2.607654571533203,-1.5839285850524902,0.13305267691612244
1773049171,497988618,world,cf231_leg,-2.6219642162323,-1.5664693117141724,0.12047316879034042
1773049171,502939260,world,cf231,-2.6077513694763184,-1.5848605632781982,0.14092619717121124
1773049171,502939260,world,cf231_leg,-2.623453378677368,-1.5661545991897583,0.12827476859092712
1773049171,508058366,world,cf231,-2.6079845428466797,-1.5856996774673462,0.14837177097797394
1773049171,508058366,world,cf231_leg,-2.6248385906219482,-1.5658369064331055,0.13547253608703613
1773049171,512842403,world,cf231,-2.608039617538452,-1.5868980884552002,0.15538111329078674
1773049171,512842403,world,cf231_leg,-2.6262528896331787,-1.5658061504364014,0.1425876021385193
1773049171,517962150,world,cf231,-2.608128547668457,-1.5875630378723145,0.1629423350095749
1773049171,517962150,world,cf231_leg,-2.627777576446533,-1.5654473304748535,0.14957275986671448
1773049171,523553477,world,cf231,-2.608348846435547,-1.5888769626617432,0.16949370503425598
1773049171,523553477,world,cf231_leg,-2.6292123794555664,-1.5654630661010742,0.15582716464996338
1773049171,527937980,world,cf231,-2.6083974838256836,-1.589793086051941,0.17564138770103455
1773049171,527937980,world,cf231_leg,-2.63076114654541,-1.5652940273284912,0.1627790331840515
1773049171,532956790,world,cf231,-2.6086971759796143,-1.5908457040786743,0.18246793746948242
1773049171,532956790,world,cf231_leg,-2.6319258213043213,-1.565151333808899,0.16843664646148682
1773049171,539042920,world,cf231,-2.6089396476745605,-1.5918910503387451,0.18889689445495605
1773049171,539042920,world,cf231_leg,-2.633254289627075,-1.5647960901260376,0.1743033528327942
1773049171,542929942,world,cf231,-2.60874342918396,-1.5924676656723022,0.19451172649860382
1773049171,542929942,world,cf231_leg,-2.6346323490142822,-1.5644457340240479,0.180058091878891
1773049171,547940929,world,cf231,-2.609029531478882,-1.5937116146087646,0.20025523006916046
1773049171,547940929,world,cf231_leg,-2.635932445526123,-1.5642764568328857,0.18514278531074524
1773049171,552771929,world,cf231,-2.6090595722198486,-1.5945543050765991,0.20550084114074707
1773049171,552771929,world,cf231_leg,-2.637190341949463,-1.5640134811401367,0.1900765299797058
1773049171,557751996,world,cf231,-2.6092724800109863,-1.5955638885498047,0.2107309103012085
1773049171,557751996,world,cf231_leg,-2.638554334640503,-1.5638071298599243,0.19497612118721008
1773049171,562798206,world,cf231,-2.6092469692230225,-1.5963999032974243,0.21573440730571747
1773049171,562798206,world,cf231_leg,-2.6398024559020996,-1.5633679628372192,0.19923993945121765
1773049171,567963268,world,cf231,-2.609201192855835,-1.5971614122390747,0.22056785225868225
1773049171,567963268,world,cf231_leg,-2.64111328125,-1.5632377862930298,0.20331710577011108
1773049171,572911801,world,cf231,-2.6092941761016846,-1.5981566905975342,0.2248980849981308
1773049171,572911801,world,cf231_leg,-2.6424100399017334,-1.563060998916626,0.20752790570259094
1773049171,578006525,world,cf231,-2.609525203704834,-1.5994007587432861,0.2294015735387802
1773049171,578006525,world,cf231_leg,-2.6436707973480225,-1.5627695322036743,0.21149975061416626
1773049171,582897069,world,cf231,-2.6094870567321777,-1.6000572443008423,0.2331041842699051
1773049171,582897069,world,cf231_leg,-2.6450071334838867,-1.562518835067749,0.2144797146320343
1773049171,587937038,world,cf231,-2.60951828956604,-1.6007276773452759,0.23694878816604614
1773049171,587937038,world,cf231_leg,-2.6463940143585205,-1.5623400211334229,0.2183355689048767
1773049171,593100654,world,cf231,-2.6095571517944336,-1.6018797159194946,0.24066075682640076
1773049171,593100654,world,cf231_leg,-2.647895097732544,-1.5621861219406128,0.22131922841072083
1773049171,598009785,world,cf231,-2.609537124633789,-1.6026872396469116,0.2438117116689682
1773049171,598009785,world,cf231_leg,-2.6490862369537354,-1.5618832111358643,0.22398391366004944
1773049171,603803245,world,cf231,-2.6097092628479004,-1.6034941673278809,0.2471182495355606
1773049171,603803245,world,cf231_leg,-2.6503243446350098,-1.5616830587387085,0.22655260562896729
1773049171,607926149,world,cf231,-2.609673261642456,-1.604477047920227,0.25009363889694214
1773049171,607926149,world,cf231_leg,-2.651590347290039,-1.5614538192749023,0.22910204529762268
1773049171,612877389,world,cf231,-2.609860897064209,-1.605246663093567,0.25277817249298096
1773049171,612877389,world,cf231_leg,-2.6528165340423584,-1.5611231327056885,0.23064374923706055
1773049171,618084091,world,cf231,-2.6097497940063477,-1.6059892177581787,0.2552363872528076
1773049171,618084091,world,cf231_leg,-2.6542227268218994,-1.5609424114227295,0.23257628083229065
1773049171,623230074,world,cf231,-2.609673261642456,-1.6065473556518555,0.2570750415325165
1773049171,623230074,world,cf231_leg,-2.6555299758911133,-1.560549020767212,0.23428118228912354
1773049171,627991150,world,cf231,-2.6099019050598145,-1.607611060142517,0.2595524191856384
1773049171,627991150,world,cf231_leg,-2.6564507484436035,-1.5603294372558594,0.23533698916435242
1773049171,632943141,world,cf231,-2.609954595565796,-1.6084529161453247,0.26131266355514526
1773049171,632943141,world,cf231_leg,-2.6580002307891846,-1.5602363348007202,0.23669984936714172
1773049171,638254756,world,cf231,-2.6099698543548584,-1.6091753244400024,0.2624660134315491
1773049171,638254756,world,cf231_leg,-2.659205675125122,-1.5599325895309448,0.2373681664466858
1773049171,643419103,world,cf231,-2.6099154949188232,-1.6096616983413696,0.26374685764312744
1773049171,643419103,world,cf231_leg,-2.6603007316589355,-1.5596317052841187,0.23783773183822632
1773049171,647996733,world,cf231,-2.609954357147217,-1.610349178314209,0.2650042772293091
1773049171,647996733,world,cf231_leg,-2.6617422103881836,-1.5595840215682983,0.23833924531936646
1773049171,652848198,world,cf231,-2.610260009765625,-1.6116271018981934,0.266396164894104
1773049171,652848198,world,cf231_leg,-2.663094997406006,-1.559475302696228,0.23848578333854675
1773049171,658601207,world,cf231,-2.610260009765625,-1.6122069358825684,0.2669186592102051
1773049171,658601207,world,cf231_leg,-2.6643142700195312,-1.5593372583389282,0.23822978138923645
1773049171,662836740,world,cf231,-2.6102843284606934,-1.6128134727478027,0.2672443091869354
1773049171,662836740,world,cf231_leg,-2.665698766708374,-1.5591000318527222,0.2377016544342041
1773049171,668015233,world,cf231,-2.610250949859619,-1.6134189367294312,0.2672243118286133
1773049171,668015233,world,cf231_leg,-2.666980266571045,-1.5588598251342773,0.23729676008224487
1773049171,672941678,world,cf231,-2.6102991104125977,-1.614098072052002,0.26706135272979736
1773049171,672941678,world,cf231_leg,-2.6680006980895996,-1.5586155652999878,0.23623329401016235
1773049171,678441981,world,cf231,-2.610261917114258,-1.6147655248641968,0.2668101191520691
1773049171,678441981,world,cf231_leg,-2.669188976287842,-1.558124303817749,0.23478955030441284
1773049171,682843509,world,cf231,-2.6106021404266357,-1.6156854629516602,0.2665828466415405
1773049171,682843509,world,cf231_leg,-2.6703720092773438,-1.55801260471344,0.23348399996757507
1773049171,688043976,world,cf231,-2.610605239868164,-1.6162135601043701,0.2657172977924347
1773049171,688043976,world,cf231_leg,-2.672126531600952,-1.5578656196594238,0.2321278154850006
1773049171,692952174,world,cf231,-2.6106808185577393,-1.6168817281723022,0.26469138264656067
1773049171,692952174,world,cf231_leg,-2.672961950302124,-1.5579326152801514,0.23022115230560303
1773049171,698767847,world,cf231,-2.61065936088562,-1.6174542903900146,0.2636566758155823
1773049171,698767847,world,cf231_leg,-2.674299478530884,-1.5577713251113892,0.22794395685195923
1773049171,703144618,world,cf231,-2.6108946800231934,-1.618138074874878,0.26249533891677856
1773049171,703144618,world,cf231_leg,-2.675485849380493,-1.5574419498443604,0.2257322072982788
1773049171,707921954,world,cf231,-2.610750913619995,-1.6185215711593628,0.2601768970489502
1773049171,707921954,world,cf231_leg,-2.676518440246582,-1.5570467710494995,0.2228330671787262
1773049171,713025048,world,cf231,-2.6109724044799805,-1.6191790103912354,0.2588309049606323
1773049171,713025048,world,cf231_leg,-2.67769718170166,-1.5568153858184814,0.21975556015968323
1773049171,717874336,world,cf231,-2.6110177040100098,-1.6196545362472534,0.25633352994918823
1773049171,717874336,world,cf231_leg,-2.679074764251709,-1.5568352937698364,0.21704810857772827
1773049171,723709333,world,cf231,-2.611057996749878,-1.6201971769332886,0.2542112171649933
1773049171,723709333,world,cf231_leg,-2.6804542541503906,-1.5568255186080933,0.21420800685882568
1773049171,728185755,world,cf231,-2.6113533973693848,-1.620767593383789,0.25187525153160095
1773049171,728185755,world,cf231_leg,-2.6816489696502686,-1.5566351413726807,0.21044746041297913
1773049171,732872765,world,cf231,-2.611229419708252,-1.6212437152862549,0.24866196513175964
1773049171,732872765,world,cf231_leg,-2.682525396347046,-1.5562403202056885,0.20609349012374878
1773049171,738682090,world,cf231,-2.6114163398742676,-1.6219598054885864,0.24586735665798187
1773049171,738682090,world,cf231_leg,-2.6838173866271973,-1.555898666381836,0.20225700736045837
1773049171,743735968,world,cf231,-2.6116251945495605,-1.622574806213379,0.24268244206905365
1773049171,743735968,world,cf231_leg,-2.685107946395874,-1.5559170246124268,0.1981288492679596
1773049171,748016871,world,cf231,-2.611886501312256,-1.6230615377426147,0.23974497616291046
1773049171,748016871,world,cf231_leg,-2.686781883239746,-1.5559418201446533,0.1940828263759613
1773049171,753641137,world,cf231,-2.611833333969116,-1.6232695579528809,0.23578035831451416
1773049171,753641137,world,cf231_leg,-2.6875412464141846,-1.5555588006973267,0.18865662813186646
1773049171,758802382,world,cf231,-2.611975908279419,-1.623922348022461,0.23195813596248627
1773049171,758802382,world,cf231_leg,-2.6886396408081055,-1.5552631616592407,0.18336546421051025
1773049171,763049992,world,cf231,-2.6120519638061523,-1.624399185180664,0.22776953876018524
1773049171,763049992,world,cf231_leg,-2.6898443698883057,-1.555056095123291,0.17815139889717102
1773049171,767868395,world,cf231,-2.6122522354125977,-1.6249572038650513,0.22340649366378784
1773049171,767868395,world,cf231_leg,-2.691110849380493,-1.5551010370254517,0.1729171872138977
1773049171,773156304,world,cf231,-2.6124706268310547,-1.6253981590270996,0.21899136900901794
1773049171,773156304,world,cf231_leg,-2.69236159324646,-1.5548863410949707,0.16711342334747314
1773049171,777933961,world,cf231,-2.6124987602233887,-1.6258716583251953,0.21387237310409546
1773049171,777933961,world,cf231_leg,-2.6935818195343018,-1.5545923709869385,0.16107973456382751
1773049171,782798657,world,cf231,-2.6127097606658936,-1.6262794733047485,0.20869964361190796
1773049171,782798657,world,cf231_leg,-2.694648504257202,-1.5545445680618286,0.15502992272377014
1773049171,787886726,world,cf231,-2.612678050994873,-1.6266354322433472,0.20326544344425201
1773049171,787886726,world,cf231_leg,-2.6956827640533447,-1.5543512105941772,0.14793851971626282
1773049171,792939959,world,cf231,-2.6129345893859863,-1.626948356628418,0.1981106698513031
1773049171,792939959,world,cf231_leg,-2.696815252304077,-1.5539450645446777,0.1413503885269165
1773049171,797995064,world,cf231,-2.613154649734497,-1.6274590492248535,0.1918438822031021
1773049171,797995064,world,cf231_leg,-2.6979382038116455,-1.5538369417190552,0.13446688652038574
1773049171,802704212,world,cf231,-2.613271951675415,-1.6278340816497803,0.1859842985868454
1773049171,802704212,world,cf231_leg,-2.6992456912994385,-1.5538420677185059,0.1271328628063202
1773049171,808725756,world,cf231,-2.6134443283081055,-1.6281546354293823,0.18027518689632416
1773049171,808725756,world,cf231_leg,-2.700432538986206,-1.5535591840744019,0.11980447918176651
1773049171,812946712,world,cf231,-2.6136114597320557,-1.6285226345062256,0.17305618524551392
1773049171,812946712,world,cf231_leg,-2.701756238937378,-1.5533555746078491,0.11221981793642044
1773049171,818719290,world,cf231,-2.6138668060302734,-1.628887414932251,0.1670398861169815
1773049171,818719290,world,cf231_leg,-2.702755928039551,-1.553367257118225,0.10429998487234116
1773049171,823735573,world,cf231,-2.6140453815460205,-1.629257321357727,0.15956509113311768
1773049171,823735573,world,cf231_leg,-2.7039248943328857,-1.5530750751495361,0.0959031954407692
1773049171,827877857,world,cf231,-2.6143155097961426,-1.6294941902160645,0.15296541154384613
1773049171,827877857,world,cf231_leg,-2.706000804901123,-1.5528085231781006,0.0881224051117897
1773049171,833002917,world,cf231,-2.61450457572937,-1.6296087503433228,0.1452573537826538
1773049171,833002917,world,cf231_leg,-2.7062060832977295,-1.552701711654663,0.0787416622042656
1773049171,837886514,world,cf231,-2.6146416664123535,-1.6300442218780518,0.1375696063041687
1773049171,837886514,world,cf231_leg,-2.707449436187744,-1.552606225013733,0.0700390562415123
1773049171,843592558,world,cf231,-2.6150031089782715,-1.6303722858428955,0.12989050149917603
1773049171,843592558,world,cf231_leg,-2.7091565132141113,-1.5523046255111694,0.061075352132320404
1773049171,848071566,world,cf231,-2.615152597427368,-1.6305019855499268,0.12191734462976456
1773049171,848071566,world,cf231_leg,-2.709641695022583,-1.552291989326477,0.05134151130914688
1773049171,852828552,world,cf231,-2.615551710128784,-1.6308518648147583,0.11378750205039978
1773049171,852828552,world,cf231_leg,-2.7107372283935547,-1.5521388053894043,0.041774727404117584
1773049171,857840196,world,cf231,-2.6156060695648193,-1.63093900680542,0.10488146543502808
1773049171,857840196,world,cf231_leg,-2.712209463119507,-1.5519497394561768,0.03205723315477371
1773049171,862747359,world,cf231,-2.6158785820007324,-1.6311345100402832,0.09590157866477966
1773049171,862747359,world,cf231_leg,-2.713040828704834,-1.5519849061965942,0.022110886871814728
1773049171,867882578,world,cf231,-2.6160659790039062,-1.6313201189041138,0.08680634200572968
1773049171,867882578,world,cf231_leg,-2.7140185832977295,-1.5515937805175781,0.011325359344482422
1773049171,872967122,world,cf231,-2.616586685180664,-1.631653904914856,0.077681764960289
1773049171,872967122,world,cf231_leg,-2.7159416675567627,-1.5514650344848633,0.0013678669929504395
1773049171,877874036,world,cf231,-2.616959571838379,-1.6319459676742554,0.0686778649687767
1773049171,877874036,world,cf231_leg,-2.7165234088897705,-1.551672339439392,-0.009575627744197845
1773049171,882821307,world,cf231,-2.617098569869995,-1.631923794746399,0.058975573629140854
1773049171,882821307,world,cf231_leg,-2.7174010276794434,-1.5508029460906982,-0.021374113857746124
1773049171,887896956,world,cf231,-2.617581844329834,-1.6319836378097534,0.04887617006897926
1773049171,887896956,world,cf231_leg,-2.720228672027588,-1.5512677431106567,-0.031016558408737183
1773049171,892898428,world,cf231,-2.6178181171417236,-1.6319998502731323,0.03855191171169281
1773049171,892898428,world,cf231_leg,-2.7199013233184814,-1.5510231256484985,-0.04403664544224739
1773049171,898414539,world,cf231,-2.6181206703186035,-1.6322358846664429,0.028353694826364517
1773049171,898414539,world,cf231_leg,-2.721097230911255,-1.550657868385315,-0.055254969745874405
1773049171,903120336,world,cf231,-2.6180548667907715,-1.6325514316558838,0.01840510591864586
1773049171,903120336,world,cf231_leg,-2.7237699031829834,-1.5508456230163574,-0.06668855249881744
1773049171,908270684,world,cf231,-2.6154258251190186,-1.6336870193481445,0.01828497275710106
1773049171,908270684,world,cf231_leg,-2.7243285179138184,-1.5496575832366943,-0.08084066957235336
1773049171,913028913,world,cf231,-2.611557722091675,-1.6356264352798462,0.01894286274909973
1773049171,913028913,world,cf231_leg,-2.7279345989227295,-1.548746943473816,-0.09342837333679199
1773049171,918085953,world,cf231,-2.6094884872436523,-1.63493812084198,0.021091973409056664
1773049171,918085953,world,cf231_leg,-2.728915214538574,-1.5482488870620728,-0.10479539632797241
1773049171,922833982,world,cf231,-2.6107211112976074,-1.6305835247039795,0.02005324885249138
1773049171,922833982,world,cf231_leg,-2.7321763038635254,-1.5500284433364868,-0.10386216640472412
1773049171,927882307,world,cf231,-2.6121578216552734,-1.6266077756881714,0.020286832004785538
1773049171,927882307,world,cf231_leg,-2.736499547958374,-1.553001880645752,-0.09856655448675156
1773049171,933040510,world,cf231,-2.6147353649139404,-1.6242024898529053,0.019589416682720184
1773049171,933040510,world,cf231_leg,-2.7397496700286865,-1.5558968782424927,-0.09350796043872833
1773049171,937732276,world,cf231,-2.6184096336364746,-1.622735619544983,0.019045088440179825
1773049171,937732276,world,cf231_leg,-2.7439165115356445,-1.5588188171386719,-0.08846748620271683
1773049171,942998190,world,cf231,-2.621405839920044,-1.6204394102096558,0.019861355423927307
1773049171,942998190,world,cf231_leg,-2.7474629878997803,-1.5619028806686401,-0.08342757076025009
1773049171,948814951,world,cf231,-2.6242380142211914,-1.6170896291732788,0.019196942448616028
1773049171,948814951,world,cf231_leg,-2.7502620220184326,-1.5644145011901855,-0.07970079034566879
1773049171,952966672,world,cf231_leg,-2.753835916519165,-1.5674105882644653,-0.07578732818365097
1773049171,957938145,world,cf231,-2.6298062801361084,-1.6089955568313599,0.0181257463991642
1773049171,957938145,world,cf231_leg,-2.757086753845215,-1.5701348781585693,-0.0719795897603035
1773049171,964639574,world,cf231,-2.633863687515259,-1.6069101095199585,0.01947198435664177
1773049171,964639574,world,cf231_leg,-2.759821891784668,-1.5727970600128174,-0.06876425445079803
1773049171,968079479,world,cf231_leg,-2.763014316558838,-1.5760434865951538,-0.06523646414279938
1773049171,973067198,world,cf231_leg,-2.7657887935638428,-1.5785770416259766,-0.06284734606742859
1773049171,978009510,world,cf231_leg,-2.7684504985809326,-1.5813566446304321,-0.06078813970088959
1773049171,982954419,world,cf231_leg,-2.771531820297241,-1.5842503309249878,-0.058907318860292435
1773049171,987859696,world,cf231_leg,-2.774113178253174,-1.5868011713027954,-0.057389430701732635
1773049171,993354370,world,cf231_leg,-2.776075601577759,-1.5886280536651611,-0.056920722126960754
1773049171,998067500,world,cf231_leg,-2.7784881591796875,-1.5906777381896973,-0.05642905458807945
1773049172,2732846,world,cf231_leg,-2.781012535095215,-1.5930851697921753,-0.05557778477668762
1773049172,7687226,world,cf231_leg,-2.7848594188690186,-1.5978223085403442,-0.05351654440164566
1773049172,13027490,world,cf231_leg,-2.7874257564544678,-1.600820779800415,-0.05339248105883598
1773049172,18795061,world,cf231_leg,-2.7898874282836914,-1.6033949851989746,-0.053364451974630356
1773049172,23000503,world,cf231_leg,-2.792562246322632,-1.6061644554138184,-0.053642239421606064
1773049172,28723258,world,cf231_leg,-2.794782876968384,-1.6088773012161255,-0.05424190312623978
1773049172,33208081,world,cf231,-2.682267189025879,-1.5725023746490479,0.028772607445716858
1773049172,33208081,world,cf231_leg,-2.797628164291382,-1.6117502450942993,-0.05490554869174957
1773049172,38134835,world,cf231,-2.6867752075195312,-1.5706822872161865,0.028617219999432564
1773049172,38134835,world,cf231_leg,-2.799821138381958,-1.6143076419830322,-0.05604717507958412
1773049172,42888390,world,cf231,-2.6901893615722656,-1.5683012008666992,0.02812068909406662
1773049172,42888390,world,cf231_leg,-2.8024160861968994,-1.6172949075698853,-0.057152919471263885
1773049172,48831160,world,cf231,-2.6947484016418457,-1.5662347078323364,0.02701594866812229
1773049172,48831160,world,cf231_leg,-2.804497241973877,-1.6195824146270752,-0.05927759408950806
1773049172,53047782,world,cf231,-2.698842763900757,-1.5642987489700317,0.02641400322318077
1773049172,53047782,world,cf231_leg,-2.8072385787963867,-1.622476577758789,-0.06055440008640289
1773049172,57917544,world,cf231_leg,-2.809187650680542,-1.6248700618743896,-0.06268952786922455
1773049172,62850233,world,cf231,-2.70874285697937,-1.560697078704834,0.023812545463442802
1773049172,62850233,world,cf231_leg,-2.8118109703063965,-1.6278314590454102,-0.06464432179927826
1773049172,67870281,world,cf231,-2.714012861251831,-1.5593609809875488,0.022671988233923912
1773049172,67870281,world,cf231_leg,-2.813664674758911,-1.63010573387146,-0.06746704876422882
1773049172,72954350,world,cf231_leg,-2.8162412643432617,-1.63302481174469,-0.06993967294692993
1773049172,77908906,world,cf231_leg,-2.8178980350494385,-1.6353987455368042,-0.07371365278959274
1773049172,82928149,world,cf231_leg,-2.8204023838043213,-1.6380672454833984,-0.0769726037979126
1773049172,88072248,world,cf231_leg,-2.822349786758423,-1.6405224800109863,-0.08058466017246246
1773049172,92871156,world,cf231_leg,-2.824287176132202,-1.642484426498413,-0.08426639437675476
1773049172,97859851,world,cf231_leg,-2.8260040283203125,-1.644768476486206,-0.08592137694358826
1773049172,103018419,world,cf231_leg,-2.8271946907043457,-1.646103024482727,-0.08681244403123856
1773049172,108178958,world,cf231_leg,-2.827765703201294,-1.647546410560608,-0.08560484647750854
1773049172,112871262,world,cf231_leg,-2.828218460083008,-1.6497972011566162,-0.08444834500551224
1773049172,117884155,world,cf231_leg,-2.828314781188965,-1.6511797904968262,-0.08364980667829514
1773049172,122926482,world,cf231_leg,-2.828701972961426,-1.6529027223587036,-0.08287234604358673
1773049172,127959459,world,cf231_leg,-2.829064130783081,-1.6545140743255615,-0.0823395624756813
1773049172,133004830,world,cf231_leg,-2.8292694091796875,-1.655608057975769,-0.08227714151144028
1773049172,137932288,world,cf231_leg,-2.8297441005706787,-1.6573930978775024,-0.08233693242073059
1773049172,143737491,world,cf231_leg,-2.8298451900482178,-1.6587622165679932,-0.08296678215265274
1773049172,148025865,world,cf231_leg,-2.829805374145508,-1.6598196029663086,-0.0834650993347168
1773049172,152949399,world,cf231_leg,-2.8297507762908936,-1.6611757278442383,-0.08422275632619858
1773049172,157929458,world,cf231_leg,-2.8299319744110107,-1.6624356508255005,-0.08485536277294159
1773049172,163063542,world,cf231_leg,-2.8300163745880127,-1.6634526252746582,-0.0858127772808075
1773049172,168745308,world,cf231_leg,-2.82965087890625,-1.6640534400939941,-0.08740605413913727
1773049172,172853885,world,cf231_leg,-2.829655647277832,-1.6648523807525635,-0.08853870630264282
1773049172,178031952,world,cf231_leg,-2.8293628692626953,-1.6657525300979614,-0.09041048586368561
1773049172,182933043,world,cf231_leg,-2.8291800022125244,-1.666512131690979,-0.09197407960891724
1773049172,187883252,world,cf231_leg,-2.828991413116455,-1.6675597429275513,-0.0938747301697731
1773049172,193271192,world,cf231_leg,-2.8288321495056152,-1.668347716331482,-0.09622266888618469
1773049172,198055452,world,cf231,-2.7864060401916504,-1.5515856742858887,0.020676638931035995
1773049172,198055452,world,cf231_leg,-2.828784704208374,-1.6693040132522583,-0.09806830435991287
1773049172,202831225,world,cf231,-2.788099765777588,-1.5509533882141113,0.019860371947288513
1773049172,202831225,world,cf231_leg,-2.828435182571411,-1.670039176940918,-0.10116475820541382
1773049172,208491435,world,cf231,-2.7895405292510986,-1.5506536960601807,0.01981569081544876
1773049172,208491435,world,cf231_leg,-2.828723907470703,-1.6711293458938599,-0.10302478820085526
1773049172,213027545,world,cf231,-2.791130304336548,-1.550331711769104,0.019725140184164047
1773049172,213027545,world,cf231_leg,-2.828670024871826,-1.6716585159301758,-0.1055571436882019
1773049172,218681684,world,cf231,-2.79295015335083,-1.5504753589630127,0.020462289452552795
1773049172,218681684,world,cf231_leg,-2.828946352005005,-1.6721539497375488,-0.10571952909231186
1773049172,222906679,world,cf231,-2.795468807220459,-1.550355076789856,0.021520908921957016
1773049172,222906679,world,cf231_leg,-2.8296494483947754,-1.6726263761520386,-0.10490204393863678
1773049172,227893564,world,cf231,-2.7976009845733643,-1.55039381980896,0.02530205436050892
1773049172,227893564,world,cf231_leg,-2.8301596641540527,-1.6727491617202759,-0.10414860397577286
1773049172,232948247,world,cf231,-2.80008602142334,-1.549846887588501,0.028738342225551605
1773049172,232948247,world,cf231_leg,-2.8310799598693848,-1.6734310388565063,-0.10262476652860641
1773049172,237971535,world,cf231,-2.802623987197876,-1.549758791923523,0.0320792980492115
1773049172,237971535,world,cf231_leg,-2.831845760345459,-1.6736679077148438,-0.10200861841440201
1773049172,242942709,world,cf231,-2.8048367500305176,-1.5498132705688477,0.03405669331550598
1773049172,242942709,world,cf231_leg,-2.832581043243408,-1.6741187572479248,-0.10157123953104019
1773049172,247942409,world,cf231,-2.8067002296447754,-1.549984335899353,0.03524571657180786
1773049172,247942409,world,cf231_leg,-2.833610773086548,-1.674558401107788,-0.1011367216706276
1773049172,252737890,world,cf231,-2.8089160919189453,-1.5500653982162476,0.03624869883060455
1773049172,252737890,world,cf231_leg,-2.8344614505767822,-1.675041675567627,-0.1013464629650116
1773049172,258713741,world,cf231,-2.810811996459961,-1.5502958297729492,0.037450507283210754
1773049172,258713741,world,cf231_leg,-2.8352646827697754,-1.6755194664001465,-0.10131818056106567
1773049172,263822149,world,cf231,-2.812840461730957,-1.5503405332565308,0.038613997399806976
1773049172,263822149,world,cf231_leg,-2.836225748062134,-1.6760917901992798,-0.10129610449075699
1773049172,267770539,world,cf231,-2.8145556449890137,-1.5503555536270142,0.03954104706645012
1773049172,267770539,world,cf231_leg,-2.8369648456573486,-1.6763226985931396,-0.10208219289779663
1773049172,273043931,world,cf231,-2.8164751529693604,-1.5504605770111084,0.04021772742271423
1773049172,273043931,world,cf231_leg,-2.8377888202667236,-1.6767505407333374,-0.1033775806427002
1773049172,277935950,world,cf231,-2.8182547092437744,-1.5504958629608154,0.04059479385614395
1773049172,277935950,world,cf231_leg,-2.8385958671569824,-1.6771515607833862,-0.10438622534275055
1773049172,284818774,world,cf231,-2.820194959640503,-1.5505198240280151,0.040453288704156876
1773049172,284818774,world,cf231_leg,-2.83949613571167,-1.6774662733078003,-0.1056951954960823
1773049172,288060950,world,cf231,-2.822014331817627,-1.5509334802627563,0.0404822900891304
1773049172,288060950,world,cf231_leg,-2.8403220176696777,-1.677979826927185,-0.10763132572174072
1773049172,292865281,world,cf231,-2.823904037475586,-1.5513501167297363,0.04047224670648575
1773049172,292865281,world,cf231_leg,-2.841170072555542,-1.6783974170684814,-0.10877739638090134
1773049172,298113288,world,cf231,-2.824983596801758,-1.5520141124725342,0.03990775719285011
1773049172,298113288,world,cf231_leg,-2.8420450687408447,-1.6795021295547485,-0.10853806138038635
1773049172,303054666,world,cf231,-2.825716733932495,-1.5525319576263428,0.03921377286314964
1773049172,303054666,world,cf231_leg,-2.8424861431121826,-1.6803944110870361,-0.10895845293998718
1773049172,307968036,world,cf231,-2.826396942138672,-1.5528703927993774,0.03939565271139145
1773049172,307968036,world,cf231_leg,-2.8424973487854004,-1.6801632642745972,-0.10977718234062195
1773049172,313034496,world,cf231,-2.8274598121643066,-1.5535647869110107,0.03971920907497406
1773049172,313034496,world,cf231_leg,-2.8430869579315186,-1.6808671951293945,-0.11021149903535843
1773049172,319021730,world,cf231,-2.828555107116699,-1.5540556907653809,0.03941931948065758
1773049172,319021730,world,cf231_leg,-2.8435633182525635,-1.6814991235733032,-0.11075209081172943
1773049172,323101198,world,cf231,-2.8296408653259277,-1.554726004600525,0.03885498642921448
1773049172,323101198,world,cf231_leg,-2.844097852706909,-1.682270884513855,-0.11234474182128906
1773049172,328022208,world,cf231,-2.8305375576019287,-1.5553535223007202,0.03681322559714317
1773049172,328022208,world,cf231_leg,-2.844867467880249,-1.6831161975860596,-0.11335612833499908
1773049172,332957226,world,cf231,-2.831453561782837,-1.5558384656906128,0.035603608936071396
1773049172,332957226,world,cf231_leg,-2.84615421295166,-1.6844384670257568,-0.11366640031337738
1773049172,338078038,world,cf231,-2.833038568496704,-1.5563077926635742,0.03391346335411072
1773049172,338078038,world,cf231_leg,-2.8467857837677,-1.6851898431777954,-0.11398845911026001
1773049172,342976798,world,cf231,-2.8338701725006104,-1.5568443536758423,0.03283827006816864
1773049172,342976798,world,cf231_leg,-2.8468916416168213,-1.685089349746704,-0.11305007338523865
1773049172,348844022,world,cf231,-2.8348166942596436,-1.5572317838668823,0.03249221667647362
1773049172,348844022,world,cf231_leg,-2.846466302871704,-1.6844568252563477,-0.11288296431303024
1773049172,352905858,world,cf231,-2.835958480834961,-1.5573678016662598,0.03187655657529831
1773049172,352905858,world,cf231_leg,-2.8464913368225098,-1.6846705675125122,-0.11259855329990387
1773049172,358850620,world,cf231,-2.8369786739349365,-1.5576013326644897,0.031138278543949127
1773049172,358850620,world,cf231_leg,-2.846654176712036,-1.6849826574325562,-0.11236688494682312
1773049172,362954137,world,cf231,-2.8379297256469727,-1.558176040649414,0.0294694472104311
1773049172,362954137,world,cf231_leg,-2.8468432426452637,-1.6854854822158813,-0.1119394525885582
1773049172,368795975,world,cf231,-2.8388853073120117,-1.5583769083023071,0.02715362049639225
1773049172,368795975,world,cf231_leg,-2.8471648693084717,-1.6863774061203003,-0.11146004498004913
1773049172,374720609,world,cf231,-2.840017080307007,-1.5589860677719116,0.02531548961997032
1773049172,374720609,world,cf231_leg,-2.8471901416778564,-1.6867133378982544,-0.1115153506398201
1773049172,378968627,world,cf231,-2.841015338897705,-1.5591976642608643,0.023416150361299515
1773049172,378968627,world,cf231_leg,-2.847036600112915,-1.6865861415863037,-0.1117812767624855
1773049172,382893183,world,cf231,-2.84188175201416,-1.5594091415405273,0.02189456671476364
1773049172,382893183,world,cf231_leg,-2.8466925621032715,-1.685863971710205,-0.11203451454639435
1773049172,388141832,world,cf231,-2.842628002166748,-1.559444785118103,0.02050013467669487
1773049172,388141832,world,cf231_leg,-2.846287965774536,-1.6851152181625366,-0.11222371459007263
1773049172,392990720,world,cf231,-2.8432092666625977,-1.5591247081756592,0.01955639198422432
1773049172,392990720,world,cf231_leg,-2.8461380004882812,-1.6847716569900513,-0.11203128099441528
1773049172,398907014,world,cf231,-2.843824625015259,-1.5587459802627563,0.01856406033039093
1773049172,398907014,world,cf231_leg,-2.8460211753845215,-1.6844598054885864,-0.111891970038414
1773049172,403074327,world,cf231,-2.844756841659546,-1.558664321899414,0.01725935935974121
1773049172,403074327,world,cf231_leg,-2.845982074737549,-1.6842371225357056,-0.11168569326400757
1773049172,408042545,world,cf231,-2.8451342582702637,-1.5584758520126343,0.016077112406492233
1773049172,408042545,world,cf231_leg,-2.846221446990967,-1.684489130973816,-0.11097760498523712
1773049172,414818458,world,cf231,-2.845376491546631,-1.5581940412521362,0.01568019390106201
1773049172,414818458,world,cf231_leg,-2.8463735580444336,-1.6844048500061035,-0.11066889762878418
1773049172,418030885,world,cf231,-2.845487356185913,-1.5580617189407349,0.01577277109026909
1773049172,418030885,world,cf231_leg,-2.8463728427886963,-1.6836903095245361,-0.11033332347869873
1773049172,422936818,world,cf231,-2.845486879348755,-1.5577055215835571,0.015998467803001404
1773049172,422936818,world,cf231_leg,-2.846057415008545,-1.6827946901321411,-0.11069885641336441
1773049172,428127570,world,cf231,-2.8456122875213623,-1.5573158264160156,0.01653653383255005
1773049172,428127570,world,cf231_leg,-2.8461389541625977,-1.6824647188186646,-0.11084383726119995
1773049172,432893160,world,cf231,-2.845633029937744,-1.557212471961975,0.016702670603990555
1773049172,432893160,world,cf231_leg,-2.846146821975708,-1.682186484336853,-0.11120966076850891
1773049172,438085028,world,cf231,-2.845418930053711,-1.5568782091140747,0.016543161123991013
1773049172,438085028,world,cf231_leg,-2.846104621887207,-1.681939721107483,-0.11137332022190094
1773049172,442868937,world,cf231,-2.8453116416931152,-1.5568146705627441,0.016556549817323685
1773049172,442868937,world,cf231_leg,-2.84615159034729,-1.6817909479141235,-0.11167045682668686
1773049172,448066317,world,cf231,-2.8451766967773438,-1.5567997694015503,0.016563791781663895
1773049172,448066317,world,cf231_leg,-2.8466451168060303,-1.6823883056640625,-0.1109142154455185
1773049172,453078768,world,cf231,-2.84505295753479,-1.5567623376846313,0.016593087464571
1773049172,453078768,world,cf231_leg,-2.846773386001587,-1.6826257705688477,-0.11061712354421616
1773049172,457973332,world,cf231,-2.8450629711151123,-1.5566561222076416,0.016651704907417297
1773049172,457973332,world,cf231_leg,-2.846735715866089,-1.6823444366455078,-0.11091656237840652
1773049172,463057858,world,cf231,-2.844911575317383,-1.5566496849060059,0.01661856472492218
1773049172,463057858,world,cf231_leg,-2.8465499877929688,-1.6819071769714355,-0.111152783036232
1773049172,468065468,world,cf231,-2.8447763919830322,-1.5566341876983643,0.016626901924610138
1773049172,468065468,world,cf231_leg,-2.8463823795318604,-1.6815370321273804,-0.11138061434030533
1773049172,472993136,world,cf231,-2.844604730606079,-1.5564584732055664,0.016601718962192535
1773049172,472993136,world,cf231_leg,-2.8463168144226074,-1.6815472841262817,-0.11131703108549118
1773049172,479352440,world,cf231,-2.844550132751465,-1.5566295385360718,0.01665368676185608
1773049172,479352440,world,cf231_leg,-2.846365213394165,-1.681472659111023,-0.11135803163051605
1773049172,482963537,world,cf231,-2.8443353176116943,-1.5565937757492065,0.016531910747289658
1773049172,482963537,world,cf231_leg,-2.846273422241211,-1.681475043296814,-0.11149737983942032
1773049172,488014951,world,cf231,-2.8443171977996826,-1.5567089319229126,0.016530070453882217
1773049172,488014951,world,cf231_leg,-2.8462636470794678,-1.6814744472503662,-0.11160454154014587
1773049172,492934965,world,cf231,-2.8442320823669434,-1.5566349029541016,0.016558710485696793
1773049172,492934965,world,cf231_leg,-2.846445322036743,-1.6816846132278442,-0.11166772246360779
1773049172,498005926,world,cf231,-2.8443310260772705,-1.5567153692245483,0.016631819307804108
1773049172,498005926,world,cf231_leg,-2.8466548919677734,-1.6821508407592773,-0.11115521192550659
1773049172,502984755,world,cf231,-2.844330310821533,-1.5567229986190796,0.01666172221302986
1773049172,502984755,world,cf231_leg,-2.846964120864868,-1.682647466659546,-0.11073232442140579
1773049172,508033827,world,cf231,-2.8443992137908936,-1.5567234754562378,0.01662682741880417
1773049172,508033827,world,cf231_leg,-2.846900463104248,-1.682516098022461,-0.11085642874240875
1773049172,512886132,world,cf231,-2.844322443008423,-1.5566147565841675,0.016512934118509293
1773049172,512886132,world,cf231_leg,-2.8468451499938965,-1.6822731494903564,-0.11109207570552826
1773049172,518784158,world,cf231,-2.8443353176116943,-1.5565937757492065,0.016531910747289658
1773049172,518784158,world,cf231_leg,-2.846635580062866,-1.6818546056747437,-0.11144879460334778
1773049172,522905575,world,cf231,-2.8443219661712646,-1.5566142797470093,0.016513768583536148
1773049172,522905575,world,cf231_leg,-2.846353054046631,-1.6814695596694946,-0.111460842192173
1773049172,528010168,world,cf231,-2.8442676067352295,-1.5565776824951172,0.016507282853126526
1773049172,528010168,world,cf231_leg,-2.8463430404663086,-1.6814769506454468,-0.11153900623321533
1773049172,535557423,world,cf231,-2.8441810607910156,-1.5564846992492676,0.016481734812259674
1773049172,535557423,world,cf231_leg,-2.8463478088378906,-1.6814725399017334,-0.11142328381538391
1773049172,537984285,world,cf231,-2.844334602355957,-1.5565932989120483,0.01653284952044487
1773049172,537984285,world,cf231_leg,-2.8464341163635254,-1.6815701723098755,-0.11137066036462784
1773049172,542967141,world,cf231,-2.8442232608795166,-1.5565341711044312,0.01644020527601242
1773049172,542967141,world,cf231_leg,-2.8463852405548096,-1.6815317869186401,-0.11141408979892731
1773049172,547959502,world,cf231,-2.844318389892578,-1.5565192699432373,0.016527142375707626
1773049172,547959502,world,cf231_leg,-2.8464367389678955,-1.6815568208694458,-0.11143308877944946
1773049172,552954505,world,cf231,-2.844367504119873,-1.5566589832305908,0.01657889410853386
1773049172,552954505,world,cf231_leg,-2.8466386795043945,-1.6819599866867065,-0.11126106232404709
1773049172,559622978,world,cf231,-2.8443658351898193,-1.556657075881958,0.016582008451223373
1773049172,559622978,world,cf231_leg,-2.84692120552063,-1.6825997829437256,-0.11082711815834045
1773049172,562839760,world,cf231,-2.8442540168762207,-1.5566060543060303,0.01651863008737564
1773049172,562839760,world,cf231_leg,-2.846931219100952,-1.6825685501098633,-0.11083546280860901
1773049172,568775963,world,cf231,-2.8442561626434326,-1.5565910339355469,0.016457971185445786
1773049172,568775963,world,cf231_leg,-2.846806049346924,-1.6823318004608154,-0.11100056767463684
1773049172,572868476,world,cf231,-2.844266891479492,-1.5565941333770752,0.01656535267829895
1773049172,572868476,world,cf231_leg,-2.846757173538208,-1.6821980476379395,-0.11105544120073318
1773049172,577974012,world,cf231,-2.8443362712860107,-1.556594729423523,0.016530204564332962
1773049172,577974012,world,cf231_leg,-2.8466365337371826,-1.6818475723266602,-0.11147913336753845
1773049172,582930503,world,cf231,-2.844268798828125,-1.5565787553787231,0.016505327075719833
1773049172,582930503,world,cf231_leg,-2.846486806869507,-1.681795358657837,-0.11134057492017746
1773049172,587808339,world,cf231,-2.8443527221679688,-1.5566864013671875,0.016591936349868774
1773049172,587808339,world,cf231_leg,-2.8463497161865234,-1.6814905405044556,-0.11136911064386368
1773049172,592879288,world,cf231,-2.8441686630249023,-1.55649733543396,0.01643393188714981
1773049172,592879288,world,cf231_leg,-2.846369743347168,-1.6815497875213623,-0.11142519116401672
1773049172,598095743,world,cf231,-2.844357490539551,-1.5565656423568726,0.016490694135427475
1773049172,598095743,world,cf231_leg,-2.846334934234619,-1.6815009117126465,-0.1114097610116005
1773049172,602789046,world,cf231,-2.844299554824829,-1.556650996208191,0.01658334955573082
1773049172,602789046,world,cf231_leg,-2.846371650695801,-1.6815435886383057,-0.11145714670419693
1773049172,607933402,world,cf231,-2.8443310260772705,-1.5567153692245483,0.016631819307804108
1773049172,607933402,world,cf231_leg,-2.84645938873291,-1.6816184520721436,-0.11149358004331589
1773049172,612892308,world,cf231,-2.844285726547241,-1.5566707849502563,0.016566548496484756
1773049172,612892308,world,cf231_leg,-2.8463871479034424,-1.681525707244873,-0.11144624650478363
1773049172,618120890,world,cf231,-2.844240427017212,-1.556600570678711,0.016415629535913467
1773049172,618120890,world,cf231_leg,-2.846451997756958,-1.6815389394760132,-0.11142216622829437
1773049172,623039974,world,cf231,-2.8443782329559326,-1.5566531419754028,0.016658112406730652
1773049172,623039974,world,cf231_leg,-2.8464691638946533,-1.6816030740737915,-0.11144430935382843
1773049172,627908413,world,cf231,-2.8443658351898193,-1.5566486120224,0.01655358448624611
1773049172,627908413,world,cf231_leg,-2.8465378284454346,-1.6817947626113892,-0.11146127432584763
1773049172,632999637,world,cf231,-2.8443491458892822,-1.556591510772705,0.016605034470558167
1773049172,632999637,world,cf231_leg,-2.846745729446411,-1.682147741317749,-0.11101450026035309
1773049172,638775530,world,cf231,-2.844308614730835,-1.556617259979248,0.01643921062350273
1773049172,638775530,world,cf231_leg,-2.847020387649536,-1.6826934814453125,-0.11070244014263153
1773049172,643034400,world,cf231,-2.8443217277526855,-1.5566225051879883,0.016542673110961914
1773049172,643034400,world,cf231_leg,-2.8470118045806885,-1.6825803518295288,-0.11074342578649521
1773049172,647989246,world,cf231,-2.8443174362182617,-1.556518316268921,0.016528744250535965
1773049172,647989246,world,cf231_leg,-2.8469531536102295,-1.6825339794158936,-0.11090594530105591
1773049172,652994425,world,cf231,-2.8442277908325195,-1.5566129684448242,0.016368411481380463
1773049172,652994425,world,cf231_leg,-2.8469207286834717,-1.6824800968170166,-0.11092417687177658
1773049172,658767546,world,cf231,-2.844414710998535,-1.5566056966781616,0.0166330449283123
1773049172,658767546,world,cf231_leg,-2.8467752933502197,-1.6822712421417236,-0.11105026304721832
1773049172,662960756,world,cf231,-2.844367504119873,-1.5566589832305908,0.01657889410853386
1773049172,662960756,world,cf231_leg,-2.8467795848846436,-1.6821558475494385,-0.11115525662899017
1773049172,668758848,world,cf231,-2.8443520069122314,-1.5566858053207397,0.01659306138753891
1773049172,668758848,world,cf231_leg,-2.8465688228607178,-1.6818312406539917,-0.11149810999631882
1773049172,672946506,world,cf231,-2.844403028488159,-1.556610345840454,0.01655581220984459
1773049172,672946506,world,cf231_leg,-2.8465476036071777,-1.6818042993545532,-0.1113090068101883
1773049172,678673674,world,cf231,-2.8443362712860107,-1.556594967842102,0.016529809683561325
1773049172,678673674,world,cf231_leg,-2.846390724182129,-1.6816096305847168,-0.11148250848054886
1773049172,685070751,world,cf231,-2.8444337844848633,-1.5566825866699219,0.01663370430469513
1773049172,685070751,world,cf231_leg,-2.8464558124542236,-1.681622862815857,-0.11145848780870438
1773049172,687965663,world,cf231,-2.844308853149414,-1.5566262006759644,0.016467135399580002
1773049172,687965663,world,cf231_leg,-2.846369743347168,-1.6815497875213623,-0.11142517626285553
1773049172,692722395,world,cf231,-2.844318151473999,-1.5567184686660767,0.016556840389966965
1773049172,692722395,world,cf231_leg,-2.8463869094848633,-1.6815335750579834,-0.11141709238290787
1773049172,697826344,world,cf231,-2.84428071975708,-1.556583046913147,0.016610626131296158
1773049172,697826344,world,cf231_leg,-2.846383571624756,-1.6815543174743652,-0.11132489144802094
1773049172,702879410,world,cf231,-2.8443217277526855,-1.556605577468872,0.016485560685396194
1773049172,702879410,world,cf231_leg,-2.846403121948242,-1.6815093755722046,-0.1114199310541153
1773049172,707899542,world,cf231,-2.8443663120269775,-1.5566576719284058,0.01658104732632637
1773049172,707899542,world,cf231_leg,-2.846369743347168,-1.6815497875213623,-0.11142521351575851
1773049172,713764209,world,cf231,-2.8443093299865723,-1.556626558303833,0.01646653190255165
1773049172,713764209,world,cf231_leg,-2.846324920654297,-1.6815000772476196,-0.11151637881994247
1773049172,717927810,world,cf231,-2.8441567420959473,-1.5565190315246582,0.0164136104285717
1773049172,717927810,world,cf231_leg,-2.84639048576355,-1.6815141439437866,-0.11149358749389648
1773049172,722815585,world,cf231,-2.844348669052124,-1.5565736293792725,0.01654941588640213
1773049172,722815585,world,cf231_leg,-2.846390962600708,-1.6815062761306763,-0.11152291297912598
1773049172,727909715,world,cf231,-2.8442916870117188,-1.5565340518951416,0.016406122595071793
1773049172,727909715,world,cf231_leg,-2.8464033603668213,-1.6815015077590942,-0.11144927889108658
1773049172,733029102,world,cf231,-2.8442983627319336,-1.5566582679748535,0.016613956540822983
1773049172,733029102,world,cf231_leg,-2.8463730812072754,-1.6815285682678223,-0.11151671409606934
1773049172,738018880,world,cf231,-2.8443660736083984,-1.556674599647522,0.016638539731502533
1773049172,738018880,world,cf231_leg,-2.84637188911438,-1.6815356016159058,-0.11148621141910553
1773049172,742912614,world,cf231,-2.8443217277526855,-1.5566141605377197,0.016513947397470474
1773049172,742912614,world,cf231_leg,-2.8463997840881348,-1.6816174983978271,-0.11134528368711472
1773049172,748147799,world,cf231,-2.8443081378936768,-1.5566166639328003,0.016440223902463913
1773049172,748147799,world,cf231_leg,-2.846360683441162,-1.681653380393982,-0.11149346828460693
1773049172,752938684,world,cf231,-2.8442695140838623,-1.55657958984375,0.016503944993019104
1773049172,752938684,world,cf231_leg,-2.8464722633361816,-1.6816775798797607,-0.11152467131614685
1773049172,758127010,world,cf231,-2.844252824783325,-1.5565965175628662,0.016491852700710297
1773049172,758127010,world,cf231_leg,-2.846630334854126,-1.6818653345108032,-0.11138196289539337
1773049172,764707087,world,cf231,-2.8443353176116943,-1.5566025972366333,0.01656007021665573
1773049172,764707087,world,cf231_leg,-2.84665584564209,-1.6820403337478638,-0.1112259030342102
1773049172,768841613,world,cf231,-2.8443655967712402,-1.5566656589508057,0.016610685735940933
1773049172,768841613,world,cf231_leg,-2.846768379211426,-1.6821861267089844,-0.1111450046300888
1773049172,773020833,world,cf231,-2.844388484954834,-1.5566294193267822,0.01654018461704254
1773049172,773020833,world,cf231_leg,-2.8467795848846436,-1.6822994947433472,-0.11097138375043869
1773049172,778653459,world,cf231,-2.8442533016204834,-1.5565968751907349,0.016491208225488663
1773049172,778653459,world,cf231_leg,-2.8469362258911133,-1.6824861764907837,-0.1108267605304718
1773049172,782857430,world,cf231,-2.844236373901367,-1.5565135478973389,0.016458585858345032
1773049172,782857430,world,cf231_leg,-2.846891403198242,-1.68254816532135,-0.11084938794374466
1773049172,787920432,world,cf231,-2.844130277633667,-1.5565340518951416,0.01629241183400154
1773049172,787920432,world,cf231_leg,-2.8468873500823975,-1.6825523376464844,-0.11081385612487793
1773049172,792868879,world,cf231,-2.844388246536255,-1.5566203594207764,0.01651250198483467
1773049172,792868879,world,cf231_leg,-2.846881628036499,-1.6825613975524902,-0.11076201498508453
1773049172,797989704,world,cf231,-2.844303607940674,-1.5565296411514282,0.01648324355483055
1773049172,797989704,world,cf231_leg,-2.846928119659424,-1.6825815439224243,-0.11077249050140381
1773049172,802717413,world,cf231,-2.8442723751068115,-1.5566823482513428,0.01652035489678383
1773049172,802717413,world,cf231_leg,-2.8469154834747314,-1.6825940608978271,-0.11081703007221222
1773049172,808043233,world,cf231,-2.8442506790161133,-1.5565029382705688,0.016502823680639267
1773049172,808043233,world,cf231_leg,-2.8469960689544678,-1.6825978755950928,-0.11075392365455627
1773049172,812972339,world,cf231,-2.8442916870117188,-1.556551218032837,0.016463112086057663
1773049172,812972339,world,cf231_leg,-2.8469655513763428,-1.6825374364852905,-0.11080367863178253
1773049172,817946205,world,cf231,-2.8443663120269775,-1.5566749572753906,0.016637712717056274
1773049172,817946205,world,cf231_leg,-2.846951723098755,-1.6826603412628174,-0.11077743023633957
1773049172,823012808,world,cf231,-2.844367504119873,-1.5566588640213013,0.016579102724790573
1773049172,823012808,world,cf231_leg,-2.846874713897705,-1.6825487613677979,-0.11091578006744385
1773049172,828770718,world,cf231,-2.8443524837493896,-1.5566774606704712,0.016564197838306427
1773049172,828770718,world,cf231_leg,-2.846933603286743,-1.6825950145721436,-0.11075344681739807
1773049172,832977932,world,cf231,-2.8443219661712646,-1.5566142797470093,0.016513768583536148
1773049172,832977932,world,cf231_leg,-2.8469181060791016,-1.682588815689087,-0.11085058748722076
1773049172,837936860,world,cf231,-2.8442771434783936,-1.5565531253814697,0.01639065518975258
1773049172,837936860,world,cf231_leg,-2.8469655513763428,-1.68264901638031,-0.1107349544763565
1773049172,842708647,world,cf231,-2.844378709793091,-1.556653618812561,0.016657404601573944
1773049172,842708647,world,cf231_leg,-2.8469643592834473,-1.6826555728912354,-0.11070375144481659
1773049172,848049654,world,cf231,-2.8443219661712646,-1.5566143989562988,0.016513589769601822
1773049172,848049654,world,cf231_leg,-2.846965789794922,-1.6826411485671997,-0.11076398193836212
1773049172,852732482,world,cf231,-2.8442680835723877,-1.556578278541565,0.016506310552358627
1773049172,852732482,world,cf231_leg,-2.8469960689544678,-1.6825978755950928,-0.11075392365455627
1773049172,858221640,world,cf231,-2.8443753719329834,-1.5566326379776,0.016465194523334503
1773049172,858221640,world,cf231_leg,-2.8469645977020264,-1.682647943496704,-0.11073309183120728
1773049172,862814131,world,cf231,-2.8442907333374023,-1.5565502643585205,0.016464728862047195
1773049172,862814131,world,cf231_leg,-2.8469502925872803,-1.6825472116470337,-0.11084345728158951
1773049172,868099885,world,cf231,-2.844304084777832,-1.5565385818481445,0.016510941088199615
1773049172,868099885,world,cf231_leg,-2.8469183444976807,-1.682597041130066,-0.11082209646701813
1773049172,873053272,world,cf231,-2.844367504119873,-1.5566589832305908,0.01657889410853386
1773049172,873053272,world,cf231_leg,-2.8469197750091553,-1.6825984716415405,-0.11082461476325989
1773049172,877865145,world,cf231,-2.8443357944488525,-1.5565943717956543,0.01653096079826355
1773049172,877865145,world,cf231_leg,-2.8469643592834473,-1.682647705078125,-0.11073271185159683
1773049172,883741618,world,cf231,-2.844421625137329,-1.5566954612731934,0.016585487872362137
1773049172,883741618,world,cf231_leg,-2.846985101699829,-1.6826038360595703,-0.11082980036735535
1773049172,888527745,world,cf231,-2.8442859649658203,-1.5566538572311401,0.01650930568575859
1773049172,888527745,world,cf231_leg,-2.846998929977417,-1.6826008558273315,-0.11075904965400696
1773049172,892941427,world,cf231,-2.844353199005127,-1.556678295135498,0.01656271517276764
1773049172,892941427,world,cf231_leg,-2.847018241882324,-1.6826752424240112,-0.11075616627931595
1773049172,898010744,world,cf231,-2.8443357944488525,-1.5565943717956543,0.01653096079826355
1773049172,898010744,world,cf231_leg,-2.8469181060791016,-1.6826049089431763,-0.11079321056604385
1773049172,902727613,world,cf231,-2.8442859649658203,-1.5566538572311401,0.01650930568575859
1773049172,902727613,world,cf231_leg,-2.846998929977417,-1.6826006174087524,-0.1107586920261383
1773049172,907941230,world,cf231,-2.844271659851074,-1.5566730499267578,0.01649314910173416
1773049172,907941230,world,cf231_leg,-2.8469197750091553,-1.6825906038284302,-0.11085358262062073
1773049172,912936538,world,cf231,-2.8443799018859863,-1.5566548109054565,0.016655270010232925
1773049172,912936538,world,cf231_leg,-2.8469295501708984,-1.6825909614562988,-0.11074629426002502
1773049172,918009968,world,cf231,-2.8442397117614746,-1.5566084384918213,0.016445361077785492
1773049172,918009968,world,cf231_leg,-2.846998929977417,-1.6826008558273315,-0.11075904965400696
1773049172,922906898,world,cf231,-2.844336748123169,-1.5565866231918335,0.0165008082985878
1773049172,922906898,world,cf231_leg,-2.8469018936157227,-1.6825252771377563,-0.11082965135574341
1773049172,928019340,world,cf231,-2.8443660736083984,-1.5566487312316895,0.016553334891796112
1773049172,928019340,world,cf231_leg,-2.8469455242156982,-1.6825573444366455,-0.11079345643520355
1773049172,932693965,world,cf231,-2.844186782836914,-1.5565730333328247,0.016436725854873657
1773049172,932693965,world,cf231_leg,-2.846928119659424,-1.6825734376907349,-0.11080120503902435
1773049172,938032046,world,cf231,-2.8443217277526855,-1.5566054582595825,0.016485758125782013
1773049172,938032046,world,cf231_leg,-2.8469631671905518,-1.6826543807983398,-0.11070159822702408
1773049172,942955892,world,cf231,-2.844266176223755,-1.556593418121338,0.016566824167966843
1773049172,942955892,world,cf231_leg,-2.8469324111938477,-1.6825858354568481,-0.11077989637851715
1773049172,948963594,world,cf231,-2.844235897064209,-1.5565217733383179,0.016487695276737213
1773049172,948963594,world,cf231_leg,-2.846996545791626,-1.6825900077819824,-0.11078320443630219
1773049172,952894558,world,cf231,-2.844223737716675,-1.5565258264541626,0.016411200165748596
1773049172,952894558,world,cf231_leg,-2.8468503952026367,-1.682572603225708,-0.11086949706077576
1773049172,957990303,world,cf231,-2.844266414642334,-1.5565763711929321,0.016509436070919037
1773049172,957990303,world,cf231_leg,-2.84694504737854,-1.6825731992721558,-0.11073555052280426
1773049172,962717493,world,cf231,-2.8443524837493896,-1.5566774606704712,0.016564197838306427
1773049172,962717493,world,cf231_leg,-2.846919536590576,-1.6825982332229614,-0.11082424223423004
1773049172,967975878,world,cf231,-2.8442223072052,-1.5565247535705566,0.016413189470767975
1773049172,967975878,world,cf231_leg,-2.8469347953796387,-1.6825963258743286,-0.11075560748577118
1773049172,972927232,world,cf231,-2.844266891479492,-1.5565767288208008,0.016508925706148148
1773049172,972927232,world,cf231_leg,-2.8469197750091553,-1.6825984716415405,-0.11082461476325989
1773049172,977942410,world,cf231,-2.8442530632019043,-1.5566054582595825,0.016519762575626373
1773049172,977942410,world,cf231_leg,-2.84688663482666,-1.6825191974639893,-0.11092708259820938
1773049172,982839841,world,cf231,-2.844266414642334,-1.556593656539917,0.016566388309001923
1773049172,982839841,world,cf231_leg,-2.846945285797119,-1.6825653314590454,-0.1107645034790039
1773049172,987748128,world,cf231,-2.8443329334259033,-1.5566003322601318,0.016563981771469116
1773049172,987748128,world,cf231_leg,-2.8469207286834717,-1.6826075315475464,-0.11079772561788559
1773049172,992866670,world,cf231,-2.8443338871002197,-1.556609869003296,0.016590777784585953
1773049172,992866670,world,cf231_leg,-2.8469324111938477,-1.6825858354568481,-0.11077989637851715
1773049172,997881387,world,cf231,-2.844259262084961,-1.5564860105514526,0.01641640067100525
1773049172,997881387,world,cf231_leg,-2.8469860553741455,-1.6826130151748657,-0.11080297827720642
1773049173,2924621,world,cf231,-2.844275951385498,-1.5565603971481323,0.016421400010585785
1773049173,2924621,world,cf231_leg,-2.8469860553741455,-1.6826130151748657,-0.11080297827720642
1773049173,8134563,world,cf231,-2.8442211151123047,-1.5565234422683716,0.016415387392044067
1773049173,8134563,world,cf231_leg,-2.8469655513763428,-1.68264901638031,-0.1107349544763565
1773049173,13105805,world,cf231,-2.8442721366882324,-1.5566823482513428,0.01652052253484726
1773049173,13105805,world,cf231_leg,-2.8469643592834473,-1.6825278997421265,-0.11083000898361206
1773049173,18752736,world,cf231,-2.8443210124969482,-1.5566133260726929,0.016515597701072693
1773049173,18752736,world,cf231_leg,-2.8469839096069336,-1.6826026439666748,-0.11082760989665985
1773049173,22934886,world,cf231,-2.844252109527588,-1.5566045045852661,0.01652148738503456
1773049173,22934886,world,cf231_leg,-2.8469488620758057,-1.6826493740081787,-0.11080113798379898
1773049173,28792515,world,cf231,-2.844367742538452,-1.556667685508728,0.016606882214546204
1773049173,28792515,world,cf231_leg,-2.8469326496124268,-1.6825778484344482,-0.1108088493347168
1773049173,32916912,world,cf231,-2.8441929817199707,-1.556462287902832,0.01636137068271637
1773049173,32916912,world,cf231_leg,-2.8468992710113525,-1.6825227737426758,-0.11082529276609421
1773049173,38004338,world,cf231,-2.8442676067352295,-1.5565948486328125,0.01656414568424225
1773049173,38004338,world,cf231_leg,-2.8470001220703125,-1.682602047920227,-0.11076125502586365
1773049173,43012766,world,cf231,-2.844254732131958,-1.5565810203552246,0.016432084143161774
1773049173,43012766,world,cf231_leg,-2.847015619277954,-1.682664394378662,-0.11078000068664551
1773049173,48045243,world,cf231,-2.8443586826324463,-1.5565667152404785,0.016488801687955856
1773049173,48045243,world,cf231_leg,-2.846883773803711,-1.6825324296951294,-0.11086469888687134
1773049173,53030444,world,cf231,-2.8442656993865967,-1.556584119796753,0.016539454460144043
1773049173,53030444,world,cf231_leg,-2.847017288208008,-1.6826660633087158,-0.11078298836946487
1773049173,57956586,world,cf231,-2.8442912101745605,-1.5565507411956787,0.016463924199342728
1773049173,57956586,world,cf231_leg,-2.846996307373047,-1.6825981140136719,-0.11075431853532791
1773049173,63040342,world,cf231,-2.8443524837493896,-1.5566688776016235,0.016535736620426178
1773049173,63040342,world,cf231_leg,-2.846834897994995,-1.6825180053710938,-0.11082153767347336
1773049173,68647873,world,cf231,-2.844255208969116,-1.5566073656082153,0.01651627942919731
1773049173,68647873,world,cf231_leg,-2.8469839096069336,-1.6826026439666748,-0.11082760989665985
1773049173,73867519,world,cf231,-2.8442678451538086,-1.5565863847732544,0.01653541997075081
1773049173,73867519,world,cf231_leg,-2.8469321727752686,-1.682593584060669,-0.1107509434223175
1773049173,78016460,world,cf231,-2.8442976474761963,-1.556666374206543,0.016643483191728592
1773049173,78016460,world,cf231_leg,-2.846998929977417,-1.682608723640442,-0.11073000729084015
1773049173,83713559,world,cf231,-2.844285249710083,-1.556670069694519,0.016567710787057877
1773049173,83713559,world,cf231_leg,-2.8469321727752686,-1.6825934648513794,-0.11075057089328766
1773049173,87911380,world,cf231,-2.8443031311035156,-1.5565378665924072,0.016512345522642136
1773049173,87911380,world,cf231_leg,-2.8469340801239014,-1.6825792789459229,-0.11081152409315109
1773049173,93485528,world,cf231,-2.844172477722168,-1.5566010475158691,0.016448915004730225
1773049173,93485528,world,cf231_leg,-2.846930980682373,-1.6825765371322632,-0.11080657690763474
1773049173,97851515,world,cf231,-2.8443524837493896,-1.5566688776016235,0.016535736620426178
1773049173,97851515,world,cf231_leg,-2.8469016551971436,-1.6825250387191772,-0.11082929372787476
1773049173,103816019,world,cf231,-2.8443315029144287,-1.5566984415054321,0.016574159264564514
1773049173,103816019,world,cf231_leg,-2.846867084503174,-1.6824607849121094,-0.11087249964475632
1773049173,107999399,world,cf231,-2.844322443008423,-1.5566235780715942,0.01654098927974701
1773049173,107999399,world,cf231_leg,-2.846998929977417,-1.682608723640442,-0.11073000729084015
1773049173,112952562,world,cf231,-2.844266653060913,-1.5565853118896484,0.016537442803382874
1773049173,112952562,world,cf231_leg,-2.846930742263794,-1.6825841665267944,-0.11077729612588882
1773049173,118835694,world,cf231,-2.8443400859832764,-1.5566813945770264,0.01648798957467079
1773049173,118835694,world,cf231_leg,-2.846919536590576,-1.6825982332229614,-0.11082424223423004
1773049173,123323287,world,cf231,-2.844252109527588,-1.5566045045852661,0.01652148738503456
1773049173,123323287,world,cf231_leg,-2.8469438552856445,-1.6825639009475708,-0.11076217144727707
1773049173,128139252,world,cf231,-2.8442916870117188,-1.5565599203109741,0.016491390764713287
1773049173,128139252,world,cf231_leg,-2.8469181060791016,-1.6826046705245972,-0.11079283803701401
1773049173,133023356,world,cf231,-2.844241142272949,-1.556618571281433,0.016471143811941147
1773049173,133023356,world,cf231_leg,-2.846945285797119,-1.6825653314590454,-0.1107645034790039
1773049173,138087240,world,cf231,-2.8442981243133545,-1.5566494464874268,0.016586128622293472
1773049173,138087240,world,cf231_leg,-2.8469836711883545,-1.6826024055480957,-0.11082720756530762
1773049173,142805570,world,cf231,-2.8443033695220947,-1.5565379858016968,0.016512159258127213
1773049173,142805570,world,cf231_leg,-2.846886396408081,-1.6825350522994995,-0.11086931079626083
1773049173,148445759,world,cf231,-2.844255208969116,-1.55659019947052,0.016459476202726364
1773049173,148445759,world,cf231_leg,-2.846930980682373,-1.6825844049453735,-0.11077769100666046
1773049173,153023452,world,cf231,-2.844367027282715,-1.5566582679748535,0.01657986268401146
1773049173,153023452,world,cf231_leg,-2.846998929977417,-1.6826008558273315,-0.11075904965400696
1773049173,158523753,world,cf231,-2.844432830810547,-1.5566986799240112,0.016692597419023514
1773049173,158523753,world,cf231_leg,-2.846930980682373,-1.6825765371322632,-0.11080657690763474
1773049173,163000831,world,cf231,-2.8443334102630615,-1.55660080909729,0.016563113778829575
1773049173,163000831,world,cf231_leg,-2.8468990325927734,-1.6826341152191162,-0.11075611412525177
1773049173,168779880,world,cf231,-2.844269037246704,-1.556587815284729,0.016533032059669495
1773049173,168779880,world,cf231_leg,-2.8469183444976807,-1.682597041130066,-0.11082209646701813
1773049173,173772421,world,cf231,-2.8442671298980713,-1.5566030740737915,0.01659339666366577
1773049173,173772421,world,cf231_leg,-2.8469672203063965,-1.6825309991836548,-0.1108352541923523
1773049173,177934419,world,cf231,-2.844285726547241,-1.5566534996032715,0.01650981605052948
1773049173,177934419,world,cf231_leg,-2.846919536590576,-1.6825982332229614,-0.11082424223423004
1773049173,182994436,world,cf231,-2.8443665504455566,-1.5566664934158325,0.016609102487564087
1773049173,182994436,world,cf231_leg,-2.84694242477417,-1.682570457458496,-0.1107306256890297
1773049173,188809748,world,cf231,-2.844252824783325,-1.5565965175628662,0.016491852700710297
1773049173,188809748,world,cf231_leg,-2.846919536590576,-1.6825982332229614,-0.11082424223423004
1773049173,192991924,world,cf231,-2.844381332397461,-1.5566476583480835,0.016624152660369873
1773049173,192991924,world,cf231_leg,-2.8468990325927734,-1.6825146675109863,-0.11085379123687744
1773049173,198154803,world,cf231,-2.8443400859832764,-1.5566728115081787,0.01645943894982338
1773049173,198154803,world,cf231_leg,-2.8469057083129883,-1.6826015710830688,-0.11089539527893066
1773049173,203876561,world,cf231,-2.8442773818969727,-1.556562066078186,0.016418524086475372
1773049173,203876561,world,cf231_leg,-2.8469839096069336,-1.682594656944275,-0.11085648834705353
1773049173,208002475,world,cf231,-2.8443002700805664,-1.5566515922546387,0.016582205891609192
1773049173,208002475,world,cf231_leg,-2.846940040588379,-1.6826739311218262,-0.11082352697849274
1773049173,212967821,world,cf231,-2.8444199562072754,-1.556693434715271,0.016588952392339706
1773049173,212967821,world,cf231_leg,-2.8469977378845215,-1.682591438293457,-0.11078544706106186
1773049173,217909757,world,cf231,-2.844285249710083,-1.5566527843475342,0.016510959714651108
1773049173,217909757,world,cf231_leg,-2.8469836711883545,-1.6826186180114746,-0.1107698306441307
1773049173,222874923,world,cf231,-2.8443877696990967,-1.5566372871398926,0.016569826751947403
1773049173,222874923,world,cf231_leg,-2.847029447555542,-1.6826610565185547,-0.11070892214775085
1773049173,227977183,world,cf231,-2.844357490539551,-1.5565569400787354,0.01646263524889946
1773049173,227977183,world,cf231_leg,-2.8469645977020264,-1.682647943496704,-0.11073309183120728
1773049173,233970411,world,cf231,-2.8442513942718506,-1.556594967842102,0.016494769603013992
1773049173,233970411,world,cf231_leg,-2.847048759460449,-1.682616114616394,-0.11080384254455566
1773049173,238094280,world,cf231,-2.8443524837493896,-1.5566774606704712,0.016564197838306427
1773049173,238094280,world,cf231_leg,-2.8469936847686768,-1.6825950145721436,-0.11074917763471603
1773049173,242980841,world,cf231,-2.84431791305542,-1.5565102100372314,0.016499333083629608
1773049173,242980841,world,cf231_leg,-2.8469088077545166,-1.6825966835021973,-0.11092949658632278
1773049173,247866628,world,cf231,-2.844388484954834,-1.5566294193267822,0.01654018461704254
1773049173,247866628,world,cf231_leg,-2.846919536590576,-1.6825982332229614,-0.11082424223423004
1773049173,253217780,world,cf231,-2.844252824783325,-1.5565963983535767,0.016492053866386414
1773049173,253217780,world,cf231_leg,-2.847017288208008,-1.6826579570770264,-0.11081156134605408
1773049173,257890293,world,cf231,-2.844320774078369,-1.5566216707229614,0.016544174402952194
1773049173,257890293,world,cf231_leg,-2.846930980682373,-1.6825765371322632,-0.11080657690763474
1773049173,263059474,world,cf231,-2.844308853149414,-1.5566260814666748,0.016467299312353134
1773049173,263059474,world,cf231_leg,-2.84698486328125,-1.6826196908950806,-0.11077187955379486
1773049173,268057738,world,cf231,-2.844268321990967,-1.5565869808197021,0.016534313559532166
1773049173,268057738,world,cf231_leg,-2.8468997478485107,-1.682531476020813,-0.11079776287078857
1773049173,273809459,world,cf231,-2.8442912101745605,-1.5565593242645264,0.016492411494255066
1773049173,273809459,world,cf231_leg,-2.846963405609131,-1.682646632194519,-0.11073087900876999
1773049173,277911805,world,cf231,-2.8442397117614746,-1.5566084384918213,0.016445554792881012
1773049173,277911805,world,cf231_leg,-2.8470425605773926,-1.6826411485671997,-0.11069431155920029
1773049173,283688938,world,cf231,-2.8443217277526855,-1.556605577468872,0.016485560685396194
1773049173,283688938,world,cf231_leg,-2.8468880653381348,-1.6825206279754639,-0.11092974245548248
1773049173,288836298,world,cf231,-2.844252824783325,-1.5565963983535767,0.016492053866386414
1773049173,288836298,world,cf231_leg,-2.846950054168701,-1.6826667785644531,-0.1107456237077713
1773049173,292758073,world,cf231,-2.844376564025879,-1.5566339492797852,0.016463037580251694
1773049173,292758073,world,cf231_leg,-2.8469631671905518,-1.6826543807983398,-0.11070159822702408
1773049173,298309854,world,cf231,-2.8442413806915283,-1.5564018487930298,0.016384895890951157
1773049173,298309854,world,cf231_leg,-2.847029685974121,-1.6826534271240234,-0.11073826253414154
1773049173,303706306,world,cf231,-2.844302177429199,-1.5565282106399536,0.016485732048749924
1773049173,303706306,world,cf231_leg,-2.846920967102051,-1.682599663734436,-0.1108267679810524
1773049173,308820420,world,cf231,-2.844252586364746,-1.5566049814224243,0.016520719975233078
1773049173,308820420,world,cf231_leg,-2.846950054168701,-1.6825553178787231,-0.1108146533370018
1773049173,312696100,world,cf231,-2.8443522453308105,-1.5566859245300293,0.016592875123023987
1773049173,312696100,world,cf231_leg,-2.8469860553741455,-1.6826212406158447,-0.11077428609132767
1773049173,318697518,world,cf231,-2.8442885875701904,-1.556547999382019,0.016468819230794907
1773049173,318697518,world,cf231_leg,-2.8469326496124268,-1.6825778484344482,-0.1108088493347168
1773049173,322868959,world,cf231,-2.8442723751068115,-1.556474208831787,0.016462568193674088
1773049173,322868959,world,cf231_leg,-2.84698486328125,-1.6826037168502808,-0.1108294129371643
1773049173,328289145,world,cf231,-2.844216823577881,-1.5566445589065552,0.016516178846359253
1773049173,328289145,world,cf231_leg,-2.846951484680176,-1.6825486421585083,-0.11084593087434769
1773049173,332920428,world,cf231,-2.8443078994750977,-1.5566165447235107,0.01644061505794525
1773049173,332920428,world,cf231_leg,-2.8469080924987793,-1.6826119422912598,-0.11087070405483246
1773049173,339557474,world,cf231,-2.844302177429199,-1.5565367937088013,0.016514264047145844
1773049173,339557474,world,cf231_leg,-2.846993923187256,-1.6825953722000122,-0.11074960231781006
1773049173,343134535,world,cf231,-2.844196319580078,-1.5565743446350098,0.01640520617365837
1773049173,343134535,world,cf231_leg,-2.846935272216797,-1.6825886964797974,-0.11078506708145142
1773049173,348138347,world,cf231,-2.8442673683166504,-1.5565859079360962,0.016536332666873932
1773049173,348138347,world,cf231_leg,-2.8469629287719727,-1.6826541423797607,-0.11070121079683304
1773049173,353242303,world,cf231,-2.8442866802215576,-1.5566717386245728,0.01656477525830269
1773049173,353242303,world,cf231_leg,-2.8470311164855957,-1.682662844657898,-0.11071188747882843
1773049173,359117147,world,cf231,-2.8442234992980957,-1.556525707244873,0.01641138643026352
1773049173,359117147,world,cf231_leg,-2.8469862937927246,-1.6826132535934448,-0.11080332845449448
1773049173,363848197,world,cf231,-2.844231367111206,-1.5566341876983643,0.016559887677431107
1773049173,363848197,world,cf231_leg,-2.846920967102051,-1.682599663734436,-0.1108267679810524
1773049173,369038317,world,cf231,-2.8443658351898193,-1.5566744804382324,0.016638733446598053
1773049173,369038317,world,cf231_leg,-2.8469536304473877,-1.6826457977294922,-0.11083768308162689
1773049173,373300845,world,cf231,-2.844352960586548,-1.5566867589950562,0.01659134030342102
1773049173,373300845,world,cf231_leg,-2.8469181060791016,-1.6826049089431763,-0.11079321056604385
1773049173,378238347,world,cf231,-2.8442914485931396,-1.5565510988235474,0.0164632648229599
1773049173,378238347,world,cf231_leg,-2.846874713897705,-1.6825406551361084,-0.11094436794519424
1773049173,384818413,world,cf231,-2.8442542552948,-1.5565977096557617,0.016489971429109573
1773049173,384818413,world,cf231_leg,-2.8469767570495605,-1.682642936706543,-0.11065901815891266
1773049173,387955970,world,cf231,-2.844280481338501,-1.5565741062164307,0.01658269390463829
1773049173,387955970,world,cf231_leg,-2.846920967102051,-1.682599663734436,-0.1108267679810524
1773049173,392954354,world,cf231,-2.8443517684936523,-1.556685447692871,0.016593817621469498
1773049173,392954354,world,cf231_leg,-2.8469631671905518,-1.6826543807983398,-0.11070159822702408
1773049173,398622031,world,cf231,-2.8441877365112305,-1.5565828084945679,0.01646321639418602
1773049173,398622031,world,cf231_leg,-2.84698486328125,-1.6826118230819702,-0.1108008399605751
1773049173,403883252,world,cf231,-2.844344139099121,-1.5567033290863037,0.016678404062986374
1773049173,403883252,world,cf231_leg,-2.8469531536102295,-1.6826616525650024,-0.11077959835529327
1773049173,408066745,world,cf231,-2.8442208766937256,-1.5565404891967773,0.01647256687283516
1773049173,408066745,world,cf231_leg,-2.8470282554626465,-1.6826518774032593,-0.11073558032512665
1773049173,413964014,world,cf231,-2.84423565864563,-1.5565128326416016,0.01645975559949875
1773049173,413964014,world,cf231_leg,-2.8469784259796143,-1.6826366186141968,-0.11069066822528839
1773049173,417930282,world,cf231,-2.844299793243408,-1.5566598176956177,0.016611363738775253
1773049173,417930282,world,cf231_leg,-2.8469197750091553,-1.682590365409851,-0.11085320264101028
1773049173,422960834,world,cf231,-2.8443660736083984,-1.5566661357879639,0.0166097953915596
1773049173,422960834,world,cf231_leg,-2.846931219100952,-1.6825685501098633,-0.11083546280860901
1773049173,427917075,world,cf231,-2.844353199005127,-1.5566868782043457,0.01659116894006729
1773049173,427917075,world,cf231_leg,-2.846930980682373,-1.6825765371322632,-0.11080657690763474
1773049173,437908074,world,cf231,-2.844285011291504,-1.5566613674163818,0.016539432108402252
1773049173,437908074,world,cf231_leg,-2.846933603286743,-1.6825870275497437,-0.11078212410211563
1773049173,438875874,world,cf231,-2.844254970550537,-1.5565898418426514,0.01646021381020546
1773049173,438875874,world,cf231_leg,-2.847015619277954,-1.682664394378662,-0.11078000068664551
1773049173,442929795,world,cf231,-2.844322919845581,-1.5566153526306152,0.016511764377355576
1773049173,442929795,world,cf231_leg,-2.84698486328125,-1.6826118230819702,-0.1108008399605751
1773049173,448096483,world,cf231,-2.8443312644958496,-1.556723952293396,0.016659963876008987
1773049173,448096483,world,cf231_leg,-2.8470308780670166,-1.6826626062393188,-0.11071152240037918
1773049173,452814623,world,cf231,-2.844334125518799,-1.5566014051437378,0.016562029719352722
1773049173,452814623,world,cf231_leg,-2.8469293117523193,-1.6825908422470093,-0.11074589192867279
1773049173,458082933,world,cf231,-2.844254970550537,-1.5565986633300781,0.016488254070281982
1773049173,458082933,world,cf231_leg,-2.846919298171997,-1.6826140880584717,-0.11076632887125015
1773049173,462964614,world,cf231,-2.8442654609680176,-1.5565927028656006,0.016568046063184738
1773049173,462964614,world,cf231_leg,-2.846930980682373,-1.6825683116912842,-0.11083503812551498
1773049173,467848745,world,cf231,-2.8443660736083984,-1.556674599647522,0.016638539731502533
1773049173,467848745,world,cf231_leg,-2.8469974994659424,-1.6826072931289673,-0.11072753369808197
1773049173,473052063,world,cf231,-2.8443517684936523,-1.556685447692871,0.016593817621469498
1773049173,473052063,world,cf231_leg,-2.8469133377075195,-1.682503342628479,-0.11081169545650482
1773049173,477899377,world,cf231,-2.844291925430298,-1.5565342903137207,0.016405746340751648
1773049173,477899377,world,cf231_leg,-2.8469643592834473,-1.6826558113098145,-0.11070412397384644
1773049173,482914686,world,cf231,-2.84427809715271,-1.5565540790557861,0.01638900488615036
1773049173,482914686,world,cf231_leg,-2.8469204902648926,-1.6826074123382568,-0.11079738289117813
1773049173,488761336,world,cf231,-2.8442413806915283,-1.5566099882125854,0.016442641615867615
1773049173,488761336,world,cf231_leg,-2.84698486328125,-1.6826118230819702,-0.1108008399605751
1773049173,492886845,world,cf231,-2.84433650970459,-1.5566123723983765,0.016586173325777054
1773049173,492886845,world,cf231_leg,-2.8470170497894287,-1.6826658248901367,-0.11078260838985443
1773049173,497940172,world,cf231,-2.844334602355957,-1.5566020011901855,0.016560953110456467
1773049173,497940172,world,cf231_leg,-2.846951484680176,-1.6825566291809082,-0.11081703752279282
1773049173,503796402,world,cf231,-2.844299793243408,-1.5566596984863281,0.016611546277999878
1773049173,503796402,world,cf231_leg,-2.846973419189453,-1.682625412940979,-0.11084726452827454
1773049173,507974042,world,cf231,-2.8442533016204834,-1.556605577468872,0.01651958003640175
1773049173,507974042,world,cf231_leg,-2.8469960689544678,-1.6826058626174927,-0.1107250526547432
1773049173,512935411,world,cf231,-2.8442227840423584,-1.556533694267273,0.01644086092710495
1773049173,512935411,world,cf231_leg,-2.8469836711883545,-1.6826186180114746,-0.1107698306441307
1773049173,517912999,world,cf231,-2.8443219661712646,-1.5566142797470093,0.016513768583536148
1773049173,517912999,world,cf231_leg,-2.8468735218048096,-1.6825473308563232,-0.11091333627700806
1773049173,523019257,world,cf231,-2.8441994190216064,-1.556560754776001,0.016483880579471588
1773049173,523019257,world,cf231_leg,-2.846970796585083,-1.6826311349868774,-0.11081423610448837
1773049173,527998756,world,cf231,-2.8443212509155273,-1.5566221475601196,0.016543425619602203
1773049173,527998756,world,cf231_leg,-2.8468546867370605,-1.6825768947601318,-0.11087699234485626
1773049173,535637286,world,cf231,-2.8442981243133545,-1.5566494464874268,0.016586128622293472
1773049173,535637286,world,cf231_leg,-2.846919298171997,-1.6826062202453613,-0.1107952892780304
1773049173,538821518,world,cf231,-2.8443212509155273,-1.55662202835083,0.016543593257665634
1773049173,538821518,world,cf231_leg,-2.846832513809204,-1.6824994087219238,-0.1108744740486145
1773049173,543022882,world,cf231,-2.8444344997406006,-1.5566833019256592,0.016632437705993652
1773049173,543022882,world,cf231_leg,-2.8469643592834473,-1.682647705078125,-0.11073271185159683
1773049173,548064016,world,cf231,-2.844357967376709,-1.5567569732666016,0.016490928828716278
1773049173,548064016,world,cf231_leg,-2.8469183444976807,-1.682597041130066,-0.11082209646701813
1773049173,553238816,world,cf231,-2.8441929817199707,-1.5564711093902588,0.016389574855566025
1773049173,553238816,world,cf231_leg,-2.846982002258301,-1.6826171875,-0.1107674241065979
1773049173,557933223,world,cf231,-2.844289541244507,-1.556549072265625,0.01646684855222702
1773049173,557933223,world,cf231_leg,-2.847018241882324,-1.6826752424240112,-0.11075616627931595
1773049173,563086916,world,cf231,-2.8442671298980713,-1.5565857887268066,0.01653653383255005
1773049173,563086916,world,cf231_leg,-2.8469655513763428,-1.6826568841934204,-0.11070592701435089
1773049173,569221222,world,cf231,-2.8443543910980225,-1.556679606437683,0.016560465097427368
1773049173,569221222,world,cf231_leg,-2.8469960689544678,-1.6825978755950928,-0.11075392365455627
1773049173,573820660,world,cf231,-2.8442728519439697,-1.5566829442977905,0.016519449651241302
1773049173,573820660,world,cf231_leg,-2.8469398021698,-1.6826817989349365,-0.11079449951648712
